mean_fit_time,std_fit_time,mean_score_time,std_score_time,param_bootstrap,param_criterion,param_max_depth,param_max_features,param_max_samples,param_min_samples_leaf,param_min_samples_split,param_n_estimators,params,split0_test_MAE,split1_test_MAE,split2_test_MAE,split3_test_MAE,split4_test_MAE,mean_test_MAE,std_test_MAE,rank_test_MAE,split0_test_RMSE,split1_test_RMSE,split2_test_RMSE,split3_test_RMSE,split4_test_RMSE,mean_test_RMSE,std_test_RMSE,rank_test_RMSE,split0_test_overestimation_rate,split1_test_overestimation_rate,split2_test_overestimation_rate,split3_test_overestimation_rate,split4_test_overestimation_rate,mean_test_overestimation_rate,std_test_overestimation_rate,rank_test_overestimation_rate,split0_test_mean_signed_error,split1_test_mean_signed_error,split2_test_mean_signed_error,split3_test_mean_signed_error,split4_test_mean_signed_error,mean_test_mean_signed_error,std_test_mean_signed_error,rank_test_mean_signed_error,split0_test_mean_overestimation,split1_test_mean_overestimation,split2_test_mean_overestimation,split3_test_mean_overestimation,split4_test_mean_overestimation,mean_test_mean_overestimation,std_test_mean_overestimation,rank_test_mean_overestimation,mean_MAE,mean_RMSE,overestimation_rate,mean_overstimation,mean_signed_error,chunk_id
67.23170571327209,2.602863312476293,4.065901470184326,2.161931100915752,True,squared_error,20,0.875,0.85,1,2,1000,"{'bootstrap': True, 'criterion': 'squared_error', 'max_depth': 20, 'max_features': 0.875, 'max_samples': 0.85, 'min_samples_leaf': 1, 'min_samples_split': 2, 'n_estimators': 1000}",-10.00394696590705,-10.22135652535691,-10.509218730104312,-10.199760140485063,-10.068476887678095,-10.200551849906287,0.17424464428815437,73,-14.140006149684488,-14.619194133311149,-15.009660689886829,-14.019473916229988,-14.164683089422248,-14.390603595706938,0.3706917085229185,41,-0.41226215644820297,-0.38631547078413564,-0.42779456193353477,-0.38686351310635736,-0.43399638336347196,-0.4094464171271405,0.019961522390341265,96,0.886512911216405,-1.3379957540241525,1.3677017550749022,-1.2487147124707403,0.5647149270935253,0.04644382537798795,1.1237572787590242,73,-13.208173133024086,-11.497547267912262,-13.8815701998387,-11.568738230365861,-12.250323069934803,-12.481270380215141,0.9319860453024099,25,10.200551849906287,14.390603595706938,0.4094464171271405,12.481270380215141,0.04644382537798795,n1000__squared_error__boostrap_true__samples_0.85
67.7588951587677,3.159427924776918,3.186579465866089,2.4543186980996,True,squared_error,20,0.875,0.85,1,4,1000,"{'bootstrap': True, 'criterion': 'squared_error', 'max_depth': 20, 'max_features': 0.875, 'max_samples': 0.85, 'min_samples_leaf': 1, 'min_samples_split': 4, 'n_estimators': 1000}",-10.03405735275668,-10.248476936082358,-10.508784043269674,-10.190598596276262,-10.081827174598118,-10.21274882059662,0.16641820922389408,88,-14.1702034284108,-14.639560418841901,-15.00041414579901,-13.993837338284788,-14.159181746255605,-14.39263941551842,0.3723931935881603,46,-0.41165810933252794,-0.3832879200726612,-0.42930513595166164,-0.3850557396806267,-0.43520192887281495,-0.4089017667820585,0.021634673907879574,91,0.8770190717264961,-1.3770719650354322,1.3217076938604513,-1.262437742208219,0.5407204381577817,0.019987499300215594,1.1221881323218856,80,-13.252595026215625,-11.572768807017376,-13.778651530577314,-11.593335631710422,-12.204159618810278,-12.480302122866203,0.8909240676312109,24,10.21274882059662,14.39263941551842,0.4089017667820585,12.480302122866203,0.019987499300215594,n1000__squared_error__boostrap_true__samples_0.85
63.670465564727785,6.250014869280661,4.091939878463745,2.9217598544804506,True,squared_error,20,0.875,0.85,1,8,1000,"{'bootstrap': True, 'criterion': 'squared_error', 'max_depth': 20, 'max_features': 0.875, 'max_samples': 0.85, 'min_samples_leaf': 1, 'min_samples_split': 8, 'n_estimators': 1000}",-10.065017628272539,-10.263077485914584,-10.565047082838754,-10.186816292268817,-10.093983459229356,-10.234788389704809,0.17934354706585093,93,-14.210439013104304,-14.664699807674268,-15.068481521133391,-13.974378910311344,-14.18933583475676,-14.421467017396015,0.3939785370698416,77,-0.41226215644820297,-0.3854072055706933,-0.4268882175226586,-0.38294667068394095,-0.4336949969861362,-0.40823984944232644,0.020846964479552747,74,0.8614086027529738,-1.4049089603205611,1.3384540478731013,-1.2561778558537613,0.5224868699195672,0.012252540874263973,1.1276061295452453,86,-13.251793864807865,-11.491960188545583,-13.942175775886854,-11.660420523391647,-12.239558218247442,-12.517181714175877,0.9415367021958251,49,10.234788389704809,14.421467017396015,0.40823984944232644,12.517181714175877,0.012252540874263973,n1000__squared_error__boostrap_true__samples_0.85
56.25028018951416,8.166564378331675,6.339496040344239,3.329634447341827,True,squared_error,20,0.875,0.85,2,2,1000,"{'bootstrap': True, 'criterion': 'squared_error', 'max_depth': 20, 'max_features': 0.875, 'max_samples': 0.85, 'min_samples_leaf': 2, 'min_samples_split': 2, 'n_estimators': 1000}",-9.978496245661175,-10.216805557493181,-10.476468537053325,-10.08459541736982,-10.011746508299794,-10.15362245317546,0.18098861981423586,43,-14.173628513072629,-14.641047026484316,-15.001612814083833,-13.918907680079105,-14.138936437606707,-14.374826494265317,0.3918472085091287,16,-0.41165810933252794,-0.3802603693611868,-0.42749244712990936,-0.3844531485387165,-0.4318866787221218,-0.4071501506168924,0.021374006555733054,35,0.9379803219229568,-1.3374391614835524,1.3760277054996781,-1.1787178593725671,0.5979305393798315,0.07915630918926939,1.1204972964529452,38,-13.259154040818439,-11.675377072460112,-13.86281362644892,-11.582526494903169,-12.282940838869854,-12.532562414700099,0.8941084462725939,60,10.15362245317546,14.374826494265317,0.4071501506168924,12.532562414700099,0.07915630918926939,n1000__squared_error__boostrap_true__samples_0.85
62.50443229675293,1.6540417001323546,3.2324475288391112,1.3004854708957652,True,squared_error,20,0.875,0.85,2,4,1000,"{'bootstrap': True, 'criterion': 'squared_error', 'max_depth': 20, 'max_features': 0.875, 'max_samples': 0.85, 'min_samples_leaf': 2, 'min_samples_split': 4, 'n_estimators': 1000}",-9.978496245661175,-10.216805557493181,-10.476468537053325,-10.08459541736982,-10.011746508299794,-10.15362245317546,0.18098861981423586,43,-14.173628513072627,-14.641047026484316,-15.001612814083831,-13.918907680079103,-14.138936437606707,-14.374826494265315,0.39184720850912874,15,-0.41165810933252794,-0.3802603693611868,-0.42749244712990936,-0.3844531485387165,-0.4318866787221218,-0.4071501506168924,0.021374006555733054,35,0.937980321922956,-1.3374391614835521,1.376027705499678,-1.1787178593725676,0.5979305393798313,0.07915630918926911,1.1204972964529452,39,-13.259154040818439,-11.675377072460112,-13.86281362644892,-11.582526494903165,-12.28294083886985,-12.532562414700097,0.8941084462725948,59,10.15362245317546,14.374826494265315,0.4071501506168924,12.532562414700097,0.07915630918926911,n1000__squared_error__boostrap_true__samples_0.85
61.770919513702395,0.2591992009961647,2.783843994140625,0.1247053339709195,True,squared_error,20,0.875,0.85,2,8,1000,"{'bootstrap': True, 'criterion': 'squared_error', 'max_depth': 20, 'max_features': 0.875, 'max_samples': 0.85, 'min_samples_leaf': 2, 'min_samples_split': 8, 'n_estimators': 1000}",-10.004122616921636,-10.241301247514231,-10.500219602340643,-10.140836542131966,-10.057323241637333,-10.188760650109163,0.17517471796544826,68,-14.179504508128876,-14.658486806607637,-15.033395330149322,-13.981455269009171,-14.17275212411409,-14.40511880760182,0.38556805193355753,62,-0.4119601328903654,-0.3851044504995459,-0.42930513595166164,-0.3847544441096716,-0.432790837854129,-0.4087830002610747,0.020715567674923923,89,0.9240203546487017,-1.3819687833580263,1.373800293344065,-1.2252595328699971,0.5827958414310314,0.05467763463915491,1.1381513323809676,68,-13.263592880817226,-11.502505946976394,-13.829347591385073,-11.586061117361188,-12.292449553489147,-12.494791418005807,0.9190711957827303,34,10.188760650109163,14.40511880760182,0.4087830002610747,12.494791418005807,0.05467763463915491,n1000__squared_error__boostrap_true__samples_0.85
45.44320383071899,13.27080714807268,5.517962884902954,2.321262881586167,True,squared_error,20,0.875,0.85,3,2,1000,"{'bootstrap': True, 'criterion': 'squared_error', 'max_depth': 20, 'max_features': 0.875, 'max_samples': 0.85, 'min_samples_leaf': 3, 'min_samples_split': 2, 'n_estimators': 1000}",-9.998653490988632,-10.223560039686001,-10.49009966812534,-10.128166454183432,-10.001419674739761,-10.168379865544633,0.18157552091494575,61,-14.195561191567673,-14.651967500731113,-15.0475887638006,-13.973495464564056,-14.123043308170738,-14.398331245766835,0.39579066664379253,58,-0.4143763213530655,-0.38419618528610355,-0.42507552870090637,-0.38234407954203076,-0.43248945147679324,-0.40769631327177996,0.02076704653715554,55,0.9540915087787761,-1.331906417732711,1.4093360555935357,-1.2007189237610243,0.6314914665574756,0.09245873788721046,1.1373880380478383,5,-13.21593975737241,-11.571761983180348,-13.996848701318225,-11.674625040769099,-12.292682636524122,-12.550371623832842,0.9301923883563031,80,10.168379865544633,14.398331245766835,0.40769631327177996,12.550371623832842,0.09245873788721046,n1000__squared_error__boostrap_true__samples_0.85
53.67180347442627,0.19619511849149782,3.320877504348755,0.13573068953328934,True,squared_error,20,0.875,0.85,3,4,1000,"{'bootstrap': True, 'criterion': 'squared_error', 'max_depth': 20, 'max_features': 0.875, 'max_samples': 0.85, 'min_samples_leaf': 3, 'min_samples_split': 4, 'n_estimators': 1000}",-9.998653490988632,-10.223560039686001,-10.49009966812534,-10.128166454183434,-10.001419674739761,-10.168379865544633,0.18157552091494567,61,-14.195561191567675,-14.651967500731113,-15.0475887638006,-13.97349546456406,-14.123043308170738,-14.398331245766837,0.3957906666437916,59,-0.4143763213530655,-0.38419618528610355,-0.42507552870090637,-0.38234407954203076,-0.43248945147679324,-0.40769631327177996,0.02076704653715554,55,0.9540915087787764,-1.331906417732711,1.4093360555935361,-1.200718923761025,0.6314914665574756,0.09245873788721042,1.1373880380478385,6,-13.21593975737241,-11.571761983180346,-13.996848701318225,-11.6746250407691,-12.292682636524122,-12.55037162383284,0.9301923883563031,79,10.168379865544633,14.398331245766837,0.40769631327177996,12.55037162383284,0.09245873788721042,n1000__squared_error__boostrap_true__samples_0.85
52.88020062446594,0.1579362610401578,3.3437039852142334,0.09415194974738701,True,squared_error,20,0.875,0.85,3,8,1000,"{'bootstrap': True, 'criterion': 'squared_error', 'max_depth': 20, 'max_features': 0.875, 'max_samples': 0.85, 'min_samples_leaf': 3, 'min_samples_split': 8, 'n_estimators': 1000}",-10.00262242698929,-10.241553699967533,-10.528611473286814,-10.136234683508663,-10.040106660664796,-10.18982578888342,0.18856534112932816,69,-14.189656231637267,-14.667702784643538,-15.07275150110902,-13.989444768732591,-14.194418515799402,-14.422794760384363,0.39413835213072884,78,-0.41679250981576565,-0.3823796548592189,-0.42749244712990936,-0.38294667068394095,-0.4333936106088005,-0.40860097861952704,0.02183742064516796,83,0.9595498572812948,-1.4015491969074694,1.3900183307402934,-1.225397403773037,0.6048945464155662,0.06550322675132958,1.1544063310323078,63,-13.15063493957243,-11.559198287255498,-13.94016418774902,-11.63456684950533,-12.280985398154602,-12.513109932447374,0.9141760396250775,47,10.18982578888342,14.422794760384363,0.40860097861952704,12.513109932447374,0.06550322675132958,n1000__squared_error__boostrap_true__samples_0.85
44.21660823822022,9.553530989622539,4.016729784011841,1.2600649755130158,True,squared_error,20,0.875,0.85,4,2,1000,"{'bootstrap': True, 'criterion': 'squared_error', 'max_depth': 20, 'max_features': 0.875, 'max_samples': 0.85, 'min_samples_leaf': 4, 'min_samples_split': 2, 'n_estimators': 1000}",-10.047701842983507,-10.263129435860453,-10.550020565602834,-10.160208302745243,-10.050763553069828,-10.214364740052371,0.1857512412483438,89,-14.246090597245011,-14.672412295395212,-15.118169968973255,-14.018647441180931,-14.201569994749812,-14.451378059508846,0.39630048785761063,96,-0.41316822712171547,-0.38570996064184077,-0.42749244712990936,-0.3820427839710756,-0.43520192887281495,-0.40872306954747123,0.021515667648501016,86,0.9525940259795724,-1.3903266509216499,1.4146578157289713,-1.2254388423250682,0.6305105797150012,0.07639938563536539,1.1585991478490125,47,-13.312127054874546,-11.5019103605388,-13.994023124455222,-11.693414763065677,-12.271630045907228,-12.554621069768293,0.9566246549326965,82,10.214364740052371,14.451378059508846,0.40872306954747123,12.554621069768293,0.07639938563536539,n1000__squared_error__boostrap_true__samples_0.85
44.65103559494018,7.573179834638774,5.031105661392212,0.7719306803038029,True,squared_error,20,0.875,0.85,4,4,1000,"{'bootstrap': True, 'criterion': 'squared_error', 'max_depth': 20, 'max_features': 0.875, 'max_samples': 0.85, 'min_samples_leaf': 4, 'min_samples_split': 4, 'n_estimators': 1000}",-10.047701842983507,-10.263129435860451,-10.550020565602832,-10.160208302745241,-10.050763553069828,-10.214364740052371,0.1857512412483432,89,-14.246090597245011,-14.672412295395212,-15.118169968973252,-14.018647441180931,-14.201569994749812,-14.451378059508844,0.3963004878576094,94,-0.41316822712171547,-0.38570996064184077,-0.42749244712990936,-0.3820427839710756,-0.43520192887281495,-0.40872306954747123,0.021515667648501016,86,0.952594025979573,-1.3903266509216503,1.4146578157289713,-1.225438842325068,0.6305105797150009,0.07639938563536539,1.1585991478490127,47,-13.312127054874546,-11.5019103605388,-13.994023124455216,-11.693414763065677,-12.271630045907228,-12.554621069768293,0.956624654932695,82,10.214364740052371,14.451378059508844,0.40872306954747123,12.554621069768293,0.07639938563536539,n1000__squared_error__boostrap_true__samples_0.85
49.311974143981935,0.17703359838328347,4.3103045463562015,0.11888138475280133,True,squared_error,20,0.875,0.85,4,8,1000,"{'bootstrap': True, 'criterion': 'squared_error', 'max_depth': 20, 'max_features': 0.875, 'max_samples': 0.85, 'min_samples_leaf': 4, 'min_samples_split': 8, 'n_estimators': 1000}",-10.047701842983507,-10.263129435860451,-10.550020565602832,-10.160208302745243,-10.050763553069828,-10.214364740052371,0.18575124124834308,89,-14.246090597245011,-14.672412295395212,-15.118169968973252,-14.018647441180931,-14.201569994749812,-14.451378059508844,0.3963004878576094,94,-0.41316822712171547,-0.38570996064184077,-0.42749244712990936,-0.3820427839710756,-0.43520192887281495,-0.40872306954747123,0.021515667648501016,86,0.9525940259795727,-1.3903266509216499,1.4146578157289713,-1.2254388423250684,0.6305105797150015,0.07639938563536544,1.1585991478490125,46,-13.312127054874546,-11.5019103605388,-13.994023124455216,-11.693414763065677,-12.271630045907227,-12.554621069768293,0.9566246549326951,82,10.214364740052371,14.451378059508844,0.40872306954747123,12.554621069768293,0.07639938563536544,n1000__squared_error__boostrap_true__samples_0.85
76.70030989646912,1.5321551835477623,6.78071699142456,0.6186587675849046,True,squared_error,20,1.0,0.85,1,2,1000,"{'bootstrap': True, 'criterion': 'squared_error', 'max_depth': 20, 'max_features': 1.0, 'max_samples': 0.85, 'min_samples_leaf': 1, 'min_samples_split': 2, 'n_estimators': 1000}",-9.942225351067211,-10.16805949349884,-10.472122574444244,-10.091086827386096,-10.022181997484301,-10.139135248776139,0.18247048670397217,31,-14.094998826407496,-14.676153791888039,-14.990446000849001,-13.917496057396924,-14.167803964167641,-14.36937972814182,0.3999875400624264,8,-0.4080338266384778,-0.381774144716924,-0.429607250755287,-0.3850557396806267,-0.4349005424954792,-0.40787430085735893,0.021930203745310326,59,0.8700817011675152,-1.2459543381668314,1.3224374951095048,-1.1825064106480032,0.5278460235025145,0.05838089419293997,1.069409790463133,67,-13.249277812712505,-11.685056831110874,-13.727142696984144,-11.56791017337783,-12.129242194606464,-12.471725941758363,0.8641393974596141,17,10.139135248776139,14.36937972814182,0.40787430085735893,12.471725941758363,0.05838089419293997,n1000__squared_error__boostrap_true__samples_0.85
76.71475415229797,4.922078304538391,8.128988027572632,1.1499527719533893,True,squared_error,20,1.0,0.85,1,4,1000,"{'bootstrap': True, 'criterion': 'squared_error', 'max_depth': 20, 'max_features': 1.0, 'max_samples': 0.85, 'min_samples_leaf': 1, 'min_samples_split': 4, 'n_estimators': 1000}",-9.946243605563492,-10.166704324923995,-10.465223691413293,-10.132036772918259,-10.036618359627212,-10.14936535088925,0.1756916266510733,41,-14.098222455025166,-14.662004010928777,-14.966423723986782,-13.97108636207123,-14.180247163959574,-14.375596743194308,0.37678435384828257,17,-0.41165810933252794,-0.38268240993036634,-0.4287009063444109,-0.3838505573968063,-0.432790837854129,-0.4079365641716481,0.021357203718351706,65,0.8637946449351862,-1.2624225996833551,1.3362356651635692,-1.2002589149666358,0.534334656020241,0.05433669029380108,1.0804397595133053,69,-13.129874045268204,-11.634035814268131,-13.764210877473364,-11.634446903666186,-12.212542515988247,-12.475022031332827,0.8454062809902102,19,10.14936535088925,14.375596743194308,0.4079365641716481,12.475022031332827,0.05433669029380108,n1000__squared_error__boostrap_true__samples_0.85
72.98409242630005,1.6179118396415728,7.933781433105469,0.4305978545918427,True,squared_error,20,1.0,0.85,1,8,1000,"{'bootstrap': True, 'criterion': 'squared_error', 'max_depth': 20, 'max_features': 1.0, 'max_samples': 0.85, 'min_samples_leaf': 1, 'min_samples_split': 8, 'n_estimators': 1000}",-9.983941784429913,-10.187069957715297,-10.491517333265529,-10.122183689939778,-10.03576899062936,-10.164096351195976,0.1779958070664216,55,-14.122638780871982,-14.690715020545625,-15.011088046198774,-13.970346838557628,-14.162006757020393,-14.391359088638879,0.3938889095543766,42,-0.41256418000604045,-0.38207689978807147,-0.42900302114803623,-0.3847544441096716,-0.4333936106088005,-0.408358431132124,0.02153376290892734,77,0.8697746519471463,-1.3175003954582112,1.2852737326857222,-1.2542462325871104,0.5013749119157246,0.0169353337006543,1.0924577970570681,83,-13.153973323881567,-11.607047648231044,-13.725767052217831,-11.524152083380386,-12.156551971016896,-12.433498415745545,0.8689848420568296,3,10.164096351195976,14.391359088638879,0.408358431132124,12.433498415745545,0.0169353337006543,n1000__squared_error__boostrap_true__samples_0.85
77.14999895095825,1.9202460423087855,14.117808055877685,3.8307053429161457,True,squared_error,20,1.0,0.85,2,2,1000,"{'bootstrap': True, 'criterion': 'squared_error', 'max_depth': 20, 'max_features': 1.0, 'max_samples': 0.85, 'min_samples_leaf': 2, 'min_samples_split': 2, 'n_estimators': 1000}",-9.901770007273118,-10.140735752013603,-10.43519300393581,-10.023251658241543,-9.980477764009882,-10.096285637094791,0.1862341385438866,1,-14.084865448224091,-14.691022397098006,-14.993611268655902,-13.878040765031432,-14.164328033229856,-14.362373582447855,0.4140729747308274,1,-0.4110540622168529,-0.37935210414774445,-0.427190332326284,-0.3838505573968063,-0.43007836045810727,-0.406305083309159,0.021234801403346888,15,0.9191672841984115,-1.2515481454536972,1.3629436036760392,-1.1446632161579806,0.5893861039959446,0.0950571260517435,1.0845558625975211,3,-13.16242592654748,-11.716275604336541,-13.80899298840001,-11.56516288825563,-12.288300039959124,-12.508231489499758,0.8584745997034126,46,10.096285637094791,14.362373582447855,0.406305083309159,12.508231489499758,0.0950571260517435,n1000__squared_error__boostrap_true__samples_0.85
84.982817029953,1.4889149091724374,10.340223360061646,0.9227791526069827,True,squared_error,20,1.0,0.85,2,4,1000,"{'bootstrap': True, 'criterion': 'squared_error', 'max_depth': 20, 'max_features': 1.0, 'max_samples': 0.85, 'min_samples_leaf': 2, 'min_samples_split': 4, 'n_estimators': 1000}",-9.901770007273116,-10.140735752013605,-10.43519300393581,-10.023251658241547,-9.980477764009882,-10.096285637094791,0.18623413854388676,1,-14.084865448224091,-14.691022397098006,-14.993611268655902,-13.878040765031432,-14.164328033229856,-14.362373582447855,0.4140729747308274,1,-0.4110540622168529,-0.37935210414774445,-0.427190332326284,-0.3838505573968063,-0.43007836045810727,-0.406305083309159,0.021234801403346888,15,0.9191672841984115,-1.2515481454536972,1.3629436036760387,-1.1446632161579813,0.5893861039959449,0.09505712605174335,1.0845558625975211,4,-13.16242592654748,-11.71627560433654,-13.80899298840001,-11.56516288825563,-12.28830003995912,-12.508231489499755,0.858474599703413,45,10.096285637094791,14.362373582447855,0.406305083309159,12.508231489499755,0.09505712605174335,n1000__squared_error__boostrap_true__samples_0.85
76.300750207901,2.7429866284603364,9.432887172698974,1.343306628680445,True,squared_error,20,1.0,0.85,2,8,1000,"{'bootstrap': True, 'criterion': 'squared_error', 'max_depth': 20, 'max_features': 1.0, 'max_samples': 0.85, 'min_samples_leaf': 2, 'min_samples_split': 8, 'n_estimators': 1000}",-9.93083353589428,-10.168997257290725,-10.443666020360782,-10.092317337381877,-10.000068674213784,-10.12717656502829,0.17767200814247708,22,-14.10609086870037,-14.678193661749168,-14.999120854609549,-13.956474128462144,-14.175883487711706,-14.383152600246586,0.39198069461089957,30,-0.41316822712171547,-0.37783832879200724,-0.42749244712990936,-0.38324796625489604,-0.43309222423146476,-0.40696783870599856,0.022598002493449305,30,0.9232583695960044,-1.2813275752482227,1.3479403850111493,-1.201979311350052,0.5634329584871276,0.0702649652992013,1.0998795198152551,56,-13.135196746739156,-11.761207115299031,-13.791596184374942,-11.598676064622495,-12.195441342136961,-12.496423490634516,0.839355394634742,38,10.12717656502829,14.383152600246586,0.40696783870599856,12.496423490634516,0.0702649652992013,n1000__squared_error__boostrap_true__samples_0.85
77.24469447135925,7.332525392826523,11.561705112457275,2.2068619771695754,True,squared_error,20,1.0,0.85,3,2,1000,"{'bootstrap': True, 'criterion': 'squared_error', 'max_depth': 20, 'max_features': 1.0, 'max_samples': 0.85, 'min_samples_leaf': 3, 'min_samples_split': 2, 'n_estimators': 1000}",-9.920636593025442,-10.154136775068084,-10.433500182969944,-10.051625968697147,-9.972178551384342,-10.10641561422899,0.18154721882656177,13,-14.126957504454698,-14.676215232513437,-14.998226530181654,-13.92230006742304,-14.169497725489357,-14.378639412012438,0.39693052062092177,24,-0.41256418000604045,-0.3823796548592189,-0.4259818731117825,-0.3841518529677614,-0.4309825195901145,-0.40721201610698354,0.02046659383176172,38,0.9409563938458924,-1.27995313575349,1.360955364530983,-1.1755640809916492,0.609799585224567,0.09123882537126064,1.1034547834390385,8,-13.16351917259553,-11.603890958296162,-13.843846759655344,-11.5528036883508,-12.276574635408517,-12.488127042861269,0.8939337929902853,32,10.10641561422899,14.378639412012438,0.40721201610698354,12.488127042861269,0.09123882537126064,n1000__squared_error__boostrap_true__samples_0.85
85.61901626586913,7.053592405730014,10.645205640792847,1.465859677925555,True,squared_error,20,1.0,0.85,3,4,1000,"{'bootstrap': True, 'criterion': 'squared_error', 'max_depth': 20, 'max_features': 1.0, 'max_samples': 0.85, 'min_samples_leaf': 3, 'min_samples_split': 4, 'n_estimators': 1000}",-9.920636593025442,-10.154136775068084,-10.433500182969944,-10.051625968697147,-9.972178551384342,-10.10641561422899,0.18154721882656177,13,-14.126957504454698,-14.676215232513437,-14.998226530181654,-13.92230006742304,-14.169497725489357,-14.378639412012438,0.39693052062092177,24,-0.41256418000604045,-0.3823796548592189,-0.4259818731117825,-0.3841518529677614,-0.4309825195901145,-0.40721201610698354,0.02046659383176172,38,0.9409563938458921,-1.279953135753491,1.360955364530983,-1.1755640809916492,0.6097995852245687,0.09123882537126071,1.103454783439039,7,-13.16351917259553,-11.603890958296164,-13.843846759655344,-11.552803688350801,-12.276574635408519,-12.48812704286127,0.8939337929902845,33,10.10641561422899,14.378639412012438,0.40721201610698354,12.48812704286127,0.09123882537126071,n1000__squared_error__boostrap_true__samples_0.85
86.31462874412537,0.5644734832683073,8.139076328277588,0.5004253104012151,True,squared_error,20,1.0,0.85,3,8,1000,"{'bootstrap': True, 'criterion': 'squared_error', 'max_depth': 20, 'max_features': 1.0, 'max_samples': 0.85, 'min_samples_leaf': 3, 'min_samples_split': 8, 'n_estimators': 1000}",-9.938307526948059,-10.168650780767452,-10.449097506644149,-10.051256994502195,-9.983982949579831,-10.118259151688338,0.18269937501702727,17,-14.13502142677158,-14.698028944234569,-15.009235162833193,-13.924841801264982,-14.173059715957457,-14.388037410212357,0.4016874576280437,38,-0.412866203563878,-0.38268240993036634,-0.4253776435045317,-0.38294667068394095,-0.43158529234478604,-0.40709164400550063,0.020719327062305462,33,0.928266771857062,-1.2776383770026476,1.3484260131794814,-1.1920447979966309,0.6074873666100277,0.08289939532945852,1.1016298731819745,20,-13.159922276277895,-11.616698563937954,-13.86711748956542,-11.567161793942551,-12.270425457094255,-12.496265116163617,0.8952710104317275,37,10.118259151688338,14.388037410212357,0.40709164400550063,12.496265116163617,0.08289939532945852,n1000__squared_error__boostrap_true__samples_0.85
80.6950315952301,4.9248703580094615,8.576937675476074,1.1268641714048924,True,squared_error,20,1.0,0.85,4,2,1000,"{'bootstrap': True, 'criterion': 'squared_error', 'max_depth': 20, 'max_features': 1.0, 'max_samples': 0.85, 'min_samples_leaf': 4, 'min_samples_split': 2, 'n_estimators': 1000}",-9.96240168664738,-10.17886418268865,-10.471112372523834,-10.089477634440847,-10.004464277660038,-10.141264030792149,0.180887501736745,35,-14.177684755573253,-14.716936569442812,-15.044771206615541,-13.969835982992556,-14.2063804195534,-14.423121786835512,0.39634815608581486,80,-0.413470250679553,-0.38056312443233425,-0.4253776435045317,-0.3817414884001205,-0.43128390596745025,-0.40648728259679795,0.02147042810945155,20,0.9536834581922911,-1.3183417994713527,1.3668610305116304,-1.1911236973508426,0.5912936248586831,0.08047452334808188,1.1182011790409672,36,-13.200568997284208,-11.641330720670938,-13.914663339505461,-11.654947402210626,-12.283970901662164,-12.53909627226668,0.8924709616781391,64,10.141264030792149,14.423121786835512,0.40648728259679795,12.53909627226668,0.08047452334808188,n1000__squared_error__boostrap_true__samples_0.85
68.6925883769989,1.610675174973041,11.567577123641968,1.8478181105746405,True,squared_error,20,1.0,0.85,4,4,1000,"{'bootstrap': True, 'criterion': 'squared_error', 'max_depth': 20, 'max_features': 1.0, 'max_samples': 0.85, 'min_samples_leaf': 4, 'min_samples_split': 4, 'n_estimators': 1000}",-9.96240168664738,-10.17886418268865,-10.471112372523834,-10.089477634440847,-10.004464277660038,-10.141264030792149,0.180887501736745,35,-14.177684755573253,-14.716936569442812,-15.044771206615541,-13.969835982992558,-14.206380419553398,-14.423121786835512,0.3963481560858146,80,-0.413470250679553,-0.38056312443233425,-0.4253776435045317,-0.3817414884001205,-0.43128390596745025,-0.40648728259679795,0.02147042810945155,20,0.9536834581922916,-1.3183417994713522,1.3668610305116307,-1.1911236973508423,0.5912936248586831,0.08047452334808218,1.1182011790409672,35,-13.200568997284208,-11.641330720670938,-13.914663339505465,-11.654947402210626,-12.283970901662164,-12.53909627226668,0.8924709616781402,64,10.141264030792149,14.423121786835512,0.40648728259679795,12.53909627226668,0.08047452334808218,n1000__squared_error__boostrap_true__samples_0.85
83.46548957824707,0.5490736183172045,9.997591781616212,0.3836501213930395,True,squared_error,20,1.0,0.85,4,8,1000,"{'bootstrap': True, 'criterion': 'squared_error', 'max_depth': 20, 'max_features': 1.0, 'max_samples': 0.85, 'min_samples_leaf': 4, 'min_samples_split': 8, 'n_estimators': 1000}",-9.96240168664738,-10.17886418268865,-10.471112372523834,-10.089477634440847,-10.004464277660038,-10.141264030792149,0.180887501736745,35,-14.177684755573253,-14.716936569442812,-15.044771206615543,-13.969835982992556,-14.2063804195534,-14.423121786835514,0.39634815608581536,82,-0.413470250679553,-0.38056312443233425,-0.4253776435045317,-0.3817414884001205,-0.43128390596745025,-0.40648728259679795,0.02147042810945155,20,0.9536834581922907,-1.3183417994713515,1.3668610305116298,-1.1911236973508417,0.591293624858682,0.08047452334808183,1.1182011790409665,37,-13.200568997284208,-11.641330720670938,-13.914663339505465,-11.654947402210626,-12.283970901662164,-12.53909627226668,0.8924709616781402,64,10.141264030792149,14.423121786835514,0.40648728259679795,12.53909627226668,0.08047452334808183,n1000__squared_error__boostrap_true__samples_0.85
104.82077388763427,3.5389398512402916,11.270292854309082,0.7319545330858904,True,squared_error,22,0.875,0.85,1,2,1000,"{'bootstrap': True, 'criterion': 'squared_error', 'max_depth': 22, 'max_features': 0.875, 'max_samples': 0.85, 'min_samples_leaf': 1, 'min_samples_split': 2, 'n_estimators': 1000}",-10.009952514926336,-10.241155339288644,-10.545028260156961,-10.184621015913958,-10.066096073384577,-10.209370640734095,0.18686039656248055,80,-14.150185523490606,-14.630953941759044,-15.051608274308608,-13.982376757276922,-14.151288843610919,-14.393282668089219,0.3940510470662599,49,-0.41316822712171547,-0.38268240993036634,-0.4287009063444109,-0.38354926182585114,-0.4345991561181435,-0.4085399922680974,0.0219094235761959,80,0.8624800899417816,-1.365329847823586,1.3364924061883319,-1.2774035387629825,0.512336569292691,0.01371513576724719,1.1213846340160243,84,-13.15739194251401,-11.596855853761504,-13.857587528401313,-11.61156905210687,-12.170332700555885,-12.478747415467916,0.8929287908885665,23,10.209370640734095,14.393282668089219,0.4085399922680974,12.478747415467916,0.01371513576724719,n1000__squared_error__boostrap_true__samples_0.85
95.67465353012085,2.952654237263512,10.782540607452393,2.704270846967065,True,squared_error,22,0.875,0.85,1,4,1000,"{'bootstrap': True, 'criterion': 'squared_error', 'max_depth': 22, 'max_features': 0.875, 'max_samples': 0.85, 'min_samples_leaf': 1, 'min_samples_split': 4, 'n_estimators': 1000}",-10.016423756389083,-10.219429489653804,-10.5182423052318,-10.198648544566858,-10.074607515435678,-10.205470322255445,0.1737419849172108,77,-14.168753791581537,-14.594311931179162,-15.020811847453013,-13.993857346121716,-14.158684811172872,-14.38728394550166,0.37390257311028424,35,-0.4098459679855029,-0.3851044504995459,-0.4268882175226586,-0.38324796625489604,-0.4355033152501507,-0.4081179835025508,0.021229246193155697,73,0.885580934266391,-1.3640957512232839,1.3166362470145163,-1.2546640409210204,0.5375856573352452,0.024208609294369653,1.1170310405111412,77,-13.300124366529213,-11.497314205202832,-13.861800427436416,-11.668665317453037,-12.18382593330586,-12.502346049985473,0.926405319962111,40,10.205470322255445,14.38728394550166,0.4081179835025508,12.502346049985473,0.024208609294369653,n1000__squared_error__boostrap_true__samples_0.85
81.10969886779785,0.6513143306765107,13.515467357635497,0.4544711593903291,True,squared_error,22,0.875,0.85,1,8,1000,"{'bootstrap': True, 'criterion': 'squared_error', 'max_depth': 22, 'max_features': 0.875, 'max_samples': 0.85, 'min_samples_leaf': 1, 'min_samples_split': 8, 'n_estimators': 1000}",-10.069099428985735,-10.286954208338331,-10.5644369807359,-10.219425275939123,-10.083331850633165,-10.24464954892645,0.17973936357560677,96,-14.200285983815576,-14.68081629393312,-15.06260758704402,-14.007637513964136,-14.164699025492444,-14.423209280849857,0.3910022529530372,83,-0.41256418000604045,-0.38449894035725096,-0.4268882175226586,-0.38294667068394095,-0.43640747438215793,-0.4086610965904097,0.021736443921329267,84,0.8547219339996028,-1.404663313733921,1.3159303106424487,-1.3068256774992784,0.5095155925145639,-0.006264230815316796,1.1315921950354633,94,-13.238935773369125,-11.55047512790487,-13.915079877729061,-11.636867847058163,-12.136418444877132,-12.49555541418767,0.9302864622467593,36,10.24464954892645,14.423209280849857,0.4086610965904097,12.49555541418767,-0.006264230815316796,n1000__squared_error__boostrap_true__samples_0.85
81.60545206069946,0.9154664889027376,13.412083864212036,2.727969613200871,True,squared_error,22,0.875,0.85,2,2,1000,"{'bootstrap': True, 'criterion': 'squared_error', 'max_depth': 22, 'max_features': 0.875, 'max_samples': 0.85, 'min_samples_leaf': 2, 'min_samples_split': 2, 'n_estimators': 1000}",-9.984601327372292,-10.196483578808577,-10.478835816654753,-10.13303026412948,-10.014161561724677,-10.161422509737957,0.17648689635544298,52,-14.171481718059253,-14.623474753549681,-15.012699600044872,-13.97653515977906,-14.14762784319187,-14.386363814924948,0.37938023650915614,33,-0.41256418000604045,-0.3814713896457766,-0.42900302114803623,-0.3817414884001205,-0.43248945147679324,-0.4074539061353534,0.02215164723594523,47,0.9220046828325447,-1.344784121559937,1.3943917524920977,-1.2195326529167883,0.6124325339415768,0.07290243895789879,1.1347797143334177,52,-13.218071925251907,-11.602048931465179,-13.838163117561999,-11.674782388166904,-12.285379515477567,-12.52368917558471,0.8759981865937627,52,10.161422509737957,14.386363814924948,0.4074539061353534,12.52368917558471,0.07290243895789879,n1000__squared_error__boostrap_true__samples_0.85
83.75308814048768,0.9813696489932089,12.421984958648682,1.965344648234374,True,squared_error,22,0.875,0.85,2,4,1000,"{'bootstrap': True, 'criterion': 'squared_error', 'max_depth': 22, 'max_features': 0.875, 'max_samples': 0.85, 'min_samples_leaf': 2, 'min_samples_split': 4, 'n_estimators': 1000}",-9.984601327372292,-10.196483578808577,-10.478835816654753,-10.13303026412948,-10.014161561724674,-10.161422509737955,0.1764868963554436,51,-14.171481718059253,-14.623474753549681,-15.012699600044872,-13.976535159779061,-14.147627843191872,-14.386363814924948,0.37938023650915553,33,-0.41256418000604045,-0.3814713896457766,-0.42900302114803623,-0.3817414884001205,-0.43248945147679324,-0.4074539061353534,0.02215164723594523,47,0.9220046828325442,-1.344784121559937,1.3943917524920977,-1.2195326529167883,0.6124325339415759,0.07290243895789852,1.1347797143334177,53,-13.218071925251907,-11.602048931465179,-13.838163117561999,-11.6747823881669,-12.285379515477567,-12.52368917558471,0.8759981865937633,52,10.161422509737955,14.386363814924948,0.4074539061353534,12.52368917558471,0.07290243895789852,n1000__squared_error__boostrap_true__samples_0.85
72.91787447929383,1.888444814956452,10.597188472747803,2.416809695325191,True,squared_error,22,0.875,0.85,2,8,1000,"{'bootstrap': True, 'criterion': 'squared_error', 'max_depth': 22, 'max_features': 0.875, 'max_samples': 0.85, 'min_samples_leaf': 2, 'min_samples_split': 8, 'n_estimators': 1000}",-10.01170365222087,-10.246554549505609,-10.520954632241951,-10.151632355427273,-10.044395588561374,-10.195048155591415,0.1827918349979758,72,-14.187908151707171,-14.667049083422427,-15.048169536220898,-13.983332863255407,-14.159460323921726,-14.409183991705524,0.3917833643345218,64,-0.413470250679553,-0.38419618528610355,-0.42779456193353477,-0.38234407954203076,-0.43640747438215793,-0.40884251036467595,0.02213608662937909,90,0.9119964910936429,-1.3767054172283126,1.3806016638141472,-1.2380007880739485,0.577352046798009,0.05104879928070758,1.1389528346154505,72,-13.209777638610058,-11.543385218247405,-13.910364173709633,-11.656557593398615,-12.169529922003601,-12.497922909193864,0.9196311471014331,39,10.195048155591415,14.409183991705524,0.40884251036467595,12.497922909193864,0.05104879928070758,n1000__squared_error__boostrap_true__samples_0.85
68.3693081855774,1.7496465607584897,11.844091701507569,2.1199733964202867,True,squared_error,22,0.875,0.85,3,2,1000,"{'bootstrap': True, 'criterion': 'squared_error', 'max_depth': 22, 'max_features': 0.875, 'max_samples': 0.85, 'min_samples_leaf': 3, 'min_samples_split': 2, 'n_estimators': 1000}",-9.981895516217941,-10.214700669601303,-10.47950062349859,-10.114956751499324,-10.015173381009777,-10.161245388365387,0.17876795443077687,49,-14.180461040053316,-14.647977337965582,-15.033322904975698,-13.955899712556349,-14.1443186050127,-14.392395920112728,0.39321672089099935,44,-0.4143763213530655,-0.381774144716924,-0.4287009063444109,-0.3808376016872552,-0.43248945147679324,-0.40763568511568976,0.022333141166733517,53,0.9700931614239919,-1.3755713303081907,1.3928049462662704,-1.1952553266191925,0.6434587024513748,0.08710603064285079,1.14698909669198,10,-13.215027154399579,-11.57638549075541,-13.846839829429765,-11.710636483060588,-12.32241855502582,-12.534261502534232,0.8748789399738505,62,10.161245388365387,14.392395920112728,0.40763568511568976,12.534261502534232,0.08710603064285079,n1000__squared_error__boostrap_true__samples_0.85
69.95709810256957,2.70096746372451,9.492200040817261,2.433086028964598,True,squared_error,22,0.875,0.85,3,4,1000,"{'bootstrap': True, 'criterion': 'squared_error', 'max_depth': 22, 'max_features': 0.875, 'max_samples': 0.85, 'min_samples_leaf': 3, 'min_samples_split': 4, 'n_estimators': 1000}",-9.981895516217941,-10.214700669601301,-10.47950062349859,-10.114956751499324,-10.015173381009777,-10.161245388365387,0.17876795443077673,49,-14.180461040053316,-14.647977337965582,-15.0333229049757,-13.955899712556349,-14.1443186050127,-14.39239592011273,0.3932167208909999,45,-0.4143763213530655,-0.381774144716924,-0.4287009063444109,-0.3808376016872552,-0.43248945147679324,-0.40763568511568976,0.022333141166733517,53,0.9700931614239917,-1.3755713303081905,1.3928049462662704,-1.195255326619193,0.6434587024513754,0.0871060306428508,1.1469890966919802,9,-13.215027154399575,-11.57638549075541,-13.846839829429765,-11.710636483060588,-12.32241855502582,-12.534261502534232,0.87487893997385,62,10.161245388365387,14.39239592011273,0.40763568511568976,12.534261502534232,0.0871060306428508,n1000__squared_error__boostrap_true__samples_0.85
70.81139779090881,0.9032662302852578,9.13752303123474,2.7145308919527045,True,squared_error,22,0.875,0.85,3,8,1000,"{'bootstrap': True, 'criterion': 'squared_error', 'max_depth': 22, 'max_features': 0.875, 'max_samples': 0.85, 'min_samples_leaf': 3, 'min_samples_split': 8, 'n_estimators': 1000}",-10.013280745650565,-10.236462400864006,-10.500690600254448,-10.135631167899579,-10.049658216485348,-10.187144626230788,0.17465859208499568,65,-14.210851810574795,-14.6535978623079,-15.05095013794643,-13.984872515744199,-14.181976004257631,-14.41644966616619,0.3853147619133139,72,-0.4137722742373905,-0.3832879200726612,-0.4253776435045317,-0.3808376016872552,-0.432790837854129,-0.40721325547119347,0.021425569895894465,40,0.9426195501078276,-1.3843858842973324,1.3879912434301587,-1.2159384454295077,0.5896890083064841,0.06399509442352605,1.1434455084319166,65,-13.239045941334322,-11.54755479234586,-13.974267365978712,-11.710625057704968,-12.291557831427335,-12.552610197758238,0.9251515352630222,81,10.187144626230788,14.41644966616619,0.40721325547119347,12.552610197758238,0.06399509442352605,n1000__squared_error__boostrap_true__samples_0.85
69.03315844535828,1.757624020460417,7.141128349304199,1.6729806750619294,True,squared_error,22,0.875,0.85,4,2,1000,"{'bootstrap': True, 'criterion': 'squared_error', 'max_depth': 22, 'max_features': 0.875, 'max_samples': 0.85, 'min_samples_leaf': 4, 'min_samples_split': 2, 'n_estimators': 1000}",-10.03157504043642,-10.24856789838434,-10.550795587238213,-10.145303743582208,-10.046396891740782,-10.204527832276392,0.18987703430940014,74,-14.242865340421401,-14.667342156887912,-15.109146339390943,-13.993472714777411,-14.189977066804694,-14.440560723656471,0.4000499632152619,85,-0.41256418000604045,-0.3838934302149561,-0.4253776435045317,-0.38264537511298585,-0.43520192887281495,-0.40793651154226584,0.021385615368003222,62,0.9483612735940573,-1.3791670641857245,1.4233493577701923,-1.2173662044757136,0.6181019532525289,0.07865586319106807,1.1541673246800022,40,-13.306943314697993,-11.551904950850957,-14.074722928969395,-11.666072713501753,-12.252357052523477,-12.570400192108716,0.9758867610266191,94,10.204527832276392,14.440560723656471,0.40793651154226584,12.570400192108716,0.07865586319106807,n1000__squared_error__boostrap_true__samples_0.85
67.54272871017456,1.8772873170901443,9.849775743484496,0.9392478317275882,True,squared_error,22,0.875,0.85,4,4,1000,"{'bootstrap': True, 'criterion': 'squared_error', 'max_depth': 22, 'max_features': 0.875, 'max_samples': 0.85, 'min_samples_leaf': 4, 'min_samples_split': 4, 'n_estimators': 1000}",-10.03157504043642,-10.24856789838434,-10.550795587238213,-10.145303743582208,-10.046396891740782,-10.204527832276392,0.18987703430940014,74,-14.242865340421401,-14.667342156887912,-15.109146339390943,-13.993472714777411,-14.189977066804694,-14.440560723656471,0.4000499632152619,85,-0.41256418000604045,-0.3838934302149561,-0.4253776435045317,-0.38264537511298585,-0.43520192887281495,-0.40793651154226584,0.021385615368003222,62,0.9483612735940578,-1.3791670641857252,1.4233493577701914,-1.217366204475714,0.6181019532525278,0.07865586319106754,1.1541673246800024,42,-13.306943314697993,-11.551904950850957,-14.074722928969397,-11.666072713501753,-12.252357052523477,-12.570400192108718,0.9758867610266196,96,10.204527832276392,14.440560723656471,0.40793651154226584,12.570400192108718,0.07865586319106754,n1000__squared_error__boostrap_true__samples_0.85
69.4117651939392,2.39295416005763,9.214984321594239,0.41991281918812773,True,squared_error,22,0.875,0.85,4,8,1000,"{'bootstrap': True, 'criterion': 'squared_error', 'max_depth': 22, 'max_features': 0.875, 'max_samples': 0.85, 'min_samples_leaf': 4, 'min_samples_split': 8, 'n_estimators': 1000}",-10.03157504043642,-10.24856789838434,-10.550795587238213,-10.145303743582208,-10.046396891740782,-10.204527832276392,0.18987703430940014,74,-14.242865340421401,-14.667342156887912,-15.109146339390941,-13.993472714777411,-14.189977066804694,-14.440560723656471,0.40004996321526126,85,-0.41256418000604045,-0.3838934302149561,-0.4253776435045317,-0.38264537511298585,-0.43520192887281495,-0.40793651154226584,0.021385615368003222,62,0.948361273594058,-1.3791670641857243,1.4233493577701921,-1.217366204475714,0.6181019532525284,0.07865586319106802,1.1541673246800024,41,-13.306943314697993,-11.551904950850957,-14.074722928969395,-11.666072713501753,-12.252357052523477,-12.570400192108716,0.9758867610266191,94,10.204527832276392,14.440560723656471,0.40793651154226584,12.570400192108716,0.07865586319106802,n1000__squared_error__boostrap_true__samples_0.85
122.45284023284913,4.335423539330231,12.637349128723145,1.819072516420934,True,squared_error,22,1.0,0.85,1,2,1000,"{'bootstrap': True, 'criterion': 'squared_error', 'max_depth': 22, 'max_features': 1.0, 'max_samples': 0.85, 'min_samples_leaf': 1, 'min_samples_split': 2, 'n_estimators': 1000}",-9.943808465903672,-10.179654311871191,-10.46622790740143,-10.10905593550325,-10.022424648195296,-10.144234253774968,0.17954391330423292,38,-14.091450992098483,-14.680565590502507,-14.98592336894071,-13.942699115108434,-14.140660991126628,-14.368260011555353,0.39713207416061547,7,-0.4098459679855029,-0.381774144716924,-0.4287009063444109,-0.3844531485387165,-0.43248945147679324,-0.4074527238124695,0.02131863268532571,46,0.8780230060020404,-1.274012021851826,1.2951155865769093,-1.2116552815933597,0.5037131016557733,0.03823687815790746,1.0757212026749996,76,-13.202315402903396,-11.663495830267232,-13.71742317303323,-11.571501869250362,-12.169242179096113,-12.464795690910066,0.8532781646539572,13,10.144234253774968,14.368260011555353,0.4074527238124695,12.464795690910066,0.03823687815790746,n1000__squared_error__boostrap_true__samples_0.85
113.06753048896789,2.76291027613142,9.163294124603272,1.9021445607875598,True,squared_error,22,1.0,0.85,1,4,1000,"{'bootstrap': True, 'criterion': 'squared_error', 'max_depth': 22, 'max_features': 1.0, 'max_samples': 0.85, 'min_samples_leaf': 1, 'min_samples_split': 4, 'n_estimators': 1000}",-9.97678682489418,-10.174342323437543,-10.487569182028635,-10.121995477363928,-10.030830010032393,-10.158304763551333,0.1784316113836305,48,-14.121325517310012,-14.669387233922718,-15.014590120519122,-13.958358908357404,-14.166356865484339,-14.386003729118721,0.3941082225692406,32,-0.4104500151011779,-0.3832879200726612,-0.4287009063444109,-0.3844531485387165,-0.4345991561181435,-0.408298229235022,0.021479020500782906,75,0.8559686480029319,-1.2911567706343585,1.2962511611269594,-1.2388101262127347,0.4911051350760238,0.022671609471764387,1.0819704227535014,79,-13.196193293142876,-11.588136603834487,-13.743638243779074,-11.553014177300476,-12.105333152382016,-12.437263094087786,0.8826868650046796,5,10.158304763551333,14.386003729118721,0.408298229235022,12.437263094087786,0.022671609471764387,n1000__squared_error__boostrap_true__samples_0.85
99.93120365142822,1.612622409416878,6.291543102264404,1.2790384711943488,True,squared_error,22,1.0,0.85,1,8,1000,"{'bootstrap': True, 'criterion': 'squared_error', 'max_depth': 22, 'max_features': 1.0, 'max_samples': 0.85, 'min_samples_leaf': 1, 'min_samples_split': 8, 'n_estimators': 1000}",-9.986398943059758,-10.1923541429228,-10.485781326728283,-10.123790053745681,-10.046205799310089,-10.166906053153323,0.17397666673867063,58,-14.118569535689506,-14.683247508506312,-15.008459075435749,-13.969757868457076,-14.169395868908632,-14.389885971399456,0.3917728405480706,40,-0.40924192086982786,-0.38207689978807147,-0.4280966767371601,-0.3841518529677614,-0.4342977697408077,-0.4075730240207257,0.021618608538478797,50,0.8365894182066083,-1.3208284283187859,1.261182146491284,-1.2567848425350485,0.47599418055134035,-0.0007695051209203552,1.0808446361982504,91,-13.22321566942913,-11.609607541734178,-13.719989095397588,-11.541015802356114,-12.114038699923741,-12.44157336176815,0.8781527752441909,6,10.166906053153323,14.389885971399456,0.4075730240207257,12.44157336176815,-0.0007695051209203552,n1000__squared_error__boostrap_true__samples_0.85
81.58691325187684,6.511603912483361,11.84023208618164,1.8214478495240207,True,squared_error,22,1.0,0.85,2,2,1000,"{'bootstrap': True, 'criterion': 'squared_error', 'max_depth': 22, 'max_features': 1.0, 'max_samples': 0.85, 'min_samples_leaf': 2, 'min_samples_split': 2, 'n_estimators': 1000}",-9.899879079787073,-10.13473992636408,-10.418228559221932,-10.05800766999816,-10.00760709404436,-10.103692465883121,0.17478918411820454,5,-14.094161979715023,-14.6847536169037,-14.960284073512957,-13.918336664316035,-14.181703926129808,-14.367848052115505,0.3906465835174687,5,-0.41014799154334036,-0.3823796548592189,-0.4280966767371601,-0.3856583308225369,-0.4306811332127788,-0.407392757435007,0.020379561508865916,44,0.9241775440849583,-1.2111205136352268,1.3351549688253705,-1.1470263247557775,0.5792127465750638,0.09607968421887766,1.0685088758824435,2,-13.195306141988329,-11.668533222582504,-13.72748746571509,-11.552948080023231,-12.29078664491786,-12.487012311045401,0.8510402197637766,28,10.103692465883121,14.367848052115505,0.407392757435007,12.487012311045401,0.09607968421887766,n1000__squared_error__boostrap_true__samples_0.85
100.47031693458557,5.113918253750539,10.09004521369934,1.7434362191008628,True,squared_error,22,1.0,0.85,2,4,1000,"{'bootstrap': True, 'criterion': 'squared_error', 'max_depth': 22, 'max_features': 1.0, 'max_samples': 0.85, 'min_samples_leaf': 2, 'min_samples_split': 4, 'n_estimators': 1000}",-9.899879079787075,-10.134739926364084,-10.418228559221932,-10.05800766999816,-10.00760709404436,-10.103692465883123,0.17478918411820427,6,-14.09416197971502,-14.6847536169037,-14.960284073512957,-13.918336664316035,-14.181703926129806,-14.367848052115505,0.3906465835174694,5,-0.41014799154334036,-0.3823796548592189,-0.4280966767371601,-0.3856583308225369,-0.4306811332127788,-0.407392757435007,0.020379561508865916,44,0.9241775440849592,-1.2111205136352272,1.3351549688253705,-1.1470263247557775,0.5792127465750644,0.09607968421887787,1.0685088758824437,1,-13.195306141988329,-11.668533222582504,-13.727487465715091,-11.552948080023231,-12.29078664491786,-12.487012311045401,0.8510402197637772,28,10.103692465883123,14.367848052115505,0.407392757435007,12.487012311045401,0.09607968421887787,n1000__squared_error__boostrap_true__samples_0.85
98.72046236991882,0.48324982573762193,6.403238344192505,1.4038123902644597,True,squared_error,22,1.0,0.85,2,8,1000,"{'bootstrap': True, 'criterion': 'squared_error', 'max_depth': 22, 'max_features': 1.0, 'max_samples': 0.85, 'min_samples_leaf': 2, 'min_samples_split': 8, 'n_estimators': 1000}",-9.924721920593964,-10.154602169383526,-10.446458405324485,-10.08920473138043,-9.999712265504169,-10.122939898437314,0.17959966673406974,18,-14.09595501705105,-14.66483813462273,-14.993598581022637,-13.950282868990936,-14.177403371473575,-14.376415594632187,0.39088502162926386,18,-0.4119601328903654,-0.37935210414774445,-0.4259818731117825,-0.3847544441096716,-0.43309222423146476,-0.40702815569820566,0.021563791543590474,32,0.9124223747247386,-1.2900040031266011,1.3215493224801413,-1.2069494552193494,0.5574195988260027,0.05888756753698643,1.0948262326311164,66,-13.153146906818264,-11.683865819292347,-13.812803396820323,-11.542758520586775,-12.188087517692244,-12.476132432241991,0.8748578152001373,21,10.122939898437314,14.376415594632187,0.40702815569820566,12.476132432241991,0.05888756753698643,n1000__squared_error__boostrap_true__samples_0.85
76.55256495475768,14.304047101621409,10.24888916015625,3.2116669805841545,True,squared_error,22,1.0,0.85,3,2,1000,"{'bootstrap': True, 'criterion': 'squared_error', 'max_depth': 22, 'max_features': 1.0, 'max_samples': 0.85, 'min_samples_leaf': 3, 'min_samples_split': 2, 'n_estimators': 1000}",-9.927737453771815,-10.150313764943117,-10.432818303409329,-10.030723533593438,-9.97820510402751,-10.103959631949042,0.18029349123964672,7,-14.150831661789518,-14.676586723562176,-14.994522927998952,-13.917094619530513,-14.17539758535824,-14.382886703647879,0.3935027610889133,26,-0.4104500151011779,-0.38086587950348166,-0.42658610271903324,-0.38324796625489604,-0.4306811332127788,-0.40636621935827355,0.020983122102328874,17,0.923026710153388,-1.2631083451930372,1.3571417010267308,-1.1620576431353309,0.5757797291216814,0.08615643039468643,1.0894071971456323,12,-13.218131032655021,-11.667106320125006,-13.818968702083344,-11.570401765106313,-12.252666786700145,-12.505454921333966,0.8802590885640648,41,10.103959631949042,14.382886703647879,0.40636621935827355,12.505454921333966,0.08615643039468643,n1000__squared_error__boostrap_true__samples_0.85
80.73653721809387,7.599117360545941,12.525482559204102,2.2859531616794606,True,squared_error,22,1.0,0.85,3,4,1000,"{'bootstrap': True, 'criterion': 'squared_error', 'max_depth': 22, 'max_features': 1.0, 'max_samples': 0.85, 'min_samples_leaf': 3, 'min_samples_split': 4, 'n_estimators': 1000}",-9.927737453771813,-10.15031376494312,-10.432818303409329,-10.030723533593438,-9.97820510402751,-10.103959631949042,0.18029349123964716,7,-14.15083166178952,-14.676586723562174,-14.994522927998952,-13.917094619530513,-14.17539758535824,-14.382886703647879,0.3935027610889128,26,-0.4104500151011779,-0.38086587950348166,-0.42658610271903324,-0.38324796625489604,-0.4306811332127788,-0.40636621935827355,0.020983122102328874,17,0.923026710153388,-1.2631083451930378,1.357141701026731,-1.1620576431353304,0.5757797291216816,0.08615643039468648,1.0894071971456325,11,-13.218131032655021,-11.667106320125006,-13.818968702083346,-11.570401765106313,-12.252666786700145,-12.505454921333968,0.8802590885640652,42,10.103959631949042,14.382886703647879,0.40636621935827355,12.505454921333968,0.08615643039468648,n1000__squared_error__boostrap_true__samples_0.85
88.98442921638488,1.064958033097588,8.578129148483276,1.4286279666790895,True,squared_error,22,1.0,0.85,3,8,1000,"{'bootstrap': True, 'criterion': 'squared_error', 'max_depth': 22, 'max_features': 1.0, 'max_samples': 0.85, 'min_samples_leaf': 3, 'min_samples_split': 8, 'n_estimators': 1000}",-9.93736816040908,-10.190733585006795,-10.449308977911755,-10.058775929704073,-9.980840948506964,-10.123405520307733,0.18431368498663997,19,-14.147648076082694,-14.715868093113903,-15.017972252364931,-13.932027732008763,-14.151482730611455,-14.392999776836348,0.4064130193821702,47,-0.4110540622168529,-0.3802603693611868,-0.42477341389728096,-0.3817414884001205,-0.4306811332127788,-0.40570209341764396,0.021155156249587657,5,0.9136893301316268,-1.2889360142462307,1.3498031712971825,-1.1869950400260543,0.5731673915917009,0.07214576774964505,1.0981444228215915,54,-13.199063685224203,-11.704871566967416,-13.888713091707533,-11.620142372865566,-12.252694077133441,-12.533096958779632,0.880826422424442,61,10.123405520307733,14.392999776836348,0.40570209341764396,12.533096958779632,0.07214576774964505,n1000__squared_error__boostrap_true__samples_0.85
83.67851157188416,3.575331435438317,5.726877021789551,0.39014155478804813,True,squared_error,22,1.0,0.85,4,2,1000,"{'bootstrap': True, 'criterion': 'squared_error', 'max_depth': 22, 'max_features': 1.0, 'max_samples': 0.85, 'min_samples_leaf': 4, 'min_samples_split': 2, 'n_estimators': 1000}",-9.953420689742202,-10.169571185496478,-10.465957284582414,-10.068619432970914,-10.008379916536152,-10.133189701865632,0.18117481961757975,25,-14.174831947835658,-14.698354787741806,-15.046193263718548,-13.954565669164477,-14.189714614989633,-14.412732056690027,0.3997757183865046,69,-0.41014799154334036,-0.38086587950348166,-0.4244712990936556,-0.3841518529677614,-0.4306811332127788,-0.40606363126420353,0.020379393307479676,9,0.9435574874324874,-1.3177499778910378,1.3568316075186506,-1.1928590246281576,0.614518452147169,0.08085970891582232,1.1167463333738614,32,-13.284202777844401,-11.620653993927174,-13.926487983222254,-11.552411292270433,-12.332672073929762,-12.543285624238806,0.9316271924953072,69,10.133189701865632,14.412732056690027,0.40606363126420353,12.543285624238806,0.08085970891582232,n1000__squared_error__boostrap_true__samples_0.85
62.00718994140625,11.799784200563744,11.097108268737793,2.3762594909132067,True,squared_error,22,1.0,0.85,4,4,1000,"{'bootstrap': True, 'criterion': 'squared_error', 'max_depth': 22, 'max_features': 1.0, 'max_samples': 0.85, 'min_samples_leaf': 4, 'min_samples_split': 4, 'n_estimators': 1000}",-9.953420689742202,-10.169571185496478,-10.465957284582414,-10.068619432970914,-10.008379916536152,-10.133189701865632,0.18117481961757975,25,-14.174831947835658,-14.698354787741806,-15.046193263718548,-13.954565669164477,-14.189714614989633,-14.412732056690027,0.3997757183865046,69,-0.41014799154334036,-0.38086587950348166,-0.4244712990936556,-0.3841518529677614,-0.4306811332127788,-0.40606363126420353,0.020379393307479676,9,0.9435574874324877,-1.3177499778910378,1.3568316075186508,-1.192859024628158,0.6145184521471685,0.08085970891582224,1.1167463333738616,33,-13.284202777844401,-11.620653993927174,-13.926487983222248,-11.552411292270433,-12.332672073929759,-12.543285624238802,0.9316271924953058,67,10.133189701865632,14.412732056690027,0.40606363126420353,12.543285624238802,0.08085970891582224,n1000__squared_error__boostrap_true__samples_0.85
85.43460540771484,1.6117156706987454,11.526254034042358,1.4481332810621956,True,squared_error,22,1.0,0.85,4,8,1000,"{'bootstrap': True, 'criterion': 'squared_error', 'max_depth': 22, 'max_features': 1.0, 'max_samples': 0.85, 'min_samples_leaf': 4, 'min_samples_split': 8, 'n_estimators': 1000}",-9.953420689742202,-10.169571185496478,-10.465957284582414,-10.068619432970914,-10.008379916536152,-10.133189701865632,0.18117481961757975,25,-14.174831947835658,-14.698354787741804,-15.046193263718548,-13.954565669164475,-14.189714614989633,-14.412732056690023,0.3997757183865047,68,-0.41014799154334036,-0.38086587950348166,-0.4244712990936556,-0.3841518529677614,-0.4306811332127788,-0.40606363126420353,0.020379393307479676,9,0.9435574874324875,-1.3177499778910382,1.3568316075186513,-1.1928590246281583,0.6145184521471679,0.08085970891582203,1.1167463333738619,34,-13.284202777844401,-11.620653993927174,-13.926487983222248,-11.552411292270433,-12.332672073929762,-12.543285624238804,0.9316271924953056,68,10.133189701865632,14.412732056690023,0.40606363126420353,12.543285624238804,0.08085970891582203,n1000__squared_error__boostrap_true__samples_0.85
105.13320717811584,0.41453926729902935,7.835413122177124,0.5478206044778223,True,squared_error,24,0.875,0.85,1,2,1000,"{'bootstrap': True, 'criterion': 'squared_error', 'max_depth': 24, 'max_features': 0.875, 'max_samples': 0.85, 'min_samples_leaf': 1, 'min_samples_split': 2, 'n_estimators': 1000}",-10.014302818091641,-10.225134103454423,-10.520684948098465,-10.201448743153332,-10.084487898765657,-10.209211702312704,0.17370945256541848,79,-14.155397804994326,-14.604341758872952,-15.012636790980256,-13.999276781199622,-14.1713393287196,-14.388598492953353,0.3712477487460188,39,-0.41226215644820297,-0.38207689978807147,-0.42930513595166164,-0.3865622175354022,-0.432790837854129,-0.40859944951549343,0.021054450265948228,82,0.8655487633567489,-1.398840969240128,1.3301049618301106,-1.2501964099685792,0.5193862041832434,0.013200510032279155,1.123119918239079,85,-13.195307174423307,-11.550414509631466,-13.802292259628286,-11.578022795728836,-12.250576000551689,-12.475322547992716,0.893346429255675,20,10.209211702312704,14.388598492953353,0.40859944951549343,12.475322547992716,0.013200510032279155,n1000__squared_error__boostrap_true__samples_0.85
85.06017651557923,5.393664920714018,8.928414869308472,0.4603930446323395,True,squared_error,24,0.875,0.85,1,4,1000,"{'bootstrap': True, 'criterion': 'squared_error', 'max_depth': 24, 'max_features': 0.875, 'max_samples': 0.85, 'min_samples_leaf': 1, 'min_samples_split': 4, 'n_estimators': 1000}",-10.024994543523041,-10.240190900932314,-10.503395456365713,-10.18430516373015,-10.083746326081966,-10.207326478126635,0.16600233699204134,78,-14.177384386029795,-14.634745362752913,-15.001765917495522,-13.978000684899195,-14.176835452568309,-14.393746360749144,0.3726863597002435,50,-0.4104500151011779,-0.38419618528610355,-0.4308157099697885,-0.3844531485387165,-0.4333936106088005,-0.4086617339009174,0.02140224756920655,85,0.8656581096989289,-1.3835329825340918,1.3239564333174838,-1.249296594027548,0.5009475958673445,0.011546512464423463,1.1160118259116796,88,-13.266722198240597,-11.526217929262934,-13.726695215586039,-11.620412791082657,-12.21140974722803,-12.47029157628005,0.8824330730873488,16,10.207326478126635,14.393746360749144,0.4086617339009174,12.47029157628005,0.011546512464423463,n1000__squared_error__boostrap_true__samples_0.85
75.80709681510925,2.64654710848463,14.30580768585205,2.391927327556957,True,squared_error,24,0.875,0.85,1,8,1000,"{'bootstrap': True, 'criterion': 'squared_error', 'max_depth': 24, 'max_features': 0.875, 'max_samples': 0.85, 'min_samples_leaf': 1, 'min_samples_split': 8, 'n_estimators': 1000}",-10.049056766042817,-10.27869381220041,-10.558275726975603,-10.21459941308337,-10.10345022109796,-10.240815187880031,0.17806946810499746,95,-14.18590089603421,-14.661884304179743,-15.065205632767901,-14.011061755532007,-14.19343601962649,-14.42349772162807,0.38680777405575667,84,-0.41256418000604045,-0.38419618528610355,-0.429607250755287,-0.38264537511298585,-0.4355033152501507,-0.4089032612821136,0.02213384994732929,92,0.8273663811464086,-1.427308085642513,1.3088957303733253,-1.3250183206054582,0.49685588628722954,-0.023841681688201576,1.1344292596483123,95,-13.181492328090602,-11.519356601584214,-13.811651731302724,-11.61595261650952,-12.170178430555037,-12.45972634160842,0.8976341948097274,10,10.240815187880031,14.42349772162807,0.4089032612821136,12.45972634160842,-0.023841681688201576,n1000__squared_error__boostrap_true__samples_0.85
85.94003014564514,3.1318081089352967,8.506622934341431,1.6177126862663558,True,squared_error,24,0.875,0.85,2,2,1000,"{'bootstrap': True, 'criterion': 'squared_error', 'max_depth': 24, 'max_features': 0.875, 'max_samples': 0.85, 'min_samples_leaf': 2, 'min_samples_split': 2, 'n_estimators': 1000}",-9.957827658872393,-10.206107195638983,-10.47391745474729,-10.135191922644514,-10.007755739835657,-10.156159994347767,0.1818041389186419,45,-14.147400591281611,-14.637728911317469,-15.004772996297715,-13.970511231987025,-14.11042220268592,-14.374167186713947,0.38756963372978603,13,-0.41407429779522803,-0.3835906751438087,-0.43021148036253776,-0.3841518529677614,-0.4336949969861362,-0.4091446606510944,0.021672461053113438,94,0.9232774839759386,-1.3475549195203746,1.378249358259016,-1.204889725605266,0.5930553596317387,0.06842751134821054,1.1267634317808162,57,-13.139073350828166,-11.546881676408747,-13.774814659779096,-11.623401173322849,-12.221504943722314,-12.461135160812235,0.8695325553387003,11,10.156159994347767,14.374167186713947,0.4091446606510944,12.461135160812235,0.06842751134821054,n1000__squared_error__boostrap_true__samples_0.85
83.87462916374207,2.6845755943107874,9.833979845046997,0.48162985820780146,True,squared_error,24,0.875,0.85,2,4,1000,"{'bootstrap': True, 'criterion': 'squared_error', 'max_depth': 24, 'max_features': 0.875, 'max_samples': 0.85, 'min_samples_leaf': 2, 'min_samples_split': 4, 'n_estimators': 1000}",-9.957827658872393,-10.206107195638985,-10.47391745474729,-10.135191922644514,-10.007755739835657,-10.15615999434777,0.181804138918642,46,-14.147400591281611,-14.637728911317469,-15.004772996297715,-13.970511231987025,-14.110422202685918,-14.374167186713947,0.3875696337297862,13,-0.41407429779522803,-0.3835906751438087,-0.43021148036253776,-0.3841518529677614,-0.4336949969861362,-0.4091446606510944,0.021672461053113438,94,0.9232774839759385,-1.347554919520376,1.3782493582590158,-1.204889725605266,0.5930553596317393,0.06842751134821032,1.1267634317808164,58,-13.139073350828166,-11.546881676408747,-13.774814659779096,-11.623401173322849,-12.221504943722314,-12.461135160812235,0.8695325553387003,11,10.15615999434777,14.374167186713947,0.4091446606510944,12.461135160812235,0.06842751134821032,n1000__squared_error__boostrap_true__samples_0.85
61.14511513710022,6.290080817280803,13.0609130859375,2.6833080001514658,True,squared_error,24,0.875,0.85,2,8,1000,"{'bootstrap': True, 'criterion': 'squared_error', 'max_depth': 24, 'max_features': 0.875, 'max_samples': 0.85, 'min_samples_leaf': 2, 'min_samples_split': 8, 'n_estimators': 1000}",-10.010438841138088,-10.248565237392127,-10.496771435577447,-10.143319693933334,-10.040492007602927,-10.187917443128786,0.17566491740717516,66,-14.184027430147983,-14.678740342547425,-15.012871250157705,-13.969619194732793,-14.14915901949689,-14.398883447416557,0.3868059204189255,60,-0.41498036846874053,-0.38298516500151375,-0.427190332326284,-0.3817414884001205,-0.4358047016274864,-0.40854041116482903,0.02237805626793039,81,0.9055336545423602,-1.3759251357369835,1.3578549020355408,-1.2476536189923197,0.5667010064229617,0.04130216165431191,1.1336834967946268,75,-13.152396263900277,-11.583529745362425,-13.875110741689888,-11.651426875583752,-12.169663354266214,-12.486425396160511,0.8927200526869127,27,10.187917443128786,14.398883447416557,0.40854041116482903,12.486425396160511,0.04130216165431191,n1000__squared_error__boostrap_true__samples_0.85
68.8324408531189,8.358322404158706,10.064182758331299,0.9714194041089586,True,squared_error,24,0.875,0.85,3,2,1000,"{'bootstrap': True, 'criterion': 'squared_error', 'max_depth': 24, 'max_features': 0.875, 'max_samples': 0.85, 'min_samples_leaf': 3, 'min_samples_split': 2, 'n_estimators': 1000}",-9.988100575920365,-10.22620365327098,-10.477014366377253,-10.12662831088799,-10.015728537330963,-10.166735088757509,0.17670968375666324,56,-14.183217117026308,-14.656170119700336,-15.025699017710492,-13.969652042098597,-14.152234946275865,-14.39739464856232,0.38747132972074394,54,-0.413470250679553,-0.3799576142900394,-0.42658610271903324,-0.38354926182585114,-0.43309222423146476,-0.4073310907491884,0.021849317468971834,41,0.966808651150357,-1.3605714891663387,1.3867913943649066,-1.2010132168960341,0.6201594666306928,0.0824349612167167,1.14036108435992,21,-13.24751806093176,-11.666606788062802,-13.905523041096515,-11.63555243399815,-12.279010576598736,-12.546842180137592,0.8959863265247865,74,10.166735088757509,14.39739464856232,0.4073310907491884,12.546842180137592,0.0824349612167167,n1000__squared_error__boostrap_true__samples_0.85
77.3786645412445,0.883131935991377,7.6919934272766115,0.8223441024487925,True,squared_error,24,0.875,0.85,3,4,1000,"{'bootstrap': True, 'criterion': 'squared_error', 'max_depth': 24, 'max_features': 0.875, 'max_samples': 0.85, 'min_samples_leaf': 3, 'min_samples_split': 4, 'n_estimators': 1000}",-9.988100575920365,-10.22620365327098,-10.477014366377253,-10.12662831088799,-10.015728537330961,-10.166735088757509,0.17670968375666354,56,-14.183217117026308,-14.656170119700333,-15.025699017710492,-13.969652042098597,-14.152234946275865,-14.397394648562317,0.3874713297207435,53,-0.413470250679553,-0.3799576142900394,-0.42658610271903324,-0.38354926182585114,-0.43309222423146476,-0.4073310907491884,0.021849317468971834,41,0.9668086511503569,-1.3605714891663394,1.3867913943649066,-1.201013216896034,0.620159466630693,0.08243496121671663,1.14036108435992,22,-13.24751806093176,-11.6666067880628,-13.905523041096515,-11.635552433998152,-12.279010576598736,-12.546842180137592,0.8959863265247865,74,10.166735088757509,14.397394648562317,0.4073310907491884,12.546842180137592,0.08243496121671663,n1000__squared_error__boostrap_true__samples_0.85
67.16499238014221,5.782202288165269,9.279619646072387,0.7013606280039902,True,squared_error,24,0.875,0.85,3,8,1000,"{'bootstrap': True, 'criterion': 'squared_error', 'max_depth': 24, 'max_features': 0.875, 'max_samples': 0.85, 'min_samples_leaf': 3, 'min_samples_split': 8, 'n_estimators': 1000}",-10.014995471364292,-10.230704894490955,-10.505872396161093,-10.138538327194635,-10.0510340006493,-10.188229017972056,0.17550100569046623,67,-14.224977603084115,-14.645241302528756,-15.052021071519357,-13.98880881461376,-14.179333587326262,-14.41807647581445,0.3826344666455752,73,-0.41316822712171547,-0.38298516500151375,-0.4268882175226586,-0.38264537511298585,-0.43248945147679324,-0.40763528724713344,0.02121858837246854,52,0.9646340862652953,-1.3925591617423105,1.3881814592441137,-1.214193392871447,0.5941603719199582,0.06804467256312194,1.1489934254518666,59,-13.28711749463142,-11.538496187853273,-13.931110495892158,-11.661378282290809,-12.30688325023861,-12.544997142181254,0.9297932601400969,73,10.188229017972056,14.41807647581445,0.40763528724713344,12.544997142181254,0.06804467256312194,n1000__squared_error__boostrap_true__samples_0.85
60.89662065505981,0.6912542848426168,9.102116632461549,1.2577844089493475,True,squared_error,24,0.875,0.85,4,2,1000,"{'bootstrap': True, 'criterion': 'squared_error', 'max_depth': 24, 'max_features': 0.875, 'max_samples': 0.85, 'min_samples_leaf': 4, 'min_samples_split': 2, 'n_estimators': 1000}",-10.028317365222083,-10.254571226884407,-10.5549135361013,-10.160846974270072,-10.053445600431955,-10.210418940581963,0.19020249411518847,84,-14.239928242992967,-14.665674655941562,-15.12002618898699,-14.012161589111916,-14.19941301511404,-14.447440738429492,0.3985083076123437,91,-0.4143763213530655,-0.3823796548592189,-0.42779456193353477,-0.3811388972582103,-0.4345991561181435,-0.4080577183044346,0.022440595049863836,67,0.9574667896235545,-1.402360224388226,1.4211138860037158,-1.212048821437113,0.6192199935477906,0.07667832466994436,1.1598292501705834,43,-13.255805880719352,-11.575159517515791,-13.997404931909461,-11.739549829744107,-12.278746338704854,-12.569333299718714,0.9243371775826891,91,10.210418940581963,14.447440738429492,0.4080577183044346,12.569333299718714,0.07667832466994436,n1000__squared_error__boostrap_true__samples_0.85
64.39245643615723,0.8906822133222595,8.143259763717651,0.3423323506454132,True,squared_error,24,0.875,0.85,4,4,1000,"{'bootstrap': True, 'criterion': 'squared_error', 'max_depth': 24, 'max_features': 0.875, 'max_samples': 0.85, 'min_samples_leaf': 4, 'min_samples_split': 4, 'n_estimators': 1000}",-10.028317365222083,-10.254571226884407,-10.554913536101296,-10.160846974270072,-10.053445600431955,-10.210418940581963,0.1902024941151872,84,-14.239928242992965,-14.665674655941563,-15.120026188986989,-14.012161589111916,-14.19941301511404,-14.447440738429492,0.39850830761234346,91,-0.4143763213530655,-0.3823796548592189,-0.42779456193353477,-0.3811388972582103,-0.4345991561181435,-0.4080577183044346,0.022440595049863836,67,0.9574667896235536,-1.402360224388226,1.4211138860037151,-1.2120488214371128,0.6192199935477908,0.07667832466994413,1.159829250170583,45,-13.255805880719352,-11.575159517515791,-13.997404931909461,-11.739549829744108,-12.278746338704854,-12.569333299718714,0.9243371775826886,91,10.210418940581963,14.447440738429492,0.4080577183044346,12.569333299718714,0.07667832466994413,n1000__squared_error__boostrap_true__samples_0.85
66.43071069717408,1.0797526950117733,8.153150081634521,1.664338707884246,True,squared_error,24,0.875,0.85,4,8,1000,"{'bootstrap': True, 'criterion': 'squared_error', 'max_depth': 24, 'max_features': 0.875, 'max_samples': 0.85, 'min_samples_leaf': 4, 'min_samples_split': 8, 'n_estimators': 1000}",-10.028317365222083,-10.254571226884407,-10.5549135361013,-10.160846974270072,-10.053445600431955,-10.210418940581963,0.19020249411518847,84,-14.239928242992967,-14.665674655941563,-15.12002618898699,-14.012161589111916,-14.19941301511404,-14.447440738429497,0.3985083076123439,93,-0.4143763213530655,-0.3823796548592189,-0.42779456193353477,-0.3811388972582103,-0.4345991561181435,-0.4080577183044346,0.022440595049863836,67,0.9574667896235541,-1.4023602243882256,1.4211138860037151,-1.2120488214371126,0.6192199935477906,0.07667832466994433,1.159829250170583,44,-13.255805880719352,-11.575159517515791,-13.997404931909461,-11.739549829744107,-12.278746338704854,-12.569333299718714,0.9243371775826891,91,10.210418940581963,14.447440738429497,0.4080577183044346,12.569333299718714,0.07667832466994433,n1000__squared_error__boostrap_true__samples_0.85
112.70525398254395,1.0730369572782874,8.434162759780884,0.3035774996008888,True,squared_error,24,1.0,0.85,1,2,1000,"{'bootstrap': True, 'criterion': 'squared_error', 'max_depth': 24, 'max_features': 1.0, 'max_samples': 0.85, 'min_samples_leaf': 1, 'min_samples_split': 2, 'n_estimators': 1000}",-9.979830710245913,-10.148985790024662,-10.469502984316684,-10.137635855120287,-10.025751456844622,-10.152341359310434,0.1712331367009837,42,-14.139751141445798,-14.64198866495045,-14.982111822269019,-13.974720771495592,-14.144189199965256,-14.376552320025223,0.37648234356988014,19,-0.4110540622168529,-0.38298516500151375,-0.4268882175226586,-0.3856583308225369,-0.432790837854129,-0.4078753226835383,0.02052068287454336,60,0.8491038582330515,-1.273901715138963,1.2885776065789345,-1.2547646217504487,0.5076019732570978,0.023323420235934388,1.080148998950652,78,-13.172153694428307,-11.586720434524688,-13.771849524368188,-11.516503759200972,-12.16910399758966,-12.443266282022362,0.8904083122459171,7,10.152341359310434,14.376552320025223,0.4078753226835383,12.443266282022362,0.023323420235934388,n1000__squared_error__boostrap_true__samples_0.85
104.6098054409027,0.8000937702891209,6.585666751861572,0.5537995621420261,True,squared_error,24,1.0,0.85,1,4,1000,"{'bootstrap': True, 'criterion': 'squared_error', 'max_depth': 24, 'max_features': 1.0, 'max_samples': 0.85, 'min_samples_leaf': 1, 'min_samples_split': 4, 'n_estimators': 1000}",-9.950113731493442,-10.17537005173472,-10.461661223299732,-10.125121439022505,-10.026390087044591,-10.147731306518997,0.17527321329728884,40,-14.081540221752178,-14.676309654167792,-14.989815929815549,-13.960428515751964,-14.14910708755752,-14.371440281809,0.3943953707066812,12,-0.41165810933252794,-0.38268240993036634,-0.42749244712990936,-0.3853570352515818,-0.43248945147679324,-0.40793589062423574,0.020720686099195976,61,0.845607956070535,-1.2703819464249757,1.2758614034380784,-1.2368625671490823,0.4825111043768075,0.01934719006227258,1.069347448961309,81,-13.112485145826971,-11.634958746771394,-13.728339185336448,-11.532498512802146,-12.14931503593596,-12.431519325334582,0.8564861511567501,2,10.147731306518997,14.371440281809,0.40793589062423574,12.431519325334582,0.01934719006227258,n1000__squared_error__boostrap_true__samples_0.85
93.43297038078308,4.448439214971247,7.211522388458252,0.7340994814042744,True,squared_error,24,1.0,0.85,1,8,1000,"{'bootstrap': True, 'criterion': 'squared_error', 'max_depth': 24, 'max_features': 1.0, 'max_samples': 0.85, 'min_samples_leaf': 1, 'min_samples_split': 8, 'n_estimators': 1000}",-9.989989913685083,-10.198696656534729,-10.50241887851113,-10.153092487589912,-10.048391423191497,-10.17851787190247,0.1780118980756767,64,-14.13281073631761,-14.698068026559941,-15.007569949069383,-13.994232776601306,-14.171355272938543,-14.400807352297358,0.3863413220989133,61,-0.4098459679855029,-0.38086587950348166,-0.427190332326284,-0.3850557396806267,-0.432790837854129,-0.4071497514700049,0.021191257905161683,34,0.8314618560492486,-1.2995341005028216,1.2577101781622102,-1.2829005107794502,0.479590386968872,-0.002734438020388197,1.0805328188224592,92,-13.201852177446712,-11.68280362582408,-13.764507488539168,-11.518062273487452,-12.162898205470787,-12.46602475415364,0.8753802960424046,14,10.17851787190247,14.400807352297358,0.4071497514700049,12.46602475415364,-0.002734438020388197,n1000__squared_error__boostrap_true__samples_0.85
56.20564308166504,13.700439947879445,7.841453981399536,1.5917682088152794,True,squared_error,24,1.0,0.85,2,2,1000,"{'bootstrap': True, 'criterion': 'squared_error', 'max_depth': 24, 'max_features': 1.0, 'max_samples': 0.85, 'min_samples_leaf': 2, 'min_samples_split': 2, 'n_estimators': 1000}",-9.900116830082332,-10.144239776738942,-10.426546559632284,-10.052275322594097,-9.999577832861558,-10.104551264381843,0.17933308758778388,11,-14.083595657277147,-14.700378822997491,-14.970533923897447,-13.90748282241043,-14.185907799599711,-14.369579805236446,0.39990744003152223,10,-0.4107520386590154,-0.38268240993036634,-0.4241691842900302,-0.38264537511298585,-0.4294755877034358,-0.40594491913916675,0.01996465721201359,6,0.9198111669312261,-1.2246598754083435,1.3322374426442585,-1.1733887662942641,0.5743634443743046,0.08567268244943631,1.0761725249548566,15,-13.170875587541136,-11.654023897980604,-13.8609597747633,-11.601978141873676,-12.310293739603015,-12.519626228352346,0.8784608023560458,50,10.104551264381843,14.369579805236446,0.40594491913916675,12.519626228352346,0.08567268244943631,n1000__squared_error__boostrap_true__samples_0.85
68.52330279350281,14.81999736675507,8.93137788772583,1.9118841932259358,True,squared_error,24,1.0,0.85,2,4,1000,"{'bootstrap': True, 'criterion': 'squared_error', 'max_depth': 24, 'max_features': 1.0, 'max_samples': 0.85, 'min_samples_leaf': 2, 'min_samples_split': 4, 'n_estimators': 1000}",-9.900116830082332,-10.144239776738942,-10.426546559632284,-10.052275322594095,-9.999577832861558,-10.104551264381843,0.179333087587784,11,-14.083595657277149,-14.700378822997488,-14.970533923897447,-13.90748282241043,-14.185907799599713,-14.369579805236446,0.3999074400315212,10,-0.4107520386590154,-0.38268240993036634,-0.4241691842900302,-0.38264537511298585,-0.4294755877034358,-0.40594491913916675,0.01996465721201359,6,0.9198111669312261,-1.2246598754083435,1.3322374426442583,-1.1733887662942644,0.5743634443743041,0.08567268244943611,1.0761725249548566,16,-13.170875587541136,-11.654023897980602,-13.860959774763304,-11.601978141873676,-12.310293739603015,-12.519626228352346,0.8784608023560474,50,10.104551264381843,14.369579805236446,0.40594491913916675,12.519626228352346,0.08567268244943611,n1000__squared_error__boostrap_true__samples_0.85
78.15853991508484,6.8685254055502964,5.760930061340332,0.7794754083888079,True,squared_error,24,1.0,0.85,2,8,1000,"{'bootstrap': True, 'criterion': 'squared_error', 'max_depth': 24, 'max_features': 1.0, 'max_samples': 0.85, 'min_samples_leaf': 2, 'min_samples_split': 8, 'n_estimators': 1000}",-9.934632374334152,-10.161111212429276,-10.452434297593742,-10.074658709145513,-10.027347464037662,-10.130036811508068,0.1770313462635386,24,-14.109710905937268,-14.675721841452592,-15.000719602373344,-13.931743337870111,-14.206742670468758,-14.384927671620414,0.39411448953166395,31,-0.4119601328903654,-0.38268240993036634,-0.4268882175226586,-0.3838505573968063,-0.432790837854129,-0.40763443111886516,0.021026368193994057,51,0.8974839962215833,-1.297659250229742,1.3247426299806409,-1.228474662442581,0.5692239593725361,0.05306333458048744,1.1012199974275676,71,-13.147044465876112,-11.580689015484596,-13.794216429678414,-11.522953238228816,-12.242139269803285,-12.457408483814245,0.8889136896832289,9,10.130036811508068,14.384927671620414,0.40763443111886516,12.457408483814245,0.05306333458048744,n1000__squared_error__boostrap_true__samples_0.85
67.88817253112794,8.716689493159791,7.395628786087036,1.4012110971565068,True,squared_error,24,1.0,0.85,3,2,1000,"{'bootstrap': True, 'criterion': 'squared_error', 'max_depth': 24, 'max_features': 1.0, 'max_samples': 0.85, 'min_samples_leaf': 3, 'min_samples_split': 2, 'n_estimators': 1000}",-9.906294226543013,-10.153891796892356,-10.430533973730995,-10.044194764199153,-9.984984818089412,-10.103979915890985,0.18217709954518208,9,-14.12372762895191,-14.6785753185818,-14.992549103350992,-13.924680914133697,-14.16866879098775,-14.377640351201228,0.3954712791567485,20,-0.4107520386590154,-0.38086587950348166,-0.4241691842900302,-0.3811388972582103,-0.43037974683544306,-0.4054611493092361,0.020954330470233568,1,0.9239050098075715,-1.2751801067519517,1.353652873978751,-1.1751995597662312,0.5843454197175306,0.08230472739713401,1.095513040460441,23,-13.183378555719406,-11.655955768097677,-13.890904012079508,-11.634859716803504,-12.279074835099244,-12.528834577559868,0.8839852216438977,57,10.103979915890985,14.377640351201228,0.4054611493092361,12.528834577559868,0.08230472739713401,n1000__squared_error__boostrap_true__samples_0.85
59.78060417175293,4.3872536165163565,8.654551887512207,0.39066734279466575,True,squared_error,24,1.0,0.85,3,4,1000,"{'bootstrap': True, 'criterion': 'squared_error', 'max_depth': 24, 'max_features': 1.0, 'max_samples': 0.85, 'min_samples_leaf': 3, 'min_samples_split': 4, 'n_estimators': 1000}",-9.906294226543013,-10.153891796892355,-10.430533973730995,-10.044194764199153,-9.98498481808941,-10.103979915890985,0.18217709954518224,9,-14.12372762895191,-14.6785753185818,-14.99254910335099,-13.924680914133697,-14.168668790987752,-14.377640351201228,0.39547127915674785,20,-0.4107520386590154,-0.38086587950348166,-0.4241691842900302,-0.3811388972582103,-0.43037974683544306,-0.4054611493092361,0.020954330470233568,1,0.9239050098075704,-1.2751801067519517,1.353652873978751,-1.1751995597662312,0.5843454197175306,0.08230472739713383,1.0955130404604407,24,-13.18337855571941,-11.655955768097677,-13.890904012079512,-11.634859716803504,-12.279074835099244,-12.528834577559868,0.8839852216438994,57,10.103979915890985,14.377640351201228,0.4054611493092361,12.528834577559868,0.08230472739713383,n1000__squared_error__boostrap_true__samples_0.85
58.961360692977905,2.197545706787648,6.725801277160644,0.9775371376724434,True,squared_error,24,1.0,0.85,3,8,1000,"{'bootstrap': True, 'criterion': 'squared_error', 'max_depth': 24, 'max_features': 1.0, 'max_samples': 0.85, 'min_samples_leaf': 3, 'min_samples_split': 8, 'n_estimators': 1000}",-9.946898148083466,-10.20177287601904,-10.449390781028692,-10.068549347049684,-9.979366820925232,-10.129195594621223,0.18283949625808454,23,-14.150700173846937,-14.71978855327367,-15.013332684093324,-13.928120054108867,-14.154238015463093,-14.393235896157176,0.4058159618289283,48,-0.4119601328903654,-0.38056312443233425,-0.4241691842900302,-0.38294667068394095,-0.43037974683544306,-0.4060037718264228,0.020680933526620104,8,0.9230656439475224,-1.3039712266012655,1.3459834583571895,-1.203110076860397,0.5733979737690532,0.0670731545224205,1.1061489652021546,60,-13.192980247585998,-11.69030980430665,-13.904091428905721,-11.575292265050448,-12.259829687953655,-12.524500686760495,0.8963322300216682,54,10.129195594621223,14.393235896157176,0.4060037718264228,12.524500686760495,0.0670731545224205,n1000__squared_error__boostrap_true__samples_0.85
59.14899024963379,2.500955453806741,5.395312023162842,0.6848378139852792,True,squared_error,24,1.0,0.85,4,2,1000,"{'bootstrap': True, 'criterion': 'squared_error', 'max_depth': 24, 'max_features': 1.0, 'max_samples': 0.85, 'min_samples_leaf': 4, 'min_samples_split': 2, 'n_estimators': 1000}",-9.957874916766873,-10.17955682864857,-10.474807476306461,-10.088461876822727,-10.00129255138173,-10.140398729985272,0.18369838014578532,32,-14.180171635657478,-14.7041785788359,-15.048380566775407,-13.96843456364842,-14.191755363821837,-14.41858414174781,0.3972742578350442,74,-0.4113560857746904,-0.3832879200726612,-0.4241691842900302,-0.38324796625489604,-0.43037974683544306,-0.40648818064554415,0.01992727267240538,23,0.9633581784904426,-1.3141176550742872,1.3679227844716555,-1.196813579581154,0.6002631532911975,0.08412257631957085,1.121023861829425,19,-13.274670623493748,-11.564986410077353,-13.959913519649417,-11.600385494710999,-12.316513245134724,-12.543293858613248,0.9422647536089442,70,10.140398729985272,14.41858414174781,0.40648818064554415,12.543293858613248,0.08412257631957085,n1000__squared_error__boostrap_true__samples_0.85
54.09733686447144,0.4137925127793028,6.762650871276856,2.7536144258865054,True,squared_error,24,1.0,0.85,4,4,1000,"{'bootstrap': True, 'criterion': 'squared_error', 'max_depth': 24, 'max_features': 1.0, 'max_samples': 0.85, 'min_samples_leaf': 4, 'min_samples_split': 4, 'n_estimators': 1000}",-9.957874916766869,-10.17955682864857,-10.474807476306461,-10.088461876822727,-10.00129255138173,-10.140398729985272,0.18369838014578602,32,-14.180171635657478,-14.7041785788359,-15.048380566775407,-13.96843456364842,-14.191755363821837,-14.41858414174781,0.3972742578350442,74,-0.4113560857746904,-0.3832879200726612,-0.4241691842900302,-0.38324796625489604,-0.43037974683544306,-0.40648818064554415,0.01992727267240538,23,0.9633581784904423,-1.3141176550742868,1.3679227844716564,-1.1968135795811534,0.6002631532911972,0.0841225763195711,1.121023861829425,17,-13.274670623493748,-11.564986410077353,-13.959913519649417,-11.600385494710999,-12.316513245134724,-12.543293858613248,0.9422647536089442,70,10.140398729985272,14.41858414174781,0.40648818064554415,12.543293858613248,0.0841225763195711,n1000__squared_error__boostrap_true__samples_0.85
58.07754135131836,2.150365249754828,8.219788074493408,1.4315959650876846,True,squared_error,24,1.0,0.85,4,8,1000,"{'bootstrap': True, 'criterion': 'squared_error', 'max_depth': 24, 'max_features': 1.0, 'max_samples': 0.85, 'min_samples_leaf': 4, 'min_samples_split': 8, 'n_estimators': 1000}",-9.957874916766873,-10.17955682864857,-10.474807476306461,-10.088461876822727,-10.00129255138173,-10.140398729985272,0.18369838014578532,32,-14.180171635657478,-14.7041785788359,-15.048380566775407,-13.96843456364842,-14.191755363821837,-14.41858414174781,0.3972742578350442,74,-0.4113560857746904,-0.3832879200726612,-0.4241691842900302,-0.38324796625489604,-0.43037974683544306,-0.40648818064554415,0.01992727267240538,23,0.9633581784904424,-1.314117655074288,1.367922784471656,-1.1968135795811534,0.6002631532911975,0.0841225763195709,1.1210238618294253,18,-13.274670623493748,-11.564986410077353,-13.959913519649417,-11.600385494710999,-12.316513245134724,-12.543293858613248,0.9422647536089442,70,10.140398729985272,14.41858414174781,0.40648818064554415,12.543293858613248,0.0841225763195709,n1000__squared_error__boostrap_true__samples_0.85
85.49846382141114,2.9930252928977135,19.535759115219115,14.649912043296082,True,squared_error,26,0.875,0.85,1,2,1000,"{'bootstrap': True, 'criterion': 'squared_error', 'max_depth': 26, 'max_features': 0.875, 'max_samples': 0.85, 'min_samples_leaf': 1, 'min_samples_split': 2, 'n_estimators': 1000}",-10.022548225338445,-10.253154833839645,-10.55050538120915,-10.19347183334408,-10.08103902770732,-10.22014386028773,0.18402937010155596,92,-14.169028901512998,-14.623641556897992,-15.052270102795934,-13.984598952656224,-14.156143335043758,-14.397136569781384,0.3900775790337788,52,-0.4119601328903654,-0.3838934302149561,-0.4287009063444109,-0.3853570352515818,-0.43158529234478604,-0.40829935940922,0.020463912969411812,76,0.8380526933474859,-1.370234708033711,1.3387967810255306,-1.2620758693660143,0.5084132819828655,0.010590435791231334,1.1156174139455566,89,-13.18161643759865,-11.569513081836357,-13.86666319837801,-11.588468805489912,-12.26808755710616,-12.494869816081817,0.9036278079472727,35,10.22014386028773,14.397136569781384,0.40829935940922,12.494869816081817,0.010590435791231334,n1000__squared_error__boostrap_true__samples_0.85
77.57270174026489,4.129676514167036,15.204765796661377,8.17570583154999,True,squared_error,26,0.875,0.85,1,4,1000,"{'bootstrap': True, 'criterion': 'squared_error', 'max_depth': 26, 'max_features': 0.875, 'max_samples': 0.85, 'min_samples_leaf': 1, 'min_samples_split': 4, 'n_estimators': 1000}",-10.014240196216177,-10.246236756658124,-10.52757757516226,-10.17867924222261,-10.091459236127134,-10.211638601277262,0.17635758960311587,87,-14.164640749731978,-14.643331503208769,-15.02300754059636,-13.982460885542835,-14.170816596741755,-14.396851455164342,0.3819834997845546,51,-0.4137722742373905,-0.381774144716924,-0.4280966767371601,-0.38354926182585114,-0.4349005424954792,-0.408418580002561,0.022116024908638277,78,0.850225209367774,-1.3584881204804076,1.2940914276699726,-1.2505071665869074,0.5004829750058852,0.007160864995263383,1.1006398589291893,90,-13.128556553973889,-11.64006096165543,-13.807242201614216,-11.638885749817321,-12.177430442321327,-12.478435181876435,0.8586855454005123,22,10.211638601277262,14.396851455164342,0.408418580002561,12.478435181876435,0.007160864995263383,n1000__squared_error__boostrap_true__samples_0.85
62.51598606109619,5.817707095545657,38.8871693611145,4.144591878123356,True,squared_error,26,0.875,0.85,1,8,1000,"{'bootstrap': True, 'criterion': 'squared_error', 'max_depth': 26, 'max_features': 0.875, 'max_samples': 0.85, 'min_samples_leaf': 1, 'min_samples_split': 8, 'n_estimators': 1000}",-10.058283490900013,-10.26477307164186,-10.571271988564613,-10.204754418594776,-10.09146257172138,-10.238109108284528,0.1825724329773975,94,-14.192670861975415,-14.634133077362579,-15.068419808175463,-13.99679825466398,-14.174159918188384,-14.413236384073164,0.3891755619328222,71,-0.4113560857746904,-0.38449894035725096,-0.4287009063444109,-0.38354926182585114,-0.43399638336347196,-0.40842031553313507,0.021283128806844197,79,0.8269375481518159,-1.4244457190555504,1.2844254454790234,-1.2958055599911333,0.4769846291120821,-0.026380731260752476,1.1194433179823686,96,-13.230898260022249,-11.495906002201803,-13.827469523144623,-11.613826104361934,-12.175731879293552,-12.468766353804831,0.9154418214107704,15,10.238109108284528,14.413236384073164,0.40842031553313507,12.468766353804831,-0.026380731260752476,n1000__squared_error__boostrap_true__samples_0.85
49.75070734024048,3.459030399623118,20.924362564086913,3.765214753530289,True,squared_error,26,0.875,0.85,2,2,1000,"{'bootstrap': True, 'criterion': 'squared_error', 'max_depth': 26, 'max_features': 0.875, 'max_samples': 0.85, 'min_samples_leaf': 2, 'min_samples_split': 2, 'n_estimators': 1000}",-9.986247198383115,-10.198076806233484,-10.478664230079044,-10.139182065222931,-10.011300018415698,-10.162694063666853,0.1764627733041038,53,-14.177380876304198,-14.632911929436592,-15.01518439988312,-13.983073862414887,-14.12948158914214,-14.387606531436187,0.38170635610846426,36,-0.41407429779522803,-0.38116863457462913,-0.4283987915407855,-0.38324796625489604,-0.4321880650994575,-0.4078155510529992,0.021773771016171874,57,0.9356426509162901,-1.3561393632811882,1.390233155799006,-1.2174935824039417,0.5789228588032979,0.0662331439666928,1.1351473493056692,61,-13.18832140446037,-11.59845884593782,-13.85262706179702,-11.639577073300401,-12.251868726155031,-12.506170622330128,0.885197055526308,43,10.162694063666853,14.387606531436187,0.4078155510529992,12.506170622330128,0.0662331439666928,n1000__squared_error__boostrap_true__samples_0.85
39.2306113243103,21.082437471349408,27.5702401638031,5.371293452574133,True,squared_error,26,0.875,0.85,2,4,1000,"{'bootstrap': True, 'criterion': 'squared_error', 'max_depth': 26, 'max_features': 0.875, 'max_samples': 0.85, 'min_samples_leaf': 2, 'min_samples_split': 4, 'n_estimators': 1000}",-9.986247198383115,-10.198076806233484,-10.478664230079044,-10.13918206522293,-10.011300018415696,-10.162694063666853,0.17646277330410412,53,-14.177380876304198,-14.632911929436592,-15.015184399883122,-13.983073862414887,-14.12948158914214,-14.387606531436187,0.3817063561084648,36,-0.41407429779522803,-0.38116863457462913,-0.4283987915407855,-0.38324796625489604,-0.4321880650994575,-0.4078155510529992,0.021773771016171874,57,0.9356426509162905,-1.356139363281189,1.3902331557990055,-1.2174935824039417,0.5789228588032979,0.06623314396669266,1.1351473493056694,62,-13.18832140446037,-11.59845884593782,-13.85262706179702,-11.639577073300401,-12.251868726155031,-12.506170622330128,0.885197055526308,43,10.162694063666853,14.387606531436187,0.4078155510529992,12.506170622330128,0.06623314396669266,n1000__squared_error__boostrap_true__samples_0.85
43.453867530822755,25.494468561624366,24.05770149230957,7.263378251008304,True,squared_error,26,0.875,0.85,2,8,1000,"{'bootstrap': True, 'criterion': 'squared_error', 'max_depth': 26, 'max_features': 0.875, 'max_samples': 0.85, 'min_samples_leaf': 2, 'min_samples_split': 8, 'n_estimators': 1000}",-10.015179142246417,-10.24983215956136,-10.495702172817783,-10.152550593229545,-10.052805597982006,-10.193213933167423,0.17191227604188047,71,-14.189884597354514,-14.68060878769606,-15.017977285879239,-13.981027872645996,-14.161287594635288,-14.40615722764222,0.3839576535862136,63,-0.41467834491090305,-0.3848016954283984,-0.4280966767371601,-0.38294667068394095,-0.4342977697408077,-0.408964231500242,0.02145335094036751,93,0.9044581356641712,-1.3726529148155118,1.3692196903955398,-1.2354925873824916,0.5601936024715253,0.04514518526664659,1.1319939462073811,74,-13.166394401734143,-11.534745493861342,-13.857759833181403,-11.64268903281132,-12.218574374429151,-12.484032627203472,0.8980219615470656,26,10.193213933167423,14.40615722764222,0.408964231500242,12.484032627203472,0.04514518526664659,n1000__squared_error__boostrap_true__samples_0.85
63.94952139854431,18.751019810820132,25.515557527542114,13.49095028763302,True,squared_error,26,0.875,0.85,3,2,1000,"{'bootstrap': True, 'criterion': 'squared_error', 'max_depth': 26, 'max_features': 0.875, 'max_samples': 0.85, 'min_samples_leaf': 3, 'min_samples_split': 2, 'n_estimators': 1000}",-9.989640603382947,-10.217762638076792,-10.484129770575933,-10.125451127717186,-10.021057142069475,-10.167608256364465,0.17755465021694186,59,-14.190969444069388,-14.646829848476298,-15.032101146980647,-13.966714044041703,-14.15243411624315,-14.397809719962236,0.3881165307542384,56,-0.413470250679553,-0.38086587950348166,-0.4256797583081571,-0.38294667068394095,-0.4309825195901145,-0.4067890157530495,0.021105881141277497,28,0.971806258163302,-1.3621369853232246,1.3916190963413575,-1.2087990619313709,0.6149857177430493,0.08149500499862268,1.1439076628336926,31,-13.255423870920247,-11.625648462259552,-13.949158534242809,-11.642159011149927,-12.33929727582446,-12.5623374308794,0.9140572241319986,86,10.167608256364465,14.397809719962236,0.4067890157530495,12.5623374308794,0.08149500499862268,n1000__squared_error__boostrap_true__samples_0.85
52.488928651809694,4.694023439994274,23.049787759780884,4.113096160025449,True,squared_error,26,0.875,0.85,3,4,1000,"{'bootstrap': True, 'criterion': 'squared_error', 'max_depth': 26, 'max_features': 0.875, 'max_samples': 0.85, 'min_samples_leaf': 3, 'min_samples_split': 4, 'n_estimators': 1000}",-9.989640603382947,-10.217762638076792,-10.484129770575937,-10.125451127717186,-10.021057142069475,-10.167608256364467,0.17755465021694314,60,-14.190969444069388,-14.646829848476298,-15.032101146980647,-13.966714044041705,-14.15243411624315,-14.397809719962236,0.388116530754238,56,-0.413470250679553,-0.38086587950348166,-0.4256797583081571,-0.38294667068394095,-0.4309825195901145,-0.4067890157530495,0.021105881141277497,28,0.971806258163302,-1.3621369853232244,1.3916190963413584,-1.208799061931371,0.6149857177430499,0.08149500499862297,1.143907662833693,30,-13.255423870920245,-11.625648462259552,-13.949158534242809,-11.642159011149927,-12.33929727582446,-12.5623374308794,0.9140572241319983,86,10.167608256364467,14.397809719962236,0.4067890157530495,12.5623374308794,0.08149500499862297,n1000__squared_error__boostrap_true__samples_0.85
28.16717138290405,7.822001466471199,18.868887090682982,6.280738419135559,True,squared_error,26,0.875,0.85,3,8,1000,"{'bootstrap': True, 'criterion': 'squared_error', 'max_depth': 26, 'max_features': 0.875, 'max_samples': 0.85, 'min_samples_leaf': 3, 'min_samples_split': 8, 'n_estimators': 1000}",-10.015542299839323,-10.244180197782965,-10.510996860068332,-10.13549970739678,-10.050398148598243,-10.191323442737128,0.178247114117522,70,-14.221140108636257,-14.669073836595848,-15.060951425095167,-13.981367557902498,-14.182569278259635,-14.423020441297883,0.3901609702058113,79,-0.41316822712171547,-0.38207689978807147,-0.42658610271903324,-0.3820427839710756,-0.4318866787221218,-0.40715213846440346,0.021377170293985,37,0.9606134514827402,-1.3935595009814823,1.3854512747883083,-1.2119768818663499,0.583707746024665,0.06484721788957629,1.1465459787871983,64,-13.28291363034625,-11.582250460196237,-13.943783047583382,-11.678695685305795,-12.311222386028895,-12.559773041892111,0.9200044718443365,85,10.191323442737128,14.423020441297883,0.40715213846440346,12.559773041892111,0.06484721788957629,n1000__squared_error__boostrap_true__samples_0.85
39.957403135299685,9.818199062070281,31.876411867141723,8.05766654793129,True,squared_error,26,0.875,0.85,4,2,1000,"{'bootstrap': True, 'criterion': 'squared_error', 'max_depth': 26, 'max_features': 0.875, 'max_samples': 0.85, 'min_samples_leaf': 4, 'min_samples_split': 2, 'n_estimators': 1000}",-10.027953618818815,-10.263311474816964,-10.549463586407592,-10.161954491055011,-10.045872675437662,-10.209711169307209,0.18998118708280473,81,-14.239544324810694,-14.674269223843647,-15.110010551792422,-14.00962508449194,-14.190357896646619,-14.444761416317064,0.3978464725764548,88,-0.4143763213530655,-0.38207689978807147,-0.42779456193353477,-0.3811388972582103,-0.43520192887281495,-0.4081177218411394,0.022653404880869678,70,0.9599393598482053,-1.403619975060281,1.4211037796137156,-1.2098536373212863,0.6124045063020438,0.07599480667647951,1.1594030887724953,51,-13.258350456401788,-11.594120849325009,-13.99102329856304,-11.743882503376376,-12.245209033591534,-12.566517228251548,0.9201491535835525,88,10.209711169307209,14.444761416317064,0.4081177218411394,12.566517228251548,0.07599480667647951,n1000__squared_error__boostrap_true__samples_0.85
43.53213624954223,8.927514834743933,21.428204202651976,6.993845018164762,True,squared_error,26,0.875,0.85,4,4,1000,"{'bootstrap': True, 'criterion': 'squared_error', 'max_depth': 26, 'max_features': 0.875, 'max_samples': 0.85, 'min_samples_leaf': 4, 'min_samples_split': 4, 'n_estimators': 1000}",-10.027953618818815,-10.263311474816964,-10.549463586407592,-10.161954491055011,-10.04587267543766,-10.209711169307209,0.18998118708280504,81,-14.239544324810693,-14.674269223843647,-15.11001055179242,-14.009625084491939,-14.19035789664662,-14.444761416317064,0.39784647257645456,88,-0.4143763213530655,-0.38207689978807147,-0.42779456193353477,-0.3811388972582103,-0.43520192887281495,-0.4081177218411394,0.022653404880869678,70,0.9599393598482052,-1.4036199750602798,1.4211037796137156,-1.209853637321286,0.6124045063020438,0.07599480667647976,1.1594030887724949,49,-13.258350456401788,-11.59412084932501,-13.99102329856304,-11.743882503376375,-12.245209033591534,-12.56651722825155,0.9201491535835526,89,10.209711169307209,14.444761416317064,0.4081177218411394,12.56651722825155,0.07599480667647976,n1000__squared_error__boostrap_true__samples_0.85
47.468289613723755,13.738489696710962,32.75817975997925,14.164549822851763,True,squared_error,26,0.875,0.85,4,8,1000,"{'bootstrap': True, 'criterion': 'squared_error', 'max_depth': 26, 'max_features': 0.875, 'max_samples': 0.85, 'min_samples_leaf': 4, 'min_samples_split': 8, 'n_estimators': 1000}",-10.027953618818815,-10.263311474816964,-10.549463586407592,-10.16195449105501,-10.045872675437662,-10.209711169307209,0.18998118708280481,81,-14.239544324810693,-14.674269223843647,-15.110010551792422,-14.009625084491939,-14.190357896646619,-14.444761416317064,0.3978464725764554,88,-0.4143763213530655,-0.38207689978807147,-0.42779456193353477,-0.3811388972582103,-0.43520192887281495,-0.4081177218411394,0.022653404880869678,70,0.9599393598482057,-1.4036199750602807,1.4211037796137154,-1.209853637321286,0.6124045063020438,0.07599480667647962,1.159403088772495,50,-13.258350456401788,-11.59412084932501,-13.99102329856304,-11.743882503376376,-12.245209033591534,-12.56651722825155,0.9201491535835523,89,10.209711169307209,14.444761416317064,0.4081177218411394,12.56651722825155,0.07599480667647962,n1000__squared_error__boostrap_true__samples_0.85
72.70935859680176,14.456282024427601,27.390655612945558,1.2644263429279392,True,squared_error,26,1.0,0.85,1,2,1000,"{'bootstrap': True, 'criterion': 'squared_error', 'max_depth': 26, 'max_features': 1.0, 'max_samples': 0.85, 'min_samples_leaf': 1, 'min_samples_split': 2, 'n_estimators': 1000}",-9.945366125140259,-10.15444539159264,-10.462320330831295,-10.118673862366206,-10.044615643518746,-10.14508427068983,0.17401444814374384,39,-14.096398058853744,-14.651125644935009,-14.971590418130623,-13.94994549769257,-14.178675881751083,-14.369547100272603,0.38179847018220353,9,-0.4107520386590154,-0.38268240993036634,-0.4280966767371601,-0.3847544441096716,-0.43128390596745025,-0.4075138950807327,0.02065790480848147,49,0.8295345360144053,-1.2974154630080195,1.2877112884317947,-1.244437177749306,0.48389225704646993,0.011857088147068906,1.078117567387265,87,-13.116064738633492,-11.572298201785996,-13.723572568722943,-11.532338119124313,-12.206006014701392,-12.430055928593628,0.8643653548118923,1,10.14508427068983,14.369547100272603,0.4075138950807327,12.430055928593628,0.011857088147068906,n1000__squared_error__boostrap_true__samples_0.85
83.41744456291198,14.688293169691748,23.379435873031618,3.880728801730064,True,squared_error,26,1.0,0.85,1,4,1000,"{'bootstrap': True, 'criterion': 'squared_error', 'max_depth': 26, 'max_features': 1.0, 'max_samples': 0.85, 'min_samples_leaf': 1, 'min_samples_split': 4, 'n_estimators': 1000}",-9.9586166823711,-10.198745452086746,-10.470660925292512,-10.123536014084898,-10.032725148461799,-10.15685684445941,0.17666112993488678,47,-14.093278678289272,-14.693034575411867,-14.995435566111281,-13.95355648592571,-14.157790405428235,-14.378619142233273,0.39753800787760296,23,-0.4113560857746904,-0.3823796548592189,-0.4280966767371601,-0.3856583308225369,-0.432790837854129,-0.408056317209547,0.020905797175626673,66,0.8352320406077737,-1.2721917317643194,1.3072884809857146,-1.256367561138391,0.4765003818087674,0.01809232209990903,1.0797187539813464,82,-13.119835947791136,-11.6723701259798,-13.756179440642528,-11.496145349738072,-12.14122921637804,-12.437152016105916,0.8676227159627924,4,10.15685684445941,14.378619142233273,0.408056317209547,12.437152016105916,0.01809232209990903,n1000__squared_error__boostrap_true__samples_0.85
102.49957237243652,35.42110477686546,19.94281187057495,5.305140849651125,True,squared_error,26,1.0,0.85,1,8,1000,"{'bootstrap': True, 'criterion': 'squared_error', 'max_depth': 26, 'max_features': 1.0, 'max_samples': 0.85, 'min_samples_leaf': 1, 'min_samples_split': 8, 'n_estimators': 1000}",-9.987258205597234,-10.20114248681837,-10.501489478933236,-10.1477710983588,-10.044963181019243,-10.176524890145377,0.17897773703014436,63,-14.120526313237235,-14.691656333733723,-15.017566686893408,-13.985833886823379,-14.171925955839551,-14.397501835305459,0.3919381854705145,55,-0.4098459679855029,-0.38298516500151375,-0.42628398791540784,-0.3838505573968063,-0.43399638336347196,-0.4073924123325406,0.021074228308780744,43,0.8305638796103346,-1.3022229091259812,1.2510271199029266,-1.2897824812766625,0.4943886290632519,-0.0032051523652261047,1.0824599132018995,93,-13.197424069315495,-11.617838484236348,-13.784844061710734,-11.538329756709423,-12.14221156453254,-12.456129587300907,0.8897901652750735,8,10.176524890145377,14.397501835305459,0.4073924123325406,12.456129587300907,-0.0032051523652261047,n1000__squared_error__boostrap_true__samples_0.85
62.95131769180298,17.58746680189831,20.154242849349977,3.8588344907942944,True,squared_error,26,1.0,0.85,2,2,1000,"{'bootstrap': True, 'criterion': 'squared_error', 'max_depth': 26, 'max_features': 1.0, 'max_samples': 0.85, 'min_samples_leaf': 2, 'min_samples_split': 2, 'n_estimators': 1000}",-9.885383266103242,-10.14290984640343,-10.420312896944598,-10.037767185303558,-9.997856829307729,-10.096846004812512,0.181525954866965,3,-14.075486647940233,-14.69964116826036,-14.97087247509934,-13.896695913581338,-14.184937992370298,-14.365526839450315,0.40363691722823514,3,-0.41226215644820297,-0.38207689978807147,-0.4256797583081571,-0.3841518529677614,-0.42917420132610007,-0.4066689737676586,0.020054773598996725,26,0.9373614236547944,-1.2384796319781897,1.3366439944863846,-1.1669108804087607,0.5619291447333493,0.08610881009751556,1.0806911803112438,13,-13.126046764757822,-11.652667590430495,-13.809626440964001,-11.5460282650768,-12.302447282959376,-12.487363268837699,0.8687138644010245,31,10.096846004812512,14.365526839450315,0.4066689737676586,12.487363268837699,0.08610881009751556,n1000__squared_error__boostrap_true__samples_0.85
79.50370006561279,30.13572995287758,17.756028413772583,5.464037838931013,True,squared_error,26,1.0,0.85,2,4,1000,"{'bootstrap': True, 'criterion': 'squared_error', 'max_depth': 26, 'max_features': 1.0, 'max_samples': 0.85, 'min_samples_leaf': 2, 'min_samples_split': 4, 'n_estimators': 1000}",-9.885383266103242,-10.14290984640343,-10.420312896944598,-10.037767185303558,-9.99785682930773,-10.096846004812512,0.18152595486696482,3,-14.075486647940233,-14.69964116826036,-14.970872475099338,-13.896695913581338,-14.184937992370298,-14.365526839450315,0.4036369172282346,3,-0.41226215644820297,-0.38207689978807147,-0.4256797583081571,-0.3841518529677614,-0.42917420132610007,-0.4066689737676586,0.020054773598996725,26,0.9373614236547931,-1.2384796319781897,1.3366439944863846,-1.1669108804087605,0.5619291447333501,0.08610881009751555,1.0806911803112436,14,-13.126046764757822,-11.652667590430493,-13.809626440964001,-11.5460282650768,-12.302447282959374,-12.487363268837697,0.8687138644010249,30,10.096846004812512,14.365526839450315,0.4066689737676586,12.487363268837697,0.08610881009751555,n1000__squared_error__boostrap_true__samples_0.85
68.63675751686097,17.738734334195616,29.422674083709715,12.293547942442489,True,squared_error,26,1.0,0.85,2,8,1000,"{'bootstrap': True, 'criterion': 'squared_error', 'max_depth': 26, 'max_features': 1.0, 'max_samples': 0.85, 'min_samples_leaf': 2, 'min_samples_split': 8, 'n_estimators': 1000}",-9.927446757364725,-10.160529973702232,-10.442123014608628,-10.074900888149878,-10.02039821197363,-10.125079769159818,0.17567475194366844,20,-14.100110217692105,-14.675973524404423,-14.988089924391439,-13.93277623684974,-14.19460515863803,-14.378311012395148,0.39244822631001525,22,-0.4098459679855029,-0.38298516500151375,-0.42507552870090637,-0.3850557396806267,-0.4318866787221218,-0.40696981601813426,0.020062050518404356,31,0.9029125008058371,-1.314753310719071,1.3238932391870966,-1.2035715604382973,0.5609866628069389,0.05389350632850085,1.0995716027385172,70,-13.212719050774771,-11.54845862364956,-13.839912508906837,-11.519539138761637,-12.250186676385878,-12.474163199695736,0.919688802105885,18,10.125079769159818,14.378311012395148,0.40696981601813426,12.474163199695736,0.05389350632850085,n1000__squared_error__boostrap_true__samples_0.85
75.68692622184753,32.4193166508442,17.14967632293701,6.794473029410331,True,squared_error,26,1.0,0.85,3,2,1000,"{'bootstrap': True, 'criterion': 'squared_error', 'max_depth': 26, 'max_features': 1.0, 'max_samples': 0.85, 'min_samples_leaf': 3, 'min_samples_split': 2, 'n_estimators': 1000}",-9.909027785920761,-10.16910565213976,-10.438610300440981,-10.045769554701577,-9.983073250523407,-10.109117308745297,0.18552632838460484,15,-14.117672809303324,-14.694114229626003,-14.998987114769095,-13.933791923996328,-14.170974525991536,-14.383108120737257,0.3983398916215376,28,-0.41014799154334036,-0.38056312443233425,-0.42628398791540784,-0.3799337149743899,-0.43128390596745025,-0.4056425449665845,0.021880442791422604,3,0.9205044121795719,-1.270174328736376,1.3598452797534262,-1.1835020538659193,0.5822845020004404,0.08179156226622859,1.096916900915984,29,-13.201981262117156,-11.69179401797986,-13.838727133395992,-11.66291270232892,-12.248727121898716,-12.52882844754413,0.8599840400472483,55,10.109117308745297,14.383108120737257,0.4056425449665845,12.52882844754413,0.08179156226622859,n1000__squared_error__boostrap_true__samples_0.85
65.11945943832397,21.718563427799182,32.818592119216916,9.407795129569143,True,squared_error,26,1.0,0.85,3,4,1000,"{'bootstrap': True, 'criterion': 'squared_error', 'max_depth': 26, 'max_features': 1.0, 'max_samples': 0.85, 'min_samples_leaf': 3, 'min_samples_split': 4, 'n_estimators': 1000}",-9.909027785920763,-10.16910565213976,-10.438610300440981,-10.045769554701575,-9.983073250523407,-10.109117308745297,0.1855263283846046,15,-14.117672809303324,-14.694114229626003,-14.998987114769095,-13.933791923996326,-14.170974525991536,-14.383108120737257,0.39833989162153804,28,-0.41014799154334036,-0.38056312443233425,-0.42628398791540784,-0.3799337149743899,-0.43128390596745025,-0.4056425449665845,0.021880442791422604,3,0.9205044121795717,-1.2701743287363767,1.3598452797534264,-1.183502053865919,0.5822845020004415,0.08179156226622881,1.0969169009159843,28,-13.20198126211716,-11.691794017979861,-13.838727133395993,-11.66291270232892,-12.248727121898716,-12.52882844754413,0.8599840400472489,55,10.109117308745297,14.383108120737257,0.4056425449665845,12.52882844754413,0.08179156226622881,n1000__squared_error__boostrap_true__samples_0.85
37.22996735572815,21.87591417988118,30.86327705383301,13.40003665244186,True,squared_error,26,1.0,0.85,3,8,1000,"{'bootstrap': True, 'criterion': 'squared_error', 'max_depth': 26, 'max_features': 1.0, 'max_samples': 0.85, 'min_samples_leaf': 3, 'min_samples_split': 8, 'n_estimators': 1000}",-9.939512935172264,-10.198822859718335,-10.451565487384778,-10.058311527566216,-9.984578700085606,-10.12655830198544,0.18474503278089519,21,-14.140603383339462,-14.72285824229586,-15.013464903474576,-13.9169821148984,-14.16609537811918,-14.392000804425496,0.4087935789526087,43,-0.4107520386590154,-0.38207689978807147,-0.4244712990936556,-0.3838505573968063,-0.4306811332127788,-0.40636638563006555,0.020175085811582293,19,0.9226835335287223,-1.2855744921735242,1.342412996351543,-1.1880449331561984,0.5689629495345749,0.07208801081702354,1.0968414220268317,55,-13.222328127893006,-11.664207352615099,-13.892551167675169,-11.554322930473647,-12.252152272022311,-12.517112370135845,0.907058485258241,48,10.12655830198544,14.392000804425496,0.40636638563006555,12.517112370135845,0.07208801081702354,n1000__squared_error__boostrap_true__samples_0.85
56.780451917648314,25.26025073851757,14.138775968551636,10.209975275419131,True,squared_error,26,1.0,0.85,4,2,1000,"{'bootstrap': True, 'criterion': 'squared_error', 'max_depth': 26, 'max_features': 1.0, 'max_samples': 0.85, 'min_samples_leaf': 4, 'min_samples_split': 2, 'n_estimators': 1000}",-9.953324843944985,-10.175908711306633,-10.469862145800997,-10.081940348305391,-9.997626139368098,-10.135732437745219,0.18357356213597043,28,-14.17663924788344,-14.696078385138524,-15.040035758421814,-13.958018441787583,-14.18444524734826,-14.411043416115925,0.3970894034808734,65,-0.41165810933252794,-0.3814713896457766,-0.42356495468277944,-0.3841518529677614,-0.4294755877034358,-0.4060643788664563,0.019852549376380067,12,0.9577381240352033,-1.3151608748869703,1.359788906894986,-1.1884729083416476,0.5958923635706324,0.08195712225444077,1.1162353717528661,25,-13.25257868194512,-11.613908771307202,-13.964388368196756,-11.575458209113593,-12.33308575184235,-12.547883956481005,0.9345736090738526,76,10.135732437745219,14.411043416115925,0.4060643788664563,12.547883956481005,0.08195712225444077,n1000__squared_error__boostrap_true__samples_0.85
49.043239164352414,14.366321751131366,20.46409969329834,14.834196985084205,True,squared_error,26,1.0,0.85,4,4,1000,"{'bootstrap': True, 'criterion': 'squared_error', 'max_depth': 26, 'max_features': 1.0, 'max_samples': 0.85, 'min_samples_leaf': 4, 'min_samples_split': 4, 'n_estimators': 1000}",-9.953324843944985,-10.175908711306633,-10.469862145800997,-10.081940348305391,-9.997626139368096,-10.135732437745219,0.18357356213597067,28,-14.17663924788344,-14.696078385138524,-15.040035758421814,-13.958018441787583,-14.18444524734826,-14.411043416115925,0.3970894034808734,65,-0.41165810933252794,-0.3814713896457766,-0.42356495468277944,-0.3841518529677614,-0.4294755877034358,-0.4060643788664563,0.019852549376380067,12,0.9577381240352026,-1.3151608748869708,1.3597889068949862,-1.1884729083416472,0.595892363570632,0.0819571222544406,1.1162353717528661,26,-13.25257868194512,-11.613908771307202,-13.964388368196756,-11.575458209113593,-12.33308575184235,-12.547883956481005,0.9345736090738526,76,10.135732437745219,14.411043416115925,0.4060643788664563,12.547883956481005,0.0819571222544406,n1000__squared_error__boostrap_true__samples_0.85
43.37850093841553,4.16820564633489,4.93215274810791,2.3775842738818667,True,squared_error,26,1.0,0.85,4,8,1000,"{'bootstrap': True, 'criterion': 'squared_error', 'max_depth': 26, 'max_features': 1.0, 'max_samples': 0.85, 'min_samples_leaf': 4, 'min_samples_split': 8, 'n_estimators': 1000}",-9.953324843944985,-10.175908711306633,-10.469862145800997,-10.081940348305391,-9.997626139368098,-10.135732437745219,0.18357356213597043,28,-14.17663924788344,-14.696078385138524,-15.040035758421814,-13.958018441787583,-14.18444524734826,-14.411043416115925,0.3970894034808734,65,-0.41165810933252794,-0.3814713896457766,-0.42356495468277944,-0.3841518529677614,-0.4294755877034358,-0.4060643788664563,0.019852549376380067,12,0.9577381240352032,-1.3151608748869708,1.3597889068949858,-1.1884729083416476,0.595892363570632,0.08195712225444052,1.1162353717528661,27,-13.25257868194512,-11.613908771307202,-13.964388368196754,-11.575458209113593,-12.33308575184235,-12.547883956481005,0.9345736090738519,76,10.135732437745219,14.411043416115925,0.4060643788664563,12.547883956481005,0.08195712225444052,n1000__squared_error__boostrap_true__samples_0.85
