mean_fit_time,std_fit_time,mean_score_time,std_score_time,param_bootstrap,param_criterion,param_max_depth,param_max_features,param_max_samples,param_min_samples_leaf,param_min_samples_split,param_n_estimators,params,split0_test_MAE,split1_test_MAE,split2_test_MAE,split3_test_MAE,split4_test_MAE,mean_test_MAE,std_test_MAE,rank_test_MAE,split0_test_RMSE,split1_test_RMSE,split2_test_RMSE,split3_test_RMSE,split4_test_RMSE,mean_test_RMSE,std_test_RMSE,rank_test_RMSE,split0_test_overestimation_rate,split1_test_overestimation_rate,split2_test_overestimation_rate,split3_test_overestimation_rate,split4_test_overestimation_rate,mean_test_overestimation_rate,std_test_overestimation_rate,rank_test_overestimation_rate,split0_test_mean_signed_error,split1_test_mean_signed_error,split2_test_mean_signed_error,split3_test_mean_signed_error,split4_test_mean_signed_error,mean_test_mean_signed_error,std_test_mean_signed_error,rank_test_mean_signed_error,split0_test_mean_overestimation,split1_test_mean_overestimation,split2_test_mean_overestimation,split3_test_mean_overestimation,split4_test_mean_overestimation,mean_test_mean_overestimation,std_test_mean_overestimation,rank_test_mean_overestimation,mean_MAE,mean_RMSE,overestimation_rate,mean_overstimation,mean_signed_error,chunk_id
82.94178833961487,0.07050127015216506,1.8627726554870605,0.39305752677981115,True,poisson,20,0.875,0.85,1,2,1000,"{'bootstrap': True, 'criterion': 'poisson', 'max_depth': 20, 'max_features': 0.875, 'max_samples': 0.85, 'min_samples_leaf': 1, 'min_samples_split': 2, 'n_estimators': 1000}",-9.972327723759376,-10.21550017839217,-10.427152330671632,-10.181970969073065,-9.964099853432097,-10.152210211065668,0.1721788068859306,67,-14.15445439514183,-14.586143620499726,-14.919866295965587,-14.000225174436306,-14.071461121682315,-14.346430121545154,0.3517419803012655,32,-0.4053156146179402,-0.3802603693611868,-0.4187311178247734,-0.37872853269056944,-0.42495479204339964,-0.4015980853075739,0.019137456130127923,24,0.6913575175474286,-1.5614715957624694,1.1938514317009012,-1.3914525915051466,0.3434522541904626,-0.14485259676576473,1.121662907809882,75,-13.154792039480935,-11.3790829651377,-13.876451101534302,-11.605302504036565,-12.127821947904845,-12.428690111618868,0.9479873268949353,26,10.152210211065668,14.346430121545154,0.4015980853075739,12.428690111618868,-0.14485259676576473,n1000__poisson__boostrap_true__samples_0.85
78.75373435020447,0.6559345656110467,3.5148579597473146,0.2566196634770663,True,poisson,20,0.875,0.85,1,4,1000,"{'bootstrap': True, 'criterion': 'poisson', 'max_depth': 20, 'max_features': 0.875, 'max_samples': 0.85, 'min_samples_leaf': 1, 'min_samples_split': 4, 'n_estimators': 1000}",-9.98553873754716,-10.185998138087973,-10.455656078589799,-10.187037515961984,-9.986685316696892,-10.16018315737676,0.17279698554807338,74,-14.140111006832374,-14.558892782944131,-14.96138478741292,-14.000214597569725,-14.093050345856568,-14.350730704123142,0.36051386252796586,36,-0.40682573240712777,-0.3799576142900394,-0.4226586102719033,-0.3793311238324797,-0.4258589511754069,-0.40292640639539146,0.020073709140365558,68,0.7044781839996738,-1.5691335667317514,1.1835516164848272,-1.3999582885831743,0.33874152134344493,-0.148464106697396,1.1246052786668892,77,-13.138324434759301,-11.339244493701035,-13.769041269012515,-11.582333580488593,-12.123059535958188,-12.390400662783927,0.9262195062954541,17,10.16018315737676,14.350730704123142,0.40292640639539146,12.390400662783927,-0.148464106697396,n1000__poisson__boostrap_true__samples_0.85
76.05737962722779,0.9714620746973321,4.469841146469117,0.3181936235909855,True,poisson,20,0.875,0.85,1,8,1000,"{'bootstrap': True, 'criterion': 'poisson', 'max_depth': 20, 'max_features': 0.875, 'max_samples': 0.85, 'min_samples_leaf': 1, 'min_samples_split': 8, 'n_estimators': 1000}",-10.019071134686795,-10.226533360646577,-10.496522150410678,-10.222064529646758,-9.989274956431807,-10.190693226364523,0.18211176046194139,93,-14.183193449387456,-14.585237496045396,-14.992899960084005,-14.03334101845659,-14.100783126303643,-14.379091010055419,0.3618375298240501,68,-0.40320144971307764,-0.3799576142900394,-0.4229607250755287,-0.3820427839710756,-0.42616033755274263,-0.4028645821204928,0.019518899128608,67,0.6825462972427594,-1.592815159563806,1.1673105771798362,-1.4356543548196115,0.3199772506828187,-0.17172707785560065,1.1297416948254082,81,-13.270807234875937,-11.361422796086213,-13.788316545830217,-11.499248963032844,-12.09550877765429,-12.403060863495899,0.9662702697365667,21,10.190693226364523,14.379091010055419,0.4028645821204928,12.403060863495899,-0.17172707785560065,n1000__poisson__boostrap_true__samples_0.85
71.75820560455323,3.122040888944146,3.814797115325928,0.5153513755846192,True,poisson,20,0.875,0.85,2,2,1000,"{'bootstrap': True, 'criterion': 'poisson', 'max_depth': 20, 'max_features': 0.875, 'max_samples': 0.85, 'min_samples_leaf': 2, 'min_samples_split': 2, 'n_estimators': 1000}",-9.950905779073963,-10.133870759474396,-10.413523059053233,-10.144761482658911,-9.942816109310966,-10.117175437914295,0.17141085794268612,47,-14.147084020186995,-14.570046804315043,-14.95879454708205,-13.993045343927164,-14.088385914072262,-14.351471325916702,0.3622358413955442,38,-0.40652370884929023,-0.3763245534362701,-0.42205438066465256,-0.3811388972582103,-0.4294755877034358,-0.4031034255823719,0.021287914266157792,69,0.7806674590567423,-1.4695114750650509,1.2880894948359847,-1.3004512974991558,0.5017843700498849,-0.03988428972431897,1.12810350163842,49,-13.19919724793862,-11.511817665488362,-13.86268344787878,-11.602476484009971,-12.15971382123484,-12.467177733310113,0.9206784385602825,48,10.117175437914295,14.351471325916702,0.4031034255823719,12.467177733310113,-0.03988428972431897,n1000__poisson__boostrap_true__samples_0.85
70.62368006706238,0.2713132485164187,2.5939369678497313,0.17877813299491147,True,poisson,20,0.875,0.85,2,4,1000,"{'bootstrap': True, 'criterion': 'poisson', 'max_depth': 20, 'max_features': 0.875, 'max_samples': 0.85, 'min_samples_leaf': 2, 'min_samples_split': 4, 'n_estimators': 1000}",-9.950905779073963,-10.133870759474398,-10.413523059053235,-10.144761482658913,-9.942816109310966,-10.117175437914295,0.17141085794268685,47,-14.147084020186995,-14.570046804315043,-14.95879454708205,-13.993045343927166,-14.088385914072262,-14.351471325916702,0.3622358413955439,38,-0.40652370884929023,-0.3763245534362701,-0.42205438066465256,-0.3811388972582103,-0.4294755877034358,-0.4031034255823719,0.021287914266157792,69,0.7806674590567436,-1.4695114750650509,1.2880894948359847,-1.3004512974991567,0.5017843700498841,-0.03988428972431903,1.1281035016384204,50,-13.199197247938622,-11.511817665488362,-13.86268344787878,-11.602476484009973,-12.15971382123484,-12.467177733310116,0.9206784385602824,49,10.117175437914295,14.351471325916702,0.4031034255823719,12.467177733310116,-0.03988428972431903,n1000__poisson__boostrap_true__samples_0.85
67.93063669204712,2.17915383003591,2.7883265018463135,1.9934595089669698,True,poisson,20,0.875,0.85,2,8,1000,"{'bootstrap': True, 'criterion': 'poisson', 'max_depth': 20, 'max_features': 0.875, 'max_samples': 0.85, 'min_samples_leaf': 2, 'min_samples_split': 8, 'n_estimators': 1000}",-9.990916136419129,-10.194705816105268,-10.4488739210229,-10.167094670743824,-9.985133013807866,-10.157344711619796,0.1696086868489257,70,-14.183432673121201,-14.578486964058868,-14.977305573444697,-14.004220522145527,-14.111492363036193,-14.370987619161298,0.35991948794369016,63,-0.40712775596496525,-0.38056312443233425,-0.42386706948640485,-0.38053630611630007,-0.4267631103074141,-0.40377147326148377,0.0201107605172587,81,0.7884739174926991,-1.558552348711683,1.2920513772554376,-1.3298101362569592,0.43889412167110553,-0.07378861370987999,1.1536006722147605,66,-13.23833845270848,-11.346545307398971,-13.849772892837242,-11.611618119541527,-12.212896198982776,-12.451834194293799,0.9547292280807512,33,10.157344711619796,14.370987619161298,0.40377147326148377,12.451834194293799,-0.07378861370987999,n1000__poisson__boostrap_true__samples_0.85
64.32200288772583,3.414550569869102,3.181185579299927,1.887988680032597,True,poisson,20,0.875,0.85,3,2,1000,"{'bootstrap': True, 'criterion': 'poisson', 'max_depth': 20, 'max_features': 0.875, 'max_samples': 0.85, 'min_samples_leaf': 3, 'min_samples_split': 2, 'n_estimators': 1000}",-9.964310543134992,-10.170415525204561,-10.42255088328828,-10.150680919722394,-9.937443275093123,-10.129080229288672,0.1744557210086007,57,-14.187695839782034,-14.536614452001714,-14.955941587731463,-14.013059971183178,-14.075834867165876,-14.353829343572855,0.3512704330234825,41,-0.4074297795228028,-0.3799576142900394,-0.4229607250755287,-0.3796324194034348,-0.4279686558167571,-0.40358983882171257,0.020575437193035447,77,0.8640847047752205,-1.5047219005124604,1.3445986101862493,-1.2997981953466442,0.521883702378256,-0.014790615703875765,1.164432903459279,28,-13.28866444248729,-11.403500415282078,-13.910451722643105,-11.657174508810758,-12.219734827904942,-12.495905183425634,0.9594265518226223,65,10.129080229288672,14.353829343572855,0.40358983882171257,12.495905183425634,-0.014790615703875765,n1000__poisson__boostrap_true__samples_0.85
63.03566842079162,1.3187764633397925,2.958041286468506,1.144736468842236,True,poisson,20,0.875,0.85,3,4,1000,"{'bootstrap': True, 'criterion': 'poisson', 'max_depth': 20, 'max_features': 0.875, 'max_samples': 0.85, 'min_samples_leaf': 3, 'min_samples_split': 4, 'n_estimators': 1000}",-9.964310543134992,-10.170415525204561,-10.42255088328828,-10.150680919722394,-9.937443275093123,-10.129080229288672,0.1744557210086007,57,-14.187695839782034,-14.536614452001713,-14.955941587731465,-14.013059971183178,-14.075834867165876,-14.353829343572855,0.3512704330234829,41,-0.4074297795228028,-0.3799576142900394,-0.4229607250755287,-0.3796324194034348,-0.4279686558167571,-0.40358983882171257,0.020575437193035447,77,0.8640847047752209,-1.5047219005124586,1.3445986101862493,-1.299798195346643,0.521883702378256,-0.014790615703875099,1.1644329034592784,27,-13.288664442487288,-11.403500415282078,-13.910451722643105,-11.657174508810758,-12.219734827904945,-12.495905183425634,0.9594265518226218,65,10.129080229288672,14.353829343572855,0.40358983882171257,12.495905183425634,-0.014790615703875099,n1000__poisson__boostrap_true__samples_0.85
63.1206552028656,1.634952388146519,2.360588312149048,1.2687485455659149,True,poisson,20,0.875,0.85,3,8,1000,"{'bootstrap': True, 'criterion': 'poisson', 'max_depth': 20, 'max_features': 0.875, 'max_samples': 0.85, 'min_samples_leaf': 3, 'min_samples_split': 8, 'n_estimators': 1000}",-9.991353187829429,-10.186124212850535,-10.467506520067584,-10.174753755233539,-9.97001588616953,-10.157950712430125,0.17887152961841135,71,-14.193761053417727,-14.602049255373682,-15.009301295215048,-14.023456420531211,-14.110846886806804,-14.387882982268895,0.3685829492936875,79,-0.40682573240712777,-0.38116863457462913,-0.42235649546827797,-0.3817414884001205,-0.42766726943942135,-0.40395192405791536,0.019605031811142377,82,0.844517767077119,-1.5076142105935657,1.3150528543677547,-1.2824613544224268,0.5098453325855836,-0.024131922197107046,1.1504097111094844,38,-13.317583048142383,-11.384082024406183,-13.948594967589756,-11.647008081409659,-12.25235360247691,-12.509924344804977,0.9798544623848089,70,10.157950712430125,14.387882982268895,0.40395192405791536,12.509924344804977,-0.024131922197107046,n1000__poisson__boostrap_true__samples_0.85
61.436042356491086,3.8443561756143203,2.451072931289673,1.8458785033249256,True,poisson,20,0.875,0.85,4,2,1000,"{'bootstrap': True, 'criterion': 'poisson', 'max_depth': 20, 'max_features': 0.875, 'max_samples': 0.85, 'min_samples_leaf': 4, 'min_samples_split': 2, 'n_estimators': 1000}",-10.014674847253461,-10.22420128278902,-10.489518825125074,-10.166801549555132,-9.990839238073626,-10.177207148559264,0.17944640174075904,82,-14.234850741299544,-14.591851143266627,-15.03110850319504,-14.034741593029665,-14.14413281660756,-14.407336959479688,0.3635908816664032,85,-0.41014799154334036,-0.37904934907659704,-0.42386706948640485,-0.3817414884001205,-0.4267631103074141,-0.4043138017627754,0.0203378533934828,85,0.8869310340507163,-1.5230579055970144,1.3689208194442384,-1.2897283059523261,0.5360194380865845,-0.004182983993560274,1.1773635553453814,16,-13.289844283136281,-11.477586491559581,-13.988394591419969,-11.627074228696806,-12.3333746777894,-12.543254854520407,0.9659099669867665,91,10.177207148559264,14.407336959479688,0.4043138017627754,12.543254854520407,-0.004182983993560274,n1000__poisson__boostrap_true__samples_0.85
57.6487783908844,1.2389594292071353,3.9026205062866213,0.4808820793113072,True,poisson,20,0.875,0.85,4,4,1000,"{'bootstrap': True, 'criterion': 'poisson', 'max_depth': 20, 'max_features': 0.875, 'max_samples': 0.85, 'min_samples_leaf': 4, 'min_samples_split': 4, 'n_estimators': 1000}",-10.014674847253461,-10.224201282789018,-10.489518825125076,-10.166801549555132,-9.990839238073626,-10.177207148559262,0.17944640174075954,81,-14.234850741299544,-14.591851143266625,-15.03110850319504,-14.034741593029668,-14.14413281660756,-14.407336959479688,0.36359088166640224,85,-0.41014799154334036,-0.37904934907659704,-0.42386706948640485,-0.3817414884001205,-0.4267631103074141,-0.4043138017627754,0.0203378533934828,85,0.8869310340507166,-1.5230579055970144,1.3689208194442388,-1.2897283059523266,0.5360194380865841,-0.004182983993560274,1.1773635553453816,16,-13.289844283136283,-11.477586491559581,-13.988394591419969,-11.627074228696806,-12.333374677789397,-12.543254854520407,0.965909966986767,91,10.177207148559262,14.407336959479688,0.4043138017627754,12.543254854520407,-0.004182983993560274,n1000__poisson__boostrap_true__samples_0.85
59.030251836776735,1.3913508861934905,3.1993441581726074,0.5918819454644796,True,poisson,20,0.875,0.85,4,8,1000,"{'bootstrap': True, 'criterion': 'poisson', 'max_depth': 20, 'max_features': 0.875, 'max_samples': 0.85, 'min_samples_leaf': 4, 'min_samples_split': 8, 'n_estimators': 1000}",-10.014674847253461,-10.22420128278902,-10.489518825125074,-10.166801549555132,-9.990839238073626,-10.177207148559264,0.17944640174075904,82,-14.234850741299542,-14.591851143266627,-15.03110850319504,-14.034741593029665,-14.14413281660756,-14.407336959479688,0.3635908816664033,85,-0.41014799154334036,-0.37904934907659704,-0.42386706948640485,-0.3817414884001205,-0.4267631103074141,-0.4043138017627754,0.0203378533934828,85,0.8869310340507168,-1.5230579055970155,1.3689208194442384,-1.2897283059523255,0.5360194380865845,-0.004182983993560252,1.1773635553453816,15,-13.289844283136281,-11.477586491559581,-13.988394591419969,-11.627074228696804,-12.333374677789397,-12.543254854520407,0.9659099669867671,91,10.177207148559264,14.407336959479688,0.4043138017627754,12.543254854520407,-0.004182983993560252,n1000__poisson__boostrap_true__samples_0.85
92.42164626121522,0.6960108268266857,6.051276588439942,1.0601349562531837,True,poisson,20,1.0,0.85,1,2,1000,"{'bootstrap': True, 'criterion': 'poisson', 'max_depth': 20, 'max_features': 1.0, 'max_samples': 0.85, 'min_samples_leaf': 1, 'min_samples_split': 2, 'n_estimators': 1000}",-9.913911316512774,-10.136475015060988,-10.384717566267357,-10.128295565806363,-9.93821170870852,-10.1003222344712,0.16970509035085649,26,-14.09526855574791,-14.622045751622952,-14.905318214873603,-13.974818677825969,-14.109252852390263,-14.341340810492142,0.35933845472286174,25,-0.40410752038659015,-0.37783832879200724,-0.4214501510574018,-0.3796324194034348,-0.42616033755274263,-0.4018377514384353,0.020250606525862108,32,0.6947095429686829,-1.4640678518463996,1.1872498703419472,-1.3326559248247825,0.34479415614828557,-0.11399404144245329,1.0831029401854233,73,-13.125987916944359,-11.476346498436609,-13.72874989791283,-11.58441586048328,-12.064714801836944,-12.396042995122803,0.8858087718016073,18,10.1003222344712,14.341340810492142,0.4018377514384353,12.396042995122803,-0.11399404144245329,n1000__poisson__boostrap_true__samples_0.85
85.43588066101074,0.4868750991364595,3.4715439796447756,0.13230288323323447,True,poisson,20,1.0,0.85,1,4,1000,"{'bootstrap': True, 'criterion': 'poisson', 'max_depth': 20, 'max_features': 1.0, 'max_samples': 0.85, 'min_samples_leaf': 1, 'min_samples_split': 4, 'n_estimators': 1000}",-9.925504752463054,-10.1042884506389,-10.37372161216973,-10.122050623624318,-9.929198714455747,-10.09095283067035,0.164097870779637,21,-14.09048354673881,-14.581561865901197,-14.889111173722158,-13.961110295982476,-14.064017095659127,-14.317256795600752,0.35756716325172233,5,-0.40471156750226517,-0.3799576142900394,-0.42114803625377645,-0.37872853269056944,-0.4213381555153707,-0.40117678125040424,0.018825534055660044,16,0.68300654379377,-1.4795466540754156,1.1872281169238146,-1.3707544346966483,0.2986824120477881,-0.13627680320133823,1.0899898082201196,74,-13.106261530562069,-11.34961041993992,-13.72551779171436,-11.553521102247787,-12.137378246687675,-12.374457818230361,0.9100940314063,10,10.09095283067035,14.317256795600752,0.40117678125040424,12.374457818230361,-0.13627680320133823,n1000__poisson__boostrap_true__samples_0.85
77.83654861450195,1.3082161729602364,5.428428840637207,0.4876136164462203,True,poisson,20,1.0,0.85,1,8,1000,"{'bootstrap': True, 'criterion': 'poisson', 'max_depth': 20, 'max_features': 1.0, 'max_samples': 0.85, 'min_samples_leaf': 1, 'min_samples_split': 8, 'n_estimators': 1000}",-9.931233279881015,-10.155012518876354,-10.436100196773836,-10.158974299196052,-9.955737039379732,-10.127411466821398,0.1816616374088595,56,-14.078812934115598,-14.62617294547903,-14.961415984220965,-14.003718078584841,-14.104428130914048,-14.354909614662896,0.37516386198116075,44,-0.40471156750226517,-0.3781410838631547,-0.41933534743202416,-0.3811388972582103,-0.4258589511754069,-0.4018371694462123,0.019398027415080458,30,0.661607783838626,-1.5039591967941681,1.164536456285997,-1.4109310887687765,0.34645002589257323,-0.14845920390914966,1.1005741015347656,76,-13.086901776856616,-11.438922787364874,-13.832171225370335,-11.476187911228507,-12.095773773026721,-12.38599149476941,0.9371893149112205,15,10.127411466821398,14.354909614662896,0.4018371694462123,12.38599149476941,-0.14845920390914966,n1000__poisson__boostrap_true__samples_0.85
74.62899866104127,4.131072011669668,5.638828945159912,1.0401364214832092,True,poisson,20,1.0,0.85,2,2,1000,"{'bootstrap': True, 'criterion': 'poisson', 'max_depth': 20, 'max_features': 1.0, 'max_samples': 0.85, 'min_samples_leaf': 2, 'min_samples_split': 2, 'n_estimators': 1000}",-9.870264014677153,-10.072802674853202,-10.367876527116287,-10.071600429104933,-9.904991317666855,-10.057506992683686,0.17611518656021405,3,-14.066348659825731,-14.57331235383681,-14.912002511035752,-13.939438495181653,-14.092562156473047,-14.3167328352706,0.36755265849729163,3,-0.40652370884929023,-0.3760217983651226,-0.41963746223564957,-0.3796324194034348,-0.42495479204339964,-0.40135403617937937,0.020157161354026353,18,0.7670940323613402,-1.4244492749503372,1.2727098450667083,-1.2731015134652042,0.4485122102757778,-0.041846940142343025,1.1000431060170432,51,-13.083318162609379,-11.499803252769391,-13.86981313604237,-11.588181706749312,-12.18188819351548,-12.444600890337185,0.9093188719309842,31,10.057506992683686,14.3167328352706,0.40135403617937937,12.444600890337185,-0.041846940142343025,n1000__poisson__boostrap_true__samples_0.85
78.2276774406433,0.8897385109384812,4.509969663619995,1.3367372240207225,True,poisson,20,1.0,0.85,2,4,1000,"{'bootstrap': True, 'criterion': 'poisson', 'max_depth': 20, 'max_features': 1.0, 'max_samples': 0.85, 'min_samples_leaf': 2, 'min_samples_split': 4, 'n_estimators': 1000}",-9.870264014677153,-10.072802674853204,-10.367876527116286,-10.071600429104933,-9.904991317666857,-10.057506992683686,0.17611518656021313,3,-14.06634865982573,-14.57331235383681,-14.912002511035752,-13.939438495181651,-14.092562156473045,-14.3167328352706,0.36755265849729246,3,-0.40652370884929023,-0.3760217983651226,-0.41963746223564957,-0.3796324194034348,-0.42495479204339964,-0.40135403617937937,0.020157161354026353,18,0.76709403236134,-1.4244492749503375,1.2727098450667085,-1.2731015134652044,0.44851221027577753,-0.04184694014234317,1.1000431060170432,52,-13.083318162609379,-11.499803252769391,-13.869813136042373,-11.588181706749312,-12.18188819351548,-12.444600890337188,0.9093188719309846,32,10.057506992683686,14.3167328352706,0.40135403617937937,12.444600890337188,-0.04184694014234317,n1000__poisson__boostrap_true__samples_0.85
74.17125754356384,0.33026593224717543,3.936255359649658,0.37855366031649573,True,poisson,20,1.0,0.85,2,8,1000,"{'bootstrap': True, 'criterion': 'poisson', 'max_depth': 20, 'max_features': 1.0, 'max_samples': 0.85, 'min_samples_leaf': 2, 'min_samples_split': 8, 'n_estimators': 1000}",-9.91712780232053,-10.130712242056859,-10.387119956978248,-10.093362983172677,-9.926330997821996,-10.090930796470062,0.1712408083594571,20,-14.127542017407329,-14.610523380519172,-14.92425859826885,-13.952383980351954,-14.10671389339938,-14.344284373989336,0.36448764323203536,27,-0.40561763817577773,-0.3763245534362701,-0.41933534743202416,-0.3808376016872552,-0.4240506329113924,-0.4012331547285439,0.019513930350368955,17,0.7645015911375855,-1.447998208854388,1.2450861014111398,-1.2994570531333778,0.4146193610319564,-0.06464964168141678,1.1019075153802664,61,-13.16711650102004,-11.536204526012774,-13.869813419765443,-11.545480135205871,-12.193060870887495,-12.462335090578325,0.9217984075533228,46,10.090930796470062,14.344284373989336,0.4012331547285439,12.462335090578325,-0.06464964168141678,n1000__poisson__boostrap_true__samples_0.85
68.30810623168945,4.514927218133341,4.916036987304688,1.6358757863785156,True,poisson,20,1.0,0.85,3,2,1000,"{'bootstrap': True, 'criterion': 'poisson', 'max_depth': 20, 'max_features': 1.0, 'max_samples': 0.85, 'min_samples_leaf': 3, 'min_samples_split': 2, 'n_estimators': 1000}",-9.879528312121437,-10.088739849193766,-10.366889318898746,-10.076400698864092,-9.920102776005406,-10.06633219101669,0.17159067346497558,9,-14.102791279781261,-14.593101330794191,-14.926603195148626,-13.9577410199425,-14.126286040281363,-14.341304573189586,0.36227576347676493,23,-0.4053156146179402,-0.37693006357856496,-0.41963746223564957,-0.38053630611630007,-0.42616033755274263,-0.4017159568202395,0.019972900388973355,27,0.8333007964585231,-1.3984375482342433,1.2894465208547041,-1.2502013156371627,0.5262076455882609,6.321980601642352e-05,1.1092869709634947,10,-13.215416236403966,-11.52773835344149,-13.888578700354183,-11.597052950487004,-12.256314702562866,-12.497020188649902,0.923029296370297,67,10.06633219101669,14.341304573189586,0.4017159568202395,12.497020188649902,6.321980601642352e-05,n1000__poisson__boostrap_true__samples_0.85
68.73413934707642,2.0829967556235514,4.074147701263428,0.8555761843038103,True,poisson,20,1.0,0.85,3,4,1000,"{'bootstrap': True, 'criterion': 'poisson', 'max_depth': 20, 'max_features': 1.0, 'max_samples': 0.85, 'min_samples_leaf': 3, 'min_samples_split': 4, 'n_estimators': 1000}",-9.879528312121437,-10.08873984919377,-10.366889318898746,-10.076400698864092,-9.920102776005406,-10.06633219101669,0.17159067346497567,9,-14.102791279781258,-14.593101330794193,-14.926603195148626,-13.9577410199425,-14.126286040281363,-14.341304573189586,0.3622757634767656,23,-0.4053156146179402,-0.37693006357856496,-0.41963746223564957,-0.38053630611630007,-0.42616033755274263,-0.4017159568202395,0.019972900388973355,27,0.8333007964585234,-1.398437548234243,1.2894465208547035,-1.250201315637163,0.5262076455882604,6.321980601624589e-05,1.1092869709634945,11,-13.215416236403966,-11.52773835344149,-13.888578700354183,-11.597052950487006,-12.256314702562866,-12.497020188649902,0.9230292963702966,67,10.06633219101669,14.341304573189586,0.4017159568202395,12.497020188649902,6.321980601624589e-05,n1000__poisson__boostrap_true__samples_0.85
68.6234785079956,0.18218443749090585,3.2697447299957276,0.06356087571079795,True,poisson,20,1.0,0.85,3,8,1000,"{'bootstrap': True, 'criterion': 'poisson', 'max_depth': 20, 'max_features': 1.0, 'max_samples': 0.85, 'min_samples_leaf': 3, 'min_samples_split': 8, 'n_estimators': 1000}",-9.894906938092744,-10.110808100867175,-10.411510374647918,-10.09930064511394,-9.93572914189522,-10.090451040123401,0.1820704167877076,19,-14.121522398606993,-14.600323405779188,-14.972224112350487,-13.975556234821351,-14.138842890843298,-14.361693808480263,0.3704425461672182,54,-0.40561763817577773,-0.3799576142900394,-0.4214501510574018,-0.38053630611630007,-0.4246534056660639,-0.40244302306111657,0.01923615370158129,59,0.8155501427579026,-1.4354329492023399,1.2738565594449511,-1.2585324460866718,0.49096493915855494,-0.022718750785520603,1.110915847595909,37,-13.202652045680004,-11.416240687629063,-13.863284785608386,-11.616195428571459,-12.276710773930597,-12.475016744283902,0.9332360188876234,58,10.090451040123401,14.361693808480263,0.40244302306111657,12.475016744283902,-0.022718750785520603,n1000__poisson__boostrap_true__samples_0.85
62.73898072242737,5.751718115876368,4.17434253692627,1.2498209471000654,True,poisson,20,1.0,0.85,4,2,1000,"{'bootstrap': True, 'criterion': 'poisson', 'max_depth': 20, 'max_features': 1.0, 'max_samples': 0.85, 'min_samples_leaf': 4, 'min_samples_split': 2, 'n_estimators': 1000}",-9.947264321355357,-10.136534671198996,-10.433701346717994,-10.10780843463223,-9.934595516363306,-10.111980858053576,0.18040037061607647,41,-14.185466544986886,-14.629211136775774,-14.999662800956497,-13.993327179687675,-14.139634434570816,-14.38946041939553,0.3716921898663856,81,-0.40863787375415284,-0.37844383893430217,-0.42114803625377645,-0.3793311238324797,-0.42495479204339964,-0.40250313296362217,0.020025664009284606,62,0.8672844241429,-1.4216239449882404,1.3114313323148328,-1.2577853525771852,0.5213183921557123,0.004124970209603895,1.1266553008762927,6,-13.232435660142178,-11.514140051469647,-13.944185497703964,-11.665300480278274,-12.302383811512804,-12.531689100221374,0.9300331216633426,77,10.111980858053576,14.38946041939553,0.40250313296362217,12.531689100221374,0.004124970209603895,n1000__poisson__boostrap_true__samples_0.85
61.84603424072266,5.951410824168736,5.636771821975708,1.171456369777118,True,poisson,20,1.0,0.85,4,4,1000,"{'bootstrap': True, 'criterion': 'poisson', 'max_depth': 20, 'max_features': 1.0, 'max_samples': 0.85, 'min_samples_leaf': 4, 'min_samples_split': 4, 'n_estimators': 1000}",-9.947264321355357,-10.136534671198994,-10.433701346717994,-10.10780843463223,-9.934595516363306,-10.111980858053576,0.18040037061607642,41,-14.185466544986886,-14.629211136775771,-14.999662800956497,-13.993327179687675,-14.13963443457082,-14.38946041939553,0.37169218986638464,81,-0.40863787375415284,-0.37844383893430217,-0.42114803625377645,-0.3793311238324797,-0.42495479204339964,-0.40250313296362217,0.020025664009284606,62,0.8672844241429009,-1.4216239449882404,1.3114313323148326,-1.257785352577185,0.5213183921557119,0.004124970209603984,1.1266553008762927,5,-13.232435660142178,-11.514140051469647,-13.944185497703964,-11.665300480278272,-12.302383811512804,-12.531689100221373,0.930033121663343,76,10.111980858053576,14.38946041939553,0.40250313296362217,12.531689100221373,0.004124970209603984,n1000__poisson__boostrap_true__samples_0.85
67.6740966796875,0.17896072703178464,4.621707963943481,0.1628366495549046,True,poisson,20,1.0,0.85,4,8,1000,"{'bootstrap': True, 'criterion': 'poisson', 'max_depth': 20, 'max_features': 1.0, 'max_samples': 0.85, 'min_samples_leaf': 4, 'min_samples_split': 8, 'n_estimators': 1000}",-9.947264321355357,-10.136534671198994,-10.433701346717992,-10.10780843463223,-9.934595516363306,-10.111980858053576,0.18040037061607578,41,-14.185466544986884,-14.629211136775773,-14.999662800956497,-13.993327179687675,-14.139634434570816,-14.389460419395528,0.37169218986638547,80,-0.40863787375415284,-0.37844383893430217,-0.42114803625377645,-0.3793311238324797,-0.42495479204339964,-0.40250313296362217,0.020025664009284606,62,0.8672844241429,-1.42162394498824,1.3114313323148326,-1.2577853525771852,0.5213183921557126,0.004124970209604006,1.1266553008762925,4,-13.232435660142178,-11.51414005146965,-13.944185497703964,-11.665300480278274,-12.302383811512804,-12.531689100221374,0.9300331216633422,77,10.111980858053576,14.389460419395528,0.40250313296362217,12.531689100221374,0.004124970209604006,n1000__poisson__boostrap_true__samples_0.85
87.16123375892639,1.0447836507706767,6.174921083450317,0.5435356391417733,True,poisson,22,0.875,0.85,1,2,1000,"{'bootstrap': True, 'criterion': 'poisson', 'max_depth': 22, 'max_features': 0.875, 'max_samples': 0.85, 'min_samples_leaf': 1, 'min_samples_split': 2, 'n_estimators': 1000}",-9.968659527867873,-10.186900662050135,-10.453573027296912,-10.196639826446054,-9.993564624890924,-10.15986753371038,0.17467860056907983,73,-14.123441699399503,-14.567994979857273,-14.938894329860256,-14.006456074337747,-14.090661643513492,-14.345489745393655,0.355196876837903,31,-0.40410752038659015,-0.3781410838631547,-0.42084592145015104,-0.38053630611630007,-0.42706449668474983,-0.40213906570018915,0.02008820912654157,47,0.651177410593356,-1.5680627848937103,1.1910573767837342,-1.4162571043756296,0.3277186608703348,-0.16287328820438293,1.1208939074284583,79,-13.139865509433905,-11.396325663830133,-13.83479060929897,-11.53685283236411,-12.083986570979482,-12.39836423718132,0.9442734116120813,19,10.15986753371038,14.345489745393655,0.40213906570018915,12.39836423718132,-0.16287328820438293,n1000__poisson__boostrap_true__samples_0.85
77.43839030265808,2.1053498324856,4.867422199249267,0.3947376219377368,True,poisson,22,0.875,0.85,1,4,1000,"{'bootstrap': True, 'criterion': 'poisson', 'max_depth': 22, 'max_features': 0.875, 'max_samples': 0.85, 'min_samples_leaf': 1, 'min_samples_split': 4, 'n_estimators': 1000}",-9.989738879612128,-10.187406112928299,-10.440343664764683,-10.207559495959256,-9.976204498519303,-10.160250530356732,0.16992639153963457,75,-14.142705135999398,-14.57868396047155,-14.934002922530533,-14.021585957994866,-14.07653554297174,-14.350702703993619,0.35184174033834675,35,-0.40622168529145275,-0.37844383893430217,-0.4205438066465257,-0.3814401928291654,-0.42495479204339964,-0.4023208631489692,0.01931683979667839,53,0.6716887411181599,-1.5796516770848632,1.1710560326789987,-1.445242975438992,0.3156399034965385,-0.17330199504603164,1.1274773005995442,82,-13.122671692281779,-11.372565160636347,-13.805220186256676,-11.48583275339919,-12.109340328329276,-12.379126024180653,0.9455714336831225,12,10.160250530356732,14.350702703993619,0.4023208631489692,12.379126024180653,-0.17330199504603164,n1000__poisson__boostrap_true__samples_0.85
66.5747176170349,0.48552133256901825,5.433665704727173,0.17274419338064712,True,poisson,22,0.875,0.85,1,8,1000,"{'bootstrap': True, 'criterion': 'poisson', 'max_depth': 22, 'max_features': 0.875, 'max_samples': 0.85, 'min_samples_leaf': 1, 'min_samples_split': 8, 'n_estimators': 1000}",-10.021839127716738,-10.244264534927641,-10.504337661072132,-10.233615687413987,-9.994223529386757,-10.19965610810345,0.1842799155644066,94,-14.178027320008182,-14.628013743514199,-15.005239657706378,-14.054319896024191,-14.098761728327672,-14.392872469116123,0.3681201986517439,84,-0.40471156750226517,-0.3802603693611868,-0.4226586102719033,-0.38053630611630007,-0.42766726943942135,-0.40316682453821534,0.020096934070110692,73,0.6433571284038843,-1.6348305026917591,1.1584594826895243,-1.4745060677281558,0.30013190265125955,-0.20147761133504938,1.1392882605945338,91,-13.17629283731917,-11.320446102099968,-13.796947300161218,-11.508901356982294,-12.035472629845714,-12.367612045281671,0.9634543107275333,7,10.19965610810345,14.392872469116123,0.40316682453821534,12.367612045281671,-0.20147761133504938,n1000__poisson__boostrap_true__samples_0.85
69.14437942504883,0.7686947929032953,5.6361973762512205,0.4465024424512195,True,poisson,22,0.875,0.85,2,2,1000,"{'bootstrap': True, 'criterion': 'poisson', 'max_depth': 22, 'max_features': 0.875, 'max_samples': 0.85, 'min_samples_leaf': 2, 'min_samples_split': 2, 'n_estimators': 1000}",-9.960748656439389,-10.155560597118134,-10.413934440019215,-10.129315197328616,-9.949363180394961,-10.121784414260064,0.16864802279161392,51,-14.153327108201553,-14.563546314077515,-14.960106850223823,-13.972927823715246,-14.084388951733398,-14.346859409590305,0.3658403919370543,33,-0.4080338266384778,-0.37753557372085983,-0.4217522658610272,-0.37872853269056944,-0.42646172393007836,-0.4025023845682026,0.02080260753275326,60,0.7689273288565787,-1.5084766444052145,1.2713873142708774,-1.3287506026221372,0.4603283798972827,-0.06731684480052258,1.1347245762743932,62,-13.148022645194281,-11.452012147478257,-13.853300503832452,-11.61856558863596,-12.204719645600585,-12.455324106148307,0.9169265590181771,40,10.121784414260064,14.346859409590305,0.4025023845682026,12.455324106148307,-0.06731684480052258,n1000__poisson__boostrap_true__samples_0.85
68.78693227767944,1.1560037242873429,5.479186630249023,0.7966853089537874,True,poisson,22,0.875,0.85,2,4,1000,"{'bootstrap': True, 'criterion': 'poisson', 'max_depth': 22, 'max_features': 0.875, 'max_samples': 0.85, 'min_samples_leaf': 2, 'min_samples_split': 4, 'n_estimators': 1000}",-9.960748656439389,-10.155560597118134,-10.413934440019215,-10.129315197328616,-9.949363180394963,-10.121784414260064,0.16864802279161356,51,-14.153327108201553,-14.563546314077515,-14.960106850223825,-13.972927823715244,-14.084388951733398,-14.346859409590309,0.36584039193705525,34,-0.4080338266384778,-0.37753557372085983,-0.4217522658610272,-0.37872853269056944,-0.42646172393007836,-0.4025023845682026,0.02080260753275326,60,0.768927328856579,-1.5084766444052147,1.2713873142708774,-1.3287506026221367,0.46032837989728187,-0.06731684480052263,1.134724576274393,63,-13.148022645194283,-11.452012147478257,-13.853300503832452,-11.61856558863596,-12.204719645600585,-12.455324106148307,0.9169265590181774,40,10.121784414260064,14.346859409590309,0.4025023845682026,12.455324106148307,-0.06731684480052263,n1000__poisson__boostrap_true__samples_0.85
60.760159158706664,0.7055213279005869,5.376642656326294,0.5002145971441203,True,poisson,22,0.875,0.85,2,8,1000,"{'bootstrap': True, 'criterion': 'poisson', 'max_depth': 22, 'max_features': 0.875, 'max_samples': 0.85, 'min_samples_leaf': 2, 'min_samples_split': 8, 'n_estimators': 1000}",-9.990890700412486,-10.189362678784121,-10.456664140727606,-10.18532269035877,-9.97470433281038,-10.159388908618672,0.1746101888601458,72,-14.178735070731497,-14.559955964914685,-14.97019930955009,-14.023996147476224,-14.10844185478802,-14.368265669492104,0.3524261746055852,59,-0.40561763817577773,-0.3796548592188919,-0.4229607250755287,-0.37842723711961435,-0.4258589511754069,-0.4025038821530439,0.02037351139629513,65,0.7749279169630097,-1.5726328561073608,1.2646984653481004,-1.3697843230484268,0.4055602766211245,-0.09944610404471062,1.1545120334101977,72,-13.270895548075305,-11.348109491348222,-13.856325080753782,-11.647600255216174,-12.187444435277328,-12.462074962134164,0.9568525673380562,45,10.159388908618672,14.368265669492104,0.4025038821530439,12.462074962134164,-0.09944610404471062,n1000__poisson__boostrap_true__samples_0.85
60.47632989883423,0.984848887198604,5.3029622554779055,0.7103070376691809,True,poisson,22,0.875,0.85,3,2,1000,"{'bootstrap': True, 'criterion': 'poisson', 'max_depth': 22, 'max_features': 0.875, 'max_samples': 0.85, 'min_samples_leaf': 3, 'min_samples_split': 2, 'n_estimators': 1000}",-9.989624696745889,-10.160797288833693,-10.441327738168264,-10.129646743690042,-9.970737709551779,-10.138426835397933,0.1688716693177819,63,-14.221487921765881,-14.552238323451288,-14.981941402593012,-13.983865260022332,-14.114894283700664,-14.370885438306635,0.35886319622510754,61,-0.4083358501963153,-0.37844383893430217,-0.42205438066465256,-0.3799337149743899,-0.42706449668474983,-0.40316645629088194,0.020521017193134688,71,0.8461896931184293,-1.508636009643106,1.3184341257855008,-1.2727480096645285,0.5046083775870664,-0.022430364563327587,1.149111800908107,36,-13.268262368654126,-11.431235482066604,-13.931571857439856,-11.655847303025649,-12.264360732931081,-12.510255548823462,0.9538843120088251,71,10.138426835397933,14.370885438306635,0.40316645629088194,12.510255548823462,-0.022430364563327587,n1000__poisson__boostrap_true__samples_0.85
60.792554187774655,0.8347493916992327,5.099160099029541,0.1971996306949315,True,poisson,22,0.875,0.85,3,4,1000,"{'bootstrap': True, 'criterion': 'poisson', 'max_depth': 22, 'max_features': 0.875, 'max_samples': 0.85, 'min_samples_leaf': 3, 'min_samples_split': 4, 'n_estimators': 1000}",-9.989624696745889,-10.160797288833693,-10.441327738168264,-10.129646743690042,-9.970737709551779,-10.138426835397933,0.1688716693177819,63,-14.221487921765881,-14.552238323451286,-14.981941402593014,-13.983865260022329,-14.114894283700664,-14.370885438306635,0.35886319622510876,61,-0.4083358501963153,-0.37844383893430217,-0.42205438066465256,-0.3799337149743899,-0.42706449668474983,-0.40316645629088194,0.020521017193134688,71,0.8461896931184296,-1.5086360096431053,1.3184341257855006,-1.272748009664529,0.504608377587067,-0.02243036456332741,1.149111800908107,35,-13.268262368654126,-11.431235482066604,-13.931571857439856,-11.655847303025649,-12.264360732931081,-12.510255548823462,0.9538843120088251,71,10.138426835397933,14.370885438306635,0.40316645629088194,12.510255548823462,-0.02243036456332741,n1000__poisson__boostrap_true__samples_0.85
57.1842278957367,1.0347424810029007,5.625758218765259,0.7511790428285021,True,poisson,22,0.875,0.85,3,8,1000,"{'bootstrap': True, 'criterion': 'poisson', 'max_depth': 22, 'max_features': 0.875, 'max_samples': 0.85, 'min_samples_leaf': 3, 'min_samples_split': 8, 'n_estimators': 1000}",-9.995887645336275,-10.190904267440699,-10.464196408723843,-10.167746405877933,-9.962763913895909,-10.156299728254933,0.1785032292091947,69,-14.20650630930496,-14.58798813758939,-15.011913365174884,-14.021334872700635,-14.100469802189256,-14.385642497391824,0.36858981085218173,77,-0.4074297795228028,-0.3799576142900394,-0.42386706948640485,-0.3817414884001205,-0.42857142857142855,-0.4043134760541592,0.020411787049052433,84,0.8510940929987647,-1.5361073738996165,1.323379765285285,-1.294706763962256,0.5026846292598,-0.030731130063604572,1.1627172013711202,42,-13.311473882738072,-11.38916101169968,-13.904802970766292,-11.621791070054513,-12.209689967014993,-12.48738378045471,0.9716644999049371,61,10.156299728254933,14.385642497391824,0.4043134760541592,12.48738378045471,-0.030731130063604572,n1000__poisson__boostrap_true__samples_0.85
55.77585253715515,1.432213696747962,5.152463054656982,0.6428199328880302,True,poisson,22,0.875,0.85,4,2,1000,"{'bootstrap': True, 'criterion': 'poisson', 'max_depth': 22, 'max_features': 0.875, 'max_samples': 0.85, 'min_samples_leaf': 4, 'min_samples_split': 2, 'n_estimators': 1000}",-10.012427193782784,-10.215804097087291,-10.49358218763273,-10.186321422846722,-9.979867582002756,-10.177600496670458,0.1831723364437797,84,-14.232260203812197,-14.582384892517409,-15.041070960301127,-14.057663618062044,-14.132685591817257,-14.409213053302006,0.36348305430923555,88,-0.40954394442766534,-0.3802603693611868,-0.42235649546827797,-0.38264537511298585,-0.4282700421940928,-0.40461524531284176,0.019871731815594186,88,0.8748347004822455,-1.5168911974153472,1.3612813205494152,-1.2837045266039506,0.538813053850888,-0.00513332982734982,1.1711077281692575,19,-13.291933676958523,-11.438100839019281,-14.034191062976717,-11.632986408909357,-12.280430101957213,-12.535528417964219,0.9901659617819067,85,10.177600496670458,14.409213053302006,0.40461524531284176,12.535528417964219,-0.00513332982734982,n1000__poisson__boostrap_true__samples_0.85
55.63494162559509,0.4734130842758785,4.92936635017395,0.21916948732725447,True,poisson,22,0.875,0.85,4,4,1000,"{'bootstrap': True, 'criterion': 'poisson', 'max_depth': 22, 'max_features': 0.875, 'max_samples': 0.85, 'min_samples_leaf': 4, 'min_samples_split': 4, 'n_estimators': 1000}",-10.012427193782784,-10.215804097087291,-10.49358218763273,-10.186321422846726,-9.979867582002758,-10.17760049667046,0.18317233644377937,86,-14.2322602038122,-14.58238489251741,-15.041070960301129,-14.057663618062044,-14.132685591817257,-14.409213053302008,0.36348305430923616,89,-0.40954394442766534,-0.3802603693611868,-0.42235649546827797,-0.38264537511298585,-0.4282700421940928,-0.40461524531284176,0.019871731815594186,88,0.8748347004822449,-1.5168911974153465,1.3612813205494145,-1.2837045266039506,0.5388130538508885,-0.005133329827349842,1.171107728169257,20,-13.291933676958523,-11.438100839019283,-14.034191062976717,-11.632986408909355,-12.280430101957213,-12.535528417964219,0.9901659617819067,85,10.17760049667046,14.409213053302008,0.40461524531284176,12.535528417964219,-0.005133329827349842,n1000__poisson__boostrap_true__samples_0.85
56.10342583656311,1.0677852288833531,5.599866771697998,0.2619174400662082,True,poisson,22,0.875,0.85,4,8,1000,"{'bootstrap': True, 'criterion': 'poisson', 'max_depth': 22, 'max_features': 0.875, 'max_samples': 0.85, 'min_samples_leaf': 4, 'min_samples_split': 8, 'n_estimators': 1000}",-10.012427193782784,-10.215804097087291,-10.49358218763273,-10.186321422846722,-9.979867582002756,-10.177600496670458,0.1831723364437797,84,-14.2322602038122,-14.58238489251741,-15.041070960301127,-14.057663618062044,-14.132685591817257,-14.409213053302008,0.36348305430923555,89,-0.40954394442766534,-0.3802603693611868,-0.42235649546827797,-0.38264537511298585,-0.4282700421940928,-0.40461524531284176,0.019871731815594186,88,0.8748347004822454,-1.5168911974153463,1.3612813205494148,-1.2837045266039506,0.538813053850888,-0.005133329827349753,1.171107728169257,18,-13.291933676958523,-11.438100839019283,-14.034191062976719,-11.632986408909355,-12.280430101957212,-12.535528417964219,0.9901659617819073,85,10.177600496670458,14.409213053302008,0.40461524531284176,12.535528417964219,-0.005133329827349753,n1000__poisson__boostrap_true__samples_0.85
101.72151894569397,1.263889270004754,6.067415809631347,0.9113449423627089,True,poisson,22,1.0,0.85,1,2,1000,"{'bootstrap': True, 'criterion': 'poisson', 'max_depth': 22, 'max_features': 1.0, 'max_samples': 0.85, 'min_samples_leaf': 1, 'min_samples_split': 2, 'n_estimators': 1000}",-9.915755419756488,-10.129807681479793,-10.386676335973188,-10.139678418597445,-9.963676385987345,-10.107118848358851,0.16548292930777175,36,-14.080955554454176,-14.63167607261091,-14.903077101450627,-13.975905627977737,-14.105872012018844,-14.33949727370246,0.3623849172097667,18,-0.40380549682875266,-0.37753557372085983,-0.4199395770392749,-0.3796324194034348,-0.4234478601567209,-0.4008721854298086,0.019378111026808666,7,0.6159787176363133,-1.4846847981600448,1.1488347878298542,-1.375668815802764,0.3069744876055862,-0.15771312417821098,1.0738594860892283,78,-13.04060274080313,-11.449414949320419,-13.734727273305062,-11.542757091934739,-12.127409109815424,-12.378982233035755,0.8834526776690802,11,10.107118848358851,14.33949727370246,0.4008721854298086,12.378982233035755,-0.15771312417821098,n1000__poisson__boostrap_true__samples_0.85
91.19662413597106,0.5340768360667302,3.636200952529907,0.5414816125560741,True,poisson,22,1.0,0.85,1,4,1000,"{'bootstrap': True, 'criterion': 'poisson', 'max_depth': 22, 'max_features': 1.0, 'max_samples': 0.85, 'min_samples_leaf': 1, 'min_samples_split': 4, 'n_estimators': 1000}",-9.913560950109236,-10.115293900479475,-10.40631633750104,-10.135797908307996,-9.944728834286805,-10.10313958613691,0.17559297336266352,29,-14.080592248530134,-14.602910433097765,-14.91447885240446,-13.984362095764963,-14.086836402625002,-14.333836006484464,0.3624418246004437,15,-0.4044095439444277,-0.37904934907659704,-0.4217522658610272,-0.3814401928291654,-0.42374924653405666,-0.40208011964905477,0.01907036227439311,43,0.6333874336430223,-1.4869879802268133,1.1439506055851023,-1.4038707320233588,0.293321796567721,-0.16403977529086528,1.0810440649335773,80,-13.039935062958824,-11.381507370045746,-13.693188961896537,-11.44599774806031,-12.080317209521803,-12.328189270496644,0.9061694424467417,1,10.10313958613691,14.333836006484464,0.40208011964905477,12.328189270496644,-0.16403977529086528,n1000__poisson__boostrap_true__samples_0.85
76.40355978012084,4.852686850250835,5.9020506858825685,1.512970826191431,True,poisson,22,1.0,0.85,1,8,1000,"{'bootstrap': True, 'criterion': 'poisson', 'max_depth': 22, 'max_features': 1.0, 'max_samples': 0.85, 'min_samples_leaf': 1, 'min_samples_split': 8, 'n_estimators': 1000}",-9.941767809304888,-10.139494051018248,-10.436754080765017,-10.161126140316462,-9.953041057616241,-10.126436627804171,0.1799107425798452,53,-14.101813208513748,-14.613767266938877,-14.951794307399457,-14.017627091912264,-14.09509005862578,-14.356018386678025,0.36567635043740865,47,-0.4077318030806403,-0.37844383893430217,-0.41661631419939577,-0.37872853269056944,-0.42374924653405666,-0.40105394708779285,0.01903417330200283,11,0.6490864372404177,-1.5312942598383352,1.126839905850259,-1.423354389017641,0.2791167314470187,-0.1799211148636562,1.0934284901428586,84,-12.987525337152414,-11.373153564106898,-13.877989882413548,-11.535666047160214,-12.073363991504939,-12.369539764467604,0.9416133868582185,8,10.126436627804171,14.356018386678025,0.40105394708779285,12.369539764467604,-0.1799211148636562,n1000__poisson__boostrap_true__samples_0.85
77.92138576507568,1.128906656762181,5.668311929702758,0.7948958583383895,True,poisson,22,1.0,0.85,2,2,1000,"{'bootstrap': True, 'criterion': 'poisson', 'max_depth': 22, 'max_features': 1.0, 'max_samples': 0.85, 'min_samples_leaf': 2, 'min_samples_split': 2, 'n_estimators': 1000}",-9.86673783831946,-10.09255010415747,-10.360348765628496,-10.069742955989677,-9.903621963619702,-10.05860032554296,0.17501906950004287,5,-14.077261302731094,-14.59204018956503,-14.8959588431229,-13.951634690302667,-14.10280062990983,-14.323939131126304,0.3598464986206424,6,-0.40622168529145275,-0.3763245534362701,-0.41933534743202416,-0.380235010545345,-0.4234478601567209,-0.4011128913723626,0.01953128831497484,12,0.7715456006354012,-1.4277112557472977,1.2505005174216217,-1.266880879229535,0.4596322110776836,-0.04258276116842523,1.0958627707512503,54,-13.0941845599924,-11.512454833587611,-13.844348388651259,-11.575554371143783,-12.236753505923815,-12.452659131859772,0.8998073110928237,34,10.05860032554296,14.323939131126304,0.4011128913723626,12.452659131859772,-0.04258276116842523,n1000__poisson__boostrap_true__samples_0.85
79.91512403488159,0.4438764086052605,3.2500115394592286,0.861767947433991,True,poisson,22,1.0,0.85,2,4,1000,"{'bootstrap': True, 'criterion': 'poisson', 'max_depth': 22, 'max_features': 1.0, 'max_samples': 0.85, 'min_samples_leaf': 2, 'min_samples_split': 4, 'n_estimators': 1000}",-9.86673783831946,-10.09255010415747,-10.360348765628496,-10.069742955989677,-9.9036219636197,-10.05860032554296,0.17501906950004317,5,-14.077261302731095,-14.592040189565031,-14.8959588431229,-13.951634690302667,-14.10280062990983,-14.323939131126304,0.35984649862064244,6,-0.40622168529145275,-0.3763245534362701,-0.41933534743202416,-0.380235010545345,-0.4234478601567209,-0.4011128913723626,0.01953128831497484,12,0.7715456006354011,-1.4277112557472966,1.2505005174216224,-1.2668808792295354,0.4596322110776833,-0.04258276116842504,1.0958627707512503,53,-13.094184559992398,-11.51245483358761,-13.844348388651259,-11.575554371143783,-12.236753505923815,-12.452659131859772,0.8998073110928239,34,10.05860032554296,14.323939131126304,0.4011128913723626,12.452659131859772,-0.04258276116842504,n1000__poisson__boostrap_true__samples_0.85
71.30774321556092,4.868343385245865,4.397412967681885,1.2197432032021887,True,poisson,22,1.0,0.85,2,8,1000,"{'bootstrap': True, 'criterion': 'poisson', 'max_depth': 22, 'max_features': 1.0, 'max_samples': 0.85, 'min_samples_leaf': 2, 'min_samples_split': 8, 'n_estimators': 1000}",-9.908999594414796,-10.118347078979202,-10.405875376751915,-10.111628864439549,-9.937910846905368,-10.096552352298167,0.1770458748514724,25,-14.114764353533237,-14.602892795362274,-14.95539793294121,-13.976016018181458,-14.121746164521324,-14.354163452907901,0.3681506194185384,43,-0.4050135910601027,-0.37904934907659704,-0.4199395770392749,-0.3811388972582103,-0.42374924653405666,-0.4017781321936484,0.018791549904245322,29,0.7535250221832605,-1.4724257745654263,1.238734303824308,-1.3384823184627537,0.41129254661111425,-0.08147124408189947,1.1133560934225843,67,-13.163168905874782,-11.404743637571363,-13.864625195218453,-11.509119915453354,-12.211471144981397,-12.43062575981987,0.9531641764891534,27,10.096552352298167,14.354163452907901,0.4017781321936484,12.43062575981987,-0.08147124408189947,n1000__poisson__boostrap_true__samples_0.85
68.28888158798217,3.471068454843123,5.917324542999268,0.8718425717190627,True,poisson,22,1.0,0.85,3,2,1000,"{'bootstrap': True, 'criterion': 'poisson', 'max_depth': 22, 'max_features': 1.0, 'max_samples': 0.85, 'min_samples_leaf': 3, 'min_samples_split': 2, 'n_estimators': 1000}",-9.866404292190744,-10.095993848707884,-10.376499302419893,-10.074760818144219,-9.919263448520582,-10.066584341996665,0.1781878528610815,11,-14.081643462141615,-14.604628781024125,-14.927315690544617,-13.955073676299534,-14.136578406862867,-14.34104800337455,0.36640396843839607,21,-0.4077318030806403,-0.37935210414774445,-0.41842900302114805,-0.380235010545345,-0.4240506329113924,-0.40195971074125403,0.018844786838757913,37,0.7983665444489041,-1.3993479715432453,1.2859169906781982,-1.2409401689499173,0.48065006986350894,-0.015070907100510279,1.0971752570160738,29,-13.078168977819953,-11.462498536422506,-13.935955931463784,-11.616264157953998,-12.262584596303629,-12.471094439992774,0.9279908993494758,55,10.066584341996665,14.34104800337455,0.40195971074125403,12.471094439992774,-0.015070907100510279,n1000__poisson__boostrap_true__samples_0.85
73.97205452919006,0.3240072238388938,3.543681526184082,0.447139713211814,True,poisson,22,1.0,0.85,3,4,1000,"{'bootstrap': True, 'criterion': 'poisson', 'max_depth': 22, 'max_features': 1.0, 'max_samples': 0.85, 'min_samples_leaf': 3, 'min_samples_split': 4, 'n_estimators': 1000}",-9.866404292190746,-10.095993848707884,-10.376499302419893,-10.074760818144219,-9.919263448520582,-10.066584341996665,0.1781878528610811,11,-14.081643462141615,-14.604628781024125,-14.92731569054462,-13.955073676299534,-14.136578406862867,-14.341048003374553,0.3664039684383972,22,-0.4077318030806403,-0.37935210414774445,-0.41842900302114805,-0.380235010545345,-0.4240506329113924,-0.40195971074125403,0.018844786838757913,37,0.7983665444489039,-1.3993479715432455,1.285916990678198,-1.240940168949917,0.48065006986350867,-0.015070907100510423,1.0971752570160735,30,-13.078168977819953,-11.462498536422506,-13.935955931463782,-11.616264157953998,-12.262584596303629,-12.471094439992774,0.9279908993494753,55,10.066584341996665,14.341048003374553,0.40195971074125403,12.471094439992774,-0.015070907100510423,n1000__poisson__boostrap_true__samples_0.85
71.57070169448852,2.3564761815609856,2.9281044006347656,0.3446938828179839,True,poisson,22,1.0,0.85,3,8,1000,"{'bootstrap': True, 'criterion': 'poisson', 'max_depth': 22, 'max_features': 1.0, 'max_samples': 0.85, 'min_samples_leaf': 3, 'min_samples_split': 8, 'n_estimators': 1000}",-9.921150889237886,-10.107866631981059,-10.409310161024107,-10.097888904435345,-9.918804305940087,-10.091004178523697,0.1789711576104109,22,-14.12915350253627,-14.584018642416925,-14.96552196612834,-13.976321263356684,-14.099568723030997,-14.350916819493843,0.3700682669835136,37,-0.40712775596496525,-0.37904934907659704,-0.4190332326283988,-0.3820427839710756,-0.4246534056660639,-0.4023813054614201,0.01872910869977081,54,0.7989235173954268,-1.4386030263773995,1.2699731565985748,-1.2801612663387092,0.4767602009733523,-0.034621483549750955,1.111828151656612,46,-13.165491973428376,-11.435534220970002,-13.935986943522378,-11.540235816578365,-12.240057854485022,-12.46346136179683,0.9612561895535959,47,10.091004178523697,14.350916819493843,0.4023813054614201,12.46346136179683,-0.034621483549750955,n1000__poisson__boostrap_true__samples_0.85
64.45601935386658,2.131192308237602,4.411913013458252,2.3101825520595036,True,poisson,22,1.0,0.85,4,2,1000,"{'bootstrap': True, 'criterion': 'poisson', 'max_depth': 22, 'max_features': 1.0, 'max_samples': 0.85, 'min_samples_leaf': 4, 'min_samples_split': 2, 'n_estimators': 1000}",-9.944450640163799,-10.13572342891508,-10.418894702389057,-10.08779816662663,-9.936538471345369,-10.104681081887986,0.17545631443768453,30,-14.166516450060692,-14.63077520375417,-14.976333392457622,-13.974846230196762,-14.134606691248381,-14.376615593543525,0.37104908731950287,65,-0.40652370884929023,-0.3802603693611868,-0.4199395770392749,-0.37872853269056944,-0.4240506329113924,-0.4019005641703427,0.019197114739038422,34,0.8648389014972001,-1.4194085645907848,1.3161030178838509,-1.2466956287294018,0.514900039330131,0.005947553078199075,1.123742793233097,2,-13.294783682184093,-11.460982482827685,-13.972245487087527,-11.67208405858429,-12.32333794542335,-12.54468673122139,0.9576445107186549,94,10.104681081887986,14.376615593543525,0.4019005641703427,12.54468673122139,0.005947553078199075,n1000__poisson__boostrap_true__samples_0.85
71.25209937095642,0.9052701357485742,3.731218767166138,0.6828300961701057,True,poisson,22,1.0,0.85,4,4,1000,"{'bootstrap': True, 'criterion': 'poisson', 'max_depth': 22, 'max_features': 1.0, 'max_samples': 0.85, 'min_samples_leaf': 4, 'min_samples_split': 4, 'n_estimators': 1000}",-9.944450640163799,-10.13572342891508,-10.418894702389057,-10.08779816662663,-9.936538471345369,-10.104681081887986,0.17545631443768453,30,-14.166516450060692,-14.630775203754173,-14.976333392457624,-13.97484623019676,-14.134606691248383,-14.376615593543528,0.37104908731950387,67,-0.40652370884929023,-0.3802603693611868,-0.4199395770392749,-0.37872853269056944,-0.4240506329113924,-0.4019005641703427,0.019197114739038422,34,0.8648389014972,-1.4194085645907848,1.316103017883851,-1.2466956287294024,0.5149000393301317,0.0059475530781991194,1.1237427932330972,1,-13.294783682184093,-11.460982482827685,-13.972245487087527,-11.67208405858429,-12.323337945423352,-12.54468673122139,0.9576445107186548,94,10.104681081887986,14.376615593543528,0.4019005641703427,12.54468673122139,0.0059475530781991194,n1000__poisson__boostrap_true__samples_0.85
71.72081799507141,0.1741669330754895,3.959147071838379,0.6292754036654011,True,poisson,22,1.0,0.85,4,8,1000,"{'bootstrap': True, 'criterion': 'poisson', 'max_depth': 22, 'max_features': 1.0, 'max_samples': 0.85, 'min_samples_leaf': 4, 'min_samples_split': 8, 'n_estimators': 1000}",-9.944450640163799,-10.13572342891508,-10.418894702389057,-10.087798166626628,-9.93653847134537,-10.104681081887987,0.17545631443768422,32,-14.166516450060692,-14.63077520375417,-14.976333392457624,-13.97484623019676,-14.134606691248381,-14.376615593543525,0.37104908731950387,65,-0.40652370884929023,-0.3802603693611868,-0.4199395770392749,-0.37872853269056944,-0.4240506329113924,-0.4019005641703427,0.019197114739038422,34,0.8648389014971998,-1.4194085645907852,1.3161030178838502,-1.2466956287294015,0.5149000393301315,0.005947553078198942,1.1237427932330968,3,-13.294783682184093,-11.460982482827685,-13.972245487087527,-11.67208405858429,-12.32333794542335,-12.54468673122139,0.9576445107186549,94,10.104681081887987,14.376615593543525,0.4019005641703427,12.54468673122139,0.005947553078198942,n1000__poisson__boostrap_true__samples_0.85
91.92480306625366,1.940940298731553,7.370824337005615,1.301911625404072,True,poisson,24,0.875,0.85,1,2,1000,"{'bootstrap': True, 'criterion': 'poisson', 'max_depth': 24, 'max_features': 0.875, 'max_samples': 0.85, 'min_samples_leaf': 1, 'min_samples_split': 2, 'n_estimators': 1000}",-9.993706042706934,-10.192538791154819,-10.462776004051253,-10.223718029648698,-10.002795287712521,-10.175106831054846,0.17205696088002517,79,-14.144435067871669,-14.582030220666283,-14.944932600657353,-14.034625427275905,-14.089739990374385,-14.35915266136912,0.3512313487229841,51,-0.4044095439444277,-0.37904934907659704,-0.4214501510574018,-0.37902982826152454,-0.4219409282700422,-0.40117596012199863,0.019145343336420564,15,0.6334147933310015,-1.5641968845594276,1.1673984906740036,-1.4653240056485217,0.28751131393857876,-0.1882392584528731,1.119232999438633,88,-13.13905791191994,-11.381554839251033,-13.797805583347886,-11.55370022482376,-12.194013322956552,-12.413226376459836,0.9268308073078326,23,10.175106831054846,14.35915266136912,0.40117596012199863,12.413226376459836,-0.1882392584528731,n1000__poisson__boostrap_true__samples_0.85
84.84610891342163,2.778690379226344,4.204046392440796,2.0148192914247445,True,poisson,24,0.875,0.85,1,4,1000,"{'bootstrap': True, 'criterion': 'poisson', 'max_depth': 24, 'max_features': 0.875, 'max_samples': 0.85, 'min_samples_leaf': 1, 'min_samples_split': 4, 'n_estimators': 1000}",-9.999372324152933,-10.202782123718046,-10.438429161617746,-10.227251533746038,-9.992078965901737,-10.171982821827303,0.16562406877390626,77,-14.159592643994612,-14.564241266854994,-14.91252952831785,-14.03055119851312,-14.095118607057614,-14.352406648947639,0.3363262860134386,40,-0.4035034732709151,-0.3781410838631547,-0.4205438066465257,-0.3796324194034348,-0.4252561784207354,-0.40141539232095313,0.019772863939419696,23,0.6262352197192762,-1.6084686862037496,1.142011317002386,-1.4675897870936425,0.28680119401500886,-0.20420214851214422,1.1234868965734766,92,-13.166686593473383,-11.363898032069544,-13.768411632267467,-11.537030689340991,-12.085515368746904,-12.384308463179657,0.9355481290324787,14,10.171982821827303,14.352406648947639,0.40141539232095313,12.384308463179657,-0.20420214851214422,n1000__poisson__boostrap_true__samples_0.85
79.32192349433899,0.14170683596198225,5.338701152801514,0.3186165553634819,True,poisson,24,0.875,0.85,1,8,1000,"{'bootstrap': True, 'criterion': 'poisson', 'max_depth': 24, 'max_features': 0.875, 'max_samples': 0.85, 'min_samples_leaf': 1, 'min_samples_split': 8, 'n_estimators': 1000}",-10.027141754131467,-10.222778088033492,-10.514067975624165,-10.231429511566878,-10.00759567241306,-10.200602600353813,0.18278015844585088,95,-14.171241114984074,-14.605019881863218,-15.000643655405142,-14.045174713247004,-14.110512855717124,-14.386518444243311,0.3643985755481724,78,-0.4035034732709151,-0.37844383893430217,-0.42084592145015104,-0.3799337149743899,-0.42646172393007836,-0.40183773451196736,0.019987431717729615,31,0.6170529648763626,-1.6181540912946855,1.1556127253325628,-1.4801519535665355,0.2830736973464716,-0.20851333146116477,1.1303282065292415,94,-13.189718830327442,-11.368429224491308,-13.864552448013917,-11.51684782514002,-12.065173487230432,-12.400944363040624,0.972087451554281,20,10.200602600353813,14.386518444243311,0.40183773451196736,12.400944363040624,-0.20851333146116477,n1000__poisson__boostrap_true__samples_0.85
72.0571533203125,5.189692607221751,6.6395408630371096,1.7753501848222617,True,poisson,24,0.875,0.85,2,2,1000,"{'bootstrap': True, 'criterion': 'poisson', 'max_depth': 24, 'max_features': 0.875, 'max_samples': 0.85, 'min_samples_leaf': 2, 'min_samples_split': 2, 'n_estimators': 1000}",-9.955887406164441,-10.14917759860486,-10.404099869706357,-10.128258810875925,-9.955318891766309,-10.11854851542358,0.16472677560841983,49,-14.147181716581063,-14.540950755913512,-14.922772549770167,-13.970312672413025,-14.103292491114589,-14.33690203715847,0.34923777560875596,16,-0.4080338266384778,-0.37723281864971236,-0.42114803625377645,-0.3796324194034348,-0.42616033755274263,-0.40244148769962884,0.020491577019736015,56,0.7780248163275894,-1.5012073025616104,1.269429984951558,-1.3154310777156715,0.45510023721454035,-0.06281666835671883,1.1303224269026737,59,-13.153213681965623,-11.462377964619126,-13.859176405637621,-11.607053669190034,-12.214204621626044,-12.459205268607688,0.9188491934716031,43,10.11854851542358,14.33690203715847,0.40244148769962884,12.459205268607688,-0.06281666835671883,n1000__poisson__boostrap_true__samples_0.85
75.44871582984925,0.7561033574235994,3.921897602081299,0.9913911204887945,True,poisson,24,0.875,0.85,2,4,1000,"{'bootstrap': True, 'criterion': 'poisson', 'max_depth': 24, 'max_features': 0.875, 'max_samples': 0.85, 'min_samples_leaf': 2, 'min_samples_split': 4, 'n_estimators': 1000}",-9.955887406164441,-10.14917759860486,-10.404099869706355,-10.128258810875925,-9.955318891766309,-10.11854851542358,0.16472677560841922,49,-14.147181716581063,-14.540950755913512,-14.922772549770167,-13.970312672413025,-14.103292491114589,-14.33690203715847,0.34923777560875596,16,-0.4080338266384778,-0.37723281864971236,-0.42114803625377645,-0.3796324194034348,-0.42616033755274263,-0.40244148769962884,0.020491577019736015,56,0.778024816327589,-1.5012073025616104,1.2694299849515578,-1.3154310777156717,0.45510023721454035,-0.06281666835671898,1.1303224269026737,60,-13.153213681965623,-11.462377964619126,-13.859176405637621,-11.607053669190034,-12.214204621626044,-12.459205268607688,0.9188491934716031,43,10.11854851542358,14.33690203715847,0.40244148769962884,12.459205268607688,-0.06281666835671898,n1000__poisson__boostrap_true__samples_0.85
71.62208967208862,0.5175325978929599,4.397205066680908,0.9719141157651469,True,poisson,24,0.875,0.85,2,8,1000,"{'bootstrap': True, 'criterion': 'poisson', 'max_depth': 24, 'max_features': 0.875, 'max_samples': 0.85, 'min_samples_leaf': 2, 'min_samples_split': 8, 'n_estimators': 1000}",-9.991315047840597,-10.19341501542161,-10.453146424977096,-10.185348090972385,-9.981278097165417,-10.16090053527542,0.1720964800728623,76,-14.186804894104343,-14.56889288205476,-14.972355365465672,-14.02705508017832,-14.110531317550464,-14.373127907870714,0.3523739796939642,64,-0.4059196617336152,-0.3796548592188919,-0.4214501510574018,-0.37872853269056944,-0.42646172393007836,-0.4024429857261113,0.020159034636543623,58,0.7810838861331779,-1.571077491113388,1.269435225444112,-1.3788449934163307,0.42712556020521375,-0.09445556254944303,1.160076101419698,69,-13.269126811899989,-11.355494753903534,-13.907435578098278,-11.626405640727342,-12.203209659065637,-12.472334488738955,0.9725993960599477,57,10.16090053527542,14.373127907870714,0.4024429857261113,12.472334488738955,-0.09445556254944303,n1000__poisson__boostrap_true__samples_0.85
66.49376182556152,4.273255113447056,5.278348684310913,1.7480661759552403,True,poisson,24,0.875,0.85,3,2,1000,"{'bootstrap': True, 'criterion': 'poisson', 'max_depth': 24, 'max_features': 0.875, 'max_samples': 0.85, 'min_samples_leaf': 3, 'min_samples_split': 2, 'n_estimators': 1000}",-9.96660523579024,-10.164434017530121,-10.427278096738656,-10.120770447399398,-9.955970922197984,-10.127011743931279,0.17122177053467894,54,-14.179851906068556,-14.568930143617887,-14.973054940954617,-13.966762441536128,-14.114275841327512,-14.36057505470094,0.36522759681890854,52,-0.40863787375415284,-0.37904934907659704,-0.4232628398791541,-0.380235010545345,-0.42495479204339964,-0.40322797305972974,0.020079839441840025,74,0.8276360125144729,-1.5087215740576934,1.319655402872663,-1.2745899033623507,0.5095493094595394,-0.025294150514673742,1.1474958378871478,40,-13.207587868860646,-11.417659025874373,-13.876641643009803,-11.632517125855369,-12.313686570439597,-12.489618446807958,0.933165059079484,63,10.127011743931279,14.36057505470094,0.40322797305972974,12.489618446807958,-0.025294150514673742,n1000__poisson__boostrap_true__samples_0.85
67.21212739944458,3.7274433712680186,5.364158391952515,1.4188320024414638,True,poisson,24,0.875,0.85,3,4,1000,"{'bootstrap': True, 'criterion': 'poisson', 'max_depth': 24, 'max_features': 0.875, 'max_samples': 0.85, 'min_samples_leaf': 3, 'min_samples_split': 4, 'n_estimators': 1000}",-9.96660523579024,-10.164434017530121,-10.427278096738656,-10.120770447399398,-9.955970922197984,-10.127011743931279,0.17122177053467894,54,-14.179851906068556,-14.568930143617887,-14.973054940954615,-13.966762441536128,-14.114275841327512,-14.36057505470094,0.36522759681890793,52,-0.40863787375415284,-0.37904934907659704,-0.4232628398791541,-0.380235010545345,-0.42495479204339964,-0.40322797305972974,0.020079839441840025,74,0.8276360125144735,-1.508721574057694,1.319655402872663,-1.2745899033623507,0.5095493094595399,-0.025294150514673652,1.1474958378871483,39,-13.207587868860646,-11.417659025874372,-13.876641643009803,-11.632517125855369,-12.313686570439597,-12.489618446807958,0.9331650590794843,63,10.127011743931279,14.36057505470094,0.40322797305972974,12.489618446807958,-0.025294150514673652,n1000__poisson__boostrap_true__samples_0.85
68.67624006271362,0.5575736068342997,3.734934902191162,0.28097690586727003,True,poisson,24,0.875,0.85,3,8,1000,"{'bootstrap': True, 'criterion': 'poisson', 'max_depth': 24, 'max_features': 0.875, 'max_samples': 0.85, 'min_samples_leaf': 3, 'min_samples_split': 8, 'n_estimators': 1000}",-9.995153430217908,-10.190584746976333,-10.4549519986766,-10.15084439654454,-9.965511719265468,-10.15140925833617,0.17472665054071418,66,-14.207143867313855,-14.594782139088899,-14.99660743255139,-13.997454138116746,-14.118852190764988,-14.382967953567174,0.3662542304811762,76,-0.4077318030806403,-0.37935210414774445,-0.4244712990936556,-0.38053630611630007,-0.4279686558167571,-0.40401203365101945,0.020811342479737215,83,0.8369132140422142,-1.519945318881593,1.3337581651792614,-1.299652002108209,0.49402829463876785,-0.03097952942591171,1.1591314825921344,43,-13.283323207090842,-11.428221081802445,-13.88634542432843,-11.62989214455035,-12.219983720469806,-12.489553115648375,0.9507060578086183,62,10.15140925833617,14.382967953567174,0.40401203365101945,12.489553115648375,-0.03097952942591171,n1000__poisson__boostrap_true__samples_0.85
66.63955574035644,2.0605641434294797,3.2269730091094972,0.2926856531365892,True,poisson,24,0.875,0.85,4,2,1000,"{'bootstrap': True, 'criterion': 'poisson', 'max_depth': 24, 'max_features': 0.875, 'max_samples': 0.85, 'min_samples_leaf': 4, 'min_samples_split': 2, 'n_estimators': 1000}",-10.034927585603624,-10.234464303970539,-10.50800610398813,-10.181234009634741,-9.989371075351944,-10.189600615709796,0.18301935452922907,87,-14.244795791764318,-14.598741355556912,-15.053340306715391,-14.048013382238311,-14.149630296894548,-14.418904226633895,0.367486801786111,94,-0.4107520386590154,-0.38086587950348166,-0.42356495468277944,-0.3817414884001205,-0.42857142857142855,-0.4050991579633651,0.020281620785726772,94,0.8854081906035546,-1.512389417738636,1.3589802675140563,-1.2814175536948509,0.5204725055414091,-0.005789201554893398,1.1688329037152299,21,-13.293099909934543,-11.450323270756744,-14.008461087614924,-11.656862990238553,-12.261484177708912,-12.534046287250735,0.9765508304472706,82,10.189600615709796,14.418904226633895,0.4050991579633651,12.534046287250735,-0.005789201554893398,n1000__poisson__boostrap_true__samples_0.85
62.2333203792572,4.488365200227409,5.290085172653198,0.9876450744412992,True,poisson,24,0.875,0.85,4,4,1000,"{'bootstrap': True, 'criterion': 'poisson', 'max_depth': 24, 'max_features': 0.875, 'max_samples': 0.85, 'min_samples_leaf': 4, 'min_samples_split': 4, 'n_estimators': 1000}",-10.034927585603624,-10.234464303970539,-10.50800610398813,-10.181234009634743,-9.989371075351944,-10.189600615709796,0.18301935452922907,87,-14.244795791764318,-14.598741355556914,-15.053340306715391,-14.048013382238311,-14.149630296894548,-14.418904226633895,0.36748680178611115,94,-0.4107520386590154,-0.38086587950348166,-0.42356495468277944,-0.3817414884001205,-0.42857142857142855,-0.4050991579633651,0.020281620785726772,94,0.8854081906035551,-1.5123894177386363,1.3589802675140568,-1.281417553694852,0.5204725055414086,-0.0057892015548935746,1.1688329037152303,23,-13.293099909934543,-11.450323270756744,-14.008461087614924,-11.656862990238553,-12.261484177708914,-12.534046287250735,0.9765508304472705,82,10.189600615709796,14.418904226633895,0.4050991579633651,12.534046287250735,-0.0057892015548935746,n1000__poisson__boostrap_true__samples_0.85
64.26132464408875,1.553849454715344,6.277478742599487,0.24281075069535635,True,poisson,24,0.875,0.85,4,8,1000,"{'bootstrap': True, 'criterion': 'poisson', 'max_depth': 24, 'max_features': 0.875, 'max_samples': 0.85, 'min_samples_leaf': 4, 'min_samples_split': 8, 'n_estimators': 1000}",-10.034927585603624,-10.234464303970539,-10.50800610398813,-10.181234009634741,-9.989371075351944,-10.189600615709796,0.18301935452922907,87,-14.244795791764318,-14.598741355556912,-15.053340306715391,-14.048013382238311,-14.149630296894546,-14.418904226633895,0.36748680178611126,94,-0.4107520386590154,-0.38086587950348166,-0.42356495468277944,-0.3817414884001205,-0.42857142857142855,-0.4050991579633651,0.020281620785726772,94,0.8854081906035552,-1.5123894177386366,1.3589802675140559,-1.2814175536948516,0.5204725055414094,-0.005789201554893509,1.16883290371523,22,-13.293099909934543,-11.450323270756744,-14.008461087614924,-11.656862990238553,-12.261484177708912,-12.534046287250735,0.9765508304472706,82,10.189600615709796,14.418904226633895,0.4050991579633651,12.534046287250735,-0.005789201554893509,n1000__poisson__boostrap_true__samples_0.85
105.81241788864136,3.2362819009173793,6.417519760131836,0.532416421907467,True,poisson,24,1.0,0.85,1,2,1000,"{'bootstrap': True, 'criterion': 'poisson', 'max_depth': 24, 'max_features': 1.0, 'max_samples': 0.85, 'min_samples_leaf': 1, 'min_samples_split': 2, 'n_estimators': 1000}",-9.930932241014824,-10.130511999389006,-10.403839764697382,-10.144567736492855,-9.963155458193283,-10.11460143995747,0.1682142641755292,44,-14.097657561893016,-14.604126432587343,-14.897204425352275,-13.998103346314775,-14.117231388015169,-14.342864630832517,0.34797917956937674,26,-0.40471156750226517,-0.37693006357856496,-0.4199395770392749,-0.38053630611630007,-0.4246534056660639,-0.4013541839804938,0.019644155805691402,20,0.6374073108791833,-1.5390257669845988,1.133468757036924,-1.4064079244698142,0.2978236356926543,-0.1753467975691303,1.092940024473761,83,-13.056631438925766,-11.396658243225602,-13.736867340626098,-11.481374669875086,-12.081592843688268,-12.350624907268166,0.9119363935419836,2,10.11460143995747,14.342864630832517,0.4013541839804938,12.350624907268166,-0.1753467975691303,n1000__poisson__boostrap_true__samples_0.85
95.12922649383545,5.7146225140453115,5.706879568099976,0.865814889846141,True,poisson,24,1.0,0.85,1,4,1000,"{'bootstrap': True, 'criterion': 'poisson', 'max_depth': 24, 'max_features': 1.0, 'max_samples': 0.85, 'min_samples_leaf': 1, 'min_samples_split': 4, 'n_estimators': 1000}",-9.925369465870709,-10.112333572378915,-10.394764999470311,-10.141207690052784,-9.938585162895793,-10.102452178133703,0.17044477277963507,28,-14.091610883910526,-14.601614546589033,-14.8970684201858,-13.972477424317445,-14.085179893226124,-14.329590233645785,0.3577509924575586,11,-0.4044095439444277,-0.37571904329397515,-0.41933534743202416,-0.380235010545345,-0.42224231464737794,-0.40038825197263,0.019326077034510173,3,0.6237416494700357,-1.526208561733881,1.1252593249501646,-1.3869361725737408,0.2631816899650352,-0.18019241398447727,1.0784326391591905,85,-13.042609000333531,-11.42625741747,-13.73605205829675,-11.511658940773751,-12.080464817199223,-12.359408446814651,0.8976825994109032,6,10.102452178133703,14.329590233645785,0.40038825197263,12.359408446814651,-0.18019241398447727,n1000__poisson__boostrap_true__samples_0.85
77.98442630767822,1.0852402159403423,6.53586254119873,0.3929974206422169,True,poisson,24,1.0,0.85,1,8,1000,"{'bootstrap': True, 'criterion': 'poisson', 'max_depth': 24, 'max_features': 1.0, 'max_samples': 0.85, 'min_samples_leaf': 1, 'min_samples_split': 8, 'n_estimators': 1000}",-9.946224659877883,-10.15600038433072,-10.442932449296265,-10.167457464215577,-9.974842815732481,-10.137491554690586,0.17752313085442145,62,-14.093694161572904,-14.609245770598926,-14.94348267979266,-14.01745625979811,-14.111771458726619,-14.355130066097843,0.3612005904571559,45,-0.40410752038659015,-0.37783832879200724,-0.41963746223564957,-0.3772220548357939,-0.4234478601567209,-0.4004506452813524,0.01980536716902106,4,0.6291914980951928,-1.5528893854244938,1.1266482356380274,-1.4389236942571468,0.2660483779863162,-0.19398499359242088,1.0981635470305997,89,-13.08490392341138,-11.384645684850666,-13.785209527405508,-11.569490248599056,-12.09226938817045,-12.383303754487411,0.9167217634560259,13,10.137491554690586,14.355130066097843,0.4004506452813524,12.383303754487411,-0.19398499359242088,n1000__poisson__boostrap_true__samples_0.85
83.23369002342224,2.0824958523867334,6.934613561630249,0.8122786887412183,True,poisson,24,1.0,0.85,2,2,1000,"{'bootstrap': True, 'criterion': 'poisson', 'max_depth': 24, 'max_features': 1.0, 'max_samples': 0.85, 'min_samples_leaf': 2, 'min_samples_split': 2, 'n_estimators': 1000}",-9.866128297317761,-10.082519924810738,-10.380831322033213,-10.067570243771527,-9.922229780134396,-10.063855913613526,0.1788796931099633,7,-14.088171975503156,-14.570451076318458,-14.935200567719958,-13.938802584695795,-14.1014357001683,-14.326812380881133,0.3708885258466002,10,-0.40380549682875266,-0.3781410838631547,-0.42114803625377645,-0.3796324194034348,-0.42224231464737794,-0.40099387019929933,0.01920496533997181,9,0.7836703462479486,-1.442383065330682,1.2575577205484318,-1.2908019455402353,0.44990340979853005,-0.048410706855201345,1.107512916161232,56,-13.186792561273771,-11.424488409472625,-13.817456144528427,-11.55956110390066,-12.282204826622927,-12.454100609159681,0.9257889803600766,36,10.063855913613526,14.326812380881133,0.40099387019929933,12.454100609159681,-0.048410706855201345,n1000__poisson__boostrap_true__samples_0.85
85.6862509727478,2.363808054774008,6.788369369506836,0.4975756643501592,True,poisson,24,1.0,0.85,2,4,1000,"{'bootstrap': True, 'criterion': 'poisson', 'max_depth': 24, 'max_features': 1.0, 'max_samples': 0.85, 'min_samples_leaf': 2, 'min_samples_split': 4, 'n_estimators': 1000}",-9.866128297317761,-10.082519924810734,-10.380831322033213,-10.067570243771527,-9.922229780134396,-10.063855913613526,0.1788796931099632,7,-14.088171975503158,-14.570451076318458,-14.935200567719956,-13.938802584695795,-14.1014357001683,-14.326812380881131,0.3708885258465995,9,-0.40380549682875266,-0.3781410838631547,-0.42114803625377645,-0.3796324194034348,-0.42224231464737794,-0.40099387019929933,0.01920496533997181,9,0.7836703462479488,-1.442383065330682,1.2575577205484325,-1.290801945540235,0.4499034097985295,-0.048410706855201234,1.107512916161232,55,-13.186792561273771,-11.424488409472625,-13.817456144528423,-11.55956110390066,-12.282204826622927,-12.454100609159681,0.9257889803600755,36,10.063855913613526,14.326812380881131,0.40099387019929933,12.454100609159681,-0.048410706855201234,n1000__poisson__boostrap_true__samples_0.85
73.36536407470703,1.1526226399354143,6.788039875030518,0.6124396065149742,True,poisson,24,1.0,0.85,2,8,1000,"{'bootstrap': True, 'criterion': 'poisson', 'max_depth': 24, 'max_features': 1.0, 'max_samples': 0.85, 'min_samples_leaf': 2, 'min_samples_split': 8, 'n_estimators': 1000}",-9.906492992963884,-10.10653908790547,-10.396928619469472,-10.13600119634492,-9.9357341677631,-10.096339212889369,0.17542329917668165,24,-14.112189187987113,-14.59847091648249,-14.943833515282654,-14.006407687898138,-14.114867566120319,-14.355153774754143,0.3589262191446691,46,-0.40320144971307764,-0.3763245534362701,-0.42114803625377645,-0.38053630611630007,-0.4246534056660639,-0.40117275023709764,0.019988819687961897,14,0.7343179703770495,-1.473796194070537,1.2336483916647016,-1.3536128175042337,0.3832080969358087,-0.09524691051944219,1.110580271118103,70,-13.195402659034393,-11.469810852106507,-13.808181458699469,-11.539488135143403,-12.149840466384305,-12.432544714273615,0.9250575042844433,29,10.096339212889369,14.355153774754143,0.40117275023709764,12.432544714273615,-0.09524691051944219,n1000__poisson__boostrap_true__samples_0.85
74.45406556129456,1.4213117669701212,6.766603994369507,1.5829104775413814,True,poisson,24,1.0,0.85,3,2,1000,"{'bootstrap': True, 'criterion': 'poisson', 'max_depth': 24, 'max_features': 1.0, 'max_samples': 0.85, 'min_samples_leaf': 3, 'min_samples_split': 2, 'n_estimators': 1000}",-9.868249524802245,-10.104147075024878,-10.379592999047908,-10.081505645510607,-9.914816419761019,-10.069662332829331,0.17996158222996708,15,-14.08982432103419,-14.60749205799977,-14.935908399544168,-13.97041693033853,-14.118376956099517,-14.344403733003237,0.3673848518195978,29,-0.4074297795228028,-0.37723281864971236,-0.4199395770392749,-0.3796324194034348,-0.4258589511754069,-0.4020187091581263,0.020170675074591162,39,0.8063897171820539,-1.4174197364290986,1.284042816071457,-1.2503343138128404,0.4901380400903368,-0.017436695379618273,1.1054555659648215,34,-13.099974251375093,-11.51374815384505,-13.887278614404712,-11.631213353136861,-12.216432730993208,-12.469729420750985,0.9041927730656909,54,10.069662332829331,14.344403733003237,0.4020187091581263,12.469729420750985,-0.017436695379618273,n1000__poisson__boostrap_true__samples_0.85
74.6178551197052,0.6207887332422817,5.398215913772583,0.11126291069809245,True,poisson,24,1.0,0.85,3,4,1000,"{'bootstrap': True, 'criterion': 'poisson', 'max_depth': 24, 'max_features': 1.0, 'max_samples': 0.85, 'min_samples_leaf': 3, 'min_samples_split': 4, 'n_estimators': 1000}",-9.868249524802243,-10.104147075024878,-10.379592999047908,-10.081505645510607,-9.914816419761019,-10.069662332829331,0.17996158222996747,15,-14.089824321034188,-14.607492057999771,-14.935908399544168,-13.97041693033853,-14.118376956099517,-14.344403733003237,0.3673848518195983,29,-0.4074297795228028,-0.37723281864971236,-0.4199395770392749,-0.3796324194034348,-0.4258589511754069,-0.4020187091581263,0.020170675074591162,39,0.8063897171820538,-1.4174197364290968,1.284042816071457,-1.2503343138128407,0.49013804009033707,-0.01743669537961793,1.1054555659648213,33,-13.099974251375095,-11.513748153845048,-13.887278614404712,-11.63121335313686,-12.216432730993205,-12.469729420750983,0.904192773065692,53,10.069662332829331,14.344403733003237,0.4020187091581263,12.469729420750983,-0.01743669537961793,n1000__poisson__boostrap_true__samples_0.85
72.17517375946045,1.094400720551664,6.451220750808716,1.0862355987314658,True,poisson,24,1.0,0.85,3,8,1000,"{'bootstrap': True, 'criterion': 'poisson', 'max_depth': 24, 'max_features': 1.0, 'max_samples': 0.85, 'min_samples_leaf': 3, 'min_samples_split': 8, 'n_estimators': 1000}",-9.913088169441524,-10.100545615042002,-10.419775843257003,-10.088797771557958,-9.927320995193476,-10.089905678898393,0.18255244290874306,17,-14.12303951404636,-14.593362525883085,-14.98207015537566,-13.957573149955858,-14.128255405552467,-14.356860150162685,0.3776726762703687,48,-0.40863787375415284,-0.37844383893430217,-0.4202416918429003,-0.38234407954203076,-0.4246534056660639,-0.40286417794789,0.019118113887691315,66,0.809647781441289,-1.4520126672585427,1.2778720385570734,-1.2755788919750004,0.4584539493686065,-0.03632355797331484,1.116020769683317,47,-13.120095614698075,-11.426441730611506,-13.917762217399204,-11.525245650644536,-12.228531322234561,-12.443615307117577,0.9544674694155683,30,10.089905678898393,14.356860150162685,0.40286417794789,12.443615307117577,-0.03632355797331484,n1000__poisson__boostrap_true__samples_0.85
69.91173901557923,1.7063785650745575,6.318767070770264,1.292673575281805,True,poisson,24,1.0,0.85,4,2,1000,"{'bootstrap': True, 'criterion': 'poisson', 'max_depth': 24, 'max_features': 1.0, 'max_samples': 0.85, 'min_samples_leaf': 4, 'min_samples_split': 2, 'n_estimators': 1000}",-9.93842888960717,-10.134435529105115,-10.42446735599771,-10.102113158122975,-9.928572744192355,-10.105603535405063,0.17989155950865454,33,-14.163470300732442,-14.624555448911233,-14.982581095516514,-13.993886342057177,-14.131756550112385,-14.37924994746595,0.3689179337736316,69,-0.4077318030806403,-0.3781410838631547,-0.4214501510574018,-0.380235010545345,-0.42374924653405666,-0.4022614590161197,0.019630652096203384,48,0.847295439029207,-1.416574729114412,1.313889843180011,-1.241100146421823,0.49552281747673493,-0.00019335517005639736,1.1168502400352611,13,-13.226493797079645,-11.527259496544955,-13.926151372501165,-11.65202146823935,-12.29983964211168,-12.526353155295359,0.9234267027513284,74,10.105603535405063,14.37924994746595,0.4022614590161197,12.526353155295359,-0.00019335517005639736,n1000__poisson__boostrap_true__samples_0.85
68.40957589149475,0.632576982058493,5.4206871509552,0.49849380762358714,True,poisson,24,1.0,0.85,4,4,1000,"{'bootstrap': True, 'criterion': 'poisson', 'max_depth': 24, 'max_features': 1.0, 'max_samples': 0.85, 'min_samples_leaf': 4, 'min_samples_split': 4, 'n_estimators': 1000}",-9.93842888960717,-10.134435529105117,-10.42446735599771,-10.102113158122975,-9.928572744192355,-10.105603535405063,0.1798915595086546,33,-14.16347030073244,-14.624555448911233,-14.982581095516514,-13.993886342057177,-14.131756550112387,-14.37924994746595,0.3689179337736316,69,-0.4077318030806403,-0.3781410838631547,-0.4214501510574018,-0.380235010545345,-0.42374924653405666,-0.4022614590161197,0.019630652096203384,48,0.8472954390292059,-1.4165747291144128,1.3138898431800103,-1.2411001464218223,0.49552281747673577,-0.0001933551700566305,1.1168502400352611,14,-13.226493797079645,-11.527259496544955,-13.926151372501167,-11.65202146823935,-12.29983964211168,-12.526353155295359,0.9234267027513289,74,10.105603535405063,14.37924994746595,0.4022614590161197,12.526353155295359,-0.0001933551700566305,n1000__poisson__boostrap_true__samples_0.85
69.69906396865845,1.2004365187252883,7.186681890487671,1.399704841202796,True,poisson,24,1.0,0.85,4,8,1000,"{'bootstrap': True, 'criterion': 'poisson', 'max_depth': 24, 'max_features': 1.0, 'max_samples': 0.85, 'min_samples_leaf': 4, 'min_samples_split': 8, 'n_estimators': 1000}",-9.93842888960717,-10.134435529105117,-10.42446735599771,-10.102113158122975,-9.928572744192357,-10.105603535405065,0.17989155950865424,35,-14.163470300732442,-14.624555448911233,-14.982581095516514,-13.993886342057177,-14.131756550112387,-14.37924994746595,0.36891793377363136,69,-0.4077318030806403,-0.3781410838631547,-0.4214501510574018,-0.380235010545345,-0.42374924653405666,-0.4022614590161197,0.019630652096203384,48,0.8472954390292061,-1.4165747291144122,1.3138898431800112,-1.2411001464218225,0.49552281747673577,-0.00019335517005631965,1.1168502400352611,12,-13.226493797079645,-11.527259496544954,-13.926151372501165,-11.652021468239349,-12.29983964211168,-12.526353155295357,0.9234267027513291,73,10.105603535405065,14.37924994746595,0.4022614590161197,12.526353155295357,-0.00019335517005631965,n1000__poisson__boostrap_true__samples_0.85
98.2694676876068,1.9394442670589835,7.400190782546997,0.9089244385831329,True,poisson,26,0.875,0.85,1,2,1000,"{'bootstrap': True, 'criterion': 'poisson', 'max_depth': 26, 'max_features': 0.875, 'max_samples': 0.85, 'min_samples_leaf': 1, 'min_samples_split': 2, 'n_estimators': 1000}",-9.978013417766507,-10.222741650517756,-10.455347558656678,-10.240025340626696,-9.98046174219467,-10.17531794195246,0.17986142202099764,80,-14.124702606348873,-14.605225095282067,-14.953882582919219,-14.048608264088996,-14.081101484151533,-14.362704006558138,0.3585831480113725,55,-0.40410752038659015,-0.37753557372085983,-0.42235649546827797,-0.37902982826152454,-0.42646172393007836,-0.40189822835346617,0.0207040558494399,33,0.6128179224453922,-1.5941175435398094,1.1727123135979867,-1.4827266799143177,0.2682998849774956,-0.20460282048665052,1.1272233482331029,93,-13.103977043139611,-11.427564324518105,-13.76569319641021,-11.552255268244988,-12.016039250514925,-12.373105816565566,0.9131060429971043,9,10.17531794195246,14.362704006558138,0.40189822835346617,12.373105816565566,-0.20460282048665052,n1000__poisson__boostrap_true__samples_0.85
82.70786666870117,0.2078203630251042,5.770700454711914,0.6033448462979506,True,poisson,26,0.875,0.85,1,4,1000,"{'bootstrap': True, 'criterion': 'poisson', 'max_depth': 26, 'max_features': 0.875, 'max_samples': 0.85, 'min_samples_leaf': 1, 'min_samples_split': 4, 'n_estimators': 1000}",-10.006942256372778,-10.18547238634942,-10.46212618617262,-10.218550072588618,-10.001283371046101,-10.174874854505907,0.16903758194293111,78,-14.164285195092436,-14.559760415200412,-14.959349851504234,-14.018165735546585,-14.087267698000604,-14.357765779068853,0.354580700837382,49,-0.4025974025974026,-0.37571904329397515,-0.4187311178247734,-0.37872853269056944,-0.4258589511754069,-0.40032700951642547,0.02033613599014069,2,0.5938155440215168,-1.6267886033290946,1.1460431070625023,-1.44707943412902,0.2740221984654624,-0.21199743758172662,1.1186496636314152,95,-13.165457268231627,-11.389739135904975,-13.861125671215099,-11.580155548547097,-12.064212271634597,-12.412137979106678,0.9513781309773063,22,10.174874854505907,14.357765779068853,0.40032700951642547,12.412137979106678,-0.21199743758172662,n1000__poisson__boostrap_true__samples_0.85
72.00503129959107,1.5611081156507596,6.220379734039307,0.6477255140263287,True,poisson,26,0.875,0.85,1,8,1000,"{'bootstrap': True, 'criterion': 'poisson', 'max_depth': 26, 'max_features': 0.875, 'max_samples': 0.85, 'min_samples_leaf': 1, 'min_samples_split': 8, 'n_estimators': 1000}",-10.041933477131014,-10.220270578592183,-10.512388745010002,-10.243498958128539,-10.013668508318675,-10.206352053436081,0.17854550750632692,96,-14.192552165566518,-14.581778269671894,-15.009475194639855,-14.061692790380967,-14.11535844315418,-14.392171372682682,0.35852589952548725,83,-0.4025974025974026,-0.37844383893430217,-0.42235649546827797,-0.3817414884001205,-0.42646172393007836,-0.40232018986603635,0.019889228963882746,52,0.6175541875895133,-1.6398081152451702,1.1424821313314772,-1.4895092336406146,0.3000491495402974,-0.21384637608489934,1.1362768268571055,96,-13.2383959707013,-11.336507006574074,-13.797432975926426,-11.46586104797767,-12.092196179779531,-12.386078636191801,0.9750009050803071,16,10.206352053436081,14.392171372682682,0.40232018986603635,12.386078636191801,-0.21384637608489934,n1000__poisson__boostrap_true__samples_0.85
73.56345372200012,0.7255646300725392,6.772856521606445,0.2647457952287831,True,poisson,26,0.875,0.85,2,2,1000,"{'bootstrap': True, 'criterion': 'poisson', 'max_depth': 26, 'max_features': 0.875, 'max_samples': 0.85, 'min_samples_leaf': 2, 'min_samples_split': 2, 'n_estimators': 1000}",-9.944732957169835,-10.149128280991844,-10.399411414481431,-10.147949950712777,-9.940978336028817,-10.116440187876941,0.1687627483792471,45,-14.142357416316438,-14.533305277915328,-14.929066073887476,-13.990636446227366,-14.066371127811554,-14.332347268431633,0.3521542820008638,13,-0.4059196617336152,-0.37723281864971236,-0.42356495468277944,-0.3799337149743899,-0.42374924653405666,-0.4020800793149107,0.020266933101787215,41,0.766185794262594,-1.5188668324837786,1.2742143735379292,-1.3279625149371,0.44263568889137384,-0.0727586981457963,1.1358310657187378,65,-13.193397316217547,-11.438905924727987,-13.780207331791757,-11.607271332014063,-12.25207373210711,-12.454371127371692,0.9048395687586864,38,10.116440187876941,14.332347268431633,0.4020800793149107,12.454371127371692,-0.0727586981457963,n1000__poisson__boostrap_true__samples_0.85
74.47532415390015,0.19772886546129986,5.398092412948609,0.4775548638962442,True,poisson,26,0.875,0.85,2,4,1000,"{'bootstrap': True, 'criterion': 'poisson', 'max_depth': 26, 'max_features': 0.875, 'max_samples': 0.85, 'min_samples_leaf': 2, 'min_samples_split': 4, 'n_estimators': 1000}",-9.944732957169835,-10.149128280991844,-10.399411414481433,-10.147949950712777,-9.940978336028817,-10.116440187876941,0.16876274837924768,45,-14.142357416316438,-14.533305277915328,-14.929066073887476,-13.990636446227366,-14.066371127811554,-14.332347268431633,0.3521542820008638,13,-0.4059196617336152,-0.37723281864971236,-0.42356495468277944,-0.3799337149743899,-0.42374924653405666,-0.4020800793149107,0.020266933101787215,41,0.7661857942625946,-1.518866832483778,1.2742143735379288,-1.3279625149371,0.44263568889137356,-0.07275869814579619,1.1358310657187376,64,-13.19339731621755,-11.438905924727987,-13.780207331791757,-11.607271332014063,-12.25207373210711,-12.454371127371695,0.904839568758687,39,10.116440187876941,14.332347268431633,0.4020800793149107,12.454371127371695,-0.07275869814579619,n1000__poisson__boostrap_true__samples_0.85
68.4836389541626,0.9109220167817705,4.70692195892334,0.757467128400817,True,poisson,26,0.875,0.85,2,8,1000,"{'bootstrap': True, 'criterion': 'poisson', 'max_depth': 26, 'max_features': 0.875, 'max_samples': 0.85, 'min_samples_leaf': 2, 'min_samples_split': 8, 'n_estimators': 1000}",-9.989792385803366,-10.190625274344479,-10.445448971401783,-10.169505132819783,-9.977820083369,-10.15463836954768,0.17001516920650603,68,-14.190123430117636,-14.56851181807219,-14.969935154692228,-14.010098658683287,-14.106769806155794,-14.369087773544228,0.35510552284915364,60,-0.40622168529145275,-0.3781410838631547,-0.4226586102719033,-0.37902982826152454,-0.4252561784207354,-0.40226147722175415,0.020405810236479846,51,0.7719304101512402,-1.5810820350186396,1.2703197522930452,-1.3690879372976195,0.4372427801208002,-0.0941354059502347,1.1602314327922123,68,-13.246120512046732,-11.384035756402419,-13.859612035536053,-11.609135402201138,-12.245633799099632,-12.468907501057194,0.9491180197403227,50,10.15463836954768,14.369087773544228,0.40226147722175415,12.468907501057194,-0.0941354059502347,n1000__poisson__boostrap_true__samples_0.85
61.699833917617795,1.0211243593066337,6.376992988586426,1.0602192780613617,True,poisson,26,0.875,0.85,3,2,1000,"{'bootstrap': True, 'criterion': 'poisson', 'max_depth': 26, 'max_features': 0.875, 'max_samples': 0.85, 'min_samples_leaf': 3, 'min_samples_split': 2, 'n_estimators': 1000}",-9.966973574385925,-10.156473524221452,-10.432892985173241,-10.124985400482839,-9.974240547471284,-10.131113206346948,0.1692941703183374,59,-14.188829580499156,-14.554061540497035,-14.978043412507331,-13.976349459014788,-14.131747429135626,-14.365806284330787,0.3600153504426377,57,-0.4098459679855029,-0.37783832879200724,-0.4232628398791541,-0.38053630611630007,-0.4273658830620856,-0.40376986516700997,0.020908897598988004,79,0.8401626809303807,-1.523505550090353,1.3134583812180598,-1.3073534650006762,0.5175126635110179,-0.031945057886314146,1.1596555882246196,45,-13.18438767183209,-11.424155936921082,-13.875953969577166,-11.585795880390064,-12.274907318067445,-12.46904015535757,0.9381598571334221,51,10.131113206346948,14.365806284330787,0.40376986516700997,12.46904015535757,-0.031945057886314146,n1000__poisson__boostrap_true__samples_0.85
65.04487147331238,2.441441510464361,5.837794399261474,0.2804960847515807,True,poisson,26,0.875,0.85,3,4,1000,"{'bootstrap': True, 'criterion': 'poisson', 'max_depth': 26, 'max_features': 0.875, 'max_samples': 0.85, 'min_samples_leaf': 3, 'min_samples_split': 4, 'n_estimators': 1000}",-9.966973574385925,-10.156473524221452,-10.432892985173241,-10.124985400482839,-9.974240547471284,-10.131113206346948,0.1692941703183374,59,-14.188829580499158,-14.554061540497033,-14.978043412507333,-13.976349459014786,-14.131747429135624,-14.365806284330787,0.3600153504426386,57,-0.4098459679855029,-0.37783832879200724,-0.4232628398791541,-0.38053630611630007,-0.4273658830620856,-0.40376986516700997,0.020908897598988004,79,0.8401626809303813,-1.5235055500903536,1.31345838121806,-1.3073534650006755,0.5175126635110184,-0.031945057886313875,1.1596555882246198,44,-13.18438767183209,-11.42415593692108,-13.875953969577166,-11.585795880390064,-12.274907318067445,-12.46904015535757,0.9381598571334225,51,10.131113206346948,14.365806284330787,0.40376986516700997,12.46904015535757,-0.031945057886313875,n1000__poisson__boostrap_true__samples_0.85
64.3446491241455,0.5425735454975193,5.170490694046021,1.126245350346175,True,poisson,26,0.875,0.85,3,8,1000,"{'bootstrap': True, 'criterion': 'poisson', 'max_depth': 26, 'max_features': 0.875, 'max_samples': 0.85, 'min_samples_leaf': 3, 'min_samples_split': 8, 'n_estimators': 1000}",-9.984306751692907,-10.194632487378986,-10.45430233039071,-10.16021624323554,-9.959399321895399,-10.150571426918708,0.1780323438151466,65,-14.193293298239674,-14.60234004753597,-14.999440454062865,-14.004403952730149,-14.112937074546851,-14.382482965423103,0.3688807765769299,72,-0.40561763817577773,-0.3787465940054496,-0.42386706948640485,-0.3811388972582103,-0.4282700421940928,-0.40352804822398713,0.020715226244722832,76,0.8442793159497076,-1.5183213600611218,1.3348156860660145,-1.2901578710635468,0.48704077324796213,-0.02846869117219688,1.157368044030433,41,-13.348268231557967,-11.45397907814984,-13.906621751415454,-11.636254441596382,-12.196090160339786,-12.508242732611887,0.9623285696968096,69,10.150571426918708,14.382482965423103,0.40352804822398713,12.508242732611887,-0.02846869117219688,n1000__poisson__boostrap_true__samples_0.85
59.386181116104126,3.4218243790015923,4.725981950759888,1.8397572769856194,True,poisson,26,0.875,0.85,4,2,1000,"{'bootstrap': True, 'criterion': 'poisson', 'max_depth': 26, 'max_features': 0.875, 'max_samples': 0.85, 'min_samples_leaf': 4, 'min_samples_split': 2, 'n_estimators': 1000}",-10.027769831207873,-10.241569384560936,-10.516433328456053,-10.176458637995472,-9.989917431824114,-10.19042972280889,0.1874845200444805,90,-14.23494838140888,-14.601881873632001,-15.058508649842073,-14.037331428147406,-14.144061655631077,-14.415346397732288,0.37349359810541966,91,-0.4104500151011779,-0.38207689978807147,-0.42386706948640485,-0.3811388972582103,-0.4273658830620856,-0.40497975293919,0.019903368551166346,91,0.877989057298128,-1.5223978870917312,1.3567202643501193,-1.2803169531434,0.5191480794221238,-0.009771487832952008,1.1694014542539797,26,-13.285124238352969,-11.410231163288742,-14.005751387094952,-11.670472036373136,-12.29516197683886,-12.533348160389732,0.9793689995113495,79,10.19042972280889,14.415346397732288,0.40497975293919,12.533348160389732,-0.009771487832952008,n1000__poisson__boostrap_true__samples_0.85
59.28407392501831,3.3451843546457507,6.4034661769866945,0.7135206844568007,True,poisson,26,0.875,0.85,4,4,1000,"{'bootstrap': True, 'criterion': 'poisson', 'max_depth': 26, 'max_features': 0.875, 'max_samples': 0.85, 'min_samples_leaf': 4, 'min_samples_split': 4, 'n_estimators': 1000}",-10.027769831207875,-10.241569384560936,-10.516433328456053,-10.176458637995472,-9.989917431824116,-10.19042972280889,0.1874845200444798,90,-14.23494838140888,-14.601881873632,-15.058508649842073,-14.037331428147407,-14.144061655631077,-14.415346397732288,0.37349359810541916,91,-0.4104500151011779,-0.38207689978807147,-0.42386706948640485,-0.3811388972582103,-0.4273658830620856,-0.40497975293919,0.019903368551166346,91,0.8779890572981291,-1.5223978870917312,1.3567202643501186,-1.2803169531433998,0.5191480794221235,-0.009771487832951942,1.1694014542539795,25,-13.285124238352969,-11.41023116328874,-14.005751387094952,-11.670472036373136,-12.295161976838866,-12.533348160389732,0.9793689995113497,79,10.19042972280889,14.415346397732288,0.40497975293919,12.533348160389732,-0.009771487832951942,n1000__poisson__boostrap_true__samples_0.85
61.68147668838501,0.5959124258365442,5.666110277175903,0.25893191219913814,True,poisson,26,0.875,0.85,4,8,1000,"{'bootstrap': True, 'criterion': 'poisson', 'max_depth': 26, 'max_features': 0.875, 'max_samples': 0.85, 'min_samples_leaf': 4, 'min_samples_split': 8, 'n_estimators': 1000}",-10.027769831207873,-10.241569384560936,-10.516433328456053,-10.176458637995472,-9.989917431824114,-10.19042972280889,0.1874845200444805,90,-14.23494838140888,-14.601881873632001,-15.058508649842073,-14.037331428147406,-14.144061655631077,-14.415346397732288,0.37349359810541966,91,-0.4104500151011779,-0.38207689978807147,-0.42386706948640485,-0.3811388972582103,-0.4273658830620856,-0.40497975293919,0.019903368551166346,91,0.8779890572981294,-1.5223978870917314,1.3567202643501184,-1.2803169531433993,0.519148079422124,-0.009771487832951786,1.1694014542539795,24,-13.285124238352973,-11.41023116328874,-14.005751387094953,-11.670472036373136,-12.29516197683886,-12.533348160389732,0.979368999511351,79,10.19042972280889,14.415346397732288,0.40497975293919,12.533348160389732,-0.009771487832951786,n1000__poisson__boostrap_true__samples_0.85
108.34029655456543,1.7151631775300125,7.618605709075927,0.35943348420793697,True,poisson,26,1.0,0.85,1,2,1000,"{'bootstrap': True, 'criterion': 'poisson', 'max_depth': 26, 'max_features': 1.0, 'max_samples': 0.85, 'min_samples_leaf': 1, 'min_samples_split': 2, 'n_estimators': 1000}",-9.90880192232364,-10.10679693699552,-10.39574873037508,-10.149361956867637,-9.945292791881549,-10.101200467688686,0.17345543069871222,27,-14.076803157679098,-14.57699352232559,-14.903270667777537,-13.984622756228722,-14.078139836507038,-14.323965988103598,0.35673257085332083,8,-0.4022953790395651,-0.3760217983651226,-0.4202416918429003,-0.3808376016872552,-0.4219409282700422,-0.4002674798409771,0.0191739047789532,1,0.6145415449836751,-1.5205868865473806,1.1272208405082378,-1.4147836334023336,0.2720977132914587,-0.18430208423326852,1.0831699974597517,87,-13.0791254580535,-11.417170610559666,-13.709931444868362,-11.467589183378694,-12.107607748630011,-12.356284889098045,0.9042580927795695,4,10.101200467688686,14.323965988103598,0.4002674798409771,12.356284889098045,-0.18430208423326852,n1000__poisson__boostrap_true__samples_0.85
94.02723813056946,0.6072292221886278,5.7409686088562015,0.9386940058250482,True,poisson,26,1.0,0.85,1,4,1000,"{'bootstrap': True, 'criterion': 'poisson', 'max_depth': 26, 'max_features': 1.0, 'max_samples': 0.85, 'min_samples_leaf': 1, 'min_samples_split': 4, 'n_estimators': 1000}",-9.913113515532432,-10.11298612986562,-10.406410262121744,-10.152549598344132,-9.951583776873909,-10.107328656547567,0.1752157161434051,37,-14.06144240882484,-14.57831302092423,-14.918497077875852,-14.012296858770146,-14.090237727281794,-14.332157418735372,0.3573539723845408,12,-0.4013893083660526,-0.3781410838631547,-0.4217522658610272,-0.37902982826152454,-0.4228450874020494,-0.40063151475076164,0.019557891140144494,5,0.608133396660301,-1.4979537864019599,1.1538602094242862,-1.4146289681538684,0.23210610347063834,-0.18369660900012058,1.0799454891095113,86,-13.106037820267172,-11.391293767197944,-13.70504844585149,-11.526692596026027,-12.04186850427057,-12.354188226722641,0.9054898686319802,3,10.107328656547567,14.332157418735372,0.40063151475076164,12.354188226722641,-0.18369660900012058,n1000__poisson__boostrap_true__samples_0.85
84.75103793144226,1.016082709308376,5.882801866531372,0.19886306120899588,True,poisson,26,1.0,0.85,1,8,1000,"{'bootstrap': True, 'criterion': 'poisson', 'max_depth': 26, 'max_features': 1.0, 'max_samples': 0.85, 'min_samples_leaf': 1, 'min_samples_split': 8, 'n_estimators': 1000}",-9.952753940949194,-10.152807017446625,-10.439386607426352,-10.161378571933831,-9.968110192489487,-10.134887266049097,0.17591469299286194,61,-14.10593101741469,-14.606122370212884,-14.956946463988857,-14.021097915289307,-14.12403473811397,-14.36282650100394,0.3611001612291281,56,-0.40380549682875266,-0.3766273085074175,-0.4205438066465257,-0.37842723711961435,-0.4252561784207354,-0.4009320055046091,0.020404548417748303,8,0.623340197065642,-1.552561473343067,1.122951538447962,-1.4584415938899626,0.25817602208575346,-0.20130706192673445,1.1001003920324837,90,-13.095530176128316,-11.417448164057095,-13.746889103033038,-11.498824773139965,-12.023677413168194,-12.356473925905323,0.91733783039015,5,10.134887266049097,14.36282650100394,0.4009320055046091,12.356473925905323,-0.20130706192673445,n1000__poisson__boostrap_true__samples_0.85
82.1955581665039,3.151851186716838,6.403183460235596,0.8499794761797179,True,poisson,26,1.0,0.85,2,2,1000,"{'bootstrap': True, 'criterion': 'poisson', 'max_depth': 26, 'max_features': 1.0, 'max_samples': 0.85, 'min_samples_leaf': 2, 'min_samples_split': 2, 'n_estimators': 1000}",-9.855216688553126,-10.067764033627508,-10.368975365171986,-10.048245518238506,-9.909804935200283,-10.050001308158281,0.17869477736488146,1,-14.063833037319457,-14.562954781559078,-14.916050537387115,-13.91421959200675,-14.09455059718592,-14.310321709091664,0.372811375345958,1,-0.4035034732709151,-0.37844383893430217,-0.4199395770392749,-0.380235010545345,-0.4246534056660639,-0.40135506109118024,0.019306959385825037,21,0.763094791316118,-1.4381954478956216,1.256399604525857,-1.275199444730025,0.4465818958391046,-0.049463720188913395,1.09932665651212,57,-13.157645699793065,-11.40138601546897,-13.841723435143832,-11.53634703564764,-12.193928852160639,-12.42620620764283,0.9417803665579516,24,10.050001308158281,14.310321709091664,0.40135506109118024,12.42620620764283,-0.049463720188913395,n1000__poisson__boostrap_true__samples_0.85
81.68853998184204,0.3297004080701472,6.190952444076538,0.3469715433903467,True,poisson,26,1.0,0.85,2,4,1000,"{'bootstrap': True, 'criterion': 'poisson', 'max_depth': 26, 'max_features': 1.0, 'max_samples': 0.85, 'min_samples_leaf': 2, 'min_samples_split': 4, 'n_estimators': 1000}",-9.855216688553126,-10.067764033627508,-10.368975365171986,-10.048245518238506,-9.909804935200283,-10.050001308158281,0.17869477736488146,1,-14.063833037319457,-14.562954781559078,-14.916050537387115,-13.91421959200675,-14.094550597185918,-14.310321709091664,0.3728113753459582,1,-0.4035034732709151,-0.37844383893430217,-0.4199395770392749,-0.380235010545345,-0.4246534056660639,-0.40135506109118024,0.019306959385825037,21,0.7630947913161177,-1.4381954478956216,1.2563996045258563,-1.2751994447300248,0.4465818958391052,-0.04946372018891344,1.0993266565121198,58,-13.157645699793065,-11.401386015468972,-13.841723435143836,-11.53634703564764,-12.193928852160639,-12.42620620764283,0.9417803665579523,24,10.050001308158281,14.310321709091664,0.40135506109118024,12.42620620764283,-0.04946372018891344,n1000__poisson__boostrap_true__samples_0.85
73.99875211715698,0.9234550937627491,5.932434940338135,0.6169509669001323,True,poisson,26,1.0,0.85,2,8,1000,"{'bootstrap': True, 'criterion': 'poisson', 'max_depth': 26, 'max_features': 1.0, 'max_samples': 0.85, 'min_samples_leaf': 2, 'min_samples_split': 8, 'n_estimators': 1000}",-9.91072890803182,-10.109263630330927,-10.389377110877934,-10.118143128513683,-9.922220679339802,-10.089946691418834,0.17382622834389555,18,-14.107947659440164,-14.600493896582398,-14.931433450906077,-13.983220409979925,-14.09873169983742,-14.344365423349197,0.3624653554975413,28,-0.40410752038659015,-0.3766273085074175,-0.4190332326283988,-0.3808376016872552,-0.42374924653405666,-0.40087098194874365,0.019250192455541514,6,0.7283928089830145,-1.4711743695246835,1.2138501188349156,-1.3411277245501683,0.37841593989542344,-0.09832864527229965,1.1010741850973236,71,-13.163726459281058,-11.467688435869382,-13.845235086643667,-11.523304638352416,-12.15416511473061,-12.430823946975426,0.9343946042542918,28,10.089946691418834,14.344365423349197,0.40087098194874365,12.430823946975426,-0.09832864527229965,n1000__poisson__boostrap_true__samples_0.85
71.0159363746643,2.994888624392457,6.50517897605896,0.8055778155538527,True,poisson,26,1.0,0.85,3,2,1000,"{'bootstrap': True, 'criterion': 'poisson', 'max_depth': 26, 'max_features': 1.0, 'max_samples': 0.85, 'min_samples_leaf': 3, 'min_samples_split': 2, 'n_estimators': 1000}",-9.883978054054095,-10.09660553728935,-10.377422800337275,-10.082323742530498,-9.9048347034396,-10.069032967530164,0.1773401089511465,13,-14.103902508319658,-14.594274777692624,-14.93099520198809,-13.964195215962667,-14.10721264191762,-14.340116069176133,0.3647169147021777,19,-0.40682573240712777,-0.37844383893430217,-0.4202416918429003,-0.37782464597770415,-0.42495479204339964,-0.40165814024108687,0.02010833468039994,25,0.8113965665931904,-1.4091777200463886,1.2924699135103983,-1.2546050751134314,0.4798620248992167,-0.016010858031402942,1.1061324000182056,31,-13.144909194121443,-11.477829632141399,-13.884739354002802,-11.682295955804326,-12.218589980364607,-12.481672823286916,0.9082285267627793,59,10.069032967530164,14.340116069176133,0.40165814024108687,12.481672823286916,-0.016010858031402942,n1000__poisson__boostrap_true__samples_0.85
70.9155680179596,2.3380615199153674,6.705179643630982,0.43708042129572083,True,poisson,26,1.0,0.85,3,4,1000,"{'bootstrap': True, 'criterion': 'poisson', 'max_depth': 26, 'max_features': 1.0, 'max_samples': 0.85, 'min_samples_leaf': 3, 'min_samples_split': 4, 'n_estimators': 1000}",-9.883978054054097,-10.09660553728935,-10.377422800337275,-10.082323742530498,-9.9048347034396,-10.069032967530164,0.17734010895114616,13,-14.103902508319658,-14.594274777692624,-14.93099520198809,-13.964195215962667,-14.10721264191762,-14.340116069176133,0.3647169147021777,19,-0.40682573240712777,-0.37844383893430217,-0.4202416918429003,-0.37782464597770415,-0.42495479204339964,-0.40165814024108687,0.02010833468039994,25,0.8113965665931904,-1.4091777200463902,1.2924699135103983,-1.2546050751134314,0.479862024899217,-0.016010858031403195,1.106132400018206,32,-13.144909194121443,-11.477829632141397,-13.884739354002802,-11.682295955804326,-12.218589980364607,-12.481672823286916,0.9082285267627798,59,10.069032967530164,14.340116069176133,0.40165814024108687,12.481672823286916,-0.016010858031403195,n1000__poisson__boostrap_true__samples_0.85
74.21044011116028,1.5913494296715203,6.327569913864136,0.6570055109566428,True,poisson,26,1.0,0.85,3,8,1000,"{'bootstrap': True, 'criterion': 'poisson', 'max_depth': 26, 'max_features': 1.0, 'max_samples': 0.85, 'min_samples_leaf': 3, 'min_samples_split': 8, 'n_estimators': 1000}",-9.922692567521603,-10.103353025323417,-10.417663399728724,-10.092619754629984,-9.922915053587229,-10.091848760158191,0.1807985268917058,23,-14.136991004104448,-14.594533183885563,-14.980723763006257,-13.95928095567909,-14.118192100059339,-14.357944201346942,0.3765800042405746,50,-0.4083358501963153,-0.37844383893430217,-0.4205438066465257,-0.3808376016872552,-0.42374924653405666,-0.40238206879969096,0.01928240353853704,55,0.8090476848238694,-1.4591028338978904,1.2794584725051832,-1.275131962582494,0.4574722726612217,-0.03765127329802202,1.117918380689888,48,-13.140825434732198,-11.420783352911407,-13.907138432864302,-11.576440657359816,-12.2482664112704,-12.458690857827625,0.9447966777391023,42,10.091848760158191,14.357944201346942,0.40238206879969096,12.458690857827625,-0.03765127329802202,n1000__poisson__boostrap_true__samples_0.85
69.09915399551392,6.619965302345958,5.80501127243042,0.6552732884636481,True,poisson,26,1.0,0.85,4,2,1000,"{'bootstrap': True, 'criterion': 'poisson', 'max_depth': 26, 'max_features': 1.0, 'max_samples': 0.85, 'min_samples_leaf': 4, 'min_samples_split': 2, 'n_estimators': 1000}",-9.947328970735606,-10.134975133308886,-10.42469125185278,-10.104066898506224,-9.92761266849944,-10.107734984580588,0.17854461288394172,38,-14.176589525174576,-14.622988042439287,-14.986811900235658,-13.996098716783171,-14.131219014562447,-14.382741439839027,0.368204912735733,73,-0.4080338266384778,-0.37783832879200724,-0.42114803625377645,-0.37902982826152454,-0.4243520192887282,-0.40208040784690285,0.020070126759499072,44,0.8567833181037456,-1.4108414610481947,1.3158785287261505,-1.2518977716827056,0.49636159880979563,0.0012568425817582995,1.1197948521052177,7,-13.239236043059622,-11.544797083123823,-13.938768283255472,-11.67740434496314,-12.282225361836662,-12.536486223247744,0.9215606214403232,88,10.107734984580588,14.382741439839027,0.40208040784690285,12.536486223247744,0.0012568425817582995,n1000__poisson__boostrap_true__samples_0.85
56.97561135292053,1.978645666233254,3.753585767745972,0.8180779683529605,True,poisson,26,1.0,0.85,4,4,1000,"{'bootstrap': True, 'criterion': 'poisson', 'max_depth': 26, 'max_features': 1.0, 'max_samples': 0.85, 'min_samples_leaf': 4, 'min_samples_split': 4, 'n_estimators': 1000}",-9.947328970735606,-10.134975133308886,-10.42469125185278,-10.104066898506225,-9.92761266849944,-10.107734984580588,0.17854461288394172,38,-14.176589525174576,-14.622988042439287,-14.986811900235658,-13.996098716783171,-14.131219014562449,-14.382741439839029,0.3682049127357328,74,-0.4080338266384778,-0.37783832879200724,-0.42114803625377645,-0.37902982826152454,-0.4243520192887282,-0.40208040784690285,0.020070126759499072,44,0.8567833181037459,-1.4108414610481952,1.3158785287261499,-1.2518977716827058,0.49636159880979536,0.001256842581758022,1.1197948521052177,9,-13.239236043059622,-11.544797083123825,-13.938768283255476,-11.67740434496314,-12.282225361836664,-12.536486223247746,0.9215606214403239,89,10.107734984580588,14.382741439839029,0.40208040784690285,12.536486223247746,0.001256842581758022,n1000__poisson__boostrap_true__samples_0.85
45.64744200706482,1.290298912147118,0.7675658702850342,0.07936279865440206,True,poisson,26,1.0,0.85,4,8,1000,"{'bootstrap': True, 'criterion': 'poisson', 'max_depth': 26, 'max_features': 1.0, 'max_samples': 0.85, 'min_samples_leaf': 4, 'min_samples_split': 8, 'n_estimators': 1000}",-9.947328970735606,-10.134975133308886,-10.42469125185278,-10.104066898506225,-9.92761266849944,-10.107734984580588,0.17854461288394172,38,-14.176589525174576,-14.622988042439287,-14.986811900235658,-13.996098716783171,-14.131219014562449,-14.382741439839029,0.3682049127357328,74,-0.4080338266384778,-0.37783832879200724,-0.42114803625377645,-0.37902982826152454,-0.4243520192887282,-0.40208040784690285,0.020070126759499072,44,0.8567833181037459,-1.4108414610481947,1.315878528726151,-1.2518977716827058,0.4963615988097951,0.0012568425817582774,1.119794852105218,8,-13.239236043059622,-11.544797083123825,-13.938768283255476,-11.67740434496314,-12.282225361836662,-12.536486223247746,0.9215606214403239,89,10.107734984580588,14.382741439839029,0.40208040784690285,12.536486223247746,0.0012568425817582774,n1000__poisson__boostrap_true__samples_0.85
