mean_fit_time,std_fit_time,mean_score_time,std_score_time,param_bootstrap,param_criterion,param_max_depth,param_max_features,param_max_samples,param_min_samples_leaf,param_min_samples_split,param_n_estimators,params,split0_test_MAE,split1_test_MAE,split2_test_MAE,split3_test_MAE,split4_test_MAE,mean_test_MAE,std_test_MAE,rank_test_MAE,split0_test_RMSE,split1_test_RMSE,split2_test_RMSE,split3_test_RMSE,split4_test_RMSE,mean_test_RMSE,std_test_RMSE,rank_test_RMSE,split0_test_overestimation_rate,split1_test_overestimation_rate,split2_test_overestimation_rate,split3_test_overestimation_rate,split4_test_overestimation_rate,mean_test_overestimation_rate,std_test_overestimation_rate,rank_test_overestimation_rate,split0_test_mean_signed_error,split1_test_mean_signed_error,split2_test_mean_signed_error,split3_test_mean_signed_error,split4_test_mean_signed_error,mean_test_mean_signed_error,std_test_mean_signed_error,rank_test_mean_signed_error,split0_test_mean_overestimation,split1_test_mean_overestimation,split2_test_mean_overestimation,split3_test_mean_overestimation,split4_test_mean_overestimation,mean_test_mean_overestimation,std_test_mean_overestimation,rank_test_mean_overestimation,mean_MAE,mean_RMSE,overestimation_rate,mean_overstimation,mean_signed_error,chunk_id
72.16028499603271,0.04236918100514611,1.708770513534546,0.1328151110728465,True,poisson,20,0.875,0.7,1,2,1000,"{'bootstrap': True, 'criterion': 'poisson', 'max_depth': 20, 'max_features': 0.875, 'max_samples': 0.7, 'min_samples_leaf': 1, 'min_samples_split': 2, 'n_estimators': 1000}",-10.037264642263747,-10.21422047142969,-10.470360458321151,-10.218313161518736,-10.013797941761862,-10.190791335059037,0.1639282627955336,72,-14.191038316151271,-14.56925271999543,-14.972253380861593,-14.031255317976882,-14.107372004982452,-14.374234347993525,0.35158778144924147,44,-0.40712775596496525,-0.381774144716924,-0.4217522658610272,-0.3817414884001205,-0.4258589511754069,-0.40365092122368873,0.018929132303471506,50,0.6892906797918174,-1.5990790370167947,1.1875102418347803,-1.4515875872289603,0.34605387520902314,-0.1655623654820268,1.1429926776634467,77,-13.173451287583818,-11.283034162516175,-13.820756453265087,-11.482542297185386,-12.163477823322504,-12.384652404774595,0.9757952765804425,10,10.190791335059037,14.374234347993525,0.40365092122368873,12.384652404774595,-0.1655623654820268,n1000__poisson__boostrap_true__samples_0.7
69.41551656723023,1.6504198599939668,3.5524181365966796,1.146755559072021,True,poisson,20,0.875,0.7,1,4,1000,"{'bootstrap': True, 'criterion': 'poisson', 'max_depth': 20, 'max_features': 0.875, 'max_samples': 0.7, 'min_samples_leaf': 1, 'min_samples_split': 4, 'n_estimators': 1000}",-10.044726316282965,-10.234515603360892,-10.480685530059429,-10.217739683612233,-10.00623454524717,-10.196780335712537,0.1684598036059524,75,-14.203082921041075,-14.592405831498798,-14.978935278314244,-14.019868051628048,-14.111079661254598,-14.381074348747353,0.3569724794418699,53,-0.4044095439444277,-0.37753557372085983,-0.4199395770392749,-0.3811388972582103,-0.4273658830620856,-0.4020778950049717,0.020023614920885797,15,0.6958620535826547,-1.6156005068733148,1.1784307458282381,-1.438123163497885,0.34857021217704964,-0.16617213175665146,1.1432166511630635,78,-13.279345815020564,-11.41470591968664,-13.881897436398626,-11.517607600893092,-12.114683422120438,-12.441648038823871,0.9789200783541757,28,10.196780335712537,14.381074348747353,0.4020778950049717,12.441648038823871,-0.16617213175665146,n1000__poisson__boostrap_true__samples_0.7
65.45816202163697,2.865228455692713,5.155756950378418,1.0479435707376137,True,poisson,20,0.875,0.7,1,8,1000,"{'bootstrap': True, 'criterion': 'poisson', 'max_depth': 20, 'max_features': 0.875, 'max_samples': 0.7, 'min_samples_leaf': 1, 'min_samples_split': 8, 'n_estimators': 1000}",-10.05713403512719,-10.22381274163572,-10.527884142935573,-10.265440417689426,-10.026162718671241,-10.220086811211832,0.17942697149296483,93,-14.207323764069336,-14.558556111735207,-15.020709774440352,-14.08281645441944,-14.11179061329379,-14.396239343591626,0.3552869645895566,66,-0.4059196617336152,-0.37935210414774445,-0.42235649546827797,-0.38053630611630007,-0.42766726943942135,-0.4031663673810718,0.020274982878717762,33,0.6645411598492383,-1.6179957126342606,1.1954872669360515,-1.4656613789209958,0.35490835348755184,-0.17374406225648292,1.149948094987923,80,-13.206646789645443,-11.342782780044622,-13.878526239869483,-11.562338333203646,-12.136854763010172,-12.425429781154673,0.9718144113276644,26,10.220086811211832,14.396239343591626,0.4031663673810718,12.425429781154673,-0.17374406225648292,n1000__poisson__boostrap_true__samples_0.7
59.158517074584964,5.196544517564114,6.687423610687256,1.5934884836554606,True,poisson,20,0.875,0.7,2,2,1000,"{'bootstrap': True, 'criterion': 'poisson', 'max_depth': 20, 'max_features': 0.875, 'max_samples': 0.7, 'min_samples_leaf': 2, 'min_samples_split': 2, 'n_estimators': 1000}",-9.975577929329814,-10.159345718873457,-10.453625557948351,-10.180950141726758,-9.991422265242626,-10.152184322624201,0.1724991788645024,51,-14.157120048336363,-14.528045260162573,-14.972555396466635,-14.029822636138709,-14.115392689067814,-14.360587206034419,0.35027751914839617,20,-0.4059196617336152,-0.3781410838631547,-0.4241691842900302,-0.38324796625489604,-0.43128390596745025,-0.40455236042182924,0.021225916041903534,67,0.7981680037241041,-1.5304008095772303,1.305537205810611,-1.2938480387137727,0.5210354319787377,-0.03990164135551007,1.1507550703451859,49,-13.270786006079437,-11.409689765974951,-13.861406249302762,-11.594454355306642,-12.187398546254537,-12.464746984583666,0.9537120275277466,43,10.152184322624201,14.360587206034419,0.40455236042182924,12.464746984583666,-0.03990164135551007,n1000__poisson__boostrap_true__samples_0.7
62.00839099884033,2.225436665956504,3.4252133846282957,1.7606741767663117,True,poisson,20,0.875,0.7,2,4,1000,"{'bootstrap': True, 'criterion': 'poisson', 'max_depth': 20, 'max_features': 0.875, 'max_samples': 0.7, 'min_samples_leaf': 2, 'min_samples_split': 4, 'n_estimators': 1000}",-9.975577929329814,-10.159345718873457,-10.453625557948351,-10.180950141726758,-9.991422265242626,-10.152184322624201,0.1724991788645024,51,-14.157120048336363,-14.528045260162573,-14.972555396466635,-14.029822636138709,-14.115392689067814,-14.360587206034419,0.35027751914839617,20,-0.4059196617336152,-0.3781410838631547,-0.4241691842900302,-0.38324796625489604,-0.43128390596745025,-0.40455236042182924,0.021225916041903534,67,0.7981680037241041,-1.5304008095772312,1.3055372058106112,-1.2938480387137727,0.5210354319787383,-0.03990164135551009,1.1507550703451863,50,-13.270786006079437,-11.409689765974951,-13.861406249302762,-11.594454355306642,-12.187398546254537,-12.464746984583666,0.9537120275277466,43,10.152184322624201,14.360587206034419,0.40455236042182924,12.464746984583666,-0.03990164135551009,n1000__poisson__boostrap_true__samples_0.7
63.52235722541809,0.3612543759661075,1.159474754333496,0.07221805670039137,True,poisson,20,0.875,0.7,2,8,1000,"{'bootstrap': True, 'criterion': 'poisson', 'max_depth': 20, 'max_features': 0.875, 'max_samples': 0.7, 'min_samples_leaf': 2, 'min_samples_split': 8, 'n_estimators': 1000}",-10.015333505170462,-10.221539925614533,-10.465914396614375,-10.18938624320071,-10.006903241893994,-10.179815462498814,0.16771289818535395,65,-14.20788636373069,-14.580555326764904,-14.988904370920443,-14.020137004938372,-14.123213747593846,-14.38413936278965,0.35664126481035313,55,-0.40954394442766534,-0.37904934907659704,-0.42386706948640485,-0.38264537511298585,-0.4279686558167571,-0.4046148787840821,0.020379385846623865,69,0.8098380376426546,-1.539847014610243,1.2722021407501085,-1.347029850686938,0.4482159761046191,-0.07132414215995976,1.1519909787970533,65,-13.216129416760413,-11.451929586680178,-13.84645963602154,-11.554244435729606,-12.214818861027958,-12.45671638724394,0.9370870821827576,38,10.179815462498814,14.38413936278965,0.4046148787840821,12.45671638724394,-0.07132414215995976,n1000__poisson__boostrap_true__samples_0.7
55.75385465621948,6.1446128552370265,3.9144958019256593,2.3087085690999642,True,poisson,20,0.875,0.7,3,2,1000,"{'bootstrap': True, 'criterion': 'poisson', 'max_depth': 20, 'max_features': 0.875, 'max_samples': 0.7, 'min_samples_leaf': 3, 'min_samples_split': 2, 'n_estimators': 1000}",-10.00718481357522,-10.200064046958166,-10.457415481823267,-10.163486139257577,-9.979242739183157,-10.161478644159477,0.17093155732693252,56,-14.21998474112394,-14.570801591831122,-15.00156761104983,-14.021073703394247,-14.127539161605009,-14.38819336180083,0.35793444401311336,59,-0.40924192086982786,-0.38207689978807147,-0.42386706948640485,-0.38053630611630007,-0.4306811332127788,-0.4052806658946766,0.020770304676641226,78,0.8620286153475197,-1.5090143322623288,1.3397326425716927,-1.2706299742484637,0.5205971184614624,-0.011457186026023547,1.1575808134099381,33,-13.279692126628483,-11.373429955483498,-13.916094188078159,-11.684635634071755,-12.18980708455733,-12.488731797763844,0.9636188519477309,67,10.161478644159477,14.38819336180083,0.4052806658946766,12.488731797763844,-0.011457186026023547,n1000__poisson__boostrap_true__samples_0.7
52.38439269065857,0.5591641172356991,4.6673698902130125,0.5973866326517158,True,poisson,20,0.875,0.7,3,4,1000,"{'bootstrap': True, 'criterion': 'poisson', 'max_depth': 20, 'max_features': 0.875, 'max_samples': 0.7, 'min_samples_leaf': 3, 'min_samples_split': 4, 'n_estimators': 1000}",-10.00718481357522,-10.200064046958166,-10.457415481823267,-10.163486139257579,-9.979242739183157,-10.161478644159477,0.17093155732693252,56,-14.219984741123941,-14.570801591831122,-15.001567611049829,-14.021073703394247,-14.127539161605009,-14.38819336180083,0.3579344440131126,59,-0.40924192086982786,-0.38207689978807147,-0.42386706948640485,-0.38053630611630007,-0.4306811332127788,-0.4052806658946766,0.020770304676641226,78,0.8620286153475195,-1.5090143322623288,1.3397326425716924,-1.2706299742484637,0.5205971184614626,-0.01145718602602359,1.1575808134099381,34,-13.279692126628484,-11.373429955483498,-13.916094188078159,-11.684635634071755,-12.18980708455733,-12.488731797763844,0.9636188519477312,67,10.161478644159477,14.38819336180083,0.4052806658946766,12.488731797763844,-0.01145718602602359,n1000__poisson__boostrap_true__samples_0.7
56.366423749923705,0.040923246665350674,1.2225459098815918,0.3220897993768793,True,poisson,20,0.875,0.7,3,8,1000,"{'bootstrap': True, 'criterion': 'poisson', 'max_depth': 20, 'max_features': 0.875, 'max_samples': 0.7, 'min_samples_leaf': 3, 'min_samples_split': 8, 'n_estimators': 1000}",-10.02824457278026,-10.21449245566591,-10.508920739760915,-10.181424620940362,-9.99535252851118,-10.185686983531728,0.18239698549974243,67,-14.236883373928753,-14.569379356430355,-15.048413643437444,-14.031873458471395,-14.129724069041995,-14.403254780261989,0.36993240316082276,70,-0.4089398973119903,-0.3802603693611868,-0.4241691842900302,-0.3817414884001205,-0.42917420132610007,-0.4048570281378856,0.02059260987902621,73,0.8728214280223342,-1.53691865472303,1.2982267651302493,-1.2984701773827534,0.535544680028843,-0.025759191784871384,1.1643748671457739,43,-13.32844517306403,-11.41004230275252,-13.917969459113161,-11.634777347343213,-12.268791059668468,-12.512005068388278,0.9681233163150682,72,10.185686983531728,14.403254780261989,0.4048570281378856,12.512005068388278,-0.025759191784871384,n1000__poisson__boostrap_true__samples_0.7
50.93874006271362,5.857507492878933,4.42339243888855,3.863509007227331,True,poisson,20,0.875,0.7,4,2,1000,"{'bootstrap': True, 'criterion': 'poisson', 'max_depth': 20, 'max_features': 0.875, 'max_samples': 0.7, 'min_samples_leaf': 4, 'min_samples_split': 2, 'n_estimators': 1000}",-10.06987630629512,-10.267379872363302,-10.536877604417844,-10.206395486087455,-10.00152444613446,-10.216410743059637,0.18603528079753168,90,-14.29957295820667,-14.620269084840974,-15.08229336259766,-14.074068540362479,-14.14105291200292,-14.44345137160214,0.37093748675428795,94,-0.4098459679855029,-0.38116863457462913,-0.4241691842900302,-0.3808376016872552,-0.43037974683544306,-0.40528022707457206,0.020911410357446092,75,0.9074870415888661,-1.5101971176145963,1.3716124780170675,-1.2832021978337258,0.565558785760251,0.010251797983572498,1.1791088141831272,11,-13.392059707016903,-11.487281429283149,-14.037429548739162,-11.715220935013502,-12.276464342936503,-12.581691192597845,0.9815842457755494,96,10.216410743059637,14.44345137160214,0.40528022707457206,12.581691192597845,0.010251797983572498,n1000__poisson__boostrap_true__samples_0.7
47.32001643180847,3.800189834379661,5.693430423736572,1.1425527586112292,True,poisson,20,0.875,0.7,4,4,1000,"{'bootstrap': True, 'criterion': 'poisson', 'max_depth': 20, 'max_features': 0.875, 'max_samples': 0.7, 'min_samples_leaf': 4, 'min_samples_split': 4, 'n_estimators': 1000}",-10.06987630629512,-10.267379872363298,-10.536877604417844,-10.206395486087455,-10.00152444613446,-10.216410743059637,0.18603528079753148,90,-14.29957295820667,-14.620269084840974,-15.082293362597659,-14.074068540362479,-14.14105291200292,-14.44345137160214,0.37093748675428734,94,-0.4098459679855029,-0.38116863457462913,-0.4241691842900302,-0.3808376016872552,-0.43037974683544306,-0.40528022707457206,0.020911410357446092,75,0.907487041588866,-1.510197117614597,1.3716124780170684,-1.2832021978337256,0.5655587857602506,0.010251797983572498,1.1791088141831274,11,-13.392059707016903,-11.487281429283149,-14.037429548739158,-11.715220935013502,-12.276464342936501,-12.581691192597843,0.9815842457755485,94,10.216410743059637,14.44345137160214,0.40528022707457206,12.581691192597843,0.010251797983572498,n1000__poisson__boostrap_true__samples_0.7
54.396623039245604,0.2138405859212068,3.4805150985717774,0.18470958208770608,True,poisson,20,0.875,0.7,4,8,1000,"{'bootstrap': True, 'criterion': 'poisson', 'max_depth': 20, 'max_features': 0.875, 'max_samples': 0.7, 'min_samples_leaf': 4, 'min_samples_split': 8, 'n_estimators': 1000}",-10.06987630629512,-10.267379872363302,-10.536877604417844,-10.206395486087457,-10.00152444613446,-10.216410743059637,0.18603528079753165,90,-14.29957295820667,-14.620269084840974,-15.08229336259766,-14.074068540362479,-14.14105291200292,-14.44345137160214,0.37093748675428795,94,-0.4098459679855029,-0.38116863457462913,-0.4241691842900302,-0.3808376016872552,-0.43037974683544306,-0.40528022707457206,0.020911410357446092,75,0.9074870415888665,-1.5101971176145965,1.3716124780170684,-1.2832021978337247,0.5655587857602501,0.010251797983572763,1.1791088141831272,10,-13.392059707016903,-11.487281429283149,-14.037429548739158,-11.715220935013502,-12.276464342936501,-12.581691192597843,0.9815842457755485,94,10.216410743059637,14.44345137160214,0.40528022707457206,12.581691192597843,0.010251797983572763,n1000__poisson__boostrap_true__samples_0.7
81.2810311794281,0.6561316245085796,6.2752158641815186,1.4659298850059126,True,poisson,20,1.0,0.7,1,2,1000,"{'bootstrap': True, 'criterion': 'poisson', 'max_depth': 20, 'max_features': 1.0, 'max_samples': 0.7, 'min_samples_leaf': 1, 'min_samples_split': 2, 'n_estimators': 1000}",-9.950141788857474,-10.147448882712006,-10.433021284760718,-10.16038691498717,-9.955606469515224,-10.129321068166519,0.1765273361134373,26,-14.111845638764557,-14.60168973540194,-14.953084068323626,-13.99740682280613,-14.097074757502767,-14.352220204559805,0.3666180837063147,14,-0.40561763817577773,-0.38116863457462913,-0.41812688821752264,-0.3799337149743899,-0.4255575647980711,-0.4020808881480781,0.01870270940062396,16,0.6775081167553182,-1.5080047530624188,1.1856855603516536,-1.4004418316809455,0.31610196394625545,-0.1458301887380274,1.1039720456017277,73,-13.10057663346387,-11.332837156565759,-13.89375710163365,-11.52825445340736,-12.068529951212886,-12.384791059256706,0.9725852727959182,11,10.129321068166519,14.352220204559805,0.4020808881480781,12.384791059256706,-0.1458301887380274,n1000__poisson__boostrap_true__samples_0.7
74.37131958007812,1.7092927291347235,5.589404916763305,1.4954786259690025,True,poisson,20,1.0,0.7,1,4,1000,"{'bootstrap': True, 'criterion': 'poisson', 'max_depth': 20, 'max_features': 1.0, 'max_samples': 0.7, 'min_samples_leaf': 1, 'min_samples_split': 4, 'n_estimators': 1000}",-9.957642088677341,-10.143846022992022,-10.4169350046927,-10.151531936076314,-9.966754928564258,-10.127341996200526,0.1669178909311221,24,-14.126688716285653,-14.583682079101473,-14.921314470489136,-13.996154700624308,-14.105908814046721,-14.34674975610946,0.35088734666306526,9,-0.4050135910601027,-0.3766273085074175,-0.4199395770392749,-0.3796324194034348,-0.4267631103074141,-0.40159520126352877,0.020432252018605955,7,0.6702550654098581,-1.5489721096679927,1.1703301318564403,-1.4034636797977917,0.32196754586655185,-0.1579766092665868,1.1105691714156347,74,-13.120420386719879,-11.410316935574466,-13.796348058265345,-11.521761326423972,-12.054371882119149,-12.380643717820561,0.931359719632444,9,10.127341996200526,14.34674975610946,0.40159520126352877,12.380643717820561,-0.1579766092665868,n1000__poisson__boostrap_true__samples_0.7
71.82250237464905,0.8380553276273178,3.7816845893859865,0.6478388559000071,True,poisson,20,1.0,0.7,1,8,1000,"{'bootstrap': True, 'criterion': 'poisson', 'max_depth': 20, 'max_features': 1.0, 'max_samples': 0.7, 'min_samples_leaf': 1, 'min_samples_split': 8, 'n_estimators': 1000}",-9.976989778584903,-10.16203607574744,-10.472314376643077,-10.186227946831353,-9.96427397094545,-10.152368429750444,0.18425120674062725,53,-14.136127006631849,-14.598162098969748,-14.989357930386337,-14.034125128974287,-14.097436296839113,-14.371041692360269,0.3680913587733772,38,-0.40471156750226517,-0.37693006357856496,-0.4205438066465257,-0.3796324194034348,-0.42646172393007836,-0.40165591621217384,0.020385385483467567,10,0.651426668428134,-1.5290412079794886,1.1620669681829923,-1.4298648409827899,0.31827966773036653,-0.16542654892415715,1.1064998014916472,76,-13.13085330450006,-11.451719698087368,-13.83254391213157,-11.532686169964833,-12.055658294390941,-12.400692275814956,0.9334201880870585,16,10.152368429750444,14.371041692360269,0.40165591621217384,12.400692275814956,-0.16542654892415715,n1000__poisson__boostrap_true__samples_0.7
60.9895281791687,6.570227289560453,5.9312187194824215,1.0960928794232687,True,poisson,20,1.0,0.7,2,2,1000,"{'bootstrap': True, 'criterion': 'poisson', 'max_depth': 20, 'max_features': 1.0, 'max_samples': 0.7, 'min_samples_leaf': 2, 'min_samples_split': 2, 'n_estimators': 1000}",-9.902098412245053,-10.107003344219656,-10.382928999202354,-10.08708325260474,-9.923564281636509,-10.080535657981663,0.17243259893796994,1,-14.104867742590232,-14.562340550798778,-14.930701050139003,-13.95177977580127,-14.100343083127711,-14.330006440491399,0.3636760244401112,1,-0.4077318030806403,-0.37783832879200724,-0.42114803625377645,-0.3814401928291654,-0.4258589511754069,-0.40280346242619924,0.01985958044488907,27,0.777230896232634,-1.4595320351832146,1.2543133935836515,-1.2738299505902233,0.45612809566464096,-0.0491379200585023,1.1069098087780178,52,-13.096021977914676,-11.443348451020578,-13.816094806356416,-11.55260178095821,-12.186772578869505,-12.418967919023876,0.9128750238111765,23,10.080535657981663,14.330006440491399,0.40280346242619924,12.418967919023876,-0.0491379200585023,n1000__poisson__boostrap_true__samples_0.7
68.3562198638916,1.8863158163810714,5.165137386322021,1.4760869936614907,True,poisson,20,1.0,0.7,2,4,1000,"{'bootstrap': True, 'criterion': 'poisson', 'max_depth': 20, 'max_features': 1.0, 'max_samples': 0.7, 'min_samples_leaf': 2, 'min_samples_split': 4, 'n_estimators': 1000}",-9.902098412245053,-10.107003344219656,-10.382928999202354,-10.08708325260474,-9.923564281636509,-10.080535657981663,0.17243259893796994,1,-14.104867742590232,-14.562340550798778,-14.930701050139003,-13.95177977580127,-14.100343083127711,-14.330006440491399,0.3636760244401112,1,-0.4077318030806403,-0.37783832879200724,-0.42114803625377645,-0.3814401928291654,-0.4258589511754069,-0.40280346242619924,0.01985958044488907,27,0.777230896232634,-1.459532035183214,1.2543133935836517,-1.2738299505902233,0.45612809566464096,-0.04913792005850213,1.1069098087780178,51,-13.096021977914676,-11.443348451020578,-13.816094806356416,-11.55260178095821,-12.186772578869505,-12.418967919023876,0.9128750238111765,23,10.080535657981663,14.330006440491399,0.40280346242619924,12.418967919023876,-0.04913792005850213,n1000__poisson__boostrap_true__samples_0.7
66.79726581573486,0.17372089400315927,3.5477755069732666,0.15254769683098435,True,poisson,20,1.0,0.7,2,8,1000,"{'bootstrap': True, 'criterion': 'poisson', 'max_depth': 20, 'max_features': 1.0, 'max_samples': 0.7, 'min_samples_leaf': 2, 'min_samples_split': 8, 'n_estimators': 1000}",-9.954600180814763,-10.147825685431515,-10.428416781882776,-10.141664920544326,-9.96322532217142,-10.12714657816896,0.17207241545116528,23,-14.140327993828551,-14.60531308923164,-14.970403425092249,-13.99354042448029,-14.13645546526802,-14.369208079580151,0.3646553110154737,36,-0.40712775596496525,-0.3781410838631547,-0.4214501510574018,-0.3808376016872552,-0.4255575647980711,-0.40262283147416966,0.01987318043471403,25,0.7831696605625332,-1.4843205983704828,1.2370540224329343,-1.3414023508245054,0.41563471644492056,-0.07797290995092003,1.121479257166242,67,-13.187224015133616,-11.45538723080968,-13.839680416589607,-11.553825739280098,-12.19442549862925,-12.44610858008845,0.9308422406575625,31,10.12714657816896,14.369208079580151,0.40262283147416966,12.44610858008845,-0.07797290995092003,n1000__poisson__boostrap_true__samples_0.7
59.75947346687317,5.3427545693269805,3.7240670204162596,0.3192119564867768,True,poisson,20,1.0,0.7,3,2,1000,"{'bootstrap': True, 'criterion': 'poisson', 'max_depth': 20, 'max_features': 1.0, 'max_samples': 0.7, 'min_samples_leaf': 3, 'min_samples_split': 2, 'n_estimators': 1000}",-9.93291145519991,-10.130235486889683,-10.4112079150662,-10.097680581175359,-9.944542478594052,-10.103315583385042,0.17308991193606169,11,-14.141780658254804,-14.602271269114597,-14.962369511027275,-13.978926772754667,-14.1281035905063,-14.362690360331527,0.3655463406549211,22,-0.4083358501963153,-0.3802603693611868,-0.42235649546827797,-0.380235010545345,-0.42616033755274263,-0.40346961262477354,0.01986846403757189,43,0.8694001313788216,-1.435095065516262,1.3081065293664247,-1.259180295310826,0.483294208192181,-0.006694898377932146,1.1265328514634112,29,-13.227238780755242,-11.433140450555893,-13.873723466048636,-11.622417768932008,-12.234640073110581,-12.478232107880473,0.9372703944001994,61,10.103315583385042,14.362690360331527,0.40346961262477354,12.478232107880473,-0.006694898377932146,n1000__poisson__boostrap_true__samples_0.7
57.75122718811035,4.522671109487471,4.864814043045044,1.3174180315980082,True,poisson,20,1.0,0.7,3,4,1000,"{'bootstrap': True, 'criterion': 'poisson', 'max_depth': 20, 'max_features': 1.0, 'max_samples': 0.7, 'min_samples_leaf': 3, 'min_samples_split': 4, 'n_estimators': 1000}",-9.93291145519991,-10.130235486889687,-10.4112079150662,-10.097680581175359,-9.944542478594052,-10.103315583385042,0.1730899119360618,11,-14.141780658254804,-14.602271269114597,-14.962369511027275,-13.978926772754667,-14.1281035905063,-14.362690360331527,0.3655463406549211,22,-0.4083358501963153,-0.3802603693611868,-0.42235649546827797,-0.380235010545345,-0.42616033755274263,-0.40346961262477354,0.01986846403757189,43,0.8694001313788214,-1.435095065516263,1.3081065293664245,-1.2591802953108255,0.4832942081921813,-0.00669489837793229,1.1265328514634114,30,-13.227238780755245,-11.433140450555895,-13.873723466048636,-11.622417768932008,-12.234640073110581,-12.478232107880475,0.9372703944001995,62,10.103315583385042,14.362690360331527,0.40346961262477354,12.478232107880475,-0.00669489837793229,n1000__poisson__boostrap_true__samples_0.7
60.114674186706544,3.7058637754610126,4.030772304534912,1.2156452676523928,True,poisson,20,1.0,0.7,3,8,1000,"{'bootstrap': True, 'criterion': 'poisson', 'max_depth': 20, 'max_features': 1.0, 'max_samples': 0.7, 'min_samples_leaf': 3, 'min_samples_split': 8, 'n_estimators': 1000}",-9.95876068749982,-10.15049465959695,-10.425007506998064,-10.10855058425184,-9.95431354215331,-10.119425396099997,0.17177838052047537,18,-14.170012198595643,-14.610436511442746,-14.973109051402856,-13.99413542909925,-14.137857160638205,-14.377110070235739,0.36234157163122593,45,-0.4074297795228028,-0.37723281864971236,-0.4217522658610272,-0.3796324194034348,-0.4282700421940928,-0.40286346512621396,0.021070091138157443,31,0.849048650478052,-1.4679975992230399,1.290526628409659,-1.2775831158588404,0.5058687475205816,-0.020027337734717522,1.133796796361635,39,-13.263401303945422,-11.5081411679033,-13.889118190615891,-11.63094485222078,-12.212134003215331,-12.500747903580145,0.9310570043086869,70,10.119425396099997,14.377110070235739,0.40286346512621396,12.500747903580145,-0.020027337734717522,n1000__poisson__boostrap_true__samples_0.7
57.89468107223511,4.034158411725389,3.643753910064697,1.3114922793931167,True,poisson,20,1.0,0.7,4,2,1000,"{'bootstrap': True, 'criterion': 'poisson', 'max_depth': 20, 'max_features': 1.0, 'max_samples': 0.7, 'min_samples_leaf': 4, 'min_samples_split': 2, 'n_estimators': 1000}",-9.971822363410423,-10.161550222517377,-10.46600233696641,-10.121015415470795,-9.96914583207607,-10.137907234088214,0.18141406563322618,29,-14.192275379125135,-14.638701899634182,-15.028573720624781,-14.007557425324125,-14.156598454572272,-14.4047413758561,0.3763976941418333,71,-0.4104500151011779,-0.37935210414774445,-0.4241691842900302,-0.3814401928291654,-0.42766726943942135,-0.4046157531615079,0.020606340005921153,70,0.9048503395798604,-1.4296439854559133,1.3414814343673254,-1.2542347547239963,0.5238718356822906,0.017264973889913347,1.1409000503551459,2,-13.249692170566899,-11.508972985241027,-13.918365841565052,-11.622766592819364,-12.267735243700582,-12.513506566778585,0.9357892696619023,73,10.137907234088214,14.4047413758561,0.4046157531615079,12.513506566778585,0.017264973889913347,n1000__poisson__boostrap_true__samples_0.7
53.04145832061768,4.4988231033947805,4.938735246658325,2.0720404175682186,True,poisson,20,1.0,0.7,4,4,1000,"{'bootstrap': True, 'criterion': 'poisson', 'max_depth': 20, 'max_features': 1.0, 'max_samples': 0.7, 'min_samples_leaf': 4, 'min_samples_split': 4, 'n_estimators': 1000}",-9.971822363410423,-10.161550222517377,-10.46600233696641,-10.121015415470795,-9.96914583207607,-10.137907234088214,0.18141406563322618,29,-14.192275379125137,-14.638701899634182,-15.028573720624781,-14.007557425324126,-14.156598454572272,-14.4047413758561,0.37639769414183283,71,-0.4104500151011779,-0.37935210414774445,-0.4241691842900302,-0.3814401928291654,-0.42766726943942135,-0.4046157531615079,0.020606340005921153,70,0.9048503395798613,-1.4296439854559142,1.3414814343673256,-1.2542347547239963,0.52387183568229,0.01726497388991328,1.1409000503551463,3,-13.249692170566899,-11.508972985241027,-13.918365841565052,-11.622766592819362,-12.267735243700582,-12.513506566778585,0.9357892696619027,73,10.137907234088214,14.4047413758561,0.4046157531615079,12.513506566778585,0.01726497388991328,n1000__poisson__boostrap_true__samples_0.7
57.32408804893494,2.059278651586206,5.416645288467407,0.5284569565815553,True,poisson,20,1.0,0.7,4,8,1000,"{'bootstrap': True, 'criterion': 'poisson', 'max_depth': 20, 'max_features': 1.0, 'max_samples': 0.7, 'min_samples_leaf': 4, 'min_samples_split': 8, 'n_estimators': 1000}",-9.971822363410423,-10.161550222517377,-10.46600233696641,-10.121015415470795,-9.96914583207607,-10.137907234088214,0.18141406563322618,29,-14.192275379125137,-14.638701899634182,-15.028573720624781,-14.007557425324126,-14.156598454572272,-14.4047413758561,0.37639769414183283,71,-0.4104500151011779,-0.37935210414774445,-0.4241691842900302,-0.3814401928291654,-0.42766726943942135,-0.4046157531615079,0.020606340005921153,70,0.9048503395798613,-1.4296439854559133,1.3414814343673254,-1.2542347547239963,0.5238718356822902,0.01726497388991346,1.1409000503551459,1,-13.249692170566899,-11.508972985241027,-13.918365841565052,-11.622766592819364,-12.267735243700582,-12.513506566778585,0.9357892696619023,73,10.137907234088214,14.4047413758561,0.4046157531615079,12.513506566778585,0.01726497388991346,n1000__poisson__boostrap_true__samples_0.7
77.68206868171691,1.186675419488013,5.5111743927001955,0.4479667589382927,True,poisson,22,0.875,0.7,1,2,1000,"{'bootstrap': True, 'criterion': 'poisson', 'max_depth': 22, 'max_features': 0.875, 'max_samples': 0.7, 'min_samples_leaf': 1, 'min_samples_split': 2, 'n_estimators': 1000}",-10.022490292201672,-10.220557452224147,-10.504207741125095,-10.24196536905326,-10.02307135870966,-10.202458442662767,0.1774876173551385,77,-14.17770396508457,-14.570278102743716,-14.986990555442704,-14.06613473138121,-14.119915712298212,-14.384204613390082,0.3497524342184302,56,-0.4077318030806403,-0.37693006357856496,-0.4217522658610272,-0.3814401928291654,-0.42646172393007836,-0.4028632098558952,0.02034140229989776,30,0.7002415252393002,-1.607181640624246,1.1747596767627915,-1.4405886178215155,0.3188028053463658,-0.17079325021946082,1.1388160905666818,79,-13.149246313906318,-11.425694901893364,-13.845767246851327,-11.537033743024548,-12.125207942168867,-12.416590029568885,0.9401838847253937,21,10.202458442662767,14.384204613390082,0.4028632098558952,12.416590029568885,-0.17079325021946082,n1000__poisson__boostrap_true__samples_0.7
68.853928565979,2.581409850363958,5.997611713409424,0.43354055391954066,True,poisson,22,0.875,0.7,1,4,1000,"{'bootstrap': True, 'criterion': 'poisson', 'max_depth': 22, 'max_features': 0.875, 'max_samples': 0.7, 'min_samples_leaf': 1, 'min_samples_split': 4, 'n_estimators': 1000}",-10.02645948968459,-10.21816209025487,-10.471763692754923,-10.23008048976309,-10.021370037307445,-10.193567159952986,0.16547402649559792,74,-14.182938824048327,-14.558887125668678,-14.956647025316911,-14.031088443939357,-14.11534982343755,-14.368982248482165,0.3448267792005001,35,-0.4044095439444277,-0.37844383893430217,-0.4202416918429003,-0.3796324194034348,-0.42977697408077153,-0.4025008936411673,0.02080419393340413,23,0.636673619937646,-1.6235231558233043,1.1423460587596264,-1.468217915049275,0.32653595972666477,-0.19723708648972837,1.1325998844617715,89,-13.183582421941455,-11.355236960170988,-13.818369258631614,-11.539929319632998,-12.03869288154249,-12.387162168383908,0.9577831627953796,13,10.193567159952986,14.368982248482165,0.4025008936411673,12.387162168383908,-0.19723708648972837,n1000__poisson__boostrap_true__samples_0.7
58.52937049865723,1.0220929035864117,5.309374284744263,0.7071485194541539,True,poisson,22,0.875,0.7,1,8,1000,"{'bootstrap': True, 'criterion': 'poisson', 'max_depth': 22, 'max_features': 0.875, 'max_samples': 0.7, 'min_samples_leaf': 1, 'min_samples_split': 8, 'n_estimators': 1000}",-10.05356010234108,-10.2294042438001,-10.537290741488444,-10.26810522430404,-10.027673632276956,-10.223206788842125,0.18314814813256608,94,-14.195209826625018,-14.56872054587436,-15.01334256148218,-14.077291143394458,-14.118151788199995,-14.394543173115201,0.35497190628692915,65,-0.4050135910601027,-0.3802603693611868,-0.42205438066465256,-0.3808376016872552,-0.4258589511754069,-0.4028049787897208,0.01948193088228453,29,0.6605601833925777,-1.6411520751301336,1.1569965334233165,-1.4699693910495195,0.3042396882744265,-0.1978650122178665,1.1424517365022546,90,-13.22686512530356,-11.292594312546537,-13.854005325682866,-11.551033556397053,-12.130675299925509,-12.411034723971104,0.9815147242838637,20,10.223206788842125,14.394543173115201,0.4028049787897208,12.411034723971104,-0.1978650122178665,n1000__poisson__boostrap_true__samples_0.7
62.30061602592468,0.9741653645116176,6.362471866607666,0.6016326367557657,True,poisson,22,0.875,0.7,2,2,1000,"{'bootstrap': True, 'criterion': 'poisson', 'max_depth': 22, 'max_features': 0.875, 'max_samples': 0.7, 'min_samples_leaf': 2, 'min_samples_split': 2, 'n_estimators': 1000}",-9.966311535232743,-10.164506981795222,-10.455932985507216,-10.160690245082176,-9.972289494638094,-10.14394624845109,0.1783586060427355,45,-14.144804819091735,-14.530532926433292,-14.974951508940661,-13.988311053679057,-14.102787167312364,-14.348277495091423,0.3625409857497912,10,-0.4080338266384778,-0.3787465940054496,-0.42507552870090637,-0.3796324194034348,-0.42857142857142855,-0.4040119594639394,0.02142763427317465,58,0.8076766365233037,-1.5313806536924637,1.2978331833000858,-1.3225739452845122,0.47710395840619385,-0.054268164149478514,1.1527310256113967,60,-13.202322293369457,-11.396968929545729,-13.825503204958126,-11.64036031707478,-12.190959028551669,-12.451222754699952,0.9262271320473925,34,10.14394624845109,14.348277495091423,0.4040119594639394,12.451222754699952,-0.054268164149478514,n1000__poisson__boostrap_true__samples_0.7
62.43625073432922,3.752709233676931,6.3261772155761715,1.4443240860770472,True,poisson,22,0.875,0.7,2,4,1000,"{'bootstrap': True, 'criterion': 'poisson', 'max_depth': 22, 'max_features': 0.875, 'max_samples': 0.7, 'min_samples_leaf': 2, 'min_samples_split': 4, 'n_estimators': 1000}",-9.966311535232743,-10.164506981795222,-10.455932985507216,-10.160690245082176,-9.972289494638094,-10.14394624845109,0.1783586060427355,45,-14.144804819091735,-14.530532926433292,-14.974951508940661,-13.988311053679057,-14.102787167312366,-14.348277495091423,0.36254098574979093,10,-0.4080338266384778,-0.3787465940054496,-0.42507552870090637,-0.3796324194034348,-0.42857142857142855,-0.4040119594639394,0.02142763427317465,58,0.807676636523304,-1.5313806536924637,1.2978331833000853,-1.3225739452845118,0.47710395840619385,-0.05426816414947845,1.1527310256113965,59,-13.202322293369457,-11.396968929545729,-13.825503204958126,-11.64036031707478,-12.190959028551669,-12.451222754699952,0.9262271320473925,34,10.14394624845109,14.348277495091423,0.4040119594639394,12.451222754699952,-0.05426816414947845,n1000__poisson__boostrap_true__samples_0.7
52.152003622055055,1.7932167611807477,5.880700969696045,0.6864588892374314,True,poisson,22,0.875,0.7,2,8,1000,"{'bootstrap': True, 'criterion': 'poisson', 'max_depth': 22, 'max_features': 0.875, 'max_samples': 0.7, 'min_samples_leaf': 2, 'min_samples_split': 8, 'n_estimators': 1000}",-10.02582138013983,-10.23008120093719,-10.482503494994656,-10.190978125281983,-10.004136157039644,-10.18670407167866,0.17240152296508796,68,-14.213403293627158,-14.583666239765558,-15.011927859352857,-14.031689141024957,-14.119437407136436,-14.392024788181393,0.36250725809188533,62,-0.40863787375415284,-0.37783832879200724,-0.42356495468277944,-0.38324796625489604,-0.42766726943942135,-0.4041912785846514,0.020392812336140202,63,0.7974134757102062,-1.5666977731977625,1.2887981867620917,-1.380340681623133,0.4529840851820253,-0.08156854143331446,1.1686469761226044,70,-13.243063787036021,-11.464405233102298,-13.895509474541669,-11.494695627163416,-12.225766371984323,-12.464688098765546,0.9645365020880052,42,10.18670407167866,14.392024788181393,0.4041912785846514,12.464688098765546,-0.08156854143331446,n1000__poisson__boostrap_true__samples_0.7
52.65326285362244,0.5547682904787157,5.731720495223999,0.7404723718225237,True,poisson,22,0.875,0.7,3,2,1000,"{'bootstrap': True, 'criterion': 'poisson', 'max_depth': 22, 'max_features': 0.875, 'max_samples': 0.7, 'min_samples_leaf': 3, 'min_samples_split': 2, 'n_estimators': 1000}",-10.026617560564137,-10.187540719005609,-10.461821135987742,-10.179400212643715,-9.973697614481978,-10.165815448536636,0.17003600464257837,62,-14.238776077884518,-14.540371227590763,-15.000925759061579,-14.015474939660882,-14.109391488646773,-14.380987898568904,0.3570194760505316,51,-0.412866203563878,-0.38116863457462913,-0.4241691842900302,-0.3820427839710756,-0.4294755877034358,-0.4059444788206098,0.02058590159747903,89,0.8767238479977584,-1.5143991582319198,1.3247822830723959,-1.285037925138754,0.5272798952395521,-0.014130211412193505,1.161502979440004,35,-13.20444894065415,-11.37703994250814,-13.893752605800946,-11.640531716178613,-12.225348553423169,-12.468224351713003,0.9496214630861218,47,10.165815448536636,14.380987898568904,0.4059444788206098,12.468224351713003,-0.014130211412193505,n1000__poisson__boostrap_true__samples_0.7
53.1445770740509,0.22882425069081339,5.000758266448974,0.07757727437775065,True,poisson,22,0.875,0.7,3,4,1000,"{'bootstrap': True, 'criterion': 'poisson', 'max_depth': 22, 'max_features': 0.875, 'max_samples': 0.7, 'min_samples_leaf': 3, 'min_samples_split': 4, 'n_estimators': 1000}",-10.02661756056414,-10.187540719005609,-10.461821135987742,-10.179400212643715,-9.973697614481978,-10.165815448536637,0.1700360046425778,63,-14.238776077884518,-14.540371227590764,-15.000925759061579,-14.015474939660882,-14.109391488646773,-14.380987898568904,0.35701947605053175,51,-0.412866203563878,-0.38116863457462913,-0.4241691842900302,-0.3820427839710756,-0.4294755877034358,-0.4059444788206098,0.02058590159747903,89,0.8767238479977587,-1.5143991582319203,1.3247822830723956,-1.2850379251387551,0.5272798952395521,-0.014130211412193793,1.1615029794400047,36,-13.204448940654146,-11.37703994250814,-13.893752605800946,-11.640531716178613,-12.225348553423169,-12.468224351713003,0.9496214630861213,47,10.165815448536637,14.380987898568904,0.4059444788206098,12.468224351713003,-0.014130211412193793,n1000__poisson__boostrap_true__samples_0.7
47.96534571647644,0.7155199054712256,5.825151062011718,0.29168833125898,True,poisson,22,0.875,0.7,3,8,1000,"{'bootstrap': True, 'criterion': 'poisson', 'max_depth': 22, 'max_features': 0.875, 'max_samples': 0.7, 'min_samples_leaf': 3, 'min_samples_split': 8, 'n_estimators': 1000}",-10.012158780368804,-10.217948780104198,-10.490386828483103,-10.198328368646967,-10.006009249928502,-10.184966401506315,0.17688196782180812,66,-14.213777237544257,-14.575673148774534,-15.016863468636576,-14.04706697350727,-14.13720000642155,-14.398116166976838,0.35767815842603834,67,-0.41014799154334036,-0.3802603693611868,-0.42356495468277944,-0.38234407954203076,-0.4318866787221218,-0.40564081477029185,0.021058678449058326,83,0.8770290815572445,-1.5640133185747782,1.3214417577572102,-1.2995062377232753,0.5183093844566007,-0.029347866505399646,1.175974539118623,44,-13.274705821368608,-11.378960521270571,-13.943349721988389,-11.637190958445915,-12.184120456695661,-12.483665495953828,0.9780636268106265,64,10.184966401506315,14.398116166976838,0.40564081477029185,12.483665495953828,-0.029347866505399646,n1000__poisson__boostrap_true__samples_0.7
48.6478828907013,2.0158773164333015,5.108881330490112,0.4615935337295376,True,poisson,22,0.875,0.7,4,2,1000,"{'bootstrap': True, 'criterion': 'poisson', 'max_depth': 22, 'max_features': 0.875, 'max_samples': 0.7, 'min_samples_leaf': 4, 'min_samples_split': 2, 'n_estimators': 1000}",-10.062482651212903,-10.259087614362919,-10.525709730745287,-10.185162220269548,-10.00560693515418,-10.207609830348968,0.18232304948551117,86,-14.287546080774076,-14.607432699263807,-15.06842816357565,-14.046463569702595,-14.145381416344078,-14.431050385932043,0.37080140692613106,91,-0.4113560857746904,-0.381774144716924,-0.4244712990936556,-0.38264537511298585,-0.4294755877034358,-0.40594449848033837,0.020264722691273558,91,0.9150348989870327,-1.5398405017781838,1.3664898088994875,-1.3020413134025353,0.5615525353046511,0.0002390856020904497,1.1904910399504325,23,-13.34308392390308,-11.419378752128221,-14.00824927979509,-11.607511137752605,-12.302398288765756,-12.53612427646895,0.998239115930097,82,10.207609830348968,14.431050385932043,0.40594449848033837,12.53612427646895,0.0002390856020904497,n1000__poisson__boostrap_true__samples_0.7
50.28059620857239,0.3196121369853373,5.250417757034302,0.38614196681386703,True,poisson,22,0.875,0.7,4,4,1000,"{'bootstrap': True, 'criterion': 'poisson', 'max_depth': 22, 'max_features': 0.875, 'max_samples': 0.7, 'min_samples_leaf': 4, 'min_samples_split': 4, 'n_estimators': 1000}",-10.062482651212903,-10.259087614362919,-10.525709730745287,-10.18516222026955,-10.00560693515418,-10.207609830348968,0.18232304948551115,86,-14.287546080774074,-14.607432699263807,-15.06842816357565,-14.046463569702597,-14.145381416344078,-14.431050385932043,0.3708014069261308,91,-0.4113560857746904,-0.381774144716924,-0.4244712990936556,-0.38264537511298585,-0.4294755877034358,-0.40594449848033837,0.020264722691273558,91,0.9150348989870327,-1.539840501778184,1.3664898088994875,-1.3020413134025353,0.5615525353046514,0.00023908560209047193,1.1904910399504325,22,-13.34308392390308,-11.419378752128223,-14.00824927979509,-11.607511137752606,-12.302398288765756,-12.53612427646895,0.9982391159300962,82,10.207609830348968,14.431050385932043,0.40594449848033837,12.53612427646895,0.00023908560209047193,n1000__poisson__boostrap_true__samples_0.7
47.93174252510071,1.1231372438556921,6.167256212234497,0.838664369823568,True,poisson,22,0.875,0.7,4,8,1000,"{'bootstrap': True, 'criterion': 'poisson', 'max_depth': 22, 'max_features': 0.875, 'max_samples': 0.7, 'min_samples_leaf': 4, 'min_samples_split': 8, 'n_estimators': 1000}",-10.062482651212903,-10.259087614362919,-10.525709730745287,-10.185162220269548,-10.00560693515418,-10.207609830348968,0.18232304948551117,86,-14.287546080774074,-14.607432699263809,-15.06842816357565,-14.046463569702595,-14.145381416344078,-14.431050385932043,0.37080140692613134,91,-0.4113560857746904,-0.381774144716924,-0.4244712990936556,-0.38264537511298585,-0.4294755877034358,-0.40594449848033837,0.020264722691273558,91,0.9150348989870327,-1.5398405017781842,1.3664898088994877,-1.3020413134025355,0.5615525353046511,0.0002390856020903609,1.1904910399504325,24,-13.343083923903077,-11.419378752128221,-14.00824927979509,-11.607511137752606,-12.302398288765756,-12.53612427646895,0.9982391159300961,82,10.207609830348968,14.431050385932043,0.40594449848033837,12.53612427646895,0.0002390856020903609,n1000__poisson__boostrap_true__samples_0.7
90.61814513206483,2.406791701931564,8.34654746055603,2.19206818498801,True,poisson,22,1.0,0.7,1,2,1000,"{'bootstrap': True, 'criterion': 'poisson', 'max_depth': 22, 'max_features': 1.0, 'max_samples': 0.7, 'min_samples_leaf': 1, 'min_samples_split': 2, 'n_estimators': 1000}",-9.947874019354375,-10.144177145608428,-10.42681760526341,-10.172118895218253,-9.976319615532162,-10.133461456195326,0.17134953083546328,27,-14.113503493420222,-14.623237619326096,-14.935010447185984,-14.011851750467592,-14.098376533295735,-14.356395968739127,0.36063296663885896,19,-0.4053156146179402,-0.37723281864971236,-0.4190332326283988,-0.3811388972582103,-0.42495479204339964,-0.4015350710395323,0.01936783352248622,4,0.6695821987658312,-1.4941423154992077,1.12201810788455,-1.385030528751063,0.29091042851610405,-0.15933242181675708,1.078492517736878,75,-13.097763613336815,-11.46511438356772,-13.78033388987734,-11.527409600120398,-12.080379179486581,-12.39020013327777,0.9087681895160691,15,10.133461456195326,14.356395968739127,0.4015350710395323,12.39020013327777,-0.15933242181675708,n1000__poisson__boostrap_true__samples_0.7
80.68656687736511,0.5884679124275898,4.187433671951294,0.6222674856052786,True,poisson,22,1.0,0.7,1,4,1000,"{'bootstrap': True, 'criterion': 'poisson', 'max_depth': 22, 'max_features': 1.0, 'max_samples': 0.7, 'min_samples_leaf': 1, 'min_samples_split': 4, 'n_estimators': 1000}",-9.958176471503798,-10.146412364067755,-10.428239290571405,-10.168886581505534,-9.967145298679547,-10.133772001265609,0.17129042301035646,28,-14.114670386679492,-14.60600317435611,-14.934768425190352,-14.003154665952744,-14.113488589276724,-14.354417048291083,0.3574950474790461,18,-0.4053156146179402,-0.37723281864971236,-0.4205438066465257,-0.38053630611630007,-0.4240506329113924,-0.40153583578837415,0.019565902290085434,5,0.6438140107149427,-1.5119084460083752,1.1319901464788027,-1.4344439720719384,0.28887817049755515,-0.17633401807780258,1.0924629968997248,81,-13.078684980114101,-11.444529069562655,-13.744381981550355,-11.476490507011125,-12.092923194999868,-12.367401946647622,0.9080477626048508,6,10.133772001265609,14.354417048291083,0.40153583578837415,12.367401946647622,-0.17633401807780258,n1000__poisson__boostrap_true__samples_0.7
70.202308177948,3.1351939584265933,4.380620622634888,1.8202163955284172,True,poisson,22,1.0,0.7,1,8,1000,"{'bootstrap': True, 'criterion': 'poisson', 'max_depth': 22, 'max_features': 1.0, 'max_samples': 0.7, 'min_samples_leaf': 1, 'min_samples_split': 8, 'n_estimators': 1000}",-10.00777625394019,-10.17822429356628,-10.439505075331065,-10.19210134057373,-9.95535015020893,-10.154591422724039,0.16993709096114556,54,-14.172168763814447,-14.611402302199965,-14.942203132698404,-14.027690040934862,-14.071394216608498,-14.364971691251236,0.3552587218053004,27,-0.4044095439444277,-0.3787465940054496,-0.4202416918429003,-0.38053630611630007,-0.4267631103074141,-0.4021394492432983,0.019764061679887104,17,0.6647051502261001,-1.5657708500786147,1.1108856910873017,-1.4382387578356803,0.28071221164028903,-0.18954131099212085,1.10410496220216,87,-13.195140376846373,-11.369677747338033,-13.742556950699067,-11.50200709109564,-11.992674758691988,-12.36041138493422,0.9445358811106341,4,10.154591422724039,14.364971691251236,0.4021394492432983,12.36041138493422,-0.18954131099212085,n1000__poisson__boostrap_true__samples_0.7
69.7477638721466,2.957487578210376,5.718788146972656,0.633869896742076,True,poisson,22,1.0,0.7,2,2,1000,"{'bootstrap': True, 'criterion': 'poisson', 'max_depth': 22, 'max_features': 1.0, 'max_samples': 0.7, 'min_samples_leaf': 2, 'min_samples_split': 2, 'n_estimators': 1000}",-9.91768702181618,-10.110914072295877,-10.393840811129348,-10.078367349423539,-9.940330878843326,-10.088228026701653,0.17027557917605776,3,-14.12362676628533,-14.594285045224098,-14.936534565733131,-13.947456472628268,-14.11754844996013,-14.34389025996619,0.36628709805035164,7,-0.4053156146179402,-0.37844383893430217,-0.4199395770392749,-0.38053630611630007,-0.4267631103074141,-0.4021996894030463,0.019806144787604518,18,0.781938092133156,-1.4456158876014862,1.2578267706657231,-1.2979303092367434,0.4365543699191065,-0.053445392824048775,1.108537903265225,56,-13.199127702044057,-11.448591961618227,-13.873028667532983,-11.53692420284243,-12.157664285096665,-12.443067363826874,0.949520746089054,29,10.088228026701653,14.34389025996619,0.4021996894030463,12.443067363826874,-0.053445392824048775,n1000__poisson__boostrap_true__samples_0.7
67.23318791389465,3.042803039443281,4.5726646900177,1.2136869082397372,True,poisson,22,1.0,0.7,2,4,1000,"{'bootstrap': True, 'criterion': 'poisson', 'max_depth': 22, 'max_features': 1.0, 'max_samples': 0.7, 'min_samples_leaf': 2, 'min_samples_split': 4, 'n_estimators': 1000}",-9.91768702181618,-10.110914072295875,-10.393840811129351,-10.078367349423537,-9.940330878843326,-10.088228026701653,0.170275579176059,3,-14.123626766285332,-14.594285045224098,-14.936534565733131,-13.947456472628264,-14.11754844996013,-14.34389025996619,0.36628709805035226,7,-0.4053156146179402,-0.37844383893430217,-0.4199395770392749,-0.38053630611630007,-0.4267631103074141,-0.4021996894030463,0.019806144787604518,18,0.7819380921331558,-1.445615887601486,1.257826770665723,-1.2979303092367425,0.4365543699191065,-0.05344539282404864,1.1085379032652247,55,-13.199127702044057,-11.448591961618227,-13.873028667532983,-11.53692420284243,-12.157664285096665,-12.443067363826874,0.949520746089054,29,10.088228026701653,14.34389025996619,0.4021996894030463,12.443067363826874,-0.05344539282404864,n1000__poisson__boostrap_true__samples_0.7
69.62736334800721,1.5970776412554077,2.259173059463501,0.5222496503588799,True,poisson,22,1.0,0.7,2,8,1000,"{'bootstrap': True, 'criterion': 'poisson', 'max_depth': 22, 'max_features': 1.0, 'max_samples': 0.7, 'min_samples_leaf': 2, 'min_samples_split': 8, 'n_estimators': 1000}",-9.952390497327762,-10.148165154696667,-10.438551794871193,-10.138616489684674,-9.962724011090328,-10.128089589534124,0.17613436372401745,25,-14.128746174108043,-14.60157134192383,-14.9765312121647,-13.990184593253936,-14.130040901132187,-14.36541484451654,0.36917307602667426,31,-0.40652370884929023,-0.3787465940054496,-0.4205438066465257,-0.37842723711961435,-0.4258589511754069,-0.40202005955925735,0.02014934384102877,14,0.7721127244846469,-1.4943106658257475,1.2453717560761082,-1.3453344727755625,0.41377062773543,-0.08167800606102499,1.1249753534000762,71,-13.190501548076108,-11.424333084228874,-13.891446463231167,-11.618193875048304,-12.183018121593724,-12.461498618435638,0.9424036006878441,41,10.128089589534124,14.36541484451654,0.40202005955925735,12.461498618435638,-0.08167800606102499,n1000__poisson__boostrap_true__samples_0.7
63.75027585029602,2.303944860242167,6.219627428054809,2.996220819771231,True,poisson,22,1.0,0.7,3,2,1000,"{'bootstrap': True, 'criterion': 'poisson', 'max_depth': 22, 'max_features': 1.0, 'max_samples': 0.7, 'min_samples_leaf': 3, 'min_samples_split': 2, 'n_estimators': 1000}",-9.942162141295643,-10.126312338005782,-10.419758798475032,-10.09815428162612,-9.94077099495576,-10.105431710871667,0.1749631865751367,15,-14.160386455375555,-14.603139710231336,-14.992906771693594,-13.98176690661672,-14.119246835680467,-14.371489335919534,0.37413788966243816,40,-0.4089398973119903,-0.38116863457462913,-0.4217522658610272,-0.3814401928291654,-0.4258589511754069,-0.4038319883504438,0.019222040902789436,53,0.8856765575383412,-1.4516659186847216,1.3014903700748357,-1.2484653802946963,0.4879845602010143,-0.004995962233045359,1.1298056493076183,25,-13.238912087089851,-11.379013948775798,-13.895893534348158,-11.60036234736137,-12.244377541404871,-12.47171189179601,0.9614373844173378,52,10.105431710871667,14.371489335919534,0.4038319883504438,12.47171189179601,-0.004995962233045359,n1000__poisson__boostrap_true__samples_0.7
60.388241624832155,0.7206718244118171,7.286311388015747,0.5554778731878601,True,poisson,22,1.0,0.7,3,4,1000,"{'bootstrap': True, 'criterion': 'poisson', 'max_depth': 22, 'max_features': 1.0, 'max_samples': 0.7, 'min_samples_leaf': 3, 'min_samples_split': 4, 'n_estimators': 1000}",-9.942162141295643,-10.126312338005782,-10.419758798475032,-10.09815428162612,-9.94077099495576,-10.105431710871667,0.1749631865751367,15,-14.160386455375555,-14.603139710231336,-14.992906771693594,-13.98176690661672,-14.119246835680467,-14.371489335919534,0.37413788966243816,40,-0.4089398973119903,-0.38116863457462913,-0.4217522658610272,-0.3814401928291654,-0.4258589511754069,-0.4038319883504438,0.019222040902789436,53,0.8856765575383405,-1.4516659186847216,1.3014903700748355,-1.2484653802946966,0.4879845602010148,-0.00499596223304547,1.129805649307618,26,-13.238912087089851,-11.3790139487758,-13.895893534348161,-11.600362347361372,-12.244377541404871,-12.47171189179601,0.9614373844173381,52,10.105431710871667,14.371489335919534,0.4038319883504438,12.47171189179601,-0.00499596223304547,n1000__poisson__boostrap_true__samples_0.7
64.8015190601349,0.6476276236761332,2.0349661827087404,0.6593250325169245,True,poisson,22,1.0,0.7,3,8,1000,"{'bootstrap': True, 'criterion': 'poisson', 'max_depth': 22, 'max_features': 1.0, 'max_samples': 0.7, 'min_samples_leaf': 3, 'min_samples_split': 8, 'n_estimators': 1000}",-9.956238583192016,-10.16394704905645,-10.444924709606571,-10.110983230319288,-9.956678566076302,-10.126554427650126,0.17936867172051355,22,-14.160514734567071,-14.641833490889985,-14.993951752468478,-14.004390730185849,-14.146611129930465,-14.38946036760837,0.37115293573381336,61,-0.4074297795228028,-0.37783832879200724,-0.42205438066465256,-0.3808376016872552,-0.42917420132610007,-0.40346685839856355,0.020933098181223363,40,0.8300312074187921,-1.4615703430025728,1.3019570859507577,-1.268953274798788,0.4886301542638106,-0.021981034033600078,1.1284341308630874,42,-13.236967856453816,-11.516005713179469,-13.916313079203565,-11.608661955052428,-12.169078066744557,-12.489405334126767,0.940291520521196,69,10.126554427650126,14.38946036760837,0.40346685839856355,12.489405334126767,-0.021981034033600078,n1000__poisson__boostrap_true__samples_0.7
59.007035684585574,5.250202030611851,3.1980425834655763,1.9321981102509562,True,poisson,22,1.0,0.7,4,2,1000,"{'bootstrap': True, 'criterion': 'poisson', 'max_depth': 22, 'max_features': 1.0, 'max_samples': 0.7, 'min_samples_leaf': 4, 'min_samples_split': 2, 'n_estimators': 1000}",-9.98471794044852,-10.177029102044456,-10.467089743004577,-10.123672607511391,-9.96598747976456,-10.143699374554703,0.18052694340693537,41,-14.2098836372643,-14.64239223376329,-15.023544620082061,-14.007365129196101,-14.16463085878561,-14.409563295818273,0.3722390658903354,82,-0.4104500151011779,-0.3799576142900394,-0.42205438066465256,-0.380235010545345,-0.4273658830620856,-0.4040125807326601,0.020279734171299555,60,0.9017540594212125,-1.4336866310871648,1.3346575734135255,-1.256971056659454,0.5304402866456689,0.015238846346757606,1.1410618388936862,5,-13.261629430304886,-11.505681347239815,-13.981311244575489,-11.659501761995871,-12.28037635012311,-12.537700026847833,0.9497997000621565,88,10.143699374554703,14.409563295818273,0.4040125807326601,12.537700026847833,0.015238846346757606,n1000__poisson__boostrap_true__samples_0.7
51.40163412094116,0.8148230079586248,5.354380130767822,0.2528673048305896,True,poisson,22,1.0,0.7,4,4,1000,"{'bootstrap': True, 'criterion': 'poisson', 'max_depth': 22, 'max_features': 1.0, 'max_samples': 0.7, 'min_samples_leaf': 4, 'min_samples_split': 4, 'n_estimators': 1000}",-9.98471794044852,-10.177029102044456,-10.467089743004577,-10.123672607511391,-9.96598747976456,-10.143699374554703,0.18052694340693537,41,-14.2098836372643,-14.64239223376329,-15.023544620082061,-14.007365129196101,-14.16463085878561,-14.409563295818273,0.3722390658903354,82,-0.4104500151011779,-0.3799576142900394,-0.42205438066465256,-0.380235010545345,-0.4273658830620856,-0.4040125807326601,0.020279734171299555,60,0.9017540594212126,-1.4336866310871654,1.3346575734135258,-1.2569710566594543,0.5304402866456689,0.015238846346757495,1.1410618388936864,6,-13.26162943030489,-11.505681347239817,-13.981311244575489,-11.659501761995871,-12.28037635012311,-12.537700026847835,0.9497997000621566,89,10.143699374554703,14.409563295818273,0.4040125807326601,12.537700026847835,0.015238846346757495,n1000__poisson__boostrap_true__samples_0.7
58.60027666091919,2.1150870971013545,3.288744401931763,0.7931039634097936,True,poisson,22,1.0,0.7,4,8,1000,"{'bootstrap': True, 'criterion': 'poisson', 'max_depth': 22, 'max_features': 1.0, 'max_samples': 0.7, 'min_samples_leaf': 4, 'min_samples_split': 8, 'n_estimators': 1000}",-9.98471794044852,-10.177029102044456,-10.467089743004577,-10.123672607511391,-9.96598747976456,-10.143699374554703,0.18052694340693537,41,-14.2098836372643,-14.64239223376329,-15.023544620082061,-14.007365129196101,-14.16463085878561,-14.409563295818273,0.3722390658903354,82,-0.4104500151011779,-0.3799576142900394,-0.42205438066465256,-0.380235010545345,-0.4273658830620856,-0.4040125807326601,0.020279734171299555,60,0.9017540594212129,-1.4336866310871648,1.3346575734135255,-1.2569710566594536,0.5304402866456681,0.015238846346757628,1.1410618388936862,4,-13.26162943030489,-11.505681347239815,-13.981311244575489,-11.659501761995871,-12.28037635012311,-12.537700026847835,0.9497997000621571,89,10.143699374554703,14.409563295818273,0.4040125807326601,12.537700026847835,0.015238846346757628,n1000__poisson__boostrap_true__samples_0.7
76.43018689155579,0.38095186286526705,7.2222551822662355,2.088906652161757,True,poisson,24,0.875,0.7,1,2,1000,"{'bootstrap': True, 'criterion': 'poisson', 'max_depth': 24, 'max_features': 0.875, 'max_samples': 0.7, 'min_samples_leaf': 1, 'min_samples_split': 2, 'n_estimators': 1000}",-10.027225373214202,-10.209348018264231,-10.493348723709223,-10.264679329551463,-10.02318099466837,-10.203556487881498,0.17399831269050145,78,-14.180030611660664,-14.548212895368328,-14.975138306002824,-14.055807665468041,-14.105436260058253,-14.372925147711623,0.3471911828081135,42,-0.40652370884929023,-0.3799576142900394,-0.42205438066465256,-0.3796324194034348,-0.4282700421940928,-0.40328763308030197,0.020448191495867952,37,0.6594214657858191,-1.5929975128834284,1.1382855665990543,-1.452818354009288,0.3159765939060965,-0.1864264481203493,1.1229354435201113,85,-13.143940447224768,-11.338568015646528,-13.779781496392411,-11.605780388025584,-12.070839155133738,-12.387781900484606,0.9297599118343878,14,10.203556487881498,14.372925147711623,0.40328763308030197,12.387781900484606,-0.1864264481203493,n1000__poisson__boostrap_true__samples_0.7
68.82792630195618,0.5349886042246695,5.314601945877075,0.2476642076032935,True,poisson,24,0.875,0.7,1,4,1000,"{'bootstrap': True, 'criterion': 'poisson', 'max_depth': 24, 'max_features': 0.875, 'max_samples': 0.7, 'min_samples_leaf': 1, 'min_samples_split': 4, 'n_estimators': 1000}",-10.040754746917544,-10.226666725586655,-10.505036305208984,-10.233699387300646,-10.030572710156386,-10.207345975034043,0.1724463689849946,85,-14.193649637525333,-14.576125705825783,-14.990692552465218,-14.054062218317126,-14.111261382889195,-14.385158299404532,0.3534006183661344,57,-0.40652370884929023,-0.3796548592188919,-0.42084592145015104,-0.37782464597770415,-0.4267631103074141,-0.40232244916069027,0.02035719784489159,21,0.6399695273894732,-1.626558648919968,1.1559444393046938,-1.4873233302298026,0.3090140561613163,-0.20179079125885746,1.139779306663326,91,-13.13665604466216,-11.326218890442611,-13.854216175283659,-11.574649973452205,-12.113965003757816,-12.40114121751969,0.9563916412586222,18,10.207345975034043,14.385158299404532,0.40232244916069027,12.40114121751969,-0.20179079125885746,n1000__poisson__boostrap_true__samples_0.7
64.9631600856781,2.7161574020294417,5.030708122253418,0.974404463200648,True,poisson,24,0.875,0.7,1,8,1000,"{'bootstrap': True, 'criterion': 'poisson', 'max_depth': 24, 'max_features': 0.875, 'max_samples': 0.7, 'min_samples_leaf': 1, 'min_samples_split': 8, 'n_estimators': 1000}",-10.075593142094066,-10.24338018767207,-10.509070340743474,-10.269482156047243,-10.0479021891971,-10.22908560315079,0.16529672411185908,95,-14.21640431546919,-14.58330241787262,-14.985695815635706,-14.074583296296142,-14.131324451965256,-14.398262059447783,0.34304933149735195,68,-0.40622168529145275,-0.37753557372085983,-0.4202416918429003,-0.3820427839710756,-0.4258589511754069,-0.40238013720033905,0.019575022873647357,22,0.656639345658829,-1.674521848430823,1.1473340553727047,-1.498360069341271,0.28733135612039096,-0.21631543212403387,1.1528446955673375,96,-13.209822218196964,-11.348411826188393,-13.868691067988694,-11.47924061742,-12.13457356806916,-12.408147859572642,0.9835263350692968,19,10.22908560315079,14.398262059447783,0.40238013720033905,12.408147859572642,-0.21631543212403387,n1000__poisson__boostrap_true__samples_0.7
59.31280755996704,5.111166456973138,5.729014110565186,0.857615467161972,True,poisson,24,0.875,0.7,2,2,1000,"{'bootstrap': True, 'criterion': 'poisson', 'max_depth': 24, 'max_features': 0.875, 'max_samples': 0.7, 'min_samples_leaf': 2, 'min_samples_split': 2, 'n_estimators': 1000}",-9.962900170020864,-10.14957416167919,-10.436813162673944,-10.175620865567435,-9.998761314646714,-10.14473393491763,0.16772550759624097,47,-14.155706371431169,-14.531829984805308,-14.94603369425593,-14.007285910256915,-14.12519410016118,-14.3532100121821,0.34467591769221156,15,-0.40682573240712777,-0.3796548592188919,-0.4205438066465257,-0.3814401928291654,-0.42887281494876434,-0.403467481210095,0.02000276042649612,41,0.7877316247268766,-1.5084327758139366,1.2861222955493132,-1.346095963363939,0.45399627118907204,-0.06533570954252277,1.144267826427429,64,-13.212821778919738,-11.380259169662255,-13.93782915471228,-11.573930944081123,-12.186314009066457,-12.458231011288373,0.9774013146008008,40,10.14473393491763,14.3532100121821,0.403467481210095,12.458231011288373,-0.06533570954252277,n1000__poisson__boostrap_true__samples_0.7
64.6060549736023,2.4758872818392237,7.535764503479004,1.12391511710283,True,poisson,24,0.875,0.7,2,4,1000,"{'bootstrap': True, 'criterion': 'poisson', 'max_depth': 24, 'max_features': 0.875, 'max_samples': 0.7, 'min_samples_leaf': 2, 'min_samples_split': 4, 'n_estimators': 1000}",-9.962900170020866,-10.14957416167919,-10.436813162673943,-10.175620865567435,-9.998761314646714,-10.14473393491763,0.16772550759623997,47,-14.155706371431169,-14.531829984805308,-14.94603369425593,-14.007285910256915,-14.12519410016118,-14.3532100121821,0.34467591769221156,15,-0.40682573240712777,-0.3796548592188919,-0.4205438066465257,-0.3814401928291654,-0.42887281494876434,-0.403467481210095,0.02000276042649612,41,0.7877316247268772,-1.5084327758139373,1.2861222955493135,-1.3460959633639389,0.45399627118907204,-0.0653357095425227,1.1442678264274295,63,-13.212821778919734,-11.380259169662255,-13.937829154712277,-11.573930944081123,-12.186314009066455,-12.458231011288369,0.9774013146007998,39,10.14473393491763,14.3532100121821,0.403467481210095,12.458231011288369,-0.0653357095425227,n1000__poisson__boostrap_true__samples_0.7
65.6942280292511,3.127698096849317,7.18753342628479,0.5683094182654085,True,poisson,24,0.875,0.7,2,8,1000,"{'bootstrap': True, 'criterion': 'poisson', 'max_depth': 24, 'max_features': 0.875, 'max_samples': 0.7, 'min_samples_leaf': 2, 'min_samples_split': 8, 'n_estimators': 1000}",-10.028329612511467,-10.22379198314343,-10.479367470876534,-10.191898255621888,-10.014955471258979,-10.187668558682459,0.1683031537674958,69,-14.21978590349803,-14.586807900666619,-14.996828301857391,-14.027145918327292,-14.134520363764468,-14.39301767762276,0.355762328970991,63,-0.40863787375415284,-0.3781410838631547,-0.4226586102719033,-0.3808376016872552,-0.42766726943942135,-0.40358848780317746,0.020659752084119378,47,0.8052810674007964,-1.555652818609177,1.2754605650642923,-1.361691438848557,0.4415741206987255,-0.07900570085878396,1.158733335798909,68,-13.255759409160943,-11.461514675923393,-13.905818727292402,-11.593139408572263,-12.225075823155624,-12.488261608820926,0.9511299420189315,66,10.187668558682459,14.39301767762276,0.40358848780317746,12.488261608820926,-0.07900570085878396,n1000__poisson__boostrap_true__samples_0.7
64.9172297000885,3.53085001225078,4.855894947052002,0.42230159887918756,True,poisson,24,0.875,0.7,3,2,1000,"{'bootstrap': True, 'criterion': 'poisson', 'max_depth': 24, 'max_features': 0.875, 'max_samples': 0.7, 'min_samples_leaf': 3, 'min_samples_split': 2, 'n_estimators': 1000}",-10.018494964926207,-10.194574429640486,-10.464678320283829,-10.183741017187893,-9.96554192679361,-10.165406131766407,0.17451612637006036,60,-14.234272396103076,-14.545471841563018,-14.995265026172083,-14.024724008562899,-14.102333879360298,-14.380413430352274,0.3551020043136239,49,-0.4104500151011779,-0.3814713896457766,-0.4244712990936556,-0.38294667068394095,-0.42917420132610007,-0.4057027151701302,0.020152925141647512,87,0.8715384841248626,-1.5136293561111591,1.330498069686579,-1.2929889009727649,0.5223445072118059,-0.016447439212135317,1.1631156229199036,37,-13.265967899119975,-11.378238721375938,-13.893962224484715,-11.608342357874903,-12.218682299167826,-12.473038700404672,0.9652713932542677,54,10.165406131766407,14.380413430352274,0.4057027151701302,12.473038700404672,-0.016447439212135317,n1000__poisson__boostrap_true__samples_0.7
64.5834291934967,1.8820978512414064,10.264618396759033,2.8698801807194396,True,poisson,24,0.875,0.7,3,4,1000,"{'bootstrap': True, 'criterion': 'poisson', 'max_depth': 24, 'max_features': 0.875, 'max_samples': 0.7, 'min_samples_leaf': 3, 'min_samples_split': 4, 'n_estimators': 1000}",-10.018494964926207,-10.194574429640486,-10.46467832028383,-10.183741017187895,-9.96554192679361,-10.165406131766407,0.17451612637006103,60,-14.234272396103076,-14.545471841563018,-14.995265026172083,-14.0247240085629,-14.102333879360298,-14.380413430352274,0.35510200431362354,49,-0.4104500151011779,-0.3814713896457766,-0.4244712990936556,-0.38294667068394095,-0.42917420132610007,-0.4057027151701302,0.020152925141647512,87,0.8715384841248627,-1.5136293561111598,1.3304980696865791,-1.292988900972765,0.5223445072118054,-0.01644743921213554,1.1631156229199038,38,-13.265967899119975,-11.378238721375938,-13.893962224484717,-11.608342357874903,-12.218682299167826,-12.473038700404672,0.9652713932542684,54,10.165406131766407,14.380413430352274,0.4057027151701302,12.473038700404672,-0.01644743921213554,n1000__poisson__boostrap_true__samples_0.7
66.32466406822205,1.5210779379965913,5.079629802703858,1.4456927183744308,True,poisson,24,0.875,0.7,3,8,1000,"{'bootstrap': True, 'criterion': 'poisson', 'max_depth': 24, 'max_features': 0.875, 'max_samples': 0.7, 'min_samples_leaf': 3, 'min_samples_split': 8, 'n_estimators': 1000}",-10.025105868079072,-10.211455001172574,-10.504516614629232,-10.203448642803892,-10.004481354880818,-10.189801496313118,0.17953770041785616,70,-14.224262954671802,-14.576448856491046,-15.040285188231113,-14.052127160056738,-14.14150695466409,-14.40692622282296,0.3632016340189267,77,-0.41165810933252794,-0.3799576142900394,-0.42205438066465256,-0.38264537511298585,-0.43037974683544306,-0.4053390452471298,0.020521157114829065,80,0.8673218704857064,-1.5581917378386518,1.2972220117715967,-1.3072810309001612,0.5110427626389602,-0.037977224768509954,1.1684118039208324,48,-13.229944329562723,-11.387142852108349,-13.981300949673134,-11.62455917476712,-12.216564783589156,-12.487902417940097,0.9809712189768516,65,10.189801496313118,14.40692622282296,0.4053390452471298,12.487902417940097,-0.037977224768509954,n1000__poisson__boostrap_true__samples_0.7
63.50873517990112,0.3887816862469977,3.5683899402618406,0.4138719026447279,True,poisson,24,0.875,0.7,4,2,1000,"{'bootstrap': True, 'criterion': 'poisson', 'max_depth': 24, 'max_features': 0.875, 'max_samples': 0.7, 'min_samples_leaf': 4, 'min_samples_split': 2, 'n_estimators': 1000}",-10.065711860770035,-10.247771142787759,-10.516789780739389,-10.19539112460481,-10.009822734657398,-10.207097328711878,0.17697905255333557,82,-14.288129686450024,-14.604907864842726,-15.057912897907917,-14.051228163813265,-14.139734832874556,-14.428382689177699,0.3667978863278471,88,-0.4110540622168529,-0.38056312443233425,-0.42386706948640485,-0.38354926182585114,-0.4294755877034358,-0.4057018211329758,0.020231187137540605,84,0.9113727792137047,-1.5256092450363345,1.3692441246364162,-1.285512442271158,0.5629980459090875,0.006498652490343204,1.183402827493145,16,-13.35236122078845,-11.459546837021858,-14.02094519842976,-11.615038235139586,-12.308989245585822,-12.551376147393096,0.9928526197420935,91,10.207097328711878,14.428382689177699,0.4057018211329758,12.551376147393096,0.006498652490343204,n1000__poisson__boostrap_true__samples_0.7
57.18342742919922,4.0045402231431675,4.2123942375183105,1.3517444511281687,True,poisson,24,0.875,0.7,4,4,1000,"{'bootstrap': True, 'criterion': 'poisson', 'max_depth': 24, 'max_features': 0.875, 'max_samples': 0.7, 'min_samples_leaf': 4, 'min_samples_split': 4, 'n_estimators': 1000}",-10.065711860770035,-10.247771142787759,-10.516789780739387,-10.19539112460481,-10.009822734657398,-10.207097328711878,0.17697905255333496,82,-14.288129686450024,-14.604907864842726,-15.057912897907917,-14.051228163813265,-14.139734832874556,-14.428382689177699,0.3667978863278471,88,-0.4110540622168529,-0.38056312443233425,-0.42386706948640485,-0.38354926182585114,-0.4294755877034358,-0.4057018211329758,0.020231187137540605,84,0.9113727792137046,-1.5256092450363352,1.369244124636416,-1.2855124422711584,0.5629980459090883,0.0064986524903430706,1.1834028274931452,17,-13.35236122078845,-11.459546837021858,-14.020945198429764,-11.615038235139586,-12.308989245585826,-12.551376147393096,0.9928526197420943,91,10.207097328711878,14.428382689177699,0.4057018211329758,12.551376147393096,0.0064986524903430706,n1000__poisson__boostrap_true__samples_0.7
54.007430505752566,1.051234840544295,4.702900457382202,0.2899306572644623,True,poisson,24,0.875,0.7,4,8,1000,"{'bootstrap': True, 'criterion': 'poisson', 'max_depth': 24, 'max_features': 0.875, 'max_samples': 0.7, 'min_samples_leaf': 4, 'min_samples_split': 8, 'n_estimators': 1000}",-10.065711860770035,-10.247771142787759,-10.516789780739387,-10.19539112460481,-10.0098227346574,-10.207097328711878,0.17697905255333457,82,-14.288129686450024,-14.604907864842726,-15.057912897907917,-14.051228163813265,-14.139734832874556,-14.428382689177699,0.3667978863278471,88,-0.4110540622168529,-0.38056312443233425,-0.42386706948640485,-0.38354926182585114,-0.4294755877034358,-0.4057018211329758,0.020231187137540605,84,0.9113727792137045,-1.525609245036335,1.369244124636416,-1.2855124422711586,0.5629980459090881,0.006498652490343005,1.1834028274931452,18,-13.352361220788454,-11.459546837021858,-14.02094519842976,-11.615038235139584,-12.308989245585826,-12.551376147393096,0.9928526197420942,91,10.207097328711878,14.428382689177699,0.4057018211329758,12.551376147393096,0.006498652490343005,n1000__poisson__boostrap_true__samples_0.7
89.94326124191284,1.6565185643347629,5.357494068145752,0.47560635423948566,True,poisson,24,1.0,0.7,1,2,1000,"{'bootstrap': True, 'criterion': 'poisson', 'max_depth': 24, 'max_features': 1.0, 'max_samples': 0.7, 'min_samples_leaf': 1, 'min_samples_split': 2, 'n_estimators': 1000}",-9.967303032012413,-10.132787123955065,-10.431083208337027,-10.175147107178915,-9.999280209747814,-10.141120136246247,0.164703859999902,38,-14.11797828875828,-14.575973132895209,-14.935507875722767,-14.003697551482185,-14.13656222603306,-14.3539438149783,0.35017729927391905,17,-0.40410752038659015,-0.3787465940054496,-0.41933534743202416,-0.3793311238324797,-0.42616033755274263,-0.4015361846418573,0.019708886508602478,6,0.6269534557854176,-1.5506818778454257,1.1323416858811237,-1.416821095962631,0.2757374988984975,-0.1864940666486036,1.094476643640373,86,-13.108214959304412,-11.329613760151933,-13.787801296780287,-11.544433689923293,-12.055342559154337,-12.365081253062854,0.9399971742951075,5,10.141120136246247,14.3539438149783,0.4015361846418573,12.365081253062854,-0.1864940666486036,n1000__poisson__boostrap_true__samples_0.7
78.74902849197387,3.096177332692443,5.2080847263336185,0.36023235013469795,True,poisson,24,1.0,0.7,1,4,1000,"{'bootstrap': True, 'criterion': 'poisson', 'max_depth': 24, 'max_features': 1.0, 'max_samples': 0.7, 'min_samples_leaf': 1, 'min_samples_split': 4, 'n_estimators': 1000}",-9.959403844041624,-10.161083156281041,-10.432920384062625,-10.179926646606667,-9.986260966480952,-10.143918999494582,0.16971438193420163,44,-14.116896644149001,-14.61071952362556,-14.952300941258553,-14.016933166981323,-14.12185378276464,-14.363740811755815,0.3597550362418369,25,-0.40561763817577773,-0.37723281864971236,-0.4214501510574018,-0.3793311238324797,-0.4252561784207354,-0.4017775820272214,0.02029428188838916,11,0.654530757993642,-1.5322612378530496,1.137753625248119,-1.4432670726631693,0.29898159991946477,-0.1768524654709986,1.1033353246733462,82,-13.083669943164104,-11.436997911945284,-13.727215401727083,-11.515874950722191,-12.09299604369829,-12.371350850251392,0.897563702296849,7,10.143918999494582,14.363740811755815,0.4017775820272214,12.371350850251392,-0.1768524654709986,n1000__poisson__boostrap_true__samples_0.7
66.99347686767578,0.24253056010501278,5.500306415557861,0.21304077567209834,True,poisson,24,1.0,0.7,1,8,1000,"{'bootstrap': True, 'criterion': 'poisson', 'max_depth': 24, 'max_features': 1.0, 'max_samples': 0.7, 'min_samples_leaf': 1, 'min_samples_split': 8, 'n_estimators': 1000}",-10.006412020950874,-10.17650152262322,-10.459747206435916,-10.211515589431867,-9.988051976429771,-10.16844566317433,0.17063017784399354,64,-14.139030888288358,-14.598426073642978,-14.972938585438827,-14.06154978730742,-14.122969040777512,-14.37898287509102,0.35350318465206554,48,-0.4050135910601027,-0.3751135331516803,-0.4187311178247734,-0.3814401928291654,-0.42616033755274263,-0.4012917544836928,0.020078912606699088,1,0.6394374971494371,-1.5698010840565553,1.1166359178676664,-1.4769252807267308,0.2757834024234909,-0.20297390946853838,1.1109819314116083,92,-13.142583055343074,-11.472127340026509,-13.823170325196557,-11.449488639254483,-12.042222696971402,-12.385918411358405,0.9453333836805264,12,10.16844566317433,14.37898287509102,0.4012917544836928,12.385918411358405,-0.20297390946853838,n1000__poisson__boostrap_true__samples_0.7
68.5548595905304,1.1538428955881617,5.908226156234742,0.5537541781231237,True,poisson,24,1.0,0.7,2,2,1000,"{'bootstrap': True, 'criterion': 'poisson', 'max_depth': 24, 'max_features': 1.0, 'max_samples': 0.7, 'min_samples_leaf': 2, 'min_samples_split': 2, 'n_estimators': 1000}",-9.918928274986934,-10.124546416121788,-10.386703799347659,-10.080768651626432,-9.933033700061118,-10.088796168428786,0.16923860408912597,6,-14.115760341837357,-14.614886939215683,-14.941051743650611,-13.951931865669499,-14.09324981883889,-14.343376141842407,0.37377399302434144,5,-0.40622168529145275,-0.3787465940054496,-0.4202416918429003,-0.3772220548357939,-0.4273658830620856,-0.40195958180753644,0.02073002296316718,12,0.7879491840398496,-1.442231748872754,1.2748870466113602,-1.3117025447383248,0.4309879623242413,-0.052022020127125555,1.1152592570657216,53,-13.178613853843004,-11.461904614677684,-13.874861862014505,-11.623215019473491,-12.125466810928991,-12.452812432187535,0.930193271346275,36,10.088796168428786,14.343376141842407,0.40195958180753644,12.452812432187535,-0.052022020127125555,n1000__poisson__boostrap_true__samples_0.7
68.16661391258239,1.2702961845737188,5.017660808563233,0.3246047294404132,True,poisson,24,1.0,0.7,2,4,1000,"{'bootstrap': True, 'criterion': 'poisson', 'max_depth': 24, 'max_features': 1.0, 'max_samples': 0.7, 'min_samples_leaf': 2, 'min_samples_split': 4, 'n_estimators': 1000}",-9.918928274986934,-10.124546416121788,-10.386703799347659,-10.08076865162643,-9.933033700061117,-10.088796168428784,0.1692386040891263,5,-14.115760341837357,-14.614886939215683,-14.941051743650611,-13.951931865669497,-14.09324981883889,-14.343376141842407,0.3737739930243418,5,-0.40622168529145275,-0.3787465940054496,-0.4202416918429003,-0.3772220548357939,-0.4273658830620856,-0.40195958180753644,0.02073002296316718,12,0.7879491840398493,-1.442231748872754,1.2748870466113609,-1.311702544738325,0.4309879623242408,-0.05202202012712563,1.1152592570657218,54,-13.178613853843004,-11.461904614677684,-13.874861862014505,-11.623215019473491,-12.125466810928993,-12.452812432187535,0.9301932713462749,36,10.088796168428784,14.343376141842407,0.40195958180753644,12.452812432187535,-0.05202202012712563,n1000__poisson__boostrap_true__samples_0.7
59.27375955581665,0.692462728523183,5.800568103790283,0.3367343992715295,True,poisson,24,1.0,0.7,2,8,1000,"{'bootstrap': True, 'criterion': 'poisson', 'max_depth': 24, 'max_features': 1.0, 'max_samples': 0.7, 'min_samples_leaf': 2, 'min_samples_split': 8, 'n_estimators': 1000}",-9.946555225271654,-10.141604504949353,-10.428881427735332,-10.131584072070742,-9.971616347317838,-10.124048315468986,0.17206250941611262,20,-14.122335385613209,-14.59480883608842,-14.97299340368351,-13.996142642222594,-14.140781049450235,-14.365412263411594,0.3654266639174074,30,-0.4059196617336152,-0.37844383893430217,-0.4226586102719033,-0.3793311238324797,-0.4273658830620856,-0.40274382356687716,0.02074403168793385,26,0.7787836402901092,-1.4883079684524148,1.242572572581859,-1.3551513458981608,0.4195556531269059,-0.08050948967034029,1.1265526523159595,69,-13.211159592215402,-11.432735384019754,-13.807188256272303,-11.568300324927243,-12.15723155764304,-12.435323023015547,0.9293203749307258,27,10.124048315468986,14.365412263411594,0.40274382356687716,12.435323023015547,-0.08050948967034029,n1000__poisson__boostrap_true__samples_0.7
59.447890520095825,0.8602354674972845,5.24576210975647,0.7069440032480889,True,poisson,24,1.0,0.7,3,2,1000,"{'bootstrap': True, 'criterion': 'poisson', 'max_depth': 24, 'max_features': 1.0, 'max_samples': 0.7, 'min_samples_leaf': 3, 'min_samples_split': 2, 'n_estimators': 1000}",-9.935281756367282,-10.11598458368738,-10.412428890745739,-10.103647093291169,-9.943388689567552,-10.102146202731825,0.1729258750955055,9,-14.138498301074321,-14.591452296611765,-14.982467430932335,-13.994491722235658,-14.118347821365182,-14.365051514443852,0.3693137848409265,28,-0.40924192086982786,-0.3799576142900394,-0.4229607250755287,-0.38053630611630007,-0.4246534056660639,-0.40346999440355197,0.01970140455417067,45,0.8602567457169541,-1.4396098061231792,1.3173866109726349,-1.2520674361545854,0.47971165781130143,-0.006864445555374843,1.1265510269368517,31,-13.18967822155015,-11.417556131591457,-13.866317610959936,-11.630400982595537,-12.272479401207608,-12.47528646958094,0.9294169002737017,56,10.102146202731825,14.365051514443852,0.40346999440355197,12.47528646958094,-0.006864445555374843,n1000__poisson__boostrap_true__samples_0.7
59.549578952789304,0.38934900496372593,5.082179737091065,0.2720648277727092,True,poisson,24,1.0,0.7,3,4,1000,"{'bootstrap': True, 'criterion': 'poisson', 'max_depth': 24, 'max_features': 1.0, 'max_samples': 0.7, 'min_samples_leaf': 3, 'min_samples_split': 4, 'n_estimators': 1000}",-9.935281756367282,-10.11598458368738,-10.412428890745739,-10.103647093291169,-9.943388689567552,-10.102146202731825,0.1729258750955055,9,-14.138498301074321,-14.591452296611765,-14.982467430932335,-13.994491722235658,-14.118347821365182,-14.365051514443852,0.3693137848409265,28,-0.40924192086982786,-0.3799576142900394,-0.4229607250755287,-0.38053630611630007,-0.4246534056660639,-0.40346999440355197,0.01970140455417067,45,0.8602567457169539,-1.4396098061231792,1.3173866109726347,-1.2520674361545852,0.47971165781130143,-0.006864445555374887,1.1265510269368517,32,-13.18967822155015,-11.417556131591457,-13.866317610959936,-11.630400982595537,-12.272479401207608,-12.47528646958094,0.9294169002737017,56,10.102146202731825,14.365051514443852,0.40346999440355197,12.47528646958094,-0.006864445555374887,n1000__poisson__boostrap_true__samples_0.7
55.61605458259582,0.5123377482019404,5.526681613922119,0.5699782744712357,True,poisson,24,1.0,0.7,3,8,1000,"{'bootstrap': True, 'criterion': 'poisson', 'max_depth': 24, 'max_features': 1.0, 'max_samples': 0.7, 'min_samples_leaf': 3, 'min_samples_split': 8, 'n_estimators': 1000}",-9.961478441175029,-10.158709666403016,-10.425630980138209,-10.103739039599475,-9.956343335999426,-10.12118029266303,0.17151021891226542,19,-14.175849879952073,-14.621058276145382,-14.972596222054172,-13.995720964134986,-14.141090622662803,-14.381263192989882,0.36213167111120975,54,-0.4074297795228028,-0.37783832879200724,-0.4217522658610272,-0.3811388972582103,-0.4282700421940928,-0.40328586272562816,0.02059346681649896,35,0.8145146766830567,-1.472518309194351,1.275493496703224,-1.2624840652016616,0.485905614216183,-0.031817717358709766,1.1210295655960405,46,-13.224356268802119,-11.494587360921566,-13.872035106857142,-11.598468482223849,-12.191197050251718,-12.476128853811279,0.9298705387993829,60,10.12118029266303,14.381263192989882,0.40328586272562816,12.476128853811279,-0.031817717358709766,n1000__poisson__boostrap_true__samples_0.7
54.5781964302063,0.9160452901744378,5.393072414398193,0.9621392994146531,True,poisson,24,1.0,0.7,4,2,1000,"{'bootstrap': True, 'criterion': 'poisson', 'max_depth': 24, 'max_features': 1.0, 'max_samples': 0.7, 'min_samples_leaf': 4, 'min_samples_split': 2, 'n_estimators': 1000}",-9.994545657260591,-10.172998700752219,-10.456656675136468,-10.133917598209894,-9.947297661010577,-10.14108325847395,0.17870794599037534,35,-14.22237549430042,-14.642614437606541,-15.006421667169578,-14.01563043152319,-14.150866049899651,-14.407581616099876,0.365425711882213,78,-0.4077318030806403,-0.37844383893430217,-0.4244712990936556,-0.3808376016872552,-0.4282700421940928,-0.40395091699798924,0.021031582951486685,55,0.8940022437110794,-1.4394386158164343,1.3210706185963683,-1.2613628407225361,0.5321651548468685,0.009287312123069168,1.1393204831774972,13,-13.352585963006371,-11.538779584217158,-13.873408306852557,-11.648737832318254,-12.234643780089728,-12.529631093296812,0.930351447839613,79,10.14108325847395,14.407581616099876,0.40395091699798924,12.529631093296812,0.009287312123069168,n1000__poisson__boostrap_true__samples_0.7
54.806766748428345,0.5312976176242745,4.929498291015625,0.2498666518148398,True,poisson,24,1.0,0.7,4,4,1000,"{'bootstrap': True, 'criterion': 'poisson', 'max_depth': 24, 'max_features': 1.0, 'max_samples': 0.7, 'min_samples_leaf': 4, 'min_samples_split': 4, 'n_estimators': 1000}",-9.994545657260591,-10.172998700752219,-10.456656675136466,-10.133917598209894,-9.947297661010577,-10.14108325847395,0.17870794599037473,35,-14.22237549430042,-14.642614437606541,-15.006421667169578,-14.01563043152319,-14.150866049899651,-14.407581616099876,0.365425711882213,78,-0.4077318030806403,-0.37844383893430217,-0.4244712990936556,-0.3808376016872552,-0.4282700421940928,-0.40395091699798924,0.021031582951486685,55,0.8940022437110788,-1.439438615816434,1.3210706185963683,-1.2613628407225361,0.5321651548468682,0.009287312123069037,1.139320483177497,14,-13.352585963006371,-11.538779584217158,-13.873408306852557,-11.648737832318254,-12.234643780089728,-12.529631093296812,0.930351447839613,79,10.14108325847395,14.407581616099876,0.40395091699798924,12.529631093296812,0.009287312123069037,n1000__poisson__boostrap_true__samples_0.7
54.48702883720398,0.6161138286366409,5.56640214920044,0.5732401893887031,True,poisson,24,1.0,0.7,4,8,1000,"{'bootstrap': True, 'criterion': 'poisson', 'max_depth': 24, 'max_features': 1.0, 'max_samples': 0.7, 'min_samples_leaf': 4, 'min_samples_split': 8, 'n_estimators': 1000}",-9.994545657260591,-10.172998700752219,-10.456656675136468,-10.133917598209894,-9.947297661010577,-10.14108325847395,0.17870794599037534,35,-14.222375494300419,-14.642614437606541,-15.006421667169578,-14.01563043152319,-14.150866049899651,-14.407581616099876,0.3654257118822132,78,-0.4077318030806403,-0.37844383893430217,-0.4244712990936556,-0.3808376016872552,-0.4282700421940928,-0.40395091699798924,0.021031582951486685,55,0.8940022437110796,-1.4394386158164347,1.3210706185963683,-1.2613628407225363,0.5321651548468682,0.009287312123069014,1.1393204831774975,15,-13.35258596300637,-11.538779584217158,-13.873408306852559,-11.648737832318254,-12.234643780089728,-12.529631093296814,0.9303514478396131,81,10.14108325847395,14.407581616099876,0.40395091699798924,12.529631093296814,0.009287312123069014,n1000__poisson__boostrap_true__samples_0.7
78.67315411567688,0.7502099223517011,6.46380205154419,1.0218122982069486,True,poisson,26,0.875,0.7,1,2,1000,"{'bootstrap': True, 'criterion': 'poisson', 'max_depth': 26, 'max_features': 0.875, 'max_samples': 0.7, 'min_samples_leaf': 1, 'min_samples_split': 2, 'n_estimators': 1000}",-10.05678871173195,-10.219251279747743,-10.483047204861915,-10.238628034866053,-10.04653071052784,-10.2088491883471,0.15852394914091275,89,-14.207289451802783,-14.556436714906898,-14.974524581933212,-14.048837251603898,-14.14051018588799,-14.385519637226958,0.34096631251830745,58,-0.40561763817577773,-0.37844383893430217,-0.42356495468277944,-0.3796324194034348,-0.4252561784207354,-0.4025030059234059,0.020361339456333834,24,0.6679898542280563,-1.60947159677386,1.1635206011596582,-1.4641911097218938,0.3171767608709897,-0.1849950980474099,1.1369899056204271,83,-13.22030596868711,-11.375240917145092,-13.748266561316479,-11.556490537521217,-12.185252087208125,-12.417111214375605,0.9270400953113265,22,10.2088491883471,14.385519637226958,0.4025030059234059,12.417111214375605,-0.1849950980474099,n1000__poisson__boostrap_true__samples_0.7
69.0055615901947,0.17663622376518665,5.238173294067383,0.3235322996443643,True,poisson,26,0.875,0.7,1,4,1000,"{'bootstrap': True, 'criterion': 'poisson', 'max_depth': 26, 'max_features': 0.875, 'max_samples': 0.7, 'min_samples_leaf': 1, 'min_samples_split': 4, 'n_estimators': 1000}",-10.034228028488135,-10.211896957649566,-10.484693842563203,-10.233229746275867,-10.024053480218567,-10.197620411039068,0.1677531220432512,76,-14.176887877325035,-14.545083903215344,-14.96258164947304,-14.03359190945043,-14.103095676914256,-14.364248203275622,0.3473737415587469,26,-0.40561763817577773,-0.3814713896457766,-0.42356495468277944,-0.3793311238324797,-0.4258589511754069,-0.40316881150244405,0.01987891000917453,34,0.6357170268716985,-1.652928177074203,1.1420626675967729,-1.4544637195497094,0.2751813444012637,-0.2108861715508355,1.1322048781536598,94,-13.152713357519142,-11.218362651682709,-13.724880188526932,-11.571375870811805,-12.09230755417148,-12.351927924542414,0.9474059005490783,2,10.197620411039068,14.364248203275622,0.40316881150244405,12.351927924542414,-0.2108861715508355,n1000__poisson__boostrap_true__samples_0.7
59.11870517730713,2.1858987681148143,5.217134094238281,0.29094253519084573,True,poisson,26,0.875,0.7,1,8,1000,"{'bootstrap': True, 'criterion': 'poisson', 'max_depth': 26, 'max_features': 0.875, 'max_samples': 0.7, 'min_samples_leaf': 1, 'min_samples_split': 8, 'n_estimators': 1000}",-10.082018875782655,-10.225304119416007,-10.533905167158943,-10.280237552336759,-10.03578808992962,-10.231450760924796,0.17578985703769337,96,-14.227451147532346,-14.560381884754909,-15.009439098466908,-14.091150523791375,-14.119807147315356,-14.401645960372178,0.3466392816481609,69,-0.40682573240712777,-0.37844383893430217,-0.42205438066465256,-0.3808376016872552,-0.42616033755274263,-0.40286437824921606,0.020040917471424464,32,0.6516290630719985,-1.6500149386814453,1.1565133757033008,-1.4961530297563352,0.2777430996359432,-0.21205648600530763,1.1467753287765232,95,-13.19194815350696,-11.329672065586504,-13.849422110549042,-11.532585652865674,-12.100529167955635,-12.400831430092763,0.9711534577045179,17,10.231450760924796,14.401645960372178,0.40286437824921606,12.400831430092763,-0.21205648600530763,n1000__poisson__boostrap_true__samples_0.7
58.72418050765991,0.2232422935565737,6.3230372905731205,0.19534928391923526,True,poisson,26,0.875,0.7,2,2,1000,"{'bootstrap': True, 'criterion': 'poisson', 'max_depth': 26, 'max_features': 0.875, 'max_samples': 0.7, 'min_samples_leaf': 2, 'min_samples_split': 2, 'n_estimators': 1000}",-9.969682830732925,-10.150115066808617,-10.444507256275722,-10.165254922218638,-9.987149167160903,-10.143341848639361,0.170751439398029,39,-14.15453684394772,-14.518270674933852,-14.943186981391703,-13.988138287064597,-14.107695045024748,-14.342365566472523,0.3486418873075603,3,-0.40863787375415284,-0.37693006357856496,-0.4214501510574018,-0.38294667068394095,-0.42857142857142855,-0.4037072375290978,0.02052007958442432,51,0.7952187786357304,-1.527894805743427,1.2665502151070136,-1.319157702770641,0.46765362479458383,-0.06352597799534801,1.1410244606371565,62,-13.171688554552704,-11.437427117388886,-13.89376352339672,-11.550038029641193,-12.197269923948067,-12.450037429785514,0.9491464962049894,32,10.143341848639361,14.342365566472523,0.4037072375290978,12.450037429785514,-0.06352597799534801,n1000__poisson__boostrap_true__samples_0.7
60.688476371765134,0.3553464850437928,5.080876588821411,0.37113296188199285,True,poisson,26,0.875,0.7,2,4,1000,"{'bootstrap': True, 'criterion': 'poisson', 'max_depth': 26, 'max_features': 0.875, 'max_samples': 0.7, 'min_samples_leaf': 2, 'min_samples_split': 4, 'n_estimators': 1000}",-9.969682830732925,-10.150115066808617,-10.444507256275722,-10.165254922218638,-9.987149167160903,-10.143341848639361,0.170751439398029,39,-14.154536843947719,-14.518270674933852,-14.943186981391705,-13.988138287064597,-14.10769504502475,-14.342365566472527,0.34864188730756085,4,-0.40863787375415284,-0.37693006357856496,-0.4214501510574018,-0.38294667068394095,-0.42857142857142855,-0.4037072375290978,0.02052007958442432,51,0.7952187786357312,-1.5278948057434267,1.2665502151070134,-1.3191577027706407,0.46765362479458383,-0.0635259779953478,1.1410244606371565,61,-13.171688554552704,-11.437427117388884,-13.89376352339672,-11.550038029641192,-12.197269923948067,-12.450037429785514,0.9491464962049901,32,10.143341848639361,14.342365566472527,0.4037072375290978,12.450037429785514,-0.0635259779953478,n1000__poisson__boostrap_true__samples_0.7
55.92363305091858,0.6823235297487573,4.533857250213623,1.029550359439622,True,poisson,26,0.875,0.7,2,8,1000,"{'bootstrap': True, 'criterion': 'poisson', 'max_depth': 26, 'max_features': 0.875, 'max_samples': 0.7, 'min_samples_leaf': 2, 'min_samples_split': 8, 'n_estimators': 1000}",-10.023200403169817,-10.220916156697431,-10.489944146071023,-10.203784309395823,-10.015676244903617,-10.190704252047542,0.17281244395680448,71,-14.21491390580257,-14.567924397758512,-15.00821508843005,-14.041805204941406,-14.13837805441026,-14.39424733026856,0.35467313036028725,64,-0.4059196617336152,-0.3766273085074175,-0.4253776435045317,-0.3808376016872552,-0.42857142857142855,-0.4034667288008496,0.021673868548583077,39,0.7890646945194895,-1.5784615906528632,1.278129160002611,-1.373731058049141,0.4381888793965198,-0.0893619829566768,1.165074841273154,72,-13.318232789601671,-11.473483694391163,-13.832500938602179,-11.592937793203976,-12.196175978350158,-12.48266623882983,0.9394006559273278,63,10.190704252047542,14.39424733026856,0.4034667288008496,12.48266623882983,-0.0893619829566768,n1000__poisson__boostrap_true__samples_0.7
51.996839714050296,1.819027491300503,5.338415050506592,1.184617510681955,True,poisson,26,0.875,0.7,3,2,1000,"{'bootstrap': True, 'criterion': 'poisson', 'max_depth': 26, 'max_features': 0.875, 'max_samples': 0.7, 'min_samples_leaf': 3, 'min_samples_split': 2, 'n_estimators': 1000}",-10.019959706541508,-10.191652143333982,-10.461760067119394,-10.18049747120268,-9.967495057674032,-10.164272889174319,0.17266110813592372,58,-14.23315628437467,-14.54338172497927,-14.992172137613641,-14.025663687655006,-14.095927055509401,-14.378060178026399,0.35475181083052154,46,-0.4119601328903654,-0.381774144716924,-0.4229607250755287,-0.38264537511298585,-0.42857142857142855,-0.4055823612734465,0.01981977408647071,81,0.8611708728374743,-1.5216702383219203,1.3289656763294826,-1.2902179447908297,0.5210463142347004,-0.02014106394221855,1.1625290232621672,40,-13.20653348545594,-11.354857348237449,-13.93832221814849,-11.616865255181471,-12.23663160056019,-12.470641981516708,0.9720383209790374,50,10.164272889174319,14.378060178026399,0.4055823612734465,12.470641981516708,-0.02014106394221855,n1000__poisson__boostrap_true__samples_0.7
53.291414403915404,1.3975644144258301,5.337447452545166,0.5375367105152691,True,poisson,26,0.875,0.7,3,4,1000,"{'bootstrap': True, 'criterion': 'poisson', 'max_depth': 26, 'max_features': 0.875, 'max_samples': 0.7, 'min_samples_leaf': 3, 'min_samples_split': 4, 'n_estimators': 1000}",-10.019959706541508,-10.191652143333984,-10.461760067119394,-10.180497471202681,-9.967495057674032,-10.164272889174319,0.1726611081359238,58,-14.23315628437467,-14.54338172497927,-14.992172137613641,-14.025663687655006,-14.095927055509401,-14.378060178026399,0.35475181083052154,46,-0.4119601328903654,-0.381774144716924,-0.4229607250755287,-0.38264537511298585,-0.42857142857142855,-0.4055823612734465,0.01981977408647071,81,0.8611708728374745,-1.5216702383219207,1.328965676329482,-1.2902179447908293,0.5210463142347002,-0.020141063942218686,1.162529023262167,41,-13.20653348545594,-11.354857348237449,-13.93832221814849,-11.616865255181471,-12.236631600560186,-12.470641981516708,0.9720383209790376,50,10.164272889174319,14.378060178026399,0.4055823612734465,12.470641981516708,-0.020141063942218686,n1000__poisson__boostrap_true__samples_0.7
53.80757479667663,0.8038814787031981,4.343647861480713,0.5492034441144172,True,poisson,26,0.875,0.7,3,8,1000,"{'bootstrap': True, 'criterion': 'poisson', 'max_depth': 26, 'max_features': 0.875, 'max_samples': 0.7, 'min_samples_leaf': 3, 'min_samples_split': 8, 'n_estimators': 1000}",-10.018234412231227,-10.210119564404838,-10.512197474421194,-10.205424273349834,-10.01769748536796,-10.19273464195501,0.18089118273734256,73,-14.225544792455747,-14.567572756855439,-15.047806715568534,-14.054905386686395,-14.148517279066406,-14.408869386126502,0.3633481278416218,81,-0.40863787375415284,-0.381774144716924,-0.4217522658610272,-0.38294667068394095,-0.43037974683544306,-0.4050981403702976,0.01981789906247583,74,0.8746220854763087,-1.552672489619281,1.3083860245063321,-1.3184489617462354,0.5225116169963367,-0.03312034487730775,1.1741780878511439,47,-13.328251243129955,-11.338440796200118,-14.01365737157955,-11.603411116920668,-12.245242927746755,-12.505800691115407,1.019311836020072,71,10.19273464195501,14.408869386126502,0.4050981403702976,12.505800691115407,-0.03312034487730775,n1000__poisson__boostrap_true__samples_0.7
49.860345458984376,3.974094865018269,4.164847373962402,1.4672731182425287,True,poisson,26,0.875,0.7,4,2,1000,"{'bootstrap': True, 'criterion': 'poisson', 'max_depth': 26, 'max_features': 0.875, 'max_samples': 0.7, 'min_samples_leaf': 4, 'min_samples_split': 2, 'n_estimators': 1000}",-10.057884605343919,-10.25133727358664,-10.52158153458256,-10.190904183381056,-10.011011466068306,-10.206543812592496,0.1799067963493465,79,-14.27732122788957,-14.612823261859177,-15.061038870633162,-14.044643953297129,-14.145242232240593,-14.428213909183924,0.3700041965188298,85,-0.4113560857746904,-0.38056312443233425,-0.4253776435045317,-0.38294667068394095,-0.42977697408077153,-0.4060040996952538,0.020726870319536017,94,0.9115409530774631,-1.527331768602725,1.3648988221089822,-1.287929044263705,0.5588191405478026,0.003999620573563556,1.183009560839804,21,-13.33324817325007,-11.461969046524215,-13.971679680628197,-11.624301529004914,-12.296878665060396,-12.537615418893559,0.9735176784312062,85,10.206543812592496,14.428213909183924,0.4060040996952538,12.537615418893559,0.003999620573563556,n1000__poisson__boostrap_true__samples_0.7
47.13172540664673,2.162397780387762,5.744321250915528,0.5461651858845294,True,poisson,26,0.875,0.7,4,4,1000,"{'bootstrap': True, 'criterion': 'poisson', 'max_depth': 26, 'max_features': 0.875, 'max_samples': 0.7, 'min_samples_leaf': 4, 'min_samples_split': 4, 'n_estimators': 1000}",-10.057884605343919,-10.25133727358664,-10.52158153458256,-10.190904183381056,-10.011011466068306,-10.206543812592496,0.1799067963493465,79,-14.27732122788957,-14.612823261859177,-15.061038870633164,-14.044643953297129,-14.145242232240594,-14.428213909183928,0.3700041965188301,86,-0.4113560857746904,-0.38056312443233425,-0.4253776435045317,-0.38294667068394095,-0.42977697408077153,-0.4060040996952538,0.020726870319536017,94,0.911540953077463,-1.527331768602725,1.3648988221089822,-1.2879290442637052,0.5588191405478031,0.0039996205735636,1.183009560839804,20,-13.333248173250071,-11.461969046524215,-13.971679680628197,-11.624301529004914,-12.296878665060396,-12.537615418893559,0.9735176784312065,85,10.206543812592496,14.428213909183928,0.4060040996952538,12.537615418893559,0.0039996205735636,n1000__poisson__boostrap_true__samples_0.7
50.68149399757385,0.5165576776838428,4.723402261734009,0.27151689597947537,True,poisson,26,0.875,0.7,4,8,1000,"{'bootstrap': True, 'criterion': 'poisson', 'max_depth': 26, 'max_features': 0.875, 'max_samples': 0.7, 'min_samples_leaf': 4, 'min_samples_split': 8, 'n_estimators': 1000}",-10.057884605343919,-10.25133727358664,-10.52158153458256,-10.190904183381056,-10.011011466068306,-10.206543812592496,0.1799067963493465,79,-14.27732122788957,-14.612823261859177,-15.061038870633164,-14.04464395329713,-14.145242232240593,-14.428213909183928,0.37000419651883004,86,-0.4113560857746904,-0.38056312443233425,-0.4253776435045317,-0.38294667068394095,-0.42977697408077153,-0.4060040996952538,0.020726870319536017,94,0.911540953077463,-1.5273317686027241,1.3648988221089822,-1.2879290442637052,0.5588191405478026,0.003999620573563667,1.1830095608398037,19,-13.333248173250071,-11.461969046524215,-13.971679680628197,-11.624301529004914,-12.296878665060396,-12.537615418893559,0.9735176784312065,85,10.206543812592496,14.428213909183928,0.4060040996952538,12.537615418893559,0.003999620573563667,n1000__poisson__boostrap_true__samples_0.7
89.78315019607544,1.178522334087923,6.7001911163330075,0.17251591934357344,True,poisson,26,1.0,0.7,1,2,1000,"{'bootstrap': True, 'criterion': 'poisson', 'max_depth': 26, 'max_features': 1.0, 'max_samples': 0.7, 'min_samples_leaf': 1, 'min_samples_split': 2, 'n_estimators': 1000}",-9.975869995754197,-10.153554061499763,-10.433979698769543,-10.18263854924902,-9.98887702754817,-10.146983866564138,0.1661076523759859,49,-14.128130811800768,-14.603156477622411,-14.943607493247296,-14.009969051771868,-14.142645087586526,-14.365501784405774,0.3530154596415904,32,-0.4050135910601027,-0.3802603693611868,-0.41933534743202416,-0.3814401928291654,-0.4252561784207354,-0.40226113582064293,0.01868380094110087,20,0.6354346949650261,-1.5536266334243019,1.128037526473295,-1.416073930228297,0.2757389524900709,-0.18609787794484137,1.095275022421062,84,-13.099936551443452,-11.307945977282342,-13.786122844219664,-11.491401252183955,-12.068744089924483,-12.350830143010779,0.9515275605214094,1,10.146983866564138,14.365501784405774,0.40226113582064293,12.350830143010779,-0.18609787794484137,n1000__poisson__boostrap_true__samples_0.7
76.96354699134827,0.4319116723156825,5.010898447036743,0.524953775993075,True,poisson,26,1.0,0.7,1,4,1000,"{'bootstrap': True, 'criterion': 'poisson', 'max_depth': 26, 'max_features': 1.0, 'max_samples': 0.7, 'min_samples_leaf': 1, 'min_samples_split': 4, 'n_estimators': 1000}",-9.964499835868015,-10.171598576083099,-10.435159002253648,-10.197040839392558,-9.974302840274323,-10.148520218774328,0.1727795414348322,50,-14.12325426403841,-14.616923025395517,-14.939009852264494,-14.026965065434796,-14.109253932437468,-14.363081227914137,0.35526012489593045,24,-0.4050135910601027,-0.37723281864971236,-0.41933534743202416,-0.3799337149743899,-0.42495479204339964,-0.4012940528319258,0.01966906647134623,2,0.6499990323550517,-1.5413366726670967,1.141821306676272,-1.458106366982602,0.25781204332300833,-0.18996213145907334,1.1058107023470252,88,-13.103879848130715,-11.438906527681805,-13.803964273255774,-11.500604089583126,-12.03906283112622,-12.377283513955527,0.9302549794087588,8,10.148520218774328,14.363081227914137,0.4012940528319258,12.377283513955527,-0.18996213145907334,n1000__poisson__boostrap_true__samples_0.7
68.41915669441224,0.5304134233930219,5.328214073181153,0.35166762129607526,True,poisson,26,1.0,0.7,1,8,1000,"{'bootstrap': True, 'criterion': 'poisson', 'max_depth': 26, 'max_features': 1.0, 'max_samples': 0.7, 'min_samples_leaf': 1, 'min_samples_split': 8, 'n_estimators': 1000}",-9.977924840721116,-10.175202497446056,-10.463228198529471,-10.203425094229297,-9.978893784400942,-10.159734883065378,0.17889363803162348,55,-14.128493692170503,-14.609011891606826,-14.969240360811677,-14.04399813342,-14.10523721475249,-14.371196258552299,0.3608075346690145,39,-0.40471156750226517,-0.3766273085074175,-0.4202416918429003,-0.37812594154865925,-0.42766726943942135,-0.40147475576813274,0.021029909049193638,3,0.633414936373247,-1.5855414657632987,1.1217266299043025,-1.4914619679050931,0.27071771856325094,-0.2102288297655183,1.1180512451619153,93,-13.109755970880387,-11.403396458057937,-13.783680978474404,-11.519922556282884,-11.983161017207609,-12.359983396180645,0.9329340394489402,3,10.159734883065378,14.371196258552299,0.40147475576813274,12.359983396180645,-0.2102288297655183,n1000__poisson__boostrap_true__samples_0.7
66.66970024108886,2.5894958121557248,5.781182336807251,0.7502511764106645,True,poisson,26,1.0,0.7,2,2,1000,"{'bootstrap': True, 'criterion': 'poisson', 'max_depth': 26, 'max_features': 1.0, 'max_samples': 0.7, 'min_samples_leaf': 2, 'min_samples_split': 2, 'n_estimators': 1000}",-9.923258974231628,-10.125426278101159,-10.383240863954935,-10.094426327747502,-9.943381362127306,-10.093946761232505,0.16521896251657478,7,-14.116268454788834,-14.61725483348897,-14.931981674502522,-13.976768203165909,-14.10738271997988,-14.349931177185223,0.3641217779139946,13,-0.4059196617336152,-0.37783832879200724,-0.41933534743202416,-0.3793311238324797,-0.4255575647980711,-0.4015964053176395,0.01983777576662082,8,0.7697788521891666,-1.4458856199913257,1.2697603845420398,-1.305408055571158,0.44087506161968903,-0.05417587544231765,1.1116853894547907,58,-13.171372114315194,-11.485786375695826,-13.894608837364908,-11.584889454071995,-12.200765868977523,-12.467484530085091,0.932307427663113,45,10.093946761232505,14.349931177185223,0.4015964053176395,12.467484530085091,-0.05417587544231765,n1000__poisson__boostrap_true__samples_0.7
66.02230453491211,0.8061476841107246,5.521495628356933,0.4618494976822807,True,poisson,26,1.0,0.7,2,4,1000,"{'bootstrap': True, 'criterion': 'poisson', 'max_depth': 26, 'max_features': 1.0, 'max_samples': 0.7, 'min_samples_leaf': 2, 'min_samples_split': 4, 'n_estimators': 1000}",-9.923258974231626,-10.125426278101159,-10.383240863954935,-10.094426327747499,-9.943381362127306,-10.093946761232505,0.16521896251657514,7,-14.116268454788836,-14.617254833488968,-14.93198167450252,-13.976768203165909,-14.107382719979881,-14.349931177185221,0.3641217779139933,12,-0.4059196617336152,-0.37783832879200724,-0.41933534743202416,-0.3793311238324797,-0.4255575647980711,-0.4015964053176395,0.01983777576662082,8,0.7697788521891665,-1.445885619991325,1.2697603845420404,-1.3054080555711582,0.44087506161968876,-0.054175875442317514,1.1116853894547907,57,-13.171372114315195,-11.485786375695827,-13.89460883736491,-11.584889454071995,-12.200765868977523,-12.467484530085091,0.9323074276631135,45,10.093946761232505,14.349931177185221,0.4015964053176395,12.467484530085091,-0.054175875442317514,n1000__poisson__boostrap_true__samples_0.7
61.01725344657898,0.35433861043534143,5.12413854598999,0.41349075044590944,True,poisson,26,1.0,0.7,2,8,1000,"{'bootstrap': True, 'criterion': 'poisson', 'max_depth': 26, 'max_features': 1.0, 'max_samples': 0.7, 'min_samples_leaf': 2, 'min_samples_split': 8, 'n_estimators': 1000}",-9.934859057081296,-10.136835117560755,-10.449063726181343,-10.136215399421792,-9.973328955726336,-10.126060451194304,0.18134785076190132,21,-14.114392607959624,-14.600672984281358,-14.99820609785371,-13.992030404417381,-14.146173155260113,-14.37029504995444,0.37580502983921316,37,-0.40712775596496525,-0.37935210414774445,-0.4229607250755287,-0.3814401928291654,-0.42616033755274263,-0.40340822311402924,0.01987503551359183,38,0.7755439809394364,-1.4810525894635191,1.2534459358365462,-1.344767265612816,0.4143134784717116,-0.07650329196572818,1.1240020321949842,66,-13.153614413533624,-11.408639142180837,-13.834038207599718,-11.524019097990516,-12.187481469826423,-12.421558466226225,0.9399339811475845,25,10.126060451194304,14.37029504995444,0.40340822311402924,12.421558466226225,-0.07650329196572818,n1000__poisson__boostrap_true__samples_0.7
56.98840847015381,2.6281419222348292,5.613474559783936,1.0656687428755747,True,poisson,26,1.0,0.7,3,2,1000,"{'bootstrap': True, 'criterion': 'poisson', 'max_depth': 26, 'max_features': 1.0, 'max_samples': 0.7, 'min_samples_leaf': 3, 'min_samples_split': 2, 'n_estimators': 1000}",-9.93841725754544,-10.120144969034593,-10.407741289090188,-10.115823538509359,-9.93733991759784,-10.103893394355485,0.171960691803348,13,-14.142898833030253,-14.609777321110203,-14.967106348052411,-14.003392888196062,-14.110110819446824,-14.366657241967152,0.36537416030140624,33,-0.4089398973119903,-0.3799576142900394,-0.4229607250755287,-0.380235010545345,-0.4258589511754069,-0.403590439679662,0.02001848027927205,48,0.8652182190202502,-1.4383712894249772,1.315947294899461,-1.2617448721084668,0.48840423732324434,-0.006109282058097664,1.1295648737820096,28,-13.2093194471599,-11.424660742530104,-13.859074718930621,-11.642902969011317,-12.240841863421146,-12.475359948210617,0.9279348347739944,58,10.103893394355485,14.366657241967152,0.403590439679662,12.475359948210617,-0.006109282058097664,n1000__poisson__boostrap_true__samples_0.7
56.81700778007507,2.344746969995104,5.366454410552978,0.5545432013950233,True,poisson,26,1.0,0.7,3,4,1000,"{'bootstrap': True, 'criterion': 'poisson', 'max_depth': 26, 'max_features': 1.0, 'max_samples': 0.7, 'min_samples_leaf': 3, 'min_samples_split': 4, 'n_estimators': 1000}",-9.93841725754544,-10.120144969034593,-10.407741289090188,-10.115823538509359,-9.93733991759784,-10.103893394355485,0.171960691803348,13,-14.142898833030253,-14.609777321110203,-14.967106348052411,-14.00339288819606,-14.110110819446824,-14.366657241967152,0.36537416030140657,33,-0.4089398973119903,-0.3799576142900394,-0.4229607250755287,-0.380235010545345,-0.4258589511754069,-0.403590439679662,0.02001848027927205,48,0.8652182190202501,-1.4383712894249763,1.315947294899461,-1.2617448721084665,0.48840423732324545,-0.006109282058097243,1.1295648737820096,27,-13.209319447159896,-11.424660742530104,-13.859074718930621,-11.642902969011315,-12.240841863421146,-12.475359948210617,0.9279348347739942,58,10.103893394355485,14.366657241967152,0.403590439679662,12.475359948210617,-0.006109282058097243,n1000__poisson__boostrap_true__samples_0.7
59.53641986846924,0.5315885659723223,4.547810792922974,0.3106849555259392,True,poisson,26,1.0,0.7,3,8,1000,"{'bootstrap': True, 'criterion': 'poisson', 'max_depth': 26, 'max_features': 1.0, 'max_samples': 0.7, 'min_samples_leaf': 3, 'min_samples_split': 8, 'n_estimators': 1000}",-9.949980967106343,-10.149457659364085,-10.419051918907435,-10.103188549431989,-9.960602147224398,-10.116456248406852,0.17019623080810417,17,-14.164749192663818,-14.615700147119746,-14.965639485921788,-13.980156586837406,-14.142485837558281,-14.37374625002021,0.36358032464580337,43,-0.4077318030806403,-0.37783832879200724,-0.42205438066465256,-0.3814401928291654,-0.4273658830620856,-0.40328611768571027,0.02037980032716216,36,0.8128087257938141,-1.4809481765570733,1.2898335040507771,-1.2577793740957797,0.47834754813870456,-0.031547554533911434,1.1245785952321803,45,-13.198369138219414,-11.47118863049341,-13.8712994810278,-11.594752390576966,-12.213129439074322,-12.469747815878382,0.9299275814580137,49,10.116456248406852,14.37374625002021,0.40328611768571027,12.469747815878382,-0.031547554533911434,n1000__poisson__boostrap_true__samples_0.7
54.57931365966797,4.623596653583932,4.4677740097045895,0.3051827745219208,True,poisson,26,1.0,0.7,4,2,1000,"{'bootstrap': True, 'criterion': 'poisson', 'max_depth': 26, 'max_features': 1.0, 'max_samples': 0.7, 'min_samples_leaf': 4, 'min_samples_split': 2, 'n_estimators': 1000}",-9.989758481284799,-10.174504056378979,-10.46309867567143,-10.128043916664035,-9.9488436758042,-10.140849761160688,0.18156865137557265,32,-14.219041054575142,-14.635975233502824,-15.016933849800754,-14.012593231560972,-14.149353843020556,-14.406779442492049,0.3692466714337147,74,-0.4083358501963153,-0.37904934907659704,-0.42386706948640485,-0.3814401928291654,-0.4282700421940928,-0.40419250075651514,0.02065831354871944,64,0.8949393835268002,-1.4481327925593255,1.3229604652437585,-1.2448893051991432,0.532847928045044,0.011545135811426821,1.1385288159276041,9,-13.328119315973076,-11.510864330829202,-13.903013455605588,-11.644229919214839,-12.237245862622023,-12.524694576848946,0.9413767351460898,78,10.140849761160688,14.406779442492049,0.40419250075651514,12.524694576848946,0.011545135811426821,n1000__poisson__boostrap_true__samples_0.7
46.13933629989624,1.486189140441045,3.4769009590148925,0.6158800458808761,True,poisson,26,1.0,0.7,4,4,1000,"{'bootstrap': True, 'criterion': 'poisson', 'max_depth': 26, 'max_features': 1.0, 'max_samples': 0.7, 'min_samples_leaf': 4, 'min_samples_split': 4, 'n_estimators': 1000}",-9.989758481284799,-10.174504056378979,-10.463098675671432,-10.128043916664033,-9.9488436758042,-10.14084976116069,0.1815686513755733,34,-14.219041054575142,-14.635975233502823,-15.016933849800756,-14.012593231560972,-14.149353843020556,-14.406779442492049,0.3692466714337151,74,-0.4083358501963153,-0.37904934907659704,-0.42386706948640485,-0.3814401928291654,-0.4282700421940928,-0.40419250075651514,0.02065831354871944,64,0.8949393835268,-1.4481327925593246,1.3229604652437583,-1.2448893051991432,0.5328479280450437,0.011545135811426844,1.138528815927604,8,-13.328119315973076,-11.510864330829202,-13.903013455605588,-11.644229919214839,-12.237245862622022,-12.524694576848944,0.9413767351460899,76,10.14084976116069,14.406779442492049,0.40419250075651514,12.524694576848944,0.011545135811426844,n1000__poisson__boostrap_true__samples_0.7
37.022341299057004,0.5268246275960642,0.9257774829864502,0.21277573586812693,True,poisson,26,1.0,0.7,4,8,1000,"{'bootstrap': True, 'criterion': 'poisson', 'max_depth': 26, 'max_features': 1.0, 'max_samples': 0.7, 'min_samples_leaf': 4, 'min_samples_split': 8, 'n_estimators': 1000}",-9.989758481284799,-10.174504056378979,-10.46309867567143,-10.128043916664033,-9.9488436758042,-10.140849761160688,0.18156865137557268,32,-14.219041054575142,-14.635975233502823,-15.016933849800756,-14.012593231560972,-14.149353843020556,-14.406779442492049,0.3692466714337151,74,-0.4083358501963153,-0.37904934907659704,-0.42386706948640485,-0.3814401928291654,-0.4282700421940928,-0.40419250075651514,0.02065831354871944,64,0.8949393835268005,-1.4481327925593244,1.3229604652437585,-1.2448893051991432,0.5328479280450434,0.011545135811426976,1.1385288159276037,7,-13.328119315973076,-11.510864330829202,-13.903013455605588,-11.64422991921484,-12.237245862622022,-12.524694576848944,0.9413767351460897,76,10.140849761160688,14.406779442492049,0.40419250075651514,12.524694576848944,0.011545135811426976,n1000__poisson__boostrap_true__samples_0.7
