mean_fit_time,std_fit_time,mean_score_time,std_score_time,param_bootstrap,param_criterion,param_max_depth,param_max_features,param_max_samples,param_min_samples_leaf,param_min_samples_split,param_n_estimators,params,split0_test_MAE,split1_test_MAE,split2_test_MAE,split3_test_MAE,split4_test_MAE,mean_test_MAE,std_test_MAE,rank_test_MAE,split0_test_RMSE,split1_test_RMSE,split2_test_RMSE,split3_test_RMSE,split4_test_RMSE,mean_test_RMSE,std_test_RMSE,rank_test_RMSE,split0_test_overestimation_rate,split1_test_overestimation_rate,split2_test_overestimation_rate,split3_test_overestimation_rate,split4_test_overestimation_rate,mean_test_overestimation_rate,std_test_overestimation_rate,rank_test_overestimation_rate,split0_test_mean_signed_error,split1_test_mean_signed_error,split2_test_mean_signed_error,split3_test_mean_signed_error,split4_test_mean_signed_error,mean_test_mean_signed_error,std_test_mean_signed_error,rank_test_mean_signed_error,split0_test_mean_overestimation,split1_test_mean_overestimation,split2_test_mean_overestimation,split3_test_mean_overestimation,split4_test_mean_overestimation,mean_test_mean_overestimation,std_test_mean_overestimation,rank_test_mean_overestimation,mean_MAE,mean_RMSE,overestimation_rate,mean_overstimation,mean_signed_error,chunk_id
69.83198056221008,0.2220970668338325,44.61298761367798,1.960262814693401,True,squared_error,20,0.875,1.0,1,2,1000,"{'bootstrap': True, 'criterion': 'squared_error', 'max_depth': 20, 'max_features': 0.875, 'max_samples': 1.0, 'min_samples_leaf': 1, 'min_samples_split': 2, 'n_estimators': 1000}",-9.977829934821264,-10.230462420172223,-10.473150029555242,-10.154416258426263,-10.059877949862331,-10.179147318567466,0.16996254314778492,85,-14.128976397661106,-14.670945379106099,-14.976655606993713,-13.97624930019612,-14.164165428583612,-14.383398422508131,0.3776774865793098,53,-0.41165810933252794,-0.3848016954283984,-0.4287009063444109,-0.3853570352515818,-0.43520192887281495,-0.4091439350459468,0.021100599386835697,96,0.8732109069259404,-1.3260380005018946,1.3707702487957183,-1.195668440097679,0.5575789648788056,0.05597073600017817,1.106773585338202,69,-13.179675798615186,-11.57014707245126,-13.813733657978043,-11.623957783046354,-12.19831095675592,-12.477165053769351,0.8841199978566628,26,10.179147318567466,14.383398422508131,0.4091439350459468,12.477165053769351,0.05597073600017817,n1000__squared_error__boostrap_true__samples_1.0
92.47137303352356,18.71974319303129,27.28071403503418,7.22675103286694,True,squared_error,20,0.875,1.0,1,4,1000,"{'bootstrap': True, 'criterion': 'squared_error', 'max_depth': 20, 'max_features': 0.875, 'max_samples': 1.0, 'min_samples_leaf': 1, 'min_samples_split': 4, 'n_estimators': 1000}",-9.990029604057854,-10.216868892551176,-10.485237202137704,-10.164793178286745,-10.064552219023016,-10.184296219211298,0.1697556869166921,88,-14.132904398003019,-14.63327547769931,-14.981522329636158,-13.986080846307543,-14.166125117866939,-14.379981633902593,0.37093087775153494,46,-0.4107520386590154,-0.3848016954283984,-0.42900302114803623,-0.3844531485387165,-0.4361060880048222,-0.40902319835579776,0.0215686516566075,95,0.8586508157369293,-1.321186733326364,1.3655862977442081,-1.2280492393326277,0.5514177984326442,0.04528378785095797,1.1090135219836692,75,-13.205875319831076,-11.558787636475046,-13.812051332608846,-11.622669723114699,-12.171316004809215,-12.474140003367776,0.8921902561790982,21,10.184296219211298,14.379981633902593,0.40902319835579776,12.474140003367776,0.04528378785095797,n1000__squared_error__boostrap_true__samples_1.0
83.11164689064026,19.868626780864037,33.54539513587952,13.601228737928256,True,squared_error,20,0.875,1.0,1,8,1000,"{'bootstrap': True, 'criterion': 'squared_error', 'max_depth': 20, 'max_features': 0.875, 'max_samples': 1.0, 'min_samples_leaf': 1, 'min_samples_split': 8, 'n_estimators': 1000}",-10.030221336554671,-10.235360638470201,-10.530350212303851,-10.193517625182539,-10.040345157118423,-10.205958993925936,0.18141696396934343,93,-14.181822898286471,-14.647963211012128,-15.025119839380439,-14.000834522523645,-14.13455785627205,-14.398059665494946,0.38200408398352104,64,-0.4083358501963153,-0.38298516500151375,-0.4287009063444109,-0.3847544441096716,-0.432790837854129,-0.4075134407012081,0.02101494753379042,64,0.856963029157437,-1.3636546616696132,1.3255343301090072,-1.2509172556532202,0.5223485447851326,0.018054797345748684,1.1123841992879655,87,-13.331163992186683,-11.582310213981161,-13.827687750312387,-11.621178788750118,-12.203000592937325,-12.513068267633537,0.9116385641957185,61,10.205958993925936,14.398059665494946,0.4075134407012081,12.513068267633537,0.018054797345748684,n1000__squared_error__boostrap_true__samples_1.0
46.863595199584964,35.18966819120837,28.232011318206787,12.040289638060386,True,squared_error,20,0.875,1.0,2,2,1000,"{'bootstrap': True, 'criterion': 'squared_error', 'max_depth': 20, 'max_features': 0.875, 'max_samples': 1.0, 'min_samples_leaf': 2, 'min_samples_split': 2, 'n_estimators': 1000}",-9.91447988140106,-10.156355405122259,-10.454802762786281,-10.0990601988893,-10.003353922580787,-10.125610434155936,0.18414153382146387,41,-14.1024964954233,-14.604347412378825,-15.006053980423554,-13.936059448185429,-14.155443342904293,-14.360880135863079,0.3911430947021702,19,-0.40954394442766534,-0.381774144716924,-0.4256797583081571,-0.3820427839710756,-0.4336949969861362,-0.4065471256819916,0.021569463687025562,35,0.9068959016866773,-1.3141826330247348,1.378755439396992,-1.1915096112515093,0.6231957590772627,0.08063097117693759,1.115891040503385,37,-13.211495286800702,-11.580371398191167,-13.899601720804343,-11.657791955981791,-12.251178541953236,-12.520087780746248,0.9033311904279525,65,10.125610434155936,14.360880135863079,0.4065471256819916,12.520087780746248,0.08063097117693759,n1000__squared_error__boostrap_true__samples_1.0
69.16704063415527,14.113120628169408,33.60311698913574,12.99286322275874,True,squared_error,20,0.875,1.0,2,4,1000,"{'bootstrap': True, 'criterion': 'squared_error', 'max_depth': 20, 'max_features': 0.875, 'max_samples': 1.0, 'min_samples_leaf': 2, 'min_samples_split': 4, 'n_estimators': 1000}",-9.91447988140106,-10.156355405122259,-10.454802762786281,-10.0990601988893,-10.00335392258079,-10.125610434155936,0.18414153382146362,41,-14.1024964954233,-14.604347412378827,-15.006053980423554,-13.936059448185429,-14.155443342904293,-14.360880135863079,0.3911430947021704,19,-0.40954394442766534,-0.381774144716924,-0.4256797583081571,-0.3820427839710756,-0.4336949969861362,-0.4065471256819916,0.021569463687025562,35,0.9068959016866776,-1.3141826330247348,1.3787554393969923,-1.1915096112515104,0.6231957590772622,0.08063097117693736,1.1158910405033855,38,-13.211495286800702,-11.580371398191167,-13.899601720804343,-11.657791955981791,-12.251178541953236,-12.520087780746248,0.9033311904279525,65,10.125610434155936,14.360880135863079,0.4065471256819916,12.520087780746248,0.08063097117693736,n1000__squared_error__boostrap_true__samples_1.0
65.95413131713867,15.753392517972744,28.739882469177246,14.733448260352423,True,squared_error,20,0.875,1.0,2,8,1000,"{'bootstrap': True, 'criterion': 'squared_error', 'max_depth': 20, 'max_features': 0.875, 'max_samples': 1.0, 'min_samples_leaf': 2, 'min_samples_split': 8, 'n_estimators': 1000}",-9.992135523934303,-10.213114704056325,-10.49176141346033,-10.135617203796606,-10.027878781852698,-10.172101525420052,0.17797954490387932,72,-14.177144395460617,-14.6483870106624,-15.019828248509226,-13.972733929968808,-14.16343956296046,-14.396306629512305,0.3831440238956815,63,-0.41165810933252794,-0.38086587950348166,-0.4268882175226586,-0.38324796625489604,-0.43399638336347196,-0.4073313111954072,0.021875312199390436,58,0.9067253790454608,-1.3721451000034648,1.3561807024027868,-1.2230709398507702,0.5754286411267083,0.04862373654414418,1.1277728931125428,72,-13.237758052005136,-11.60640802948593,-13.877101345897705,-11.627649783819272,-12.215893760224187,-12.512962194286448,0.9033352459287102,60,10.172101525420052,14.396306629512305,0.4073313111954072,12.512962194286448,0.04862373654414418,n1000__squared_error__boostrap_true__samples_1.0
56.72845540046692,17.221403487378005,18.041826152801512,12.504712425922973,True,squared_error,20,0.875,1.0,3,2,1000,"{'bootstrap': True, 'criterion': 'squared_error', 'max_depth': 20, 'max_features': 0.875, 'max_samples': 1.0, 'min_samples_leaf': 3, 'min_samples_split': 2, 'n_estimators': 1000}",-9.986065859618272,-10.192023032728827,-10.462109772250429,-10.10907633047563,-10.022462390047135,-10.154347477024057,0.16964606302186566,61,-14.20281676899228,-14.630489827765135,-15.017560783451923,-13.954863327611479,-14.172061570686038,-14.395558455701371,0.3803661542871703,61,-0.4143763213530655,-0.381774144716924,-0.42779456193353477,-0.3814401928291654,-0.43309222423146476,-0.40769548901283087,0.02215787481052476,76,0.957691495959121,-1.342856619506944,1.4064105571313836,-1.2090653340234312,0.6129697370702062,0.08502996732606712,1.140162090317021,25,-13.205094972418635,-11.589530794160142,-13.871752221134814,-11.666325630815503,-12.278484272016472,-12.522237578109113,0.8887549575984868,69,10.154347477024057,14.395558455701371,0.40769548901283087,12.522237578109113,0.08502996732606712,n1000__squared_error__boostrap_true__samples_1.0
38.604340124130246,0.9465986362000437,37.788568592071535,5.49472671812573,True,squared_error,20,0.875,1.0,3,4,1000,"{'bootstrap': True, 'criterion': 'squared_error', 'max_depth': 20, 'max_features': 0.875, 'max_samples': 1.0, 'min_samples_leaf': 3, 'min_samples_split': 4, 'n_estimators': 1000}",-9.986065859618272,-10.192023032728827,-10.462109772250429,-10.10907633047563,-10.022462390047135,-10.154347477024057,0.16964606302186566,61,-14.20281676899228,-14.630489827765135,-15.017560783451923,-13.95486332761148,-14.172061570686038,-14.395558455701371,0.38036615428716986,61,-0.4143763213530655,-0.381774144716924,-0.42779456193353477,-0.3814401928291654,-0.43309222423146476,-0.40769548901283087,0.02215787481052476,76,0.9576914959591206,-1.342856619506944,1.4064105571313832,-1.209065334023431,0.6129697370702065,0.08502996732606705,1.1401620903170209,26,-13.205094972418639,-11.589530794160144,-13.871752221134816,-11.666325630815502,-12.278484272016474,-12.522237578109117,0.8887549575984878,70,10.154347477024057,14.395558455701371,0.40769548901283087,12.522237578109117,0.08502996732606705,n1000__squared_error__boostrap_true__samples_1.0
61.30224266052246,23.123167268715783,25.006072425842284,7.640476389701548,True,squared_error,20,0.875,1.0,3,8,1000,"{'bootstrap': True, 'criterion': 'squared_error', 'max_depth': 20, 'max_features': 0.875, 'max_samples': 1.0, 'min_samples_leaf': 3, 'min_samples_split': 8, 'n_estimators': 1000}",-9.98562952126605,-10.176731832456808,-10.481011113446156,-10.136572823599922,-10.026650163537216,-10.16131909086123,0.1743877659140349,66,-14.197630271380522,-14.612193966563602,-15.02736009204664,-13.984231281686231,-14.173570931960233,-14.398997308727445,0.3751504217331966,66,-0.412866203563878,-0.3835906751438087,-0.42628398791540784,-0.38354926182585114,-0.4321880650994575,-0.4076956387096806,0.020669964696109707,78,0.9611230659332711,-1.3486113695225739,1.3628462605612799,-1.1967060597265795,0.5955274670624937,0.07483587286157826,1.1277070915692426,49,-13.257021878645558,-11.507214636571335,-13.891980123304254,-11.654131103415407,-12.288837300672887,-12.519837008521888,0.9224348115201663,64,10.16131909086123,14.398997308727445,0.4076956387096806,12.519837008521888,0.07483587286157826,n1000__squared_error__boostrap_true__samples_1.0
50.614420127868655,3.862675338744206,17.122479343414305,5.456899732017505,True,squared_error,20,0.875,1.0,4,2,1000,"{'bootstrap': True, 'criterion': 'squared_error', 'max_depth': 20, 'max_features': 0.875, 'max_samples': 1.0, 'min_samples_leaf': 4, 'min_samples_split': 2, 'n_estimators': 1000}",-10.003831746869961,-10.218361358365327,-10.510273871813965,-10.113801001229506,-10.025620049056347,-10.17437760546702,0.18419831580102353,76,-14.218870776247602,-14.6566415020186,-15.073411573761222,-13.965423070961416,-14.178750056682803,-14.418619395934329,0.397046858463015,94,-0.41407429779522803,-0.3802603693611868,-0.4232628398791541,-0.3838505573968063,-0.4318866787221218,-0.4066669486308994,0.020900824632129233,41,0.9614513693177674,-1.3617865578247228,1.4001175362728495,-1.179842373582969,0.6200956154398438,0.08800711792455378,1.138156475602239,18,-13.240719328117274,-11.645408664882808,-14.0697343186179,-11.637287553045077,-12.324663145428598,-12.583562602018329,0.9469064938601138,94,10.17437760546702,14.418619395934329,0.4066669486308994,12.583562602018329,0.08800711792455378,n1000__squared_error__boostrap_true__samples_1.0
46.34037804603577,21.94595465316346,33.73786063194275,19.630857063076416,True,squared_error,20,0.875,1.0,4,4,1000,"{'bootstrap': True, 'criterion': 'squared_error', 'max_depth': 20, 'max_features': 0.875, 'max_samples': 1.0, 'min_samples_leaf': 4, 'min_samples_split': 4, 'n_estimators': 1000}",-10.003831746869961,-10.218361358365327,-10.510273871813965,-10.113801001229506,-10.025620049056347,-10.17437760546702,0.18419831580102353,76,-14.218870776247602,-14.6566415020186,-15.073411573761222,-13.965423070961416,-14.178750056682803,-14.418619395934329,0.397046858463015,94,-0.41407429779522803,-0.3802603693611868,-0.4232628398791541,-0.3838505573968063,-0.4318866787221218,-0.4066669486308994,0.020900824632129233,41,0.9614513693177682,-1.3617865578247224,1.4001175362728497,-1.1798423735829684,0.6200956154398436,0.08800711792455415,1.138156475602239,17,-13.240719328117274,-11.645408664882808,-14.0697343186179,-11.637287553045079,-12.324663145428598,-12.583562602018329,0.9469064938601134,94,10.17437760546702,14.418619395934329,0.4066669486308994,12.583562602018329,0.08800711792455415,n1000__squared_error__boostrap_true__samples_1.0
78.6430500984192,3.9886006935908567,24.06990427970886,7.915996493518478,True,squared_error,20,0.875,1.0,4,8,1000,"{'bootstrap': True, 'criterion': 'squared_error', 'max_depth': 20, 'max_features': 0.875, 'max_samples': 1.0, 'min_samples_leaf': 4, 'min_samples_split': 8, 'n_estimators': 1000}",-10.003831746869961,-10.218361358365327,-10.510273871813968,-10.113801001229506,-10.025620049056347,-10.17437760546702,0.18419831580102483,76,-14.218870776247602,-14.656641502018598,-15.073411573761222,-13.965423070961416,-14.178750056682803,-14.418619395934329,0.39704685846301485,94,-0.41407429779522803,-0.3802603693611868,-0.4232628398791541,-0.3838505573968063,-0.4318866787221218,-0.4066669486308994,0.020900824632129233,41,0.9614513693177674,-1.3617865578247228,1.4001175362728495,-1.179842373582969,0.6200956154398436,0.08800711792455373,1.138156475602239,19,-13.240719328117274,-11.645408664882808,-14.069734318617902,-11.637287553045077,-12.324663145428598,-12.583562602018333,0.9469064938601143,96,10.17437760546702,14.418619395934329,0.4066669486308994,12.583562602018333,0.08800711792455373,n1000__squared_error__boostrap_true__samples_1.0
94.51026139259338,31.92531880832891,25.634157180786133,3.843377661675043,True,squared_error,20,1.0,1.0,1,2,1000,"{'bootstrap': True, 'criterion': 'squared_error', 'max_depth': 20, 'max_features': 1.0, 'max_samples': 1.0, 'min_samples_leaf': 1, 'min_samples_split': 2, 'n_estimators': 1000}",-9.894152437843545,-10.151185585894,-10.416054303203099,-10.062289528320166,-10.013537708288446,-10.10744391270985,0.17521658254995973,24,-14.048155752120916,-14.66633398105751,-14.930393584488122,-13.897327569829846,-14.173060831916937,-14.343054343882667,0.3908995876201285,3,-0.4098459679855029,-0.3838934302149561,-0.4280966767371601,-0.3841518529677614,-0.43309222423146476,-0.40781603042736914,0.02091217506725551,80,0.8772999810507739,-1.2580113151903267,1.3464514513810935,-1.1606717609402921,0.5332419568354766,0.06766206262734502,1.0745970765271855,60,-13.14085444324211,-11.582868539485109,-13.738141865798756,-11.586066419581883,-12.176136022575216,-12.444813458136615,0.8613657186593906,4,10.10744391270985,14.343054343882667,0.40781603042736914,12.444813458136615,0.06766206262734502,n1000__squared_error__boostrap_true__samples_1.0
60.290232276916505,15.097963511097218,32.37536859512329,12.506491779392867,True,squared_error,20,1.0,1.0,1,4,1000,"{'bootstrap': True, 'criterion': 'squared_error', 'max_depth': 20, 'max_features': 1.0, 'max_samples': 1.0, 'min_samples_leaf': 1, 'min_samples_split': 4, 'n_estimators': 1000}",-9.921442715499884,-10.136472980767698,-10.443366220762215,-10.084685238415586,-10.020737020612666,-10.121340835211608,0.1762687432988397,38,-14.084191432782086,-14.669635430133928,-14.96982663447594,-13.92777954480564,-14.159432810625958,-14.362173170564711,0.39264515671317746,23,-0.4083358501963153,-0.3838934302149561,-0.42749244712990936,-0.3856583308225369,-0.432790837854129,-0.4076341792435693,0.020367924274621647,74,0.8608595951170277,-1.2377670148604056,1.3120879847753713,-1.1788550114026661,0.5250664120703217,0.05627839313992977,1.0624762484587509,68,-13.202737777534246,-11.590073267110327,-13.749312162660571,-11.546269735724954,-12.183487391936685,-12.454376066993358,0.8811313017609688,7,10.121340835211608,14.362173170564711,0.4076341792435693,12.454376066993358,0.05627839313992977,n1000__squared_error__boostrap_true__samples_1.0
84.08877415657044,36.179773996141435,30.321254301071168,13.119087887615773,True,squared_error,20,1.0,1.0,1,8,1000,"{'bootstrap': True, 'criterion': 'squared_error', 'max_depth': 20, 'max_features': 1.0, 'max_samples': 1.0, 'min_samples_leaf': 1, 'min_samples_split': 8, 'n_estimators': 1000}",-9.951661149421783,-10.189782669281715,-10.490474258805898,-10.121378296101076,-10.002881925002159,-10.151235659722527,0.18936682760382886,59,-14.10416629597444,-14.706789457741488,-15.025511285406193,-13.965396075126288,-14.134208055128653,-14.387214233875415,0.4078260095644885,57,-0.4089398973119903,-0.3848016954283984,-0.42658610271903324,-0.3841518529677614,-0.4306811332127788,-0.4070321363279924,0.01981399544001896,52,0.8299512978336059,-1.2947291294104282,1.275103520824142,-1.2364222711164312,0.5037720261342892,0.015535088853035516,1.074462773299987,88,-13.182392471514989,-11.557970826984604,-13.790390386181103,-11.564380018401582,-12.197717918079334,-12.458570324232323,0.8917805687035868,10,10.151235659722527,14.387214233875415,0.4070321363279924,12.458570324232323,0.015535088853035516,n1000__squared_error__boostrap_true__samples_1.0
83.11503171920776,10.149963244257275,27.80631079673767,7.220152854861915,True,squared_error,20,1.0,1.0,2,2,1000,"{'bootstrap': True, 'criterion': 'squared_error', 'max_depth': 20, 'max_features': 1.0, 'max_samples': 1.0, 'min_samples_leaf': 2, 'min_samples_split': 2, 'n_estimators': 1000}",-9.851545149985183,-10.098828701586337,-10.395354446277345,-10.025152888793313,-9.978667449288107,-10.069909727186058,0.1815279530539629,3,-14.05489524571972,-14.671752549226458,-14.953549911532315,-13.896014504890536,-14.168788303071183,-14.349000102888045,0.3984518853125552,6,-0.41165810933252794,-0.38207689978807147,-0.4259818731117825,-0.3811388972582103,-0.4318866787221218,-0.40654849164254275,0.021402310751013166,38,0.9136698831574382,-1.204849700198741,1.3671069419441253,-1.143635067863263,0.597852587656881,0.10602892893928809,1.0737369382045414,2,-13.075431758890396,-11.638990745476715,-13.80629333156492,-11.651287607773453,-12.244554599645316,-12.48331160867016,0.8441603495617168,31,10.069909727186058,14.349000102888045,0.40654849164254275,12.48331160867016,0.10602892893928809,n1000__squared_error__boostrap_true__samples_1.0
59.77781863212586,23.220359164228483,26.84783978462219,10.385236981596554,True,squared_error,20,1.0,1.0,2,4,1000,"{'bootstrap': True, 'criterion': 'squared_error', 'max_depth': 20, 'max_features': 1.0, 'max_samples': 1.0, 'min_samples_leaf': 2, 'min_samples_split': 4, 'n_estimators': 1000}",-9.851545149985183,-10.098828701586337,-10.395354446277345,-10.025152888793313,-9.978667449288107,-10.069909727186058,0.1815279530539629,3,-14.05489524571972,-14.671752549226458,-14.953549911532315,-13.896014504890536,-14.168788303071185,-14.349000102888045,0.39845188531255504,6,-0.41165810933252794,-0.38207689978807147,-0.4259818731117825,-0.3811388972582103,-0.4318866787221218,-0.40654849164254275,0.021402310751013166,38,0.9136698831574382,-1.2048497001987406,1.3671069419441253,-1.1436350678632627,0.5978525876568821,0.10602892893928843,1.0737369382045414,1,-13.075431758890396,-11.638990745476715,-13.80629333156492,-11.651287607773453,-12.244554599645316,-12.48331160867016,0.8441603495617168,31,10.069909727186058,14.349000102888045,0.40654849164254275,12.48331160867016,0.10602892893928843,n1000__squared_error__boostrap_true__samples_1.0
59.40382661819458,12.173102338866432,31.373717403411867,8.356461684729554,True,squared_error,20,1.0,1.0,2,8,1000,"{'bootstrap': True, 'criterion': 'squared_error', 'max_depth': 20, 'max_features': 1.0, 'max_samples': 1.0, 'min_samples_leaf': 2, 'min_samples_split': 8, 'n_estimators': 1000}",-9.88498994795502,-10.157819522662399,-10.431878533543196,-10.070976552203199,-9.973959179592512,-10.103924747191266,0.1878123592506652,21,-14.066673853052848,-14.701225103189623,-14.988786806325523,-13.944819190024988,-14.176032266301828,-14.375507443778961,0.4007154789347279,41,-0.40863787375415284,-0.3814713896457766,-0.42507552870090637,-0.38354926182585114,-0.4333936106088005,-0.4064255329070975,0.02109989125349666,34,0.876299233231247,-1.240197088169844,1.344650553764105,-1.189927401747782,0.5460926969121702,0.0673835987979792,1.0775449859306057,61,-13.167268469662872,-11.688455119495599,-13.852278350741708,-11.577455667856063,-12.136833145425085,-12.484458150636266,0.8847914449392426,33,10.103924747191266,14.375507443778961,0.4064255329070975,12.484458150636266,0.0673835987979792,n1000__squared_error__boostrap_true__samples_1.0
71.53570384979248,21.616636090411834,32.1270227432251,9.325066228423358,True,squared_error,20,1.0,1.0,3,2,1000,"{'bootstrap': True, 'criterion': 'squared_error', 'max_depth': 20, 'max_features': 1.0, 'max_samples': 1.0, 'min_samples_leaf': 3, 'min_samples_split': 2, 'n_estimators': 1000}",-9.885036208142015,-10.132712270377482,-10.396657780914335,-10.024571044958426,-9.958977110383675,-10.079590882955188,0.17820195609582284,9,-14.090722205738187,-14.684305225076223,-14.968800195295936,-13.90710512996648,-14.153198396610676,-14.360826230537501,0.39904870391198743,17,-0.4089398973119903,-0.3796548592188919,-0.4244712990936556,-0.3844531485387165,-0.43128390596745025,-0.4057606220261409,0.02072271473037436,17,0.9214102624670857,-1.2427235554262241,1.3682269648259457,-1.161697814171368,0.5848095145880222,0.09400507445669229,1.0874523386294086,4,-13.212756375253594,-11.707987530097293,-13.858280607971645,-11.526597277814359,-12.223719085134901,-12.50586817525436,0.8948635023299234,51,10.079590882955188,14.360826230537501,0.4057606220261409,12.50586817525436,0.09400507445669229,n1000__squared_error__boostrap_true__samples_1.0
48.2001145362854,10.92745801759818,31.352319717407227,15.53729277065413,True,squared_error,20,1.0,1.0,3,4,1000,"{'bootstrap': True, 'criterion': 'squared_error', 'max_depth': 20, 'max_features': 1.0, 'max_samples': 1.0, 'min_samples_leaf': 3, 'min_samples_split': 4, 'n_estimators': 1000}",-9.885036208142015,-10.132712270377482,-10.396657780914333,-10.024571044958426,-9.958977110383675,-10.079590882955188,0.1782019560958222,9,-14.090722205738187,-14.684305225076224,-14.968800195295938,-13.907105129966482,-14.153198396610676,-14.360826230537501,0.3990487039119878,17,-0.4089398973119903,-0.3796548592188919,-0.4244712990936556,-0.3844531485387165,-0.43128390596745025,-0.4057606220261409,0.02072271473037436,17,0.9214102624670859,-1.2427235554262224,1.3682269648259457,-1.1616978141713676,0.5848095145880228,0.09400507445669289,1.0874523386294082,3,-13.212756375253594,-11.707987530097293,-13.858280607971649,-11.526597277814359,-12.223719085134901,-12.50586817525436,0.8948635023299244,51,10.079590882955188,14.360826230537501,0.4057606220261409,12.50586817525436,0.09400507445669289,n1000__squared_error__boostrap_true__samples_1.0
52.730424451828,19.953069456971924,32.62371635437012,18.9435629787069,True,squared_error,20,1.0,1.0,3,8,1000,"{'bootstrap': True, 'criterion': 'squared_error', 'max_depth': 20, 'max_features': 1.0, 'max_samples': 1.0, 'min_samples_leaf': 3, 'min_samples_split': 8, 'n_estimators': 1000}",-9.900815796196923,-10.15273150486485,-10.4199217838217,-10.050413543733704,-9.973698733948586,-10.099516272513153,0.18067349717292086,20,-14.112479368909398,-14.680743407186108,-14.985002361796198,-13.931890793992894,-14.177204175496659,-14.377464021476252,0.3924124345157645,45,-0.4113560857746904,-0.38086587950348166,-0.42507552870090637,-0.3820427839710756,-0.4318866787221218,-0.40624539133445514,0.021298144115214464,30,0.9097183871554162,-1.2832431210790425,1.3306579206030063,-1.1657195380760865,0.5797811967974369,0.07423896908014607,1.0874228348117974,50,-13.14011699011733,-11.643847429111496,-13.821755089426357,-11.627878314186763,-12.217880813054885,-12.490295727179365,0.8636550362330728,38,10.099516272513153,14.377464021476252,0.40624539133445514,12.490295727179365,0.07423896908014607,n1000__squared_error__boostrap_true__samples_1.0
50.91431560516357,20.448323768905563,34.05820689201355,21.612621561887373,True,squared_error,20,1.0,1.0,4,2,1000,"{'bootstrap': True, 'criterion': 'squared_error', 'max_depth': 20, 'max_features': 1.0, 'max_samples': 1.0, 'min_samples_leaf': 4, 'min_samples_split': 2, 'n_estimators': 1000}",-9.943498869618193,-10.148649583785211,-10.440597908952089,-10.059255939922057,-9.985630176408861,-10.115526495737281,0.17686237362779983,26,-14.158525913951062,-14.692041891565868,-15.012528004110008,-13.946919591212245,-14.19851759629393,-14.401706599426623,0.3910629642152196,73,-0.4104500151011779,-0.38116863457462913,-0.4241691842900302,-0.3838505573968063,-0.43128390596745025,-0.4061844594660188,0.02047545937547734,25,0.9405530277211156,-1.2732179047908267,1.35145070265805,-1.1572930856535193,0.5824264418881412,0.08878383636459215,1.0928200063198046,13,-13.258681321593247,-11.642395089641958,-13.900171262261239,-11.595610170061729,-12.251855995635726,-12.52974276783878,0.9106740738454221,71,10.115526495737281,14.401706599426623,0.4061844594660188,12.52974276783878,0.08878383636459215,n1000__squared_error__boostrap_true__samples_1.0
65.78155546188354,14.934469166711855,38.18357982635498,3.750992109341701,True,squared_error,20,1.0,1.0,4,4,1000,"{'bootstrap': True, 'criterion': 'squared_error', 'max_depth': 20, 'max_features': 1.0, 'max_samples': 1.0, 'min_samples_leaf': 4, 'min_samples_split': 4, 'n_estimators': 1000}",-9.943498869618193,-10.148649583785211,-10.440597908952089,-10.05925593992206,-9.985630176408861,-10.115526495737281,0.1768623736277996,26,-14.158525913951062,-14.69204189156587,-15.01252800411001,-13.946919591212245,-14.198517596293932,-14.401706599426623,0.3910629642152202,73,-0.4104500151011779,-0.38116863457462913,-0.4241691842900302,-0.3838505573968063,-0.43128390596745025,-0.4061844594660188,0.02047545937547734,25,0.9405530277211163,-1.2732179047908252,1.351450702658049,-1.157293085653519,0.5824264418881414,0.08878383636459246,1.092820006319804,12,-13.258681321593247,-11.642395089641958,-13.900171262261239,-11.59561017006173,-12.25185599563573,-12.529742767838782,0.9106740738454214,73,10.115526495737281,14.401706599426623,0.4061844594660188,12.529742767838782,0.08878383636459246,n1000__squared_error__boostrap_true__samples_1.0
70.31497569084168,15.507902578900538,27.284796380996703,9.278686510685198,True,squared_error,20,1.0,1.0,4,8,1000,"{'bootstrap': True, 'criterion': 'squared_error', 'max_depth': 20, 'max_features': 1.0, 'max_samples': 1.0, 'min_samples_leaf': 4, 'min_samples_split': 8, 'n_estimators': 1000}",-9.94349886961819,-10.148649583785211,-10.440597908952089,-10.05925593992206,-9.985630176408861,-10.115526495737281,0.17686237362779994,26,-14.158525913951063,-14.69204189156587,-15.01252800411001,-13.946919591212245,-14.198517596293929,-14.401706599426623,0.3910629642152203,73,-0.4104500151011779,-0.38116863457462913,-0.4241691842900302,-0.3838505573968063,-0.43128390596745025,-0.4061844594660188,0.02047545937547734,25,0.9405530277211158,-1.2732179047908263,1.351450702658049,-1.1572930856535193,0.5824264418881412,0.08878383636459206,1.0928200063198041,14,-13.258681321593247,-11.642395089641958,-13.900171262261239,-11.595610170061729,-12.251855995635726,-12.52974276783878,0.9106740738454221,71,10.115526495737281,14.401706599426623,0.4061844594660188,12.52974276783878,0.08878383636459206,n1000__squared_error__boostrap_true__samples_1.0
51.11028981208801,17.204959713149666,41.24072575569153,8.791526937447193,True,squared_error,22,0.875,1.0,1,2,1000,"{'bootstrap': True, 'criterion': 'squared_error', 'max_depth': 22, 'max_features': 0.875, 'max_samples': 1.0, 'min_samples_leaf': 1, 'min_samples_split': 2, 'n_estimators': 1000}",-10.001958570421742,-10.248011699735658,-10.498834560724964,-10.150186242274943,-10.04288677576955,-10.18837556978537,0.1773797985241239,90,-14.153429349868976,-14.65811941381401,-14.980388519538721,-13.965751573883628,-14.145763327473613,-14.38069043691579,0.3783165965207957,47,-0.4098459679855029,-0.38419618528610355,-0.4268882175226586,-0.3856583308225369,-0.4333936106088005,-0.4079964624451205,0.02035082078313009,88,0.846163055881612,-1.3244725417653207,1.3562583683577532,-1.2174536922825816,0.5566468819401562,0.043428414426323815,1.1038365187742158,76,-13.234388616319235,-11.613258407713168,-13.885476856073529,-11.581148177119001,-12.228530137788875,-12.508560439002762,0.9124474300371631,57,10.18837556978537,14.38069043691579,0.4079964624451205,12.508560439002762,0.043428414426323815,n1000__squared_error__boostrap_true__samples_1.0
61.51456179618835,25.21900554567908,44.141937780380246,6.967276620070978,True,squared_error,22,0.875,1.0,1,4,1000,"{'bootstrap': True, 'criterion': 'squared_error', 'max_depth': 22, 'max_features': 0.875, 'max_samples': 1.0, 'min_samples_leaf': 1, 'min_samples_split': 4, 'n_estimators': 1000}",-9.996963296148493,-10.219331313233765,-10.504199897715546,-10.161104323519274,-10.053726048773727,-10.187064975878162,0.17675267961954727,89,-14.148512909402143,-14.66152581842419,-15.016096359587284,-13.95628551865618,-14.150180900858832,-14.386520301385726,0.3923263556308145,56,-0.41165810933252794,-0.38570996064184077,-0.4259818731117825,-0.3853570352515818,-0.43399638336347196,-0.408540672340241,0.020102883110471807,93,0.8483334275675721,-1.3295631040542457,1.33625194160869,-1.2395428932971593,0.539492678925923,0.030994410150156027,1.1041460565594825,81,-13.172698992011702,-11.523902823751945,-13.897835314951497,-11.575708517164657,-12.204270742537306,-12.474883278083421,0.9271299250289311,22,10.187064975878162,14.386520301385726,0.408540672340241,12.474883278083421,0.030994410150156027,n1000__squared_error__boostrap_true__samples_1.0
62.08985137939453,6.706758102188582,34.13233804702759,9.576585937262605,True,squared_error,22,0.875,1.0,1,8,1000,"{'bootstrap': True, 'criterion': 'squared_error', 'max_depth': 22, 'max_features': 0.875, 'max_samples': 1.0, 'min_samples_leaf': 1, 'min_samples_split': 8, 'n_estimators': 1000}",-10.010329466987285,-10.237765317491334,-10.536432765750614,-10.19518531334357,-10.083062237646748,-10.21255502024391,0.18083009427322472,94,-14.148379265955537,-14.634839138349923,-15.03036729588233,-14.00237339901714,-14.194134411153154,-14.402018702071615,0.3784950517801208,76,-0.4113560857746904,-0.3823796548592189,-0.42779456193353477,-0.38354926182585114,-0.4345991561181435,-0.40793574410228767,0.021747749945024503,86,0.8395807674087221,-1.3740689542366855,1.3061893393226705,-1.2793281975856259,0.49353587079937783,-0.0028182348583081994,1.1116933504186048,92,-13.187978262145805,-11.590177786156016,-13.841482756988901,-11.622831801728443,-12.168222095639473,-12.482138540531727,0.8920282511778225,30,10.21255502024391,14.402018702071615,0.40793574410228767,12.482138540531727,-0.0028182348583081994,n1000__squared_error__boostrap_true__samples_1.0
51.967893552780154,23.62141524352432,37.847425079345705,8.483363041171078,True,squared_error,22,0.875,1.0,2,2,1000,"{'bootstrap': True, 'criterion': 'squared_error', 'max_depth': 22, 'max_features': 0.875, 'max_samples': 1.0, 'min_samples_leaf': 2, 'min_samples_split': 2, 'n_estimators': 1000}",-9.93380434004533,-10.182321842340917,-10.455072913119606,-10.091063030340182,-10.018443822565201,-10.136141189682247,0.17926238216181892,50,-14.123739614063325,-14.625627105176589,-15.01125574465668,-13.929158502735596,-14.158737810455225,-14.369703755417484,0.3939976711289411,35,-0.4107520386590154,-0.38207689978807147,-0.4268882175226586,-0.3844531485387165,-0.43248945147679324,-0.407331951197051,0.02092033271207714,59,0.9037944492447739,-1.3434481171654309,1.3910678908782699,-1.198316800305785,0.6003112484663696,0.07068173422363952,1.124999941173293,55,-13.192385879168945,-11.566877937501832,-13.874991529098715,-11.565448564844893,-12.276316838216989,-12.495204149766275,0.9125812002452169,41,10.136141189682247,14.369703755417484,0.407331951197051,12.495204149766275,0.07068173422363952,n1000__squared_error__boostrap_true__samples_1.0
45.85824341773987,16.40838559772538,34.744851446151735,8.751905746018497,True,squared_error,22,0.875,1.0,2,4,1000,"{'bootstrap': True, 'criterion': 'squared_error', 'max_depth': 22, 'max_features': 0.875, 'max_samples': 1.0, 'min_samples_leaf': 2, 'min_samples_split': 4, 'n_estimators': 1000}",-9.93380434004533,-10.182321842340915,-10.455072913119606,-10.091063030340182,-10.018443822565201,-10.136141189682247,0.1792623821618188,50,-14.123739614063325,-14.625627105176589,-15.01125574465668,-13.929158502735598,-14.158737810455225,-14.369703755417484,0.3939976711289407,35,-0.4107520386590154,-0.38207689978807147,-0.4268882175226586,-0.3844531485387165,-0.43248945147679324,-0.407331951197051,0.02092033271207714,59,0.9037944492447741,-1.3434481171654298,1.3910678908782699,-1.1983168003057851,0.6003112484663705,0.07068173422363992,1.124999941173293,54,-13.192385879168945,-11.566877937501832,-13.874991529098715,-11.565448564844893,-12.276316838216989,-12.495204149766275,0.9125812002452169,41,10.136141189682247,14.369703755417484,0.407331951197051,12.495204149766275,0.07068173422363992,n1000__squared_error__boostrap_true__samples_1.0
49.33107361793518,17.19060122792924,34.62885046005249,7.570826862259697,True,squared_error,22,0.875,1.0,2,8,1000,"{'bootstrap': True, 'criterion': 'squared_error', 'max_depth': 22, 'max_features': 0.875, 'max_samples': 1.0, 'min_samples_leaf': 2, 'min_samples_split': 8, 'n_estimators': 1000}",-9.963366700829358,-10.203369124976538,-10.494112488057668,-10.130290645635165,-10.034721581993926,-10.165172108298531,0.18364109793489508,70,-14.145129340635254,-14.650870287145738,-15.023586718785038,-13.962875552265091,-14.16697566402384,-14.389887512570994,0.39028762772533965,59,-0.4110540622168529,-0.38116863457462913,-0.42779456193353477,-0.38324796625489604,-0.43309222423146476,-0.4072714898422755,0.021728798424699297,55,0.9059000253124234,-1.3692354389175907,1.3518748063783281,-1.221744792349609,0.5790014691170315,0.049159213908116686,1.1259525684931926,71,-13.221213126471506,-11.588222225993928,-13.84541594088388,-11.622430694596996,-12.253421393036243,-12.50614067619651,0.8935738909153148,53,10.165172108298531,14.389887512570994,0.4072714898422755,12.50614067619651,0.049159213908116686,n1000__squared_error__boostrap_true__samples_1.0
40.05113325119019,9.269951916561718,24.19089789390564,6.0620516601671275,True,squared_error,22,0.875,1.0,3,2,1000,"{'bootstrap': True, 'criterion': 'squared_error', 'max_depth': 22, 'max_features': 0.875, 'max_samples': 1.0, 'min_samples_leaf': 3, 'min_samples_split': 2, 'n_estimators': 1000}",-9.961377782445375,-10.19498684738269,-10.467809432941747,-10.105534803693693,-10.00680006920146,-10.147301787132992,0.17947254116398928,57,-14.164069118034307,-14.630137696064892,-15.026628023040189,-13.938433765732006,-14.149503543703918,-14.381754429315063,0.39380624130644715,50,-0.41316822712171547,-0.3832879200726612,-0.42749244712990936,-0.38264537511298585,-0.43248945147679324,-0.407816684182813,0.021259234108407483,81,0.950085722762286,-1.3421221176244282,1.3955929433453858,-1.1948091704450325,0.5794077962312665,0.07763103485389547,1.1300251132589523,44,-13.204625608824035,-11.548583018322095,-13.875569563784596,-11.64358203809146,-12.238689093207592,-12.502209864445955,0.9050518045316726,46,10.147301787132992,14.381754429315063,0.407816684182813,12.502209864445955,0.07763103485389547,n1000__squared_error__boostrap_true__samples_1.0
63.177448415756224,17.466578473501627,29.38783359527588,10.876995530454918,True,squared_error,22,0.875,1.0,3,4,1000,"{'bootstrap': True, 'criterion': 'squared_error', 'max_depth': 22, 'max_features': 0.875, 'max_samples': 1.0, 'min_samples_leaf': 3, 'min_samples_split': 4, 'n_estimators': 1000}",-9.961377782445375,-10.194986847382692,-10.467809432941747,-10.105534803693692,-10.006800069201459,-10.147301787132994,0.17947254116398975,58,-14.164069118034307,-14.630137696064892,-15.026628023040189,-13.938433765732006,-14.149503543703917,-14.381754429315063,0.39380624130644737,50,-0.41316822712171547,-0.3832879200726612,-0.42749244712990936,-0.38264537511298585,-0.43248945147679324,-0.407816684182813,0.021259234108407483,81,0.950085722762286,-1.3421221176244282,1.395592943345386,-1.1948091704450328,0.5794077962312674,0.07763103485389569,1.1300251132589523,43,-13.204625608824035,-11.548583018322095,-13.875569563784596,-11.64358203809146,-12.238689093207592,-12.502209864445955,0.9050518045316726,46,10.147301787132994,14.381754429315063,0.407816684182813,12.502209864445955,0.07763103485389569,n1000__squared_error__boostrap_true__samples_1.0
46.381034469604494,14.466342148393098,30.75927119255066,9.333473730986915,True,squared_error,22,0.875,1.0,3,8,1000,"{'bootstrap': True, 'criterion': 'squared_error', 'max_depth': 22, 'max_features': 0.875, 'max_samples': 1.0, 'min_samples_leaf': 3, 'min_samples_split': 8, 'n_estimators': 1000}",-9.9727669645976,-10.205728437678248,-10.488333217167314,-10.122620125981037,-10.011531689049148,-10.16019608689467,0.1835156141268909,64,-14.19407355127178,-14.640248569875654,-15.030960913546956,-13.975091873238046,-14.150343721271465,-14.398143725840779,0.384992129001434,65,-0.4110540622168529,-0.3832879200726612,-0.4259818731117825,-0.3844531485387165,-0.4342977697408077,-0.4078149547361642,0.020924710986294576,79,0.9389415541454157,-1.322759202642772,1.3840730082058457,-1.2107362541526272,0.5944006883124591,0.07678395877366424,1.1257599047827394,45,-13.272838686832522,-11.58785441679391,-13.935342058859987,-11.59033799788342,-12.210438455269188,-12.519362323127805,0.9379714681435608,63,10.16019608689467,14.398143725840779,0.4078149547361642,12.519362323127805,0.07678395877366424,n1000__squared_error__boostrap_true__samples_1.0
47.08453178405762,14.609148614342153,17.967692804336547,4.062788684772788,True,squared_error,22,0.875,1.0,4,2,1000,"{'bootstrap': True, 'criterion': 'squared_error', 'max_depth': 22, 'max_features': 0.875, 'max_samples': 1.0, 'min_samples_leaf': 4, 'min_samples_split': 2, 'n_estimators': 1000}",-10.01548026517071,-10.228391315121591,-10.49037863807442,-10.101335413417937,-10.036192925992836,-10.174355711555497,0.17461538492173806,73,-14.220143639640192,-14.657982765224835,-15.042119463519734,-13.96179467785823,-14.204955712040727,-14.417399251656743,0.3846487571209974,88,-0.4137722742373905,-0.38207689978807147,-0.42356495468277944,-0.3853570352515818,-0.43248945147679324,-0.4074521230873233,0.02029054129106174,61,0.9553364510244627,-1.3649499089712913,1.3848312445254525,-1.182148166411918,0.6191254098581052,0.0824390060049622,1.1349293525500397,32,-13.25707085668694,-11.599028115893205,-14.01816858466675,-11.572628019082478,-12.318587539495965,-12.553096623165068,0.955884457905247,89,10.174355711555497,14.417399251656743,0.4074521230873233,12.553096623165068,0.0824390060049622,n1000__squared_error__boostrap_true__samples_1.0
40.35641760826111,28.097186035191367,16.22148742675781,4.908182408806285,True,squared_error,22,0.875,1.0,4,4,1000,"{'bootstrap': True, 'criterion': 'squared_error', 'max_depth': 22, 'max_features': 0.875, 'max_samples': 1.0, 'min_samples_leaf': 4, 'min_samples_split': 4, 'n_estimators': 1000}",-10.01548026517071,-10.228391315121595,-10.49037863807442,-10.101335413417937,-10.036192925992836,-10.1743557115555,0.17461538492173828,74,-14.220143639640192,-14.657982765224835,-15.042119463519732,-13.96179467785823,-14.204955712040727,-14.417399251656743,0.38464875712099683,88,-0.4137722742373905,-0.38207689978807147,-0.42356495468277944,-0.3853570352515818,-0.43248945147679324,-0.4074521230873233,0.02029054129106174,61,0.9553364510244634,-1.3649499089712902,1.3848312445254525,-1.182148166411917,0.6191254098581049,0.08243900600496275,1.134929352550039,31,-13.25707085668694,-11.599028115893205,-14.01816858466675,-11.572628019082478,-12.318587539495965,-12.553096623165068,0.955884457905247,89,10.1743557115555,14.417399251656743,0.4074521230873233,12.553096623165068,0.08243900600496275,n1000__squared_error__boostrap_true__samples_1.0
68.63359189033508,21.06398215858698,12.430601692199707,4.56494769668891,True,squared_error,22,0.875,1.0,4,8,1000,"{'bootstrap': True, 'criterion': 'squared_error', 'max_depth': 22, 'max_features': 0.875, 'max_samples': 1.0, 'min_samples_leaf': 4, 'min_samples_split': 8, 'n_estimators': 1000}",-10.01548026517071,-10.228391315121595,-10.49037863807442,-10.101335413417935,-10.036192925992836,-10.1743557115555,0.17461538492173842,74,-14.220143639640192,-14.657982765224835,-15.042119463519732,-13.96179467785823,-14.204955712040727,-14.417399251656743,0.38464875712099683,88,-0.4137722742373905,-0.38207689978807147,-0.42356495468277944,-0.3853570352515818,-0.43248945147679324,-0.4074521230873233,0.02029054129106174,61,0.9553364510244635,-1.3649499089712906,1.384831244525453,-1.1821481664119173,0.6191254098581055,0.08243900600496279,1.1349293525500397,30,-13.25707085668694,-11.599028115893205,-14.018168584666752,-11.572628019082476,-12.318587539495965,-12.553096623165066,0.9558844579052479,88,10.1743557115555,14.417399251656743,0.4074521230873233,12.553096623165066,0.08243900600496279,n1000__squared_error__boostrap_true__samples_1.0
84.87599768638611,9.484021535254008,10.512792587280273,3.306550696559801,True,squared_error,22,1.0,1.0,1,2,1000,"{'bootstrap': True, 'criterion': 'squared_error', 'max_depth': 22, 'max_features': 1.0, 'max_samples': 1.0, 'min_samples_leaf': 1, 'min_samples_split': 2, 'n_estimators': 1000}",-9.900637083411263,-10.166848380970722,-10.439540552339,-10.07897606510458,-10.023119416120842,-10.121824299589282,0.1808165893855546,39,-14.051239197974922,-14.682783615410512,-14.954439532326559,-13.908704137996855,-14.18340939544164,-14.356115175830098,0.39690240367691454,11,-0.4107520386590154,-0.38268240993036634,-0.4226586102719033,-0.3847544441096716,-0.43248945147679324,-0.40666739088955,0.01997317604136407,44,0.8506787062261053,-1.2481390806237564,1.3017852232223739,-1.1755866611565706,0.5119548813282131,0.04813861379927305,1.0591190075642514,73,-13.087355360106368,-11.652886399939094,-13.889845717336723,-11.57022295681419,-12.17957369997769,-12.475976826834813,0.8897788138621612,23,10.121824299589282,14.356115175830098,0.40666739088955,12.475976826834813,0.04813861379927305,n1000__squared_error__boostrap_true__samples_1.0
84.57269234657288,6.957561647084422,5.803565788269043,1.9193650028846638,True,squared_error,22,1.0,1.0,1,4,1000,"{'bootstrap': True, 'criterion': 'squared_error', 'max_depth': 22, 'max_features': 1.0, 'max_samples': 1.0, 'min_samples_leaf': 1, 'min_samples_split': 4, 'n_estimators': 1000}",-9.899045474005206,-10.160585119485683,-10.455842626237862,-10.104998846506454,-10.012011660887303,-10.1264967454245,0.18704748143960528,46,-14.048300457700467,-14.675624006344746,-14.975860325764707,-13.949227224767942,-14.141390641615429,-14.35808053123866,0.3981369014661639,14,-0.40954394442766534,-0.3832879200726612,-0.42507552870090637,-0.38324796625489604,-0.4321880650994575,-0.40666868491111724,0.02046219933238508,46,0.8378216871827259,-1.2615075083718499,1.2878036755027091,-1.193271046818987,0.5104691219785688,0.03626318589463336,1.0611017012750907,77,-13.108321228131727,-11.608867831559632,-13.813599594442536,-11.626581983947608,-12.173497642102152,-12.46617365603673,0.866424476280843,16,10.1264967454245,14.35808053123866,0.40666868491111724,12.46617365603673,0.03626318589463336,n1000__squared_error__boostrap_true__samples_1.0
72.17974772453309,1.4575730213511997,7.248037719726563,0.8727690363031655,True,squared_error,22,1.0,1.0,1,8,1000,"{'bootstrap': True, 'criterion': 'squared_error', 'max_depth': 22, 'max_features': 1.0, 'max_samples': 1.0, 'min_samples_leaf': 1, 'min_samples_split': 8, 'n_estimators': 1000}",-9.947097498660792,-10.196388418384842,-10.488492431520635,-10.113861135368511,-10.01694640437914,-10.152557177662784,0.18808243812924338,60,-14.08995980579813,-14.700178976901508,-15.007921987331363,-13.932238767250375,-14.156103535021275,-14.377280614460531,0.40780060985030286,44,-0.41165810933252794,-0.38056312443233425,-0.4253776435045317,-0.3847544441096716,-0.432790837854129,-0.4070288318466389,0.021063580278881732,49,0.8152335225920726,-1.2987750270205711,1.2661567910791638,-1.243896188152859,0.4869116120810933,0.005126142115779919,1.0713360392502174,91,-13.071928837625912,-11.690062462878355,-13.816721920030307,-11.526786867583692,-12.135028168041455,-12.448105651231945,0.869912771040354,5,10.152557177662784,14.377280614460531,0.4070288318466389,12.448105651231945,0.005126142115779919,n1000__squared_error__boostrap_true__samples_1.0
77.83385033607483,1.9411760302604033,6.01456618309021,0.3938475198635354,True,squared_error,22,1.0,1.0,2,2,1000,"{'bootstrap': True, 'criterion': 'squared_error', 'max_depth': 22, 'max_features': 1.0, 'max_samples': 1.0, 'min_samples_leaf': 2, 'min_samples_split': 2, 'n_estimators': 1000}",-9.879345687262582,-10.104704111722178,-10.393554527655215,-10.029161730645269,-9.961112976504715,-10.073575806757992,0.1764659688788136,5,-14.067338896455619,-14.660737607651134,-14.941788132454663,-13.907620919927597,-14.152856134417751,-14.34606833818135,0.39016817358133965,4,-0.4098459679855029,-0.3796548592188919,-0.4226586102719033,-0.3838505573968063,-0.43158529234478604,-0.405519057443578,0.020641781279727444,7,0.9059661255029829,-1.2354299627432381,1.334688656266557,-1.159015162629608,0.5577597103360795,0.08079387334655468,1.0724019222658174,36,-13.15776249523463,-11.680706744050015,-13.874369170400668,-11.554166585260589,-12.18631968398665,-12.490664935786508,0.8927870998063013,39,10.073575806757992,14.34606833818135,0.405519057443578,12.490664935786508,0.08079387334655468,n1000__squared_error__boostrap_true__samples_1.0
83.9613516330719,0.7320789098871215,7.077518939971924,0.6791699411120005,True,squared_error,22,1.0,1.0,2,4,1000,"{'bootstrap': True, 'criterion': 'squared_error', 'max_depth': 22, 'max_features': 1.0, 'max_samples': 1.0, 'min_samples_leaf': 2, 'min_samples_split': 4, 'n_estimators': 1000}",-9.879345687262582,-10.104704111722178,-10.393554527655217,-10.029161730645269,-9.961112976504717,-10.073575806757992,0.17646596887881402,5,-14.067338896455619,-14.660737607651134,-14.941788132454663,-13.907620919927597,-14.152856134417751,-14.34606833818135,0.39016817358133965,4,-0.4098459679855029,-0.3796548592188919,-0.4226586102719033,-0.3838505573968063,-0.43158529234478604,-0.405519057443578,0.020641781279727444,7,0.9059661255029833,-1.2354299627432388,1.3346886562665567,-1.1590151626296075,0.5577597103360804,0.08079387334655481,1.0724019222658174,35,-13.15776249523463,-11.680706744050015,-13.874369170400668,-11.55416658526059,-12.18631968398665,-12.490664935786508,0.892787099806301,39,10.073575806757992,14.34606833818135,0.405519057443578,12.490664935786508,0.08079387334655481,n1000__squared_error__boostrap_true__samples_1.0
70.70637321472168,7.7842521033337295,7.297811079025268,1.065338623880265,True,squared_error,22,1.0,1.0,2,8,1000,"{'bootstrap': True, 'criterion': 'squared_error', 'max_depth': 22, 'max_features': 1.0, 'max_samples': 1.0, 'min_samples_leaf': 2, 'min_samples_split': 8, 'n_estimators': 1000}",-9.894173254539977,-10.147478723581042,-10.43386535162542,-10.079280808259796,-9.978785608247028,-10.106716749250653,0.1849224656051528,23,-14.074112459922311,-14.702845135126104,-14.981261271277061,-13.944588294540175,-14.157090650012426,-14.371979562175616,0.39956515845001345,39,-0.4098459679855029,-0.38116863457462913,-0.4229607250755287,-0.38354926182585114,-0.42887281494876434,-0.40527948088205523,0.019716287393774047,6,0.8792014358231574,-1.2425096455816156,1.311619264458412,-1.2115859283896637,0.5759066287337021,0.06252635100879841,1.0786316946070298,67,-13.14319955777168,-11.68114093114857,-13.884840742584815,-11.56004686028632,-12.305154196170792,-12.514876457592434,0.8857076239093502,62,10.106716749250653,14.371979562175616,0.40527948088205523,12.514876457592434,0.06252635100879841,n1000__squared_error__boostrap_true__samples_1.0
63.7933744430542,0.8484898062693306,6.80949592590332,0.5578061446477603,True,squared_error,22,1.0,1.0,3,2,1000,"{'bootstrap': True, 'criterion': 'squared_error', 'max_depth': 22, 'max_features': 1.0, 'max_samples': 1.0, 'min_samples_leaf': 3, 'min_samples_split': 2, 'n_estimators': 1000}",-9.87800097245166,-10.148084282024799,-10.39629185100574,-10.03900949086854,-9.958971177458748,-10.084071554761897,0.17984711370251508,15,-14.094826709310139,-14.700395917559943,-14.962713563770695,-13.90777393659543,-14.16596195821563,-14.366334417090368,0.39784631319706115,28,-0.4089398973119903,-0.381774144716924,-0.4253776435045317,-0.3820427839710756,-0.4309825195901145,-0.40582339781892723,0.020827609903517588,20,0.9229424114474727,-1.2668522196086427,1.3541214516289344,-1.1646040776378472,0.6053067066753591,0.09018285450105526,1.0929241764646394,8,-13.206027896635904,-11.631526368818625,-13.811742908991754,-11.614413078277867,-12.256039866977964,-12.503950023940423,0.8737384078955662,48,10.084071554761897,14.366334417090368,0.40582339781892723,12.503950023940423,0.09018285450105526,n1000__squared_error__boostrap_true__samples_1.0
66.2440821170807,2.0253866118085164,8.063910150527954,2.192321145814397,True,squared_error,22,1.0,1.0,3,4,1000,"{'bootstrap': True, 'criterion': 'squared_error', 'max_depth': 22, 'max_features': 1.0, 'max_samples': 1.0, 'min_samples_leaf': 3, 'min_samples_split': 4, 'n_estimators': 1000}",-9.87800097245166,-10.148084282024799,-10.39629185100574,-10.039009490868539,-9.958971177458748,-10.084071554761897,0.1798471137025152,15,-14.094826709310139,-14.700395917559943,-14.962713563770695,-13.90777393659543,-14.16596195821563,-14.366334417090368,0.39784631319706115,28,-0.4089398973119903,-0.381774144716924,-0.4253776435045317,-0.3820427839710756,-0.4309825195901145,-0.40582339781892723,0.020827609903517588,20,0.9229424114474722,-1.2668522196086427,1.3541214516289348,-1.1646040776378475,0.6053067066753588,0.09018285450105515,1.0929241764646394,9,-13.206027896635904,-11.631526368818623,-13.811742908991754,-11.614413078277865,-12.256039866977964,-12.503950023940423,0.8737384078955669,48,10.084071554761897,14.366334417090368,0.40582339781892723,12.503950023940423,0.09018285450105515,n1000__squared_error__boostrap_true__samples_1.0
63.31989932060242,1.8103638765847752,7.424817991256714,1.5098575424292309,True,squared_error,22,1.0,1.0,3,8,1000,"{'bootstrap': True, 'criterion': 'squared_error', 'max_depth': 22, 'max_features': 1.0, 'max_samples': 1.0, 'min_samples_leaf': 3, 'min_samples_split': 8, 'n_estimators': 1000}",-9.89649177787547,-10.144328612448543,-10.411736609725512,-10.036558557134962,-9.971552773470867,-10.092133666131073,0.17931784452763955,17,-14.096643135052433,-14.684002614783337,-14.959224598746541,-13.916042348832779,-14.156538697146638,-14.362490278912347,0.392904197683812,26,-0.4119601328903654,-0.381774144716924,-0.4256797583081571,-0.38294667068394095,-0.4309825195901145,-0.4066686452379004,0.020799302780089162,45,0.9167387671067422,-1.3077235272802135,1.3314671986377655,-1.156992844446872,0.5575760925596456,0.06821313731541356,1.0908358329785632,59,-13.124122556611475,-11.573079538584853,-13.793472180866733,-11.593736664206045,-12.215262090031203,-12.459934606060063,0.8736296151524887,13,10.092133666131073,14.362490278912347,0.4066686452379004,12.459934606060063,0.06821313731541356,n1000__squared_error__boostrap_true__samples_1.0
66.81305136680604,2.393900799663398,7.517235374450683,1.8319384081445993,True,squared_error,22,1.0,1.0,4,2,1000,"{'bootstrap': True, 'criterion': 'squared_error', 'max_depth': 22, 'max_features': 1.0, 'max_samples': 1.0, 'min_samples_leaf': 4, 'min_samples_split': 2, 'n_estimators': 1000}",-9.928516084376648,-10.170347929789658,-10.44928743998423,-10.061502002564053,-9.978815589216467,-10.11769380918621,0.1849106179103217,35,-14.137455113364476,-14.733706588175332,-15.028264071430929,-13.947532452028327,-14.188191450728485,-14.407029935145511,0.40604144899561667,81,-0.4113560857746904,-0.3787465940054496,-0.4253776435045317,-0.38354926182585114,-0.42917420132610007,-0.40564075728732457,0.02091584488349495,14,0.950537703287928,-1.2731859691536003,1.3693718107194661,-1.1611179255768507,0.5764175529012222,0.09240463443563304,1.0988596401249067,6,-13.223402015769974,-11.745533955228177,-13.891960980052994,-11.60266093932464,-12.29714310588009,-12.552140199251173,0.8789607689242729,84,10.11769380918621,14.407029935145511,0.40564075728732457,12.552140199251173,0.09240463443563304,n1000__squared_error__boostrap_true__samples_1.0
68.39661598205566,0.6650794516933682,8.088689422607422,0.9887808984774765,True,squared_error,22,1.0,1.0,4,4,1000,"{'bootstrap': True, 'criterion': 'squared_error', 'max_depth': 22, 'max_features': 1.0, 'max_samples': 1.0, 'min_samples_leaf': 4, 'min_samples_split': 4, 'n_estimators': 1000}",-9.928516084376648,-10.170347929789658,-10.44928743998423,-10.061502002564053,-9.978815589216467,-10.11769380918621,0.1849106179103217,35,-14.137455113364476,-14.733706588175332,-15.02826407143093,-13.947532452028327,-14.188191450728485,-14.407029935145511,0.4060414489956172,81,-0.4113560857746904,-0.3787465940054496,-0.4253776435045317,-0.38354926182585114,-0.42917420132610007,-0.40564075728732457,0.02091584488349495,14,0.9505377032879277,-1.2731859691536003,1.3693718107194661,-1.1611179255768505,0.5764175529012219,0.09240463443563303,1.0988596401249067,7,-13.223402015769974,-11.745533955228176,-13.891960980052994,-11.602660939324638,-12.29714310588009,-12.552140199251173,0.8789607689242735,84,10.11769380918621,14.407029935145511,0.40564075728732457,12.552140199251173,0.09240463443563303,n1000__squared_error__boostrap_true__samples_1.0
67.29957695007325,0.4909876029082312,7.58626971244812,0.6710371188385554,True,squared_error,22,1.0,1.0,4,8,1000,"{'bootstrap': True, 'criterion': 'squared_error', 'max_depth': 22, 'max_features': 1.0, 'max_samples': 1.0, 'min_samples_leaf': 4, 'min_samples_split': 8, 'n_estimators': 1000}",-9.928516084376648,-10.170347929789656,-10.449287439984227,-10.061502002564053,-9.978815589216467,-10.11769380918621,0.18491061791032037,35,-14.137455113364476,-14.733706588175332,-15.028264071430929,-13.947532452028327,-14.188191450728485,-14.407029935145511,0.40604144899561667,81,-0.4113560857746904,-0.3787465940054496,-0.4253776435045317,-0.38354926182585114,-0.42917420132610007,-0.40564075728732457,0.02091584488349495,14,0.950537703287928,-1.2731859691535985,1.3693718107194663,-1.1611179255768507,0.5764175529012222,0.09240463443563349,1.0988596401249064,5,-13.223402015769974,-11.745533955228176,-13.891960980052994,-11.60266093932464,-12.29714310588009,-12.552140199251173,0.8789607689242732,84,10.11769380918621,14.407029935145511,0.40564075728732457,12.552140199251173,0.09240463443563349,n1000__squared_error__boostrap_true__samples_1.0
92.78508443832398,3.8883493578585706,11.645678329467774,3.9063907263180817,True,squared_error,24,0.875,1.0,1,2,1000,"{'bootstrap': True, 'criterion': 'squared_error', 'max_depth': 24, 'max_features': 0.875, 'max_samples': 1.0, 'min_samples_leaf': 1, 'min_samples_split': 2, 'n_estimators': 1000}",-10.014067859821507,-10.239232904212242,-10.504607646505587,-10.18567079179997,-10.05502206013676,-10.199720252495215,0.1732739667666502,92,-14.161131003722991,-14.688065934153688,-14.995271428999343,-14.007282367689854,-14.156309589301847,-14.401612064773545,0.3762944632105273,72,-0.4110540622168529,-0.3832879200726612,-0.4280966767371601,-0.38354926182585114,-0.43399638336347196,-0.40799686084319947,0.02143614285363557,89,0.8692120412661718,-1.324165955474431,1.3370675671715746,-1.2310439961036463,0.49897947880554155,0.030009827133042132,1.1006036181560408,83,-13.238258542432517,-11.629725960379542,-13.830608665233378,-11.673372480328398,-12.159089272989776,-12.506210984272721,0.8800298060801043,54,10.199720252495215,14.401612064773545,0.40799686084319947,12.506210984272721,0.030009827133042132,n1000__squared_error__boostrap_true__samples_1.0
88.87019319534302,1.7865413444679725,7.9457786083221436,1.6705187284238456,True,squared_error,24,0.875,1.0,1,4,1000,"{'bootstrap': True, 'criterion': 'squared_error', 'max_depth': 24, 'max_features': 0.875, 'max_samples': 1.0, 'min_samples_leaf': 1, 'min_samples_split': 4, 'n_estimators': 1000}",-10.00309303098468,-10.209336072834715,-10.512611098710355,-10.171749499793346,-10.06936974253981,-10.193231888972582,0.17562376492452006,91,-14.149194857851898,-14.607475811358471,-15.018437030689533,-13.970035453167485,-14.17337302821371,-14.383703236256219,0.3803459388204856,54,-0.4098459679855029,-0.3832879200726612,-0.4268882175226586,-0.3844531485387165,-0.4336949969861362,-0.4076340502211351,0.020903955324177253,73,0.8272730274701623,-1.3672577151666847,1.3267986861028653,-1.2425755358661528,0.5089537972147137,0.010638451950980765,1.1060407878409844,90,-13.212727346921143,-11.534512170370261,-13.867107709742308,-11.612824602772085,-12.195579397117967,-12.484550245384753,0.9151709266105942,34,10.193231888972582,14.383703236256219,0.4076340502211351,12.484550245384753,0.010638451950980765,n1000__squared_error__boostrap_true__samples_1.0
82.52897152900695,1.0704071494974203,7.654927349090576,1.699389809595982,True,squared_error,24,0.875,1.0,1,8,1000,"{'bootstrap': True, 'criterion': 'squared_error', 'max_depth': 24, 'max_features': 0.875, 'max_samples': 1.0, 'min_samples_leaf': 1, 'min_samples_split': 8, 'n_estimators': 1000}",-10.033585436818276,-10.232994254763156,-10.536500954614226,-10.187481891043625,-10.08574784208835,-10.215262075865528,0.1755339989764445,95,-14.176444375445195,-14.640318844540026,-15.036178798781167,-13.993398402549193,-14.167760043318852,-14.402820092926884,0.38253737601390503,77,-0.4098459679855029,-0.38207689978807147,-0.42658610271903324,-0.3841518529677614,-0.43309222423146476,-0.40715060953836674,0.021050436810933194,53,0.847491182988149,-1.3970890697694467,1.2962450268560892,-1.2843207567433532,0.4885249932099016,-0.009829724691732022,1.1169604918273548,94,-13.274592736985655,-11.562993195734634,-13.86911798819644,-11.588075217546116,-12.207876571857899,-12.500531142064148,0.9240564074337868,44,10.215262075865528,14.402820092926884,0.40715060953836674,12.500531142064148,-0.009829724691732022,n1000__squared_error__boostrap_true__samples_1.0
76.41945838928223,4.544138766332119,9.123882579803468,1.4844350374645647,True,squared_error,24,0.875,1.0,2,2,1000,"{'bootstrap': True, 'criterion': 'squared_error', 'max_depth': 24, 'max_features': 0.875, 'max_samples': 1.0, 'min_samples_leaf': 2, 'min_samples_split': 2, 'n_estimators': 1000}",-9.921040226734126,-10.176779575784293,-10.437176606371318,-10.095476475039792,-9.999105275536072,-10.12591563189312,0.17801790663283673,43,-14.106447037255668,-14.635365611233915,-14.977497662832073,-13.934325856005797,-14.13257831871587,-14.357242897208664,0.38840694594047026,12,-0.4104500151011779,-0.38268240993036634,-0.429607250755287,-0.3853570352515818,-0.43128390596745025,-0.40787612340117263,0.02082605881472705,84,0.9051377668907544,-1.3324350958181976,1.3688186786796914,-1.2032121185478326,0.585635612962146,0.06478896883331231,1.116962188948215,64,-13.188180771483438,-11.555723820145571,-13.740451615161337,-11.53769562126537,-12.271198556267324,-12.45865007686461,0.8802046608494947,11,10.12591563189312,14.357242897208664,0.40787612340117263,12.45865007686461,0.06478896883331231,n1000__squared_error__boostrap_true__samples_1.0
85.46276550292968,2.480152781806226,7.118717622756958,0.8135224116445142,True,squared_error,24,0.875,1.0,2,4,1000,"{'bootstrap': True, 'criterion': 'squared_error', 'max_depth': 24, 'max_features': 0.875, 'max_samples': 1.0, 'min_samples_leaf': 2, 'min_samples_split': 4, 'n_estimators': 1000}",-9.92104022673413,-10.176779575784293,-10.437176606371318,-10.095476475039792,-9.999105275536072,-10.12591563189312,0.17801790663283593,43,-14.106447037255668,-14.635365611233915,-14.977497662832075,-13.934325856005799,-14.13257831871587,-14.357242897208668,0.3884069459404704,13,-0.4104500151011779,-0.38268240993036634,-0.429607250755287,-0.3853570352515818,-0.43128390596745025,-0.40787612340117263,0.02082605881472705,84,0.9051377668907551,-1.3324350958181976,1.3688186786796914,-1.2032121185478326,0.5856356129621454,0.06478896883331234,1.116962188948215,63,-13.188180771483438,-11.555723820145571,-13.740451615161337,-11.537695621265373,-12.271198556267324,-12.45865007686461,0.880204660849494,11,10.12591563189312,14.357242897208668,0.40787612340117263,12.45865007686461,0.06478896883331234,n1000__squared_error__boostrap_true__samples_1.0
81.90223760604859,0.39901693328982385,5.263157176971435,0.18629783267369965,True,squared_error,24,0.875,1.0,2,8,1000,"{'bootstrap': True, 'criterion': 'squared_error', 'max_depth': 24, 'max_features': 0.875, 'max_samples': 1.0, 'min_samples_leaf': 2, 'min_samples_split': 8, 'n_estimators': 1000}",-9.990248602763641,-10.185260374359453,-10.494228542185866,-10.13416802914623,-10.025954222201277,-10.165971954131294,0.17867265144463956,71,-14.175918161023944,-14.61510982561895,-15.027057915671735,-13.962781677546165,-14.150124596975193,-14.386198435367197,0.38531330105198175,55,-0.41316822712171547,-0.38268240993036634,-0.4283987915407855,-0.38354926182585114,-0.4318866787221218,-0.407937073828168,0.02122354284260386,87,0.8926594059663295,-1.3752227717032992,1.3561839167346357,-1.2514303140795136,0.5590281365665806,0.0362436746969466,1.1313121206434347,78,-13.170068865827826,-11.510899605052721,-13.831052623070118,-11.579656903498202,-12.25435152351422,-12.469205904192616,0.9057202845485823,19,10.165971954131294,14.386198435367197,0.407937073828168,12.469205904192616,0.0362436746969466,n1000__squared_error__boostrap_true__samples_1.0
73.92097096443176,5.42034278730823,8.000927495956422,1.863963671742083,True,squared_error,24,0.875,1.0,3,2,1000,"{'bootstrap': True, 'criterion': 'squared_error', 'max_depth': 24, 'max_features': 0.875, 'max_samples': 1.0, 'min_samples_leaf': 3, 'min_samples_split': 2, 'n_estimators': 1000}",-9.959885127953765,-10.189360279502559,-10.46198039053623,-10.108905981619568,-10.009467045447447,-10.145919765011914,0.17685002025950994,55,-14.159051432815264,-14.61105034201262,-15.013582321092374,-13.950074771353425,-14.151717947252596,-14.377095362905255,0.38484680087953277,42,-0.41316822712171547,-0.38086587950348166,-0.42779456193353477,-0.38234407954203076,-0.4321880650994575,-0.40727216264004407,0.021888059578364896,56,0.9484161503764204,-1.3326795814318217,1.3800535296535181,-1.193703670872667,0.6066358865549573,0.08174446285608142,1.1260195888564561,33,-13.200798805757033,-11.627033523739128,-13.84079529513703,-11.658611690058692,-12.281809458990226,-12.52180975473642,0.8722481907772714,67,10.145919765011914,14.377095362905255,0.40727216264004407,12.52180975473642,0.08174446285608142,n1000__squared_error__boostrap_true__samples_1.0
74.54020667076111,2.1420145793855077,8.147372913360595,0.6289573439945582,True,squared_error,24,0.875,1.0,3,4,1000,"{'bootstrap': True, 'criterion': 'squared_error', 'max_depth': 24, 'max_features': 0.875, 'max_samples': 1.0, 'min_samples_leaf': 3, 'min_samples_split': 4, 'n_estimators': 1000}",-9.959885127953765,-10.18936027950256,-10.46198039053623,-10.108905981619566,-10.009467045447444,-10.145919765011914,0.17685002025951063,55,-14.159051432815266,-14.61105034201262,-15.013582321092374,-13.950074771353425,-14.151717947252596,-14.377095362905255,0.38484680087953255,42,-0.41316822712171547,-0.38086587950348166,-0.42779456193353477,-0.38234407954203076,-0.4321880650994575,-0.40727216264004407,0.021888059578364896,56,0.9484161503764204,-1.3326795814318222,1.3800535296535177,-1.1937036708726672,0.6066358865549573,0.0817444628560812,1.1260195888564561,34,-13.200798805757033,-11.627033523739128,-13.840795295137026,-11.658611690058692,-12.281809458990226,-12.52180975473642,0.8722481907772704,67,10.145919765011914,14.377095362905255,0.40727216264004407,12.52180975473642,0.0817444628560812,n1000__squared_error__boostrap_true__samples_1.0
77.19539179801941,0.3688788136991423,5.6752787113189695,0.22671406642918884,True,squared_error,24,0.875,1.0,3,8,1000,"{'bootstrap': True, 'criterion': 'squared_error', 'max_depth': 24, 'max_features': 0.875, 'max_samples': 1.0, 'min_samples_leaf': 3, 'min_samples_split': 8, 'n_estimators': 1000}",-9.988290688282783,-10.205729907934922,-10.487379581543923,-10.130704322450619,-10.012917153254113,-10.165004330693272,0.1795099365068821,69,-14.195660005867001,-14.648628185646036,-15.025142077260943,-13.975032010480538,-14.155735664386741,-14.400039588728253,0.3833109115573164,68,-0.4104500151011779,-0.38419618528610355,-0.42507552870090637,-0.3847544441096716,-0.43128390596745025,-0.40715201583306193,0.019713440132861384,54,0.9338714830724464,-1.3385670176576925,1.3665706647693745,-1.2176733847681551,0.5923005719640582,0.0673004634760063,1.1262588216805594,62,-13.305106309550096,-11.539889293374976,-13.943345883190128,-11.582752420582652,-12.294937949781234,-12.533206371295817,0.9519596974755808,74,10.165004330693272,14.400039588728253,0.40715201583306193,12.533206371295817,0.0673004634760063,n1000__squared_error__boostrap_true__samples_1.0
71.95256791114807,5.914536682641468,7.37443995475769,2.1401467140499246,True,squared_error,24,0.875,1.0,4,2,1000,"{'bootstrap': True, 'criterion': 'squared_error', 'max_depth': 24, 'max_features': 0.875, 'max_samples': 1.0, 'min_samples_leaf': 4, 'min_samples_split': 2, 'n_estimators': 1000}",-10.008538611130259,-10.228058620425893,-10.485168252932214,-10.112716132989307,-10.041056173528933,-10.175107558201322,0.17236538353662978,79,-14.216717574553467,-14.657747341833682,-15.037303533413317,-13.966816811452418,-14.196283520717571,-14.41497375639409,0.38319941160438165,85,-0.41407429779522803,-0.381774144716924,-0.4241691842900302,-0.3850557396806267,-0.432790837854129,-0.4075728408673876,0.020621578495008227,70,0.9374202989331633,-1.3758185220539143,1.3806549761231555,-1.1874341033543778,0.6234986178341992,0.07566425349644516,1.1356026123196872,47,-13.217385102560172,-11.593556322332532,-13.987134931685636,-11.589597439889802,-12.320679943503784,-12.541670747994385,0.9381000031044864,78,10.175107558201322,14.41497375639409,0.4075728408673876,12.541670747994385,0.07566425349644516,n1000__squared_error__boostrap_true__samples_1.0
67.29849653244018,1.4992614340130916,7.892022180557251,0.3986623654357946,True,squared_error,24,0.875,1.0,4,4,1000,"{'bootstrap': True, 'criterion': 'squared_error', 'max_depth': 24, 'max_features': 0.875, 'max_samples': 1.0, 'min_samples_leaf': 4, 'min_samples_split': 4, 'n_estimators': 1000}",-10.008538611130259,-10.228058620425893,-10.485168252932214,-10.112716132989307,-10.041056173528933,-10.175107558201322,0.17236538353662978,79,-14.216717574553467,-14.657747341833682,-15.037303533413317,-13.966816811452418,-14.19628352071757,-14.41497375639409,0.38319941160438187,85,-0.41407429779522803,-0.381774144716924,-0.4241691842900302,-0.3850557396806267,-0.432790837854129,-0.4075728408673876,0.020621578495008227,70,0.9374202989331631,-1.3758185220539147,1.3806549761231548,-1.1874341033543774,0.6234986178341992,0.07566425349644501,1.1356026123196872,48,-13.217385102560172,-11.593556322332532,-13.987134931685635,-11.589597439889802,-12.320679943503784,-12.541670747994385,0.9381000031044858,78,10.175107558201322,14.41497375639409,0.4075728408673876,12.541670747994385,0.07566425349644501,n1000__squared_error__boostrap_true__samples_1.0
73.65383663177491,0.7121670747713801,7.451816654205322,0.42976786218129115,True,squared_error,24,0.875,1.0,4,8,1000,"{'bootstrap': True, 'criterion': 'squared_error', 'max_depth': 24, 'max_features': 0.875, 'max_samples': 1.0, 'min_samples_leaf': 4, 'min_samples_split': 8, 'n_estimators': 1000}",-10.008538611130259,-10.228058620425893,-10.485168252932214,-10.112716132989307,-10.041056173528933,-10.175107558201322,0.17236538353662978,79,-14.216717574553467,-14.657747341833682,-15.037303533413318,-13.966816811452418,-14.19628352071757,-14.41497375639409,0.3831994116043824,85,-0.41407429779522803,-0.381774144716924,-0.4241691842900302,-0.3850557396806267,-0.432790837854129,-0.4075728408673876,0.020621578495008227,70,0.9374202989331631,-1.3758185220539143,1.380654976123155,-1.1874341033543774,0.6234986178341995,0.07566425349644519,1.1356026123196872,46,-13.217385102560172,-11.59355632233253,-13.987134931685636,-11.589597439889802,-12.320679943503785,-12.541670747994385,0.9381000031044866,78,10.175107558201322,14.41497375639409,0.4075728408673876,12.541670747994385,0.07566425349644519,n1000__squared_error__boostrap_true__samples_1.0
123.07384305000305,0.6320757839560629,10.13455228805542,0.4945780866303605,True,squared_error,24,1.0,1.0,1,2,1000,"{'bootstrap': True, 'criterion': 'squared_error', 'max_depth': 24, 'max_features': 1.0, 'max_samples': 1.0, 'min_samples_leaf': 1, 'min_samples_split': 2, 'n_estimators': 1000}",-9.902972451564459,-10.163954896396238,-10.445154059275993,-10.095141134038137,-10.02332882291564,-10.126110272838094,0.18140273122850525,45,-14.060953553807773,-14.680177021346188,-14.967079560679307,-13.948688845595411,-14.169524973424055,-14.365284790970549,0.3913580589132231,27,-0.4077318030806403,-0.3832879200726612,-0.4268882175226586,-0.3847544441096716,-0.4306811332127788,-0.40666870359968205,0.02006714482453697,47,0.8078311533132884,-1.2717455950041905,1.2936565980605648,-1.1865921595168605,0.4832643143577184,0.02528286224210411,1.0565817203912276,85,-13.1346187910186,-11.599908105251949,-13.74927929079406,-11.57692797432894,-12.197647316120715,-12.451676295502853,0.8608610089039691,6,10.126110272838094,14.365284790970549,0.40666870359968205,12.451676295502853,0.02528286224210411,n1000__squared_error__boostrap_true__samples_1.0
110.04638442993163,1.3572597076142907,8.081594133377076,1.2669912819485432,True,squared_error,24,1.0,1.0,1,4,1000,"{'bootstrap': True, 'criterion': 'squared_error', 'max_depth': 24, 'max_features': 1.0, 'max_samples': 1.0, 'min_samples_leaf': 1, 'min_samples_split': 4, 'n_estimators': 1000}",-9.9113278012056,-10.176625168747101,-10.437851048971206,-10.106374532307246,-10.03412062183454,-10.133259834613138,0.1757621065597002,49,-14.069768424830722,-14.691118479377064,-14.944958035292519,-13.949338370473646,-14.182305144865275,-14.367497690967847,0.3836631533834982,30,-0.4089398973119903,-0.38116863457462913,-0.42507552870090637,-0.3850557396806267,-0.432790837854129,-0.40660612762445625,0.020705987443629514,40,0.831077786306715,-1.2699665729178393,1.272652185265498,-1.196384604305824,0.5086908044127677,0.029213919752263486,1.0591491073743915,84,-13.134455280743458,-11.683357165220038,-13.774614678508701,-11.569740442502631,-12.180030749404096,-12.468439663275785,0.8552034252623089,17,10.133259834613138,14.367497690967847,0.40660612762445625,12.468439663275785,0.029213919752263486,n1000__squared_error__boostrap_true__samples_1.0
98.32520704269409,0.4911620440052475,6.322228908538818,0.5971685720618488,True,squared_error,24,1.0,1.0,1,8,1000,"{'bootstrap': True, 'criterion': 'squared_error', 'max_depth': 24, 'max_features': 1.0, 'max_samples': 1.0, 'min_samples_leaf': 1, 'min_samples_split': 8, 'n_estimators': 1000}",-9.979406707430774,-10.189609417582645,-10.475706964787046,-10.112775687969096,-10.037645693061215,-10.159028894166156,0.17341138335541076,63,-14.124314080273084,-14.703188559930101,-14.987487483308062,-13.94607924926477,-14.17907798185741,-14.388029470926687,0.39171461307144473,58,-0.4077318030806403,-0.38298516500151375,-0.4259818731117825,-0.38294667068394095,-0.43158529234478604,-0.4062461608445327,0.02058017116590126,31,0.8133527022356458,-1.301407413191405,1.245454233268712,-1.255459992195266,0.47727005963978264,-0.00415808204850614,1.0686664750155135,93,-13.235120890890933,-11.603846332215127,-13.757816867221473,-11.56468559963546,-12.181735498415472,-12.468641037675692,0.8828120739866714,18,10.159028894166156,14.388029470926687,0.4062461608445327,12.468641037675692,-0.00415808204850614,n1000__squared_error__boostrap_true__samples_1.0
96.1316888332367,2.350071424297167,9.222194194793701,1.5934027464690703,True,squared_error,24,1.0,1.0,2,2,1000,"{'bootstrap': True, 'criterion': 'squared_error', 'max_depth': 24, 'max_features': 1.0, 'max_samples': 1.0, 'min_samples_leaf': 2, 'min_samples_split': 2, 'n_estimators': 1000}",-9.851525821051782,-10.10235415066651,-10.399297479834397,-10.021037951246846,-9.958548976930931,-10.066552875946092,0.18545823659129704,1,-14.049427036711581,-14.657290929296448,-14.954764172981315,-13.890258441371573,-14.149480414674434,-14.340244199007069,0.4004013119293676,1,-0.4107520386590154,-0.3838934302149561,-0.42477341389728096,-0.3844531485387165,-0.43128390596745025,-0.4070311874554838,0.019808833077494297,50,0.8952100030455246,-1.2387722036348232,1.336535914079553,-1.1378704968107027,0.5850195940864942,0.08802456215320915,1.0696299684415682,16,-13.081780262347863,-11.544326171547974,-13.814227785865995,-11.552990901752963,-12.223466288831522,-12.443358282069264,0.8872689691082956,2,10.066552875946092,14.340244199007069,0.4070311874554838,12.443358282069264,0.08802456215320915,n1000__squared_error__boostrap_true__samples_1.0
97.98599066734315,1.33454041184836,7.546658039093018,1.3299716589696615,True,squared_error,24,1.0,1.0,2,4,1000,"{'bootstrap': True, 'criterion': 'squared_error', 'max_depth': 24, 'max_features': 1.0, 'max_samples': 1.0, 'min_samples_leaf': 2, 'min_samples_split': 4, 'n_estimators': 1000}",-9.851525821051782,-10.10235415066651,-10.399297479834397,-10.021037951246846,-9.958548976930931,-10.066552875946092,0.18545823659129704,1,-14.049427036711581,-14.657290929296448,-14.954764172981315,-13.890258441371572,-14.149480414674434,-14.340244199007069,0.40040131192936806,1,-0.4107520386590154,-0.3838934302149561,-0.42477341389728096,-0.3844531485387165,-0.43128390596745025,-0.4070311874554838,0.019808833077494297,50,0.895210003045525,-1.2387722036348232,1.3365359140795532,-1.1378704968107027,0.5850195940864942,0.08802456215320928,1.0696299684415684,15,-13.081780262347863,-11.544326171547974,-13.814227785865995,-11.552990901752962,-12.223466288831522,-12.443358282069264,0.8872689691082959,2,10.066552875946092,14.340244199007069,0.4070311874554838,12.443358282069264,0.08802456215320928,n1000__squared_error__boostrap_true__samples_1.0
92.61403598785401,0.5898479743031064,5.8295934200286865,1.1066255057634844,True,squared_error,24,1.0,1.0,2,8,1000,"{'bootstrap': True, 'criterion': 'squared_error', 'max_depth': 24, 'max_features': 1.0, 'max_samples': 1.0, 'min_samples_leaf': 2, 'min_samples_split': 8, 'n_estimators': 1000}",-9.897299439231388,-10.146613697790073,-10.429090754510684,-10.072473131493819,-9.999263454386988,-10.108948095482592,0.18003683895800693,25,-14.075752649224803,-14.702795640168812,-14.980011472649656,-13.936282329444422,-14.174467048717858,-14.373861828041111,0.3989280693378089,40,-0.4083358501963153,-0.3799576142900394,-0.4253776435045317,-0.3817414884001205,-0.42977697408077153,-0.4050379140943557,0.021015931825282837,1,0.869831129140931,-1.265403654710087,1.294717505027959,-1.21041444483474,0.5439563353006208,0.046537373984936715,1.075575102677006,74,-13.184160248476609,-11.687106283782148,-13.780470645977594,-11.607408358729865,-12.265919797399537,-12.50501306687315,0.8508659400622094,50,10.108948095482592,14.373861828041111,0.4050379140943557,12.50501306687315,0.046537373984936715,n1000__squared_error__boostrap_true__samples_1.0
83.21783094406128,5.903592171795069,7.1248856544494625,2.030691609199947,True,squared_error,24,1.0,1.0,3,2,1000,"{'bootstrap': True, 'criterion': 'squared_error', 'max_depth': 24, 'max_features': 1.0, 'max_samples': 1.0, 'min_samples_leaf': 3, 'min_samples_split': 2, 'n_estimators': 1000}",-9.868914763117749,-10.14614212864725,-10.409220692415802,-10.028954268914731,-9.964902233878766,-10.08362681739486,0.18606741581073005,13,-14.067892732128854,-14.699340968444547,-14.977467629385975,-13.883823043458976,-14.170814664246068,-14.359867807532884,0.41092109217666656,15,-0.4110540622168529,-0.3814713896457766,-0.42356495468277944,-0.3817414884001205,-0.42977697408077153,-0.4055217738052601,0.020437222334856193,12,0.9240358185022369,-1.250317694530868,1.3402850792057306,-1.1601002040251762,0.5727136364897213,0.08532332712832888,1.0817516967135195,23,-13.128383312176261,-11.659884169002543,-13.869780350951238,-11.616308856104354,-12.259400230674139,-12.506751383781708,0.8735592466742788,55,10.08362681739486,14.359867807532884,0.4055217738052601,12.506751383781708,0.08532332712832888,n1000__squared_error__boostrap_true__samples_1.0
85.67473731040954,3.838033095066483,7.591302108764649,1.759784213297159,True,squared_error,24,1.0,1.0,3,4,1000,"{'bootstrap': True, 'criterion': 'squared_error', 'max_depth': 24, 'max_features': 1.0, 'max_samples': 1.0, 'min_samples_leaf': 3, 'min_samples_split': 4, 'n_estimators': 1000}",-9.86891476311775,-10.146142128647252,-10.409220692415804,-10.028954268914731,-9.964902233878766,-10.083626817394862,0.18606741581073039,14,-14.067892732128854,-14.699340968444549,-14.977467629385975,-13.883823043458976,-14.170814664246068,-14.359867807532884,0.4109210921766669,15,-0.4110540622168529,-0.3814713896457766,-0.42356495468277944,-0.3817414884001205,-0.42977697408077153,-0.4055217738052601,0.020437222334856193,12,0.9240358185022373,-1.2503176945308685,1.3402850792057304,-1.1601002040251764,0.5727136364897215,0.08532332712832884,1.08175169671352,24,-13.128383312176261,-11.659884169002545,-13.869780350951238,-11.616308856104354,-12.259400230674139,-12.506751383781708,0.8735592466742784,55,10.083626817394862,14.359867807532884,0.4055217738052601,12.506751383781708,0.08532332712832884,n1000__squared_error__boostrap_true__samples_1.0
87.95088844299316,0.4028558173458799,4.994621801376343,0.5296196508551139,True,squared_error,24,1.0,1.0,3,8,1000,"{'bootstrap': True, 'criterion': 'squared_error', 'max_depth': 24, 'max_features': 1.0, 'max_samples': 1.0, 'min_samples_leaf': 3, 'min_samples_split': 8, 'n_estimators': 1000}",-9.89099569611707,-10.153297275251173,-10.409365235668698,-10.04291352916646,-9.96811347027228,-10.092937041295135,0.18035173554953818,18,-14.097143343384714,-14.675622494938807,-14.966786888862485,-13.929501722460557,-14.17188796941095,-14.368188483811503,0.38917378031282734,32,-0.4107520386590154,-0.38207689978807147,-0.4256797583081571,-0.38264537511298585,-0.43007836045810727,-0.4062464864652674,0.02052847607743991,32,0.9107857657976364,-1.2738414645087235,1.3487790985344652,-1.188525022624469,0.5656084543634762,0.07256136631247705,1.0933971591485894,52,-13.14878618397044,-11.619985159620565,-13.81102120163679,-11.569966713863334,-12.246282181479128,-12.479208288114052,0.8765043515330146,27,10.092937041295135,14.368188483811503,0.4062464864652674,12.479208288114052,0.07256136631247705,n1000__squared_error__boostrap_true__samples_1.0
79.57152552604676,8.015339194993365,6.212887954711914,1.7659315314293935,True,squared_error,24,1.0,1.0,4,2,1000,"{'bootstrap': True, 'criterion': 'squared_error', 'max_depth': 24, 'max_features': 1.0, 'max_samples': 1.0, 'min_samples_leaf': 4, 'min_samples_split': 2, 'n_estimators': 1000}",-9.941375139261693,-10.159946714448603,-10.449527391313172,-10.060036552436925,-9.976952672829889,-10.117567694058057,0.18227421912484976,32,-14.148947161178036,-14.703773293266442,-15.022511200696655,-13.940559888728052,-14.188185597657283,-14.400795428305296,0.3996932148360133,69,-0.4110540622168529,-0.3802603693611868,-0.4244712990936556,-0.3817414884001205,-0.43007836045810727,-0.4055211159059846,0.0209588033915878,9,0.9251022646861984,-1.2760210174642652,1.3548763400232509,-1.168061493024842,0.5833562824655537,0.08385047533717913,1.0944634691574653,27,-13.217820236763949,-11.681372045039518,-13.904831441538633,-11.64659243180296,-12.277191700655319,-12.545561571160075,0.8861757988081289,81,10.117567694058057,14.400795428305296,0.4055211159059846,12.545561571160075,0.08385047533717913,n1000__squared_error__boostrap_true__samples_1.0
77.3672990322113,6.498244039785977,8.558465147018433,1.1831030070226496,True,squared_error,24,1.0,1.0,4,4,1000,"{'bootstrap': True, 'criterion': 'squared_error', 'max_depth': 24, 'max_features': 1.0, 'max_samples': 1.0, 'min_samples_leaf': 4, 'min_samples_split': 4, 'n_estimators': 1000}",-9.941375139261693,-10.159946714448603,-10.449527391313172,-10.060036552436925,-9.976952672829892,-10.117567694058057,0.1822742191248492,32,-14.148947161178036,-14.703773293266442,-15.022511200696655,-13.940559888728052,-14.188185597657283,-14.400795428305296,0.3996932148360133,69,-0.4110540622168529,-0.3802603693611868,-0.4244712990936556,-0.3817414884001205,-0.43007836045810727,-0.4055211159059846,0.0209588033915878,9,0.9251022646861977,-1.2760210174642652,1.354876340023251,-1.1680614930248419,0.5833562824655537,0.08385047533717908,1.0944634691574653,28,-13.217820236763947,-11.68137204503952,-13.904831441538633,-11.64659243180296,-12.277191700655319,-12.545561571160075,0.8861757988081282,81,10.117567694058057,14.400795428305296,0.4055211159059846,12.545561571160075,0.08385047533717908,n1000__squared_error__boostrap_true__samples_1.0
86.12470645904541,0.7944806428001195,6.7935271739959715,0.6700570492485239,True,squared_error,24,1.0,1.0,4,8,1000,"{'bootstrap': True, 'criterion': 'squared_error', 'max_depth': 24, 'max_features': 1.0, 'max_samples': 1.0, 'min_samples_leaf': 4, 'min_samples_split': 8, 'n_estimators': 1000}",-9.941375139261693,-10.159946714448603,-10.44952739131317,-10.060036552436925,-9.976952672829892,-10.117567694058057,0.18227421912484854,32,-14.148947161178036,-14.703773293266442,-15.022511200696655,-13.940559888728053,-14.188185597657283,-14.400795428305296,0.3996932148360129,69,-0.4110540622168529,-0.3802603693611868,-0.4244712990936556,-0.3817414884001205,-0.43007836045810727,-0.4055211159059846,0.0209588033915878,9,0.9251022646861984,-1.2760210174642652,1.3548763400232506,-1.1680614930248427,0.5833562824655534,0.08385047533717889,1.0944634691574655,29,-13.217820236763947,-11.68137204503952,-13.904831441538633,-11.646592431802961,-12.277191700655319,-12.545561571160075,0.8861757988081279,81,10.117567694058057,14.400795428305296,0.4055211159059846,12.545561571160075,0.08385047533717889,n1000__squared_error__boostrap_true__samples_1.0
105.74309401512146,0.7784748125603695,9.590163373947144,0.5098491192698744,True,squared_error,26,0.875,1.0,1,2,1000,"{'bootstrap': True, 'criterion': 'squared_error', 'max_depth': 26, 'max_features': 0.875, 'max_samples': 1.0, 'min_samples_leaf': 1, 'min_samples_split': 2, 'n_estimators': 1000}",-9.980410804211504,-10.226207407206688,-10.504331352003442,-10.146599985894726,-10.045500865533944,-10.18061008297006,0.182409163452302,86,-14.122162687587783,-14.659879218602525,-14.994891801390825,-13.949572974675956,-14.129501841515399,-14.371201704754498,0.392564411436522,38,-0.4107520386590154,-0.38268240993036634,-0.4280966767371601,-0.3841518529677614,-0.4336949969861362,-0.4078755950560879,0.021360337561148763,83,0.847212735326773,-1.3490302745872702,1.3267407773630255,-1.203432148653642,0.5303473165010658,0.030367681189990448,1.0975244346436615,82,-13.180243213018837,-11.598621862753934,-13.818224681793582,-11.640146686981632,-12.192725596939598,-12.485992408297516,0.8770078565681659,35,10.18061008297006,14.371201704754498,0.4078755950560879,12.485992408297516,0.030367681189990448,n1000__squared_error__boostrap_true__samples_1.0
93.13781871795655,0.9094549167291284,8.404451942443847,0.6028479278511534,True,squared_error,26,0.875,1.0,1,4,1000,"{'bootstrap': True, 'criterion': 'squared_error', 'max_depth': 26, 'max_features': 0.875, 'max_samples': 1.0, 'min_samples_leaf': 1, 'min_samples_split': 4, 'n_estimators': 1000}",-9.989976350061886,-10.214365887102515,-10.502815846948147,-10.165510946201609,-10.046929873864604,-10.183919780835753,0.1785165765488777,87,-14.123607960722559,-14.625956012208146,-14.998148327253022,-13.96926960487275,-14.138411342191077,-14.37107864944951,0.3834071404700146,37,-0.4107520386590154,-0.38268240993036634,-0.427190332326284,-0.3850557396806267,-0.432790837854129,-0.4076942716900843,0.02077200189015692,75,0.8176343036260263,-1.3434693064834526,1.334011737972232,-1.26129457674537,0.509956900354901,0.01136781174486734,1.1048345453328627,89,-13.15588193910319,-11.590415904187008,-13.854278396777387,-11.562243399931637,-12.196291893057213,-12.471822306611289,0.9010272431560141,20,10.183919780835753,14.37107864944951,0.4076942716900843,12.471822306611289,0.01136781174486734,n1000__squared_error__boostrap_true__samples_1.0
86.11679029464722,0.5884688335103899,7.579519319534302,0.5496908530188012,True,squared_error,26,0.875,1.0,1,8,1000,"{'bootstrap': True, 'criterion': 'squared_error', 'max_depth': 26, 'max_features': 0.875, 'max_samples': 1.0, 'min_samples_leaf': 1, 'min_samples_split': 8, 'n_estimators': 1000}",-10.027122893816744,-10.256156452565564,-10.540736510108642,-10.203762131508352,-10.096069189515141,-10.224769435502889,0.1771381114576585,96,-14.165634389520276,-14.664147578333441,-15.038791241999695,-14.00457250555853,-14.182332226669832,-14.411095588416355,0.3836357741050004,84,-0.4107520386590154,-0.38298516500151375,-0.4268882175226586,-0.3850557396806267,-0.4345991561181435,-0.4080560633963916,0.0210903718328717,90,0.843747755170597,-1.4025055282877916,1.3083131568759387,-1.3040743129793748,0.49128953701368716,-0.012645878441388713,1.1253258176574377,96,-13.232887028969518,-11.558738736319954,-13.87839858376467,-11.556363016313643,-12.180602030035596,-12.481397879080676,0.928850304962576,29,10.224769435502889,14.411095588416355,0.4080560633963916,12.481397879080676,-0.012645878441388713,n1000__squared_error__boostrap_true__samples_1.0
84.79734082221985,3.089762140989632,8.238155603408813,0.7946639199726002,True,squared_error,26,0.875,1.0,2,2,1000,"{'bootstrap': True, 'criterion': 'squared_error', 'max_depth': 26, 'max_features': 0.875, 'max_samples': 1.0, 'min_samples_leaf': 2, 'min_samples_split': 2, 'n_estimators': 1000}",-9.942663914579722,-10.160872542723272,-10.448795593832784,-10.101284193288155,-10.00463267056156,-10.131649782997098,0.17561691795948514,47,-14.140762792163825,-14.600261811886595,-14.986631400836492,-13.943127109999061,-14.140592560298627,-14.362275135036919,0.3795666881806152,24,-0.4119601328903654,-0.38298516500151375,-0.4280966767371601,-0.3844531485387165,-0.4333936106088005,-0.40817774675531127,0.021186942876851182,91,0.8984284935780983,-1.3383624330958437,1.3701292682667776,-1.1919732017515692,0.5747951820337764,0.0626034618062479,1.1142024609548293,66,-13.157938769578642,-11.518083356561025,-13.80403715368721,-11.586991842049343,-12.205334358453172,-12.454477096065878,0.8952772397702778,8,10.131649782997098,14.362275135036919,0.40817774675531127,12.454477096065878,0.0626034618062479,n1000__squared_error__boostrap_true__samples_1.0
84.99457416534423,1.548934322033054,8.556805229187011,0.822719343860738,True,squared_error,26,0.875,1.0,2,4,1000,"{'bootstrap': True, 'criterion': 'squared_error', 'max_depth': 26, 'max_features': 0.875, 'max_samples': 1.0, 'min_samples_leaf': 2, 'min_samples_split': 4, 'n_estimators': 1000}",-9.942663914579722,-10.160872542723272,-10.448795593832786,-10.101284193288155,-10.00463267056156,-10.131649782997098,0.17561691795948578,47,-14.140762792163825,-14.600261811886595,-14.986631400836494,-13.943127109999061,-14.140592560298627,-14.362275135036919,0.3795666881806158,24,-0.4119601328903654,-0.38298516500151375,-0.4280966767371601,-0.3844531485387165,-0.4333936106088005,-0.40817774675531127,0.021186942876851182,91,0.8984284935780974,-1.3383624330958435,1.3701292682667787,-1.1919732017515694,0.5747951820337764,0.06260346180624794,1.1142024609548293,65,-13.157938769578642,-11.518083356561025,-13.804037153687213,-11.586991842049343,-12.205334358453172,-12.45447709606588,0.895277239770279,9,10.131649782997098,14.362275135036919,0.40817774675531127,12.45447709606588,0.06260346180624794,n1000__squared_error__boostrap_true__samples_1.0
80.38570852279663,0.5754557515337364,7.309194469451905,0.6705686905507139,True,squared_error,26,0.875,1.0,2,8,1000,"{'bootstrap': True, 'criterion': 'squared_error', 'max_depth': 26, 'max_features': 0.875, 'max_samples': 1.0, 'min_samples_leaf': 2, 'min_samples_split': 8, 'n_estimators': 1000}",-9.976058804445886,-10.18047131646537,-10.494296368094215,-10.135507567521179,-10.015314409010122,-10.160329693107354,0.18305231817258133,65,-14.16764407092578,-14.608587015149897,-15.025610783587728,-13.975110124274774,-14.139198713605566,-14.38323014150875,0.3836741455756552,52,-0.41316822712171547,-0.3848016954283984,-0.42900302114803623,-0.38324796625489604,-0.4333936106088005,-0.40872290411236933,0.02126445149264392,94,0.9034794067368057,-1.3831934354420623,1.349124485200168,-1.2378038164324827,0.5460300683548881,0.035527341683463366,1.1290378344680145,80,-13.16599086886911,-11.430924012989765,-13.803423600142395,-11.608285672116109,-12.184471827502469,-12.438619196323971,0.9122779006114943,1,10.160329693107354,14.38323014150875,0.40872290411236933,12.438619196323971,0.035527341683463366,n1000__squared_error__boostrap_true__samples_1.0
76.76882410049438,2.6598610647730068,6.970981502532959,0.45187750432462276,True,squared_error,26,0.875,1.0,3,2,1000,"{'bootstrap': True, 'criterion': 'squared_error', 'max_depth': 26, 'max_features': 0.875, 'max_samples': 1.0, 'min_samples_leaf': 3, 'min_samples_split': 2, 'n_estimators': 1000}",-9.96381529682537,-10.19221497967726,-10.462802394960033,-10.1007975656208,-10.006905807900491,-10.145307208996792,0.17724497308671996,53,-14.169998146689629,-14.612879281066549,-15.009925047935052,-13.95683283176321,-14.15743817325387,-14.381414696141661,0.3804558623893429,48,-0.4119601328903654,-0.3823796548592189,-0.42749244712990936,-0.38294667068394095,-0.432790837854129,-0.4075139486835127,0.021415480170529612,65,0.9521901961828686,-1.3487327086472296,1.3829487889821261,-1.1878793390930278,0.5963854495243954,0.07898247738982656,1.1290558189924997,40,-13.248861505626934,-11.563745819957324,-13.854924529628462,-11.63728386854669,-12.249902643501313,-12.510943673452145,0.9032624110966194,59,10.145307208996792,14.381414696141661,0.4075139486835127,12.510943673452145,0.07898247738982656,n1000__squared_error__boostrap_true__samples_1.0
73.92100868225097,0.4953786754829102,9.016117334365845,0.4687746910183455,True,squared_error,26,0.875,1.0,3,4,1000,"{'bootstrap': True, 'criterion': 'squared_error', 'max_depth': 26, 'max_features': 0.875, 'max_samples': 1.0, 'min_samples_leaf': 3, 'min_samples_split': 4, 'n_estimators': 1000}",-9.963815296825373,-10.192214979677262,-10.462802394960033,-10.1007975656208,-10.006905807900491,-10.145307208996792,0.17724497308671935,53,-14.169998146689627,-14.612879281066549,-15.00992504793505,-13.95683283176321,-14.15743817325387,-14.381414696141661,0.38045586238934254,48,-0.4119601328903654,-0.3823796548592189,-0.42749244712990936,-0.38294667068394095,-0.432790837854129,-0.4075139486835127,0.021415480170529612,65,0.9521901961828685,-1.3487327086472296,1.3829487889821264,-1.1878793390930271,0.5963854495243951,0.07898247738982664,1.1290558189924997,39,-13.248861505626934,-11.563745819957324,-13.85492452962846,-11.63728386854669,-12.249902643501311,-12.510943673452143,0.903262411096619,58,10.145307208996792,14.381414696141661,0.4075139486835127,12.510943673452143,0.07898247738982664,n1000__squared_error__boostrap_true__samples_1.0
73.59847106933594,0.8632283022803184,7.770643854141236,0.29622523232732856,True,squared_error,26,0.875,1.0,3,8,1000,"{'bootstrap': True, 'criterion': 'squared_error', 'max_depth': 26, 'max_features': 0.875, 'max_samples': 1.0, 'min_samples_leaf': 3, 'min_samples_split': 8, 'n_estimators': 1000}",-9.980679388051392,-10.195627669596401,-10.487559958130724,-10.139311989639427,-10.016865223362961,-10.164008845756182,0.1797531322204012,68,-14.187649856484503,-14.636537775260592,-15.03438380243561,-13.98125722937553,-14.158548598262685,-14.399675452363784,0.38396074592704815,67,-0.41226215644820297,-0.3814713896457766,-0.42356495468277944,-0.3841518529677614,-0.4321880650994575,-0.4067276837687956,0.02054216943926848,48,0.9297204079960609,-1.3285901416022103,1.3652235689868337,-1.205211024983278,0.6058483482011717,0.07339823171971563,1.1212507773362315,51,-13.232356675719089,-11.622152759906674,-13.991695247774294,-11.628345530075983,-12.289457332792812,-12.552801509253772,0.9297619611920085,87,10.164008845756182,14.399675452363784,0.4067276837687956,12.552801509253772,0.07339823171971563,n1000__squared_error__boostrap_true__samples_1.0
72.76412076950074,0.39213077748593944,6.614295721054077,0.40059350580918773,True,squared_error,26,0.875,1.0,4,2,1000,"{'bootstrap': True, 'criterion': 'squared_error', 'max_depth': 26, 'max_features': 0.875, 'max_samples': 1.0, 'min_samples_leaf': 4, 'min_samples_split': 2, 'n_estimators': 1000}",-10.001368845758826,-10.229875171707008,-10.485218964362685,-10.129198226943593,-10.040481550564047,-10.177228551867232,0.17295262442639708,83,-14.21286225326267,-14.660712743602142,-15.035065708150023,-13.986823061686964,-14.19283836352988,-14.417660426046336,0.3790440072964071,91,-0.41407429779522803,-0.3838934302149561,-0.4253776435045317,-0.38234407954203076,-0.4318866787221218,-0.4075152259557736,0.020725013581788698,67,0.9297840078179751,-1.3843990947868843,1.3758856283532976,-1.1937423928799078,0.6188243098802939,0.06927049167695491,1.1364939805490906,56,-13.199506600362064,-11.520744275263075,-13.94185234442113,-11.685097680558462,-12.3403966660692,-12.537519513334786,0.917571783188811,75,10.177228551867232,14.417660426046336,0.4075152259557736,12.537519513334786,0.06927049167695491,n1000__squared_error__boostrap_true__samples_1.0
68.69288020133972,1.5795478938878302,8.178554344177247,0.3692425701567195,True,squared_error,26,0.875,1.0,4,4,1000,"{'bootstrap': True, 'criterion': 'squared_error', 'max_depth': 26, 'max_features': 0.875, 'max_samples': 1.0, 'min_samples_leaf': 4, 'min_samples_split': 4, 'n_estimators': 1000}",-10.001368845758826,-10.229875171707008,-10.485218964362685,-10.129198226943593,-10.040481550564047,-10.177228551867232,0.17295262442639708,83,-14.21286225326267,-14.660712743602142,-15.035065708150027,-13.986823061686964,-14.19283836352988,-14.417660426046336,0.37904400729640825,91,-0.41407429779522803,-0.3838934302149561,-0.4253776435045317,-0.38234407954203076,-0.4318866787221218,-0.4075152259557736,0.020725013581788698,67,0.9297840078179741,-1.384399094786885,1.3758856283532972,-1.1937423928799071,0.6188243098802945,0.06927049167695473,1.1364939805490906,57,-13.199506600362067,-11.520744275263075,-13.94185234442113,-11.685097680558462,-12.3403966660692,-12.537519513334786,0.9175717831888115,75,10.177228551867232,14.417660426046336,0.4075152259557736,12.537519513334786,0.06927049167695473,n1000__squared_error__boostrap_true__samples_1.0
70.93848242759705,2.7733495349198596,8.671799659729004,0.3740233323275567,True,squared_error,26,0.875,1.0,4,8,1000,"{'bootstrap': True, 'criterion': 'squared_error', 'max_depth': 26, 'max_features': 0.875, 'max_samples': 1.0, 'min_samples_leaf': 4, 'min_samples_split': 8, 'n_estimators': 1000}",-10.001368845758826,-10.229875171707004,-10.485218964362685,-10.129198226943593,-10.040481550564046,-10.17722855186723,0.17295262442639714,82,-14.21286225326267,-14.660712743602142,-15.035065708150027,-13.986823061686964,-14.19283836352988,-14.417660426046336,0.37904400729640825,91,-0.41407429779522803,-0.3838934302149561,-0.4253776435045317,-0.38234407954203076,-0.4318866787221218,-0.4075152259557736,0.020725013581788698,67,0.9297840078179747,-1.3843990947868852,1.3758856283532976,-1.1937423928799071,0.6188243098802936,0.06927049167695472,1.1364939805490906,58,-13.199506600362064,-11.520744275263075,-13.94185234442113,-11.685097680558462,-12.3403966660692,-12.537519513334786,0.917571783188811,75,10.17722855186723,14.417660426046336,0.4075152259557736,12.537519513334786,0.06927049167695472,n1000__squared_error__boostrap_true__samples_1.0
124.37826285362243,0.8879401421379867,8.173103713989258,1.174503284301802,True,squared_error,26,1.0,1.0,1,2,1000,"{'bootstrap': True, 'criterion': 'squared_error', 'max_depth': 26, 'max_features': 1.0, 'max_samples': 1.0, 'min_samples_leaf': 1, 'min_samples_split': 2, 'n_estimators': 1000}",-9.900558796543908,-10.15350478413042,-10.437127773546862,-10.0915164060112,-10.030170915024602,-10.122575735051399,0.17815411567933812,40,-14.062469439263205,-14.64833400848703,-14.951633697818275,-13.92917022630726,-14.170967282242243,-14.352514930823602,0.3854241555473191,8,-0.40954394442766534,-0.3814713896457766,-0.42658610271903324,-0.3841518529677614,-0.4309825195901145,-0.4065471618700703,0.02067834991689019,37,0.8479672612339793,-1.2715178468123296,1.286577151890576,-1.1979138960887683,0.5145602693114005,0.03593458790697157,1.0662457858120666,79,-13.12255522761895,-11.641747164270498,-13.741311367987933,-11.575634011934337,-12.233362961407991,-12.462922146643942,0.8466050800655222,15,10.122575735051399,14.352514930823602,0.4065471618700703,12.462922146643942,0.03593458790697157,n1000__squared_error__boostrap_true__samples_1.0
112.59821524620057,2.1294070800773657,6.964356708526611,0.49404635912143624,True,squared_error,26,1.0,1.0,1,4,1000,"{'bootstrap': True, 'criterion': 'squared_error', 'max_depth': 26, 'max_features': 1.0, 'max_samples': 1.0, 'min_samples_leaf': 1, 'min_samples_split': 4, 'n_estimators': 1000}",-9.946385294267719,-10.161144490912946,-10.426630363391602,-10.099311217961962,-10.047960648631708,-10.136286403033187,0.1613372704378271,52,-14.10935412508846,-14.665535900961988,-14.935848212511043,-13.929699000026002,-14.20323709853883,-14.368734867425266,0.3733975826240581,33,-0.4077318030806403,-0.38207689978807147,-0.42658610271903324,-0.3817414884001205,-0.43248945147679324,-0.40612514909293174,0.021397147491776757,24,0.8212129037560227,-1.2516926605692316,1.2824609168001266,-1.2327822679994505,0.5038635954028045,0.024612497478054364,1.0636195674059101,86,-13.204265790243188,-11.659239063242984,-13.724182768213392,-11.613263451036138,-12.198938272371608,-12.479977869021461,0.8457456057870268,28,10.136286403033187,14.368734867425266,0.40612514909293174,12.479977869021461,0.024612497478054364,n1000__squared_error__boostrap_true__samples_1.0
90.16652565002441,6.454362976472098,7.376968050003052,1.6726672256085726,True,squared_error,26,1.0,1.0,1,8,1000,"{'bootstrap': True, 'criterion': 'squared_error', 'max_depth': 26, 'max_features': 1.0, 'max_samples': 1.0, 'min_samples_leaf': 1, 'min_samples_split': 8, 'n_estimators': 1000}",-9.96379953298838,-10.185687145492956,-10.48705568514685,-10.127429060809956,-10.046347747437357,-10.1620638343751,0.17892807349137474,67,-14.110619605997002,-14.71397070425448,-14.986933438784291,-13.956563521569723,-14.188637034472716,-14.391344861015643,0.39185332295936404,60,-0.4107520386590154,-0.3814713896457766,-0.42386706948640485,-0.3838505573968063,-0.4318866787221218,-0.40636554678202497,0.020511053556574767,33,0.7942172959280127,-1.2869141475691985,1.2454293306704458,-1.261541283408949,0.45826526031530346,-0.01010870881287711,1.0619798380992767,95,-13.095512397258153,-11.66374889370721,-13.839816608109496,-11.548619126057279,-12.161307034097463,-12.461800811845919,0.878817623174208,14,10.1620638343751,14.391344861015643,0.40636554678202497,12.461800811845919,-0.01010870881287711,n1000__squared_error__boostrap_true__samples_1.0
96.06629829406738,3.2727367121674953,8.68406376838684,0.4756452038570814,True,squared_error,26,1.0,1.0,2,2,1000,"{'bootstrap': True, 'criterion': 'squared_error', 'max_depth': 26, 'max_features': 1.0, 'max_samples': 1.0, 'min_samples_leaf': 2, 'min_samples_split': 2, 'n_estimators': 1000}",-9.875295142493844,-10.110266320579246,-10.394399092405205,-10.025286864619497,-9.967019410567763,-10.074453366133111,0.17735345115818438,7,-14.070143181059962,-14.681782525087204,-14.954158062223264,-13.893756215724425,-14.16913732819444,-14.353795462457859,0.3985483951231636,9,-0.40954394442766534,-0.381774144716924,-0.4241691842900302,-0.38324796625489604,-0.43128390596745025,-0.40600382913139316,0.020427930542597707,22,0.8977504502438567,-1.232051571770564,1.3390482334173681,-1.1412348025370327,0.5832705238368434,0.0893565666380943,1.0695471486872792,11,-13.152490397328366,-11.627574669038493,-13.831093535780886,-11.590475154894536,-12.231258561269915,-12.48657846366244,0.8783207152598891,37,10.074453366133111,14.353795462457859,0.40600382913139316,12.48657846366244,0.0893565666380943,n1000__squared_error__boostrap_true__samples_1.0
101.01072025299072,0.4969680003403819,5.597822523117065,0.7094500246398187,True,squared_error,26,1.0,1.0,2,4,1000,"{'bootstrap': True, 'criterion': 'squared_error', 'max_depth': 26, 'max_features': 1.0, 'max_samples': 1.0, 'min_samples_leaf': 2, 'min_samples_split': 4, 'n_estimators': 1000}",-9.875295142493846,-10.110266320579246,-10.394399092405205,-10.025286864619497,-9.967019410567763,-10.074453366133111,0.17735345115818396,7,-14.070143181059962,-14.681782525087204,-14.954158062223263,-13.893756215724425,-14.16913732819444,-14.353795462457859,0.39854839512316304,9,-0.40954394442766534,-0.381774144716924,-0.4241691842900302,-0.38324796625489604,-0.43128390596745025,-0.40600382913139316,0.020427930542597707,22,0.8977504502438572,-1.2320515717705633,1.3390482334173675,-1.1412348025370322,0.5832705238368436,0.08935656663809452,1.0695471486872787,10,-13.152490397328368,-11.627574669038493,-13.831093535780884,-11.590475154894536,-12.231258561269915,-12.486578463662436,0.8783207152598888,36,10.074453366133111,14.353795462457859,0.40600382913139316,12.486578463662436,0.08935656663809452,n1000__squared_error__boostrap_true__samples_1.0
89.27048325538635,4.797826056957256,5.171634912490845,1.0736983820000905,True,squared_error,26,1.0,1.0,2,8,1000,"{'bootstrap': True, 'criterion': 'squared_error', 'max_depth': 26, 'max_features': 1.0, 'max_samples': 1.0, 'min_samples_leaf': 2, 'min_samples_split': 8, 'n_estimators': 1000}",-9.894206742325565,-10.152510945026545,-10.434090432528532,-10.05401818083045,-9.988892289097627,-10.104743717961743,0.1849710345835488,22,-14.06909600325007,-14.705549153208485,-14.991255837414123,-13.912001506006321,-14.16064909387603,-14.367710318751005,0.41052636314722374,31,-0.40863787375415284,-0.38207689978807147,-0.42356495468277944,-0.38234407954203076,-0.42887281494876434,-0.4050993245431598,0.019831857652284277,5,0.8673097650129077,-1.269475578288018,1.309877932056113,-1.2076768517219896,0.5490646941499568,0.04981999224179397,1.0795480468840932,70,-13.167546620767808,-11.624669499341266,-13.863243682872746,-11.568560626994085,-12.285643454116473,-12.501932776818476,0.8926101804698462,45,10.104743717961743,14.367710318751005,0.4050993245431598,12.501932776818476,0.04981999224179397,n1000__squared_error__boostrap_true__samples_1.0
82.78485336303712,3.130062848536563,8.45753903388977,0.2697428353917175,True,squared_error,26,1.0,1.0,3,2,1000,"{'bootstrap': True, 'criterion': 'squared_error', 'max_depth': 26, 'max_features': 1.0, 'max_samples': 1.0, 'min_samples_leaf': 3, 'min_samples_split': 2, 'n_estimators': 1000}",-9.874849818537651,-10.147284525097973,-10.397698195197465,-10.031970215695313,-9.959028641506341,-10.082166279206948,0.18136339952237604,11,-14.084092691262002,-14.695761662518438,-14.961279219311397,-13.898077598446532,-14.169390935894503,-14.361720421486575,0.40002168884538053,22,-0.41165810933252794,-0.38268240993036634,-0.4232628398791541,-0.38234407954203076,-0.4309825195901145,-0.40618599165483876,0.020284406532474673,28,0.9261115902440384,-1.2663621833744825,1.3381936294111536,-1.1767338106870218,0.5715979176211391,0.07856142864296538,1.0892828096644716,41,-13.118849311986859,-11.60351522733888,-13.86359812257478,-11.580192918921405,-12.216999623491251,-12.476631040862634,0.8910065091456889,24,10.082166279206948,14.361720421486575,0.40618599165483876,12.476631040862634,0.07856142864296538,n1000__squared_error__boostrap_true__samples_1.0
90.21173167228699,2.5604982446223725,6.006386661529541,1.3957596836010293,True,squared_error,26,1.0,1.0,3,4,1000,"{'bootstrap': True, 'criterion': 'squared_error', 'max_depth': 26, 'max_features': 1.0, 'max_samples': 1.0, 'min_samples_leaf': 3, 'min_samples_split': 4, 'n_estimators': 1000}",-9.874849818537651,-10.147284525097975,-10.397698195197465,-10.031970215695317,-9.959028641506341,-10.08216627920695,0.18136339952237598,12,-14.084092691262002,-14.695761662518436,-14.961279219311397,-13.898077598446532,-14.169390935894501,-14.361720421486572,0.40002168884538036,21,-0.41165810933252794,-0.38268240993036634,-0.4232628398791541,-0.38234407954203076,-0.4309825195901145,-0.40618599165483876,0.020284406532474673,28,0.9261115902440384,-1.2663621833744836,1.3381936294111538,-1.1767338106870222,0.5715979176211391,0.07856142864296511,1.089282809664472,42,-13.118849311986857,-11.603515227338884,-13.86359812257478,-11.580192918921403,-12.216999623491251,-12.476631040862634,0.8910065091456884,24,10.08216627920695,14.361720421486572,0.40618599165483876,12.476631040862634,0.07856142864296511,n1000__squared_error__boostrap_true__samples_1.0
88.99459953308106,2.334506177753129,4.511680936813354,0.2642479435953872,True,squared_error,26,1.0,1.0,3,8,1000,"{'bootstrap': True, 'criterion': 'squared_error', 'max_depth': 26, 'max_features': 1.0, 'max_samples': 1.0, 'min_samples_leaf': 3, 'min_samples_split': 8, 'n_estimators': 1000}",-9.900265408166172,-10.155386350828593,-10.40389724325806,-10.04608047152514,-9.969490510842961,-10.095023996924184,0.17614274255325532,19,-14.109693703578735,-14.683957168804215,-14.961049440264294,-13.926747495355642,-14.16533984082206,-14.369357529764988,0.38833604324735826,34,-0.4098459679855029,-0.3814713896457766,-0.4241691842900302,-0.38324796625489604,-0.43007836045810727,-0.40576257372686253,0.02021733948437787,19,0.9153342580156599,-1.2795480646539859,1.3339238470711017,-1.1736484612119276,0.5640214417227798,0.0720166041887256,1.0884917844683624,53,-13.19471278361387,-11.633688039378862,-13.836249219725618,-11.575315189555644,-12.246038072394224,-12.497200660933643,0.8874890106241099,43,10.095023996924184,14.369357529764988,0.40576257372686253,12.497200660933643,0.0720166041887256,n1000__squared_error__boostrap_true__samples_1.0
74.43708672523499,9.130292328045597,5.153358125686646,1.0272532010382873,True,squared_error,26,1.0,1.0,4,2,1000,"{'bootstrap': True, 'criterion': 'squared_error', 'max_depth': 26, 'max_features': 1.0, 'max_samples': 1.0, 'min_samples_leaf': 4, 'min_samples_split': 2, 'n_estimators': 1000}",-9.935379149523781,-10.159079922505228,-10.452393065401447,-10.05763971455275,-9.981396679437209,-10.117177706284084,0.18393319856053575,29,-14.14105537722702,-14.712182291204293,-15.031667198824639,-13.939865861360152,-14.19533391042541,-14.404020927808304,0.4042386288164355,78,-0.4098459679855029,-0.38086587950348166,-0.42356495468277944,-0.3817414884001205,-0.4294755877034358,-0.4050987756550641,0.02044779055228598,2,0.9300086120711084,-1.2761566126169093,1.3579158780233331,-1.163298842212714,0.5900344948629908,0.08770070602556182,1.095479354663969,22,-13.255452792424716,-11.661484774467855,-13.941555849763205,-11.64969114257955,-12.307371451343183,-12.563111202115701,0.9046674266956778,91,10.117177706284084,14.404020927808304,0.4050987756550641,12.563111202115701,0.08770070602556182,n1000__squared_error__boostrap_true__samples_1.0
65.02446899414062,0.9774798111522502,3.9720177173614504,1.534293946266772,True,squared_error,26,1.0,1.0,4,4,1000,"{'bootstrap': True, 'criterion': 'squared_error', 'max_depth': 26, 'max_features': 1.0, 'max_samples': 1.0, 'min_samples_leaf': 4, 'min_samples_split': 4, 'n_estimators': 1000}",-9.935379149523781,-10.159079922505228,-10.452393065401449,-10.057639714552751,-9.981396679437212,-10.117177706284085,0.18393319856053575,30,-14.14105537722702,-14.712182291204293,-15.031667198824639,-13.939865861360152,-14.19533391042541,-14.404020927808304,0.4042386288164355,78,-0.4098459679855029,-0.38086587950348166,-0.42356495468277944,-0.3817414884001205,-0.4294755877034358,-0.4050987756550641,0.02044779055228598,2,0.9300086120711073,-1.2761566126169086,1.3579158780233331,-1.1632988422127135,0.5900344948629913,0.08770070602556193,1.0954793546639685,21,-13.255452792424716,-11.661484774467853,-13.941555849763205,-11.64969114257955,-12.307371451343183,-12.563111202115701,0.9046674266956782,91,10.117177706284085,14.404020927808304,0.4050987756550641,12.563111202115701,0.08770070602556193,n1000__squared_error__boostrap_true__samples_1.0
64.63236227035523,0.9894991246777493,1.2362308979034424,0.21622921865048708,True,squared_error,26,1.0,1.0,4,8,1000,"{'bootstrap': True, 'criterion': 'squared_error', 'max_depth': 26, 'max_features': 1.0, 'max_samples': 1.0, 'min_samples_leaf': 4, 'min_samples_split': 8, 'n_estimators': 1000}",-9.935379149523781,-10.159079922505228,-10.452393065401449,-10.05763971455275,-9.981396679437212,-10.117177706284085,0.18393319856053586,30,-14.141055377227023,-14.712182291204293,-15.03166719882464,-13.939865861360152,-14.19533391042541,-14.404020927808304,0.40423862881643585,78,-0.4098459679855029,-0.38086587950348166,-0.42356495468277944,-0.3817414884001205,-0.4294755877034358,-0.4050987756550641,0.02044779055228598,2,0.9300086120711076,-1.2761566126169082,1.3579158780233334,-1.163298842212714,0.590034494862991,0.08770070602556194,1.0954793546639685,20,-13.255452792424716,-11.661484774467855,-13.941555849763205,-11.649691142579549,-12.307371451343183,-12.563111202115701,0.9046674266956782,91,10.117177706284085,14.404020927808304,0.4050987756550641,12.563111202115701,0.08770070602556194,n1000__squared_error__boostrap_true__samples_1.0
