mean_fit_time,std_fit_time,mean_score_time,std_score_time,param_bootstrap,param_criterion,param_max_depth,param_max_features,param_max_samples,param_min_samples_leaf,param_min_samples_split,param_n_estimators,params,split0_test_MAE,split1_test_MAE,split2_test_MAE,split3_test_MAE,split4_test_MAE,mean_test_MAE,std_test_MAE,rank_test_MAE,split0_test_RMSE,split1_test_RMSE,split2_test_RMSE,split3_test_RMSE,split4_test_RMSE,mean_test_RMSE,std_test_RMSE,rank_test_RMSE,split0_test_overestimation_rate,split1_test_overestimation_rate,split2_test_overestimation_rate,split3_test_overestimation_rate,split4_test_overestimation_rate,mean_test_overestimation_rate,std_test_overestimation_rate,rank_test_overestimation_rate,split0_test_mean_signed_error,split1_test_mean_signed_error,split2_test_mean_signed_error,split3_test_mean_signed_error,split4_test_mean_signed_error,mean_test_mean_signed_error,std_test_mean_signed_error,rank_test_mean_signed_error,split0_test_mean_overestimation,split1_test_mean_overestimation,split2_test_mean_overestimation,split3_test_mean_overestimation,split4_test_mean_overestimation,mean_test_mean_overestimation,std_test_mean_overestimation,rank_test_mean_overestimation,mean_MAE,mean_RMSE,overestimation_rate,mean_overstimation,mean_signed_error,chunk_id
153.46114764213561,0.8228701453846221,2.0511632919311524,0.3787991627823387,True,absolute_error,20,0.875,0.7,1,2,200,"{'bootstrap': True, 'criterion': 'absolute_error', 'max_depth': 20, 'max_features': 0.875, 'max_samples': 0.7, 'min_samples_leaf': 1, 'min_samples_split': 2, 'n_estimators': 200}",-9.613151615826034,-9.740026491068726,-10.223109516616315,-9.83593702922567,-9.74927817962628,-9.832300566472606,0.20793188483374941,35,-14.40169169463508,-14.571563823357272,-15.364027947867545,-14.182695253309133,-14.475183408064531,-14.599032425446712,0.4033835042418041,86,-0.4318936877076412,-0.4017559794126552,-0.4425981873111782,-0.3998192226574269,-0.45358649789029537,-0.4259307149958394,0.021653784321016084,95,2.360616128057989,-0.2325529821374512,2.564455438066465,0.04632871346791233,1.9331675708257987,1.3344029736561427,1.1865199377549043,3,-13.861938811188812,-11.832398266767143,-14.446020477815699,-12.358417483044462,-12.87785880398671,-13.075326768560567,0.9586848837299952,76,9.832300566472606,14.599032425446712,0.4259307149958394,13.075326768560567,1.3344029736561427,n200__absolute_error__boostrap_true__samples_0.7
152.73259057998658,0.6406845783903026,1.9578229904174804,0.7759861530306579,True,absolute_error,20,0.875,0.7,1,4,200,"{'bootstrap': True, 'criterion': 'absolute_error', 'max_depth': 20, 'max_features': 0.875, 'max_samples': 0.7, 'min_samples_leaf': 1, 'min_samples_split': 4, 'n_estimators': 200}",-9.663861371186954,-9.758464274901604,-10.345623111782476,-9.92087300391684,-9.82405666063894,-9.902575684485363,0.2368728239306961,67,-14.463873803956966,-14.550954590473458,-15.5007397595982,-14.254047619160707,-14.491293801340486,-14.652181914905963,0.4359250472695755,96,-0.4318936877076412,-0.4026642446260975,-0.43867069486404836,-0.40343476950888824,-0.4538878842676311,-0.4261102561948613,0.02013306969094828,96,2.3400256720024166,-0.23032167726309377,2.5947726586102724,0.07243823440795404,1.9400557564798075,1.3433941288474716,1.1838190807268116,2,-13.896807692307693,-11.831374060150377,-14.749555785123967,-12.385287528005975,-12.959271248339972,-13.164459262785595,1.046440832382728,94,9.902575684485363,14.652181914905963,0.4261102561948613,13.164459262785595,1.3433941288474716,n200__absolute_error__boostrap_true__samples_0.7
150.9202552318573,0.47411122377146553,0.8626186847686768,0.09645690623153748,True,absolute_error,20,0.875,0.7,1,8,200,"{'bootstrap': True, 'criterion': 'absolute_error', 'max_depth': 20, 'max_features': 0.875, 'max_samples': 0.7, 'min_samples_leaf': 1, 'min_samples_split': 8, 'n_estimators': 200}",-9.666532769556024,-9.77175749318801,-10.302166918429004,-9.870664356733956,-9.774180229053647,-9.877060353392128,0.2221492184625639,55,-14.496471396281908,-14.589629103722828,-15.452158695155083,-14.24882880290321,-14.399951048437911,-14.63740780930019,0.4226923800387487,94,-0.43370582905466626,-0.3990311837723282,-0.4395770392749245,-0.40313347393793314,-0.4517781796262809,-0.42544514113322657,0.020769622349943274,94,2.400382059800665,-0.3504026642446264,2.6578451661631424,0.13429948779752945,1.9441289933694998,1.357250608577242,1.2276632119832793,1,-13.911404944289696,-11.805286418816387,-14.74145704467354,-12.4089966367713,-12.969096064042692,-13.167248221718722,1.0489091802676045,95,9.877060353392128,14.63740780930019,0.42544514113322657,13.167248221718722,1.357250608577242,n200__absolute_error__boostrap_true__samples_0.7
119.39369044303893,10.940259671693655,2.675023317337036,1.857335356848298,True,absolute_error,20,0.875,0.7,2,2,200,"{'bootstrap': True, 'criterion': 'absolute_error', 'max_depth': 20, 'max_features': 0.875, 'max_samples': 0.7, 'min_samples_leaf': 2, 'min_samples_split': 2, 'n_estimators': 200}",-9.676356085774689,-9.81325991522858,-10.236567220543808,-9.881637541428141,-9.753746232670283,-9.872313399129101,0.19427431205631465,52,-14.48199108194983,-14.549037061289072,-15.35991287578602,-14.219107603828794,-14.384740320345912,-14.598957788639927,0.39633350117546995,84,-0.42524916943521596,-0.39691189827429607,-0.43867069486404836,-0.39439590238023503,-0.45027124773960214,-0.4210997825386795,0.022248953747245555,76,2.244690425853217,-0.4150764456554646,2.4973361027190335,-0.09358240433865633,1.846366787221218,1.2159468931598696,1.2225223857278582,15,-14.016542968750002,-11.839130434782609,-14.514194214876033,-12.408920932009167,-12.881250000000001,-13.132007710083565,0.9949982637810492,90,9.872313399129101,14.598957788639927,0.4210997825386795,13.132007710083565,1.2159468931598696,n200__absolute_error__boostrap_true__samples_0.7
122.2568202972412,0.24263283134451602,1.7883525371551514,0.5318632600967378,True,absolute_error,20,0.875,0.7,2,4,200,"{'bootstrap': True, 'criterion': 'absolute_error', 'max_depth': 20, 'max_features': 0.875, 'max_samples': 0.7, 'min_samples_leaf': 2, 'min_samples_split': 4, 'n_estimators': 200}",-9.676356085774689,-9.81325991522858,-10.236567220543808,-9.881637541428141,-9.753746232670283,-9.872313399129101,0.19427431205631465,52,-14.48199108194983,-14.549037061289072,-15.35991287578602,-14.219107603828794,-14.384740320345912,-14.598957788639927,0.39633350117546995,84,-0.42524916943521596,-0.39691189827429607,-0.43867069486404836,-0.39439590238023503,-0.45027124773960214,-0.4210997825386795,0.022248953747245555,76,2.244690425853217,-0.4150764456554646,2.4973361027190335,-0.09358240433865633,1.846366787221218,1.2159468931598696,1.2225223857278582,15,-14.016542968750002,-11.839130434782609,-14.514194214876033,-12.408920932009167,-12.881250000000001,-13.132007710083565,0.9949982637810492,90,9.872313399129101,14.598957788639927,0.4210997825386795,13.132007710083565,1.2159468931598696,n200__absolute_error__boostrap_true__samples_0.7
120.84273104667663,0.29108785206563553,2.157314682006836,0.15607412724667827,True,absolute_error,20,0.875,0.7,2,8,200,"{'bootstrap': True, 'criterion': 'absolute_error', 'max_depth': 20, 'max_features': 0.875, 'max_samples': 0.7, 'min_samples_leaf': 2, 'min_samples_split': 8, 'n_estimators': 200}",-9.62552778616732,-9.682974568574023,-10.212725830815712,-9.802576830370594,-9.770264466546111,-9.818813896494751,0.2066877572187585,26,-14.396833815096347,-14.427479577854953,-15.348852161254644,-14.12091405805998,-14.501247756910734,-14.559065473835332,0.4153833223130774,54,-0.42857142857142855,-0.3978201634877384,-0.4350453172205438,-0.39891533594456163,-0.44936708860759494,-0.4219438667663734,0.02039545031286398,83,2.2773051948051948,-0.3214153799576144,2.471331570996979,-0.010796173546248865,1.9527102169981918,1.2738270858593004,1.1913792894082722,5,-13.886638477801268,-11.766069254185691,-14.57785763888889,-12.273006042296073,-13.04387323943662,-13.10948893052171,1.0265333458321142,81,9.818813896494751,14.559065473835332,0.4219438667663734,13.10948893052171,1.2738270858593004,n200__absolute_error__boostrap_true__samples_0.7
105.45869832038879,8.416672616323984,2.682281827926636,1.1891254031854437,True,absolute_error,20,0.875,0.7,3,2,200,"{'bootstrap': True, 'criterion': 'absolute_error', 'max_depth': 20, 'max_features': 0.875, 'max_samples': 0.7, 'min_samples_leaf': 3, 'min_samples_split': 2, 'n_estimators': 200}",-9.590660676532769,-9.693093399939448,-10.250124622356495,-9.794783067188911,-9.742745629897529,-9.81428147918303,0.22810069056594778,22,-14.39111993012268,-14.467366994199503,-15.388555873848361,-14.147909907444683,-14.446552287249922,-14.568300998573031,0.42566425334480473,61,-0.4315916641498037,-0.3908567968513473,-0.4335347432024169,-0.39590238023501056,-0.4430379746835443,-0.4189847118244246,0.0213221563006239,58,2.327418453639383,-0.42304041780199814,2.4584267371601207,-0.08506176559204572,1.9087808921036773,1.2373047799018275,1.2357804239916719,13,-13.807123862841145,-11.858630906274206,-14.656900696864112,-12.26277207001522,-13.14957993197279,-13.147001493593496,1.01561057877061,92,9.81428147918303,14.568300998573031,0.4189847118244246,13.147001493593496,1.2373047799018275,n200__absolute_error__boostrap_true__samples_0.7
104.47224617004395,0.5518765459459123,1.777681016921997,0.4314140765528037,True,absolute_error,20,0.875,0.7,3,4,200,"{'bootstrap': True, 'criterion': 'absolute_error', 'max_depth': 20, 'max_features': 0.875, 'max_samples': 0.7, 'min_samples_leaf': 3, 'min_samples_split': 4, 'n_estimators': 200}",-9.590660676532769,-9.693093399939448,-10.250124622356495,-9.794783067188911,-9.742745629897529,-9.81428147918303,0.22810069056594778,22,-14.39111993012268,-14.467366994199503,-15.388555873848361,-14.147909907444683,-14.446552287249922,-14.568300998573031,0.42566425334480473,61,-0.4315916641498037,-0.3908567968513473,-0.4335347432024169,-0.39590238023501056,-0.4430379746835443,-0.4189847118244246,0.0213221563006239,58,2.327418453639383,-0.42304041780199814,2.4584267371601207,-0.08506176559204572,1.9087808921036773,1.2373047799018275,1.2357804239916719,13,-13.807123862841145,-11.858630906274206,-14.656900696864112,-12.26277207001522,-13.14957993197279,-13.147001493593496,1.01561057877061,92,9.81428147918303,14.568300998573031,0.4189847118244246,13.147001493593496,1.2373047799018275,n200__absolute_error__boostrap_true__samples_0.7
104.62008266448974,1.0982010318557969,3.0243124961853027,0.7383814635437114,True,absolute_error,20,0.875,0.7,3,8,200,"{'bootstrap': True, 'criterion': 'absolute_error', 'max_depth': 20, 'max_features': 0.875, 'max_samples': 0.7, 'min_samples_leaf': 3, 'min_samples_split': 8, 'n_estimators': 200}",-9.655641800060405,-9.675424613987284,-10.255608006042296,-9.782820879783069,-9.732992766726944,-9.820497613319999,0.2220906583281299,30,-14.410944259548964,-14.453286774912673,-15.420517259514412,-14.150855793077811,-14.444257433315132,-14.575972304073797,0.4367184519586498,68,-0.42766535789791604,-0.39721465334544354,-0.43746223564954684,-0.39590238023501056,-0.4496684749849307,-0.42158262042256955,0.021592821293251845,80,2.3054560555723347,-0.4292090523766278,2.5378179758308153,-0.06746384453148543,1.9314436407474385,1.2556089550484948,1.2483689183074071,8,-13.984179025423732,-11.638814786585366,-14.622320441988952,-12.269889649923899,-12.970040214477212,-13.097048823679833,1.0899746324521962,79,9.820497613319999,14.575972304073797,0.42158262042256955,13.097048823679833,1.2556089550484948,n200__absolute_error__boostrap_true__samples_0.7
96.71994032859803,4.932360618312972,2.464795684814453,1.6012383341562353,True,absolute_error,20,0.875,0.7,4,2,200,"{'bootstrap': True, 'criterion': 'absolute_error', 'max_depth': 20, 'max_features': 0.875, 'max_samples': 0.7, 'min_samples_leaf': 4, 'min_samples_split': 2, 'n_estimators': 200}",-9.608794170945334,-9.663493036633364,-10.197133685800603,-9.7454896053028,-9.677634870403859,-9.778509073817192,0.2137963016704381,8,-14.442136729761513,-14.500834875990476,-15.378057548324891,-14.111453434446073,-14.41184101087399,-14.56886471987939,0.4264651465191661,63,-0.42826940501359106,-0.3902512867090524,-0.43293051359516616,-0.39228683338354925,-0.4496684749849307,-0.41868130273725795,0.023495150065787552,49,2.306879341588644,-0.4701112624886467,2.5352288519637467,-0.08697348598975593,1.9042683845690178,1.237858365928601,1.2603505881169506,10,-13.911422778561354,-11.778797517455393,-14.704856943475228,-12.310528033794164,-12.878269101876677,-13.116774875032565,1.063068420085613,86,9.778509073817192,14.56886471987939,0.41868130273725795,13.116774875032565,1.237858365928601,n200__absolute_error__boostrap_true__samples_0.7
95.3185507774353,0.5532341340135971,2.3396236896514893,0.11133142168901328,True,absolute_error,20,0.875,0.7,4,4,200,"{'bootstrap': True, 'criterion': 'absolute_error', 'max_depth': 20, 'max_features': 0.875, 'max_samples': 0.7, 'min_samples_leaf': 4, 'min_samples_split': 4, 'n_estimators': 200}",-9.608794170945334,-9.663493036633364,-10.197133685800603,-9.7454896053028,-9.677634870403859,-9.778509073817192,0.2137963016704381,8,-14.442136729761513,-14.500834875990476,-15.378057548324891,-14.111453434446073,-14.41184101087399,-14.56886471987939,0.4264651465191661,63,-0.42826940501359106,-0.3902512867090524,-0.43293051359516616,-0.39228683338354925,-0.4496684749849307,-0.41868130273725795,0.023495150065787552,49,2.306879341588644,-0.4701112624886467,2.5352288519637467,-0.08697348598975593,1.9042683845690178,1.237858365928601,1.2603505881169506,10,-13.911422778561354,-11.778797517455393,-14.704856943475228,-12.310528033794164,-12.878269101876677,-13.116774875032565,1.063068420085613,86,9.778509073817192,14.56886471987939,0.41868130273725795,13.116774875032565,1.237858365928601,n200__absolute_error__boostrap_true__samples_0.7
97.04262161254883,0.4842935598372649,2.7795498371124268,0.4419884764694702,True,absolute_error,20,0.875,0.7,4,8,200,"{'bootstrap': True, 'criterion': 'absolute_error', 'max_depth': 20, 'max_features': 0.875, 'max_samples': 0.7, 'min_samples_leaf': 4, 'min_samples_split': 8, 'n_estimators': 200}",-9.608794170945334,-9.663493036633364,-10.197133685800603,-9.7454896053028,-9.677634870403859,-9.778509073817192,0.2137963016704381,8,-14.442136729761513,-14.500834875990476,-15.378057548324891,-14.111453434446073,-14.41184101087399,-14.56886471987939,0.4264651465191661,63,-0.42826940501359106,-0.3902512867090524,-0.43293051359516616,-0.39228683338354925,-0.4496684749849307,-0.41868130273725795,0.023495150065787552,49,2.306879341588644,-0.4701112624886467,2.5352288519637467,-0.08697348598975593,1.9042683845690178,1.237858365928601,1.2603505881169506,10,-13.911422778561354,-11.778797517455393,-14.704856943475228,-12.310528033794164,-12.878269101876677,-13.116774875032565,1.063068420085613,86,9.778509073817192,14.56886471987939,0.41868130273725795,13.116774875032565,1.237858365928601,n200__absolute_error__boostrap_true__samples_0.7
176.0927267074585,1.5752912955847083,4.139539384841919,0.2982154971015967,True,absolute_error,20,1.0,0.7,1,2,200,"{'bootstrap': True, 'criterion': 'absolute_error', 'max_depth': 20, 'max_features': 1.0, 'max_samples': 0.7, 'min_samples_leaf': 1, 'min_samples_split': 2, 'n_estimators': 200}",-9.56818030806403,-9.758892673327278,-10.238408610271906,-9.768046098222356,-9.667193339361063,-9.800144205849326,0.23077731621988157,14,-14.309783859725162,-14.664316191458743,-15.417526321674684,-14.179078314490273,-14.421145224129114,-14.598369982295598,0.43951384018852285,83,-0.42917547568710357,-0.3999394489857705,-0.43716012084592143,-0.400120518228382,-0.4478601567209162,-0.42285114409361874,0.01955413932309464,87,2.264995469646632,-0.2642998788979716,2.440337613293051,0.032839710756251986,1.8631999698613622,1.2674145769318652,1.1485817859913257,6,-13.785941238564392,-11.87003785011355,-14.501261230131307,-12.247417168674698,-12.872760767160162,-13.05548365092882,0.9711314982560115,66,9.800144205849326,14.598369982295598,0.42285114409361874,13.05548365092882,1.2674145769318652,n200__absolute_error__boostrap_true__samples_0.7
170.10645499229432,0.5725982861115413,2.031985378265381,0.14149382129038277,True,absolute_error,20,1.0,0.7,1,4,200,"{'bootstrap': True, 'criterion': 'absolute_error', 'max_depth': 20, 'max_features': 1.0, 'max_samples': 0.7, 'min_samples_leaf': 1, 'min_samples_split': 4, 'n_estimators': 200}",-9.627972666868015,-9.677447774750227,-10.29935649546828,-9.8263724013257,-9.699834237492466,-9.826196715180938,0.2454655596712416,34,-14.357178603868508,-14.55647698239394,-15.463410295053682,-14.21697580180402,-14.459287946078987,-14.610665925839829,0.440969937691383,91,-0.4237390516460284,-0.3984256736300333,-0.4362537764350453,-0.40373606507984333,-0.4526823387582881,-0.4229673811098477,0.020160562524260735,88,2.2505549682875268,-0.24751286709052372,2.4591404833836856,0.10677312443507084,1.8981329113924055,1.293417724081633,1.1334279162122016,4,-14.0163239486814,-11.833995060790274,-14.6227925900277,-12.301533582089553,-12.810271304926765,-13.11698329730314,1.0470305184298032,89,9.826196715180938,14.610665925839829,0.4229673811098477,13.11698329730314,1.293417724081633,n200__absolute_error__boostrap_true__samples_0.7
166.9686363697052,0.43753917378575136,2.2051586151123046,0.34078032562858224,True,absolute_error,20,1.0,0.7,1,8,200,"{'bootstrap': True, 'criterion': 'absolute_error', 'max_depth': 20, 'max_features': 1.0, 'max_samples': 0.7, 'min_samples_leaf': 1, 'min_samples_split': 8, 'n_estimators': 200}",-9.598397765025672,-9.679533757190434,-10.231746978851964,-9.78823290147635,-9.737571579264616,-9.807096596361808,0.22151523400193648,18,-14.347663509446688,-14.624859015211213,-15.369204960314638,-14.129350823869336,-14.502475982522562,-14.594710858272887,0.42115309614225616,82,-0.4303835699184536,-0.39872842870118075,-0.43655589123867067,-0.40132570051220245,-0.44695599758890897,-0.4227899175918832,0.019343385799826154,86,2.1982739353669585,-0.21259309718437774,2.4539780966767366,0.008178668273576647,1.8418030440024113,1.2579281294270612,1.1296018828193686,7,-13.704835087719298,-11.871414198936979,-14.529325259515572,-12.205063813813812,-12.95359575185435,-13.052846822368002,0.9725684676994142,63,9.807096596361808,14.594710858272887,0.4227899175918832,13.052846822368002,1.2579281294270612,n200__absolute_error__boostrap_true__samples_0.7
140.12455730438234,5.453581442911673,4.125194263458252,0.4137213633075609,True,absolute_error,20,1.0,0.7,2,2,200,"{'bootstrap': True, 'criterion': 'absolute_error', 'max_depth': 20, 'max_features': 1.0, 'max_samples': 0.7, 'min_samples_leaf': 2, 'min_samples_split': 2, 'n_estimators': 200}",-9.567392026578073,-9.684212836815018,-10.22958912386707,-9.734987948177162,-9.701943942133816,-9.783625175514228,0.23002644838562852,11,-14.261080391562622,-14.549364076516623,-15.360964091643902,-14.078176415380833,-14.392551105500457,-14.528427216120885,0.4441212507490805,15,-0.4288734521292661,-0.39660914320314866,-0.4299093655589124,-0.3937933112383248,-0.44665461121157324,-0.41916797666824496,0.020580881325783205,62,2.0729220779220783,-0.33863306085376904,2.3308549848942595,-0.11893642663452854,1.8026311030741413,1.1497677356804363,1.140031472279489,27,-13.57080281690141,-11.781851145038166,-14.60824666198173,-12.209516067329762,-12.878603238866397,-13.00980398602349,1.00352192254246,34,9.783625175514228,14.528427216120885,0.41916797666824496,13.00980398602349,1.1497677356804363,n200__absolute_error__boostrap_true__samples_0.7
139.0404284954071,1.873378176008105,3.539475440979004,0.9086657035732073,True,absolute_error,20,1.0,0.7,2,4,200,"{'bootstrap': True, 'criterion': 'absolute_error', 'max_depth': 20, 'max_features': 1.0, 'max_samples': 0.7, 'min_samples_leaf': 2, 'min_samples_split': 4, 'n_estimators': 200}",-9.567392026578073,-9.684212836815018,-10.22958912386707,-9.734987948177162,-9.701943942133816,-9.783625175514228,0.23002644838562852,11,-14.261080391562622,-14.549364076516623,-15.360964091643902,-14.078176415380833,-14.392551105500457,-14.528427216120885,0.4441212507490805,15,-0.4288734521292661,-0.39660914320314866,-0.4299093655589124,-0.3937933112383248,-0.44665461121157324,-0.41916797666824496,0.020580881325783205,62,2.0729220779220783,-0.33863306085376904,2.3308549848942595,-0.11893642663452854,1.8026311030741413,1.1497677356804363,1.140031472279489,27,-13.57080281690141,-11.781851145038166,-14.60824666198173,-12.209516067329762,-12.878603238866397,-13.00980398602349,1.00352192254246,34,9.783625175514228,14.528427216120885,0.41916797666824496,13.00980398602349,1.1497677356804363,n200__absolute_error__boostrap_true__samples_0.7
138.33912057876586,0.7329276186992514,2.5003354072570803,0.06808761070241187,True,absolute_error,20,1.0,0.7,2,8,200,"{'bootstrap': True, 'criterion': 'absolute_error', 'max_depth': 20, 'max_features': 1.0, 'max_samples': 0.7, 'min_samples_leaf': 2, 'min_samples_split': 8, 'n_estimators': 200}",-9.617970401691332,-9.670127157129881,-10.109184290030212,-9.713723260018078,-9.711029987944544,-9.76440701936281,0.17585317326163147,4,-14.367035645005428,-14.63534797464979,-15.248949232037887,-14.065668703826132,-14.436415921752804,-14.550683495454411,0.39414872127061285,47,-0.42826940501359106,-0.392067817135937,-0.4326283987915408,-0.3956010846640554,-0.4478601567209162,-0.4192853724652081,0.021803707457153425,64,2.184892781636968,-0.35511656070239145,2.4029577039274934,-0.11165938535703535,1.7983928571428573,1.1838934793295786,1.1758176559963878,21,-13.779717912552892,-11.879335907335909,-14.460611033519552,-12.13604341203351,-12.849348923283983,-13.02101143774517,0.9761292899208918,42,9.76440701936281,14.550683495454411,0.4192853724652081,13.02101143774517,1.1838934793295786,n200__absolute_error__boostrap_true__samples_0.7
123.81596159934998,4.596213429255172,3.8759949684143065,0.4510745213538977,True,absolute_error,20,1.0,0.7,3,2,200,"{'bootstrap': True, 'criterion': 'absolute_error', 'max_depth': 20, 'max_features': 1.0, 'max_samples': 0.7, 'min_samples_leaf': 3, 'min_samples_split': 2, 'n_estimators': 200}",-9.593042132286318,-9.694576899788073,-10.184326283987916,-9.7285093401627,-9.667217450271249,-9.773534421299251,0.21018671095360036,6,-14.371241564462084,-14.591422303476946,-15.336389383431866,-14.063636111583836,-14.391327001454517,-14.550803272881847,0.42750494127243543,48,-0.426457263666566,-0.39691189827429607,-0.4299093655589124,-0.3901777643868635,-0.4412296564195298,-0.41693718966123355,0.019829837285951703,29,2.0793453639383874,-0.41225174084165894,2.3943277945619332,-0.08199984935221467,1.7594070223025917,1.1477657181218077,1.161192538308266,29,-13.685295679886686,-11.693180778032037,-14.629425509487,-12.361685328185327,-12.948613387978142,-13.063640136713838,1.0219853235626677,72,9.773534421299251,14.550803272881847,0.41693718966123355,13.063640136713838,1.1477657181218077,n200__absolute_error__boostrap_true__samples_0.7
120.52495317459106,1.834508221247276,3.6718332767486572,0.859685643091181,True,absolute_error,20,1.0,0.7,3,4,200,"{'bootstrap': True, 'criterion': 'absolute_error', 'max_depth': 20, 'max_features': 1.0, 'max_samples': 0.7, 'min_samples_leaf': 3, 'min_samples_split': 4, 'n_estimators': 200}",-9.593042132286318,-9.694576899788073,-10.184326283987916,-9.7285093401627,-9.667217450271249,-9.773534421299251,0.21018671095360036,6,-14.371241564462084,-14.591422303476946,-15.336389383431866,-14.063636111583836,-14.391327001454517,-14.550803272881847,0.42750494127243543,48,-0.426457263666566,-0.39691189827429607,-0.4299093655589124,-0.3901777643868635,-0.4412296564195298,-0.41693718966123355,0.019829837285951703,29,2.0793453639383874,-0.41225174084165894,2.3943277945619332,-0.08199984935221467,1.7594070223025917,1.1477657181218077,1.161192538308266,29,-13.685295679886686,-11.693180778032037,-14.629425509487,-12.361685328185327,-12.948613387978142,-13.063640136713838,1.0219853235626677,72,9.773534421299251,14.550803272881847,0.41693718966123355,13.063640136713838,1.1477657181218077,n200__absolute_error__boostrap_true__samples_0.7
119.41305079460145,0.7634959295605253,3.1049310684204103,0.10956519767031991,True,absolute_error,20,1.0,0.7,3,8,200,"{'bootstrap': True, 'criterion': 'absolute_error', 'max_depth': 20, 'max_features': 1.0, 'max_samples': 0.7, 'min_samples_leaf': 3, 'min_samples_split': 8, 'n_estimators': 200}",-9.559694956206584,-9.693922191946715,-10.181951661631418,-9.70208797830672,-9.700880048221821,-9.767707367262652,0.21404838025267728,5,-14.292032806045643,-14.64393684250758,-15.30889713283475,-14.062282804723568,-14.43151011449425,-14.547731940121158,0.42501253083154794,46,-0.4249471458773784,-0.3932788374205268,-0.43021148036253776,-0.3931907200964146,-0.4460518384569018,-0.4175360044427519,0.021023075505395485,43,2.131706433101782,-0.26840448077505324,2.3808353474320247,-0.1663573365471527,1.849525316455696,1.1854610559334593,1.158138102107746,20,-13.756300639658846,-11.983250577367206,-14.600711025280898,-12.126088122605363,-12.947380067567567,-13.082746086495977,0.9899800083857185,78,9.767707367262652,14.547731940121158,0.4175360044427519,13.082746086495977,1.1854610559334593,n200__absolute_error__boostrap_true__samples_0.7
111.342160987854,1.8280192277340441,3.317268800735474,0.8028110187922789,True,absolute_error,20,1.0,0.7,4,2,200,"{'bootstrap': True, 'criterion': 'absolute_error', 'max_depth': 20, 'max_features': 1.0, 'max_samples': 0.7, 'min_samples_leaf': 4, 'min_samples_split': 2, 'n_estimators': 200}",-9.549301570522502,-9.686602331214049,-10.153800604229607,-9.673263784272372,-9.615717299578058,-9.735737117963318,0.214595989429098,1,-14.298708216663574,-14.590359123803815,-15.30307784041263,-14.068539290774366,-14.374569470581966,-14.52705078844727,0.4223386334667116,11,-0.42283298097251587,-0.3911595519224947,-0.427190332326284,-0.3910816510997288,-0.4412296564195298,-0.41469883454811063,0.02018888577674308,13,2.1118944427665354,-0.43306161065697857,2.308114803625378,-0.1956199156372402,1.7352139843279086,1.1053083408851205,1.1760728313652666,35,-13.789364285714287,-11.828345588235294,-14.585905233380482,-12.117218798151,-12.862838114754098,-13.03673440404703,1.0297897257529078,45,9.735737117963318,14.52705078844727,0.41469883454811063,13.03673440404703,1.1053083408851205,n200__absolute_error__boostrap_true__samples_0.7
110.02549953460694,1.0640504983264742,4.145346975326538,0.573775377112233,True,absolute_error,20,1.0,0.7,4,4,200,"{'bootstrap': True, 'criterion': 'absolute_error', 'max_depth': 20, 'max_features': 1.0, 'max_samples': 0.7, 'min_samples_leaf': 4, 'min_samples_split': 4, 'n_estimators': 200}",-9.549301570522502,-9.686602331214049,-10.153800604229607,-9.673263784272372,-9.615717299578058,-9.735737117963318,0.214595989429098,1,-14.298708216663574,-14.590359123803815,-15.30307784041263,-14.068539290774366,-14.374569470581966,-14.52705078844727,0.4223386334667116,11,-0.42283298097251587,-0.3911595519224947,-0.427190332326284,-0.3910816510997288,-0.4412296564195298,-0.41469883454811063,0.02018888577674308,13,2.1118944427665354,-0.43306161065697857,2.308114803625378,-0.1956199156372402,1.7352139843279086,1.1053083408851205,1.1760728313652666,35,-13.789364285714287,-11.828345588235294,-14.585905233380482,-12.117218798151,-12.862838114754098,-13.03673440404703,1.0297897257529078,45,9.735737117963318,14.52705078844727,0.41469883454811063,13.03673440404703,1.1053083408851205,n200__absolute_error__boostrap_true__samples_0.7
111.37707028388976,0.9776365021731974,3.313607692718506,0.2975278602120785,True,absolute_error,20,1.0,0.7,4,8,200,"{'bootstrap': True, 'criterion': 'absolute_error', 'max_depth': 20, 'max_features': 1.0, 'max_samples': 0.7, 'min_samples_leaf': 4, 'min_samples_split': 8, 'n_estimators': 200}",-9.549301570522502,-9.686602331214049,-10.153800604229607,-9.673263784272372,-9.615717299578058,-9.735737117963318,0.214595989429098,1,-14.298708216663574,-14.590359123803815,-15.30307784041263,-14.068539290774366,-14.374569470581966,-14.52705078844727,0.4223386334667116,11,-0.42283298097251587,-0.3911595519224947,-0.427190332326284,-0.3910816510997288,-0.4412296564195298,-0.41469883454811063,0.02018888577674308,13,2.1118944427665354,-0.43306161065697857,2.308114803625378,-0.1956199156372402,1.7352139843279086,1.1053083408851205,1.1760728313652666,35,-13.789364285714287,-11.828345588235294,-14.585905233380482,-12.117218798151,-12.862838114754098,-13.03673440404703,1.0297897257529078,45,9.735737117963318,14.52705078844727,0.41469883454811063,13.03673440404703,1.1053083408851205,n200__absolute_error__boostrap_true__samples_0.7
161.31549773216247,1.1342781338768975,3.9603561878204347,0.281815523442749,True,absolute_error,22,0.875,0.7,1,2,200,"{'bootstrap': True, 'criterion': 'absolute_error', 'max_depth': 22, 'max_features': 0.875, 'max_samples': 0.7, 'min_samples_leaf': 1, 'min_samples_split': 2, 'n_estimators': 200}",-9.68192313500453,-9.800660762942778,-10.376283232628397,-9.861474088580897,-9.888484779987945,-9.921765199828908,0.23812591092653335,74,-14.441009650149823,-14.558980784203118,-15.492796967486383,-14.13033232018924,-14.52869806731728,-14.630363557869169,0.45718899798523077,93,-0.4294774992449411,-0.3996366939146231,-0.4398791540785498,-0.3995179270864718,-0.4526823387582881,-0.4242387226165748,0.02143587984659648,93,2.1689164904862577,-0.4405593399939453,2.4553965256797583,-0.09109294968363989,1.8927930982519592,1.197090764948078,1.2126908520914799,18,-13.796810829817158,-11.710763257575758,-14.585460164835165,-12.227713046757165,-13.012743009320905,-13.066698061661231,1.0377927708457557,74,9.921765199828908,14.630363557869169,0.4242387226165748,13.066698061661231,1.197090764948078,n200__absolute_error__boostrap_true__samples_0.7
155.07147545814513,1.933213863659424,3.979028749465942,0.46930694198549483,True,absolute_error,22,0.875,0.7,1,4,200,"{'bootstrap': True, 'criterion': 'absolute_error', 'max_depth': 22, 'max_features': 0.875, 'max_samples': 0.7, 'min_samples_leaf': 1, 'min_samples_split': 4, 'n_estimators': 200}",-9.71060480217457,-9.798719346049047,-10.346058157099698,-9.94431605905393,-9.910764767932488,-9.942092626461948,0.21831950835673475,85,-14.472089715867247,-14.570668403761184,-15.431060852673003,-14.228941994910107,-14.536933420081086,-14.647938877458525,0.4094030485852443,95,-0.43008154636061613,-0.3978201634877384,-0.4404833836858006,-0.3986140403736065,-0.4496684749849307,-0.42333352177853845,0.021425067429461528,89,2.248608426457263,-0.3358764759309723,2.454520392749245,0.014114191021391788,1.8864413803496076,1.2535615829293072,1.17435091024299,9,-13.903425210674156,-11.893367579908677,-14.530149176954733,-12.491318972033257,-13.11767091152815,-13.187186370219795,0.9465281901630744,96,9.942092626461948,14.647938877458525,0.42333352177853845,13.187186370219795,1.2535615829293072,n200__absolute_error__boostrap_true__samples_0.7
150.12640843391418,1.0179336197131272,3.3184399604797363,0.23996183456167008,True,absolute_error,22,0.875,0.7,1,8,200,"{'bootstrap': True, 'criterion': 'absolute_error', 'max_depth': 22, 'max_features': 0.875, 'max_samples': 0.7, 'min_samples_leaf': 1, 'min_samples_split': 8, 'n_estimators': 200}",-9.67017592872244,-9.826957311534969,-10.351655589123869,-9.859854624887014,-9.780916214587101,-9.897911933771079,0.23576170522456255,64,-14.433449806023685,-14.550472659053968,-15.421797105003204,-14.155439545671797,-14.374069322285063,-14.587045687607546,0.43666508998173925,77,-0.42766535789791604,-0.3999394489857705,-0.44138972809667676,-0.400120518228382,-0.4490657022302592,-0.4236361510878009,0.02045778460502026,91,2.215186499546965,-0.43519679079624635,2.44231419939577,-0.017280054233202623,1.7852185051235687,1.1980484718073712,1.189289630861611,17,-13.895633827683614,-11.74147804693414,-14.492826830937712,-12.299512424698795,-12.87799832214765,-13.061489890480383,1.0100724356402506,71,9.897911933771079,14.587045687607546,0.4236361510878009,13.061489890480383,1.1980484718073712,n200__absolute_error__boostrap_true__samples_0.7
124.84947357177734,3.124108337220447,3.9112288475036623,0.317153122112741,True,absolute_error,22,0.875,0.7,2,2,200,"{'bootstrap': True, 'criterion': 'absolute_error', 'max_depth': 22, 'max_features': 0.875, 'max_samples': 0.7, 'min_samples_leaf': 2, 'min_samples_split': 2, 'n_estimators': 200}",-9.700434158864391,-9.822051922494701,-10.360037764350453,-9.888851310635735,-9.840625376732971,-9.922400106615651,0.2274546054245454,75,-14.37237370418878,-14.582459403748011,-15.401599771366987,-14.115240511236152,-14.432559668297348,-14.580846611767456,0.4372361745648608,71,-0.426457263666566,-0.3978201634877384,-0.4362537764350453,-0.39590238023501056,-0.4484629294755877,-0.4209793026599896,0.02089911536090279,74,2.0292321051041977,-0.4974091734786561,2.32245921450151,-0.1848320277191926,1.7838487040385778,1.0906597644892873,1.1855463797980295,40,-13.752452195467423,-11.71967085235921,-14.535687326869807,-12.255570776255707,-12.96035114247312,-13.044746458685054,1.010890525419476,54,9.922400106615651,14.580846611767456,0.4209793026599896,13.044746458685054,1.0906597644892873,n200__absolute_error__boostrap_true__samples_0.7
124.01254901885986,2.1682402744401674,4.191622591018676,0.34697987699512967,True,absolute_error,22,0.875,0.7,2,4,200,"{'bootstrap': True, 'criterion': 'absolute_error', 'max_depth': 22, 'max_features': 0.875, 'max_samples': 0.7, 'min_samples_leaf': 2, 'min_samples_split': 4, 'n_estimators': 200}",-9.700434158864391,-9.822051922494701,-10.360037764350453,-9.888851310635735,-9.840625376732971,-9.922400106615651,0.2274546054245454,75,-14.37237370418878,-14.582459403748011,-15.401599771366987,-14.115240511236152,-14.432559668297348,-14.580846611767456,0.4372361745648608,71,-0.426457263666566,-0.3978201634877384,-0.4362537764350453,-0.39590238023501056,-0.4484629294755877,-0.4209793026599896,0.02089911536090279,74,2.0292321051041977,-0.4974091734786561,2.32245921450151,-0.1848320277191926,1.7838487040385778,1.0906597644892873,1.1855463797980295,40,-13.752452195467423,-11.71967085235921,-14.535687326869807,-12.255570776255707,-12.96035114247312,-13.044746458685054,1.010890525419476,54,9.922400106615651,14.580846611767456,0.4209793026599896,13.044746458685054,1.0906597644892873,n200__absolute_error__boostrap_true__samples_0.7
121.44094581604004,0.6591734137972879,3.6957210063934327,0.025905568208301928,True,absolute_error,22,0.875,0.7,2,8,200,"{'bootstrap': True, 'criterion': 'absolute_error', 'max_depth': 22, 'max_features': 0.875, 'max_samples': 0.7, 'min_samples_leaf': 2, 'min_samples_split': 8, 'n_estimators': 200}",-9.656953337360314,-9.752039812291855,-10.291470543806646,-9.825376619463695,-9.803966244725737,-9.865961311529649,0.22054979190469695,51,-14.374699651439256,-14.46735644514833,-15.369667243637252,-14.054040539953064,-14.42659602692892,-14.538471981421363,0.4404439601524715,29,-0.425853216550891,-0.39691189827429607,-0.43051359516616317,-0.3928894245254595,-0.4463532248342375,-0.41850427187020944,0.020475087385109943,47,2.1583803986710968,-0.5453897971541014,2.3569282477341384,-0.14916541126845453,1.8190551537070525,1.1279617183379465,1.2231835939990467,31,-13.87254255319149,-11.597850877192982,-14.689894736842104,-12.314166027607362,-13.019981431465226,-13.098887125259832,1.0958988154848561,80,9.865961311529649,14.538471981421363,0.41850427187020944,13.098887125259832,1.1279617183379465,n200__absolute_error__boostrap_true__samples_0.7
108.89891738891602,2.5457516925361583,3.818654775619507,0.356393286828761,True,absolute_error,22,0.875,0.7,3,2,200,"{'bootstrap': True, 'criterion': 'absolute_error', 'max_depth': 22, 'max_features': 0.875, 'max_samples': 0.7, 'min_samples_leaf': 3, 'min_samples_split': 2, 'n_estimators': 200}",-9.666764572636666,-9.745697093551316,-10.234212990936555,-9.865865471527568,-9.749109403254973,-9.852329906381417,0.20123489951730994,45,-14.43991510157409,-14.488431816575504,-15.265632358681476,-14.165407550702813,-14.371270325707572,-14.546131430648291,0.3762498686374759,38,-0.4297795228027786,-0.394792612776264,-0.43202416918429004,-0.3974088580897861,-0.44454490657022305,-0.41971001388466833,0.01994002885194925,67,2.152436575052854,-0.5045345140781111,2.3361495468277944,-0.15636110274178971,1.8022317661241714,1.1259844542369837,1.2065169843832197,32,-13.7503074490513,-11.703819018404909,-14.54821678321678,-12.216014025777104,-12.992322033898304,-13.042135862069681,1.0242887695923162,52,9.852329906381417,14.546131430648291,0.41971001388466833,13.042135862069681,1.1259844542369837,n200__absolute_error__boostrap_true__samples_0.7
107.41051287651062,0.9956356266140447,4.0711017608642575,0.15029113567845895,True,absolute_error,22,0.875,0.7,3,4,200,"{'bootstrap': True, 'criterion': 'absolute_error', 'max_depth': 22, 'max_features': 0.875, 'max_samples': 0.7, 'min_samples_leaf': 3, 'min_samples_split': 4, 'n_estimators': 200}",-9.666764572636666,-9.745697093551316,-10.234212990936555,-9.865865471527568,-9.749109403254973,-9.852329906381417,0.20123489951730994,45,-14.43991510157409,-14.488431816575504,-15.265632358681476,-14.165407550702813,-14.371270325707572,-14.546131430648291,0.3762498686374759,38,-0.4297795228027786,-0.394792612776264,-0.43202416918429004,-0.3974088580897861,-0.44454490657022305,-0.41971001388466833,0.01994002885194925,67,2.152436575052854,-0.5045345140781111,2.3361495468277944,-0.15636110274178971,1.8022317661241714,1.1259844542369837,1.2065169843832197,32,-13.7503074490513,-11.703819018404909,-14.54821678321678,-12.216014025777104,-12.992322033898304,-13.042135862069681,1.0242887695923162,52,9.852329906381417,14.546131430648291,0.41971001388466833,13.042135862069681,1.1259844542369837,n200__absolute_error__boostrap_true__samples_0.7
106.628706407547,1.2550119799410804,3.3684925556182863,0.6207453618367672,True,absolute_error,22,0.875,0.7,3,8,200,"{'bootstrap': True, 'criterion': 'absolute_error', 'max_depth': 22, 'max_features': 0.875, 'max_samples': 0.7, 'min_samples_leaf': 3, 'min_samples_split': 8, 'n_estimators': 200}",-9.622048474781034,-9.740826521344232,-10.26137235649547,-9.776352817113589,-9.808916515973479,-9.841903337141561,0.21903969614649113,39,-14.342831847374802,-14.525006424815532,-15.358907770359645,-14.076175670168336,-14.483835128233492,-14.557351368190362,0.4304630474119244,52,-0.42555119299305344,-0.39358159249167424,-0.43444108761329303,-0.3937933112383248,-0.44544906570223025,-0.4185632500077151,0.021266956710554463,48,2.133969344608879,-0.5107039055404177,2.336509818731118,-0.1403585417294362,1.762344786015672,1.116352300417163,1.197352842539841,34,-13.812695173882185,-11.72580576923077,-14.498953407510433,-12.234837413925018,-12.988310216508799,-13.05212039621144,1.010240907598278,62,9.841903337141561,14.557351368190362,0.4185632500077151,13.05212039621144,1.116352300417163,n200__absolute_error__boostrap_true__samples_0.7
97.48695492744446,1.516635899733694,3.3056921005249023,0.3807783861088134,True,absolute_error,22,0.875,0.7,4,2,200,"{'bootstrap': True, 'criterion': 'absolute_error', 'max_depth': 22, 'max_features': 0.875, 'max_samples': 0.7, 'min_samples_leaf': 4, 'min_samples_split': 2, 'n_estimators': 200}",-9.677618544246451,-9.740438237965487,-10.227574018126889,-9.756970473034047,-9.694654912597949,-9.819451237194164,0.20610761251100274,27,-14.469871517835807,-14.571521639777412,-15.37062109479897,-14.0297148244946,-14.359695090975526,-14.560284833576464,0.44422662439406446,55,-0.4273633343400785,-0.3890402664244626,-0.4326283987915408,-0.3895751732449533,-0.4475587703435805,-0.4172331886289231,0.023744809672092318,33,2.246482935668982,-0.4974697244928858,2.43608912386707,-0.22150346489906608,1.8213155515370705,1.1569828843362342,1.257131582330227,24,-13.95077738515901,-11.879192607003892,-14.635728002793295,-12.238288863109048,-12.865316498316497,-13.113860671276347,1.0362736305453892,83,9.819451237194164,14.560284833576464,0.4172331886289231,13.113860671276347,1.1569828843362342,n200__absolute_error__boostrap_true__samples_0.7
96.79825353622437,0.9085811248633942,3.900735282897949,0.1294292452663756,True,absolute_error,22,0.875,0.7,4,4,200,"{'bootstrap': True, 'criterion': 'absolute_error', 'max_depth': 22, 'max_features': 0.875, 'max_samples': 0.7, 'min_samples_leaf': 4, 'min_samples_split': 4, 'n_estimators': 200}",-9.677618544246451,-9.740438237965487,-10.227574018126889,-9.756970473034047,-9.694654912597949,-9.819451237194164,0.20610761251100274,27,-14.469871517835807,-14.571521639777412,-15.37062109479897,-14.0297148244946,-14.359695090975526,-14.560284833576464,0.44422662439406446,55,-0.4273633343400785,-0.3890402664244626,-0.4326283987915408,-0.3895751732449533,-0.4475587703435805,-0.4172331886289231,0.023744809672092318,33,2.246482935668982,-0.4974697244928858,2.43608912386707,-0.22150346489906608,1.8213155515370705,1.1569828843362342,1.257131582330227,24,-13.95077738515901,-11.879192607003892,-14.635728002793295,-12.238288863109048,-12.865316498316497,-13.113860671276347,1.0362736305453892,83,9.819451237194164,14.560284833576464,0.4172331886289231,13.113860671276347,1.1569828843362342,n200__absolute_error__boostrap_true__samples_0.7
96.9226478099823,1.2942186648718137,4.122021818161011,0.2859562517488592,True,absolute_error,22,0.875,0.7,4,8,200,"{'bootstrap': True, 'criterion': 'absolute_error', 'max_depth': 22, 'max_features': 0.875, 'max_samples': 0.7, 'min_samples_leaf': 4, 'min_samples_split': 8, 'n_estimators': 200}",-9.677618544246451,-9.740438237965487,-10.227574018126889,-9.756970473034047,-9.694654912597949,-9.819451237194164,0.20610761251100274,27,-14.469871517835807,-14.571521639777412,-15.37062109479897,-14.0297148244946,-14.359695090975526,-14.560284833576464,0.44422662439406446,55,-0.4273633343400785,-0.3890402664244626,-0.4326283987915408,-0.3895751732449533,-0.4475587703435805,-0.4172331886289231,0.023744809672092318,33,2.246482935668982,-0.4974697244928858,2.43608912386707,-0.22150346489906608,1.8213155515370705,1.1569828843362342,1.257131582330227,24,-13.95077738515901,-11.879192607003892,-14.635728002793295,-12.238288863109048,-12.865316498316497,-13.113860671276347,1.0362736305453892,83,9.819451237194164,14.560284833576464,0.4172331886289231,13.113860671276347,1.1569828843362342,n200__absolute_error__boostrap_true__samples_0.7
183.7273283958435,1.4425479125158787,3.907851982116699,0.2961133059838383,True,absolute_error,22,1.0,0.7,1,2,200,"{'bootstrap': True, 'criterion': 'absolute_error', 'max_depth': 22, 'max_features': 1.0, 'max_samples': 0.7, 'min_samples_leaf': 1, 'min_samples_split': 2, 'n_estimators': 200}",-9.666994865599516,-9.786575840145321,-10.257738670694865,-9.809548809882495,-9.710118294153105,-9.84619529609506,0.21208259636460733,40,-14.360833771005765,-14.68383179314161,-15.377459540703784,-14.103645317842705,-14.379325954357968,-14.581019275410366,0.4386194837108247,73,-0.42524916943521596,-0.39872842870118075,-0.44018126888217524,-0.39710756251883095,-0.4487643158529234,-0.4220061490780653,0.02106486899400932,84,2.0883177287828456,-0.36464274901604626,2.403865558912387,-0.08203299186501976,1.8010149186256776,1.169304493087969,1.1564276075199786,22,-13.821676136363635,-11.814975322703113,-14.382261496225121,-12.247960925644916,-12.825366017461384,-13.018447979679632,0.9575427050801883,41,9.84619529609506,14.581019275410366,0.4220061490780653,13.018447979679632,1.169304493087969,n200__absolute_error__boostrap_true__samples_0.7
180.06560821533202,1.4782460723307471,3.719641637802124,0.16759042301469115,True,absolute_error,22,1.0,0.7,1,4,200,"{'bootstrap': True, 'criterion': 'absolute_error', 'max_depth': 22, 'max_features': 1.0, 'max_samples': 0.7, 'min_samples_leaf': 1, 'min_samples_split': 4, 'n_estimators': 200}",-9.648400030202357,-9.771881622767182,-10.247494712990937,-9.902665712564025,-9.74994575045208,-9.864077565795316,0.2081060865897553,50,-14.29433420471238,-14.594454254722512,-15.329420183638414,-14.209099601885727,-14.461840079803869,-14.57782966495258,0.3987354521515531,69,-0.4288734521292661,-0.40084771419921283,-0.43655589123867067,-0.4043386562217535,-0.4496684749849307,-0.42405683775476677,0.01877685901753259,92,2.0497017517366354,-0.36751286709052333,2.36379833836858,-0.020068544742392034,1.8134162145871007,1.16786697857188,1.1307696740402806,23,-13.638174295774649,-11.730600453172206,-14.444076124567475,-12.22069299552906,-12.857652479892762,-12.97823926978723,0.972544299414796,21,9.864077565795316,14.57782966495258,0.42405683775476677,12.97823926978723,1.16786697857188,n200__absolute_error__boostrap_true__samples_0.7
172.0498598098755,0.9597343135399782,4.149189281463623,0.2547280205356236,True,absolute_error,22,1.0,0.7,1,8,200,"{'bootstrap': True, 'criterion': 'absolute_error', 'max_depth': 22, 'max_features': 1.0, 'max_samples': 0.7, 'min_samples_leaf': 1, 'min_samples_split': 8, 'n_estimators': 200}",-9.689922228933858,-9.744476233726914,-10.320162386706949,-9.795259867429948,-9.683150241109102,-9.846594191581355,0.24024577183074453,41,-14.395779687803207,-14.573668746186893,-15.390101718089028,-14.10109696775785,-14.367213475755886,-14.565572119118574,0.43905065819526956,59,-0.42857142857142855,-0.3984256736300333,-0.43383685800604227,-0.3986140403736065,-0.4475587703435805,-0.4214013541849382,0.019684540684435817,79,2.2076147689519785,-0.35157584014532217,2.347095921450151,-0.06494953299186478,1.792148131404461,1.1860666897338807,1.1565699467137864,19,-13.880459830866807,-11.787518996960488,-14.599103412256268,-12.205177626606199,-12.819878787878789,-13.05842773091371,1.043989336841722,67,9.846594191581355,14.565572119118574,0.4214013541849382,13.05842773091371,1.1860666897338807,n200__absolute_error__boostrap_true__samples_0.7
143.68549942970276,2.8542075915470817,4.145787334442138,0.35000924939700556,True,absolute_error,22,1.0,0.7,2,2,200,"{'bootstrap': True, 'criterion': 'absolute_error', 'max_depth': 22, 'max_features': 1.0, 'max_samples': 0.7, 'min_samples_leaf': 2, 'min_samples_split': 2, 'n_estimators': 200}",-9.594805194805193,-9.707216167120798,-10.218197129909365,-9.821035703525158,-9.747423899939722,-9.817735619060048,0.21318375800714828,24,-14.27924095396472,-14.537619522095419,-15.247125947848726,-14.137554118814661,-14.351181650907733,-14.510544438726253,0.390206345072055,1,-0.42826940501359106,-0.397517408416591,-0.4326283987915408,-0.3977101536607412,-0.44544906570223025,-0.4203148863169388,0.01937690825495436,71,2.014243430987617,-0.4719800181653034,2.2227666163141993,-0.1530076830370595,1.6250836347197104,1.047421196163833,1.1313253756069281,50,-13.553441466854725,-11.616140517897945,-14.37834846368715,-12.15461553030303,-12.76521650879567,-12.893552497507704,0.9832956672536994,3,9.817735619060048,14.510544438726253,0.4203148863169388,12.893552497507704,1.047421196163833,n200__absolute_error__boostrap_true__samples_0.7
143.20411138534547,1.402792414304292,3.525961399078369,0.17129206100799538,True,absolute_error,22,1.0,0.7,2,4,200,"{'bootstrap': True, 'criterion': 'absolute_error', 'max_depth': 22, 'max_features': 1.0, 'max_samples': 0.7, 'min_samples_leaf': 2, 'min_samples_split': 4, 'n_estimators': 200}",-9.594805194805193,-9.707216167120798,-10.218197129909365,-9.821035703525158,-9.747423899939722,-9.817735619060048,0.21318375800714828,24,-14.27924095396472,-14.537619522095419,-15.247125947848726,-14.137554118814661,-14.351181650907733,-14.510544438726253,0.390206345072055,1,-0.42826940501359106,-0.397517408416591,-0.4326283987915408,-0.3977101536607412,-0.44544906570223025,-0.4203148863169388,0.01937690825495436,71,2.014243430987617,-0.4719800181653034,2.2227666163141993,-0.1530076830370595,1.6250836347197104,1.047421196163833,1.1313253756069281,50,-13.553441466854725,-11.616140517897945,-14.37834846368715,-12.15461553030303,-12.76521650879567,-12.893552497507704,0.9832956672536994,3,9.817735619060048,14.510544438726253,0.4203148863169388,12.893552497507704,1.047421196163833,n200__absolute_error__boostrap_true__samples_0.7
139.9351539134979,1.1704957105978404,4.055516290664673,0.3361280002844639,True,absolute_error,22,1.0,0.7,2,8,200,"{'bootstrap': True, 'criterion': 'absolute_error', 'max_depth': 22, 'max_features': 1.0, 'max_samples': 0.7, 'min_samples_leaf': 2, 'min_samples_split': 8, 'n_estimators': 200}",-9.607923588039869,-9.740143808658795,-10.20680740181269,-9.779838806869538,-9.726622212176009,-9.81226716351138,0.2054296623149907,19,-14.27529197207361,-14.638277013517083,-15.277259900950607,-14.098858316413535,-14.385415464798413,-14.535020533550647,0.41028264917605395,22,-0.42826940501359106,-0.39660914320314866,-0.4335347432024169,-0.39228683338354925,-0.44333936106088007,-0.41880789717271727,0.02051508882462949,54,2.0153820598006646,-0.35354828943384814,2.3435430513595166,-0.17606357336547154,1.6179347498493064,1.0894495996420335,1.1307664974996972,42,-13.570086389280677,-11.833559160305343,-14.474445993031358,-12.240756528417819,-12.79443915703603,-12.982657445614246,0.9462320855322957,24,9.81226716351138,14.535020533550647,0.41880789717271727,12.982657445614246,1.0894495996420335,n200__absolute_error__boostrap_true__samples_0.7
124.90959773063659,1.026613470559104,4.174259662628174,0.240947517059721,True,absolute_error,22,1.0,0.7,3,2,200,"{'bootstrap': True, 'criterion': 'absolute_error', 'max_depth': 22, 'max_features': 1.0, 'max_samples': 0.7, 'min_samples_leaf': 3, 'min_samples_split': 2, 'n_estimators': 200}",-9.625835850196315,-9.758898728428703,-10.19538670694864,-9.782547454052425,-9.70837778782399,-9.814209305490014,0.1980115213541082,20,-14.28941873225617,-14.639580355539579,-15.248805083565928,-14.07428592422687,-14.368575829834787,-14.524133185084668,0.4050009710740608,6,-0.4219269102990033,-0.39146230699364215,-0.42658610271903324,-0.3907803555287737,-0.44454490657022305,-0.41506011642213514,0.0209557508441131,17,1.9368838719420118,-0.5222577959430815,2.2218444108761326,-0.24592045796926745,1.6883175105485233,1.0157735078908638,1.1586870773735192,64,-13.702278095919828,-11.79761214230472,-14.554190864022662,-12.20202968388589,-12.818384745762712,-13.014899106379161,1.002304458263034,37,9.814209305490014,14.524133185084668,0.41506011642213514,13.014899106379161,1.0157735078908638,n200__absolute_error__boostrap_true__samples_0.7
126.17546949386596,1.1703076782000572,3.724950742721558,0.41699083334241094,True,absolute_error,22,1.0,0.7,3,4,200,"{'bootstrap': True, 'criterion': 'absolute_error', 'max_depth': 22, 'max_features': 1.0, 'max_samples': 0.7, 'min_samples_leaf': 3, 'min_samples_split': 4, 'n_estimators': 200}",-9.625835850196315,-9.758898728428703,-10.19538670694864,-9.782547454052425,-9.70837778782399,-9.814209305490014,0.1980115213541082,20,-14.28941873225617,-14.639580355539579,-15.248805083565928,-14.07428592422687,-14.368575829834787,-14.524133185084668,0.4050009710740608,6,-0.4219269102990033,-0.39146230699364215,-0.42658610271903324,-0.3907803555287737,-0.44454490657022305,-0.41506011642213514,0.0209557508441131,17,1.9368838719420118,-0.5222577959430815,2.2218444108761326,-0.24592045796926745,1.6883175105485233,1.0157735078908638,1.1586870773735192,64,-13.702278095919828,-11.79761214230472,-14.554190864022662,-12.20202968388589,-12.818384745762712,-13.014899106379161,1.002304458263034,37,9.814209305490014,14.524133185084668,0.41506011642213514,13.014899106379161,1.0157735078908638,n200__absolute_error__boostrap_true__samples_0.7
124.08739748001099,1.735475754821917,3.622869920730591,0.11355297187807277,True,absolute_error,22,1.0,0.7,3,8,200,"{'bootstrap': True, 'criterion': 'absolute_error', 'max_depth': 22, 'max_features': 1.0, 'max_samples': 0.7, 'min_samples_leaf': 3, 'min_samples_split': 8, 'n_estimators': 200}",-9.605714285714285,-9.72283757190433,-10.194793051359516,-9.760647032238627,-9.695308921036768,-9.795860172450706,0.20590566758217785,13,-14.29246460232765,-14.635565201812026,-15.240786989115197,-14.07948494266581,-14.399047077096835,-14.529469762603503,0.3982201150167205,17,-0.42283298097251587,-0.3923705722070845,-0.4335347432024169,-0.39228683338354925,-0.44394213381555153,-0.4169934527162236,0.021216262996178004,31,2.0575520990637273,-0.4263162276718134,2.189977341389728,-0.19479888520638758,1.6562628089210374,1.0565354272992582,1.1323501644225447,48,-13.791812499999999,-11.846608796296298,-14.283480836236935,-12.192415514592932,-12.784967752885269,-12.979857080002287,0.9274701335529918,22,9.795860172450706,14.529469762603503,0.4169934527162236,12.979857080002287,1.0565354272992582,n200__absolute_error__boostrap_true__samples_0.7
112.76072034835815,1.4269860709357953,4.068360471725464,0.22378167024981152,True,absolute_error,22,1.0,0.7,4,2,200,"{'bootstrap': True, 'criterion': 'absolute_error', 'max_depth': 22, 'max_features': 1.0, 'max_samples': 0.7, 'min_samples_leaf': 4, 'min_samples_split': 2, 'n_estimators': 200}",-9.603132739353669,-9.752461398728428,-10.228743202416918,-9.73163226875565,-9.6850226039783,-9.800198442646593,0.22033207751844638,15,-14.307388014287486,-14.611181273106558,-15.333915878681195,-14.044747672145062,-14.38746807120697,-14.536940181885456,0.4377148791331884,26,-0.4249471458773784,-0.3884347562821677,-0.4283987915407855,-0.38746610424826755,-0.44273658830620854,-0.4143966772509615,0.02240446051162552,9,2.014641347025068,-0.5147366030881015,2.234605740181269,-0.22423998192226582,1.7121865581675708,1.044491412072708,1.1699787324346325,52,-13.66966950959488,-11.890960639127044,-14.54643335684062,-12.268676127527218,-12.871320626276379,-13.04941205187323,0.9601111307046455,59,9.800198442646593,14.536940181885456,0.4143966772509615,13.04941205187323,1.044491412072708,n200__absolute_error__boostrap_true__samples_0.7
112.36825041770935,0.6904604886214355,3.652770519256592,0.10625497824277413,True,absolute_error,22,1.0,0.7,4,4,200,"{'bootstrap': True, 'criterion': 'absolute_error', 'max_depth': 22, 'max_features': 1.0, 'max_samples': 0.7, 'min_samples_leaf': 4, 'min_samples_split': 4, 'n_estimators': 200}",-9.603132739353669,-9.752461398728428,-10.228743202416918,-9.73163226875565,-9.6850226039783,-9.800198442646593,0.22033207751844638,15,-14.307388014287486,-14.611181273106558,-15.333915878681195,-14.044747672145062,-14.38746807120697,-14.536940181885456,0.4377148791331884,26,-0.4249471458773784,-0.3884347562821677,-0.4283987915407855,-0.38746610424826755,-0.44273658830620854,-0.4143966772509615,0.02240446051162552,9,2.014641347025068,-0.5147366030881015,2.234605740181269,-0.22423998192226582,1.7121865581675708,1.044491412072708,1.1699787324346325,52,-13.66966950959488,-11.890960639127044,-14.54643335684062,-12.268676127527218,-12.871320626276379,-13.04941205187323,0.9601111307046455,59,9.800198442646593,14.536940181885456,0.4143966772509615,13.04941205187323,1.044491412072708,n200__absolute_error__boostrap_true__samples_0.7
112.36551599502563,0.6025086265240374,3.7039682865142822,0.16056804629938545,True,absolute_error,22,1.0,0.7,4,8,200,"{'bootstrap': True, 'criterion': 'absolute_error', 'max_depth': 22, 'max_features': 1.0, 'max_samples': 0.7, 'min_samples_leaf': 4, 'min_samples_split': 8, 'n_estimators': 200}",-9.603132739353669,-9.752461398728428,-10.228743202416918,-9.73163226875565,-9.6850226039783,-9.800198442646593,0.22033207751844638,15,-14.307388014287486,-14.611181273106558,-15.333915878681195,-14.044747672145062,-14.38746807120697,-14.536940181885456,0.4377148791331884,26,-0.4249471458773784,-0.3884347562821677,-0.4283987915407855,-0.38746610424826755,-0.44273658830620854,-0.4143966772509615,0.02240446051162552,9,2.014641347025068,-0.5147366030881015,2.234605740181269,-0.22423998192226582,1.7121865581675708,1.044491412072708,1.1699787324346325,52,-13.66966950959488,-11.890960639127044,-14.54643335684062,-12.268676127527218,-12.871320626276379,-13.04941205187323,0.9601111307046455,59,9.800198442646593,14.536940181885456,0.4143966772509615,13.04941205187323,1.044491412072708,n200__absolute_error__boostrap_true__samples_0.7
164.58774709701538,1.5279042676404886,3.976814603805542,0.20287106724522624,True,absolute_error,24,0.875,0.7,1,2,200,"{'bootstrap': True, 'criterion': 'absolute_error', 'max_depth': 24, 'max_features': 0.875, 'max_samples': 0.7, 'min_samples_leaf': 1, 'min_samples_split': 2, 'n_estimators': 200}",-9.764099214738748,-9.864960641840751,-10.387276435045315,-9.931141156974991,-9.816366033755275,-9.952768696471015,0.22413247847495124,87,-14.428449284915075,-14.593796051258913,-15.436061662142395,-14.165945911346576,-14.419899951641677,-14.608830572260928,0.43564121108857057,90,-0.4334038054968288,-0.39691189827429607,-0.4353474320241692,-0.3977101536607412,-0.44454490657022305,-0.4215836392052517,0.020174321478237934,82,2.055212171549381,-0.502120799273387,2.2970438066465255,-0.228914582705634,1.7070034659433393,1.0656448124320448,1.1866508335986667,47,-13.635449477351917,-11.79460717009916,-14.568043025676616,-12.197609848484849,-12.960861016949151,-13.031314107712339,0.9955888500329759,44,9.952768696471015,14.608830572260928,0.4215836392052517,13.031314107712339,1.0656448124320448,n200__absolute_error__boostrap_true__samples_0.7
160.90595588684081,1.728380954874598,3.391567850112915,0.23553722156937237,True,absolute_error,24,0.875,0.7,1,4,200,"{'bootstrap': True, 'criterion': 'absolute_error', 'max_depth': 24, 'max_features': 0.875, 'max_samples': 0.7, 'min_samples_leaf': 1, 'min_samples_split': 4, 'n_estimators': 200}",-9.750595741467835,-9.929127308507418,-10.382435045317221,-9.985275685447423,-9.946291440626883,-9.998745044273354,0.20812281310791772,91,-14.428037191702462,-14.58374320009214,-15.427597711015494,-14.210598456663783,-14.498712982000104,-14.629737908294796,0.41766598335945326,92,-0.4324977348233162,-0.39691189827429607,-0.43927492447129907,-0.40132570051220245,-0.4475587703435805,-0.42351380568493885,0.02052928475440531,90,2.1542879794623984,-0.5890001513775353,2.3416480362537766,-0.18946068092799034,1.741945449065702,1.0918841264952701,1.23129265174018,39,-13.76294343575419,-11.76599542334096,-14.483051925722144,-12.20432057057057,-13.057767676767678,-13.054815806431108,0.9925433986971891,65,9.998745044273354,14.629737908294796,0.42351380568493885,13.054815806431108,1.0918841264952701,n200__absolute_error__boostrap_true__samples_0.7
155.04739289283754,2.1214087318283172,3.660181188583374,0.4825601602576088,True,absolute_error,24,0.875,0.7,1,8,200,"{'bootstrap': True, 'criterion': 'absolute_error', 'max_depth': 24, 'max_features': 0.875, 'max_samples': 0.7, 'min_samples_leaf': 1, 'min_samples_split': 8, 'n_estimators': 200}",-9.785580640289941,-9.845315622161673,-10.362031722054379,-9.946489906598373,-9.848376280892102,-9.957558834399295,0.20871832978614482,89,-14.450951418326072,-14.526095274768545,-15.426547057591684,-14.209729799204682,-14.40288133274996,-14.603240976528188,0.4247285028078489,87,-0.42826940501359106,-0.39691189827429607,-0.43836858006042295,-0.3974088580897861,-0.44695599758890897,-0.421582947805401,0.020800505349913952,81,2.108658260344307,-0.46728807145019663,2.4087099697885197,-0.17741337752335068,1.6421104581072936,1.1029554478533146,1.1926550366807323,38,-13.886398095909732,-11.813739511823034,-14.566214679531358,-12.29096474601971,-12.854158799730275,-13.082295166602822,1.0135168599953177,77,9.957558834399295,14.603240976528188,0.421582947805401,13.082295166602822,1.1029554478533146,n200__absolute_error__boostrap_true__samples_0.7
128.17616209983825,3.0243556573717614,3.6333552837371825,0.2618911329129441,True,absolute_error,24,0.875,0.7,2,2,200,"{'bootstrap': True, 'criterion': 'absolute_error', 'max_depth': 24, 'max_features': 0.875, 'max_samples': 0.7, 'min_samples_leaf': 2, 'min_samples_split': 2, 'n_estimators': 200}",-9.728460434913924,-9.883552830759916,-10.340299093655588,-9.90307698101838,-9.851405213984329,-9.941358910866427,0.20850791214708161,83,-14.383516884143221,-14.532586745279817,-15.355659084075306,-14.140337434161832,-14.443038869454867,-14.57102780342301,0.4133181989148344,66,-0.4249471458773784,-0.392067817135937,-0.43716012084592143,-0.3931907200964146,-0.44695599758890897,-0.41886436030891205,0.02253027184368767,55,1.9999539414074297,-0.6920435967302452,2.2732039274924474,-0.3393695390177764,1.6333747739602171,0.9750239014224146,1.2390256654316192,68,-13.799850746268657,-11.721835907335908,-14.426639599170699,-12.161664750957854,-12.84777478084963,-12.991553156916549,1.0034328050592958,29,9.941358910866427,14.57102780342301,0.41886436030891205,12.991553156916549,0.9750239014224146,n200__absolute_error__boostrap_true__samples_0.7
128.30008654594423,1.8522723336416116,3.0964377403259276,0.3768782748683615,True,absolute_error,24,0.875,0.7,2,4,200,"{'bootstrap': True, 'criterion': 'absolute_error', 'max_depth': 24, 'max_features': 0.875, 'max_samples': 0.7, 'min_samples_leaf': 2, 'min_samples_split': 4, 'n_estimators': 200}",-9.728460434913924,-9.883552830759916,-10.340299093655588,-9.90307698101838,-9.851405213984329,-9.941358910866427,0.20850791214708161,83,-14.383516884143221,-14.532586745279817,-15.355659084075306,-14.140337434161832,-14.443038869454867,-14.57102780342301,0.4133181989148344,66,-0.4249471458773784,-0.392067817135937,-0.43716012084592143,-0.3931907200964146,-0.44695599758890897,-0.41886436030891205,0.02253027184368767,55,1.9999539414074297,-0.6920435967302452,2.2732039274924474,-0.3393695390177764,1.6333747739602171,0.9750239014224146,1.2390256654316192,68,-13.799850746268657,-11.721835907335908,-14.426639599170699,-12.161664750957854,-12.84777478084963,-12.991553156916549,1.0034328050592958,29,9.941358910866427,14.57102780342301,0.41886436030891205,12.991553156916549,0.9750239014224146,n200__absolute_error__boostrap_true__samples_0.7
124.61344323158264,1.5088280700563863,3.077214574813843,0.7328282884230513,True,absolute_error,24,0.875,0.7,2,8,200,"{'bootstrap': True, 'criterion': 'absolute_error', 'max_depth': 24, 'max_features': 0.875, 'max_samples': 0.7, 'min_samples_leaf': 2, 'min_samples_split': 8, 'n_estimators': 200}",-9.723861371186953,-9.76929003935816,-10.261758308157098,-9.880485839108166,-9.850005274261603,-9.897080166414396,0.19069170502565133,62,-14.379724783387475,-14.484481523967824,-15.279518820102519,-14.104557995956435,-14.414163903427959,-14.532489405368443,0.39517615020502295,18,-0.4237390516460284,-0.3944898577051166,-0.43444108761329303,-0.3952997890931003,-0.44695599758890897,-0.41898515672928943,0.020999378891337395,60,2.0666218665055873,-0.5591976990614589,2.2860891238670695,-0.30069674600783347,1.698049276672695,1.038173164395212,1.2161088578523302,58,-13.91243406985032,-11.673420951650039,-14.441368219749652,-12.117118902439023,-12.918558664868511,-13.012580161711508,1.044529623266284,36,9.897080166414396,14.532489405368443,0.41898515672928943,13.012580161711508,1.038173164395212,n200__absolute_error__boostrap_true__samples_0.7
110.38927807807923,0.5564539043446255,3.7940969467163086,0.13728099683550957,True,absolute_error,24,0.875,0.7,3,2,200,"{'bootstrap': True, 'criterion': 'absolute_error', 'max_depth': 24, 'max_features': 0.875, 'max_samples': 0.7, 'min_samples_leaf': 3, 'min_samples_split': 2, 'n_estimators': 200}",-9.746271519178496,-9.778554344535271,-10.3054833836858,-9.870850406749021,-9.79195147679325,-9.898622226188367,0.20751528056637572,65,-14.429099410850803,-14.521990717521758,-15.31855837274955,-14.120012017076446,-14.388385246807529,-14.555609153001217,0.40421160933505595,50,-0.4267592872244035,-0.394792612776264,-0.4314199395770393,-0.3940946068092799,-0.44454490657022305,-0.4183222705914419,0.020351822077827167,44,2.0587284808215043,-0.5773327278231906,2.245117824773414,-0.2710326905694484,1.7449502712477398,1.040086231690004,1.2100944926084083,55,-13.830981953290872,-11.653234279141103,-14.545689775910361,-12.17958524464832,-12.976081355932203,-13.037114521784574,1.0545359956517208,48,9.898622226188367,14.555609153001217,0.4183222705914419,13.037114521784574,1.040086231690004,n200__absolute_error__boostrap_true__samples_0.7
110.86345772743225,0.7939499656863696,3.0728336334228517,0.7892905725535158,True,absolute_error,24,0.875,0.7,3,4,200,"{'bootstrap': True, 'criterion': 'absolute_error', 'max_depth': 24, 'max_features': 0.875, 'max_samples': 0.7, 'min_samples_leaf': 3, 'min_samples_split': 4, 'n_estimators': 200}",-9.746271519178496,-9.778554344535271,-10.3054833836858,-9.870850406749021,-9.79195147679325,-9.898622226188367,0.20751528056637572,65,-14.429099410850803,-14.521990717521758,-15.31855837274955,-14.120012017076446,-14.388385246807529,-14.555609153001217,0.40421160933505595,50,-0.4267592872244035,-0.394792612776264,-0.4314199395770393,-0.3940946068092799,-0.44454490657022305,-0.4183222705914419,0.020351822077827167,44,2.0587284808215043,-0.5773327278231906,2.245117824773414,-0.2710326905694484,1.7449502712477398,1.040086231690004,1.2100944926084083,55,-13.830981953290872,-11.653234279141103,-14.545689775910361,-12.17958524464832,-12.976081355932203,-13.037114521784574,1.0545359956517208,48,9.898622226188367,14.555609153001217,0.4183222705914419,13.037114521784574,1.040086231690004,n200__absolute_error__boostrap_true__samples_0.7
109.99346733093262,0.7691659875021722,2.250916004180908,0.19933497471238376,True,absolute_error,24,0.875,0.7,3,8,200,"{'bootstrap': True, 'criterion': 'absolute_error', 'max_depth': 24, 'max_features': 0.875, 'max_samples': 0.7, 'min_samples_leaf': 3, 'min_samples_split': 8, 'n_estimators': 200}",-9.700138930836605,-9.81487587042083,-10.27896903323263,-9.894369539017775,-9.854437914406269,-9.908558257582822,0.19623938413237724,70,-14.369906916752596,-14.537633884223064,-15.285155450037058,-14.190893796998237,-14.449487338413693,-14.56661547728493,0.37701980449802125,60,-0.42615524010872846,-0.39146230699364215,-0.43383685800604227,-0.39650497137692076,-0.4472573839662447,-0.4190433520903157,0.021606253802858518,61,2.025804892781637,-0.627199515591886,2.2543542296072507,-0.2153984633925878,1.65870253164557,1.0192527350099967,1.1985564305377812,63,-13.757831325301204,-11.735071539056456,-14.444742339832871,-12.20535904255319,-12.870822102425876,-13.002765269833919,0.990932460292418,32,9.908558257582822,14.56661547728493,0.4190433520903157,13.002765269833919,1.0192527350099967,n200__absolute_error__boostrap_true__samples_0.7
99.2905993938446,3.370774882299652,3.1058513641357424,0.8838433138624775,True,absolute_error,24,0.875,0.7,4,2,200,"{'bootstrap': True, 'criterion': 'absolute_error', 'max_depth': 24, 'max_features': 0.875, 'max_samples': 0.7, 'min_samples_leaf': 4, 'min_samples_split': 2, 'n_estimators': 200}",-9.659326487466023,-9.784963669391463,-10.254501510574018,-9.758641910213921,-9.721905515370706,-9.835867818603225,0.21352446676874254,36,-14.373284007724783,-14.538526693074427,-15.372616606954422,-14.02406103979804,-14.359882576168273,-14.53367418474399,0.45154889529677583,19,-0.4273633343400785,-0.38813200121102026,-0.43172205438066463,-0.3940946068092799,-0.4451476793248945,-0.4172919352131876,0.022244197875702868,36,2.1796511627906976,-0.5978050257341808,2.3905709969788522,-0.25086095209400405,1.7152599457504525,1.0873632255383634,1.2582792781699723,43,-13.851185512367492,-11.835095553822152,-14.644923023093073,-12.062815366972476,-12.84648442789438,-13.048100776829916,1.0656082338922244,56,9.835867818603225,14.53367418474399,0.4172919352131876,13.048100776829916,1.0873632255383634,n200__absolute_error__boostrap_true__samples_0.7
98.10668816566468,0.9988006731912075,3.7639617919921875,0.4821044189843799,True,absolute_error,24,0.875,0.7,4,4,200,"{'bootstrap': True, 'criterion': 'absolute_error', 'max_depth': 24, 'max_features': 0.875, 'max_samples': 0.7, 'min_samples_leaf': 4, 'min_samples_split': 4, 'n_estimators': 200}",-9.659326487466023,-9.784963669391463,-10.254501510574018,-9.758641910213921,-9.721905515370706,-9.835867818603225,0.21352446676874254,36,-14.373284007724783,-14.538526693074427,-15.372616606954422,-14.02406103979804,-14.359882576168273,-14.53367418474399,0.45154889529677583,19,-0.4273633343400785,-0.38813200121102026,-0.43172205438066463,-0.3940946068092799,-0.4451476793248945,-0.4172919352131876,0.022244197875702868,36,2.1796511627906976,-0.5978050257341808,2.3905709969788522,-0.25086095209400405,1.7152599457504525,1.0873632255383634,1.2582792781699723,43,-13.851185512367492,-11.835095553822152,-14.644923023093073,-12.062815366972476,-12.84648442789438,-13.048100776829916,1.0656082338922244,56,9.835867818603225,14.53367418474399,0.4172919352131876,13.048100776829916,1.0873632255383634,n200__absolute_error__boostrap_true__samples_0.7
100.54263405799865,0.6259939309259376,3.0954449653625487,0.16394280634275238,True,absolute_error,24,0.875,0.7,4,8,200,"{'bootstrap': True, 'criterion': 'absolute_error', 'max_depth': 24, 'max_features': 0.875, 'max_samples': 0.7, 'min_samples_leaf': 4, 'min_samples_split': 8, 'n_estimators': 200}",-9.659326487466023,-9.784963669391463,-10.254501510574018,-9.758641910213921,-9.721905515370706,-9.835867818603225,0.21352446676874254,36,-14.373284007724783,-14.538526693074427,-15.372616606954422,-14.02406103979804,-14.359882576168273,-14.53367418474399,0.45154889529677583,19,-0.4273633343400785,-0.38813200121102026,-0.43172205438066463,-0.3940946068092799,-0.4451476793248945,-0.4172919352131876,0.022244197875702868,36,2.1796511627906976,-0.5978050257341808,2.3905709969788522,-0.25086095209400405,1.7152599457504525,1.0873632255383634,1.2582792781699723,43,-13.851185512367492,-11.835095553822152,-14.644923023093073,-12.062815366972476,-12.84648442789438,-13.048100776829916,1.0656082338922244,56,9.835867818603225,14.53367418474399,0.4172919352131876,13.048100776829916,1.0873632255383634,n200__absolute_error__boostrap_true__samples_0.7
189.86130924224852,0.996232496986249,4.173808956146241,0.5692251488421588,True,absolute_error,24,1.0,0.7,1,2,200,"{'bootstrap': True, 'criterion': 'absolute_error', 'max_depth': 24, 'max_features': 1.0, 'max_samples': 0.7, 'min_samples_leaf': 1, 'min_samples_split': 2, 'n_estimators': 200}",-9.69767743884023,-9.835332273690584,-10.34983157099698,-9.879647484181984,-9.808728902953586,-9.914243534132671,0.22591813675715558,73,-14.333187254841883,-14.698621992753136,-15.420787027612498,-14.105521809498164,-14.406495342079742,-14.592922685357085,0.45526013986212344,81,-0.42857142857142855,-0.39539812291855886,-0.43444108761329303,-0.3977101536607412,-0.4448462929475588,-0.4201934171423162,0.020006275151807824,70,1.9917019027484142,-0.4386989100817436,2.2626729607250757,-0.23134980415787898,1.5571888185654001,1.0283029935598536,1.1375716809101006,62,-13.63760923185342,-11.882496171516081,-14.515782336578582,-12.129810606060605,-12.775106707317075,-12.988161010665152,0.9757112479807307,28,9.914243534132671,14.592922685357085,0.4201934171423162,12.988161010665152,1.0283029935598536,n200__absolute_error__boostrap_true__samples_0.7
185.34258918762208,2.0861959577964075,3.657691478729248,0.6504659844123343,True,absolute_error,24,1.0,0.7,1,4,200,"{'bootstrap': True, 'criterion': 'absolute_error', 'max_depth': 24, 'max_features': 1.0, 'max_samples': 0.7, 'min_samples_leaf': 1, 'min_samples_split': 4, 'n_estimators': 200}",-9.706930685593475,-9.798385558583108,-10.325505287009063,-9.912335793913828,-9.745286317058468,-9.89768872843159,0.224818944825404,63,-14.373847172070862,-14.626940010634652,-15.352717046933007,-14.161014359800587,-14.312313239250978,-14.565366365738019,0.42140916933485856,58,-0.4243430987617034,-0.4014532243415077,-0.43172205438066463,-0.40042181379933717,-0.44424352019288726,-0.42043674229522,0.01714848028352482,73,2.0670077016007244,-0.4041772630941567,2.2513648036253775,-0.20061539620367572,1.637956600361664,1.0703072892579866,1.140165204884847,46,-13.873135231316727,-11.700252639517347,-14.56593421973408,-12.126862302483072,-12.811940298507464,-13.01562493831174,1.0677428070885533,39,9.89768872843159,14.565366365738019,0.42043674229522,13.01562493831174,1.0703072892579866,n200__absolute_error__boostrap_true__samples_0.7
180.01843776702881,0.9222084270620741,3.111728382110596,0.33465917918982446,True,absolute_error,24,1.0,0.7,1,8,200,"{'bootstrap': True, 'criterion': 'absolute_error', 'max_depth': 24, 'max_features': 1.0, 'max_samples': 0.7, 'min_samples_leaf': 1, 'min_samples_split': 8, 'n_estimators': 200}",-9.744429930534581,-9.780846200423857,-10.293984138972808,-9.897422416390478,-9.853838908981315,-9.914104319060609,0.1973656542610868,72,-14.399730606165063,-14.611558994314171,-15.340519349438548,-14.116226145940862,-14.47624810813739,-14.588856640799207,0.40922882295578245,78,-0.42071881606765327,-0.394792612776264,-0.4377643504531722,-0.3986140403736065,-0.4463532248342375,-0.4196486089009867,0.020507245373247388,66,1.9706938991241318,-0.4192158643657287,2.268979607250755,-0.18826453751129857,1.6064775467148888,1.0477341302425498,1.1256220012871674,49,-13.922747666905959,-11.85638995398773,-14.3490027605245,-12.178645124716553,-12.837721134368671,-13.028901328100682,0.9670467899306489,43,9.914104319060609,14.588856640799207,0.4196486089009867,13.028901328100682,1.0477341302425498,n200__absolute_error__boostrap_true__samples_0.7
146.63250007629395,4.890665823926024,4.358908414840698,0.5951016951757224,True,absolute_error,24,1.0,0.7,2,2,200,"{'bootstrap': True, 'criterion': 'absolute_error', 'max_depth': 24, 'max_features': 1.0, 'max_samples': 0.7, 'min_samples_leaf': 2, 'min_samples_split': 2, 'n_estimators': 200}",-9.684670794321956,-9.817889040266424,-10.292150302114804,-9.890450436878577,-9.772640898131403,-9.891560294342634,0.21111424764885423,60,-14.25213087545474,-14.636782300216147,-15.269027987206444,-14.134791338221188,-14.38572349708502,-14.535691199636707,0.40289445832904164,23,-0.4213228631833283,-0.3960036330608538,-0.4335347432024169,-0.3931907200964146,-0.44273658830620854,-0.41735770956984447,0.0198067983783532,40,1.8790501359106009,-0.5121518316681807,2.148710725075529,-0.3183278095811996,1.4917970162748644,0.9378156472023228,1.1260005935551827,82,-13.723111111111109,-11.749560397553516,-14.348170731707317,-12.172365900383141,-12.721376786929884,-12.942916985536993,0.9644034368686487,7,9.891560294342634,14.535691199636707,0.41735770956984447,12.942916985536993,0.9378156472023228,n200__absolute_error__boostrap_true__samples_0.7
147.97453532218933,1.4833350726484569,4.1298542499542235,0.17380726286922007,True,absolute_error,24,1.0,0.7,2,4,200,"{'bootstrap': True, 'criterion': 'absolute_error', 'max_depth': 24, 'max_features': 1.0, 'max_samples': 0.7, 'min_samples_leaf': 2, 'min_samples_split': 4, 'n_estimators': 200}",-9.684670794321956,-9.817889040266424,-10.292150302114804,-9.890450436878577,-9.772640898131403,-9.891560294342634,0.21111424764885423,60,-14.25213087545474,-14.636782300216147,-15.269027987206444,-14.134791338221188,-14.38572349708502,-14.535691199636707,0.40289445832904164,23,-0.4213228631833283,-0.3960036330608538,-0.4335347432024169,-0.3931907200964146,-0.44273658830620854,-0.41735770956984447,0.0198067983783532,40,1.8790501359106009,-0.5121518316681807,2.148710725075529,-0.3183278095811996,1.4917970162748644,0.9378156472023228,1.1260005935551827,82,-13.723111111111109,-11.749560397553516,-14.348170731707317,-12.172365900383141,-12.721376786929884,-12.942916985536993,0.9644034368686487,7,9.891560294342634,14.535691199636707,0.41735770956984447,12.942916985536993,0.9378156472023228,n200__absolute_error__boostrap_true__samples_0.7
145.22166171073914,1.26841011296293,3.5469536781311035,0.24864811898836495,True,absolute_error,24,1.0,0.7,2,8,200,"{'bootstrap': True, 'criterion': 'absolute_error', 'max_depth': 24, 'max_features': 1.0, 'max_samples': 0.7, 'min_samples_leaf': 2, 'min_samples_split': 8, 'n_estimators': 200}",-9.702138326789488,-9.806791553133515,-10.281836102719033,-9.8412541428141,-9.752886528028933,-9.876981330697014,0.2078845926575961,54,-14.347123484001129,-14.602044674490797,-15.338664569883088,-14.092332340070323,-14.348146624960075,-14.545662338681083,0.4280116185590051,37,-0.42283298097251587,-0.39297608234937936,-0.4326283987915408,-0.3940946068092799,-0.44273658830620854,-0.41705373144578484,0.02021105496811285,32,1.8589655693144067,-0.5082145019679079,2.1886956193353475,-0.3252357637842725,1.5796662145871003,0.9587754274969349,1.1409904058928184,74,-13.671005357142858,-11.830970724191062,-14.412520949720673,-12.073266437308869,-12.798301565690947,-12.95721300681088,0.9697893370317772,13,9.876981330697014,14.545662338681083,0.41705373144578484,12.95721300681088,0.9587754274969349,n200__absolute_error__boostrap_true__samples_0.7
128.96586041450502,3.208634838554594,3.9311354637145994,0.30261771628971307,True,absolute_error,24,1.0,0.7,3,2,200,"{'bootstrap': True, 'criterion': 'absolute_error', 'max_depth': 24, 'max_features': 1.0, 'max_samples': 0.7, 'min_samples_leaf': 3, 'min_samples_split': 2, 'n_estimators': 200}",-9.648537450921173,-9.802021646987587,-10.271882930513597,-9.818601988550768,-9.749404761904762,-9.858089755775577,0.2152451181354522,48,-14.277878903383685,-14.661166786081234,-15.32844305830724,-14.05389403225563,-14.371349082068388,-14.538546372419237,0.44040047555914735,30,-0.4204167925098158,-0.39146230699364215,-0.43111782477341387,-0.39168424224163906,-0.44273658830620854,-0.4154835509649438,0.02076016710731684,19,1.8367449411054062,-0.5517506811989098,2.1562122356495466,-0.37143115396203674,1.584802591922845,0.9309155867033703,1.1527231417566939,84,-13.659400143678159,-11.815021268368135,-14.413803433777153,-12.059676923076921,-12.800170183798503,-12.949614390539773,0.9746044520210778,9,9.858089755775577,14.538546372419237,0.4154835509649438,12.949614390539773,0.9309155867033703,n200__absolute_error__boostrap_true__samples_0.7
128.58953671455384,1.2860445014619546,4.371871566772461,0.5202410698857667,True,absolute_error,24,1.0,0.7,3,4,200,"{'bootstrap': True, 'criterion': 'absolute_error', 'max_depth': 24, 'max_features': 1.0, 'max_samples': 0.7, 'min_samples_leaf': 3, 'min_samples_split': 4, 'n_estimators': 200}",-9.648537450921173,-9.802021646987587,-10.271882930513597,-9.818601988550768,-9.749404761904762,-9.858089755775577,0.2152451181354522,48,-14.277878903383685,-14.661166786081234,-15.32844305830724,-14.05389403225563,-14.371349082068388,-14.538546372419237,0.44040047555914735,30,-0.4204167925098158,-0.39146230699364215,-0.43111782477341387,-0.39168424224163906,-0.44273658830620854,-0.4154835509649438,0.02076016710731684,19,1.8367449411054062,-0.5517506811989098,2.1562122356495466,-0.37143115396203674,1.584802591922845,0.9309155867033703,1.1527231417566939,84,-13.659400143678159,-11.815021268368135,-14.413803433777153,-12.059676923076921,-12.800170183798503,-12.949614390539773,0.9746044520210778,9,9.858089755775577,14.538546372419237,0.4154835509649438,12.949614390539773,0.9309155867033703,n200__absolute_error__boostrap_true__samples_0.7
126.42660484313964,1.5520565412881064,3.3287943840026855,0.5725796552577178,True,absolute_error,24,1.0,0.7,3,8,200,"{'bootstrap': True, 'criterion': 'absolute_error', 'max_depth': 24, 'max_features': 1.0, 'max_samples': 0.7, 'min_samples_leaf': 3, 'min_samples_split': 8, 'n_estimators': 200}",-9.654284204167924,-9.81350438994853,-10.237084592145015,-9.822418650195843,-9.736325346594333,-9.85272343661033,0.20155230384014466,47,-14.33051143776119,-14.705818270866237,-15.280470218120188,-14.089902333667748,-14.381273581565473,-14.557595168396166,0.4113177204977328,53,-0.4210208396254908,-0.3902512867090524,-0.4308157099697885,-0.39258812895450435,-0.4388185654008439,-0.414698906131936,0.01983960047545893,16,1.976363636363636,-0.5231940660006057,2.173141993957704,-0.3507434468213319,1.4931562688366484,0.9537448772672101,1.1581607430601564,76,-13.812437230989955,-11.902984871993795,-14.403173211781208,-12.063119723714504,-12.795130494505495,-12.995369106596993,0.9748846545247586,31,9.85272343661033,14.557595168396166,0.414698906131936,12.995369106596993,0.9537448772672101,n200__absolute_error__boostrap_true__samples_0.7
115.14440407752991,1.7176009931771312,3.506912183761597,0.55394356732272,True,absolute_error,24,1.0,0.7,4,2,200,"{'bootstrap': True, 'criterion': 'absolute_error', 'max_depth': 24, 'max_features': 1.0, 'max_samples': 0.7, 'min_samples_leaf': 4, 'min_samples_split': 2, 'n_estimators': 200}",-9.6236590154032,-9.804699515591887,-10.225407854984896,-9.741715878276588,-9.7070132610006,-9.820499105051434,0.21072853499869468,31,-14.319152218426021,-14.630079459086529,-15.28934906446166,-14.088298737513158,-14.407022587805557,-14.546780413458583,0.4098534432300957,40,-0.4237390516460284,-0.38813200121102026,-0.4283987915407855,-0.3895751732449533,-0.4412296564195298,-0.41421493481246346,0.021490104941657706,6,1.9445212926608277,-0.6000991522858009,2.1373187311178246,-0.30810485085869244,1.58294454490657,0.9513161131081457,1.1649071812508285,78,-13.650122950819673,-11.857564352574101,-14.428993300423132,-12.107561871616397,-12.793743169398908,-12.96759712896644,0.9595393556548325,15,9.820499105051434,14.546780413458583,0.41421493481246346,12.96759712896644,0.9513161131081457,n200__absolute_error__boostrap_true__samples_0.7
114.65199089050293,1.657219493766841,4.21367039680481,0.28490215588953866,True,absolute_error,24,1.0,0.7,4,4,200,"{'bootstrap': True, 'criterion': 'absolute_error', 'max_depth': 24, 'max_features': 1.0, 'max_samples': 0.7, 'min_samples_leaf': 4, 'min_samples_split': 4, 'n_estimators': 200}",-9.6236590154032,-9.804699515591887,-10.225407854984896,-9.741715878276588,-9.7070132610006,-9.820499105051434,0.21072853499869468,31,-14.319152218426021,-14.630079459086529,-15.28934906446166,-14.088298737513158,-14.407022587805557,-14.546780413458583,0.4098534432300957,40,-0.4237390516460284,-0.38813200121102026,-0.4283987915407855,-0.3895751732449533,-0.4412296564195298,-0.41421493481246346,0.021490104941657706,6,1.9445212926608277,-0.6000991522858009,2.1373187311178246,-0.30810485085869244,1.58294454490657,0.9513161131081457,1.1649071812508285,78,-13.650122950819673,-11.857564352574101,-14.428993300423132,-12.107561871616397,-12.793743169398908,-12.96759712896644,0.9595393556548325,15,9.820499105051434,14.546780413458583,0.41421493481246346,12.96759712896644,0.9513161131081457,n200__absolute_error__boostrap_true__samples_0.7
115.80411033630371,1.151244637504799,3.7354453086853026,0.10277383266535291,True,absolute_error,24,1.0,0.7,4,8,200,"{'bootstrap': True, 'criterion': 'absolute_error', 'max_depth': 24, 'max_features': 1.0, 'max_samples': 0.7, 'min_samples_leaf': 4, 'min_samples_split': 8, 'n_estimators': 200}",-9.6236590154032,-9.804699515591887,-10.225407854984896,-9.741715878276588,-9.7070132610006,-9.820499105051434,0.21072853499869468,31,-14.319152218426021,-14.630079459086529,-15.28934906446166,-14.088298737513158,-14.407022587805557,-14.546780413458583,0.4098534432300957,40,-0.4237390516460284,-0.38813200121102026,-0.4283987915407855,-0.3895751732449533,-0.4412296564195298,-0.41421493481246346,0.021490104941657706,6,1.9445212926608277,-0.6000991522858009,2.1373187311178246,-0.30810485085869244,1.58294454490657,0.9513161131081457,1.1649071812508285,78,-13.650122950819673,-11.857564352574101,-14.428993300423132,-12.107561871616397,-12.793743169398908,-12.96759712896644,0.9595393556548325,15,9.820499105051434,14.546780413458583,0.41421493481246346,12.96759712896644,0.9513161131081457,n200__absolute_error__boostrap_true__samples_0.7
170.3720417022705,0.7683569348581596,3.9795063495635987,0.22188661093656695,True,absolute_error,26,0.875,0.7,1,2,200,"{'bootstrap': True, 'criterion': 'absolute_error', 'max_depth': 26, 'max_features': 0.875, 'max_samples': 0.7, 'min_samples_leaf': 1, 'min_samples_split': 2, 'n_estimators': 200}",-9.732420718816067,-9.890729639721465,-10.438109516616315,-10.014272371196142,-9.927006479807114,-10.00050774523142,0.23706922931823166,92,-14.38397677272347,-14.50103600389277,-15.425355126538701,-14.18269826834743,-14.43659826992036,-14.585932888284546,0.43301788291602283,76,-0.426457263666566,-0.3984256736300333,-0.43564954682779455,-0.39710756251883095,-0.44816154309825196,-0.42116031794829534,0.02030990223064101,78,2.0477559649652677,-0.592010293672419,2.1830747734138973,-0.28370894847845746,1.6115106992163954,0.9933244390889368,1.1877362031074066,67,-13.811673158640223,-11.669327507598783,-14.485478502080442,-12.25179817905918,-12.873167451244116,-13.018288959724549,1.0208201613092736,40,10.00050774523142,14.585932888284546,0.42116031794829534,13.018288959724549,0.9933244390889368,n200__absolute_error__boostrap_true__samples_0.7
165.51558508872986,1.933111151492582,3.9974069118499758,0.509171022136741,True,absolute_error,26,0.875,0.7,1,4,200,"{'bootstrap': True, 'criterion': 'absolute_error', 'max_depth': 26, 'max_features': 0.875, 'max_samples': 0.7, 'min_samples_leaf': 1, 'min_samples_split': 4, 'n_estimators': 200}",-9.82113258834189,-9.946952013321223,-10.421694864048337,-10.077343326303103,-9.92129068716094,-10.037682695835098,0.2086678779462291,96,-14.453192149806869,-14.53492095156336,-15.372521557662084,-14.248297293189879,-14.410779830463953,-14.603942356537228,0.3954740800957463,88,-0.42857142857142855,-0.397517408416591,-0.4380664652567976,-0.40102440494124736,-0.4460518384569018,-0.4222463091285933,0.01959017840780837,85,1.9246481425551198,-0.6435248259158346,2.236936555891239,-0.32175881289544994,1.582417872212176,0.9557437863694501,1.1968812772657755,75,-13.703410852713178,-11.70191165270373,-14.4483,-12.163330202854995,-12.895035472972973,-12.982397636248976,0.9986869139466678,23,10.037682695835098,14.603942356537228,0.4222463091285933,12.982397636248976,0.9557437863694501,n200__absolute_error__boostrap_true__samples_0.7
158.64637594223024,2.2227542498105737,4.0765961647033695,0.24426611057973732,True,absolute_error,26,0.875,0.7,1,8,200,"{'bootstrap': True, 'criterion': 'absolute_error', 'max_depth': 26, 'max_features': 0.875, 'max_samples': 0.7, 'min_samples_leaf': 1, 'min_samples_split': 8, 'n_estimators': 200}",-9.755953639383872,-9.97808280351196,-10.406589879154078,-10.005395450436879,-9.880923749246534,-10.005389104346666,0.21882292915187068,93,-14.418725615488205,-14.634296579668545,-15.374305949566999,-14.211633581217049,-14.394522272550164,-14.606696799698193,0.4065493075820443,89,-0.42615524010872846,-0.3957008779897063,-0.43474320241691844,-0.39680626694787585,-0.4472573839662447,-0.4201325942858947,0.02062291277257749,69,2.0665546662639684,-0.5504200726612172,2.2605913897280967,-0.2332532389273877,1.6541515973478,1.039524868350252,1.1892391430863618,57,-13.871128632175761,-11.912612853863811,-14.568578874218208,-12.313492786636294,-12.895343665768193,-13.112231362532452,0.9819349563630031,82,10.005389104346666,14.606696799698193,0.4201325942858947,13.112231362532452,1.039524868350252,n200__absolute_error__boostrap_true__samples_0.7
130.16075315475464,2.9026140555238036,4.59030590057373,0.6313510723123992,True,absolute_error,26,0.875,0.7,2,2,200,"{'bootstrap': True, 'criterion': 'absolute_error', 'max_depth': 26, 'max_features': 0.875, 'max_samples': 0.7, 'min_samples_leaf': 2, 'min_samples_split': 2, 'n_estimators': 200}",-9.767991543340381,-9.929129579170452,-10.41999320241692,-10.03914356733956,-9.888485533453887,-10.00894868514424,0.22307493398884287,94,-14.342097526443569,-14.56459511623785,-15.417941131332341,-14.206291005648335,-14.38643916672853,-14.583472789278128,0.43267635578010144,74,-0.4267592872244035,-0.3957008779897063,-0.43383685800604227,-0.39138294667068396,-0.4460518384569018,-0.41874636166954754,0.021528445910710903,52,1.7765463606161283,-0.649400544959129,2.2346729607250757,-0.4008353419704728,1.501833936106088,0.8925634741035381,1.183590101944166,89,-13.525819179051663,-11.725686687069626,-14.584590877437329,-12.313142802155506,-12.767932432432433,-12.983434395629311,0.9935335472277159,26,10.00894868514424,14.583472789278128,0.41874636166954754,12.983434395629311,0.8925634741035381,n200__absolute_error__boostrap_true__samples_0.7
130.19981355667113,1.062445326723199,3.9607288360595705,0.3770234489526282,True,absolute_error,26,0.875,0.7,2,4,200,"{'bootstrap': True, 'criterion': 'absolute_error', 'max_depth': 26, 'max_features': 0.875, 'max_samples': 0.7, 'min_samples_leaf': 2, 'min_samples_split': 4, 'n_estimators': 200}",-9.767991543340381,-9.929129579170452,-10.41999320241692,-10.03914356733956,-9.888485533453887,-10.00894868514424,0.22307493398884287,94,-14.342097526443569,-14.56459511623785,-15.417941131332341,-14.206291005648335,-14.38643916672853,-14.583472789278128,0.43267635578010144,74,-0.4267592872244035,-0.3957008779897063,-0.43383685800604227,-0.39138294667068396,-0.4460518384569018,-0.41874636166954754,0.021528445910710903,52,1.7765463606161283,-0.649400544959129,2.2346729607250757,-0.4008353419704728,1.501833936106088,0.8925634741035381,1.183590101944166,89,-13.525819179051663,-11.725686687069626,-14.584590877437329,-12.313142802155506,-12.767932432432433,-12.983434395629311,0.9935335472277159,26,10.00894868514424,14.583472789278128,0.41874636166954754,12.983434395629311,0.8925634741035381,n200__absolute_error__boostrap_true__samples_0.7
127.75609564781189,1.594105448614898,4.049961137771606,0.5122207473398913,True,absolute_error,26,0.875,0.7,2,8,200,"{'bootstrap': True, 'criterion': 'absolute_error', 'max_depth': 26, 'max_features': 0.875, 'max_samples': 0.7, 'min_samples_leaf': 2, 'min_samples_split': 8, 'n_estimators': 200}",-9.75580338266385,-9.812544656372996,-10.342778700906344,-9.930208647182887,-9.883340867992768,-9.94493525102377,0.20764791579855743,86,-14.371074232500629,-14.44345979555728,-15.283369313526402,-14.13289963963298,-14.399779366083797,-14.526116469460217,0.3936705805054226,8,-0.4234370280881909,-0.39297608234937936,-0.43383685800604227,-0.3934920156673697,-0.44273658830620854,-0.4172957144834382,0.02057485750694511,39,1.9700453035336758,-0.5738177414471691,2.2462545317220544,-0.29494501355830066,1.629728752260398,0.9954531665021318,1.186960660942731,66,-13.846036019971471,-11.754820878274268,-14.508948467966572,-12.243277182235836,-13.002166439754935,-13.071049797640617,1.0090160770683274,75,9.94493525102377,14.526116469460217,0.4172957144834382,13.071049797640617,0.9954531665021318,n200__absolute_error__boostrap_true__samples_0.7
114.49098963737488,2.481771141319367,4.960438442230225,0.28007499574491096,True,absolute_error,26,0.875,0.7,3,2,200,"{'bootstrap': True, 'criterion': 'absolute_error', 'max_depth': 26, 'max_features': 0.875, 'max_samples': 0.7, 'min_samples_leaf': 3, 'min_samples_split': 2, 'n_estimators': 200}",-9.673064028994261,-9.854743415077202,-10.333666918429003,-9.907515818017474,-9.870720313441833,-9.927942098791954,0.21846055602594217,78,-14.336033794918405,-14.568533029582794,-15.310866980250776,-14.105828370411881,-14.387052750589746,-14.541662985150719,0.41195540663446006,32,-0.42615524010872846,-0.39146230699364215,-0.43021148036253776,-0.39138294667068396,-0.44333936106088007,-0.4165102670392945,0.021257147359952086,27,2.0409861069163395,-0.6698175900696335,2.2513315709969786,-0.4270201868032541,1.6455952380952383,0.9682150278271339,1.2558584285012109,71,-13.743876683203402,-11.731558391337975,-14.626525632022473,-12.111533872209392,-12.988149218218899,-13.04032875939843,1.0572854603286552,50,9.927942098791954,14.541662985150719,0.4165102670392945,13.04032875939843,0.9682150278271339,n200__absolute_error__boostrap_true__samples_0.7
116.01362166404724,1.406968325593823,5.081362199783325,0.6587940607757979,True,absolute_error,26,0.875,0.7,3,4,200,"{'bootstrap': True, 'criterion': 'absolute_error', 'max_depth': 26, 'max_features': 0.875, 'max_samples': 0.7, 'min_samples_leaf': 3, 'min_samples_split': 4, 'n_estimators': 200}",-9.673064028994261,-9.854743415077202,-10.333666918429003,-9.907515818017474,-9.870720313441833,-9.927942098791954,0.21846055602594217,78,-14.336033794918405,-14.568533029582794,-15.310866980250776,-14.105828370411881,-14.387052750589746,-14.541662985150719,0.41195540663446006,32,-0.42615524010872846,-0.39146230699364215,-0.43021148036253776,-0.39138294667068396,-0.44333936106088007,-0.4165102670392945,0.021257147359952086,27,2.0409861069163395,-0.6698175900696335,2.2513315709969786,-0.4270201868032541,1.6455952380952383,0.9682150278271339,1.2558584285012109,71,-13.743876683203402,-11.731558391337975,-14.626525632022473,-12.111533872209392,-12.988149218218899,-13.04032875939843,1.0572854603286552,50,9.927942098791954,14.541662985150719,0.4165102670392945,13.04032875939843,0.9682150278271339,n200__absolute_error__boostrap_true__samples_0.7
116.54964785575866,1.6653092138508343,3.514454650878906,0.26161252889064374,True,absolute_error,26,0.875,0.7,3,8,200,"{'bootstrap': True, 'criterion': 'absolute_error', 'max_depth': 26, 'max_features': 0.875, 'max_samples': 0.7, 'min_samples_leaf': 3, 'min_samples_split': 8, 'n_estimators': 200}",-9.766929175475688,-9.831116409324856,-10.313722054380664,-9.89462262729738,-9.815690174804098,-9.924416088256537,0.1988844225261642,77,-14.394800611077038,-14.530583675584015,-15.28006589803157,-14.152344688758806,-14.3520546032402,-14.541969895338326,0.3884455620024171,34,-0.42555119299305344,-0.3941871026339691,-0.4308157099697885,-0.3956010846640554,-0.4463532248342375,-0.41850166301902075,0.020458130200082157,46,2.0098210510419814,-0.6745451105056007,2.1286963746223564,-0.21387692075926512,1.6006238698010857,0.9701438528401114,1.1770798318246778,70,-13.837054648687015,-11.614498847926269,-14.440534712482467,-12.235489337395277,-12.788430114787307,-12.983201532255668,1.0318179696172731,25,9.924416088256537,14.541969895338326,0.41850166301902075,12.983201532255668,0.9701438528401114,n200__absolute_error__boostrap_true__samples_0.7
103.9534191608429,2.3925938763669294,4.324792766571045,0.43946176568992934,True,absolute_error,26,0.875,0.7,4,2,200,"{'bootstrap': True, 'criterion': 'absolute_error', 'max_depth': 26, 'max_features': 0.875, 'max_samples': 0.7, 'min_samples_leaf': 4, 'min_samples_split': 2, 'n_estimators': 200}",-9.69285336756267,-9.825096881622766,-10.277285498489427,-9.805274932208496,-9.79568565400844,-9.87923926677836,0.2042370352660981,56,-14.403200403700154,-14.545335466885337,-15.33160409715314,-14.060427299160057,-14.393919213028168,-14.54689729598537,0.423431541488822,43,-0.42313500453035335,-0.39176506206478956,-0.43202416918429004,-0.3910816510997288,-0.44424352019288726,-0.4164498814144098,0.021506385483316046,24,2.0853178797946246,-0.6549318801089917,2.295963746223565,-0.3023523651702316,1.7283318264014471,1.0304658414280827,1.2504546816636706,59,-13.91774625267666,-11.703653400309118,-14.551557692307693,-12.149537750385209,-12.970383310719132,-13.05857568127956,1.0618014501316453,68,9.87923926677836,14.54689729598537,0.4164498814144098,13.05857568127956,1.0304658414280827,n200__absolute_error__boostrap_true__samples_0.7
101.4323709487915,0.9042079927039065,4.6270593166351315,0.4872960236488417,True,absolute_error,26,0.875,0.7,4,4,200,"{'bootstrap': True, 'criterion': 'absolute_error', 'max_depth': 26, 'max_features': 0.875, 'max_samples': 0.7, 'min_samples_leaf': 4, 'min_samples_split': 4, 'n_estimators': 200}",-9.69285336756267,-9.825096881622766,-10.277285498489427,-9.805274932208496,-9.79568565400844,-9.87923926677836,0.2042370352660981,56,-14.403200403700154,-14.545335466885337,-15.33160409715314,-14.060427299160057,-14.393919213028168,-14.54689729598537,0.423431541488822,43,-0.42313500453035335,-0.39176506206478956,-0.43202416918429004,-0.3910816510997288,-0.44424352019288726,-0.4164498814144098,0.021506385483316046,24,2.0853178797946246,-0.6549318801089917,2.295963746223565,-0.3023523651702316,1.7283318264014471,1.0304658414280827,1.2504546816636706,59,-13.91774625267666,-11.703653400309118,-14.551557692307693,-12.149537750385209,-12.970383310719132,-13.05857568127956,1.0618014501316453,68,9.87923926677836,14.54689729598537,0.4164498814144098,13.05857568127956,1.0304658414280827,n200__absolute_error__boostrap_true__samples_0.7
104.81203441619873,0.722869288139282,4.2085608959198,0.3612733859418091,True,absolute_error,26,0.875,0.7,4,8,200,"{'bootstrap': True, 'criterion': 'absolute_error', 'max_depth': 26, 'max_features': 0.875, 'max_samples': 0.7, 'min_samples_leaf': 4, 'min_samples_split': 8, 'n_estimators': 200}",-9.69285336756267,-9.825096881622766,-10.277285498489427,-9.805274932208496,-9.79568565400844,-9.87923926677836,0.2042370352660981,56,-14.403200403700154,-14.545335466885337,-15.33160409715314,-14.060427299160057,-14.393919213028168,-14.54689729598537,0.423431541488822,43,-0.42313500453035335,-0.39176506206478956,-0.43202416918429004,-0.3910816510997288,-0.44424352019288726,-0.4164498814144098,0.021506385483316046,24,2.0853178797946246,-0.6549318801089917,2.295963746223565,-0.3023523651702316,1.7283318264014471,1.0304658414280827,1.2504546816636706,59,-13.91774625267666,-11.703653400309118,-14.551557692307693,-12.149537750385209,-12.970383310719132,-13.05857568127956,1.0618014501316453,68,9.87923926677836,14.54689729598537,0.4164498814144098,13.05857568127956,1.0304658414280827,n200__absolute_error__boostrap_true__samples_0.7
202.6339174747467,1.1793245100556247,4.044743585586548,0.2703852001897789,True,absolute_error,26,1.0,0.7,1,2,200,"{'bootstrap': True, 'criterion': 'absolute_error', 'max_depth': 26, 'max_features': 1.0, 'max_samples': 0.7, 'min_samples_leaf': 1, 'min_samples_split': 2, 'n_estimators': 200}",-9.711081244337057,-9.827481077808054,-10.302946374622357,-10.008644169930703,-9.795039933694996,-9.929038560078634,0.21067465555206066,80,-14.312804186124438,-14.646228015955774,-15.304404681182236,-14.226925332939823,-14.411983979055512,-14.580469239051556,0.3881834355188369,70,-0.4210208396254908,-0.397517408416591,-0.43383685800604227,-0.40042181379933717,-0.4448462929475588,-0.419528642559004,0.018425528140514964,65,1.866958622772576,-0.5168876778686045,2.140391993957704,-0.3788716480867731,1.6545652501506933,0.9532313081851193,1.1551506842558812,77,-13.749960545193687,-11.710925361766945,-14.341034122562673,-12.024535364936044,-12.869170054200543,-12.939125089731979,0.9972608200102901,6,9.929038560078634,14.580469239051556,0.419528642559004,12.939125089731979,0.9532313081851193,n200__absolute_error__boostrap_true__samples_0.7
195.98106083869934,2.6181415688418923,4.069368076324463,0.28048285824580926,True,absolute_error,26,1.0,0.7,1,4,200,"{'bootstrap': True, 'criterion': 'absolute_error', 'max_depth': 26, 'max_features': 1.0, 'max_samples': 0.7, 'min_samples_leaf': 1, 'min_samples_split': 4, 'n_estimators': 200}",-9.763656750226517,-9.913397668785953,-10.416682024169184,-9.959656523049112,-9.810526672694396,-9.972783927785033,0.23272566240516698,90,-14.349142338159382,-14.713114472956544,-15.352221312122547,-14.149921965296597,-14.3830921730773,-14.589498452322474,0.42204956654223286,79,-0.42222893385684085,-0.3963063881320012,-0.43595166163141996,-0.3974088580897861,-0.4424352019288728,-0.4188662087277842,0.01912109548872563,57,1.8406259438236183,-0.5536459279442928,2.1440929003021147,-0.25605905393190714,1.5726198010849908,0.9495267326669048,1.1244782115587193,81,-13.741695278969956,-11.808731856378916,-14.406155578655579,-12.208582259287338,-12.864196185286103,-13.00587223171558,0.9582397914004536,33,9.972783927785033,14.589498452322474,0.4188662087277842,13.00587223171558,0.9495267326669048,n200__absolute_error__boostrap_true__samples_0.7
185.2147071838379,1.4619293636384096,4.116964435577392,0.16152971999884017,True,absolute_error,26,1.0,0.7,1,8,200,"{'bootstrap': True, 'criterion': 'absolute_error', 'max_depth': 26, 'max_features': 1.0, 'max_samples': 0.7, 'min_samples_leaf': 1, 'min_samples_split': 8, 'n_estimators': 200}",-9.756377982482633,-9.84686799878898,-10.350629909365558,-9.957722205483579,-9.865526672694395,-9.955424953763028,0.20769123452206478,88,-14.353956798328204,-14.663310941037748,-15.339501461729807,-14.19343458953554,-14.413629295145663,-14.592766617155394,0.40278426178828486,80,-0.42283298097251587,-0.39660914320314866,-0.42930513595166164,-0.39650497137692076,-0.44183242917420135,-0.41741693213568964,0.018094494486710685,42,1.9006591664149806,-0.43289433848016967,2.146161631419939,-0.2925263633624587,1.509473327305606,0.9661746846595793,1.104764799952325,73,-13.784446428571428,-11.868074427480916,-14.554672765657987,-12.187988221884499,-12.872527285129605,-13.053541825744887,0.9974866309494103,64,9.955424953763028,14.592766617155394,0.41741693213568964,13.053541825744887,0.9661746846595793,n200__absolute_error__boostrap_true__samples_0.7
150.4490219116211,3.0917324605593715,4.267374801635742,0.10031929587259943,True,absolute_error,26,1.0,0.7,2,2,200,"{'bootstrap': True, 'criterion': 'absolute_error', 'max_depth': 26, 'max_features': 1.0, 'max_samples': 0.7, 'min_samples_leaf': 2, 'min_samples_split': 2, 'n_estimators': 200}",-9.720280126849895,-9.868054798667877,-10.333832326283988,-9.91023877673998,-9.824796564195298,-9.931440518547408,0.21087819910817224,81,-14.290091801908119,-14.64307674254428,-15.277514438569346,-14.098965924830017,-14.40889974399257,-14.54370973036887,0.4070960553762554,35,-0.4219269102990033,-0.3926733272782319,-0.43202416918429004,-0.39439590238023503,-0.44002411091018684,-0.41620888401038947,0.0193892377382298,22,1.7320077016007247,-0.6333832879200728,2.0037160120845923,-0.3816141910213919,1.3531344183242915,0.8147721306136286,1.102110425104873,95,-13.571411954187548,-11.758720123361604,-14.278770979020978,-12.080024828113064,-12.701498287671233,-12.878085234470884,0.9342038438374831,1,9.931440518547408,14.54370973036887,0.41620888401038947,12.878085234470884,0.8147721306136286,n200__absolute_error__boostrap_true__samples_0.7
149.24808468818665,0.9216728991542065,4.057567834854126,0.19635108812199742,True,absolute_error,26,1.0,0.7,2,4,200,"{'bootstrap': True, 'criterion': 'absolute_error', 'max_depth': 26, 'max_features': 1.0, 'max_samples': 0.7, 'min_samples_leaf': 2, 'min_samples_split': 4, 'n_estimators': 200}",-9.720280126849895,-9.868054798667877,-10.333832326283988,-9.91023877673998,-9.824796564195298,-9.931440518547408,0.21087819910817224,81,-14.290091801908119,-14.64307674254428,-15.277514438569346,-14.098965924830017,-14.40889974399257,-14.54370973036887,0.4070960553762554,35,-0.4219269102990033,-0.3926733272782319,-0.43202416918429004,-0.39439590238023503,-0.44002411091018684,-0.41620888401038947,0.0193892377382298,22,1.7320077016007247,-0.6333832879200728,2.0037160120845923,-0.3816141910213919,1.3531344183242915,0.8147721306136286,1.102110425104873,95,-13.571411954187548,-11.758720123361604,-14.278770979020978,-12.080024828113064,-12.701498287671233,-12.878085234470884,0.9342038438374831,1,9.931440518547408,14.54370973036887,0.41620888401038947,12.878085234470884,0.8147721306136286,n200__absolute_error__boostrap_true__samples_0.7
146.67431411743163,1.5442962594376735,4.130423164367675,0.510152636037308,True,absolute_error,26,1.0,0.7,2,8,200,"{'bootstrap': True, 'criterion': 'absolute_error', 'max_depth': 26, 'max_features': 1.0, 'max_samples': 0.7, 'min_samples_leaf': 2, 'min_samples_split': 8, 'n_estimators': 200}",-9.75914225309574,-9.82441416893733,-10.280990936555892,-9.875202621271468,-9.810314948764317,-9.910012985724949,0.18913764059511123,71,-14.343826396507456,-14.640207591000859,-15.249726524218199,-14.073406404002464,-14.333630843370022,-14.528159551819801,0.4029476925728278,14,-0.4183026276049532,-0.3926733272782319,-0.43293051359516616,-0.3937933112383248,-0.4409282700421941,-0.415725609951774,0.019749720343910263,21,1.7207626094835393,-0.5114668483197088,2.0760030211480363,-0.36859822235613143,1.428327305605787,0.8690055731123045,1.0892695671783392,92,-13.722009025270756,-11.858390516576716,-14.271336357292391,-12.070550879877581,-12.744297676008204,-12.933316891005129,0.9325118271478305,5,9.910012985724949,14.528159551819801,0.415725609951774,12.933316891005129,0.8690055731123045,n200__absolute_error__boostrap_true__samples_0.7
131.0835729598999,1.4115272918487465,4.390677118301392,0.14067674957276505,True,absolute_error,26,1.0,0.7,3,2,200,"{'bootstrap': True, 'criterion': 'absolute_error', 'max_depth': 26, 'max_features': 1.0, 'max_samples': 0.7, 'min_samples_leaf': 3, 'min_samples_split': 2, 'n_estimators': 200}",-9.747472817879794,-9.857270663033606,-10.241010574018125,-9.894871196143416,-9.795561332127788,-9.907237316640547,0.17438485905056833,68,-14.336506108847281,-14.660755315722659,-15.20649634229753,-14.095318467170088,-14.335273491139874,-14.526869945035486,0.38444807234811296,9,-0.41981274539414076,-0.38994853163790494,-0.4308157099697885,-0.3892738776739982,-0.4403254972875226,-0.41403527239267096,0.020973487803345212,4,1.718116128057988,-0.6223297002724797,2.0932462235649547,-0.4124939740885811,1.4612575346594334,0.8475592423842631,1.1344195478134689,93,-13.65559892086331,-11.84123059006211,-14.31500350631136,-12.179570433436533,-12.782383641341546,-12.954757418402972,0.9178254528346418,11,9.907237316640547,14.526869945035486,0.41403527239267096,12.954757418402972,0.8475592423842631,n200__absolute_error__boostrap_true__samples_0.7
131.1399238586426,1.1483810703943822,4.185290002822876,0.2451681859736669,True,absolute_error,26,1.0,0.7,3,4,200,"{'bootstrap': True, 'criterion': 'absolute_error', 'max_depth': 26, 'max_features': 1.0, 'max_samples': 0.7, 'min_samples_leaf': 3, 'min_samples_split': 4, 'n_estimators': 200}",-9.747472817879794,-9.857270663033606,-10.241010574018125,-9.894871196143416,-9.795561332127788,-9.907237316640547,0.17438485905056833,68,-14.336506108847281,-14.660755315722659,-15.20649634229753,-14.095318467170088,-14.335273491139874,-14.526869945035486,0.38444807234811296,9,-0.41981274539414076,-0.38994853163790494,-0.4308157099697885,-0.3892738776739982,-0.4403254972875226,-0.41403527239267096,0.020973487803345212,4,1.718116128057988,-0.6223297002724797,2.0932462235649547,-0.4124939740885811,1.4612575346594334,0.8475592423842631,1.1344195478134689,93,-13.65559892086331,-11.84123059006211,-14.31500350631136,-12.179570433436533,-12.782383641341546,-12.954757418402972,0.9178254528346418,11,9.907237316640547,14.526869945035486,0.41403527239267096,12.954757418402972,0.8475592423842631,n200__absolute_error__boostrap_true__samples_0.7
127.88103008270264,0.9467915814529695,3.5526983737945557,0.10016491364549666,True,absolute_error,26,1.0,0.7,3,8,200,"{'bootstrap': True, 'criterion': 'absolute_error', 'max_depth': 26, 'max_features': 1.0, 'max_samples': 0.7, 'min_samples_leaf': 3, 'min_samples_split': 8, 'n_estimators': 200}",-9.692068106312293,-9.818776112624887,-10.300686555891238,-9.85522747815607,-9.784624773960216,-9.890276605388943,0.2122385487356373,59,-14.259562991782968,-14.635358047257848,-15.291312420272027,-14.094373850956533,-14.402293513931125,-14.5365801648401,0.4170601132363782,25,-0.4195107218363032,-0.3911595519224947,-0.43021148036253776,-0.39198553781259415,-0.44002411091018684,-0.4145782805688233,0.01987503494874063,12,1.8303495922681974,-0.6061981531940663,2.1870219033232625,-0.3931349804157878,1.4149231464737793,0.8865923016910771,1.1599184206341697,91,-13.733162347012238,-11.775984907120744,-14.513453300561798,-12.069440814757877,-12.726061643835619,-12.963620602657656,1.0257335116993762,14,9.890276605388943,14.5365801648401,0.4145782805688233,12.963620602657656,0.8865923016910771,n200__absolute_error__boostrap_true__samples_0.7
109.66152625083923,7.092217283490988,3.4707048416137694,0.33943689135512034,True,absolute_error,26,1.0,0.7,4,2,200,"{'bootstrap': True, 'criterion': 'absolute_error', 'max_depth': 26, 'max_features': 1.0, 'max_samples': 0.7, 'min_samples_leaf': 4, 'min_samples_split': 2, 'n_estimators': 200}",-9.672634400483238,-9.86846276112625,-10.214248489425982,-9.74127673998192,-9.742783303194695,-9.847881138842416,0.19378860181611768,42,-14.314660024366047,-14.700547562702516,-15.195487696143235,-14.01035798667574,-14.372156741377898,-14.518642002253085,0.40314487363920976,3,-0.4216248867411658,-0.38994853163790494,-0.42779456193353477,-0.388671286532088,-0.44002411091018684,-0.41361267555097614,0.020712073486678376,1,1.880879643612202,-0.6418990311837721,2.115938821752266,-0.3773011449231693,1.585137130801688,0.912551084011843,1.1762829736197316,86,-13.701176575931232,-11.830489130434783,-14.411341807909604,-12.046137596899225,-12.871931506849315,-12.972215323604832,0.9771064471381343,18,9.847881138842416,14.518642002253085,0.41361267555097614,12.972215323604832,0.912551084011843,n200__absolute_error__boostrap_true__samples_0.7
92.87849764823913,3.406340537155712,1.9189488410949707,0.45930161446693857,True,absolute_error,26,1.0,0.7,4,4,200,"{'bootstrap': True, 'criterion': 'absolute_error', 'max_depth': 26, 'max_features': 1.0, 'max_samples': 0.7, 'min_samples_leaf': 4, 'min_samples_split': 4, 'n_estimators': 200}",-9.672634400483238,-9.86846276112625,-10.214248489425982,-9.74127673998192,-9.742783303194695,-9.847881138842416,0.19378860181611768,42,-14.314660024366047,-14.700547562702516,-15.195487696143235,-14.01035798667574,-14.372156741377898,-14.518642002253085,0.40314487363920976,3,-0.4216248867411658,-0.38994853163790494,-0.42779456193353477,-0.388671286532088,-0.44002411091018684,-0.41361267555097614,0.020712073486678376,1,1.880879643612202,-0.6418990311837721,2.115938821752266,-0.3773011449231693,1.585137130801688,0.912551084011843,1.1762829736197316,86,-13.701176575931232,-11.830489130434783,-14.411341807909604,-12.046137596899225,-12.871931506849315,-12.972215323604832,0.9771064471381343,18,9.847881138842416,14.518642002253085,0.41361267555097614,12.972215323604832,0.912551084011843,n200__absolute_error__boostrap_true__samples_0.7
75.43173623085022,5.318014846635333,0.40480313301086424,0.4945990376172859,True,absolute_error,26,1.0,0.7,4,8,200,"{'bootstrap': True, 'criterion': 'absolute_error', 'max_depth': 26, 'max_features': 1.0, 'max_samples': 0.7, 'min_samples_leaf': 4, 'min_samples_split': 8, 'n_estimators': 200}",-9.672634400483238,-9.86846276112625,-10.214248489425982,-9.74127673998192,-9.742783303194695,-9.847881138842416,0.19378860181611768,42,-14.314660024366047,-14.700547562702516,-15.195487696143235,-14.01035798667574,-14.372156741377898,-14.518642002253085,0.40314487363920976,3,-0.4216248867411658,-0.38994853163790494,-0.42779456193353477,-0.388671286532088,-0.44002411091018684,-0.41361267555097614,0.020712073486678376,1,1.880879643612202,-0.6418990311837721,2.115938821752266,-0.3773011449231693,1.585137130801688,0.912551084011843,1.1762829736197316,86,-13.701176575931232,-11.830489130434783,-14.411341807909604,-12.046137596899225,-12.871931506849315,-12.972215323604832,0.9771064471381343,18,9.847881138842416,14.518642002253085,0.41361267555097614,12.972215323604832,0.912551084011843,n200__absolute_error__boostrap_true__samples_0.7
