mean_fit_time,std_fit_time,mean_score_time,std_score_time,param_bootstrap,param_criterion,param_max_depth,param_max_features,param_max_samples,param_min_samples_leaf,param_min_samples_split,param_n_estimators,params,split0_test_MAE,split1_test_MAE,split2_test_MAE,split3_test_MAE,split4_test_MAE,mean_test_MAE,std_test_MAE,rank_test_MAE,split0_test_RMSE,split1_test_RMSE,split2_test_RMSE,split3_test_RMSE,split4_test_RMSE,mean_test_RMSE,std_test_RMSE,rank_test_RMSE,split0_test_overestimation_rate,split1_test_overestimation_rate,split2_test_overestimation_rate,split3_test_overestimation_rate,split4_test_overestimation_rate,mean_test_overestimation_rate,std_test_overestimation_rate,rank_test_overestimation_rate,split0_test_mean_signed_error,split1_test_mean_signed_error,split2_test_mean_signed_error,split3_test_mean_signed_error,split4_test_mean_signed_error,mean_test_mean_signed_error,std_test_mean_signed_error,rank_test_mean_signed_error,split0_test_mean_overestimation,split1_test_mean_overestimation,split2_test_mean_overestimation,split3_test_mean_overestimation,split4_test_mean_overestimation,mean_test_mean_overestimation,std_test_mean_overestimation,rank_test_mean_overestimation,mean_MAE,mean_RMSE,overestimation_rate,mean_overstimation,mean_signed_error,chunk_id
172.74160885810852,0.5438465852950369,1.6897853851318358,0.5726187751911027,True,absolute_error,20,0.875,0.85,1,2,200,"{'bootstrap': True, 'criterion': 'absolute_error', 'max_depth': 20, 'max_features': 0.875, 'max_samples': 0.85, 'min_samples_leaf': 1, 'min_samples_split': 2, 'n_estimators': 200}",-9.588299607369375,-9.702702845897669,-10.267940332326283,-9.859986441699307,-9.695378993369498,-9.822861644132427,0.23882319879272243,49,-14.430041671028015,-14.574582375398348,-15.425686581190897,-14.231477622170315,-14.41168296967114,-14.614694243891744,0.41987680632333746,96,-0.43008154636061613,-0.3978201634877384,-0.4389728096676737,-0.3986140403736065,-0.4499698613622664,-0.42309168425038024,0.02126645025909418,94,2.4251208094231353,-0.3253519527702091,2.6050551359516616,0.09826001807773453,1.9636068414707648,1.3533381704306175,1.2232058646129536,3,-13.966444873595504,-11.78591704718417,-14.662634205092912,-12.491088435374149,-12.955296383121233,-13.172276188873596,1.028101121258984,95,9.822861644132427,14.614694243891744,0.42309168425038024,13.172276188873596,1.3533381704306175,n200__absolute_error__boostrap_true__samples_0.85
172.4897027015686,0.5597707551111928,1.3574100017547608,0.595474136622209,True,absolute_error,20,0.875,0.85,1,4,200,"{'bootstrap': True, 'criterion': 'absolute_error', 'max_depth': 20, 'max_features': 0.875, 'max_samples': 0.85, 'min_samples_leaf': 1, 'min_samples_split': 4, 'n_estimators': 200}",-9.621516913319239,-9.747817892824704,-10.254186555891238,-9.874386110274182,-9.700633664858348,-9.839708227433542,0.2228846595996804,57,-14.438982933381535,-14.556539989883113,-15.410870752886098,-14.203696535198514,-14.41965963831725,-14.605949969933302,0.41826515935763364,94,-0.4303835699184536,-0.4035725098395398,-0.44108761329305135,-0.4019282916541127,-0.45418927064496684,-0.4262322510700248,0.02060901013826322,96,2.43309498640894,-0.24994323342415986,2.663819486404834,0.008715727628803996,2.0312967148884873,1.377396736381381,1.2424564821213995,2,-14.004498245614037,-11.767246811702925,-14.643356164383562,-12.294608320839579,-12.915243861977437,-13.124990680903508,1.0635755078144078,87,9.839708227433542,14.605949969933302,0.4262322510700248,13.124990680903508,1.377396736381381,n200__absolute_error__boostrap_true__samples_0.85
171.54109864234925,0.24596004243752093,0.8708417892456055,0.07586571753058255,True,absolute_error,20,0.875,0.85,1,8,200,"{'bootstrap': True, 'criterion': 'absolute_error', 'max_depth': 20, 'max_features': 0.875, 'max_samples': 0.85, 'min_samples_leaf': 1, 'min_samples_split': 8, 'n_estimators': 200}",-9.621774388402295,-9.668144111413865,-10.222805135951662,-9.794490057246158,-9.688319770946354,-9.799106692792066,0.2192776185629099,32,-14.451488951681338,-14.470730792168048,-15.361372715579444,-14.161357740166315,-14.434585934773066,-14.575907226873642,0.4087348793771672,79,-0.42857142857142855,-0.3963063881320012,-0.43836858006042295,-0.40042181379933717,-0.45328511151295964,-0.4233906644152299,0.021936190927310487,95,2.407823920265781,-0.25342113230396585,2.562126888217523,0.12698930400723094,2.082985232067511,1.385300842450816,1.1988322762170185,1,-14.034531360112755,-11.878086325439268,-14.582400068917988,-12.388784800601956,-12.984438164893618,-13.173648143993116,1.0055837317161174,96,9.799106692792066,14.575907226873642,0.4233906644152299,13.173648143993116,1.385300842450816,n200__absolute_error__boostrap_true__samples_0.85
138.31726880073546,9.793250609250755,2.828590679168701,1.6425153472032596,True,absolute_error,20,0.875,0.85,2,2,200,"{'bootstrap': True, 'criterion': 'absolute_error', 'max_depth': 20, 'max_features': 0.875, 'max_samples': 0.85, 'min_samples_leaf': 2, 'min_samples_split': 2, 'n_estimators': 200}",-9.57337133796436,-9.6583310626703,-10.314506042296072,-9.81232976800241,-9.707088607594937,-9.813125363705618,0.26232433359296875,42,-14.334344490719896,-14.4487406484333,-15.39530119945379,-14.126975623208867,-14.380693710836152,-14.5372111345304,0.44228754001679654,47,-0.4315916641498037,-0.3944898577051166,-0.43444108761329303,-0.39590238023501056,-0.4499698613622664,-0.421278970213098,0.02220084725186572,84,2.275391875566294,-0.31365349682107213,2.3877779456193355,-0.08297152756854459,1.8580033152501503,1.2249096224092326,1.177651298098146,11,-13.726821203638908,-11.844002302379124,-14.61910987482615,-12.287572298325726,-12.85096282652378,-13.065693701138738,0.9994301899650186,72,9.813125363705618,14.5372111345304,0.421278970213098,13.065693701138738,1.2249096224092326,n200__absolute_error__boostrap_true__samples_0.85
139.7564136981964,0.4520778753711164,1.502416467666626,0.2782247830092856,True,absolute_error,20,0.875,0.85,2,4,200,"{'bootstrap': True, 'criterion': 'absolute_error', 'max_depth': 20, 'max_features': 0.875, 'max_samples': 0.85, 'min_samples_leaf': 2, 'min_samples_split': 4, 'n_estimators': 200}",-9.57337133796436,-9.6583310626703,-10.314506042296072,-9.81232976800241,-9.707088607594937,-9.813125363705618,0.26232433359296875,42,-14.334344490719896,-14.4487406484333,-15.39530119945379,-14.126975623208867,-14.380693710836152,-14.5372111345304,0.44228754001679654,47,-0.4315916641498037,-0.3944898577051166,-0.43444108761329303,-0.39590238023501056,-0.4499698613622664,-0.421278970213098,0.02220084725186572,84,2.275391875566294,-0.31365349682107213,2.3877779456193355,-0.08297152756854459,1.8580033152501503,1.2249096224092326,1.177651298098146,11,-13.726821203638908,-11.844002302379124,-14.61910987482615,-12.287572298325726,-12.85096282652378,-13.065693701138738,0.9994301899650186,72,9.813125363705618,14.5372111345304,0.421278970213098,13.065693701138738,1.2249096224092326,n200__absolute_error__boostrap_true__samples_0.85
138.5524519443512,0.40156531718233046,1.4691646099090576,0.05360942012675511,True,absolute_error,20,0.875,0.85,2,8,200,"{'bootstrap': True, 'criterion': 'absolute_error', 'max_depth': 20, 'max_features': 0.875, 'max_samples': 0.85, 'min_samples_leaf': 2, 'min_samples_split': 8, 'n_estimators': 200}",-9.542824675324676,-9.761106569785044,-10.217926737160122,-9.800098674299488,-9.681736738999398,-9.800738679113746,0.22640586766866186,33,-14.334734548976673,-14.602446828511427,-15.37440397384503,-14.197797786219594,-14.414687496873967,-14.58481412688534,0.4159393109713893,86,-0.42766535789791604,-0.39721465334544354,-0.43383685800604227,-0.3940946068092799,-0.4487643158529234,-0.42031515838232103,0.021294914943120302,77,2.3093272425249167,-0.36183469573115334,2.510361782477341,-0.0078012955709547424,1.9810119047619041,1.2862129876924109,1.2180790382814402,8,-13.856806144067798,-11.831476753048781,-14.669441155988858,-12.423790137614679,-12.994291470785763,-13.155161132301178,1.009779444078572,92,9.800738679113746,14.58481412688534,0.42031515838232103,13.155161132301178,1.2862129876924109,n200__absolute_error__boostrap_true__samples_0.85
122.88816843032836,7.084379344090687,3.4149457454681396,0.6714885462146848,True,absolute_error,20,0.875,0.85,3,2,200,"{'bootstrap': True, 'criterion': 'absolute_error', 'max_depth': 20, 'max_features': 0.875, 'max_samples': 0.85, 'min_samples_leaf': 3, 'min_samples_split': 2, 'n_estimators': 200}",-9.58234068257324,-9.657470481380564,-10.20768580060423,-9.716942603193733,-9.685334538878843,-9.769954821326122,0.22335222832356894,19,-14.385117351341613,-14.437019299186389,-15.368651530807043,-14.074596966784444,-14.403616620576992,-14.533800353739299,0.4373248793619328,43,-0.425853216550891,-0.3960036330608538,-0.43655589123867067,-0.3928894245254595,-0.4460518384569018,-0.4194708007665554,0.021431120527766793,69,2.2441467834491093,-0.4580669088707238,2.4865483383685802,-0.07445390177764351,1.8244665461121155,1.2045281714562877,1.2254569515020886,19,-13.88563829787234,-11.615301987767584,-14.539070934256053,-12.27125,-12.901864864864864,-13.04262521695217,1.0584994701989523,63,9.769954821326122,14.533800353739299,0.4194708007665554,13.04262521695217,1.2045281714562877,n200__absolute_error__boostrap_true__samples_0.85
122.76615996360779,0.9643640779950668,2.016316032409668,0.21479881633007028,True,absolute_error,20,0.875,0.85,3,4,200,"{'bootstrap': True, 'criterion': 'absolute_error', 'max_depth': 20, 'max_features': 0.875, 'max_samples': 0.85, 'min_samples_leaf': 3, 'min_samples_split': 4, 'n_estimators': 200}",-9.58234068257324,-9.657470481380564,-10.20768580060423,-9.716942603193733,-9.685334538878843,-9.769954821326122,0.22335222832356894,19,-14.385117351341613,-14.437019299186389,-15.368651530807043,-14.074596966784444,-14.403616620576992,-14.533800353739299,0.4373248793619328,43,-0.425853216550891,-0.3960036330608538,-0.43655589123867067,-0.3928894245254595,-0.4460518384569018,-0.4194708007665554,0.021431120527766793,69,2.2441467834491093,-0.4580669088707238,2.4865483383685802,-0.07445390177764351,1.8244665461121155,1.2045281714562877,1.2254569515020886,19,-13.88563829787234,-11.615301987767584,-14.539070934256053,-12.27125,-12.901864864864864,-13.04262521695217,1.0584994701989523,63,9.769954821326122,14.533800353739299,0.4194708007665554,13.04262521695217,1.2045281714562877,n200__absolute_error__boostrap_true__samples_0.85
122.86857981681824,0.5559964929801696,2.192884683609009,0.08196276983503399,True,absolute_error,20,0.875,0.85,3,8,200,"{'bootstrap': True, 'criterion': 'absolute_error', 'max_depth': 20, 'max_features': 0.875, 'max_samples': 0.85, 'min_samples_leaf': 3, 'min_samples_split': 8, 'n_estimators': 200}",-9.538472515856236,-9.646039206781714,-10.198392749244713,-9.70656824344682,-9.716417269439422,-9.76117799695378,0.22759488563660762,18,-14.370734799393317,-14.461127558179404,-15.363914151392526,-14.062953156034329,-14.467344817928648,-14.545214896585644,0.4350684061541276,57,-0.42766535789791604,-0.39509536784741145,-0.4350453172205438,-0.3949984935221452,-0.4460518384569018,-0.41977127498898364,0.021018430113208177,74,2.286018574448807,-0.28690811383590653,2.514587613293051,-0.04946068092799018,1.9761219107896324,1.2880718607535186,1.2035951666878897,7,-13.824466807909605,-11.844141762452107,-14.611098958333333,-12.224233409610985,-13.106704391891892,-13.122129066039586,1.0148907056771221,86,9.76117799695378,14.545214896585644,0.41977127498898364,13.122129066039586,1.2880718607535186,n200__absolute_error__boostrap_true__samples_0.85
113.67164025306701,5.406866359985163,2.9417683601379396,1.2745125837722344,True,absolute_error,20,0.875,0.85,4,2,200,"{'bootstrap': True, 'criterion': 'absolute_error', 'max_depth': 20, 'max_features': 0.875, 'max_samples': 0.85, 'min_samples_leaf': 4, 'min_samples_split': 2, 'n_estimators': 200}",-9.586899728178798,-9.626823342415985,-10.157398791540786,-9.70387842723712,-9.661709614225439,-9.747341980719625,0.20863126772010007,7,-14.388995685332869,-14.442556686543963,-15.337522866897318,-14.114962052302804,-14.417608333480283,-14.540329124911448,0.41568657929011377,49,-0.42857142857142855,-0.39297608234937936,-0.43111782477341387,-0.39198553781259415,-0.44665461121157324,-0.41826109694367786,0.021943231356973146,55,2.2593400785261255,-0.34354299122010346,2.405039274924471,-0.13366149442603226,1.8849208860759492,1.214419150776082,1.200297968354455,16,-13.82061310782241,-11.81150808936826,-14.569611072179397,-12.207359723289777,-12.925681511470986,-13.066954700826168,1.0159709640006533,74,9.747341980719625,14.540329124911448,0.41826109694367786,13.066954700826168,1.214419150776082,n200__absolute_error__boostrap_true__samples_0.85
112.05493030548095,1.9686401909208502,3.385070466995239,0.2615950370186536,True,absolute_error,20,0.875,0.85,4,4,200,"{'bootstrap': True, 'criterion': 'absolute_error', 'max_depth': 20, 'max_features': 0.875, 'max_samples': 0.85, 'min_samples_leaf': 4, 'min_samples_split': 4, 'n_estimators': 200}",-9.586899728178798,-9.626823342415985,-10.157398791540786,-9.70387842723712,-9.661709614225439,-9.747341980719625,0.20863126772010007,7,-14.388995685332869,-14.442556686543963,-15.337522866897318,-14.114962052302804,-14.417608333480283,-14.540329124911448,0.41568657929011377,49,-0.42857142857142855,-0.39297608234937936,-0.43111782477341387,-0.39198553781259415,-0.44665461121157324,-0.41826109694367786,0.021943231356973146,55,2.2593400785261255,-0.34354299122010346,2.405039274924471,-0.13366149442603226,1.8849208860759492,1.214419150776082,1.200297968354455,16,-13.82061310782241,-11.81150808936826,-14.569611072179397,-12.207359723289777,-12.925681511470986,-13.066954700826168,1.0159709640006533,74,9.747341980719625,14.540329124911448,0.41826109694367786,13.066954700826168,1.214419150776082,n200__absolute_error__boostrap_true__samples_0.85
115.36037335395812,0.8231540107341738,3.2814557552337646,0.2619368518564887,True,absolute_error,20,0.875,0.85,4,8,200,"{'bootstrap': True, 'criterion': 'absolute_error', 'max_depth': 20, 'max_features': 0.875, 'max_samples': 0.85, 'min_samples_leaf': 4, 'min_samples_split': 8, 'n_estimators': 200}",-9.586899728178798,-9.626823342415985,-10.157398791540786,-9.70387842723712,-9.661709614225439,-9.747341980719625,0.20863126772010007,7,-14.388995685332869,-14.442556686543963,-15.337522866897318,-14.114962052302804,-14.417608333480283,-14.540329124911448,0.41568657929011377,49,-0.42857142857142855,-0.39297608234937936,-0.43111782477341387,-0.39198553781259415,-0.44665461121157324,-0.41826109694367786,0.021943231356973146,55,2.2593400785261255,-0.34354299122010346,2.405039274924471,-0.13366149442603226,1.8849208860759492,1.214419150776082,1.200297968354455,16,-13.82061310782241,-11.81150808936826,-14.569611072179397,-12.207359723289777,-12.925681511470986,-13.066954700826168,1.0159709640006533,74,9.747341980719625,14.540329124911448,0.41826109694367786,13.066954700826168,1.214419150776082,n200__absolute_error__boostrap_true__samples_0.85
206.0772491455078,1.617109108414765,4.002111625671387,0.4251366883386548,True,absolute_error,20,1.0,0.85,1,2,200,"{'bootstrap': True, 'criterion': 'absolute_error', 'max_depth': 20, 'max_features': 1.0, 'max_samples': 0.85, 'min_samples_leaf': 1, 'min_samples_split': 2, 'n_estimators': 200}",-9.539429930534583,-9.696643203148653,-10.201021148036252,-9.709378577884905,-9.632636377335745,-9.755821847388027,0.23059125231687722,16,-14.353636853110732,-14.673421672601485,-15.391532216908717,-14.118517805722604,-14.381056136097483,-14.583632936888204,0.4406883042989506,85,-0.42555119299305344,-0.3963063881320012,-0.43655589123867067,-0.39921663151551673,-0.4478601567209162,-0.4210980521200317,0.020339167473072677,83,2.2950234068257327,-0.15831138359067518,2.523800604229607,0.09321407050316362,1.9098922543701036,1.3327237904675864,1.1346698374252613,6,-13.904852732434351,-12.034037433155081,-14.574103806228376,-12.277284905660377,-12.886308882907134,-13.135317552077064,0.9667816215582199,90,9.755821847388027,14.583632936888204,0.4210980521200317,13.135317552077064,1.3327237904675864,n200__absolute_error__boostrap_true__samples_0.85
199.91787152290345,1.7842578611701976,2.800856685638428,0.06448161729491167,True,absolute_error,20,1.0,0.85,1,4,200,"{'bootstrap': True, 'criterion': 'absolute_error', 'max_depth': 20, 'max_features': 1.0, 'max_samples': 0.85, 'min_samples_leaf': 1, 'min_samples_split': 4, 'n_estimators': 200}",-9.559901842343702,-9.723028307599153,-10.201523413897279,-9.799756703826453,-9.599238999397228,-9.776689853412764,0.22907686157060328,22,-14.371767033269165,-14.716787425650143,-15.408196593991088,-14.18754630852276,-14.355967190677442,-14.60805291042212,0.4354898706604482,95,-0.42857142857142855,-0.3990311837723282,-0.43655589123867067,-0.3952997890931003,-0.4451476793248945,-0.42092119440008446,0.020127202364516456,81,2.3153941407429786,-0.15632076899788108,2.522762084592146,0.1072303404639952,1.8982037371910794,1.3374539067984634,1.1331880475024922,4,-13.854511980267795,-11.987418437025797,-14.573489619377161,-12.530979420731708,-12.91418923493568,-13.172117738467628,0.9285044900361211,94,9.776689853412764,14.60805291042212,0.42092119440008446,13.172117738467628,1.3374539067984634,n200__absolute_error__boostrap_true__samples_0.85
195.32158670425414,1.5112775225713346,2.798625421524048,0.3734455808529383,True,absolute_error,20,1.0,0.85,1,8,200,"{'bootstrap': True, 'criterion': 'absolute_error', 'max_depth': 20, 'max_features': 1.0, 'max_samples': 0.85, 'min_samples_leaf': 1, 'min_samples_split': 8, 'n_estimators': 200}",-9.531093325279372,-9.712601422948834,-10.231704682779455,-9.757668725519734,-9.632232519590113,-9.773060135223501,0.24192036988435237,21,-14.365470198726682,-14.678628777408612,-15.39283077750121,-14.135159276562906,-14.361513170637934,-14.586720440167468,0.4385974205289429,89,-0.4249471458773784,-0.40084771419921283,-0.43293051359516616,-0.40042181379933717,-0.445750452079566,-0.42097952791013216,0.017888970166770823,82,2.344318936877077,-0.12551846805934044,2.452621601208459,0.09307698101837907,1.8998771850512355,1.3328752472191623,1.119138365151045,5,-13.972810945273634,-11.958510196374624,-14.649378925331474,-12.300460872836718,-12.935611899932388,-13.163354567949767,1.011097446257266,93,9.773060135223501,14.586720440167468,0.42097952791013216,13.163354567949767,1.3328752472191623,n200__absolute_error__boostrap_true__samples_0.85
164.84615726470946,4.435347858098022,4.0955531120300295,0.5285953302861573,True,absolute_error,20,1.0,0.85,2,2,200,"{'bootstrap': True, 'criterion': 'absolute_error', 'max_depth': 20, 'max_features': 1.0, 'max_samples': 0.85, 'min_samples_leaf': 2, 'min_samples_split': 2, 'n_estimators': 200}",-9.516475385080037,-9.627861035422344,-10.190033987915408,-9.726428141006329,-9.706298975286318,-9.753419504942087,0.23042939482173488,13,-14.28988272656114,-14.557516715535662,-15.28222095139729,-14.043103846408254,-14.466648883817816,-14.527874624744033,0.41600684527125265,32,-0.4216248867411658,-0.39176506206478956,-0.43051359516616317,-0.3983127448026514,-0.4463532248342375,-0.4177139027218015,0.020243942075478458,49,2.134438236182422,-0.3393854072055701,2.3510868580060427,-0.06487646881590863,1.778850210970464,1.1720226858274898,1.1400832953249174,22,-13.81668159025788,-11.85465030911901,-14.565301754385965,-12.128097579425113,-12.86553848750844,-13.046053944139283,1.0194756708272192,65,9.753419504942087,14.527874624744033,0.4177139027218015,13.046053944139283,1.1720226858274898,n200__absolute_error__boostrap_true__samples_0.85
160.5309705734253,0.8542993927161827,3.3643681049346923,0.9449486297854555,True,absolute_error,20,1.0,0.85,2,4,200,"{'bootstrap': True, 'criterion': 'absolute_error', 'max_depth': 20, 'max_features': 1.0, 'max_samples': 0.85, 'min_samples_leaf': 2, 'min_samples_split': 4, 'n_estimators': 200}",-9.516475385080037,-9.627861035422344,-10.190033987915408,-9.726428141006329,-9.706298975286318,-9.753419504942087,0.23042939482173488,13,-14.28988272656114,-14.557516715535662,-15.28222095139729,-14.043103846408254,-14.466648883817816,-14.527874624744033,0.41600684527125265,32,-0.4216248867411658,-0.39176506206478956,-0.43051359516616317,-0.3983127448026514,-0.4463532248342375,-0.4177139027218015,0.020243942075478458,49,2.134438236182422,-0.3393854072055701,2.3510868580060427,-0.06487646881590863,1.778850210970464,1.1720226858274898,1.1400832953249174,22,-13.81668159025788,-11.85465030911901,-14.565301754385965,-12.128097579425113,-12.86553848750844,-13.046053944139283,1.0194756708272192,65,9.753419504942087,14.527874624744033,0.4177139027218015,13.046053944139283,1.1720226858274898,n200__absolute_error__boostrap_true__samples_0.85
158.76462111473083,0.7744494046869089,2.925570774078369,0.21337197793700236,True,absolute_error,20,1.0,0.85,2,8,200,"{'bootstrap': True, 'criterion': 'absolute_error', 'max_depth': 20, 'max_features': 1.0, 'max_samples': 0.85, 'min_samples_leaf': 2, 'min_samples_split': 8, 'n_estimators': 200}",-9.539655693144065,-9.650849984862246,-10.172405589123867,-9.729471979511903,-9.676980108499096,-9.753872671028237,0.21825684453281233,15,-14.354643808710902,-14.592213846840979,-15.320344214674742,-14.105826041075,-14.457577186210631,-14.56612101950245,0.4093676355966118,72,-0.4273633343400785,-0.3941871026339691,-0.43444108761329303,-0.3940946068092799,-0.44695599758890897,-0.4194084257971059,0.02156401992523312,68,2.213766233766234,-0.2625075688767787,2.425325528700906,-0.0751001807773418,1.8207037371910793,1.22443755000082,1.1555293720337674,13,-13.751088339222616,-11.908485023041475,-14.498779554937414,-12.248799694189602,-12.86221004720162,-13.053872531718545,0.9561020358426537,70,9.753872671028237,14.56612101950245,0.4194084257971059,13.053872531718545,1.22443755000082,n200__absolute_error__boostrap_true__samples_0.85
143.0236592769623,4.732052127318932,3.535213327407837,0.3903767358835171,True,absolute_error,20,1.0,0.85,3,2,200,"{'bootstrap': True, 'criterion': 'absolute_error', 'max_depth': 20, 'max_features': 1.0, 'max_samples': 0.85, 'min_samples_leaf': 3, 'min_samples_split': 2, 'n_estimators': 200}",-9.50048323769254,-9.629458068422647,-10.194186555891239,-9.674373305212415,-9.658536769138035,-9.731407587271374,0.23935212507273193,5,-14.249556683853308,-14.552188733732592,-15.35603469094091,-14.09675476686267,-14.40185315242209,-14.531277605562314,0.43945170139945156,34,-0.425853216550891,-0.3926733272782319,-0.43202416918429004,-0.39439590238023503,-0.44424352019288726,-0.41783802711730705,0.02071489938737124,53,2.075048323769254,-0.34699666969421716,2.4446246223564954,-0.07746459777041258,1.7516018685955397,1.1693627094513317,1.1523442122635426,24,-13.590987588652485,-11.819572089437163,-14.627435314685313,-12.16659281894576,-12.842211668928085,-13.00935989612976,1.0109647604184175,43,9.731407587271374,14.531277605562314,0.41783802711730705,13.00935989612976,1.1693627094513317,n200__absolute_error__boostrap_true__samples_0.85
141.17098560333253,0.8990861933330682,3.4323774337768556,0.8005870514023761,True,absolute_error,20,1.0,0.85,3,4,200,"{'bootstrap': True, 'criterion': 'absolute_error', 'max_depth': 20, 'max_features': 1.0, 'max_samples': 0.85, 'min_samples_leaf': 3, 'min_samples_split': 4, 'n_estimators': 200}",-9.50048323769254,-9.629458068422647,-10.194186555891239,-9.674373305212415,-9.658536769138035,-9.731407587271374,0.23935212507273193,5,-14.249556683853308,-14.552188733732592,-15.35603469094091,-14.09675476686267,-14.40185315242209,-14.531277605562314,0.43945170139945156,34,-0.425853216550891,-0.3926733272782319,-0.43202416918429004,-0.39439590238023503,-0.44424352019288726,-0.41783802711730705,0.02071489938737124,53,2.075048323769254,-0.34699666969421716,2.4446246223564954,-0.07746459777041258,1.7516018685955397,1.1693627094513317,1.1523442122635426,24,-13.590987588652485,-11.819572089437163,-14.627435314685313,-12.16659281894576,-12.842211668928085,-13.00935989612976,1.0109647604184175,43,9.731407587271374,14.531277605562314,0.41783802711730705,13.00935989612976,1.1693627094513317,n200__absolute_error__boostrap_true__samples_0.85
140.29747347831727,0.5816743448099668,2.9465359687805175,0.5263379625617124,True,absolute_error,20,1.0,0.85,3,8,200,"{'bootstrap': True, 'criterion': 'absolute_error', 'max_depth': 20, 'max_features': 1.0, 'max_samples': 0.85, 'min_samples_leaf': 3, 'min_samples_split': 8, 'n_estimators': 200}",-9.449995469646632,-9.658231153496821,-10.138372356495468,-9.665265893341367,-9.650697709463532,-9.712512516488763,0.22771542914256448,4,-14.218452531977857,-14.652486589096137,-15.28264446046758,-14.016830747558792,-14.370631618926277,-14.50820918960533,0.4392960820815031,11,-0.42071881606765327,-0.392067817135937,-0.4299093655589124,-0.39198553781259415,-0.4451476793248945,-0.4159658431799983,0.021046438286352474,31,2.068231652068861,-0.29686724190130176,2.3463406344410873,-0.10312518830973207,1.7784734779987952,1.158610666859542,1.1254097945520527,28,-13.688747307968416,-11.938449806949807,-14.520168657765282,-12.197058032282857,-12.83750507786053,-13.036385776565378,0.9567314350654318,60,9.712512516488763,14.50820918960533,0.4159658431799983,13.036385776565378,1.158610666859542,n200__absolute_error__boostrap_true__samples_0.85
130.50096039772035,3.833899525130827,2.9460981369018553,0.776673285856579,True,absolute_error,20,1.0,0.85,4,2,200,"{'bootstrap': True, 'criterion': 'absolute_error', 'max_depth': 20, 'max_features': 1.0, 'max_samples': 0.85, 'min_samples_leaf': 4, 'min_samples_split': 2, 'n_estimators': 200}",-9.515196315312595,-9.60725855283076,-10.116058912386707,-9.607139198553782,-9.620018836648585,-9.693134363146486,0.21477561619641763,1,-14.317125200378822,-14.582341822528523,-15.276041397988267,-14.021861854123774,-14.38519762088264,-14.516513579180403,0.4202132317696846,19,-0.4213228631833283,-0.39297608234937936,-0.4268882175226586,-0.39258812895450435,-0.4394213381555154,-0.4146393260330772,0.018785124731533365,13,2.160835095137421,-0.3074356645473809,2.258397280966767,-0.1292663452847242,1.7335631404460516,1.143218701343627,1.1270571617552259,31,-13.856394265232973,-11.832555855161788,-14.493789808917196,-12.071013046815041,-12.918787722908094,-13.03450813980702,1.018960558278822,52,9.693134363146486,14.516513579180403,0.4146393260330772,13.03450813980702,1.143218701343627,n200__absolute_error__boostrap_true__samples_0.85
127.9939284324646,1.493488299414453,3.9396050930023194,0.5110551694154595,True,absolute_error,20,1.0,0.85,4,4,200,"{'bootstrap': True, 'criterion': 'absolute_error', 'max_depth': 20, 'max_features': 1.0, 'max_samples': 0.85, 'min_samples_leaf': 4, 'min_samples_split': 4, 'n_estimators': 200}",-9.515196315312595,-9.60725855283076,-10.116058912386707,-9.607139198553782,-9.620018836648585,-9.693134363146486,0.21477561619641763,1,-14.317125200378822,-14.582341822528523,-15.276041397988267,-14.021861854123774,-14.38519762088264,-14.516513579180403,0.4202132317696846,19,-0.4213228631833283,-0.39297608234937936,-0.4268882175226586,-0.39258812895450435,-0.4394213381555154,-0.4146393260330772,0.018785124731533365,13,2.160835095137421,-0.3074356645473809,2.258397280966767,-0.1292663452847242,1.7335631404460516,1.143218701343627,1.1270571617552259,31,-13.856394265232973,-11.832555855161788,-14.493789808917196,-12.071013046815041,-12.918787722908094,-13.03450813980702,1.018960558278822,52,9.693134363146486,14.516513579180403,0.4146393260330772,13.03450813980702,1.143218701343627,n200__absolute_error__boostrap_true__samples_0.85
130.532058095932,1.25269679578553,3.2275295734405516,0.16840259922074877,True,absolute_error,20,1.0,0.85,4,8,200,"{'bootstrap': True, 'criterion': 'absolute_error', 'max_depth': 20, 'max_features': 1.0, 'max_samples': 0.85, 'min_samples_leaf': 4, 'min_samples_split': 8, 'n_estimators': 200}",-9.515196315312595,-9.60725855283076,-10.116058912386707,-9.607139198553782,-9.620018836648585,-9.693134363146486,0.21477561619641763,1,-14.317125200378822,-14.582341822528523,-15.276041397988267,-14.021861854123774,-14.38519762088264,-14.516513579180403,0.4202132317696846,19,-0.4213228631833283,-0.39297608234937936,-0.4268882175226586,-0.39258812895450435,-0.4394213381555154,-0.4146393260330772,0.018785124731533365,13,2.160835095137421,-0.3074356645473809,2.258397280966767,-0.1292663452847242,1.7335631404460516,1.143218701343627,1.1270571617552259,31,-13.856394265232973,-11.832555855161788,-14.493789808917196,-12.071013046815041,-12.918787722908094,-13.03450813980702,1.018960558278822,52,9.693134363146486,14.516513579180403,0.4146393260330772,13.03450813980702,1.143218701343627,n200__absolute_error__boostrap_true__samples_0.85
179.8240604877472,0.9499547380944939,4.128062295913696,0.4155778425375655,True,absolute_error,22,0.875,0.85,1,2,200,"{'bootstrap': True, 'criterion': 'absolute_error', 'max_depth': 22, 'max_features': 0.875, 'max_samples': 0.85, 'min_samples_leaf': 1, 'min_samples_split': 2, 'n_estimators': 200}",-9.617270462096045,-9.748283378746594,-10.347598942598188,-9.841424374811691,-9.756855786618445,-9.862286588974191,0.25302513749339894,68,-14.399228219136623,-14.525230428001043,-15.445892786096637,-14.164747468549178,-14.392583521202265,-14.585536484597151,0.4456130154922425,87,-0.4267592872244035,-0.3993339388434756,-0.43746223564954684,-0.39891533594456163,-0.4490657022302592,-0.42230729997844935,0.020201305204879817,89,2.3439527333131984,-0.33836663639115955,2.4043013595166163,-0.021576529075022517,1.8768135925256177,1.25302490397785,1.1884283050949997,9,-14.01401627742392,-11.782014783927218,-14.574858425414362,-12.308185422960726,-12.953192953020134,-13.126453572549272,1.0385318325549548,88,9.862286588974191,14.585536484597151,0.42230729997844935,13.126453572549272,1.25302490397785,n200__absolute_error__boostrap_true__samples_0.85
174.79180364608766,2.009678535378149,4.040856409072876,0.5450316228412047,True,absolute_error,22,0.875,0.85,1,4,200,"{'bootstrap': True, 'criterion': 'absolute_error', 'max_depth': 22, 'max_features': 0.875, 'max_samples': 0.85, 'min_samples_leaf': 1, 'min_samples_split': 4, 'n_estimators': 200}",-9.635465871337965,-9.74077732364517,-10.33813519637462,-9.881480114492318,-9.787882760699217,-9.87674825330986,0.24392730846780494,74,-14.372311004455893,-14.5314320727153,-15.445837016323159,-14.193564603123491,-14.45241453695057,-14.599111846713683,0.43793866104349544,93,-0.4249471458773784,-0.3981229185588859,-0.44018126888217524,-0.40132570051220245,-0.45087402049427366,-0.4230902108649831,0.020806499683023782,93,2.1850083056478407,-0.3738306085376927,2.5096820241691846,-0.12051596866526106,1.9131359252561786,1.22269593557405,1.217555000394666,14,-13.90816986496091,-11.76388783269962,-14.593780027453672,-12.1609009009009,-12.975929144385026,-13.080533554080024,1.0549994319635003,81,9.87674825330986,14.599111846713683,0.4230902108649831,13.080533554080024,1.22269593557405,n200__absolute_error__boostrap_true__samples_0.85
169.43733954429626,0.5484065724103575,3.2943023681640624,0.21361019767737507,True,absolute_error,22,0.875,0.85,1,8,200,"{'bootstrap': True, 'criterion': 'absolute_error', 'max_depth': 22, 'max_features': 0.875, 'max_samples': 0.85, 'min_samples_leaf': 1, 'min_samples_split': 8, 'n_estimators': 200}",-9.632613258834189,-9.772163941871028,-10.325018882175227,-9.859665561916241,-9.72894665461121,-9.863681659881578,0.24197924788466824,69,-14.416783225211697,-14.574977004812437,-15.47383959045306,-14.163214748066533,-14.349745828483288,-14.595712079405406,0.4584990168033357,91,-0.4267592872244035,-0.39721465334544354,-0.4380664652567976,-0.39710756251883095,-0.4511754068716094,-0.42206467504341705,0.021752758101401513,87,2.273686952582301,-0.35091053587647564,2.5644780966767375,-0.05880385658330838,1.8219228450874028,1.2500747003773314,1.2148057816169564,10,-13.949667374380748,-11.859146341463415,-14.711805172413793,-12.340311077389988,-12.800863393453575,-13.132358671820304,1.050803779314974,89,9.863681659881578,14.595712079405406,0.42206467504341705,13.132358671820304,1.2500747003773314,n200__absolute_error__boostrap_true__samples_0.85
141.35032873153688,2.459385112008108,4.035443115234375,0.2013876401161533,True,absolute_error,22,0.875,0.85,2,2,200,"{'bootstrap': True, 'criterion': 'absolute_error', 'max_depth': 22, 'max_features': 0.875, 'max_samples': 0.85, 'min_samples_leaf': 2, 'min_samples_split': 2, 'n_estimators': 200}",-9.623671096345515,-9.777934453527097,-10.281428247734137,-9.902743296173547,-9.799909584086798,-9.877137335573419,0.22097840560032736,76,-14.396936457077917,-14.541096725647456,-15.30404873141877,-14.15325697190491,-14.390743604417919,-14.557216498093393,0.39359991018101437,65,-0.42615524010872846,-0.3926733272782319,-0.43383685800604227,-0.3946971979511901,-0.445750452079566,-0.4186226150847518,0.02130692042561578,61,2.1484762911507103,-0.446476687859521,2.27572583081571,-0.20329165411268418,1.72746383363472,1.1003795227257869,1.180296842871085,43,-13.812041105598867,-11.881960292983809,-14.472207520891365,-12.28720610687023,-12.930299188640973,-13.07674284299705,0.9550188004062571,79,9.877137335573419,14.557216498093393,0.4186226150847518,13.07674284299705,1.1003795227257869,n200__absolute_error__boostrap_true__samples_0.85
138.83081650733948,1.1043123688924035,4.152344465255737,0.43584078759890027,True,absolute_error,22,0.875,0.85,2,4,200,"{'bootstrap': True, 'criterion': 'absolute_error', 'max_depth': 22, 'max_features': 0.875, 'max_samples': 0.85, 'min_samples_leaf': 2, 'min_samples_split': 4, 'n_estimators': 200}",-9.623671096345515,-9.777934453527097,-10.281428247734137,-9.902743296173547,-9.799909584086798,-9.877137335573419,0.22097840560032736,76,-14.396936457077917,-14.541096725647456,-15.30404873141877,-14.15325697190491,-14.390743604417919,-14.557216498093393,0.39359991018101437,65,-0.42615524010872846,-0.3926733272782319,-0.43383685800604227,-0.3946971979511901,-0.445750452079566,-0.4186226150847518,0.02130692042561578,61,2.1484762911507103,-0.446476687859521,2.27572583081571,-0.20329165411268418,1.72746383363472,1.1003795227257869,1.180296842871085,43,-13.812041105598867,-11.881960292983809,-14.472207520891365,-12.28720610687023,-12.930299188640973,-13.07674284299705,0.9550188004062571,79,9.877137335573419,14.557216498093393,0.4186226150847518,13.07674284299705,1.1003795227257869,n200__absolute_error__boostrap_true__samples_0.85
136.40039224624633,0.9127996812561878,3.4714027404785157,0.1626490848738499,True,absolute_error,22,0.875,0.85,2,8,200,"{'bootstrap': True, 'criterion': 'absolute_error', 'max_depth': 22, 'max_features': 0.875, 'max_samples': 0.85, 'min_samples_leaf': 2, 'min_samples_split': 8, 'n_estimators': 200}",-9.641196013289036,-9.704681350287617,-10.201262839879153,-9.824478758662247,-9.738027426160336,-9.821929277655679,0.19867136748290057,48,-14.419332259830547,-14.538986822847141,-15.291195928967312,-14.146747949474026,-14.363281870983892,-14.551908966420584,0.3909026499532621,62,-0.426457263666566,-0.3938843475628217,-0.43564954682779455,-0.39228683338354925,-0.4499698613622664,-0.41964957056059954,0.022953126419810534,71,2.1991633947447897,-0.4690924916742351,2.441394259818731,-0.12838204278397106,1.724817661241712,1.1535801562694052,1.2128079289940683,29,-13.882234419263456,-11.723731744811683,-14.510123092926491,-12.35842741935484,-12.737347622237106,-13.042372859718716,1.0158045419371695,62,9.821929277655679,14.551908966420584,0.41964957056059954,13.042372859718716,1.1535801562694052,n200__absolute_error__boostrap_true__samples_0.85
121.98951706886291,1.396645423065013,3.684112215042114,0.25529312026531775,True,absolute_error,22,0.875,0.85,3,2,200,"{'bootstrap': True, 'criterion': 'absolute_error', 'max_depth': 22, 'max_features': 0.875, 'max_samples': 0.85, 'min_samples_leaf': 3, 'min_samples_split': 2, 'n_estimators': 200}",-9.639562065841135,-9.742532546170148,-10.225619335347433,-9.832127899969871,-9.713213532248341,-9.830611075915385,0.20691716250047393,54,-14.387421030790945,-14.521124526300495,-15.356369148384333,-14.174533164649505,-14.350666975721234,-14.558022969169304,0.4142183184074074,67,-0.4240410752038659,-0.39539812291855886,-0.4350453172205438,-0.3949984935221452,-0.44333936106088007,-0.41856447398519875,0.020037173658961554,59,2.134553005134401,-0.5654556463820771,2.446083081570997,-0.15330295269659508,1.6984591621458713,1.1120673299545192,1.2315986075603869,35,-13.883224715099715,-11.604856431852985,-14.56365798611111,-12.251723874904654,-12.870132562882393,-13.034719114170173,1.071661644065085,56,9.830611075915385,14.558022969169304,0.41856447398519875,13.034719114170173,1.1120673299545192,n200__absolute_error__boostrap_true__samples_0.85
120.80723819732665,1.4688590068756562,4.0610072135925295,0.22559240815285989,True,absolute_error,22,0.875,0.85,3,4,200,"{'bootstrap': True, 'criterion': 'absolute_error', 'max_depth': 22, 'max_features': 0.875, 'max_samples': 0.85, 'min_samples_leaf': 3, 'min_samples_split': 4, 'n_estimators': 200}",-9.639562065841135,-9.742532546170148,-10.225619335347433,-9.832127899969871,-9.713213532248341,-9.830611075915385,0.20691716250047393,54,-14.387421030790945,-14.521124526300495,-15.356369148384333,-14.174533164649505,-14.350666975721234,-14.558022969169304,0.4142183184074074,67,-0.4240410752038659,-0.39539812291855886,-0.4350453172205438,-0.3949984935221452,-0.44333936106088007,-0.41856447398519875,0.020037173658961554,59,2.134553005134401,-0.5654556463820771,2.446083081570997,-0.15330295269659508,1.6984591621458713,1.1120673299545192,1.2315986075603869,35,-13.883224715099715,-11.604856431852985,-14.56365798611111,-12.251723874904654,-12.870132562882393,-13.034719114170173,1.071661644065085,56,9.830611075915385,14.558022969169304,0.41856447398519875,13.034719114170173,1.1120673299545192,n200__absolute_error__boostrap_true__samples_0.85
119.21447238922119,0.5945315181551375,3.1634747982025146,0.42380597855711544,True,absolute_error,22,0.875,0.85,3,8,200,"{'bootstrap': True, 'criterion': 'absolute_error', 'max_depth': 22, 'max_features': 0.875, 'max_samples': 0.85, 'min_samples_leaf': 3, 'min_samples_split': 8, 'n_estimators': 200}",-9.58631682271217,-9.693041174689675,-10.236253021148036,-9.77774178969569,-9.716992163954188,-9.802068994439953,0.2257351165013417,34,-14.414284126155062,-14.499527087953458,-15.318939375722275,-14.111821997758284,-14.395986784370864,-14.548111874391989,0.40692414132010524,58,-0.4216248867411658,-0.3911595519224947,-0.43051359516616317,-0.39258812895450435,-0.445750452079566,-0.4163273229727788,0.021410282853509346,43,2.231253397765026,-0.43817438692098065,2.3755128398791547,-0.149068996685749,1.8236965039180228,1.1686438715910947,1.2110324340793581,27,-14.014317693409742,-11.830040634674923,-14.647349122807018,-12.26307175748273,-12.945234956051385,-13.140002832885159,1.0544631724880584,91,9.802068994439953,14.548111874391989,0.4163273229727788,13.140002832885159,1.1686438715910947,n200__absolute_error__boostrap_true__samples_0.85
110.71011109352112,1.3173668068989979,3.2544746875762938,0.3681124746912518,True,absolute_error,22,0.875,0.85,4,2,200,"{'bootstrap': True, 'criterion': 'absolute_error', 'max_depth': 22, 'max_features': 0.875, 'max_samples': 0.85, 'min_samples_leaf': 4, 'min_samples_split': 2, 'n_estimators': 200}",-9.587013742071882,-9.739072055706933,-10.19481419939577,-9.760365320879782,-9.68135849909584,-9.792524763430041,0.2099147113583968,27,-14.354799924764578,-14.558422769367494,-15.318086523557778,-14.102153000282314,-14.409918676233081,-14.548676178841049,0.4119009274082606,59,-0.42222893385684085,-0.39176506206478956,-0.42900302114803623,-0.3904790599578186,-0.44183242917420135,-0.4150617012403373,0.020539917952891153,20,2.137484898822108,-0.5002376627308501,2.350672205438067,-0.16442527869840293,1.7187228752260397,1.1084434076113923,1.1985448914446704,39,-13.884054005722462,-11.791294435857806,-14.621676056338027,-12.287393904320988,-12.900910641200547,-13.097065808687967,1.0337186416106863,82,9.792524763430041,14.548676178841049,0.4150617012403373,13.097065808687967,1.1084434076113923,n200__absolute_error__boostrap_true__samples_0.85
109.28713488578796,0.8195642459652521,3.8209943771362305,0.1684977388250141,True,absolute_error,22,0.875,0.85,4,4,200,"{'bootstrap': True, 'criterion': 'absolute_error', 'max_depth': 22, 'max_features': 0.875, 'max_samples': 0.85, 'min_samples_leaf': 4, 'min_samples_split': 4, 'n_estimators': 200}",-9.587013742071882,-9.739072055706933,-10.19481419939577,-9.760365320879782,-9.68135849909584,-9.792524763430041,0.2099147113583968,27,-14.354799924764578,-14.558422769367494,-15.318086523557778,-14.102153000282314,-14.409918676233081,-14.548676178841049,0.4119009274082606,59,-0.42222893385684085,-0.39176506206478956,-0.42900302114803623,-0.3904790599578186,-0.44183242917420135,-0.4150617012403373,0.020539917952891153,20,2.137484898822108,-0.5002376627308501,2.350672205438067,-0.16442527869840293,1.7187228752260397,1.1084434076113923,1.1985448914446704,39,-13.884054005722462,-11.791294435857806,-14.621676056338027,-12.287393904320988,-12.900910641200547,-13.097065808687967,1.0337186416106863,82,9.792524763430041,14.548676178841049,0.4150617012403373,13.097065808687967,1.1084434076113923,n200__absolute_error__boostrap_true__samples_0.85
110.71646962165832,1.4617216353530813,3.9518017292022707,0.2634225210374328,True,absolute_error,22,0.875,0.85,4,8,200,"{'bootstrap': True, 'criterion': 'absolute_error', 'max_depth': 22, 'max_features': 0.875, 'max_samples': 0.85, 'min_samples_leaf': 4, 'min_samples_split': 8, 'n_estimators': 200}",-9.587013742071882,-9.739072055706933,-10.19481419939577,-9.760365320879782,-9.68135849909584,-9.792524763430041,0.2099147113583968,27,-14.354799924764578,-14.558422769367494,-15.318086523557778,-14.102153000282314,-14.409918676233081,-14.548676178841049,0.4119009274082606,59,-0.42222893385684085,-0.39176506206478956,-0.42900302114803623,-0.3904790599578186,-0.44183242917420135,-0.4150617012403373,0.020539917952891153,20,2.137484898822108,-0.5002376627308501,2.350672205438067,-0.16442527869840293,1.7187228752260397,1.1084434076113923,1.1985448914446704,39,-13.884054005722462,-11.791294435857806,-14.621676056338027,-12.287393904320988,-12.900910641200547,-13.097065808687967,1.0337186416106863,82,9.792524763430041,14.548676178841049,0.4150617012403373,13.097065808687967,1.1084434076113923,n200__absolute_error__boostrap_true__samples_0.85
204.99335212707518,1.068591611321832,3.1164206981658937,0.17971531148723074,True,absolute_error,22,1.0,0.85,1,2,200,"{'bootstrap': True, 'criterion': 'absolute_error', 'max_depth': 22, 'max_features': 1.0, 'max_samples': 0.85, 'min_samples_leaf': 1, 'min_samples_split': 2, 'n_estimators': 200}",-9.563282996073694,-9.756407054193158,-10.260836102719033,-9.755691473335343,-9.70745253164557,-9.80873403159336,0.23683414506184272,36,-14.339117087429933,-14.7066830815518,-15.392675510857522,-14.12321635025383,-14.42355601530035,-14.597049609078686,0.43958781690185367,92,-0.427061310782241,-0.3941871026339691,-0.4353474320241692,-0.40042181379933717,-0.44665461121157324,-0.42073445409025795,0.02021280786938618,79,2.2133645424343107,-0.2778905540417795,2.4187092145015106,-0.07350557396806279,1.8228413200723328,1.2207037897996622,1.157922696682014,15,-13.788005657708627,-12.022864823348694,-14.562558986814711,-12.089983069977428,-12.907393724696355,-13.074161252509162,0.9825012911533787,77,9.80873403159336,14.597049609078686,0.42073445409025795,13.074161252509162,1.2207037897996622,n200__absolute_error__boostrap_true__samples_0.85
200.56658024787902,0.4644036864302967,3.529674434661865,0.07679208569187071,True,absolute_error,22,1.0,0.85,1,4,200,"{'bootstrap': True, 'criterion': 'absolute_error', 'max_depth': 22, 'max_features': 1.0, 'max_samples': 0.85, 'min_samples_leaf': 1, 'min_samples_split': 4, 'n_estimators': 200}",-9.623695258230143,-9.70704889494399,-10.268181268882175,-9.822104549563122,-9.711625226039782,-9.82653103953184,0.22965025666195132,53,-14.330044959919253,-14.575652913492483,-15.392466392206169,-14.162995568228224,-14.392518058500766,-14.570735578469378,0.4315578952264733,76,-0.43068559347629115,-0.3990311837723282,-0.43595166163141996,-0.3974088580897861,-0.44936708860759494,-0.42248887711548405,0.020737124730046824,90,2.115924192086983,-0.2750976385104448,2.4024350453172207,-0.07504368785778848,1.675595991561181,1.1687627805194303,1.123185589359744,26,-13.62899018232819,-11.818564112291352,-14.532134442134442,-12.26326573161486,-12.670288397048962,-12.98264857308356,0.9786559271019756,20,9.82653103953184,14.570735578469378,0.42248887711548405,12.98264857308356,1.1687627805194303,n200__absolute_error__boostrap_true__samples_0.85
192.91125493049623,0.6953235367202526,4.033590793609619,0.24572204087557234,True,absolute_error,22,1.0,0.85,1,8,200,"{'bootstrap': True, 'criterion': 'absolute_error', 'max_depth': 22, 'max_features': 1.0, 'max_samples': 0.85, 'min_samples_leaf': 1, 'min_samples_split': 8, 'n_estimators': 200}",-9.560823769254002,-9.733686799878898,-10.244492447129911,-9.77576981018379,-9.696029234478603,-9.80216041218504,0.23261553288518352,35,-14.237407019795143,-14.588064149168986,-15.371172600882892,-14.102074161940722,-14.359191167866264,-14.531581819930802,0.4491852872038721,36,-0.4297795228027786,-0.394792612776264,-0.4341389728096677,-0.3980114492316963,-0.4478601567209162,-0.4209165428682645,0.02091146303952647,80,2.1799282694050133,-0.28169164396003626,2.377833836858006,-0.04044742392286803,1.747864677516576,1.196697543179338,1.1297586532963322,21,-13.659040758959945,-11.970835889570553,-14.537195546276966,-12.229952687358061,-12.776191117092866,-13.034643199851677,0.9480027593794933,55,9.80216041218504,14.531581819930802,0.4209165428682645,13.034643199851677,1.196697543179338,n200__absolute_error__boostrap_true__samples_0.85
161.8449429988861,1.8477679145932318,3.601309061050415,0.8077955479431663,True,absolute_error,22,1.0,0.85,2,2,200,"{'bootstrap': True, 'criterion': 'absolute_error', 'max_depth': 22, 'max_features': 1.0, 'max_samples': 0.85, 'min_samples_leaf': 2, 'min_samples_split': 2, 'n_estimators': 200}",-9.633421171851404,-9.75516727217681,-10.217539274924471,-9.818849050918953,-9.701379596142253,-9.825271273202777,0.20541938083201586,51,-14.341801881246344,-14.660277209362679,-15.312834529300977,-14.110181091142195,-14.366773293218111,-14.558373600854063,0.41571291809659117,69,-0.4180006040471157,-0.3884347562821677,-0.4326283987915408,-0.3940946068092799,-0.44062688366485836,-0.4147570499189925,0.020586178613382695,16,1.9587760495318634,-0.42495231607629436,2.2260921450151057,-0.19166013859596234,1.5544401748040992,1.0245391829357622,1.1115295317871172,59,-13.866244580924855,-12.010015588464535,-14.38143156424581,-12.214311926605504,-12.77250683994528,-13.048902100037196,0.9269200381225257,68,9.825271273202777,14.558373600854063,0.4147570499189925,13.048902100037196,1.0245391829357622,n200__absolute_error__boostrap_true__samples_0.85
162.33775143623353,1.2920347802521421,3.5983765602111815,0.06676136105174557,True,absolute_error,22,1.0,0.85,2,4,200,"{'bootstrap': True, 'criterion': 'absolute_error', 'max_depth': 22, 'max_features': 1.0, 'max_samples': 0.85, 'min_samples_leaf': 2, 'min_samples_split': 4, 'n_estimators': 200}",-9.633421171851404,-9.75516727217681,-10.217539274924471,-9.818849050918953,-9.701379596142253,-9.825271273202777,0.20541938083201586,51,-14.341801881246344,-14.660277209362679,-15.312834529300977,-14.110181091142195,-14.366773293218111,-14.558373600854063,0.41571291809659117,69,-0.4180006040471157,-0.3884347562821677,-0.4326283987915408,-0.3940946068092799,-0.44062688366485836,-0.4147570499189925,0.020586178613382695,16,1.9587760495318634,-0.42495231607629436,2.2260921450151057,-0.19166013859596234,1.5544401748040992,1.0245391829357622,1.1115295317871172,59,-13.866244580924855,-12.010015588464535,-14.38143156424581,-12.214311926605504,-12.77250683994528,-13.048902100037196,0.9269200381225257,68,9.825271273202777,14.558373600854063,0.4147570499189925,13.048902100037196,1.0245391829357622,n200__absolute_error__boostrap_true__samples_0.85
158.74623875617982,2.389740371139359,3.882014751434326,0.3603587666823123,True,absolute_error,22,1.0,0.85,2,8,200,"{'bootstrap': True, 'criterion': 'absolute_error', 'max_depth': 22, 'max_features': 1.0, 'max_samples': 0.85, 'min_samples_leaf': 2, 'min_samples_split': 8, 'n_estimators': 200}",-9.549048625792812,-9.707875416288223,-10.165478851963746,-9.792028472431456,-9.739003918022906,-9.790687056899827,0.20415128463748605,26,-14.287749769251299,-14.633930904880176,-15.27686260332125,-14.086827854500637,-14.429935677988523,-14.543061361988375,0.40813036611552794,54,-0.42283298097251587,-0.3957008779897063,-0.43293051359516616,-0.39228683338354925,-0.44153104279686556,-0.4170564497475606,0.019768430695859443,48,2.01734219269103,-0.3299417196488043,2.274741691842901,-0.19088053630611568,1.7271940928270042,1.0996911442812032,1.124812213195524,45,-13.677257142857146,-11.849776205049732,-14.367456385205864,-12.237407834101383,-12.984588737201365,-13.023297260883098,0.9198586291543746,49,9.790687056899827,14.543061361988375,0.4170564497475606,13.023297260883098,1.0996911442812032,n200__absolute_error__boostrap_true__samples_0.85
141.3826942920685,1.4245182189731116,3.599726104736328,0.28778747474960903,True,absolute_error,22,1.0,0.85,3,2,200,"{'bootstrap': True, 'criterion': 'absolute_error', 'max_depth': 22, 'max_features': 1.0, 'max_samples': 0.85, 'min_samples_leaf': 3, 'min_samples_split': 2, 'n_estimators': 200}",-9.602088492902446,-9.697749016046018,-10.192699395770392,-9.736181078638145,-9.7405372212176,-9.79385104091492,0.20555129388781707,30,-14.32386503365681,-14.595871305861227,-15.273746538777436,-14.071389517481796,-14.447328784312841,-14.542440236018024,0.40407273465217614,52,-0.4237390516460284,-0.39509536784741145,-0.43021148036253776,-0.3907803555287737,-0.44062688366485836,-0.4160906278099219,0.01970449461015225,35,1.994032014497131,-0.4789055404178011,2.2998927492447137,-0.1408571858993673,1.6348892405063291,1.061810255586201,1.1445976874617074,49,-13.683091589451175,-11.666605363984676,-14.519129213483147,-12.277131842713954,-12.908230164158685,-13.010837634758328,1.0082342729885736,45,9.79385104091492,14.542440236018024,0.4160906278099219,13.010837634758328,1.061810255586201,n200__absolute_error__boostrap_true__samples_0.85
140.99874262809755,0.8525766033405089,3.294899082183838,0.13560208780669003,True,absolute_error,22,1.0,0.85,3,4,200,"{'bootstrap': True, 'criterion': 'absolute_error', 'max_depth': 22, 'max_features': 1.0, 'max_samples': 0.85, 'min_samples_leaf': 3, 'min_samples_split': 4, 'n_estimators': 200}",-9.602088492902446,-9.697749016046018,-10.192699395770392,-9.736181078638145,-9.7405372212176,-9.79385104091492,0.20555129388781707,30,-14.32386503365681,-14.595871305861227,-15.273746538777436,-14.071389517481796,-14.447328784312841,-14.542440236018024,0.40407273465217614,52,-0.4237390516460284,-0.39509536784741145,-0.43021148036253776,-0.3907803555287737,-0.44062688366485836,-0.4160906278099219,0.01970449461015225,35,1.994032014497131,-0.4789055404178011,2.2998927492447137,-0.1408571858993673,1.6348892405063291,1.061810255586201,1.1445976874617074,49,-13.683091589451175,-11.666605363984676,-14.519129213483147,-12.277131842713954,-12.908230164158685,-13.010837634758328,1.0082342729885736,45,9.79385104091492,14.542440236018024,0.4160906278099219,13.010837634758328,1.061810255586201,n200__absolute_error__boostrap_true__samples_0.85
140.43914337158202,1.4266015995707486,3.9988125801086425,0.49797897382136214,True,absolute_error,22,1.0,0.85,3,8,200,"{'bootstrap': True, 'criterion': 'absolute_error', 'max_depth': 22, 'max_features': 1.0, 'max_samples': 0.85, 'min_samples_leaf': 3, 'min_samples_split': 8, 'n_estimators': 200}",-9.580147991543342,-9.696119436875568,-10.180500755287008,-9.696896655619163,-9.649247287522606,-9.760582425369538,0.21424045172867068,17,-14.297422978966331,-14.675012994156798,-15.296246196684733,-14.006814279894886,-14.346200676847609,-14.52433942531007,0.44036333896116175,30,-0.4210208396254908,-0.3932788374205268,-0.43021148036253776,-0.39228683338354925,-0.44273658830620854,-0.4159069158196626,0.020102449281192807,30,1.9982452431289641,-0.37941189827429617,2.2407696374622352,-0.1860213919855378,1.6956547619047622,1.0738472704472255,1.122683859064877,46,-13.750380200860832,-11.84491339491917,-14.436237710674156,-12.122348310291859,-12.812248127978217,-12.993225548944846,0.976254890958646,29,9.760582425369538,14.52433942531007,0.4159069158196626,12.993225548944846,1.0738472704472255,n200__absolute_error__boostrap_true__samples_0.85
127.60022764205932,1.3186720998174937,3.735536289215088,0.22561810655411021,True,absolute_error,22,1.0,0.85,4,2,200,"{'bootstrap': True, 'criterion': 'absolute_error', 'max_depth': 22, 'max_features': 1.0, 'max_samples': 0.85, 'min_samples_leaf': 4, 'min_samples_split': 2, 'n_estimators': 200}",-9.592578526125038,-9.665363306085377,-10.172722054380664,-9.683254745405243,-9.642730560578661,-9.751329838514996,0.2128810207350008,10,-14.307016646748485,-14.573561132627693,-15.268731735121083,-14.052120580081597,-14.342163589336762,-14.508718736783123,0.4144226154325971,12,-0.4216248867411658,-0.3905540417801998,-0.42628398791540784,-0.3934920156673697,-0.4397227245328511,-0.41433553132739886,0.019185522073626917,10,2.0354975838115363,-0.5100847714199211,2.188788519637462,-0.19400949081048482,1.6658694996986134,1.0372122681834413,1.151342390223979,54,-13.789598853868194,-11.720885658914728,-14.499149539333805,-12.057735451761102,-12.858785126799177,-12.985230926135404,1.0405539563570572,24,9.751329838514996,14.508718736783123,0.41433553132739886,12.985230926135404,1.0372122681834413,n200__absolute_error__boostrap_true__samples_0.85
128.43353734016418,1.17277862907353,3.3662884712219237,0.13368748630267058,True,absolute_error,22,1.0,0.85,4,4,200,"{'bootstrap': True, 'criterion': 'absolute_error', 'max_depth': 22, 'max_features': 1.0, 'max_samples': 0.85, 'min_samples_leaf': 4, 'min_samples_split': 4, 'n_estimators': 200}",-9.592578526125038,-9.665363306085377,-10.172722054380664,-9.683254745405243,-9.642730560578661,-9.751329838514996,0.2128810207350008,10,-14.307016646748485,-14.573561132627693,-15.268731735121083,-14.052120580081597,-14.342163589336762,-14.508718736783123,0.4144226154325971,12,-0.4216248867411658,-0.3905540417801998,-0.42628398791540784,-0.3934920156673697,-0.4397227245328511,-0.41433553132739886,0.019185522073626917,10,2.0354975838115363,-0.5100847714199211,2.188788519637462,-0.19400949081048482,1.6658694996986134,1.0372122681834413,1.151342390223979,54,-13.789598853868194,-11.720885658914728,-14.499149539333805,-12.057735451761102,-12.858785126799177,-12.985230926135404,1.0405539563570572,24,9.751329838514996,14.508718736783123,0.41433553132739886,12.985230926135404,1.0372122681834413,n200__absolute_error__boostrap_true__samples_0.85
128.60150713920592,1.1846340276718321,3.7832929611206056,0.1520507516996313,True,absolute_error,22,1.0,0.85,4,8,200,"{'bootstrap': True, 'criterion': 'absolute_error', 'max_depth': 22, 'max_features': 1.0, 'max_samples': 0.85, 'min_samples_leaf': 4, 'min_samples_split': 8, 'n_estimators': 200}",-9.592578526125038,-9.665363306085377,-10.172722054380664,-9.683254745405243,-9.642730560578661,-9.751329838514996,0.2128810207350008,10,-14.307016646748485,-14.573561132627693,-15.268731735121083,-14.052120580081597,-14.342163589336762,-14.508718736783123,0.4144226154325971,12,-0.4216248867411658,-0.3905540417801998,-0.42628398791540784,-0.3934920156673697,-0.4397227245328511,-0.41433553132739886,0.019185522073626917,10,2.0354975838115363,-0.5100847714199211,2.188788519637462,-0.19400949081048482,1.6658694996986134,1.0372122681834413,1.151342390223979,54,-13.789598853868194,-11.720885658914728,-14.499149539333805,-12.057735451761102,-12.858785126799177,-12.985230926135404,1.0405539563570572,24,9.751329838514996,14.508718736783123,0.41433553132739886,12.985230926135404,1.0372122681834413,n200__absolute_error__boostrap_true__samples_0.85
184.35384163856506,1.1011209888727755,3.782349634170532,0.45675987490647385,True,absolute_error,24,0.875,0.85,1,2,200,"{'bootstrap': True, 'criterion': 'absolute_error', 'max_depth': 24, 'max_features': 0.875, 'max_samples': 0.85, 'min_samples_leaf': 1, 'min_samples_split': 2, 'n_estimators': 200}",-9.667038659015402,-9.819273387829247,-10.333527945619336,-9.918172642362158,-9.786210819770947,-9.904844690919418,0.22886464089322778,83,-14.342542714593307,-14.572350036588423,-15.379919231774473,-14.224775823208898,-14.392707353394046,-14.58245903191183,0.4141371219186801,83,-0.4279673814557535,-0.3990311837723282,-0.4377643504531722,-0.40072310937029226,-0.4490657022302592,-0.4229103454563611,0.019963995458752624,92,2.0956418000604042,-0.48753103239479334,2.410893504531722,-0.05557246158481496,1.7648380048221823,1.14565396308694,1.1829568899980143,30,-13.74249647141849,-11.692998861911986,-14.556257763975157,-12.306003759398497,-12.86120134228188,-13.0317916397972,1.0175788441701825,51,9.904844690919418,14.58245903191183,0.4229103454563611,13.0317916397972,1.14565396308694,n200__absolute_error__boostrap_true__samples_0.85
180.896897649765,1.9329313829832966,3.135798788070679,0.4795363980052791,True,absolute_error,24,0.875,0.85,1,4,200,"{'bootstrap': True, 'criterion': 'absolute_error', 'max_depth': 24, 'max_features': 0.875, 'max_samples': 0.85, 'min_samples_leaf': 1, 'min_samples_split': 4, 'n_estimators': 200}",-9.678335850196316,-9.835080986981533,-10.320062688821753,-9.950710304308528,-9.836521247739602,-9.924142215609546,0.21609673305191576,89,-14.37012094973235,-14.568497320014192,-15.352936865946633,-14.185422011761851,-14.428255103586231,-14.581046450208252,0.40504956566499584,81,-0.426457263666566,-0.3963063881320012,-0.4380664652567976,-0.40072310937029226,-0.4490657022302592,-0.42212378573118325,0.020607483561143138,88,2.0250226517668377,-0.469252951861944,2.4242726586102714,-0.15559129255799942,1.7297038878842683,1.1108309907682867,1.1869599602438838,37,-13.721607648725213,-11.816398013750954,-14.546120689655172,-12.221804511278195,-12.87809899328859,-13.036805971339623,0.9925517743678826,61,9.924142215609546,14.581046450208252,0.42212378573118325,13.036805971339623,1.1108309907682867,n200__absolute_error__boostrap_true__samples_0.85
173.6432520389557,1.978392440056565,3.5057682514190676,0.35351708847628044,True,absolute_error,24,0.875,0.85,1,8,200,"{'bootstrap': True, 'criterion': 'absolute_error', 'max_depth': 24, 'max_features': 0.875, 'max_samples': 0.85, 'min_samples_leaf': 1, 'min_samples_split': 8, 'n_estimators': 200}",-9.698226366656598,-9.806049803209204,-10.316113293051359,-9.966024404941248,-9.764829716696804,-9.910248716911044,0.2212666074165605,87,-14.444848089074707,-14.542930850464415,-15.384074751728406,-14.208145385385691,-14.349510426101878,-14.585901900551018,0.41410228281821165,88,-0.42555119299305344,-0.3938843475628217,-0.43716012084592143,-0.39680626694787585,-0.4484629294755877,-0.42037297156505204,0.02170117444561947,78,2.163440803382664,-0.5110891613684525,2.4168157099697885,-0.17921060560409754,1.7732670283303191,1.1326447549420444,1.2284020601579857,34,-13.93682753726047,-11.799098770176789,-14.563232550103661,-12.331979878511769,-12.864047379032257,-13.099037223016989,1.0177620295737684,85,9.910248716911044,14.585901900551018,0.42037297156505204,13.099037223016989,1.1326447549420444,n200__absolute_error__boostrap_true__samples_0.85
143.29795627593995,2.260248828735162,3.7068355560302733,0.4350996130352177,True,absolute_error,24,0.875,0.85,2,2,200,"{'bootstrap': True, 'criterion': 'absolute_error', 'max_depth': 24, 'max_features': 0.875, 'max_samples': 0.85, 'min_samples_leaf': 2, 'min_samples_split': 2, 'n_estimators': 200}",-9.701299456357596,-9.83909854677566,-10.367824018126887,-9.920532539921663,-9.83862115732369,-9.933475143701099,0.2283139182265862,91,-14.38515065885223,-14.52622158963864,-15.346660533109622,-14.180872428019015,-14.395108976044192,-14.566802837132741,0.4052760639640055,73,-0.4279673814557535,-0.39176506206478956,-0.4323262839879154,-0.39680626694787585,-0.4451476793248945,-0.41880253475624574,0.020860554056344415,64,2.026485200845666,-0.6372699061459279,2.212576283987916,-0.2814529978909312,1.6407188065099463,0.992211477461334,1.2047410449568583,69,-13.701727240649262,-11.744064914992274,-14.54965932914046,-12.145825740318907,-12.893855788761002,-13.00702660277238,1.0209673342632803,38,9.933475143701099,14.566802837132741,0.41880253475624574,13.00702660277238,0.992211477461334,n200__absolute_error__boostrap_true__samples_0.85
144.71584401130676,1.2699149427491043,2.907899284362793,0.28494871989769,True,absolute_error,24,0.875,0.85,2,4,200,"{'bootstrap': True, 'criterion': 'absolute_error', 'max_depth': 24, 'max_features': 0.875, 'max_samples': 0.85, 'min_samples_leaf': 2, 'min_samples_split': 4, 'n_estimators': 200}",-9.701299456357596,-9.83909854677566,-10.367824018126887,-9.920532539921663,-9.83862115732369,-9.933475143701099,0.2283139182265862,91,-14.38515065885223,-14.52622158963864,-15.346660533109622,-14.180872428019015,-14.395108976044192,-14.566802837132741,0.4052760639640055,73,-0.4279673814557535,-0.39176506206478956,-0.4323262839879154,-0.39680626694787585,-0.4451476793248945,-0.41880253475624574,0.020860554056344415,64,2.026485200845666,-0.6372699061459279,2.212576283987916,-0.2814529978909312,1.6407188065099463,0.992211477461334,1.2047410449568583,69,-13.701727240649262,-11.744064914992274,-14.54965932914046,-12.145825740318907,-12.893855788761002,-13.00702660277238,1.0209673342632803,38,9.933475143701099,14.566802837132741,0.41880253475624574,13.00702660277238,0.992211477461334,n200__absolute_error__boostrap_true__samples_0.85
141.26569175720215,1.8891667261119283,3.311738300323486,1.0946187641315532,True,absolute_error,24,0.875,0.85,2,8,200,"{'bootstrap': True, 'criterion': 'absolute_error', 'max_depth': 24, 'max_features': 0.875, 'max_samples': 0.85, 'min_samples_leaf': 2, 'min_samples_split': 8, 'n_estimators': 200}",-9.69288130474177,-9.746529669996972,-10.232632175226586,-9.862654413980115,-9.7877207655214,-9.864483665893369,0.19224449508949787,70,-14.394054673383394,-14.505528103154075,-15.248845586227612,-14.104246840826773,-14.406953670286818,-14.531925774775734,0.38267651905035555,37,-0.425853216550891,-0.3978201634877384,-0.4341389728096677,-0.3952997890931003,-0.4451476793248945,-0.4196519642532584,0.019839437460184205,73,2.069705527031109,-0.5584218891916436,2.266212235649547,-0.23085718589936718,1.6373786919831224,1.0368034759145535,1.19085940856664,57,-13.81061170212766,-11.54806697108067,-14.394980862908838,-12.18290205792683,-12.832931618144887,-12.953898642437778,1.038855781644935,16,9.864483665893369,14.531925774775734,0.4196519642532584,12.953898642437778,1.0368034759145535,n200__absolute_error__boostrap_true__samples_0.85
125.04610528945923,1.3639263523237604,3.590929460525513,0.2428488927997825,True,absolute_error,24,0.875,0.85,3,2,200,"{'bootstrap': True, 'criterion': 'absolute_error', 'max_depth': 24, 'max_features': 0.875, 'max_samples': 0.85, 'min_samples_leaf': 3, 'min_samples_split': 2, 'n_estimators': 200}",-9.64411733615222,-9.777131395700877,-10.272663897280967,-9.852988852063875,-9.780900391802291,-9.865560374600047,0.2144366282292109,71,-14.308254083291772,-14.485719014997889,-15.371006722045541,-14.143663481989899,-14.357539927276413,-14.533236645920303,0.43298276320963236,41,-0.4183026276049532,-0.3896457765667575,-0.4314199395770393,-0.39650497137692076,-0.4421338155515371,-0.41560142613544154,0.019999299357151487,27,1.9688198429477501,-0.6953905540417802,2.395710725075529,-0.22879632419403448,1.5586821880650994,0.9998051755705128,1.2315060252183456,64,-13.881023465703972,-11.65384226884227,-14.682184873949577,-12.136282294832826,-12.823699727334697,-13.03540652613267,1.1125565949037122,58,9.865560374600047,14.533236645920303,0.41560142613544154,13.03540652613267,0.9998051755705128,n200__absolute_error__boostrap_true__samples_0.85
124.62438321113586,1.2793154291222129,2.9370147228240966,0.880070025727497,True,absolute_error,24,0.875,0.85,3,4,200,"{'bootstrap': True, 'criterion': 'absolute_error', 'max_depth': 24, 'max_features': 0.875, 'max_samples': 0.85, 'min_samples_leaf': 3, 'min_samples_split': 4, 'n_estimators': 200}",-9.64411733615222,-9.777131395700877,-10.272663897280967,-9.852988852063875,-9.780900391802291,-9.865560374600047,0.2144366282292109,71,-14.308254083291772,-14.485719014997889,-15.371006722045541,-14.143663481989899,-14.357539927276413,-14.533236645920303,0.43298276320963236,41,-0.4183026276049532,-0.3896457765667575,-0.4314199395770393,-0.39650497137692076,-0.4421338155515371,-0.41560142613544154,0.019999299357151487,27,1.9688198429477501,-0.6953905540417802,2.395710725075529,-0.22879632419403448,1.5586821880650994,0.9998051755705128,1.2315060252183456,64,-13.881023465703972,-11.65384226884227,-14.682184873949577,-12.136282294832826,-12.823699727334697,-13.03540652613267,1.1125565949037122,58,9.865560374600047,14.533236645920303,0.41560142613544154,13.03540652613267,0.9998051755705128,n200__absolute_error__boostrap_true__samples_0.85
123.93439712524415,0.6275740876552671,2.3961392402648927,0.435900164856456,True,absolute_error,24,0.875,0.85,3,8,200,"{'bootstrap': True, 'criterion': 'absolute_error', 'max_depth': 24, 'max_features': 0.875, 'max_samples': 0.85, 'min_samples_leaf': 3, 'min_samples_split': 8, 'n_estimators': 200}",-9.654018423437028,-9.738864668483197,-10.22345090634441,-9.81981545646279,-9.794275165762507,-9.846084924097987,0.19706097758596078,61,-14.370876094217179,-14.502054383525072,-15.269840650735917,-14.10112266827716,-14.479191713500827,-14.54461710205123,0.3895932526710116,55,-0.4213228631833283,-0.39358159249167424,-0.4308157099697885,-0.3928894245254595,-0.44183242917420135,-0.4160884038688904,0.019757515780943046,34,2.031451223195409,-0.5178443838934309,2.2734765861027193,-0.19444335643266025,1.7324352019288727,1.065015054180182,1.1774130358799684,48,-13.867594982078852,-11.714242307692308,-14.503797335203366,-12.249467024539877,-13.044210436562073,-13.075862417215294,1.0201744066429865,78,9.846084924097987,14.54461710205123,0.4160884038688904,13.075862417215294,1.065015054180182,n200__absolute_error__boostrap_true__samples_0.85
113.40503253936768,2.6198933761725196,3.366997575759888,0.8248828740097216,True,absolute_error,24,0.875,0.85,4,2,200,"{'bootstrap': True, 'criterion': 'absolute_error', 'max_depth': 24, 'max_features': 0.875, 'max_samples': 0.85, 'min_samples_leaf': 4, 'min_samples_split': 2, 'n_estimators': 200}",-9.620782241014798,-9.705980926430518,-10.221198640483383,-9.78872853269057,-9.749396473779386,-9.817217362879731,0.20955784928949714,45,-14.344096004953938,-14.489420758057468,-15.311799528278323,-14.11402306226361,-14.40126158493479,-14.532120187697625,0.40914676802575517,38,-0.4216248867411658,-0.39358159249167424,-0.4280966767371601,-0.39650497137692076,-0.4436407474382158,-0.4166897749570273,0.019090531928916243,45,1.987281787979462,-0.48345746291250397,2.268289274924471,-0.16416691774630923,1.6354226943942136,1.0486738753278666,1.1429024403039962,51,-13.765866762177652,-11.716151923076923,-14.587228299223712,-12.136747720364742,-12.831124320652174,-13.007423805099041,1.0514332489363343,40,9.817217362879731,14.532120187697625,0.4166897749570273,13.007423805099041,1.0486738753278666,n200__absolute_error__boostrap_true__samples_0.85
112.14342336654663,1.4065528754310008,3.324460172653198,0.5834286752047209,True,absolute_error,24,0.875,0.85,4,4,200,"{'bootstrap': True, 'criterion': 'absolute_error', 'max_depth': 24, 'max_features': 0.875, 'max_samples': 0.85, 'min_samples_leaf': 4, 'min_samples_split': 4, 'n_estimators': 200}",-9.620782241014798,-9.705980926430518,-10.221198640483383,-9.78872853269057,-9.749396473779386,-9.817217362879731,0.20955784928949714,45,-14.344096004953938,-14.489420758057468,-15.311799528278323,-14.11402306226361,-14.40126158493479,-14.532120187697625,0.40914676802575517,38,-0.4216248867411658,-0.39358159249167424,-0.4280966767371601,-0.39650497137692076,-0.4436407474382158,-0.4166897749570273,0.019090531928916243,45,1.987281787979462,-0.48345746291250397,2.268289274924471,-0.16416691774630923,1.6354226943942136,1.0486738753278666,1.1429024403039962,51,-13.765866762177652,-11.716151923076923,-14.587228299223712,-12.136747720364742,-12.831124320652174,-13.007423805099041,1.0514332489363343,40,9.817217362879731,14.532120187697625,0.4166897749570273,13.007423805099041,1.0486738753278666,n200__absolute_error__boostrap_true__samples_0.85
114.22148733139038,0.9898246769889785,2.9406856536865233,0.18311210808306363,True,absolute_error,24,0.875,0.85,4,8,200,"{'bootstrap': True, 'criterion': 'absolute_error', 'max_depth': 24, 'max_features': 0.875, 'max_samples': 0.85, 'min_samples_leaf': 4, 'min_samples_split': 8, 'n_estimators': 200}",-9.620782241014798,-9.705980926430518,-10.221198640483383,-9.78872853269057,-9.749396473779386,-9.817217362879731,0.20955784928949714,45,-14.344096004953938,-14.489420758057468,-15.311799528278323,-14.11402306226361,-14.40126158493479,-14.532120187697625,0.40914676802575517,38,-0.4216248867411658,-0.39358159249167424,-0.4280966767371601,-0.39650497137692076,-0.4436407474382158,-0.4166897749570273,0.019090531928916243,45,1.987281787979462,-0.48345746291250397,2.268289274924471,-0.16416691774630923,1.6354226943942136,1.0486738753278666,1.1429024403039962,51,-13.765866762177652,-11.716151923076923,-14.587228299223712,-12.136747720364742,-12.831124320652174,-13.007423805099041,1.0514332489363343,40,9.817217362879731,14.532120187697625,0.4166897749570273,13.007423805099041,1.0486738753278666,n200__absolute_error__boostrap_true__samples_0.85
210.8730909347534,2.0874060854692407,3.764145278930664,0.26008087432928734,True,absolute_error,24,1.0,0.85,1,2,200,"{'bootstrap': True, 'criterion': 'absolute_error', 'max_depth': 24, 'max_features': 1.0, 'max_samples': 0.85, 'min_samples_leaf': 1, 'min_samples_split': 2, 'n_estimators': 200}",-9.62467305949864,-9.780270208901,-10.29449924471299,-9.845759264838808,-9.741367540687161,-9.85731386372772,0.2301154425373301,67,-14.328174280843106,-14.63837452455833,-15.382041167592014,-14.15492266415473,-14.402091416670219,-14.581120810763682,0.42951827361511435,82,-0.42766535789791604,-0.39509536784741145,-0.43323262839879156,-0.39650497137692076,-0.44183242917420135,-0.4188661509390482,0.019371856565028153,67,2.1138077620054365,-0.38538979715410265,2.3284539274924474,-0.16407652907502257,1.6147038878842679,1.1014998502306053,1.149442159969049,42,-13.723908898305085,-11.889383141762451,-14.56833158995816,-12.208778495440729,-12.851106753069576,-13.048301775707198,0.9852627299846057,67,9.85731386372772,14.581120810763682,0.4188661509390482,13.048301775707198,1.1014998502306053,n200__absolute_error__boostrap_true__samples_0.85
203.77752661705017,2.7151444612366125,3.3188994884490968,0.4441867578835275,True,absolute_error,24,1.0,0.85,1,4,200,"{'bootstrap': True, 'criterion': 'absolute_error', 'max_depth': 24, 'max_features': 1.0, 'max_samples': 0.85, 'min_samples_leaf': 1, 'min_samples_split': 4, 'n_estimators': 200}",-9.63694427665358,-9.797566606115652,-10.321439577039273,-9.865410515215427,-9.764051386377337,-9.877082472280254,0.2342454368745207,75,-14.31601529819125,-14.651485669154074,-15.354647221085475,-14.147634204072268,-14.42136512795451,-14.578229504091516,0.4211807145768214,80,-0.4267592872244035,-0.397517408416591,-0.43655589123867067,-0.39590238023501056,-0.4424352019288728,-0.4198340338087097,0.019540461933327473,75,1.9996398369072785,-0.3635929458068423,2.2385513595166167,-0.16489529978909315,1.637032097649186,1.0693470096954292,1.107377163362529,47,-13.633662420382164,-11.86611386138614,-14.385318339100344,-12.251145357686454,-12.88446696185286,-13.004141388081592,0.914371712350597,37,9.877082472280254,14.578229504091516,0.4198340338087097,13.004141388081592,1.0693470096954292,n200__absolute_error__boostrap_true__samples_0.85
196.02384214401246,0.17084642885164103,2.844784212112427,0.21760836577548448,True,absolute_error,24,1.0,0.85,1,8,200,"{'bootstrap': True, 'criterion': 'absolute_error', 'max_depth': 24, 'max_features': 1.0, 'max_samples': 0.85, 'min_samples_leaf': 1, 'min_samples_split': 8, 'n_estimators': 200}",-9.613889308366053,-9.774249924311231,-10.286650302114804,-9.83754067490208,-9.754223176612417,-9.853310677261316,0.22865845742859967,62,-14.286331897939448,-14.700671419918626,-15.344844322904821,-14.101691308928013,-14.39468231173797,-14.565644252285775,0.4354034442005178,71,-0.42464512231954094,-0.3941871026339691,-0.43323262839879156,-0.40102440494124736,-0.4409282700421941,-0.4188035056671485,0.0181873196897359,66,2.0595190274841437,-0.3622063275809871,2.297716767371601,-0.10375188309731832,1.6593542796865577,1.1101263727727992,1.1184482690318234,38,-13.744898648648649,-11.938548387096775,-14.52379881450488,-12.136155146506386,-12.94266917293233,-13.057214033937802,0.9733102153601806,71,9.853310677261316,14.565644252285775,0.4188035056671485,13.057214033937802,1.1101263727727992,n200__absolute_error__boostrap_true__samples_0.85
162.07459211349487,4.622952032644017,3.787399482727051,0.31785333525397075,True,absolute_error,24,1.0,0.85,2,2,200,"{'bootstrap': True, 'criterion': 'absolute_error', 'max_depth': 24, 'max_features': 1.0, 'max_samples': 0.85, 'min_samples_leaf': 2, 'min_samples_split': 2, 'n_estimators': 200}",-9.597517366354575,-9.786343475628218,-10.245206948640481,-9.875458722506778,-9.780323236889693,-9.856969950003949,0.21412531961226092,65,-14.241135329483633,-14.616151584544083,-15.224857712564173,-14.136978305884377,-14.39457386322927,-14.522739359141108,0.3863249513400993,28,-0.4243430987617034,-0.3926733272782319,-0.43111782477341387,-0.3907803555287737,-0.44183242917420135,-0.41614940710326487,0.02071483929446867,37,1.9088749622470553,-0.5554897063275802,2.1234667673716014,-0.30308903284121747,1.518014617239301,0.9383555215378319,1.1362358437788627,82,-13.557887900355873,-11.753858905165767,-14.34488787666433,-12.247762143407865,-12.785772510231924,-12.938033867165151,0.923621799284422,12,9.856969950003949,14.522739359141108,0.41614940710326487,12.938033867165151,0.9383555215378319,n200__absolute_error__boostrap_true__samples_0.85
160.94678635597228,1.6916041610092671,3.672703170776367,0.5748450095892792,True,absolute_error,24,1.0,0.85,2,4,200,"{'bootstrap': True, 'criterion': 'absolute_error', 'max_depth': 24, 'max_features': 1.0, 'max_samples': 0.85, 'min_samples_leaf': 2, 'min_samples_split': 4, 'n_estimators': 200}",-9.597517366354575,-9.786343475628218,-10.245206948640481,-9.875458722506778,-9.780323236889693,-9.856969950003949,0.21412531961226092,65,-14.241135329483633,-14.616151584544083,-15.224857712564173,-14.136978305884377,-14.39457386322927,-14.522739359141108,0.3863249513400993,28,-0.4243430987617034,-0.3926733272782319,-0.43111782477341387,-0.3907803555287737,-0.44183242917420135,-0.41614940710326487,0.02071483929446867,37,1.9088749622470553,-0.5554897063275802,2.1234667673716014,-0.30308903284121747,1.518014617239301,0.9383555215378319,1.1362358437788627,82,-13.557887900355873,-11.753858905165767,-14.34488787666433,-12.247762143407865,-12.785772510231924,-12.938033867165151,0.923621799284422,12,9.856969950003949,14.522739359141108,0.41614940710326487,12.938033867165151,0.9383555215378319,n200__absolute_error__boostrap_true__samples_0.85
158.9364866256714,0.4509503671216198,3.3669392108917235,0.02964872836762923,True,absolute_error,24,1.0,0.85,2,8,200,"{'bootstrap': True, 'criterion': 'absolute_error', 'max_depth': 24, 'max_features': 1.0, 'max_samples': 0.85, 'min_samples_leaf': 2, 'min_samples_split': 8, 'n_estimators': 200}",-9.604844457867713,-9.751581895246744,-10.225293051359516,-9.833283368484484,-9.699567510548523,-9.822914056701396,0.21441705884096685,50,-14.29057768103045,-14.662913092183462,-15.250066813533,-14.07583725120682,-14.317617257871062,-14.519402419164958,0.41092428518983914,22,-0.4210208396254908,-0.39358159249167424,-0.4335347432024169,-0.39228683338354925,-0.4382157926461724,-0.41572796026986064,0.019446062484381625,29,1.8694503171247356,-0.508663336360884,2.185776435045318,-0.33866149442603194,1.5043354430379745,0.9424474728842224,1.1373550051951964,81,-13.626753945480631,-11.742061538461538,-14.313811846689894,-12.101632104454685,-12.78354539202201,-12.913560965421752,0.9505672190080329,9,9.822914056701396,14.519402419164958,0.41572796026986064,12.913560965421752,0.9424474728842224,n200__absolute_error__boostrap_true__samples_0.85
141.63653488159179,2.34660108186623,3.66203088760376,0.06262568402419295,True,absolute_error,24,1.0,0.85,3,2,200,"{'bootstrap': True, 'criterion': 'absolute_error', 'max_depth': 24, 'max_features': 1.0, 'max_samples': 0.85, 'min_samples_leaf': 3, 'min_samples_split': 2, 'n_estimators': 200}",-9.562879794623981,-9.79207462912504,-10.212609516616315,-9.766434920156675,-9.71816305003014,-9.810432382110431,0.21624761015381777,40,-14.234613317471826,-14.654100409512171,-15.237838503919303,-14.0264449190543,-14.365156367066502,-14.50363070340482,0.41975087738732036,6,-0.4216248867411658,-0.3938843475628217,-0.429607250755287,-0.39168424224163906,-0.4382157926461724,-0.4150033039894172,0.018898302623588877,18,1.867423739051646,-0.5662299424765364,2.125342145015106,-0.27141985537812613,1.5754189270644972,0.9461070026553173,1.1318116657454467,79,-13.555062679083095,-11.711362413528057,-14.359571026722923,-12.120751923076922,-12.885868294360384,-12.926523267354275,0.9566842592503803,10,9.810432382110431,14.50363070340482,0.4150033039894172,12.926523267354275,0.9461070026553173,n200__absolute_error__boostrap_true__samples_0.85
141.16285786628723,0.8657117155032962,3.5934005260467528,0.3934032742953802,True,absolute_error,24,1.0,0.85,3,4,200,"{'bootstrap': True, 'criterion': 'absolute_error', 'max_depth': 24, 'max_features': 1.0, 'max_samples': 0.85, 'min_samples_leaf': 3, 'min_samples_split': 4, 'n_estimators': 200}",-9.562879794623981,-9.79207462912504,-10.212609516616315,-9.766434920156675,-9.71816305003014,-9.810432382110431,0.21624761015381777,40,-14.234613317471826,-14.654100409512171,-15.237838503919303,-14.0264449190543,-14.365156367066502,-14.50363070340482,0.41975087738732036,6,-0.4216248867411658,-0.3938843475628217,-0.429607250755287,-0.39168424224163906,-0.4382157926461724,-0.4150033039894172,0.018898302623588877,18,1.867423739051646,-0.5662299424765364,2.125342145015106,-0.27141985537812613,1.5754189270644972,0.9461070026553173,1.1318116657454467,79,-13.555062679083095,-11.711362413528057,-14.359571026722923,-12.120751923076922,-12.885868294360384,-12.926523267354275,0.9566842592503803,10,9.810432382110431,14.50363070340482,0.4150033039894172,12.926523267354275,0.9461070026553173,n200__absolute_error__boostrap_true__samples_0.85
140.34216480255128,1.0251798590991394,3.554602289199829,0.38780940749199644,True,absolute_error,24,1.0,0.85,3,8,200,"{'bootstrap': True, 'criterion': 'absolute_error', 'max_depth': 24, 'max_features': 1.0, 'max_samples': 0.85, 'min_samples_leaf': 3, 'min_samples_split': 8, 'n_estimators': 200}",-9.61570522500755,-9.73023766273085,-10.24493655589124,-9.762612232600182,-9.72735759493671,-9.816169854233305,0.2200760458541641,44,-14.305497889864771,-14.631465871324995,-15.268454569951826,-14.023388406563006,-14.342438765493752,-14.51424910063967,0.42346327857858684,18,-0.4213228631833283,-0.3926733272782319,-0.42779456193353477,-0.38987646881590843,-0.43731163351416513,-0.41379577094503367,0.01909926543024837,9,1.8995303533675627,-0.4889327883742052,2.1363821752265864,-0.3480430852666465,1.5584064195298366,0.9514686148966268,1.1344339174676643,78,-13.665571684587814,-11.767166538164997,-14.471103460451975,-12.073784775888718,-12.903571674707099,-12.976239626760123,0.9991355953934108,18,9.816169854233305,14.51424910063967,0.41379577094503367,12.976239626760123,0.9514686148966268,n200__absolute_error__boostrap_true__samples_0.85
129.02318844795226,1.9695436406837565,3.4068583965301515,0.46297975404400676,True,absolute_error,24,1.0,0.85,4,2,200,"{'bootstrap': True, 'criterion': 'absolute_error', 'max_depth': 24, 'max_features': 1.0, 'max_samples': 0.85, 'min_samples_leaf': 4, 'min_samples_split': 2, 'n_estimators': 200}",-9.59451676230746,-9.721799878897972,-10.184858006042298,-9.742545194335642,-9.66304400241109,-9.781352768798893,0.20821801484981972,23,-14.277376060266254,-14.619360454493055,-15.250553642691479,-14.04677030915588,-14.35526539969219,-14.509865173259772,0.41304182746266815,15,-0.42071881606765327,-0.3926733272782319,-0.4253776435045317,-0.3889725821030431,-0.4361060880048222,-0.4127696913916564,0.018638147480667805,3,1.925566294170945,-0.5031531940660003,2.160981873111783,-0.2888091292557998,1.5832836045810728,0.9755738897084001,1.1368629609708107,73,-13.69095297918162,-11.738315343099462,-14.511622869318183,-12.152188226181254,-12.894027297857637,-12.99742134312763,1.008389772063624,32,9.781352768798893,14.509865173259772,0.4127696913916564,12.99742134312763,0.9755738897084001,n200__absolute_error__boostrap_true__samples_0.85
128.2155514240265,0.5639489841216274,3.6634907722473145,0.3414987783502171,True,absolute_error,24,1.0,0.85,4,4,200,"{'bootstrap': True, 'criterion': 'absolute_error', 'max_depth': 24, 'max_features': 1.0, 'max_samples': 0.85, 'min_samples_leaf': 4, 'min_samples_split': 4, 'n_estimators': 200}",-9.59451676230746,-9.721799878897972,-10.184858006042298,-9.742545194335642,-9.66304400241109,-9.781352768798893,0.20821801484981972,23,-14.277376060266254,-14.619360454493055,-15.250553642691479,-14.04677030915588,-14.35526539969219,-14.509865173259772,0.41304182746266815,15,-0.42071881606765327,-0.3926733272782319,-0.4253776435045317,-0.3889725821030431,-0.4361060880048222,-0.4127696913916564,0.018638147480667805,3,1.925566294170945,-0.5031531940660003,2.160981873111783,-0.2888091292557998,1.5832836045810728,0.9755738897084001,1.1368629609708107,73,-13.69095297918162,-11.738315343099462,-14.511622869318183,-12.152188226181254,-12.894027297857637,-12.99742134312763,1.008389772063624,32,9.781352768798893,14.509865173259772,0.4127696913916564,12.99742134312763,0.9755738897084001,n200__absolute_error__boostrap_true__samples_0.85
128.6796371936798,1.0452283815646706,3.8540835857391356,0.4900794745990648,True,absolute_error,24,1.0,0.85,4,8,200,"{'bootstrap': True, 'criterion': 'absolute_error', 'max_depth': 24, 'max_features': 1.0, 'max_samples': 0.85, 'min_samples_leaf': 4, 'min_samples_split': 8, 'n_estimators': 200}",-9.59451676230746,-9.721799878897972,-10.184858006042298,-9.742545194335642,-9.66304400241109,-9.781352768798893,0.20821801484981972,23,-14.277376060266254,-14.619360454493055,-15.250553642691479,-14.04677030915588,-14.35526539969219,-14.509865173259772,0.41304182746266815,15,-0.42071881606765327,-0.3926733272782319,-0.4253776435045317,-0.3889725821030431,-0.4361060880048222,-0.4127696913916564,0.018638147480667805,3,1.925566294170945,-0.5031531940660003,2.160981873111783,-0.2888091292557998,1.5832836045810728,0.9755738897084001,1.1368629609708107,73,-13.69095297918162,-11.738315343099462,-14.511622869318183,-12.152188226181254,-12.894027297857637,-12.99742134312763,1.008389772063624,32,9.781352768798893,14.509865173259772,0.4127696913916564,12.99742134312763,0.9755738897084001,n200__absolute_error__boostrap_true__samples_0.85
184.54031949043275,1.2000596872941607,3.97096791267395,0.13153419295864358,True,absolute_error,26,0.875,0.85,1,2,200,"{'bootstrap': True, 'criterion': 'absolute_error', 'max_depth': 26, 'max_features': 0.875, 'max_samples': 0.85, 'min_samples_leaf': 1, 'min_samples_split': 2, 'n_estimators': 200}",-9.72567879794624,-9.8186012715713,-10.40339501510574,-9.953110876770111,-9.865583936106088,-9.953273979499897,0.2367424009065758,95,-14.39502325908658,-14.529308287301491,-15.368724733248348,-14.181821972163364,-14.402928257018027,-14.575561301763562,0.41198892777775264,78,-0.42766535789791604,-0.3978201634877384,-0.4389728096676737,-0.39590238023501056,-0.4460518384569018,-0.42128250994904815,0.02079345941672548,86,2.0240116279069764,-0.5152467453829848,2.222248489425982,-0.25425128050617646,1.6449781494876432,1.024348048186288,1.1683015735761035,61,-13.737014477401129,-11.692914764079148,-14.38089470061941,-12.249054414003044,-12.902717905405405,-12.992519252301628,0.972793462065436,28,9.953273979499897,14.575561301763562,0.42128250994904815,12.992519252301628,1.024348048186288,n200__absolute_error__boostrap_true__samples_0.85
180.3029152393341,1.3550726455773134,3.6349684238433837,0.3060692690435968,True,absolute_error,26,0.875,0.85,1,4,200,"{'bootstrap': True, 'criterion': 'absolute_error', 'max_depth': 26, 'max_features': 0.875, 'max_samples': 0.85, 'min_samples_leaf': 1, 'min_samples_split': 4, 'n_estimators': 200}",-9.72125566294171,-9.844145473811686,-10.396897280966765,-10.039220397710153,-9.903514165159734,-9.98100659611801,0.23175871046435548,96,-14.351271819893165,-14.537227152643025,-15.410825075300497,-14.242763897067652,-14.423992190645162,-14.5932160271099,0.4199070638681681,90,-0.4267592872244035,-0.40448077505298213,-0.43655589123867067,-0.39590238023501056,-0.4496684749849307,-0.4226733617471995,0.019928929788412306,91,2.0052333131984295,-0.48679760823493734,2.241956193353474,-0.31162774932208503,1.629234478601567,1.0155997255192897,1.1729111605486062,62,-13.738996815286624,-11.567110778443114,-14.47564186851211,-12.285342465753425,-12.823612600536194,-12.978140905706294,1.0311416531487685,19,9.98100659611801,14.5932160271099,0.4226733617471995,12.978140905706294,1.0155997255192897,n200__absolute_error__boostrap_true__samples_0.85
173.9487925052643,1.3449982963045402,3.5580028533935546,0.21518760920796315,True,absolute_error,26,0.875,0.85,1,8,200,"{'bootstrap': True, 'criterion': 'absolute_error', 'max_depth': 26, 'max_features': 0.875, 'max_samples': 0.85, 'min_samples_leaf': 1, 'min_samples_split': 8, 'n_estimators': 200}",-9.683711869525823,-9.834132606721163,-10.277462990936554,-9.96007532389274,-9.818356690777577,-9.914747896370772,0.20138746269463928,88,-14.353774996303873,-14.54168906878969,-15.30037796606529,-14.159554633963898,-14.409590067584778,-14.552997346541506,0.3933848060507348,63,-0.42524916943521596,-0.39721465334544354,-0.43564954682779455,-0.3949984935221452,-0.4472573839662447,-0.4200738494193688,0.02078291200003046,76,2.053710359408034,-0.5966999697244928,2.289990181268882,-0.3091232298885209,1.6123771850512358,1.0100509052230278,1.2175496151646672,63,-13.800640980113634,-11.627759146341464,-14.42381067961165,-12.216441647597254,-12.778697776280325,-12.969470045988865,1.0207434316464432,17,9.914747896370772,14.552997346541506,0.4200738494193688,12.969470045988865,1.0100509052230278,n200__absolute_error__boostrap_true__samples_0.85
143.67889328002929,1.119035499354164,3.81293306350708,0.13903393332690234,True,absolute_error,26,0.875,0.85,2,2,200,"{'bootstrap': True, 'criterion': 'absolute_error', 'max_depth': 26, 'max_features': 0.875, 'max_samples': 0.85, 'min_samples_leaf': 2, 'min_samples_split': 2, 'n_estimators': 200}",-9.739382361824223,-9.859959128065395,-10.393799093655591,-9.943149291955407,-9.828594786015673,-9.952976932303258,0.22985501134959507,93,-14.374176259801482,-14.509287442132145,-15.301512638113609,-14.14377087240836,-14.343685487772548,-14.534486540045629,0.40093071473528985,45,-0.4273633343400785,-0.39176506206478956,-0.429607250755287,-0.3956010846640554,-0.44424352019288726,-0.4177160504034195,0.02049733100673769,51,1.90453488372093,-0.7036300333030573,2.0050725075528697,-0.3800128050617652,1.4349871910789633,0.852190348797588,1.1588891340653031,93,-13.622971731448764,-11.685994976816072,-14.430472925457103,-12.086843107387661,-12.677260854816826,-12.900708719185285,1.0049555257554956,7,9.952976932303258,14.534486540045629,0.4177160504034195,12.900708719185285,0.852190348797588,n200__absolute_error__boostrap_true__samples_0.85
143.06558780670167,0.17712183886998464,3.6959043979644775,0.254513161784758,True,absolute_error,26,0.875,0.85,2,4,200,"{'bootstrap': True, 'criterion': 'absolute_error', 'max_depth': 26, 'max_features': 0.875, 'max_samples': 0.85, 'min_samples_leaf': 2, 'min_samples_split': 4, 'n_estimators': 200}",-9.739382361824223,-9.859959128065395,-10.393799093655591,-9.943149291955407,-9.828594786015673,-9.952976932303258,0.22985501134959507,93,-14.374176259801482,-14.509287442132145,-15.301512638113609,-14.14377087240836,-14.343685487772548,-14.534486540045629,0.40093071473528985,45,-0.4273633343400785,-0.39176506206478956,-0.429607250755287,-0.3956010846640554,-0.44424352019288726,-0.4177160504034195,0.02049733100673769,51,1.90453488372093,-0.7036300333030573,2.0050725075528697,-0.3800128050617652,1.4349871910789633,0.852190348797588,1.1588891340653031,93,-13.622971731448764,-11.685994976816072,-14.430472925457103,-12.086843107387661,-12.677260854816826,-12.900708719185285,1.0049555257554956,7,9.952976932303258,14.534486540045629,0.4177160504034195,12.900708719185285,0.852190348797588,n200__absolute_error__boostrap_true__samples_0.85
139.34625415802003,1.5378079886777023,3.5465238094329834,0.45046613693403326,True,absolute_error,26,0.875,0.85,2,8,200,"{'bootstrap': True, 'criterion': 'absolute_error', 'max_depth': 26, 'max_features': 0.875, 'max_samples': 0.85, 'min_samples_leaf': 2, 'min_samples_split': 8, 'n_estimators': 200}",-9.657027333131984,-9.804909930366332,-10.318527190332325,-9.90758662247665,-9.861870855937314,-9.90998438644892,0.2210229833474844,86,-14.286696303673807,-14.571589760317028,-15.319432390434892,-14.081715439553106,-14.466360064952681,-14.545158791786303,0.4214237865860811,56,-0.4210208396254908,-0.39146230699364215,-0.4323262839879154,-0.3904790599578186,-0.4463532248342375,-0.4163283430798209,0.022207892065917837,44,1.9189844457867713,-0.5591818044202238,2.180912386706949,-0.3398448327809579,1.6305764014466548,0.9662893193478388,1.1710903551777816,77,-13.747552008608322,-11.809218870843,-14.456025506638715,-12.251286651234567,-12.873713706954762,-13.027559348855874,0.9663877376081652,50,9.90998438644892,14.545158791786303,0.4163283430798209,13.027559348855874,0.9662893193478388,n200__absolute_error__boostrap_true__samples_0.85
123.52013611793518,0.8095562282183469,3.940462589263916,0.08598992293230634,True,absolute_error,26,0.875,0.85,3,2,200,"{'bootstrap': True, 'criterion': 'absolute_error', 'max_depth': 26, 'max_features': 0.875, 'max_samples': 0.85, 'min_samples_leaf': 3, 'min_samples_split': 2, 'n_estimators': 200}",-9.691481425551192,-9.730956706024825,-10.268190332326286,-9.947660439891534,-9.78149562989753,-9.883956906738273,0.2110202127776849,78,-14.3382440799101,-14.379581146970414,-15.290178329311436,-14.188634927256942,-14.273052436833622,-14.493938184056503,0.40331554565905003,1,-0.4234370280881909,-0.39146230699364215,-0.429607250755287,-0.39228683338354925,-0.4397227245328511,-0.4153032287507041,0.0198253348892165,24,1.9145530051344009,-0.6164910687254013,2.283173716012084,-0.34237420909912586,1.45085066305003,0.9379424212743975,1.1901230593660765,84,-13.704557774607704,-11.641562258313996,-14.60795182841069,-12.242682411674346,-12.77207847840987,-12.99376655028332,1.0538071653201926,30,9.883956906738273,14.493938184056503,0.4153032287507041,12.99376655028332,0.9379424212743975,n200__absolute_error__boostrap_true__samples_0.85
122.66997537612914,0.6779785433113147,3.9667389392852783,0.18315246580394182,True,absolute_error,26,0.875,0.85,3,4,200,"{'bootstrap': True, 'criterion': 'absolute_error', 'max_depth': 26, 'max_features': 0.875, 'max_samples': 0.85, 'min_samples_leaf': 3, 'min_samples_split': 4, 'n_estimators': 200}",-9.691481425551192,-9.730956706024825,-10.268190332326286,-9.947660439891534,-9.78149562989753,-9.883956906738273,0.2110202127776849,78,-14.3382440799101,-14.379581146970414,-15.290178329311436,-14.188634927256942,-14.273052436833622,-14.493938184056503,0.40331554565905003,1,-0.4234370280881909,-0.39146230699364215,-0.429607250755287,-0.39228683338354925,-0.4397227245328511,-0.4153032287507041,0.0198253348892165,24,1.9145530051344009,-0.6164910687254013,2.283173716012084,-0.34237420909912586,1.45085066305003,0.9379424212743975,1.1901230593660765,84,-13.704557774607704,-11.641562258313996,-14.60795182841069,-12.242682411674346,-12.77207847840987,-12.99376655028332,1.0538071653201926,30,9.883956906738273,14.493938184056503,0.4153032287507041,12.99376655028332,0.9379424212743975,n200__absolute_error__boostrap_true__samples_0.85
123.06688356399536,0.3020853760308241,2.738943862915039,0.1538071387933994,True,absolute_error,26,0.875,0.85,3,8,200,"{'bootstrap': True, 'criterion': 'absolute_error', 'max_depth': 26, 'max_features': 0.875, 'max_samples': 0.85, 'min_samples_leaf': 3, 'min_samples_split': 8, 'n_estimators': 200}",-9.685231048021745,-9.844022101120194,-10.282998489425983,-9.842715426333234,-9.77220464135021,-9.885434341250274,0.20712288854588962,80,-14.367069044165298,-14.56415127722261,-15.32979100405797,-14.097420133605851,-14.40809051104631,-14.553304394019609,0.4163292559214701,64,-0.4234370280881909,-0.39509536784741145,-0.4287009063444109,-0.39168424224163906,-0.4424352019288728,-0.41627054929010504,0.019714644536388503,42,1.9333282996073693,-0.6022055706933088,2.1527265861027187,-0.26504293461886125,1.6753194695599756,0.9788251699915786,1.1679975285233375,72,-13.719347360912982,-11.69567816091954,-14.503964059196617,-12.226267307692307,-12.93694993188011,-13.016441364120311,1.0081577232630639,47,9.885434341250274,14.553304394019609,0.41627054929010504,13.016441364120311,0.9788251699915786,n200__absolute_error__boostrap_true__samples_0.85
112.04378032684326,0.5124425226538276,3.4875423431396486,0.7427673966874778,True,absolute_error,26,0.875,0.85,4,2,200,"{'bootstrap': True, 'criterion': 'absolute_error', 'max_depth': 26, 'max_features': 0.875, 'max_samples': 0.85, 'min_samples_leaf': 4, 'min_samples_split': 2, 'n_estimators': 200}",-9.657342947749925,-9.769160611565244,-10.240434290030212,-9.811544893040072,-9.745199668474985,-9.844736482172086,0.2041636906871631,58,-14.364967024479778,-14.480580865208376,-15.283109953131316,-14.082316911338415,-14.390943064132053,-14.520383563657987,0.40401666684557025,23,-0.42222893385684085,-0.3926733272782319,-0.4299093655589124,-0.39198553781259415,-0.44454490657022305,-0.4162684142153604,0.020820900949819185,39,1.9597485653881006,-0.58119663941871,2.209866314199396,-0.25479587225067807,1.6287168474984934,0.9924678430833204,1.1708621189460924,66,-13.75686337625179,-11.699246337702391,-14.480145818692904,-12.190180630284397,-12.79276440677966,-12.983840113942227,1.0151928090725377,21,9.844736482172086,14.520383563657987,0.4162684142153604,12.983840113942227,0.9924678430833204,n200__absolute_error__boostrap_true__samples_0.85
110.72277069091797,1.0857587072338521,3.7873799324035646,0.07128136484293433,True,absolute_error,26,0.875,0.85,4,4,200,"{'bootstrap': True, 'criterion': 'absolute_error', 'max_depth': 26, 'max_features': 0.875, 'max_samples': 0.85, 'min_samples_leaf': 4, 'min_samples_split': 4, 'n_estimators': 200}",-9.657342947749925,-9.769160611565244,-10.240434290030212,-9.811544893040072,-9.745199668474985,-9.844736482172086,0.2041636906871631,58,-14.364967024479778,-14.480580865208376,-15.283109953131316,-14.082316911338415,-14.390943064132053,-14.520383563657987,0.40401666684557025,23,-0.42222893385684085,-0.3926733272782319,-0.4299093655589124,-0.39198553781259415,-0.44454490657022305,-0.4162684142153604,0.020820900949819185,39,1.9597485653881006,-0.58119663941871,2.209866314199396,-0.25479587225067807,1.6287168474984934,0.9924678430833204,1.1708621189460924,66,-13.75686337625179,-11.699246337702391,-14.480145818692904,-12.190180630284397,-12.79276440677966,-12.983840113942227,1.0151928090725377,21,9.844736482172086,14.520383563657987,0.4162684142153604,12.983840113942227,0.9924678430833204,n200__absolute_error__boostrap_true__samples_0.85
112.39928951263428,1.2716739695508898,3.5768627166748046,0.39553388417812424,True,absolute_error,26,0.875,0.85,4,8,200,"{'bootstrap': True, 'criterion': 'absolute_error', 'max_depth': 26, 'max_features': 0.875, 'max_samples': 0.85, 'min_samples_leaf': 4, 'min_samples_split': 8, 'n_estimators': 200}",-9.657342947749925,-9.769160611565244,-10.240434290030212,-9.811544893040072,-9.745199668474985,-9.844736482172086,0.2041636906871631,58,-14.364967024479778,-14.480580865208376,-15.283109953131316,-14.082316911338415,-14.390943064132053,-14.520383563657987,0.40401666684557025,23,-0.42222893385684085,-0.3926733272782319,-0.4299093655589124,-0.39198553781259415,-0.44454490657022305,-0.4162684142153604,0.020820900949819185,39,1.9597485653881006,-0.58119663941871,2.209866314199396,-0.25479587225067807,1.6287168474984934,0.9924678430833204,1.1708621189460924,66,-13.75686337625179,-11.699246337702391,-14.480145818692904,-12.190180630284397,-12.79276440677966,-12.983840113942227,1.0151928090725377,21,9.844736482172086,14.520383563657987,0.4162684142153604,12.983840113942227,0.9924678430833204,n200__absolute_error__boostrap_true__samples_0.85
212.25342869758606,1.0914592976193287,3.8369104862213135,0.2501310366953177,True,absolute_error,26,1.0,0.85,1,2,200,"{'bootstrap': True, 'criterion': 'absolute_error', 'max_depth': 26, 'max_features': 1.0, 'max_samples': 0.85, 'min_samples_leaf': 1, 'min_samples_split': 2, 'n_estimators': 200}",-9.69230745998188,-9.839266575840146,-10.279651812688824,-9.907519584212112,-9.797136829415312,-9.903176452427655,0.20077209249624373,81,-14.366967648588355,-14.658203717853882,-15.28831266431907,-14.176646480089612,-14.427116414280212,-14.583449385026224,0.38450315894418025,84,-0.42313500453035335,-0.3926733272782319,-0.43202416918429004,-0.40102440494124736,-0.4430379746835443,-0.4183789761235334,0.01886180708910682,58,1.9912941709453333,-0.5063601271571297,2.149020392749245,-0.24182057848749644,1.5594921639541888,0.9903252044008282,1.1337296548405533,71,-13.80599750178444,-11.883804934464148,-14.384232517482516,-12.051260330578513,-12.81676700680272,-12.988412458222466,0.9741286356711955,27,9.903176452427655,14.583449385026224,0.4183789761235334,12.988412458222466,0.9903252044008282,n200__absolute_error__boostrap_true__samples_0.85
210.5079806804657,1.2837679863987752,3.623871326446533,0.26179012992284745,True,absolute_error,26,1.0,0.85,1,4,200,"{'bootstrap': True, 'criterion': 'absolute_error', 'max_depth': 26, 'max_features': 1.0, 'max_samples': 0.85, 'min_samples_leaf': 1, 'min_samples_split': 4, 'n_estimators': 200}",-9.693299607369374,-9.838718589161369,-10.360716012084593,-9.948852063874662,-9.789065702230259,-9.926130394944051,0.23238703160287497,90,-14.281480668811176,-14.652727972769275,-15.391317444626658,-14.195373158388806,-14.352065618801056,-14.574592972679392,0.43643667462077496,77,-0.42464512231954094,-0.39691189827429607,-0.4362537764350453,-0.3983127448026514,-0.4421338155515371,-0.4196514714766142,0.018859789602573545,72,1.8793430987617032,-0.44842491674235574,2.167220543806647,-0.26496987044290427,1.526558167570826,0.9719454045907833,1.105175080972262,76,-13.626251778093883,-11.829191456903128,-14.358542243767314,-12.156128971255674,-12.796605316973418,-12.953343953398683,0.9328692018787914,15,9.926130394944051,14.574592972679392,0.4196514714766142,12.953343953398683,0.9719454045907833,n200__absolute_error__boostrap_true__samples_0.85
200.93508706092834,2.115777320686769,3.638349199295044,0.27566313687681,True,absolute_error,26,1.0,0.85,1,8,200,"{'bootstrap': True, 'criterion': 'absolute_error', 'max_depth': 26, 'max_features': 1.0, 'max_samples': 0.85, 'min_samples_leaf': 1, 'min_samples_split': 8, 'n_estimators': 200}",-9.640005285412261,-9.799863760217983,-10.357264350453171,-9.89421512503766,-9.824754370102472,-9.90322057824471,0.24180931053309596,82,-14.26736554066942,-14.629630482562177,-15.369671345285319,-14.13106364567828,-14.436335772895065,-14.566813357418052,0.4347638775688291,75,-0.4237390516460284,-0.39509536784741145,-0.4323262839879154,-0.39710756251883095,-0.4448462929475588,-0.41862291178954897,0.019586110354975955,63,1.9703767743884026,-0.4293157735392064,2.2431888217522657,-0.2351129858391082,1.5784132007233274,1.0255100074971364,1.13021283194247,58,-13.699919814682822,-11.858590038314176,-14.572851153039831,-12.161820940819423,-12.816974932249321,-13.022031375821115,1.0000180598680326,48,9.90322057824471,14.566813357418052,0.41862291178954897,13.022031375821115,1.0255100074971364,n200__absolute_error__boostrap_true__samples_0.85
165.61758570671083,3.620300031891954,4.050177335739136,0.3336959830190703,True,absolute_error,26,1.0,0.85,2,2,200,"{'bootstrap': True, 'criterion': 'absolute_error', 'max_depth': 26, 'max_features': 1.0, 'max_samples': 0.85, 'min_samples_leaf': 2, 'min_samples_split': 2, 'n_estimators': 200}",-9.70081546360616,-9.865927944293068,-10.27359063444109,-9.885104700210906,-9.805361663652803,-9.906160081240804,0.19462471493545064,84,-14.301068602054762,-14.671195634009024,-15.208404692448019,-14.087046769715478,-14.339969031150172,-14.521536945875491,0.39103450888119506,26,-0.4249471458773784,-0.39176506206478956,-0.4287009063444109,-0.3946971979511901,-0.44002411091018684,-0.4160268846295912,0.019285540305022743,32,1.7892283298097251,-0.58760672116258,2.035107250755287,-0.32680250075323847,1.349727245328511,0.8519307207955409,1.0943413492261445,95,-13.519379886282872,-11.841690494590418,-14.355810429880197,-12.108398854961832,-12.67554280821918,-12.900164494786901,0.9273669962852049,5,9.906160081240804,14.521536945875491,0.4160268846295912,12.900164494786901,0.8519307207955409,n200__absolute_error__boostrap_true__samples_0.85
166.49715452194215,2.5296687515799885,3.67250542640686,0.15604591752621874,True,absolute_error,26,1.0,0.85,2,4,200,"{'bootstrap': True, 'criterion': 'absolute_error', 'max_depth': 26, 'max_features': 1.0, 'max_samples': 0.85, 'min_samples_leaf': 2, 'min_samples_split': 4, 'n_estimators': 200}",-9.70081546360616,-9.865927944293068,-10.27359063444109,-9.885104700210906,-9.805361663652803,-9.906160081240804,0.19462471493545064,84,-14.301068602054762,-14.671195634009024,-15.208404692448019,-14.087046769715478,-14.339969031150172,-14.521536945875491,0.39103450888119506,26,-0.4249471458773784,-0.39176506206478956,-0.4287009063444109,-0.3946971979511901,-0.44002411091018684,-0.4160268846295912,0.019285540305022743,32,1.7892283298097251,-0.58760672116258,2.035107250755287,-0.32680250075323847,1.349727245328511,0.8519307207955409,1.0943413492261445,95,-13.519379886282872,-11.841690494590418,-14.355810429880197,-12.108398854961832,-12.67554280821918,-12.900164494786901,0.9273669962852049,5,9.906160081240804,14.521536945875491,0.4160268846295912,12.900164494786901,0.8519307207955409,n200__absolute_error__boostrap_true__samples_0.85
164.06779341697694,1.6450381480445593,3.8167956352233885,0.3728713225134067,True,absolute_error,26,1.0,0.85,2,8,200,"{'bootstrap': True, 'criterion': 'absolute_error', 'max_depth': 26, 'max_features': 1.0, 'max_samples': 0.85, 'min_samples_leaf': 2, 'min_samples_split': 8, 'n_estimators': 200}",-9.653377378435517,-9.787247199515592,-10.269010574018127,-9.89053028020488,-9.772237040385775,-9.874480494511978,0.21112154739022773,73,-14.271195721846306,-14.647116850669391,-15.283329016391123,-14.074923554336264,-14.351100670128691,-14.525533162674355,0.421236369865201,31,-0.42313500453035335,-0.39176506206478956,-0.42779456193353477,-0.3946971979511901,-0.4385171790235081,-0.41518180110067526,0.018627064592623623,23,1.8083879492600423,-0.49375794732061806,2.0797507552870096,-0.4189771015366075,1.5205628390596742,0.8991932989499002,1.1211010038749685,86,-13.543863311920056,-11.861049072642968,-14.433050847457626,-11.998505725190839,-12.876120274914088,-12.942517846425115,0.9642040476210384,14,9.874480494511978,14.525533162674355,0.41518180110067526,12.942517846425115,0.8991932989499002,n200__absolute_error__boostrap_true__samples_0.85
144.55320930480957,0.8038079176612154,3.867644262313843,0.11474650719459487,True,absolute_error,26,1.0,0.85,3,2,200,"{'bootstrap': True, 'criterion': 'absolute_error', 'max_depth': 26, 'max_features': 1.0, 'max_samples': 0.85, 'min_samples_leaf': 3, 'min_samples_split': 2, 'n_estimators': 200}",-9.678058743582,-9.806279140175597,-10.270819486404834,-9.783963543235913,-9.733999397227246,-9.854624062125117,0.21273194075800028,63,-14.285014062998025,-14.65129598921676,-15.241659116224232,-14.005517576507811,-14.334770226393237,-14.503651394268013,0.4221172244693533,8,-0.4180006040471157,-0.39146230699364215,-0.4259818731117825,-0.38776739981922265,-0.43731163351416513,-0.4121047634971856,0.019396596012665485,1,1.7901200543642406,-0.5678428701180742,2.0552197885196377,-0.35001807773425736,1.5139270644966845,0.8882811919056464,1.1153630929157934,91,-13.717897398843931,-11.799905259087396,-14.467797872340427,-12.164438616938616,-12.860310130944177,-13.00206985563091,0.9826178625842986,35,9.854624062125117,14.503651394268013,0.4121047634971856,13.00206985563091,0.8882811919056464,n200__absolute_error__boostrap_true__samples_0.85
143.963982629776,1.1350671672970598,3.60958571434021,0.24130486644412819,True,absolute_error,26,1.0,0.85,3,4,200,"{'bootstrap': True, 'criterion': 'absolute_error', 'max_depth': 26, 'max_features': 1.0, 'max_samples': 0.85, 'min_samples_leaf': 3, 'min_samples_split': 4, 'n_estimators': 200}",-9.678058743582,-9.806279140175597,-10.270819486404834,-9.783963543235913,-9.733999397227246,-9.854624062125117,0.21273194075800028,63,-14.285014062998025,-14.65129598921676,-15.241659116224232,-14.005517576507811,-14.334770226393237,-14.503651394268013,0.4221172244693533,8,-0.4180006040471157,-0.39146230699364215,-0.4259818731117825,-0.38776739981922265,-0.43731163351416513,-0.4121047634971856,0.019396596012665485,1,1.7901200543642406,-0.5678428701180742,2.0552197885196377,-0.35001807773425736,1.5139270644966845,0.8882811919056464,1.1153630929157934,91,-13.717897398843931,-11.799905259087396,-14.467797872340427,-12.164438616938616,-12.860310130944177,-13.00206985563091,0.9826178625842986,35,9.854624062125117,14.503651394268013,0.4121047634971856,13.00206985563091,0.8882811919056464,n200__absolute_error__boostrap_true__samples_0.85
143.63589057922363,1.1870986818237204,3.2423883438110352,0.20360364507808737,True,absolute_error,26,1.0,0.85,3,8,200,"{'bootstrap': True, 'criterion': 'absolute_error', 'max_depth': 26, 'max_features': 1.0, 'max_samples': 0.85, 'min_samples_leaf': 3, 'min_samples_split': 8, 'n_estimators': 200}",-9.586760042283297,-9.83351195882531,-10.246697129909364,-9.759862157276288,-9.771454942736588,-9.839657246206169,0.2194060334858617,56,-14.203272433351131,-14.759829017647347,-15.237997296086641,-13.968876906145924,-14.358049740491813,-14.505605078744571,0.4477237783975831,10,-0.4186046511627907,-0.3905540417801998,-0.4335347432024169,-0.3928894245254595,-0.4412296564195298,-0.41536250341807934,0.02064146539822453,26,1.7775921171851405,-0.4988253103239476,2.093302870090634,-0.3500745706538113,1.4206924352019283,0.8885375082999889,1.0939837305377893,87,-13.574087301587303,-11.950569767441861,-14.231846689895468,-11.975109279141105,-12.682904713114754,-12.882903550236097,0.8978550916699414,1,9.839657246206169,14.505605078744571,0.41536250341807934,12.882903550236097,0.8885375082999889,n200__absolute_error__boostrap_true__samples_0.85
124.6096782207489,7.158178441973466,3.016740608215332,0.39613227368975906,True,absolute_error,26,1.0,0.85,4,2,200,"{'bootstrap': True, 'criterion': 'absolute_error', 'max_depth': 26, 'max_features': 1.0, 'max_samples': 0.85, 'min_samples_leaf': 4, 'min_samples_split': 2, 'n_estimators': 200}",-9.626855934762911,-9.758745837117772,-10.20563595166163,-9.7397002109069,-9.720048221820374,-9.810197231253918,0.20284463627855792,37,-14.302564446526898,-14.607614256301376,-15.190921582798826,-13.99961183001987,-14.373647703906048,-14.494871963910603,0.3985363218391442,3,-0.4195107218363032,-0.3890402664244626,-0.42779456193353477,-0.38987646881590843,-0.4424352019288728,-0.4137314441878163,0.021136656067890055,6,1.8669389912413166,-0.6280600968816233,2.0762749244712992,-0.36445465501657104,1.4908845690174801,0.8883167465663803,1.1489881658961236,88,-13.699047876169907,-11.734885214007782,-14.354917019774012,-12.023353941267388,-12.669575953678475,-12.896356000979512,0.9934073350995273,2,9.810197231253918,14.494871963910603,0.4137314441878163,12.896356000979512,0.8883167465663803,n200__absolute_error__boostrap_true__samples_0.85
106.82714233398437,6.825991099169204,1.7068591117858887,0.5253573909559963,True,absolute_error,26,1.0,0.85,4,4,200,"{'bootstrap': True, 'criterion': 'absolute_error', 'max_depth': 26, 'max_features': 1.0, 'max_samples': 0.85, 'min_samples_leaf': 4, 'min_samples_split': 4, 'n_estimators': 200}",-9.626855934762911,-9.758745837117772,-10.20563595166163,-9.7397002109069,-9.720048221820374,-9.810197231253918,0.20284463627855792,37,-14.302564446526898,-14.607614256301376,-15.190921582798826,-13.99961183001987,-14.373647703906048,-14.494871963910603,0.3985363218391442,3,-0.4195107218363032,-0.3890402664244626,-0.42779456193353477,-0.38987646881590843,-0.4424352019288728,-0.4137314441878163,0.021136656067890055,6,1.8669389912413166,-0.6280600968816233,2.0762749244712992,-0.36445465501657104,1.4908845690174801,0.8883167465663803,1.1489881658961236,88,-13.699047876169907,-11.734885214007782,-14.354917019774012,-12.023353941267388,-12.669575953678475,-12.896356000979512,0.9934073350995273,2,9.810197231253918,14.494871963910603,0.4137314441878163,12.896356000979512,0.8883167465663803,n200__absolute_error__boostrap_true__samples_0.85
80.20010786056518,10.215271796758294,0.3587911605834961,0.3909882978476343,True,absolute_error,26,1.0,0.85,4,8,200,"{'bootstrap': True, 'criterion': 'absolute_error', 'max_depth': 26, 'max_features': 1.0, 'max_samples': 0.85, 'min_samples_leaf': 4, 'min_samples_split': 8, 'n_estimators': 200}",-9.626855934762911,-9.758745837117772,-10.20563595166163,-9.7397002109069,-9.720048221820374,-9.810197231253918,0.20284463627855792,37,-14.302564446526898,-14.607614256301376,-15.190921582798826,-13.99961183001987,-14.373647703906048,-14.494871963910603,0.3985363218391442,3,-0.4195107218363032,-0.3890402664244626,-0.42779456193353477,-0.38987646881590843,-0.4424352019288728,-0.4137314441878163,0.021136656067890055,6,1.8669389912413166,-0.6280600968816233,2.0762749244712992,-0.36445465501657104,1.4908845690174801,0.8883167465663803,1.1489881658961236,88,-13.699047876169907,-11.734885214007782,-14.354917019774012,-12.023353941267388,-12.669575953678475,-12.896356000979512,0.9934073350995273,2,9.810197231253918,14.494871963910603,0.4137314441878163,12.896356000979512,0.8883167465663803,n200__absolute_error__boostrap_true__samples_0.85
