mean_fit_time,std_fit_time,mean_score_time,std_score_time,param_bootstrap,param_criterion,param_max_depth,param_max_features,param_min_samples_leaf,param_min_samples_split,param_n_estimators,params,split0_test_MAE,split1_test_MAE,split2_test_MAE,split3_test_MAE,split4_test_MAE,mean_test_MAE,std_test_MAE,rank_test_MAE,split0_test_RMSE,split1_test_RMSE,split2_test_RMSE,split3_test_RMSE,split4_test_RMSE,mean_test_RMSE,std_test_RMSE,rank_test_RMSE,split0_test_overestimation_rate,split1_test_overestimation_rate,split2_test_overestimation_rate,split3_test_overestimation_rate,split4_test_overestimation_rate,mean_test_overestimation_rate,std_test_overestimation_rate,rank_test_overestimation_rate,split0_test_mean_signed_error,split1_test_mean_signed_error,split2_test_mean_signed_error,split3_test_mean_signed_error,split4_test_mean_signed_error,mean_test_mean_signed_error,std_test_mean_signed_error,rank_test_mean_signed_error,split0_test_mean_overestimation,split1_test_mean_overestimation,split2_test_mean_overestimation,split3_test_mean_overestimation,split4_test_mean_overestimation,mean_test_mean_overestimation,std_test_mean_overestimation,rank_test_mean_overestimation,mean_MAE,mean_RMSE,overestimation_rate,mean_overstimation,mean_signed_error,chunk_id
343.84171929359434,2.3402500588954163,3.3023547172546386,1.286238210442796,False,absolute_error,20,0.875,1,2,200,"{'bootstrap': False, 'criterion': 'absolute_error', 'max_depth': 20, 'max_features': 0.875, 'min_samples_leaf': 1, 'min_samples_split': 2, 'n_estimators': 200}",-9.279854273633344,-9.466463820768999,-9.9830083081571,-9.538767701114795,-9.53264918625678,-9.560148657986204,0.23124248771752562,63,-14.2000407791702,-14.543947737415621,-15.211725273823113,-13.97469392858785,-14.417117810929875,-14.469505105985334,0.4187185298756317,80,-0.425853216550891,-0.392067817135937,-0.4350453172205438,-0.40042181379933717,-0.44544906570223025,-0.41976744608178784,0.02035445144045767,96,2.285642555119299,-0.08777475022706578,2.6316593655589124,0.2411479361253389,2.0846383363471976,1.4310626885847362,1.1244255902506568,5,-13.579205673758866,-11.9605444015444,-14.49810763888889,-12.21201655379985,-13.03997293640054,-13.057969440878509,0.9236868644863913,68,9.560148657986204,14.469505105985334,0.41976744608178784,13.057969440878509,1.4310626885847362,n200__absolute_error__boostrap_false
340.0315802574158,1.1017964610460969,1.8673952579498292,0.17365216865898314,False,absolute_error,20,0.875,1,4,200,"{'bootstrap': False, 'criterion': 'absolute_error', 'max_depth': 20, 'max_features': 0.875, 'min_samples_leaf': 1, 'min_samples_split': 4, 'n_estimators': 200}",-9.341974479009362,-9.456628822282774,-10.033689577039274,-9.545583760168725,-9.543563893911994,-9.584288106482425,0.23669852409900335,72,-14.270153672639902,-14.542595699524778,-15.281530280484628,-13.991738684325114,-14.391740915984661,-14.495551850591815,0.43252374992615844,96,-0.4234370280881909,-0.3957008779897063,-0.4335347432024169,-0.39891533594456163,-0.4436407474382158,-0.41904574653261834,0.01889097544053072,95,2.349938840229538,-0.05234635180139256,2.697488670694864,0.24309204579692698,2.1294303797468355,1.4735207169333542,1.1435601244056177,2,-13.805964693295293,-11.88307000765111,-14.682996515679442,-12.269114425981872,-13.155908627717393,-13.15941085406502,1.015975500390835,95,9.584288106482425,14.495551850591815,0.41904574653261834,13.15941085406502,1.4735207169333542,n200__absolute_error__boostrap_false
335.3929848194122,1.9843603327521695,1.4440306663513183,0.24983974871726905,False,absolute_error,20,0.875,1,8,200,"{'bootstrap': False, 'criterion': 'absolute_error', 'max_depth': 20, 'max_features': 0.875, 'min_samples_leaf': 1, 'min_samples_split': 8, 'n_estimators': 200}",-9.279344608879493,-9.447405389040266,-9.988111782477342,-9.50181982524857,-9.478157022302591,-9.538967725589652,0.23773771942046976,53,-14.231358614144307,-14.503377323775027,-15.235900969163097,-13.966720017782881,-14.330573702092428,-14.453586125391547,0.4280307017027738,71,-0.41920869827846574,-0.3960036330608538,-0.43202416918429004,-0.39680626694787585,-0.44333936106088007,-0.4174764257064731,0.01882479917987788,92,2.3799003322259136,-0.041301846805934024,2.714138972809668,0.28359445616149404,2.119900542495479,1.4912464913773242,1.1390790519551464,1,-13.906253602305476,-11.876284403669725,-14.700856643356643,-12.330216400911164,-13.080338205302514,-13.178789851109105,1.0268574289471277,96,9.538967725589652,14.453586125391547,0.4174764257064731,13.178789851109105,1.4912464913773242,n200__absolute_error__boostrap_false
258.47763471603395,28.81716843339003,3.9107361793518067,0.7923019663938593,False,absolute_error,20,0.875,2,2,200,"{'bootstrap': False, 'criterion': 'absolute_error', 'max_depth': 20, 'max_features': 0.875, 'min_samples_leaf': 2, 'min_samples_split': 2, 'n_estimators': 200}",-9.267017517366353,-9.44877838328792,-10.010616314199396,-9.476848448327809,-9.519358047016276,-9.54452374203955,0.24844815228228415,55,-14.193244991551948,-14.571728358422346,-15.23103264999939,-13.944919748359586,-14.420521086220546,-14.472289366910763,0.43456735163626253,84,-0.4180006040471157,-0.3896457765667575,-0.43202416918429004,-0.39650497137692076,-0.4409282700421941,-0.4154207582434556,0.019774320168430382,75,2.1899531863485358,-0.1045761429003933,2.572176737160121,0.19228532690569453,2.0217179023508143,1.3743114019729545,1.1048603595852629,14,-13.704490606936416,-11.99063714063714,-14.562603146853146,-12.192954027355624,-13.087248803827752,-13.107586745122015,0.95476803557506,87,9.54452374203955,14.472289366910763,0.4154207582434556,13.107586745122015,1.3743114019729545,n200__absolute_error__boostrap_false
266.6682956695557,0.6556951321757699,2.027972936630249,0.20371239508278963,False,absolute_error,20,0.875,2,4,200,"{'bootstrap': False, 'criterion': 'absolute_error', 'max_depth': 20, 'max_features': 0.875, 'min_samples_leaf': 2, 'min_samples_split': 4, 'n_estimators': 200}",-9.267017517366353,-9.44877838328792,-10.010616314199396,-9.476848448327809,-9.519358047016276,-9.54452374203955,0.24844815228228415,55,-14.193244991551948,-14.571728358422346,-15.23103264999939,-13.944919748359586,-14.420521086220546,-14.472289366910763,0.43456735163626253,84,-0.4180006040471157,-0.3896457765667575,-0.43202416918429004,-0.39650497137692076,-0.4409282700421941,-0.4154207582434556,0.019774320168430382,75,2.1899531863485358,-0.1045761429003933,2.572176737160121,0.19228532690569453,2.0217179023508143,1.3743114019729545,1.1048603595852629,14,-13.704490606936416,-11.99063714063714,-14.562603146853146,-12.192954027355624,-13.087248803827752,-13.107586745122015,0.95476803557506,87,9.54452374203955,14.472289366910763,0.4154207582434556,13.107586745122015,1.3743114019729545,n200__absolute_error__boostrap_false
264.3609292984009,0.9673287856502749,2.526046943664551,0.7139833522725135,False,absolute_error,20,0.875,2,8,200,"{'bootstrap': False, 'criterion': 'absolute_error', 'max_depth': 20, 'max_features': 0.875, 'min_samples_leaf': 2, 'min_samples_split': 8, 'n_estimators': 200}",-9.21715342796738,-9.375812140478354,-9.910911631419943,-9.437471376920758,-9.513621910789633,-9.490994097515214,0.23150076905241154,30,-14.147492946888903,-14.498193640878004,-15.188645942184056,-13.916447425631354,-14.493952714224404,-14.448946533961344,0.4303569713290675,69,-0.4183026276049532,-0.3905540417801998,-0.42749244712990936,-0.3946971979511901,-0.4397227245328511,-0.41415380779982075,0.01889132145106303,69,2.2639746300211416,-0.04984937935210419,2.6032787009063436,0.171077884905092,2.111691531042797,1.4200346735046538,1.1234894281476706,7,-13.723471119133574,-11.939401162790697,-14.63673851590106,-12.172051526717558,-13.218913639479096,-13.138115192804397,0.9965175509430677,93,9.490994097515214,14.448946533961344,0.41415380779982075,13.138115192804397,1.4200346735046538,n200__absolute_error__boostrap_false
239.55183825492858,8.201285162793459,3.5464736461639403,0.8704202255044815,False,absolute_error,20,0.875,3,2,200,"{'bootstrap': False, 'criterion': 'absolute_error', 'max_depth': 20, 'max_features': 0.875, 'min_samples_leaf': 3, 'min_samples_split': 2, 'n_estimators': 200}",-9.226185442464512,-9.425364062973054,-9.890940332326286,-9.46398463392588,-9.439617992766728,-9.489218492891293,0.21805557427726005,25,-14.162054667326075,-14.495724896138594,-15.185970005051878,-13.930537358559516,-14.354959388561234,-14.425849263127457,0.4248795105177915,48,-0.41769858048927816,-0.39176506206478956,-0.43293051359516616,-0.3940946068092799,-0.44062688366485836,-0.41542312932467446,0.01980669297990165,77,2.2469586227725764,-0.1381706024825912,2.679330060422961,0.1462925579993973,2.061332881253767,1.3991487039932222,1.1600976701091115,9,-13.733759942154737,-11.853013910355486,-14.517653524075367,-12.192855504587156,-13.050668604651163,-13.069590297164783,0.9784772310444894,75,9.489218492891293,14.425849263127457,0.41542312932467446,13.069590297164783,1.3991487039932222,n200__absolute_error__boostrap_false
236.13365025520324,1.1080082979877588,2.8484652519226072,0.1913423416400122,False,absolute_error,20,0.875,3,4,200,"{'bootstrap': False, 'criterion': 'absolute_error', 'max_depth': 20, 'max_features': 0.875, 'min_samples_leaf': 3, 'min_samples_split': 4, 'n_estimators': 200}",-9.226185442464512,-9.425364062973054,-9.890940332326286,-9.46398463392588,-9.439617992766728,-9.489218492891293,0.21805557427726005,25,-14.162054667326075,-14.495724896138594,-15.185970005051878,-13.930537358559516,-14.354959388561234,-14.425849263127457,0.4248795105177915,48,-0.41769858048927816,-0.39176506206478956,-0.43293051359516616,-0.3940946068092799,-0.44062688366485836,-0.41542312932467446,0.01980669297990165,77,2.2469586227725764,-0.1381706024825912,2.679330060422961,0.1462925579993973,2.061332881253767,1.3991487039932222,1.1600976701091115,9,-13.733759942154737,-11.853013910355486,-14.517653524075367,-12.192855504587156,-13.050668604651163,-13.069590297164783,0.9784772310444894,75,9.489218492891293,14.425849263127457,0.41542312932467446,13.069590297164783,1.3991487039932222,n200__absolute_error__boostrap_false
237.8501531600952,1.004964629214668,3.069182300567627,0.23763972307819195,False,absolute_error,20,0.875,3,8,200,"{'bootstrap': False, 'criterion': 'absolute_error', 'max_depth': 20, 'max_features': 0.875, 'min_samples_leaf': 3, 'min_samples_split': 8, 'n_estimators': 200}",-9.251408184838416,-9.384698758704207,-9.891231117824773,-9.444695691473335,-9.490883062085594,-9.492583362985265,0.2149514861263394,31,-14.220203525212808,-14.493398701438585,-15.177232252810136,-13.918103234226852,-14.395166420010401,-14.440820826739756,0.4169067573125157,64,-0.4204167925098158,-0.3887375113533152,-0.4299093655589124,-0.3904790599578186,-0.44273658830620854,-0.41445586353721414,0.021496341741564406,70,2.2697727272727275,-0.12017257039055412,2.644238670694864,0.20526212714673076,2.011858047016275,1.4021918003480085,1.1328992845891008,8,-13.702094109195402,-11.916172118380063,-14.57920063246662,-12.3565625,-12.990502042205582,-13.108906280449535,0.9503991572732342,89,9.492583362985265,14.440820826739756,0.41445586353721414,13.108906280449535,1.4021918003480085,n200__absolute_error__boostrap_false
222.58000798225402,4.514961867457221,3.047335481643677,0.9542193831635059,False,absolute_error,20,0.875,4,2,200,"{'bootstrap': False, 'criterion': 'absolute_error', 'max_depth': 20, 'max_features': 0.875, 'min_samples_leaf': 4, 'min_samples_split': 2, 'n_estimators': 200}",-9.228006644518272,-9.33849455040872,-9.881422960725077,-9.363666767098524,-9.42902049427366,-9.44812228340485,0.22614872269065114,6,-14.188809393113663,-14.463817636154836,-15.168544192603347,-13.9002652298302,-14.391425004506592,-14.422572291241726,0.4210926664074331,41,-0.41709453337360314,-0.38661822585528305,-0.4308157099697885,-0.3907803555287737,-0.4424352019288728,-0.4135488053312642,0.021857724075763797,57,2.266313802476593,-0.13169618528610363,2.6186389728096677,0.15605001506477836,2.0436980108499094,1.390600923182969,1.1439397480111846,11,-13.779035119478639,-11.906834377447144,-14.507435133239833,-12.180393215111797,-12.96542234332425,-13.067824037720333,0.9720306448204995,71,9.44812228340485,14.422572291241726,0.4135488053312642,13.067824037720333,1.390600923182969,n200__absolute_error__boostrap_false
218.31147680282592,0.8472415336125856,3.0113096237182617,0.0768752472124281,False,absolute_error,20,0.875,4,4,200,"{'bootstrap': False, 'criterion': 'absolute_error', 'max_depth': 20, 'max_features': 0.875, 'min_samples_leaf': 4, 'min_samples_split': 4, 'n_estimators': 200}",-9.228006644518272,-9.33849455040872,-9.881422960725077,-9.363666767098524,-9.42902049427366,-9.44812228340485,0.22614872269065114,6,-14.188809393113663,-14.463817636154836,-15.168544192603347,-13.9002652298302,-14.391425004506592,-14.422572291241726,0.4210926664074331,41,-0.41709453337360314,-0.38661822585528305,-0.4308157099697885,-0.3907803555287737,-0.4424352019288728,-0.4135488053312642,0.021857724075763797,57,2.266313802476593,-0.13169618528610363,2.6186389728096677,0.15605001506477836,2.0436980108499094,1.390600923182969,1.1439397480111846,11,-13.779035119478639,-11.906834377447144,-14.507435133239833,-12.180393215111797,-12.96542234332425,-13.067824037720333,0.9720306448204995,71,9.44812228340485,14.422572291241726,0.4135488053312642,13.067824037720333,1.390600923182969,n200__absolute_error__boostrap_false
221.92787623405457,1.9950920759349702,3.820086622238159,0.4164029498455487,False,absolute_error,20,0.875,4,8,200,"{'bootstrap': False, 'criterion': 'absolute_error', 'max_depth': 20, 'max_features': 0.875, 'min_samples_leaf': 4, 'min_samples_split': 8, 'n_estimators': 200}",-9.228006644518272,-9.33849455040872,-9.881422960725077,-9.363666767098524,-9.42902049427366,-9.44812228340485,0.22614872269065114,6,-14.188809393113663,-14.463817636154836,-15.168544192603347,-13.9002652298302,-14.391425004506592,-14.422572291241726,0.4210926664074331,41,-0.41709453337360314,-0.38661822585528305,-0.4308157099697885,-0.3907803555287737,-0.4424352019288728,-0.4135488053312642,0.021857724075763797,57,2.266313802476593,-0.13169618528610363,2.6186389728096677,0.15605001506477836,2.0436980108499094,1.390600923182969,1.1439397480111846,11,-13.779035119478639,-11.906834377447144,-14.507435133239833,-12.180393215111797,-12.96542234332425,-13.067824037720333,0.9720306448204995,71,9.44812228340485,14.422572291241726,0.4135488053312642,13.067824037720333,1.390600923182969,n200__absolute_error__boostrap_false
376.86826782226564,2.7366558704231285,4.135866308212281,0.3950043928726743,False,absolute_error,20,1.0,1,2,200,"{'bootstrap': False, 'criterion': 'absolute_error', 'max_depth': 20, 'max_features': 1.0, 'min_samples_leaf': 1, 'min_samples_split': 2, 'n_estimators': 200}",-9.270102688009665,-9.464760823493792,-9.980238670694865,-9.438854323591443,-9.541151295961424,-9.539021560350239,0.23771519366414784,54,-14.20696083022018,-14.64782839339833,-15.239009273711327,-13.924405282786262,-14.436199105076673,-14.490880577038553,0.44470752385201495,93,-0.41981274539414076,-0.39358159249167424,-0.43323262839879156,-0.3983127448026514,-0.4394213381555154,-0.41687220984855466,0.018284856201197172,88,2.26288130474177,0.024035725098395223,2.592992447129909,0.2197326001807772,2.043217299578059,1.4285718753457821,1.082935887302292,6,-13.73586690647482,-12.054421153846155,-14.510946652719667,-12.124375945537064,-13.181390603566529,-13.121400252428847,0.9428159072767733,92,9.539021560350239,14.490880577038553,0.41687220984855466,13.121400252428847,1.4285718753457821,n200__absolute_error__boostrap_false
365.77097806930544,0.8529615238202773,2.534675645828247,0.2098691196932796,False,absolute_error,20,1.0,1,4,200,"{'bootstrap': False, 'criterion': 'absolute_error', 'max_depth': 20, 'max_features': 1.0, 'min_samples_leaf': 1, 'min_samples_split': 4, 'n_estimators': 200}",-9.264673814557534,-9.452524220405692,-9.976714501510575,-9.485744953299186,-9.465312688366486,-9.528994035627894,0.23752567212337677,51,-14.136330776599364,-14.62101702538921,-15.23631122568258,-13.972448619954026,-14.340637275833291,-14.461348984691693,0.44391262137260556,75,-0.4210208396254908,-0.3960036330608538,-0.4323262839879154,-0.40042181379933717,-0.44333936106088007,-0.4186223863068954,0.018151292345013146,93,2.200471156750226,0.05615273993339439,2.639410876132931,0.25664733353419716,2.070620102471368,1.4446604417644233,1.0704982687995688,4,-13.615887733142038,-12.00579510703364,-14.590976589797345,-12.165161775771256,-13.010273623385451,-13.077618965825945,0.9556049881627554,81,9.528994035627894,14.461348984691693,0.4186223863068954,13.077618965825945,1.4446604417644233,n200__absolute_error__boostrap_false
358.9490420818329,2.571985223466508,3.243944597244263,0.8765554340975726,False,absolute_error,20,1.0,1,8,200,"{'bootstrap': False, 'criterion': 'absolute_error', 'max_depth': 20, 'max_features': 1.0, 'min_samples_leaf': 1, 'min_samples_split': 8, 'n_estimators': 200}",-9.258085925702204,-9.434111413866184,-9.9283081570997,-9.474719041880084,-9.560115280289331,-9.531067963767502,0.22169279847060713,52,-14.161312165373927,-14.648665982207403,-15.202802508254354,-13.981135089764258,-14.461332557169086,-14.491049660553807,0.4245133242964272,94,-0.4204167925098158,-0.392067817135937,-0.4335347432024169,-0.39710756251883095,-0.4388185654008439,-0.41638909615356895,0.018849821186087055,84,2.2411212624584715,-0.025620647895852257,2.617170694864048,0.3132517324495327,2.0881110608800486,1.4468068205512494,1.0830464391872932,3,-13.67596084770115,-11.99855019305019,-14.468827526132406,-12.324080045523521,-13.272257898351649,-13.147935302151785,0.8987599195502163,94,9.531067963767502,14.491049660553807,0.41638909615356895,13.147935302151785,1.4468068205512494,n200__absolute_error__boostrap_false
309.2259027004242,5.663891023460257,4.193977308273316,0.331096939739962,False,absolute_error,20,1.0,2,2,200,"{'bootstrap': False, 'criterion': 'absolute_error', 'max_depth': 20, 'max_features': 1.0, 'min_samples_leaf': 2, 'min_samples_split': 2, 'n_estimators': 200}",-9.235073995771671,-9.408595216469875,-9.905389728096676,-9.471564477252183,-9.487481163351417,-9.501620916188365,0.22083188954197772,32,-14.140482027202715,-14.60796018117204,-15.162211569648388,-13.981970537350469,-14.420357775559893,-14.4625964181867,0.4116151126680265,77,-0.41709453337360314,-0.38994853163790494,-0.4308157099697885,-0.39439590238023503,-0.43731163351416513,-0.41391326217513935,0.01896593078282193,66,2.096641498036847,-0.07320768997880724,2.47771752265861,0.21281786682735757,1.9837168474984936,1.3395372090085,1.053467926721136,22,-13.584109341057204,-11.970025232919253,-14.371698807854138,-12.277488540870895,-13.115587525844244,-13.063781889709148,0.8716228542243595,69,9.501620916188365,14.4625964181867,0.41391326217513935,13.063781889709148,1.3395372090085,n200__absolute_error__boostrap_false
305.83372645378114,3.794368410783251,3.595587635040283,0.8682588275268731,False,absolute_error,20,1.0,2,4,200,"{'bootstrap': False, 'criterion': 'absolute_error', 'max_depth': 20, 'max_features': 1.0, 'min_samples_leaf': 2, 'min_samples_split': 4, 'n_estimators': 200}",-9.235073995771671,-9.408595216469875,-9.905389728096676,-9.471564477252183,-9.487481163351417,-9.501620916188365,0.22083188954197772,32,-14.140482027202715,-14.60796018117204,-15.162211569648388,-13.981970537350469,-14.420357775559893,-14.4625964181867,0.4116151126680265,77,-0.41709453337360314,-0.38994853163790494,-0.4308157099697885,-0.39439590238023503,-0.43731163351416513,-0.41391326217513935,0.01896593078282193,66,2.096641498036847,-0.07320768997880724,2.47771752265861,0.21281786682735757,1.9837168474984936,1.3395372090085,1.053467926721136,22,-13.584109341057204,-11.970025232919253,-14.371698807854138,-12.277488540870895,-13.115587525844244,-13.063781889709148,0.8716228542243595,69,9.501620916188365,14.4625964181867,0.41391326217513935,13.063781889709148,1.3395372090085,n200__absolute_error__boostrap_false
303.40437135696413,2.0385731635470212,2.955115222930908,0.11722929486025713,False,absolute_error,20,1.0,2,8,200,"{'bootstrap': False, 'criterion': 'absolute_error', 'max_depth': 20, 'max_features': 1.0, 'min_samples_leaf': 2, 'min_samples_split': 8, 'n_estimators': 200}",-9.207851102385986,-9.368564940962761,-9.875114048338368,-9.378253238927387,-9.498811030741411,-9.465718872271182,0.22462609433001232,10,-14.151597779298179,-14.616035620252768,-15.133997228397359,-13.896794998177707,-14.426486510929477,-14.4449824274111,0.42212005377707806,65,-0.4158864391422531,-0.3902512867090524,-0.42779456193353477,-0.3907803555287737,-0.43731163351416513,-0.4124048553655558,0.019119161534942364,38,2.1549713077620054,-0.07714653345443606,2.5569478851963745,0.1660899367279297,1.9899864376130203,1.3581698067689787,1.0910858061017343,17,-13.660967683369645,-11.904404577191622,-14.530411370056497,-12.211902467232074,-13.135709855272227,-13.088679190624413,0.9570330675854208,83,9.465718872271182,14.4449824274111,0.4124048553655558,13.088679190624413,1.3581698067689787,n200__absolute_error__boostrap_false
277.9920437335968,6.285719211432296,3.8592680931091308,0.4164819728955088,False,absolute_error,20,1.0,3,2,200,"{'bootstrap': False, 'criterion': 'absolute_error', 'max_depth': 20, 'max_features': 1.0, 'min_samples_leaf': 3, 'min_samples_split': 2, 'n_estimators': 200}",-9.182583056478405,-9.387627914017559,-9.826252265861028,-9.363917595661343,-9.453532248342375,-9.442782616072142,0.21172154841633667,4,-14.05957395565858,-14.552938665449428,-15.083252406338737,-13.847361642141525,-14.434476699673937,-14.395520673852442,0.42722627573835165,21,-0.41709453337360314,-0.3911595519224947,-0.42386706948640485,-0.3928894245254595,-0.4382157926461724,-0.4126452743908269,0.01817418976680414,44,2.1005277861673206,-0.14344989403572414,2.51061329305136,0.17536381440192822,1.9460503315250148,1.3178210662219798,1.0835660115695835,28,-13.52584359160029,-11.816377708978328,-14.552753029223096,-12.13990605828221,-13.006813961485557,-13.008338869913896,0.9826469880160988,43,9.442782616072142,14.395520673852442,0.4126452743908269,13.008338869913896,1.3178210662219798,n200__absolute_error__boostrap_false
273.00066604614256,2.3548804716677845,3.9232078552246095,0.8753870247247978,False,absolute_error,20,1.0,3,4,200,"{'bootstrap': False, 'criterion': 'absolute_error', 'max_depth': 20, 'max_features': 1.0, 'min_samples_leaf': 3, 'min_samples_split': 4, 'n_estimators': 200}",-9.182583056478405,-9.387627914017559,-9.826252265861028,-9.363917595661343,-9.453532248342375,-9.442782616072142,0.21172154841633667,4,-14.05957395565858,-14.552938665449428,-15.083252406338737,-13.847361642141525,-14.434476699673937,-14.395520673852442,0.42722627573835165,21,-0.41709453337360314,-0.3911595519224947,-0.42386706948640485,-0.3928894245254595,-0.4382157926461724,-0.4126452743908269,0.01817418976680414,44,2.1005277861673206,-0.14344989403572414,2.51061329305136,0.17536381440192822,1.9460503315250148,1.3178210662219798,1.0835660115695835,28,-13.52584359160029,-11.816377708978328,-14.552753029223096,-12.13990605828221,-13.006813961485557,-13.008338869913896,0.9826469880160988,43,9.442782616072142,14.395520673852442,0.4126452743908269,13.008338869913896,1.3178210662219798,n200__absolute_error__boostrap_false
272.2429355144501,1.246769541701788,3.626033306121826,0.22838356821925954,False,absolute_error,20,1.0,3,8,200,"{'bootstrap': False, 'criterion': 'absolute_error', 'max_depth': 20, 'max_features': 1.0, 'min_samples_leaf': 3, 'min_samples_split': 8, 'n_estimators': 200}",-9.202148142555119,-9.423711020284589,-9.855243957703927,-9.376457517324496,-9.44317435201929,-9.460146997977485,0.21507421850959016,9,-14.122123608350439,-14.633185950719923,-15.147315392157829,-13.88256000329293,-14.349885999821785,-14.427014190868581,0.43741925030112655,53,-0.4164904862579281,-0.38934302149561006,-0.4280966767371601,-0.3889725821030431,-0.4385171790235081,-0.4122839891234499,0.020127720452233742,37,2.0672689519782543,-0.15010217983651236,2.469958459214502,0.15583684844832763,1.9442487944544906,1.2974421748518123,1.0755867131106875,31,-13.52902102973169,-11.90930404354588,-14.395349329569513,-12.2531700232378,-12.98401030927835,-13.014170947072646,0.8914580502243676,45,9.460146997977485,14.427014190868581,0.4122839891234499,13.014170947072646,1.2974421748518123,n200__absolute_error__boostrap_false
255.96508312225342,2.807444707521647,3.465373992919922,0.5249443169412586,False,absolute_error,20,1.0,4,2,200,"{'bootstrap': False, 'criterion': 'absolute_error', 'max_depth': 20, 'max_features': 1.0, 'min_samples_leaf': 4, 'min_samples_split': 2, 'n_estimators': 200}",-9.203090456055572,-9.349181804420224,-9.801185800604229,-9.296379180476046,-9.439203586497891,-9.417808165610792,0.2063949833333404,1,-14.17365382380561,-14.55452035548256,-15.106034655514172,-13.84702855062257,-14.439170381400704,-14.424081553365122,0.4190480170735952,44,-0.41407429779522803,-0.38570996064184077,-0.42779456193353477,-0.3901777643868635,-0.4370102471368294,-0.41095336637885926,0.020204862220689006,27,2.148007399577167,-0.1862117771722679,2.515445619335348,0.2041450738174147,1.9719853827606988,1.330674339663672,1.1002734067692757,24,-13.706595550692924,-11.878057299843015,-14.395497881355933,-12.174610038610037,-13.055974137931033,-13.042146981686589,0.9360520160458478,62,9.417808165610792,14.424081553365122,0.41095336637885926,13.042146981686589,1.330674339663672,n200__absolute_error__boostrap_false
252.933505153656,0.7767126057389092,4.2074065685272215,0.6711765202155314,False,absolute_error,20,1.0,4,4,200,"{'bootstrap': False, 'criterion': 'absolute_error', 'max_depth': 20, 'max_features': 1.0, 'min_samples_leaf': 4, 'min_samples_split': 4, 'n_estimators': 200}",-9.203090456055572,-9.349181804420224,-9.801185800604229,-9.296379180476046,-9.439203586497891,-9.417808165610792,0.2063949833333404,1,-14.17365382380561,-14.55452035548256,-15.106034655514172,-13.84702855062257,-14.439170381400704,-14.424081553365122,0.4190480170735952,44,-0.41407429779522803,-0.38570996064184077,-0.42779456193353477,-0.3901777643868635,-0.4370102471368294,-0.41095336637885926,0.020204862220689006,27,2.148007399577167,-0.1862117771722679,2.515445619335348,0.2041450738174147,1.9719853827606988,1.330674339663672,1.1002734067692757,24,-13.706595550692924,-11.878057299843015,-14.395497881355933,-12.174610038610037,-13.055974137931033,-13.042146981686589,0.9360520160458478,62,9.417808165610792,14.424081553365122,0.41095336637885926,13.042146981686589,1.330674339663672,n200__absolute_error__boostrap_false
253.3983151435852,0.9903285565688625,3.4681450843811037,0.4597817828849063,False,absolute_error,20,1.0,4,8,200,"{'bootstrap': False, 'criterion': 'absolute_error', 'max_depth': 20, 'max_features': 1.0, 'min_samples_leaf': 4, 'min_samples_split': 8, 'n_estimators': 200}",-9.203090456055572,-9.349181804420224,-9.801185800604229,-9.296379180476046,-9.439203586497891,-9.417808165610792,0.2063949833333404,1,-14.17365382380561,-14.55452035548256,-15.106034655514172,-13.84702855062257,-14.439170381400704,-14.424081553365122,0.4190480170735952,44,-0.41407429779522803,-0.38570996064184077,-0.42779456193353477,-0.3901777643868635,-0.4370102471368294,-0.41095336637885926,0.020204862220689006,27,2.148007399577167,-0.1862117771722679,2.515445619335348,0.2041450738174147,1.9719853827606988,1.330674339663672,1.1002734067692757,24,-13.706595550692924,-11.878057299843015,-14.395497881355933,-12.174610038610037,-13.055974137931033,-13.042146981686589,0.9360520160458478,62,9.417808165610792,14.424081553365122,0.41095336637885926,13.042146981686589,1.330674339663672,n200__absolute_error__boostrap_false
338.5046179294586,2.2910235854994516,4.003085327148438,0.11710773984859675,False,absolute_error,22,0.875,1,2,200,"{'bootstrap': False, 'criterion': 'absolute_error', 'max_depth': 22, 'max_features': 0.875, 'min_samples_leaf': 1, 'min_samples_split': 2, 'n_estimators': 200}",-9.344658713379644,-9.500950650923404,-10.021817975830816,-9.560654564627901,-9.592916666666667,-9.604199714285688,0.22558829749557793,80,-14.224264195318437,-14.546201846998756,-15.225594339683466,-13.947519083569922,-14.414025421907532,-14.471520977495624,0.4273695141007939,83,-0.4213228631833283,-0.3932788374205268,-0.43564954682779455,-0.3998192226574269,-0.44454490657022305,-0.4189230753318599,0.01982219055252485,94,2.1475128360012077,-0.13686799878897993,2.5709086102719034,0.13648764688159085,2.03215265220012,1.3500387493131683,1.1203004479703287,20,-13.638200716845878,-11.905144341801387,-14.452817267683772,-12.126908440090428,-13.075247457627118,-13.039663644809716,0.9462316956030343,60,9.604199714285688,14.471520977495624,0.4189230753318599,13.039663644809716,1.3500387493131683,n200__absolute_error__boostrap_false
328.66370034217834,3.2828918733889134,4.104687213897705,0.39119074609349613,False,absolute_error,22,0.875,1,4,200,"{'bootstrap': False, 'criterion': 'absolute_error', 'max_depth': 22, 'max_features': 0.875, 'min_samples_leaf': 1, 'min_samples_split': 4, 'n_estimators': 200}",-9.326088794926005,-9.49066757493188,-10.015367069486404,-9.577008134980417,-9.557158679927667,-9.593258050850475,0.2287564053839945,76,-14.216131797256088,-14.505539799847266,-15.191047501591829,-13.946303245542582,-14.431409379878577,-14.458086344823267,0.4148878142297421,73,-0.41618846270009063,-0.394792612776264,-0.43323262839879156,-0.3980114492316963,-0.44183242917420135,-0.4168115164562088,0.018624509838211182,86,2.1377046209604345,-0.14536330608537645,2.5455075528700903,0.14316661645073792,2.0809169680530437,1.352386490449786,1.120400486361187,18,-13.772358490566036,-11.83571319018405,-14.496685843793582,-12.21092354277063,-13.170237039563435,-13.097183621375546,0.9794456546585527,85,9.593258050850475,14.458086344823267,0.4168115164562088,13.097183621375546,1.352386490449786,n200__absolute_error__boostrap_false
320.2530288696289,1.8951572024000558,3.4778767108917235,0.17279313636193153,False,absolute_error,22,0.875,1,8,200,"{'bootstrap': False, 'criterion': 'absolute_error', 'max_depth': 22, 'max_features': 0.875, 'min_samples_leaf': 1, 'min_samples_split': 8, 'n_estimators': 200}",-9.339030504379341,-9.505260369361187,-10.007887462235649,-9.543648689364266,-9.529581826401445,-9.585081770348378,0.22381880109175203,73,-14.232138613654394,-14.52733558388002,-15.245165194109733,-13.981666988619663,-14.343774761955617,-14.466016228443886,0.42780113954883037,79,-0.4213228631833283,-0.38934302149561006,-0.4362537764350453,-0.3946971979511901,-0.44273658830620854,-0.41687068947427647,0.021512818801431494,87,2.221920869827847,-0.13135028761731826,2.585997734138973,0.2073817414883999,1.983647528631706,1.3735195172939216,1.1123538028359854,16,-13.719824372759856,-12.03811236391913,-14.434127423822712,-12.352545801526718,-13.002346834581349,-13.109391359321952,0.8785745863734558,90,9.585081770348378,14.466016228443886,0.41687068947427647,13.109391359321952,1.3735195172939216,n200__absolute_error__boostrap_false
271.64005093574525,4.235342659732812,4.172900581359864,0.46679936397521987,False,absolute_error,22,0.875,2,2,200,"{'bootstrap': False, 'criterion': 'absolute_error', 'max_depth': 22, 'max_features': 0.875, 'min_samples_leaf': 2, 'min_samples_split': 2, 'n_estimators': 200}",-9.295424343098762,-9.465254314259765,-9.968000755287008,-9.539794365772822,-9.527356841470766,-9.559166123977823,0.2222215139058607,61,-14.18392578158882,-14.539133685141325,-15.159662135518275,-13.93058397442691,-14.325963720216508,-14.427853859378368,0.415953458627491,56,-0.4164904862579281,-0.3896457765667575,-0.43111782477341387,-0.3946971979511901,-0.4376130198915009,-0.4139128610881581,0.019091807432470617,64,2.1337179099969794,-0.22529518619436809,2.482523413897281,0.06477176860500157,1.8168610608800486,1.2545157934369884,1.1137829822320555,40,-13.720772298767223,-11.856870629370633,-14.439816047652418,-12.16700572519084,-12.961472107438016,-13.029187361683828,0.9581682593055253,55,9.559166123977823,14.427853859378368,0.4139128610881581,13.029187361683828,1.2545157934369884,n200__absolute_error__boostrap_false
274.48512959480286,3.2909688145672886,4.429366874694824,0.45393671472420527,False,absolute_error,22,0.875,2,4,200,"{'bootstrap': False, 'criterion': 'absolute_error', 'max_depth': 22, 'max_features': 0.875, 'min_samples_leaf': 2, 'min_samples_split': 4, 'n_estimators': 200}",-9.295424343098762,-9.465254314259765,-9.968000755287008,-9.539794365772822,-9.527356841470766,-9.559166123977823,0.2222215139058607,61,-14.18392578158882,-14.539133685141325,-15.159662135518275,-13.93058397442691,-14.325963720216508,-14.427853859378368,0.415953458627491,56,-0.4164904862579281,-0.3896457765667575,-0.43111782477341387,-0.3946971979511901,-0.4376130198915009,-0.4139128610881581,0.019091807432470617,64,2.1337179099969794,-0.22529518619436809,2.482523413897281,0.06477176860500157,1.8168610608800486,1.2545157934369884,1.1137829822320555,40,-13.720772298767223,-11.856870629370633,-14.439816047652418,-12.16700572519084,-12.961472107438016,-13.029187361683828,0.9581682593055253,55,9.559166123977823,14.427853859378368,0.4139128610881581,13.029187361683828,1.2545157934369884,n200__absolute_error__boostrap_false
276.2304296016693,1.9528974468786986,4.658464956283569,0.4964639075682153,False,absolute_error,22,0.875,2,8,200,"{'bootstrap': False, 'criterion': 'absolute_error', 'max_depth': 22, 'max_features': 0.875, 'min_samples_leaf': 2, 'min_samples_split': 8, 'n_estimators': 200}",-9.24128209000302,-9.452846654556463,-9.917593655589124,-9.440122024706236,-9.5184388185654,-9.514056648684049,0.22202714753932487,35,-14.160875910680332,-14.538923943946141,-15.152965819498446,-13.844660734065242,-14.41344377687693,-14.422174037013416,0.43578933292722716,40,-0.4173965569314407,-0.38086587950348166,-0.42779456193353477,-0.388671286532088,-0.4403254972875226,-0.41101075643761353,0.022757829980044428,30,2.2349864089398976,-0.2377603693611863,2.4761253776435046,0.017380235010545055,1.9498312236286917,1.2881125751722906,1.1566213700962342,36,-13.747440303907382,-12.097547694753578,-14.485596751412428,-12.166453488372094,-13.022491444216291,-13.103905936532353,0.9188480084141838,86,9.514056648684049,14.422174037013416,0.41101075643761353,13.103905936532353,1.2881125751722906,n200__absolute_error__boostrap_false
257.0255669116974,1.4404300274465163,4.182504510879516,0.16703027020656905,False,absolute_error,22,0.875,3,2,200,"{'bootstrap': False, 'criterion': 'absolute_error', 'max_depth': 22, 'max_features': 0.875, 'min_samples_leaf': 3, 'min_samples_split': 2, 'n_estimators': 200}",-9.238528390214437,-9.470690281562216,-9.923100453172205,-9.489880988249473,-9.51880198915009,-9.528200420469684,0.22123292992443674,49,-14.137499856999456,-14.568468202196188,-15.123666028225701,-13.914510352926737,-14.402760613939304,-14.429381010857478,0.4128854514375846,58,-0.4210208396254908,-0.3908567968513473,-0.4280966767371601,-0.39138294667068396,-0.43640747438215793,-0.413552946853368,0.018953854821472514,60,2.1621919359710056,-0.2314865273993346,2.470570241691843,0.07974088580897856,1.9064330922242314,1.2774899256593448,1.1236832732287503,37,-13.539377690100432,-11.819167312161115,-14.475317572335921,-12.225394534257122,-13.090100138121548,-13.029871449395227,0.9450424555006453,57,9.528200420469684,14.429381010857478,0.413552946853368,13.029871449395227,1.2774899256593448,n200__absolute_error__boostrap_false
260.30451641082766,3.1931674790491735,4.946366214752198,0.4990504641620437,False,absolute_error,22,0.875,3,4,200,"{'bootstrap': False, 'criterion': 'absolute_error', 'max_depth': 22, 'max_features': 0.875, 'min_samples_leaf': 3, 'min_samples_split': 4, 'n_estimators': 200}",-9.238528390214437,-9.470690281562216,-9.923100453172205,-9.489880988249473,-9.51880198915009,-9.528200420469684,0.22123292992443674,49,-14.137499856999456,-14.568468202196188,-15.123666028225701,-13.914510352926737,-14.402760613939304,-14.429381010857478,0.4128854514375846,58,-0.4210208396254908,-0.3908567968513473,-0.4280966767371601,-0.39138294667068396,-0.43640747438215793,-0.413552946853368,0.018953854821472514,60,2.1621919359710056,-0.2314865273993346,2.470570241691843,0.07974088580897856,1.9064330922242314,1.2774899256593448,1.1236832732287503,37,-13.539377690100432,-11.819167312161115,-14.475317572335921,-12.225394534257122,-13.090100138121548,-13.029871449395227,0.9450424555006453,57,9.528200420469684,14.429381010857478,0.413552946853368,13.029871449395227,1.2774899256593448,n200__absolute_error__boostrap_false
247.76180176734925,2.527415003941784,4.008127450942993,0.6200796477456157,False,absolute_error,22,0.875,3,8,200,"{'bootstrap': False, 'criterion': 'absolute_error', 'max_depth': 22, 'max_features': 0.875, 'min_samples_leaf': 3, 'min_samples_split': 8, 'n_estimators': 200}",-9.23933101781939,-9.392409173478656,-9.941706193353474,-9.466429647484183,-9.520759493670885,-9.512127105161317,0.23471304063344095,34,-14.152152479043378,-14.485536736220936,-15.187681541378902,-13.915593949779618,-14.439568802978272,-14.43610670188022,0.42869186592997655,63,-0.41407429779522803,-0.3869209809264305,-0.4308157099697885,-0.39198553781259415,-0.4394213381555154,-0.41264357293191134,0.020677177771638595,43,2.151011778918756,-0.16353239479261306,2.5287379154078553,0.10947423922868314,2.0064406268836663,1.3264264331292694,1.1215046275213438,27,-13.753984318016048,-11.926048513302035,-14.473061009817672,-12.214613758647195,-13.116340877914952,-13.096809695539582,0.9460738923010115,84,9.512127105161317,14.43610670188022,0.41264357293191134,13.096809695539582,1.3264264331292694,n200__absolute_error__boostrap_false
230.31159915924073,1.1481365739690585,3.4894412040710447,0.24852491324279874,False,absolute_error,22,0.875,4,2,200,"{'bootstrap': False, 'criterion': 'absolute_error', 'max_depth': 22, 'max_features': 0.875, 'min_samples_leaf': 4, 'min_samples_split': 2, 'n_estimators': 200}",-9.247230443974631,-9.399954586739328,-9.893810422960724,-9.407874359746913,-9.462049427365884,-9.482183848157495,0.21786623677072503,20,-14.177902316925287,-14.488534495886054,-15.127985969081944,-13.919559568225047,-14.370683247464093,-14.416933119516486,0.4043211932980233,35,-0.41709453337360314,-0.38934302149561006,-0.4308157099697885,-0.38987646881590843,-0.4385171790235081,-0.41312938253568365,0.020393909766246675,53,2.1770658411356085,-0.2137632455343631,2.484388972809668,0.040965652304911296,1.96798975286317,1.291329394715799,1.1396931862354014,33,-13.695092324402607,-11.797041213063762,-14.366002805049087,-12.11773570324575,-13.032601374570447,-13.001694684066331,0.9566259065165681,38,9.482183848157495,14.416933119516486,0.41312938253568365,13.001694684066331,1.291329394715799,n200__absolute_error__boostrap_false
225.58386449813844,3.060932883669613,4.131101799011231,0.1705425268329949,False,absolute_error,22,0.875,4,4,200,"{'bootstrap': False, 'criterion': 'absolute_error', 'max_depth': 22, 'max_features': 0.875, 'min_samples_leaf': 4, 'min_samples_split': 4, 'n_estimators': 200}",-9.247230443974631,-9.399954586739328,-9.893810422960724,-9.407874359746913,-9.462049427365884,-9.482183848157495,0.21786623677072503,20,-14.177902316925287,-14.488534495886054,-15.127985969081944,-13.919559568225047,-14.370683247464093,-14.416933119516486,0.4043211932980233,35,-0.41709453337360314,-0.38934302149561006,-0.4308157099697885,-0.38987646881590843,-0.4385171790235081,-0.41312938253568365,0.020393909766246675,53,2.1770658411356085,-0.2137632455343631,2.484388972809668,0.040965652304911296,1.96798975286317,1.291329394715799,1.1396931862354014,33,-13.695092324402607,-11.797041213063762,-14.366002805049087,-12.11773570324575,-13.032601374570447,-13.001694684066331,0.9566259065165681,38,9.482183848157495,14.416933119516486,0.41312938253568365,13.001694684066331,1.291329394715799,n200__absolute_error__boostrap_false
224.1285481452942,3.6269137897306964,4.322081661224365,0.16980040319045972,False,absolute_error,22,0.875,4,8,200,"{'bootstrap': False, 'criterion': 'absolute_error', 'max_depth': 22, 'max_features': 0.875, 'min_samples_leaf': 4, 'min_samples_split': 8, 'n_estimators': 200}",-9.247230443974631,-9.399954586739328,-9.893810422960724,-9.407874359746913,-9.462049427365884,-9.482183848157495,0.21786623677072503,20,-14.177902316925287,-14.488534495886054,-15.127985969081944,-13.919559568225047,-14.370683247464093,-14.416933119516486,0.4043211932980233,35,-0.41709453337360314,-0.38934302149561006,-0.4308157099697885,-0.38987646881590843,-0.4385171790235081,-0.41312938253568365,0.020393909766246675,53,2.1770658411356085,-0.2137632455343631,2.484388972809668,0.040965652304911296,1.96798975286317,1.291329394715799,1.1396931862354014,33,-13.695092324402607,-11.797041213063762,-14.366002805049087,-12.11773570324575,-13.032601374570447,-13.001694684066331,0.9566259065165681,38,9.482183848157495,14.416933119516486,0.41312938253568365,13.001694684066331,1.291329394715799,n200__absolute_error__boostrap_false
391.01215262413024,2.5322483453095357,3.9004806518554687,0.2770240612436451,False,absolute_error,22,1.0,1,2,200,"{'bootstrap': False, 'criterion': 'absolute_error', 'max_depth': 22, 'max_features': 1.0, 'min_samples_leaf': 1, 'min_samples_split': 2, 'n_estimators': 200}",-9.245459075807913,-9.470455646382078,-9.993211480362538,-9.57953600482073,-9.578086196503918,-9.573349680775436,0.2426701741371069,67,-14.11367518806691,-14.620261706197503,-15.215411503366163,-14.008216395451697,-14.421724345705899,-14.475857827757633,0.42908911121026955,87,-0.41618846270009063,-0.39509536784741145,-0.43051359516616317,-0.3974088580897861,-0.44002411091018684,-0.4158460789427276,0.0177220405843286,80,2.097627604953186,-0.05919921283681497,2.477512084592145,0.11488098824947258,1.8516244725738396,1.2964891875063658,1.056305070275931,32,-13.627343976777938,-11.910107279693486,-14.483542105263158,-12.197031842304776,-12.987595890410958,-13.041124218890065,0.9400829221271817,61,9.573349680775436,14.475857827757633,0.4158460789427276,13.041124218890065,1.2964891875063658,n200__absolute_error__boostrap_false
381.29580483436587,4.391914352407322,3.7978416442871095,0.05003944705288597,False,absolute_error,22,1.0,1,4,200,"{'bootstrap': False, 'criterion': 'absolute_error', 'max_depth': 22, 'max_features': 1.0, 'min_samples_leaf': 1, 'min_samples_split': 4, 'n_estimators': 200}",-9.29769254001812,-9.513651983045715,-10.038950906344413,-9.580335944561616,-9.54909960819771,-9.595946196433516,0.24265985944047136,79,-14.155896959544311,-14.651235602095298,-15.253187640143388,-14.009330183073242,-14.408021451817831,-14.495534367334816,0.4376500758025475,95,-0.4180006040471157,-0.392067817135937,-0.43444108761329303,-0.40102440494124736,-0.4403254972875226,-0.41717188220502316,0.018579328468436056,89,2.159032014497131,-0.09144792612776258,2.5352197885196373,0.15329617354624914,1.9529709162145872,1.3418141933299685,1.0892556915814908,21,-13.70419617052023,-12.01603861003861,-14.471663769123783,-12.135959804658151,-13.0608726899384,-13.077746208855833,0.9327288021125076,82,9.595946196433516,14.495534367334816,0.41717188220502316,13.077746208855833,1.3418141933299685,n200__absolute_error__boostrap_false
368.95759825706483,2.4947216280044926,4.356052494049072,0.29865144845706726,False,absolute_error,22,1.0,1,8,200,"{'bootstrap': False, 'criterion': 'absolute_error', 'max_depth': 22, 'max_features': 1.0, 'min_samples_leaf': 1, 'min_samples_split': 8, 'n_estimators': 200}",-9.29971081244337,-9.48359748713291,-9.978184290030212,-9.476277493220849,-9.540157474382159,-9.5555855114419,0.2261732305015341,60,-14.213072984250015,-14.622380982195757,-15.161414805762249,-13.91599841025765,-14.396639883775427,-14.461901413248219,0.41934649666762164,76,-0.4213228631833283,-0.39176506206478956,-0.43051359516616317,-0.3974088580897861,-0.4394213381555154,-0.41608634333191646,0.0185497272028733,81,2.2233094231350043,-0.10241674235543481,2.4872703927492448,0.21956764085567954,1.93001130198915,1.351548403274729,1.0751600931495762,19,-13.674810035842293,-11.972967542503863,-14.477422807017543,-12.1988286580743,-13.051447187928668,-13.075095246273332,0.9283607333492903,78,9.5555855114419,14.461901413248219,0.41608634333191646,13.075095246273332,1.351548403274729,n200__absolute_error__boostrap_false
315.1628955841064,1.8544864971667234,4.038053178787232,0.4531945396327025,False,absolute_error,22,1.0,2,2,200,"{'bootstrap': False, 'criterion': 'absolute_error', 'max_depth': 22, 'max_features': 1.0, 'min_samples_leaf': 2, 'min_samples_split': 2, 'n_estimators': 200}",-9.245398671096345,-9.476375264910688,-9.912892749244714,-9.486654112684544,-9.515288577456298,-9.527321875078517,0.2156570500522758,47,-14.105897304085188,-14.63225880869944,-15.077583154353189,-13.924529146983764,-14.391710103171066,-14.42639570345853,0.40551623140834436,50,-0.41618846270009063,-0.38994853163790494,-0.43111782477341387,-0.39198553781259415,-0.4394213381555154,-0.4137323390159038,0.02003399706170287,62,2.0754832376925405,-0.1874863760217978,2.3390347432024168,0.04531334739379317,1.813650542495479,1.2171990989524863,1.067462289576259,56,-13.60066763425254,-11.910403726708076,-14.209488437281008,-12.158570330514987,-12.890747599451302,-12.953975545641583,0.862581317818443,16,9.527321875078517,14.42639570345853,0.4137323390159038,12.953975545641583,1.2171990989524863,n200__absolute_error__boostrap_false
315.7526392459869,1.9677551489873808,3.7058220863342286,0.09411702521607246,False,absolute_error,22,1.0,2,4,200,"{'bootstrap': False, 'criterion': 'absolute_error', 'max_depth': 22, 'max_features': 1.0, 'min_samples_leaf': 2, 'min_samples_split': 4, 'n_estimators': 200}",-9.245398671096345,-9.476375264910688,-9.912892749244714,-9.486654112684544,-9.515288577456298,-9.527321875078517,0.2156570500522758,47,-14.105897304085188,-14.63225880869944,-15.077583154353189,-13.924529146983764,-14.391710103171066,-14.42639570345853,0.40551623140834436,50,-0.41618846270009063,-0.38994853163790494,-0.43111782477341387,-0.39198553781259415,-0.4394213381555154,-0.4137323390159038,0.02003399706170287,62,2.0754832376925405,-0.1874863760217978,2.3390347432024168,0.04531334739379317,1.813650542495479,1.2171990989524863,1.067462289576259,56,-13.60066763425254,-11.910403726708076,-14.209488437281008,-12.158570330514987,-12.890747599451302,-12.953975545641583,0.862581317818443,16,9.527321875078517,14.42639570345853,0.4137323390159038,12.953975545641583,1.2171990989524863,n200__absolute_error__boostrap_false
307.5166178226471,3.898119014603582,4.1500715732574465,0.360536588617122,False,absolute_error,22,1.0,2,8,200,"{'bootstrap': False, 'criterion': 'absolute_error', 'max_depth': 22, 'max_features': 1.0, 'min_samples_leaf': 2, 'min_samples_split': 8, 'n_estimators': 200}",-9.130006040471155,-9.45345140781108,-9.880611782477342,-9.445828562820125,-9.517774261603375,-9.485534411036616,0.23922033071817803,24,-14.011240374949281,-14.647740919216247,-15.06877605919623,-13.876749937691928,-14.419256596028024,-14.404752777416343,0.4321618970265349,27,-0.4137722742373905,-0.3884347562821677,-0.4323262839879154,-0.3937933112383248,-0.4349005424954792,-0.41264543364825557,0.019107354225486036,46,1.9681214134702503,-0.15923554344535212,2.448797583081571,0.03999548056643571,1.8352305605786619,1.2265818988503132,1.0716923565439873,52,-13.410912408759124,-11.963676929072486,-14.259379804332635,-12.044166029074214,-13.05241510741511,-12.946110055730713,0.8637936442882785,12,9.485534411036616,14.404752777416343,0.41264543364825557,12.946110055730713,1.2265818988503132,n200__absolute_error__boostrap_false
277.6529451847076,1.6971874689094975,4.147357988357544,0.33465284190736533,False,absolute_error,22,1.0,3,2,200,"{'bootstrap': False, 'criterion': 'absolute_error', 'max_depth': 22, 'max_features': 1.0, 'min_samples_leaf': 3, 'min_samples_split': 2, 'n_estimators': 200}",-9.235898520084566,-9.428107780805327,-9.904753021148036,-9.468269056944862,-9.536695298372514,-9.514744735471062,0.21909333743953868,36,-14.117909771548257,-14.60609445135348,-15.157430020310809,-13.937823204185648,-14.416490364183117,-14.44714956231626,0.423913663875492,66,-0.41165810933252794,-0.3890402664244626,-0.42930513595166164,-0.38806869539017774,-0.43007836045810727,-0.40963011351138745,0.018429251925840457,13,2.0331017819389916,-0.21488041174689732,2.4440626888217527,0.04123531184091598,1.828535262206148,1.2264109266121823,1.0934296159764287,53,-13.687329420396184,-11.84096887159533,-14.382329345531316,-12.252346661490682,-13.212976524176593,-13.075190164638022,0.927651445146635,79,9.514744735471062,14.44714956231626,0.40963011351138745,13.075190164638022,1.2264109266121823,n200__absolute_error__boostrap_false
279.51366729736327,1.6889326177786703,3.9574302196502686,0.12836928975971565,False,absolute_error,22,1.0,3,4,200,"{'bootstrap': False, 'criterion': 'absolute_error', 'max_depth': 22, 'max_features': 1.0, 'min_samples_leaf': 3, 'min_samples_split': 4, 'n_estimators': 200}",-9.235898520084566,-9.428107780805327,-9.904753021148036,-9.468269056944862,-9.536695298372514,-9.514744735471062,0.21909333743953868,36,-14.117909771548257,-14.60609445135348,-15.157430020310809,-13.937823204185648,-14.416490364183117,-14.44714956231626,0.423913663875492,66,-0.41165810933252794,-0.3890402664244626,-0.42930513595166164,-0.38806869539017774,-0.43007836045810727,-0.40963011351138745,0.018429251925840457,13,2.0331017819389916,-0.21488041174689732,2.4440626888217527,0.04123531184091598,1.828535262206148,1.2264109266121823,1.0934296159764287,53,-13.687329420396184,-11.84096887159533,-14.382329345531316,-12.252346661490682,-13.212976524176593,-13.075190164638022,0.927651445146635,79,9.514744735471062,14.44714956231626,0.40963011351138745,13.075190164638022,1.2264109266121823,n200__absolute_error__boostrap_false
277.068644285202,2.414615023711513,3.7964502334594727,0.41095588155954643,False,absolute_error,22,1.0,3,8,200,"{'bootstrap': False, 'criterion': 'absolute_error', 'max_depth': 22, 'max_features': 1.0, 'min_samples_leaf': 3, 'min_samples_split': 8, 'n_estimators': 200}",-9.242747659317425,-9.438340902210111,-9.886777190332326,-9.388729285929497,-9.46020946353225,-9.483360900264321,0.21547963546023416,23,-14.110487574268474,-14.601240084596343,-15.120633726656262,-13.853030978407451,-14.328397001852874,-14.40275787315628,0.43540603002246636,26,-0.41467834491090305,-0.3875264910687254,-0.4299093655589124,-0.3883699909611329,-0.4358047016274864,-0.411257778825432,0.02024429910362128,33,2.013256569012383,-0.2257992733878294,2.4490672205438067,0.1027576077131667,1.8175889089813135,1.2313742065725681,1.0802679260451877,49,-13.571970138383103,-11.886337890625,-14.347029163738583,-12.219645073700542,-12.93905082987552,-12.992806619264547,0.8937886315822655,37,9.483360900264321,14.40275787315628,0.411257778825432,12.992806619264547,1.2313742065725681,n200__absolute_error__boostrap_false
260.4621262073517,2.8774165955871016,4.432228088378906,0.1991269869524089,False,absolute_error,22,1.0,4,2,200,"{'bootstrap': False, 'criterion': 'absolute_error', 'max_depth': 22, 'max_features': 1.0, 'min_samples_leaf': 4, 'min_samples_split': 2, 'n_estimators': 200}",-9.217410147991544,-9.440217983651227,-9.816229607250756,-9.391092196444713,-9.479876431585291,-9.468965273384708,0.19538790896030495,11,-14.139616010092572,-14.652056410809593,-15.046877179500898,-13.916702040901772,-14.413586339714104,-14.433767596203788,0.3944217526754304,60,-0.41316822712171547,-0.3887375113533152,-0.4241691842900302,-0.38776739981922265,-0.4309825195901145,-0.4089649684348796,0.017844299131284904,7,2.0748338870431895,-0.22318649712382668,2.3960045317220544,0.09564477252184411,1.8270403857745632,1.2340674159875646,1.0796479190092174,46,-13.665431286549708,-11.855083722741432,-14.395475427350428,-12.232509712509712,-13.117604895104895,-13.053221008851233,0.9262498174054904,65,9.468965273384708,14.433767596203788,0.4089649684348796,13.053221008851233,1.2340674159875646,n200__absolute_error__boostrap_false
261.5749208450317,1.601358944882612,3.994289922714233,0.19667368090951898,False,absolute_error,22,1.0,4,4,200,"{'bootstrap': False, 'criterion': 'absolute_error', 'max_depth': 22, 'max_features': 1.0, 'min_samples_leaf': 4, 'min_samples_split': 4, 'n_estimators': 200}",-9.217410147991544,-9.440217983651227,-9.816229607250756,-9.391092196444713,-9.479876431585291,-9.468965273384708,0.19538790896030495,11,-14.139616010092572,-14.652056410809593,-15.046877179500898,-13.916702040901772,-14.413586339714104,-14.433767596203788,0.3944217526754304,60,-0.41316822712171547,-0.3887375113533152,-0.4241691842900302,-0.38776739981922265,-0.4309825195901145,-0.4089649684348796,0.017844299131284904,7,2.0748338870431895,-0.22318649712382668,2.3960045317220544,0.09564477252184411,1.8270403857745632,1.2340674159875646,1.0796479190092174,46,-13.665431286549708,-11.855083722741432,-14.395475427350428,-12.232509712509712,-13.117604895104895,-13.053221008851233,0.9262498174054904,65,9.468965273384708,14.433767596203788,0.4089649684348796,13.053221008851233,1.2340674159875646,n200__absolute_error__boostrap_false
260.3067930221558,2.57953295926821,4.216522216796875,0.2023536978732046,False,absolute_error,22,1.0,4,8,200,"{'bootstrap': False, 'criterion': 'absolute_error', 'max_depth': 22, 'max_features': 1.0, 'min_samples_leaf': 4, 'min_samples_split': 8, 'n_estimators': 200}",-9.217410147991544,-9.440217983651227,-9.816229607250756,-9.391092196444713,-9.479876431585291,-9.468965273384708,0.19538790896030495,11,-14.139616010092572,-14.652056410809593,-15.046877179500898,-13.916702040901772,-14.413586339714104,-14.433767596203788,0.3944217526754304,60,-0.41316822712171547,-0.3887375113533152,-0.4241691842900302,-0.38776739981922265,-0.4309825195901145,-0.4089649684348796,0.017844299131284904,7,2.0748338870431895,-0.22318649712382668,2.3960045317220544,0.09564477252184411,1.8270403857745632,1.2340674159875646,1.0796479190092174,46,-13.665431286549708,-11.855083722741432,-14.395475427350428,-12.232509712509712,-13.117604895104895,-13.053221008851233,0.9262498174054904,65,9.468965273384708,14.433767596203788,0.4089649684348796,13.053221008851233,1.2340674159875646,n200__absolute_error__boostrap_false
353.8332935810089,2.773261973700782,4.42068395614624,0.6013954571877158,False,absolute_error,24,0.875,1,2,200,"{'bootstrap': False, 'criterion': 'absolute_error', 'max_depth': 24, 'max_features': 0.875, 'min_samples_leaf': 1, 'min_samples_split': 2, 'n_estimators': 200}",-9.30552929628511,-9.529308204662428,-10.133188066465257,-9.696639047905997,-9.594162145871007,-9.651765352237959,0.27275438297294496,91,-14.100334652522363,-14.515775353357576,-15.274605511158894,-14.04122332247207,-14.36706692505759,-14.459801152913698,0.44273297943288087,74,-0.42011476895197825,-0.3932788374205268,-0.43172205438066463,-0.39650497137692076,-0.44002411091018684,-0.4163289486080555,0.018638876342448995,83,2.0126449713077617,-0.23972146533454414,2.5140823262839884,-0.0229542030732146,1.8756027727546716,1.2279308803877327,1.1320916505619896,51,-13.4703360891445,-11.810433025404159,-14.647468509447165,-12.198693009118541,-13.033109589041096,-13.032008044431091,0.9988498062673252,59,9.651765352237959,14.459801152913698,0.4163289486080555,13.032008044431091,1.2279308803877327,n200__absolute_error__boostrap_false
344.46161875724795,1.22210260478972,3.5801530838012696,0.309644577295328,False,absolute_error,24,0.875,1,4,200,"{'bootstrap': False, 'criterion': 'absolute_error', 'max_depth': 24, 'max_features': 0.875, 'min_samples_leaf': 1, 'min_samples_split': 4, 'n_estimators': 200}",-9.334340078526125,-9.580779594308204,-10.073472054380664,-9.623263031033444,-9.613010849909584,-9.644973121631605,0.2390472533344345,88,-14.167625781501192,-14.540906278639513,-15.196060534386143,-13.958900825196265,-14.378541080742817,-14.448406900093186,0.4221084122675557,68,-0.4204167925098158,-0.39176506206478956,-0.43444108761329303,-0.3977101536607412,-0.4430379746835443,-0.41747421410643676,0.02000808837996779,91,2.070492298399275,-0.23959430820466218,2.426189577039275,-0.030173244953298838,1.8669575045207956,1.218774365360277,1.1216171926365606,55,-13.563721264367816,-11.921922333848531,-14.385910987482614,-12.060403409090911,-12.955964285714288,-12.977584456100832,0.9255323871285366,25,9.644973121631605,14.448406900093186,0.41747421410643676,12.977584456100832,1.218774365360277,n200__absolute_error__boostrap_false
335.7662724018097,2.20413083486988,4.025416898727417,0.022720350475916487,False,absolute_error,24,0.875,1,8,200,"{'bootstrap': False, 'criterion': 'absolute_error', 'max_depth': 24, 'max_features': 0.875, 'min_samples_leaf': 1, 'min_samples_split': 8, 'n_estimators': 200}",-9.388073089700997,-9.541824099303664,-10.088380664652567,-9.568983127448027,-9.550076100060277,-9.627467416233108,0.23937220880155555,86,-14.229712014280638,-14.585666661524114,-15.251432045089466,-13.933893874328689,-14.346867209683568,-14.469514360981297,0.4436943579918588,81,-0.4189066747206282,-0.38994853163790494,-0.4335347432024169,-0.3952997890931003,-0.44153104279686556,-0.4158441562901832,0.020370598530743012,79,2.120779220779221,-0.14919013018468047,2.562326283987915,0.05832178366977997,1.9608823086196505,1.3106238933743772,1.1265224447952789,30,-13.736773612112472,-12.043427795031054,-14.590188153310105,-12.177219893292683,-13.035276450511946,-13.116577180851653,0.9588351723033158,91,9.627467416233108,14.469514360981297,0.4158441562901832,13.116577180851653,1.3106238933743772,n200__absolute_error__boostrap_false
278.92561926841734,4.906018432477462,4.26374306678772,0.43192124592667447,False,absolute_error,24,0.875,2,2,200,"{'bootstrap': False, 'criterion': 'absolute_error', 'max_depth': 24, 'max_features': 0.875, 'min_samples_leaf': 2, 'min_samples_split': 2, 'n_estimators': 200}",-9.314823316218666,-9.544012261580383,-9.952949395770393,-9.565739680626695,-9.591427817962629,-9.593790494431753,0.2049820020352909,77,-14.112265772433677,-14.541169288030789,-15.053567257659934,-13.90136511742282,-14.357814483702516,-14.393236383849947,0.3949829224845933,14,-0.4186046511627907,-0.3887375113533152,-0.42749244712990936,-0.3928894245254595,-0.4358047016274864,-0.41270574715979225,0.018730553821851174,48,2.0186801570522497,-0.32144035725098413,2.342636706948641,-0.07451190117505248,1.767765973477999,1.1466261158105706,1.1156282116904777,73,-13.53724025974026,-11.862209890965731,-14.381056537102474,-12.078751917177915,-13.03243603042877,-12.97833892708303,0.9314413243301205,26,9.593790494431753,14.393236383849947,0.41270574715979225,12.97833892708303,1.1466261158105706,n200__absolute_error__boostrap_false
282.35196018218994,3.1641977971669637,3.69858775138855,0.25434739939861717,False,absolute_error,24,0.875,2,4,200,"{'bootstrap': False, 'criterion': 'absolute_error', 'max_depth': 24, 'max_features': 0.875, 'min_samples_leaf': 2, 'min_samples_split': 4, 'n_estimators': 200}",-9.314823316218666,-9.544012261580383,-9.952949395770393,-9.565739680626695,-9.591427817962629,-9.593790494431753,0.2049820020352909,77,-14.112265772433677,-14.541169288030789,-15.053567257659934,-13.90136511742282,-14.357814483702516,-14.393236383849947,0.3949829224845933,14,-0.4186046511627907,-0.3887375113533152,-0.42749244712990936,-0.3928894245254595,-0.4358047016274864,-0.41270574715979225,0.018730553821851174,48,2.0186801570522497,-0.32144035725098413,2.342636706948641,-0.07451190117505248,1.767765973477999,1.1466261158105706,1.1156282116904777,73,-13.53724025974026,-11.862209890965731,-14.381056537102474,-12.078751917177915,-13.03243603042877,-12.97833892708303,0.9314413243301205,26,9.593790494431753,14.393236383849947,0.41270574715979225,12.97833892708303,1.1466261158105706,n200__absolute_error__boostrap_false
278.35901565551757,4.035866080096211,3.5764866352081297,0.5624374399037892,False,absolute_error,24,0.875,2,8,200,"{'bootstrap': False, 'criterion': 'absolute_error', 'max_depth': 24, 'max_features': 0.875, 'min_samples_leaf': 2, 'min_samples_split': 8, 'n_estimators': 200}",-9.23391347025068,-9.405001513775357,-9.94001586102719,-9.46877146730943,-9.544906570223025,-9.518521776517137,0.23440019280322966,39,-14.079199360149996,-14.462433911386949,-15.124541855374323,-13.861665837435142,-14.401098890634564,-14.385787970996194,0.429084353784083,5,-0.4152823920265781,-0.3890402664244626,-0.42779456193353477,-0.39168424224163906,-0.4397227245328511,-0.41270483743181313,0.019830215025270864,47,2.0676449713077627,-0.2142612776264002,2.408256042296072,0.008494275384151612,1.8838652802893305,1.2307998583301833,1.1041231705191064,50,-13.607076363636367,-11.812068093385214,-14.432478813559321,-12.098094230769231,-12.995430089102122,-12.989029518090451,0.9638021187594925,34,9.518521776517137,14.385787970996194,0.41270483743181313,12.989029518090451,1.2307998583301833,n200__absolute_error__boostrap_false
248.76617498397826,1.6398428122597057,4.4494575500488285,0.35740054187315856,False,absolute_error,24,0.875,3,2,200,"{'bootstrap': False, 'criterion': 'absolute_error', 'max_depth': 24, 'max_features': 0.875, 'min_samples_leaf': 3, 'min_samples_split': 2, 'n_estimators': 200}",-9.290728631833284,-9.471124735089314,-9.974683534743201,-9.46822988852064,-9.565203435804701,-9.553994045198229,0.22831416427989706,58,-14.131450479654942,-14.540302499324904,-15.121277052917943,-13.865785144465917,-14.4112791900933,-14.4140188732914,0.42345585631114563,31,-0.4158864391422531,-0.3905540417801998,-0.429607250755287,-0.39228683338354925,-0.43670886075949367,-0.41300868516415656,0.01886318277284856,51,2.062098308668077,-0.3121949742658196,2.4263859516616315,-0.007497740283217765,1.8253465943339362,1.1988276280229215,1.1298736141701897,60,-13.648950617283953,-11.72556007751938,-14.433030942334737,-12.058437019969277,-13.041354382332644,-12.981466607887999,0.9985434691149887,31,9.553994045198229,14.4140188732914,0.41300868516415656,12.981466607887999,1.1988276280229215,n200__absolute_error__boostrap_false
249.0468304157257,2.095358945388528,3.801387977600098,0.5204617659581063,False,absolute_error,24,0.875,3,4,200,"{'bootstrap': False, 'criterion': 'absolute_error', 'max_depth': 24, 'max_features': 0.875, 'min_samples_leaf': 3, 'min_samples_split': 4, 'n_estimators': 200}",-9.290728631833284,-9.471124735089314,-9.974683534743201,-9.46822988852064,-9.565203435804701,-9.553994045198229,0.22831416427989706,58,-14.131450479654942,-14.540302499324904,-15.121277052917943,-13.865785144465917,-14.4112791900933,-14.4140188732914,0.42345585631114563,31,-0.4158864391422531,-0.3905540417801998,-0.429607250755287,-0.39228683338354925,-0.43670886075949367,-0.41300868516415656,0.01886318277284856,51,2.062098308668077,-0.3121949742658196,2.4263859516616315,-0.007497740283217765,1.8253465943339362,1.1988276280229215,1.1298736141701897,60,-13.648950617283953,-11.72556007751938,-14.433030942334737,-12.058437019969277,-13.041354382332644,-12.981466607887999,0.9985434691149887,31,9.553994045198229,14.4140188732914,0.41300868516415656,12.981466607887999,1.1988276280229215,n200__absolute_error__boostrap_false
249.96011786460878,2.4823287647339094,3.5763111114501953,0.38291974734240014,False,absolute_error,24,0.875,3,8,200,"{'bootstrap': False, 'criterion': 'absolute_error', 'max_depth': 24, 'max_features': 0.875, 'min_samples_leaf': 3, 'min_samples_split': 8, 'n_estimators': 200}",-9.286334944125642,-9.459056917953376,-9.965698640483383,-9.498427990358541,-9.539813140446052,-9.5498663266734,0.22510380738865346,57,-14.146738643649872,-14.540512717813002,-15.184251358134986,-13.903668541555962,-14.357778479781356,-14.426589948187035,0.43440252713626926,52,-0.41618846270009063,-0.387223735997578,-0.427190332326284,-0.3910816510997288,-0.4355033152501507,-0.41143749947476643,0.019238262853738714,34,2.0409015403201454,-0.2191855888586132,2.4576487915407856,-0.002960982223561686,1.8964345991561178,1.2345676719869747,1.1161581675481107,45,-13.608301886792452,-11.930920641125878,-14.54076379066478,-12.140005778120186,-13.129920415224914,-13.069982502385642,0.9611343862777735,77,9.5498663266734,14.426589948187035,0.41143749947476643,13.069982502385642,1.2345676719869747,n200__absolute_error__boostrap_false
228.984503698349,2.5862955004431276,4.051580095291138,0.685423260042032,False,absolute_error,24,0.875,4,2,200,"{'bootstrap': False, 'criterion': 'absolute_error', 'max_depth': 24, 'max_features': 0.875, 'min_samples_leaf': 4, 'min_samples_split': 2, 'n_estimators': 200}",-9.27351253397765,-9.431345746291251,-9.891962990936555,-9.38957893943959,-9.424126732971668,-9.482105388723344,0.21259983197669075,17,-14.166534134497114,-14.50478134939104,-15.081128401713105,-13.831917956100865,-14.320682389940337,-14.381008846328493,0.4139146079646837,2,-0.41709453337360314,-0.3869209809264305,-0.427190332326284,-0.38746610424826755,-0.43520192887281495,-0.41077477594948003,0.02009175621231924,24,2.151196013289037,-0.251674235543445,2.4251699395770396,0.06987420909912614,1.8273982820976487,1.2443928417038814,1.111227484212525,42,-13.695586531498913,-11.862462832550861,-14.416446251768035,-12.206813763608087,-12.926786703601108,-13.021619216605401,0.9398211589463834,50,9.482105388723344,14.381008846328493,0.41077477594948003,13.021619216605401,1.2443928417038814,n200__absolute_error__boostrap_false
226.69204301834105,2.099760103641878,4.191448831558228,0.48039869809036223,False,absolute_error,24,0.875,4,4,200,"{'bootstrap': False, 'criterion': 'absolute_error', 'max_depth': 24, 'max_features': 0.875, 'min_samples_leaf': 4, 'min_samples_split': 4, 'n_estimators': 200}",-9.27351253397765,-9.431345746291251,-9.891962990936555,-9.38957893943959,-9.424126732971668,-9.482105388723344,0.21259983197669075,17,-14.166534134497114,-14.50478134939104,-15.081128401713105,-13.831917956100865,-14.320682389940337,-14.381008846328493,0.4139146079646837,2,-0.41709453337360314,-0.3869209809264305,-0.427190332326284,-0.38746610424826755,-0.43520192887281495,-0.41077477594948003,0.02009175621231924,24,2.151196013289037,-0.251674235543445,2.4251699395770396,0.06987420909912614,1.8273982820976487,1.2443928417038814,1.111227484212525,42,-13.695586531498913,-11.862462832550861,-14.416446251768035,-12.206813763608087,-12.926786703601108,-13.021619216605401,0.9398211589463834,50,9.482105388723344,14.381008846328493,0.41077477594948003,13.021619216605401,1.2443928417038814,n200__absolute_error__boostrap_false
229.48605813980103,0.9923725785520924,3.770658349990845,0.2993399880723906,False,absolute_error,24,0.875,4,8,200,"{'bootstrap': False, 'criterion': 'absolute_error', 'max_depth': 24, 'max_features': 0.875, 'min_samples_leaf': 4, 'min_samples_split': 8, 'n_estimators': 200}",-9.27351253397765,-9.431345746291251,-9.891962990936555,-9.38957893943959,-9.424126732971668,-9.482105388723344,0.21259983197669075,17,-14.166534134497114,-14.50478134939104,-15.081128401713105,-13.831917956100865,-14.320682389940337,-14.381008846328493,0.4139146079646837,2,-0.41709453337360314,-0.3869209809264305,-0.427190332326284,-0.38746610424826755,-0.43520192887281495,-0.41077477594948003,0.02009175621231924,24,2.151196013289037,-0.251674235543445,2.4251699395770396,0.06987420909912614,1.8273982820976487,1.2443928417038814,1.111227484212525,42,-13.695586531498913,-11.862462832550861,-14.416446251768035,-12.206813763608087,-12.926786703601108,-13.021619216605401,0.9398211589463834,50,9.482105388723344,14.381008846328493,0.41077477594948003,13.021619216605401,1.2443928417038814,n200__absolute_error__boostrap_false
408.0525554656982,2.454413001284885,4.083840656280517,0.06852759557378642,False,absolute_error,24,1.0,1,2,200,"{'bootstrap': False, 'criterion': 'absolute_error', 'max_depth': 24, 'max_features': 1.0, 'min_samples_leaf': 1, 'min_samples_split': 2, 'n_estimators': 200}",-9.321686801570523,-9.50380714501968,-10.055511329305135,-9.632176107261223,-9.581213080168778,-9.61887889266507,0.2424079454921295,82,-14.14621965444938,-14.652035683377564,-15.187765560258317,-13.979543484429925,-14.382130509988052,-14.469538978500646,0.42459997171844827,82,-0.4164904862579281,-0.394792612776264,-0.43293051359516616,-0.39710756251883095,-0.44002411091018684,-0.4162690572116753,0.01827761625766266,82,1.9212790697674418,-0.1569285498032095,2.397611027190332,0.0014620367580596455,1.7489089813140444,1.1824665130453336,1.051858161681405,65,-13.497266134880348,-11.837707055214723,-14.382356943475227,-12.1297591047041,-12.874433219178083,-12.944304491490495,0.9237624696339822,11,9.61887889266507,14.469538978500646,0.4162690572116753,12.944304491490495,1.1824665130453336,n200__absolute_error__boostrap_false
396.4569845676422,4.237736716793113,3.8659356117248533,0.7070503628560488,False,absolute_error,24,1.0,1,4,200,"{'bootstrap': False, 'criterion': 'absolute_error', 'max_depth': 24, 'max_features': 1.0, 'min_samples_leaf': 1, 'min_samples_split': 4, 'n_estimators': 200}",-9.324188311688312,-9.554926581895247,-10.0321835347432,-9.637571557698102,-9.586443640747438,-9.62706272535446,0.2292682923729789,85,-14.13096593719291,-14.65919531499433,-15.159915137525136,-14.059119438664347,-14.382818454821015,-14.478402856639548,0.40069746129727,88,-0.4173965569314407,-0.38813200121102026,-0.43323262839879156,-0.3956010846640554,-0.4421338155515371,-0.415299217351369,0.02084310816484842,74,1.98779749320447,-0.23834468664850206,2.363206193353475,0.07323290147634842,1.812977697408077,1.1997739197587738,1.0665696857157383,59,-13.550645803183793,-12.001821372854913,-14.305697350069734,-12.273480578827112,-12.891370143149285,-13.004603049616966,0.8418957081544262,42,9.62706272535446,14.478402856639548,0.415299217351369,13.004603049616966,1.1997739197587738,n200__absolute_error__boostrap_false
385.8639606952667,1.4854456061877017,3.5665805339813232,0.678008778707834,False,absolute_error,24,1.0,1,8,200,"{'bootstrap': False, 'criterion': 'absolute_error', 'max_depth': 24, 'max_features': 1.0, 'min_samples_leaf': 1, 'min_samples_split': 8, 'n_estimators': 200}",-9.330822259136212,-9.530888586133818,-10.058947885196377,-9.544432811087677,-9.577628089210368,-9.60854392615289,0.24128382728015912,81,-14.159508133708897,-14.629411285782284,-15.247206943161695,-13.97673109623857,-14.410289815460047,-14.484629454870298,0.4408349356331068,89,-0.4180006040471157,-0.3884347562821677,-0.4283987915407855,-0.3983127448026514,-0.44062688366485836,-0.4147547560675157,0.019126653354156548,71,2.0401819691935974,-0.1608098698153196,2.425905589123867,0.07663226875564928,1.9043670886075947,1.2572554091730777,1.0772419321867015,39,-13.6016600433526,-12.061328916601713,-14.571532087447109,-12.07727496217852,-13.029158686730504,-13.06819093926209,0.9530826843352369,74,9.60854392615289,14.484629454870298,0.4147547560675157,13.06819093926209,1.2572554091730777,n200__absolute_error__boostrap_false
325.75801067352296,4.582203187980228,4.275484085083008,0.5654482711339024,False,absolute_error,24,1.0,2,2,200,"{'bootstrap': False, 'criterion': 'absolute_error', 'max_depth': 24, 'max_features': 1.0, 'min_samples_leaf': 2, 'min_samples_split': 2, 'n_estimators': 200}",-9.270100422832982,-9.511499394489858,-9.975893504531724,-9.580652304911117,-9.534805605786618,-9.57459024651046,0.2277535419789938,68,-14.05125821713206,-14.600564843266548,-15.108470426711593,-13.977361705335872,-14.35427129438156,-14.418385297365527,0.4105609771606154,38,-0.4164904862579281,-0.3860127157129882,-0.4259818731117825,-0.38987646881590843,-0.4333936106088005,-0.41035103090148156,0.01910255427243021,18,1.9111137118695258,-0.3384521646987585,2.284236404833837,-0.0962639349201564,1.6924186256781193,1.0906105285525134,1.0872931863498243,86,-13.423132704858594,-11.881794117647058,-14.390436170212766,-12.163324961360123,-12.95268776077886,-12.962275142971482,0.9008758148335055,22,9.57459024651046,14.418385297365527,0.41035103090148156,12.962275142971482,1.0906105285525134,n200__absolute_error__boostrap_false
320.94277729988096,2.517591104161863,4.4505102157592775,0.2731146370773447,False,absolute_error,24,1.0,2,4,200,"{'bootstrap': False, 'criterion': 'absolute_error', 'max_depth': 24, 'max_features': 1.0, 'min_samples_leaf': 2, 'min_samples_split': 4, 'n_estimators': 200}",-9.270100422832982,-9.511499394489858,-9.975893504531724,-9.580652304911117,-9.534805605786618,-9.57459024651046,0.2277535419789938,68,-14.05125821713206,-14.600564843266548,-15.108470426711593,-13.977361705335872,-14.35427129438156,-14.418385297365527,0.4105609771606154,38,-0.4164904862579281,-0.3860127157129882,-0.4259818731117825,-0.38987646881590843,-0.4333936106088005,-0.41035103090148156,0.01910255427243021,18,1.9111137118695258,-0.3384521646987585,2.284236404833837,-0.0962639349201564,1.6924186256781193,1.0906105285525134,1.0872931863498243,86,-13.423132704858594,-11.881794117647058,-14.390436170212766,-12.163324961360123,-12.95268776077886,-12.962275142971482,0.9008758148335055,22,9.57459024651046,14.418385297365527,0.41035103090148156,12.962275142971482,1.0906105285525134,n200__absolute_error__boostrap_false
321.81116223335266,1.0972150557294107,3.577036905288696,0.20144820356227083,False,absolute_error,24,1.0,2,8,200,"{'bootstrap': False, 'criterion': 'absolute_error', 'max_depth': 24, 'max_features': 1.0, 'min_samples_leaf': 2, 'min_samples_split': 8, 'n_estimators': 200}",-9.244141498036846,-9.437532546170148,-9.884859516616313,-9.516633021994576,-9.504392706449668,-9.51751185785351,0.20796405016645209,38,-14.072935550907957,-14.582252482977154,-15.056823154956607,-13.959491902499769,-14.312068473743997,-14.396714313017096,0.39327576504956563,24,-0.4110540622168529,-0.3890402664244626,-0.4268882175226586,-0.38987646881590843,-0.42977697408077153,-0.4093271978121308,0.01743247123614863,11,1.9487488674116578,-0.2298274296094462,2.3465015105740177,0.020906899668574695,1.743211271850513,1.1659082239790632,1.0582083762488008,67,-13.614864070536372,-11.83387159533074,-14.326187190375085,-12.231489567233382,-13.085396213183731,-13.018361727331861,0.9047541963066213,46,9.51751185785351,14.396714313017096,0.4093271978121308,13.018361727331861,1.1659082239790632,n200__absolute_error__boostrap_false
292.2763977050781,3.3268632163118186,4.014743709564209,0.07959759545359113,False,absolute_error,24,1.0,3,2,200,"{'bootstrap': False, 'criterion': 'absolute_error', 'max_depth': 24, 'max_features': 1.0, 'min_samples_leaf': 3, 'min_samples_split': 2, 'n_estimators': 200}",-9.302745394140743,-9.44566076294278,-9.901477341389729,-9.456726423621573,-9.513025165762507,-9.523927017571467,0.20110988756021447,42,-14.143424858510395,-14.56253945542921,-15.085824631335267,-13.851512188307535,-14.333147868221818,-14.395289800360846,0.4166059192913763,19,-0.41467834491090305,-0.3887375113533152,-0.427190332326284,-0.39138294667068396,-0.43128390596745025,-0.4106546082457273,0.01770279428883954,22,1.9099275143461196,-0.26646003633060805,2.316861027190332,-0.029528472431455018,1.7789067209162146,1.1419413507381209,1.0706913551633908,78,-13.519723233794611,-11.80642523364486,-14.300813295615274,-12.043444957659739,-13.091065688329842,-12.952294481808867,0.9272280861754855,14,9.523927017571467,14.395289800360846,0.4106546082457273,12.952294481808867,1.1419413507381209,n200__absolute_error__boostrap_false
288.9613891601563,2.861062690799678,4.201683616638183,0.16472576189444776,False,absolute_error,24,1.0,3,4,200,"{'bootstrap': False, 'criterion': 'absolute_error', 'max_depth': 24, 'max_features': 1.0, 'min_samples_leaf': 3, 'min_samples_split': 4, 'n_estimators': 200}",-9.302745394140743,-9.44566076294278,-9.901477341389729,-9.456726423621573,-9.513025165762507,-9.523927017571467,0.20110988756021447,42,-14.143424858510395,-14.56253945542921,-15.085824631335267,-13.851512188307535,-14.333147868221818,-14.395289800360846,0.4166059192913763,19,-0.41467834491090305,-0.3887375113533152,-0.427190332326284,-0.39138294667068396,-0.43128390596745025,-0.4106546082457273,0.01770279428883954,22,1.9099275143461196,-0.26646003633060805,2.316861027190332,-0.029528472431455018,1.7789067209162146,1.1419413507381209,1.0706913551633908,78,-13.519723233794611,-11.80642523364486,-14.300813295615274,-12.043444957659739,-13.091065688329842,-12.952294481808867,0.9272280861754855,14,9.523927017571467,14.395289800360846,0.4106546082457273,12.952294481808867,1.1419413507381209,n200__absolute_error__boostrap_false
286.50210337638856,2.9474446864000283,3.939886283874512,0.5125191072965724,False,absolute_error,24,1.0,3,8,200,"{'bootstrap': False, 'criterion': 'absolute_error', 'max_depth': 24, 'max_features': 1.0, 'min_samples_leaf': 3, 'min_samples_split': 8, 'n_estimators': 200}",-9.249810480217457,-9.48170753860127,-9.891511329305136,-9.44360198855077,-9.530201175406871,-9.5193665024163,0.20901103824415543,40,-14.059774946276438,-14.61300092111047,-15.056457906943114,-13.874758486018594,-14.37786228055704,-14.396370908181131,0.4167402880110608,23,-0.4113560857746904,-0.38631547078413564,-0.42658610271903324,-0.3904790599578186,-0.43158529234478604,-0.40926440231609273,0.01834219791731211,10,1.8806803080640284,-0.27235240690281504,2.354450906344411,0.0002440494124736887,1.7396722423146471,1.140539019846549,1.0655408595027351,80,-13.529021659324522,-11.919474921630094,-14.35344723796034,-12.092640817901232,-13.0563687150838,-12.990190670379997,0.9061142079897446,35,9.5193665024163,14.396370908181131,0.40926440231609273,12.990190670379997,1.140539019846549,n200__absolute_error__boostrap_false
267.2603224754333,2.2213099033174575,3.582948112487793,0.3997701222082564,False,absolute_error,24,1.0,4,2,200,"{'bootstrap': False, 'criterion': 'absolute_error', 'max_depth': 24, 'max_features': 1.0, 'min_samples_leaf': 4, 'min_samples_split': 2, 'n_estimators': 200}",-9.231670945333736,-9.396781713593702,-9.885944864048339,-9.403366978005424,-9.445929023508137,-9.472738704897868,0.21915914523350116,14,-14.11872879745235,-14.585348051047973,-15.07418432589346,-13.841466132665188,-14.346388071920458,-14.393223075795884,0.42014201907791815,11,-0.4119601328903654,-0.3851044504995459,-0.42779456193353477,-0.3895751732449533,-0.4342977697408077,-0.40974641766184144,0.01973580797749973,15,2.0037594382361825,-0.29458522555252725,2.3152379154078546,0.020537812594154718,1.7654422845087403,1.162078445038881,1.0795587659719317,68,-13.636550586510264,-11.81782822327044,-14.260563206214687,-12.095104408352666,-12.907470506592645,-12.94350338618814,0.9168625587095053,8,9.472738704897868,14.393223075795884,0.40974641766184144,12.94350338618814,1.162078445038881,n200__absolute_error__boostrap_false
266.02759714126586,5.637947653360676,4.644384956359863,0.5702017979068278,False,absolute_error,24,1.0,4,4,200,"{'bootstrap': False, 'criterion': 'absolute_error', 'max_depth': 24, 'max_features': 1.0, 'min_samples_leaf': 4, 'min_samples_split': 4, 'n_estimators': 200}",-9.231670945333736,-9.396781713593702,-9.885944864048339,-9.403366978005424,-9.445929023508137,-9.472738704897868,0.21915914523350116,14,-14.11872879745235,-14.585348051047973,-15.07418432589346,-13.841466132665188,-14.346388071920458,-14.393223075795884,0.42014201907791815,11,-0.4119601328903654,-0.3851044504995459,-0.42779456193353477,-0.3895751732449533,-0.4342977697408077,-0.40974641766184144,0.01973580797749973,15,2.0037594382361825,-0.29458522555252725,2.3152379154078546,0.020537812594154718,1.7654422845087403,1.162078445038881,1.0795587659719317,68,-13.636550586510264,-11.81782822327044,-14.260563206214687,-12.095104408352666,-12.907470506592645,-12.94350338618814,0.9168625587095053,8,9.472738704897868,14.393223075795884,0.40974641766184144,12.94350338618814,1.162078445038881,n200__absolute_error__boostrap_false
266.05763802528384,2.197500108052963,4.280839300155639,0.13447015662723283,False,absolute_error,24,1.0,4,8,200,"{'bootstrap': False, 'criterion': 'absolute_error', 'max_depth': 24, 'max_features': 1.0, 'min_samples_leaf': 4, 'min_samples_split': 8, 'n_estimators': 200}",-9.231670945333736,-9.396781713593702,-9.885944864048339,-9.403366978005424,-9.445929023508137,-9.472738704897868,0.21915914523350116,14,-14.11872879745235,-14.585348051047973,-15.07418432589346,-13.841466132665188,-14.346388071920458,-14.393223075795884,0.42014201907791815,11,-0.4119601328903654,-0.3851044504995459,-0.42779456193353477,-0.3895751732449533,-0.4342977697408077,-0.40974641766184144,0.01973580797749973,15,2.0037594382361825,-0.29458522555252725,2.3152379154078546,0.020537812594154718,1.7654422845087403,1.162078445038881,1.0795587659719317,68,-13.636550586510264,-11.81782822327044,-14.260563206214687,-12.095104408352666,-12.907470506592645,-12.94350338618814,0.9168625587095053,8,9.472738704897868,14.393223075795884,0.40974641766184144,12.94350338618814,1.162078445038881,n200__absolute_error__boostrap_false
363.0233347415924,3.545292859549016,4.41429033279419,0.3282852931808004,False,absolute_error,26,0.875,1,2,200,"{'bootstrap': False, 'criterion': 'absolute_error', 'max_depth': 26, 'max_features': 0.875, 'min_samples_leaf': 1, 'min_samples_split': 2, 'n_estimators': 200}",-9.380850196315313,-9.635778080532848,-10.125867824773414,-9.71332479662549,-9.634732519590113,-9.698110683567435,0.24156324345003827,95,-14.129790294462218,-14.626193475320408,-15.239987370186007,-14.043899995870243,-14.410565849591398,-14.490087397086054,0.42804105173836815,92,-0.4210208396254908,-0.39146230699364215,-0.4323262839879154,-0.3983127448026514,-0.44333936106088007,-0.417292307294116,0.019727058201335537,90,1.9191075203865904,-0.28856948228882845,2.3626034743202413,-0.09020940042181379,1.739477848101266,1.128481992019491,1.0967865869147895,81,-13.419713055954087,-11.938836040216552,-14.443340321453528,-12.079848714069591,-12.827882392929979,-12.941924104924748,0.9214009001660587,4,9.698110683567435,14.490087397086054,0.417292307294116,12.941924104924748,1.128481992019491,n200__absolute_error__boostrap_false
357.4107694149017,1.4955465673285933,4.236042785644531,0.449784402981973,False,absolute_error,26,0.875,1,4,200,"{'bootstrap': False, 'criterion': 'absolute_error', 'max_depth': 26, 'max_features': 0.875, 'min_samples_leaf': 1, 'min_samples_split': 4, 'n_estimators': 200}",-9.459853518574448,-9.66384574629125,-10.137546827794562,-9.704942000602593,-9.666998945147679,-9.726637407682109,0.22270627502008208,96,-14.20781108158966,-14.646894428378983,-15.209733427034484,-13.979488142889744,-14.405630393390199,-14.489911494656615,0.42190122088575277,91,-0.41467834491090305,-0.3926733272782319,-0.4341389728096677,-0.3956010846640554,-0.43911995177817964,-0.4152423362882075,0.01909282803903304,73,1.9364149803684685,-0.29048667877686923,2.358243202416919,-0.12301521542633348,1.7175971971066908,1.119750697137775,1.1037627683991085,82,-13.741094319009468,-11.935314186584424,-14.391463117606124,-12.110592155369384,-12.962968428277284,-13.028286441369335,0.9388677559893807,54,9.726637407682109,14.489911494656615,0.4152423362882075,13.028286441369335,1.119750697137775,n200__absolute_error__boostrap_false
342.85414304733274,4.2319874597753575,4.286600971221924,0.18560436557340315,False,absolute_error,26,0.875,1,8,200,"{'bootstrap': False, 'criterion': 'absolute_error', 'max_depth': 26, 'max_features': 0.875, 'min_samples_leaf': 1, 'min_samples_split': 8, 'n_estimators': 200}",-9.367065086076714,-9.586450196790796,-10.10862009063444,-9.644017776438687,-9.630543248945147,-9.667339279777156,0.2422123983542724,93,-14.158507705630301,-14.543708285850123,-15.221527832770985,-13.948695412464268,-14.400827919831462,-14.454653431309428,0.43419353014338796,72,-0.41498036846874053,-0.3905540417801998,-0.4368580060422961,-0.39710756251883095,-0.44333936106088007,-0.41656786797418943,0.020910979610053237,85,2.023025520990638,-0.2859309718437779,2.449245468277945,-0.02304007231093697,1.880678872814949,1.2087957635857633,1.131789734923336,58,-13.723649927219794,-11.906827519379844,-14.372937413554634,-12.113818285280727,-12.982404826648539,-13.019927594416709,0.9367277627593199,49,9.667339279777156,14.454653431309428,0.41656786797418943,13.019927594416709,1.2087957635857633,n200__absolute_error__boostrap_false
287.95972142219546,4.560531144887915,4.336551523208618,0.17932667875690467,False,absolute_error,26,0.875,2,2,200,"{'bootstrap': False, 'criterion': 'absolute_error', 'max_depth': 26, 'max_features': 0.875, 'min_samples_leaf': 2, 'min_samples_split': 2, 'n_estimators': 200}",-9.339777257626094,-9.563468816227672,-10.019271148036253,-9.69852365170232,-9.635307414104883,-9.651269657539444,0.2202949536991329,89,-14.114313873302146,-14.514641034931541,-15.132563056351565,-13.992623696371439,-14.321015353413754,-14.415031402874089,0.4006175416033478,33,-0.4173965569314407,-0.38631547078413564,-0.427190332326284,-0.3907803555287737,-0.4382157926461724,-0.4119797016433613,0.020283506104092353,35,1.86896783449109,-0.42889115955192264,2.3341140483383693,-0.14274329617354634,1.6410925256178421,1.0545079905443664,1.1205981973380368,91,-13.426973589001447,-11.822692006269593,-14.458877298444131,-12.226536237471088,-12.866263755158185,-12.960268577268888,0.9278924695341071,20,9.651269657539444,14.415031402874089,0.4119797016433613,12.960268577268888,1.0545079905443664,n200__absolute_error__boostrap_false
289.1809579849243,4.826296946089652,4.119481706619263,0.25405719206379107,False,absolute_error,26,0.875,2,4,200,"{'bootstrap': False, 'criterion': 'absolute_error', 'max_depth': 26, 'max_features': 0.875, 'min_samples_leaf': 2, 'min_samples_split': 4, 'n_estimators': 200}",-9.339777257626094,-9.563468816227672,-10.019271148036253,-9.69852365170232,-9.635307414104883,-9.651269657539444,0.2202949536991329,89,-14.114313873302146,-14.514641034931541,-15.132563056351565,-13.992623696371439,-14.321015353413754,-14.415031402874089,0.4006175416033478,33,-0.4173965569314407,-0.38631547078413564,-0.427190332326284,-0.3907803555287737,-0.4382157926461724,-0.4119797016433613,0.020283506104092353,35,1.86896783449109,-0.42889115955192264,2.3341140483383693,-0.14274329617354634,1.6410925256178421,1.0545079905443664,1.1205981973380368,91,-13.426973589001447,-11.822692006269593,-14.458877298444131,-12.226536237471088,-12.866263755158185,-12.960268577268888,0.9278924695341071,20,9.651269657539444,14.415031402874089,0.4119797016433613,12.960268577268888,1.0545079905443664,n200__absolute_error__boostrap_false
282.2760362625122,2.213672608725488,4.4270693302154545,0.3384516544332602,False,absolute_error,26,0.875,2,8,200,"{'bootstrap': False, 'criterion': 'absolute_error', 'max_depth': 26, 'max_features': 0.875, 'min_samples_leaf': 2, 'min_samples_split': 8, 'n_estimators': 200}",-9.293232407127757,-9.49330911292764,-10.013423716012083,-9.518440795420307,-9.587571579264617,-9.58119552215048,0.23725378729952412,70,-14.074628490630761,-14.494442628711697,-15.154838928084265,-13.879696836064996,-14.392907164317851,-14.399302809561913,0.4371112208408403,25,-0.4164904862579281,-0.387223735997578,-0.4308157099697885,-0.39258812895450435,-0.4355033152501507,-0.4125242752859899,0.019575039763816433,39,1.9819306855934762,-0.3650620647895856,2.352567220543807,-0.02880084362759858,1.787744876431585,1.145675974830337,1.1162334985213898,75,-13.53591914430747,-11.786786551993744,-14.351833800841515,-12.085999616270145,-13.059965397923877,-12.96410090226735,0.9401169766654035,24,9.58119552215048,14.399302809561913,0.4125242752859899,12.96410090226735,1.145675974830337,n200__absolute_error__boostrap_false
253.2236089706421,2.8085378184829235,4.659205436706543,0.7054636371672592,False,absolute_error,26,0.875,3,2,200,"{'bootstrap': False, 'criterion': 'absolute_error', 'max_depth': 26, 'max_features': 0.875, 'min_samples_leaf': 3, 'min_samples_split': 2, 'n_estimators': 200}",-9.350880398671096,-9.548399939448986,-9.981376132930514,-9.52879180476047,-9.546847498493069,-9.591259154860827,0.20865506483244228,74,-14.178699411845816,-14.515253068781544,-15.076074646053717,-13.901250769849987,-14.378623864184549,-14.409980352143123,0.3919295456662427,29,-0.41467834491090305,-0.38661822585528305,-0.4308157099697885,-0.3865622175354022,-0.4370102471368294,-0.4111369490816412,0.021327484080338518,31,1.9957339172455455,-0.3366000605510145,2.3876570996978854,-0.07061313648689357,1.7395479204339968,1.1431451480679038,1.1219865355448544,76,-13.68122359796067,-11.91330266249021,-14.355364656381486,-12.23370810600156,-12.913193103448277,-13.019358425256438,0.9027574432251515,47,9.591259154860827,14.409980352143123,0.4111369490816412,13.019358425256438,1.1431451480679038,n200__absolute_error__boostrap_false
254.7394329547882,2.3459294937863397,4.509590530395508,0.4992489025310809,False,absolute_error,26,0.875,3,4,200,"{'bootstrap': False, 'criterion': 'absolute_error', 'max_depth': 26, 'max_features': 0.875, 'min_samples_leaf': 3, 'min_samples_split': 4, 'n_estimators': 200}",-9.350880398671096,-9.548399939448986,-9.981376132930514,-9.52879180476047,-9.546847498493069,-9.591259154860827,0.20865506483244228,74,-14.178699411845816,-14.515253068781544,-15.076074646053717,-13.901250769849987,-14.378623864184549,-14.409980352143123,0.3919295456662427,29,-0.41467834491090305,-0.38661822585528305,-0.4308157099697885,-0.3865622175354022,-0.4370102471368294,-0.4111369490816412,0.021327484080338518,31,1.9957339172455455,-0.3366000605510145,2.3876570996978854,-0.07061313648689357,1.7395479204339968,1.1431451480679038,1.1219865355448544,76,-13.68122359796067,-11.91330266249021,-14.355364656381486,-12.23370810600156,-12.913193103448277,-13.019358425256438,0.9027574432251515,47,9.591259154860827,14.409980352143123,0.4111369490816412,13.019358425256438,1.1431451480679038,n200__absolute_error__boostrap_false
253.9873450279236,3.336970558667094,3.9482259273529055,0.25864464149784494,False,absolute_error,26,0.875,3,8,200,"{'bootstrap': False, 'criterion': 'absolute_error', 'max_depth': 26, 'max_features': 0.875, 'min_samples_leaf': 3, 'min_samples_split': 8, 'n_estimators': 200}",-9.28043566898218,-9.504550408719346,-10.031811178247734,-9.542054082554987,-9.55832805907173,-9.583435879515196,0.24552609204168288,71,-14.133712896172243,-14.540496944488291,-15.171588130608932,-13.89866883999607,-14.383541575385,-14.425601677330107,0.4322783914778127,47,-0.4164904862579281,-0.38934302149561006,-0.4280966767371601,-0.39168424224163906,-0.4385171790235081,-0.41282632115116913,0.019519646037766646,50,2.001065388100272,-0.27126248864668523,2.377817220543807,-0.029390629707743473,1.8173485533453893,1.179115608727008,1.1030786226971536,66,-13.543527918781727,-11.8575233281493,-14.493955539872973,-12.143280769230769,-12.97061683848797,-13.00178087890455,0.9557608542137823,41,9.583435879515196,14.425601677330107,0.41282632115116913,13.00178087890455,1.179115608727008,n200__absolute_error__boostrap_false
231.66909885406494,3.561446196485189,4.685496139526367,0.8415144796360865,False,absolute_error,26,0.875,4,2,200,"{'bootstrap': False, 'criterion': 'absolute_error', 'max_depth': 26, 'max_features': 0.875, 'min_samples_leaf': 4, 'min_samples_split': 2, 'n_estimators': 200}",-9.24948731501057,-9.477110202845898,-9.947868580060423,-9.45681681229286,-9.498454641350211,-9.52594751031199,0.22907100320060583,44,-14.09074363454584,-14.551575976789085,-15.141001130261701,-13.838724469745506,-14.338504667885893,-14.392109975845605,0.4441166706375937,8,-0.42011476895197825,-0.38661822585528305,-0.427190332326284,-0.3904790599578186,-0.4385171790235081,-0.4125839132229744,0.020520414228102142,40,2.1246715493808517,-0.3304299122010293,2.3916117824773413,-0.09394546550165708,1.8287017781796264,1.1841219464670265,1.156327986446009,62,-13.536966211358733,-11.829085747846515,-14.442602545968883,-11.988954475308644,-12.91529381443299,-12.942580558983153,0.9750259723218975,5,9.52594751031199,14.392109975845605,0.4125839132229744,12.942580558983153,1.1841219464670265,n200__absolute_error__boostrap_false
232.55239305496215,2.7951014285876594,4.291705465316772,0.1949853537243993,False,absolute_error,26,0.875,4,4,200,"{'bootstrap': False, 'criterion': 'absolute_error', 'max_depth': 26, 'max_features': 0.875, 'min_samples_leaf': 4, 'min_samples_split': 4, 'n_estimators': 200}",-9.24948731501057,-9.477110202845898,-9.947868580060423,-9.45681681229286,-9.498454641350211,-9.52594751031199,0.22907100320060583,44,-14.09074363454584,-14.551575976789085,-15.141001130261701,-13.838724469745506,-14.338504667885893,-14.392109975845605,0.4441166706375937,8,-0.42011476895197825,-0.38661822585528305,-0.427190332326284,-0.3904790599578186,-0.4385171790235081,-0.4125839132229744,0.020520414228102142,40,2.1246715493808517,-0.3304299122010293,2.3916117824773413,-0.09394546550165708,1.8287017781796264,1.1841219464670265,1.156327986446009,62,-13.536966211358733,-11.829085747846515,-14.442602545968883,-11.988954475308644,-12.91529381443299,-12.942580558983153,0.9750259723218975,5,9.52594751031199,14.392109975845605,0.4125839132229744,12.942580558983153,1.1841219464670265,n200__absolute_error__boostrap_false
232.44375071525573,2.353111605811198,4.458815097808838,0.5352929362892687,False,absolute_error,26,0.875,4,8,200,"{'bootstrap': False, 'criterion': 'absolute_error', 'max_depth': 26, 'max_features': 0.875, 'min_samples_leaf': 4, 'min_samples_split': 8, 'n_estimators': 200}",-9.24948731501057,-9.477110202845898,-9.947868580060423,-9.45681681229286,-9.498454641350211,-9.52594751031199,0.22907100320060583,44,-14.09074363454584,-14.551575976789085,-15.141001130261701,-13.838724469745506,-14.338504667885893,-14.392109975845605,0.4441166706375937,8,-0.42011476895197825,-0.38661822585528305,-0.427190332326284,-0.3904790599578186,-0.4385171790235081,-0.4125839132229744,0.020520414228102142,40,2.1246715493808517,-0.3304299122010293,2.3916117824773413,-0.09394546550165708,1.8287017781796264,1.1841219464670265,1.156327986446009,62,-13.536966211358733,-11.829085747846515,-14.442602545968883,-11.988954475308644,-12.91529381443299,-12.942580558983153,0.9750259723218975,5,9.52594751031199,14.392109975845605,0.4125839132229744,12.942580558983153,1.1841219464670265,n200__absolute_error__boostrap_false
421.1618772983551,2.8470371991186156,4.4384925365448,0.3219980795895704,False,absolute_error,26,1.0,1,2,200,"{'bootstrap': False, 'criterion': 'absolute_error', 'max_depth': 26, 'max_features': 1.0, 'min_samples_leaf': 1, 'min_samples_split': 2, 'n_estimators': 200}",-9.39901691331924,-9.604199969724492,-10.028958459214502,-9.657870593552275,-9.650441531042798,-9.668097493370661,0.20353093683481632,94,-14.1786134925928,-14.692590562484202,-15.159622947728485,-13.97844540642272,-14.414349692213914,-14.484724420288424,0.41320002364452585,90,-0.4113560857746904,-0.392067817135937,-0.4335347432024169,-0.3952997890931003,-0.43731163351416513,-0.413914013744062,0.01877610341086825,68,1.843536695862277,-0.3434264305177116,2.2354086102719037,-0.04760394697197977,1.6802049427365888,1.0736239742762157,1.0559955976903688,90,-13.665233113069016,-11.810167953667953,-14.144618466898955,-12.155668826219515,-12.95488800827016,-12.94611527362512,0.8796362011765091,13,9.668097493370661,14.484724420288424,0.413914013744062,12.94611527362512,1.0736239742762157,n200__absolute_error__boostrap_false
408.6712396621704,3.8640199772594,4.128846073150635,0.18332248421015665,False,absolute_error,26,1.0,1,4,200,"{'bootstrap': False, 'criterion': 'absolute_error', 'max_depth': 26, 'max_features': 1.0, 'min_samples_leaf': 1, 'min_samples_split': 4, 'n_estimators': 200}",-9.38326260948354,-9.60370420829549,-10.067326283987915,-9.629387616752034,-9.613413200723327,-9.659418783848462,0.22305750824161594,92,-14.132303292365425,-14.659400381551228,-15.185103324005572,-14.003615849087868,-14.39497666465142,-14.475079902332302,0.42054678334595025,86,-0.4213228631833283,-0.3905540417801998,-0.4308157099697885,-0.3956010846640554,-0.4370102471368294,-0.4150607893468403,0.018700110012937244,72,1.929950921171851,-0.269174992431123,2.323652567975831,0.012962488701415895,1.7558499095840865,1.1506481790004122,1.0639311785315815,72,-13.425824372759857,-11.950368217054262,-14.380834502103786,-12.186961157654226,-13.008005172413792,-12.990398684397183,0.8775411687263673,36,9.659418783848462,14.475079902332302,0.4150607893468403,12.990398684397183,1.1506481790004122,n200__absolute_error__boostrap_false
400.68884391784667,2.919616360226407,4.156519412994385,0.15792240275930136,False,absolute_error,26,1.0,1,8,200,"{'bootstrap': False, 'criterion': 'absolute_error', 'max_depth': 26, 'max_features': 1.0, 'min_samples_leaf': 1, 'min_samples_split': 8, 'n_estimators': 200}",-9.35090078526125,-9.609193914623068,-10.055985649546828,-9.607716179572162,-9.600599758890898,-9.64487925757884,0.22805570362346958,87,-14.107664780907115,-14.657445553946081,-15.171236920186967,-13.968842841613075,-14.34620848417653,-14.450279716165955,0.42957985375070795,70,-0.41709453337360314,-0.3884347562821677,-0.43172205438066463,-0.3940946068092799,-0.4355033152501507,-0.41336985321917324,0.0191512968470615,56,1.8606455753548776,-0.21147214653345398,2.338908610271903,0.058107863814401764,1.707270946353225,1.1506921698521908,1.0271225995327327,71,-13.440054308472122,-12.096911535463757,-14.355178446466063,-12.263329510703365,-12.982531141868511,-13.027600988594765,0.8227885133978717,53,9.64487925757884,14.450279716165955,0.41336985321917324,13.027600988594765,1.1506921698521908,n200__absolute_error__boostrap_false
334.28708333969115,5.6802463102708485,4.4457213401794435,0.28951935930829326,False,absolute_error,26,1.0,2,2,200,"{'bootstrap': False, 'criterion': 'absolute_error', 'max_depth': 26, 'max_features': 1.0, 'min_samples_leaf': 2, 'min_samples_split': 2, 'n_estimators': 200}",-9.326320598006646,-9.517852709657886,-10.011138217522658,-9.650897860801448,-9.592187311633513,-9.61967933952443,0.22423134241527734,83,-14.077772154063673,-14.61157840923488,-15.087468132924393,-13.985328366036862,-14.375231027115934,-14.42747561787515,0.39749217850945506,54,-0.413470250679553,-0.3869209809264305,-0.42900302114803623,-0.3892738776739982,-0.4336949969861362,-0.4104726254828308,0.01947155221619543,20,1.7849358199939593,-0.32496896760520777,2.25815332326284,-0.1414371798734558,1.6327704942736587,1.0418906980103588,1.062931792034235,93,-13.436585098612127,-11.879536384976527,-14.299772887323941,-12.21435758513932,-12.941073662265463,-12.954265123663475,0.8655290569684401,18,9.61967933952443,14.42747561787515,0.4104726254828308,12.954265123663475,1.0418906980103588,n200__absolute_error__boostrap_false
334.75359363555907,4.181085300466787,4.629730892181397,0.5365538991320031,False,absolute_error,26,1.0,2,4,200,"{'bootstrap': False, 'criterion': 'absolute_error', 'max_depth': 26, 'max_features': 1.0, 'min_samples_leaf': 2, 'min_samples_split': 4, 'n_estimators': 200}",-9.326320598006646,-9.517852709657886,-10.011138217522658,-9.650897860801448,-9.592187311633513,-9.61967933952443,0.22423134241527734,83,-14.077772154063673,-14.61157840923488,-15.087468132924393,-13.985328366036862,-14.375231027115934,-14.42747561787515,0.39749217850945506,54,-0.413470250679553,-0.3869209809264305,-0.42900302114803623,-0.3892738776739982,-0.4336949969861362,-0.4104726254828308,0.01947155221619543,20,1.7849358199939593,-0.32496896760520777,2.25815332326284,-0.1414371798734558,1.6327704942736587,1.0418906980103588,1.062931792034235,93,-13.436585098612127,-11.879536384976527,-14.299772887323941,-12.21435758513932,-12.941073662265463,-12.954265123663475,0.8655290569684401,18,9.61967933952443,14.42747561787515,0.4104726254828308,12.954265123663475,1.0418906980103588,n200__absolute_error__boostrap_false
330.08404026031496,3.291254208471609,4.240196752548218,0.31198054606602116,False,absolute_error,26,1.0,2,8,200,"{'bootstrap': False, 'criterion': 'absolute_error', 'max_depth': 26, 'max_features': 1.0, 'min_samples_leaf': 2, 'min_samples_split': 8, 'n_estimators': 200}",-9.229817275747507,-9.492450802300938,-9.925746223564955,-9.479272371196144,-9.486167118746232,-9.522690758311155,0.22466070968736557,41,-13.966911195109494,-14.568912575724928,-15.060436814859676,-13.896718822597935,-14.269811797077262,-14.35255824107386,0.42691017013862315,1,-0.4158864391422531,-0.38449894035725096,-0.42779456193353477,-0.3892738776739982,-0.4294755877034358,-0.4093858813620946,0.019018862203845917,12,1.8348595590456054,-0.3190599455040876,2.2930030211480363,-0.10463693883699936,1.6800158227848103,1.076836303727473,1.0734888573142616,89,-13.302521786492376,-11.929019685039371,-14.28109463276836,-12.041182275541795,-12.999787719298247,-12.91072121982803,0.8670870423777461,1,9.522690758311155,14.35255824107386,0.4093858813620946,12.91072121982803,1.076836303727473,n200__absolute_error__boostrap_false
296.2373667240143,1.7826213445252246,4.771175956726074,0.3871392238413705,False,absolute_error,26,1.0,3,2,200,"{'bootstrap': False, 'criterion': 'absolute_error', 'max_depth': 26, 'max_features': 1.0, 'min_samples_leaf': 3, 'min_samples_split': 2, 'n_estimators': 200}",-9.325065690123829,-9.498707992733877,-9.957527190332327,-9.47513558300693,-9.54923071127185,-9.561133433493762,0.21179718159554306,64,-14.109972990498079,-14.597441097453588,-15.074932512011184,-13.816119421448674,-14.344207836388566,-14.388534771560018,0.42941927930357376,6,-0.41316822712171547,-0.38570996064184077,-0.4244712990936556,-0.38746610424826755,-0.4333936106088005,-0.408841840342856,0.019275855253050044,5,1.835947598912715,-0.38918180442022426,2.246190332326284,-0.13007381741488377,1.641283152501507,1.0408330923810796,1.0827371819204852,95,-13.506620979532164,-11.808777472527472,-14.3751975088968,-12.05919906687403,-12.910335535465926,-12.932026112659278,0.9420072165865785,2,9.561133433493762,14.388534771560018,0.408841840342856,12.932026112659278,1.0408330923810796,n200__absolute_error__boostrap_false
295.36277084350587,0.8052488173992577,4.4454244613647464,0.1736997278176901,False,absolute_error,26,1.0,3,4,200,"{'bootstrap': False, 'criterion': 'absolute_error', 'max_depth': 26, 'max_features': 1.0, 'min_samples_leaf': 3, 'min_samples_split': 4, 'n_estimators': 200}",-9.325065690123829,-9.498707992733877,-9.957527190332327,-9.47513558300693,-9.54923071127185,-9.561133433493762,0.21179718159554306,64,-14.109972990498079,-14.597441097453588,-15.074932512011184,-13.816119421448674,-14.344207836388566,-14.388534771560018,0.42941927930357376,6,-0.41316822712171547,-0.38570996064184077,-0.4244712990936556,-0.38746610424826755,-0.4333936106088005,-0.408841840342856,0.019275855253050044,5,1.835947598912715,-0.38918180442022426,2.246190332326284,-0.13007381741488377,1.641283152501507,1.0408330923810796,1.0827371819204852,95,-13.506620979532164,-11.808777472527472,-14.3751975088968,-12.05919906687403,-12.910335535465926,-12.932026112659278,0.9420072165865785,2,9.561133433493762,14.388534771560018,0.408841840342856,12.932026112659278,1.0408330923810796,n200__absolute_error__boostrap_false
294.5780275821686,1.9639340953166864,3.919310188293457,0.3196238565251536,False,absolute_error,26,1.0,3,8,200,"{'bootstrap': False, 'criterion': 'absolute_error', 'max_depth': 26, 'max_features': 1.0, 'min_samples_leaf': 3, 'min_samples_split': 8, 'n_estimators': 200}",-9.295753548776805,-9.51106948228883,-9.960088368580061,-9.496483880686954,-9.543556359252563,-9.561390327917042,0.21752522193788285,66,-14.078993367815102,-14.616271137770665,-15.117093612343796,-13.883950165088198,-14.353425717698336,-14.409946800143217,0.4317461322403596,28,-0.413470250679553,-0.3835906751438087,-0.4256797583081571,-0.388671286532088,-0.43248945147679324,-0.40878028442808,0.019537660122350434,4,1.8179250981576562,-0.3033961550105965,2.282100453172206,-0.020807472130159876,1.6274487643158528,1.0806541377009917,1.0406573857397832,88,-13.439514243973703,-12.001951460142068,-14.379575940383251,-12.189833333333333,-12.914771777003486,-12.985129350967167,0.866606211680056,33,9.561390327917042,14.409946800143217,0.40878028442808,12.985129350967167,1.0806541377009917,n200__absolute_error__boostrap_false
257.15551562309264,13.922974778503853,3.4978498935699465,0.4749688217497811,False,absolute_error,26,1.0,4,2,200,"{'bootstrap': False, 'criterion': 'absolute_error', 'max_depth': 26, 'max_features': 1.0, 'min_samples_leaf': 4, 'min_samples_split': 2, 'n_estimators': 200}",-9.242950015101178,-9.448722373599757,-9.848384441087612,-9.433894245254596,-9.478773357444245,-9.490544886497478,0.1972051489214097,27,-14.089605908472766,-14.61274207586065,-15.036184032105902,-13.86519153907857,-14.367675177076224,-14.394279746518823,0.4082242479701071,16,-0.4089398973119903,-0.3848016954283984,-0.4259818731117825,-0.3853570352515818,-0.4306811332127788,-0.4071523268633063,0.019421315147243188,1,1.9052016007248564,-0.3477353920678176,2.263426737160121,-0.04687556492919559,1.7533212778782397,1.1054677317532406,1.0807267859271523,83,-13.63055022156573,-11.825554681353266,-14.21634574468085,-12.179638389366692,-13.039919524142755,-12.978401712221858,0.8864160049824187,28,9.490544886497478,14.394279746518823,0.4071523268633063,12.978401712221858,1.1054677317532406,n200__absolute_error__boostrap_false
222.75480647087096,10.37968988610579,1.991003656387329,0.6506918663800709,False,absolute_error,26,1.0,4,4,200,"{'bootstrap': False, 'criterion': 'absolute_error', 'max_depth': 26, 'max_features': 1.0, 'min_samples_leaf': 4, 'min_samples_split': 4, 'n_estimators': 200}",-9.242950015101178,-9.448722373599757,-9.848384441087612,-9.433894245254596,-9.478773357444245,-9.490544886497478,0.1972051489214097,27,-14.089605908472766,-14.61274207586065,-15.036184032105902,-13.86519153907857,-14.367675177076224,-14.394279746518823,0.4082242479701071,16,-0.4089398973119903,-0.3848016954283984,-0.4259818731117825,-0.3853570352515818,-0.4306811332127788,-0.4071523268633063,0.019421315147243188,1,1.9052016007248564,-0.3477353920678176,2.263426737160121,-0.04687556492919559,1.7533212778782397,1.1054677317532406,1.0807267859271523,83,-13.63055022156573,-11.825554681353266,-14.21634574468085,-12.179638389366692,-13.039919524142755,-12.978401712221858,0.8864160049824187,28,9.490544886497478,14.394279746518823,0.4071523268633063,12.978401712221858,1.1054677317532406,n200__absolute_error__boostrap_false
164.5656894683838,21.787675501783024,0.36199064254760743,0.43715542739278507,False,absolute_error,26,1.0,4,8,200,"{'bootstrap': False, 'criterion': 'absolute_error', 'max_depth': 26, 'max_features': 1.0, 'min_samples_leaf': 4, 'min_samples_split': 8, 'n_estimators': 200}",-9.242950015101178,-9.448722373599757,-9.848384441087612,-9.433894245254596,-9.478773357444245,-9.490544886497478,0.1972051489214097,27,-14.089605908472766,-14.61274207586065,-15.036184032105902,-13.86519153907857,-14.367675177076224,-14.394279746518823,0.4082242479701071,16,-0.4089398973119903,-0.3848016954283984,-0.4259818731117825,-0.3853570352515818,-0.4306811332127788,-0.4071523268633063,0.019421315147243188,1,1.9052016007248564,-0.3477353920678176,2.263426737160121,-0.04687556492919559,1.7533212778782397,1.1054677317532406,1.0807267859271523,83,-13.63055022156573,-11.825554681353266,-14.21634574468085,-12.179638389366692,-13.039919524142755,-12.978401712221858,0.8864160049824187,28,9.490544886497478,14.394279746518823,0.4071523268633063,12.978401712221858,1.1054677317532406,n200__absolute_error__boostrap_false
