mean_fit_time,std_fit_time,mean_score_time,std_score_time,param_bootstrap,param_criterion,param_max_depth,param_max_features,param_max_samples,param_min_samples_leaf,param_min_samples_split,param_n_estimators,params,split0_test_MAE,split1_test_MAE,split2_test_MAE,split3_test_MAE,split4_test_MAE,mean_test_MAE,std_test_MAE,rank_test_MAE,split0_test_RMSE,split1_test_RMSE,split2_test_RMSE,split3_test_RMSE,split4_test_RMSE,mean_test_RMSE,std_test_RMSE,rank_test_RMSE,split0_test_overestimation_rate,split1_test_overestimation_rate,split2_test_overestimation_rate,split3_test_overestimation_rate,split4_test_overestimation_rate,mean_test_overestimation_rate,std_test_overestimation_rate,rank_test_overestimation_rate,split0_test_mean_signed_error,split1_test_mean_signed_error,split2_test_mean_signed_error,split3_test_mean_signed_error,split4_test_mean_signed_error,mean_test_mean_signed_error,std_test_mean_signed_error,rank_test_mean_signed_error,split0_test_mean_overestimation,split1_test_mean_overestimation,split2_test_mean_overestimation,split3_test_mean_overestimation,split4_test_mean_overestimation,mean_test_mean_overestimation,std_test_mean_overestimation,rank_test_mean_overestimation,mean_MAE,mean_RMSE,overestimation_rate,mean_overstimation,mean_signed_error,chunk_id
12.68556752204895,0.6278518171471178,0.8090317249298096,0.5363123790080685,True,squared_error,20,0.875,1.0,1,2,200,"{'bootstrap': True, 'criterion': 'squared_error', 'max_depth': 20, 'max_features': 0.875, 'max_samples': 1.0, 'min_samples_leaf': 1, 'min_samples_split': 2, 'n_estimators': 200}",-9.993958267425452,-10.266629504481195,-10.47188747675094,-10.160272297015373,-10.084953517186726,-10.195540212571938,0.1646390120939422,82,-14.152857861466192,-14.716799326147935,-14.956134690333817,-14.010019013886648,-14.21783897512979,-14.410729973392876,0.36205496553594985,34,-0.413470250679553,-0.38419618528610355,-0.4283987915407855,-0.3817414884001205,-0.43248945147679324,-0.40805923347667117,0.02145637926494826,88,0.8442855660726786,-1.3423725125180903,1.344921611186936,-1.1787900016698938,0.5801308513321712,0.04963510288076034,1.0988517347845284,74,-13.106437301940215,-11.61419261010801,-13.791832891775167,-11.763827836721251,-12.329878026043799,-12.52123373331769,0.8233941627556283,26,10.195540212571938,14.410729973392876,0.40805923347667117,12.52123373331769,0.04963510288076034,n200__squared_error__boostrap_true__samples_1.0
12.961510038375854,0.20463005280666624,0.4718911647796631,0.15202943148385978,True,squared_error,20,0.875,1.0,1,4,200,"{'bootstrap': True, 'criterion': 'squared_error', 'max_depth': 20, 'max_features': 0.875, 'max_samples': 1.0, 'min_samples_leaf': 1, 'min_samples_split': 4, 'n_estimators': 200}",-10.023171832316896,-10.21310658184119,-10.513885582532575,-10.163185386669495,-10.104797032291938,-10.20362928313042,0.16752146407576024,86,-14.18863242751148,-14.638257733837166,-15.018486779769754,-14.01774415785339,-14.240493046560918,-14.420722829106541,0.361492382769709,50,-0.41316822712171547,-0.38449894035725096,-0.4308157099697885,-0.38686351310635736,-0.4321880650994575,-0.409506891130914,0.020591391232249345,96,0.8453201224552476,-1.3277555241848502,1.4004060857197225,-1.2266601531706258,0.5350365305967791,0.04526941228325463,1.1152892600898872,75,-13.152623122167606,-11.554454544660977,-13.827596571498987,-11.549971670554031,-12.309263515224814,-12.478781884821283,0.8965677883653352,4,10.20362928313042,14.420722829106541,0.409506891130914,12.478781884821283,0.04526941228325463,n200__squared_error__boostrap_true__samples_1.0
12.899476528167725,0.02979916713910994,0.40297527313232423,0.007347542708301543,True,squared_error,20,0.875,1.0,1,8,200,"{'bootstrap': True, 'criterion': 'squared_error', 'max_depth': 20, 'max_features': 0.875, 'max_samples': 1.0, 'min_samples_leaf': 1, 'min_samples_split': 8, 'n_estimators': 200}",-10.068590603960319,-10.23319719226145,-10.568187750314102,-10.220935108788074,-10.04457861746404,-10.227097854557597,0.18700551796358927,92,-14.244001926826668,-14.656202610261971,-15.08524209972771,-14.067527009880267,-14.124728334766793,-14.43554039629268,0.38458525493687207,67,-0.4119601328903654,-0.38268240993036634,-0.4268882175226586,-0.3847544441096716,-0.43248945147679324,-0.40775493118597106,0.02075194732690491,82,0.9062231388760658,-1.4044838381426252,1.3564549117516347,-1.238656359249347,0.5350115379740906,0.030909878241963784,1.13573896436311,83,-13.32023764755545,-11.535300715448765,-13.966938149836373,-11.672742039827343,-12.231038374823594,-12.545251385498304,0.9488729833402682,42,10.227097854557597,14.43554039629268,0.40775493118597106,12.545251385498304,0.030909878241963784,n200__squared_error__boostrap_true__samples_1.0
11.056847667694091,0.9975680476374198,0.9188903331756592,0.31972256003519045,True,squared_error,20,0.875,1.0,2,2,200,"{'bootstrap': True, 'criterion': 'squared_error', 'max_depth': 20, 'max_features': 0.875, 'max_samples': 1.0, 'min_samples_leaf': 2, 'min_samples_split': 2, 'n_estimators': 200}",-9.931984195314788,-10.174045692690028,-10.482412489417618,-10.078421758404916,-10.026975208192098,-10.138767868803889,0.18880407292401818,29,-14.141016167279636,-14.626098251910607,-15.06585267586955,-13.937969382069562,-14.178591258621415,-14.389905547150153,0.4058417090104328,12,-0.41165810933252794,-0.3835906751438087,-0.42356495468277944,-0.3814401928291654,-0.4321880650994575,-0.4064883994175478,0.020642315212707835,50,0.9578437556555499,-1.3388785038164825,1.409903874502805,-1.1948621934879586,0.6149725874068803,0.0897959040521588,1.136966109110932,22,-13.226786627169036,-11.516399851953164,-14.038362041575109,-11.644760740900228,-12.31170947900886,-12.54760374812128,0.9610205773086556,45,10.138767868803889,14.389905547150153,0.4064883994175478,12.54760374812128,0.0897959040521588,n200__squared_error__boostrap_true__samples_1.0
11.126617336273194,0.3357913949453876,0.5563257694244385,0.25046700785035075,True,squared_error,20,0.875,1.0,2,4,200,"{'bootstrap': True, 'criterion': 'squared_error', 'max_depth': 20, 'max_features': 0.875, 'max_samples': 1.0, 'min_samples_leaf': 2, 'min_samples_split': 4, 'n_estimators': 200}",-9.931984195314788,-10.174045692690028,-10.482412489417618,-10.078421758404913,-10.026975208192098,-10.138767868803889,0.18880407292401843,29,-14.141016167279636,-14.626098251910607,-15.065852675869552,-13.937969382069562,-14.178591258621415,-14.389905547150153,0.4058417090104335,12,-0.41165810933252794,-0.3835906751438087,-0.42356495468277944,-0.3814401928291654,-0.4321880650994575,-0.4064883994175478,0.020642315212707835,50,0.9578437556555502,-1.3388785038164825,1.409903874502805,-1.1948621934879577,0.6149725874068807,0.08979590405215913,1.136966109110932,21,-13.226786627169036,-11.516399851953164,-14.038362041575109,-11.644760740900228,-12.31170947900886,-12.54760374812128,0.9610205773086556,45,10.138767868803889,14.389905547150153,0.4064883994175478,12.54760374812128,0.08979590405215913,n200__squared_error__boostrap_true__samples_1.0
11.132811164855957,0.045469119464989695,0.4441054821014404,0.047490765373081605,True,squared_error,20,0.875,1.0,2,8,200,"{'bootstrap': True, 'criterion': 'squared_error', 'max_depth': 20, 'max_features': 0.875, 'max_samples': 1.0, 'min_samples_leaf': 2, 'min_samples_split': 8, 'n_estimators': 200}",-9.980962220606385,-10.222669341923172,-10.535356728983393,-10.146675863291765,-10.082101923448466,-10.193553215650635,0.18840976535591278,79,-14.200241058119225,-14.645589127345916,-15.055486368546752,-13.980712826599888,-14.207307487888542,-14.417867373700066,0.3850236243321845,45,-0.41165810933252794,-0.38116863457462913,-0.4268882175226586,-0.385959626393492,-0.4294755877034358,-0.40703003510534863,0.020161068781688732,67,0.8836451102574746,-1.4206553385248293,1.4073452237401247,-1.2518624228602069,0.5819838778425421,0.04009129009102106,1.1556417310462133,79,-13.196153658286956,-11.546089060057477,-13.988090397563639,-11.522984312565317,-12.415240943397741,-12.533711674374228,0.9555156089602564,35,10.193553215650635,14.417867373700066,0.40703003510534863,12.533711674374228,0.04009129009102106,n200__squared_error__boostrap_true__samples_1.0
9.799138832092286,1.159118688664196,1.1754194259643556,0.6686259670142797,True,squared_error,20,0.875,1.0,3,2,200,"{'bootstrap': True, 'criterion': 'squared_error', 'max_depth': 20, 'max_features': 0.875, 'max_samples': 1.0, 'min_samples_leaf': 3, 'min_samples_split': 2, 'n_estimators': 200}",-9.99434596268404,-10.19412242843833,-10.485173553402891,-10.120938912049985,-10.027350065231586,-10.164386184361366,0.17513938492178924,53,-14.225128787916635,-14.648127864096955,-15.061418613142026,-13.998338503553038,-14.180854749217982,-14.422773703585326,0.38376694760255414,55,-0.41316822712171547,-0.3832879200726612,-0.42900302114803623,-0.38264537511298585,-0.4321880650994575,-0.40805852171097123,0.02147755449638152,86,0.9386510575361705,-1.3569653030407642,1.4049865984600727,-1.2024989064650964,0.6173312731693812,0.08030094393195275,1.1394093466549726,42,-13.230684624981405,-11.528092411211752,-13.857897923474088,-11.653662353754427,-12.314871924970156,-12.517041847678367,0.9023855989164423,21,10.164386184361366,14.422773703585326,0.40805852171097123,12.517041847678367,0.08030094393195275,n200__squared_error__boostrap_true__samples_1.0
9.966309785842896,0.5083245403088453,0.6473951816558838,0.5011324133353317,True,squared_error,20,0.875,1.0,3,4,200,"{'bootstrap': True, 'criterion': 'squared_error', 'max_depth': 20, 'max_features': 0.875, 'max_samples': 1.0, 'min_samples_leaf': 3, 'min_samples_split': 4, 'n_estimators': 200}",-9.99434596268404,-10.19412242843833,-10.485173553402891,-10.120938912049983,-10.027350065231584,-10.164386184361366,0.1751393849217896,53,-14.225128787916635,-14.648127864096955,-15.061418613142026,-13.998338503553038,-14.180854749217982,-14.422773703585326,0.38376694760255414,55,-0.41316822712171547,-0.3832879200726612,-0.42900302114803623,-0.38264537511298585,-0.4321880650994575,-0.40805852171097123,0.02147755449638152,86,0.9386510575361704,-1.3569653030407645,1.4049865984600727,-1.2024989064650966,0.6173312731693811,0.08030094393195261,1.1394093466549728,43,-13.230684624981405,-11.528092411211752,-13.857897923474086,-11.653662353754427,-12.314871924970156,-12.517041847678366,0.9023855989164419,20,10.164386184361366,14.422773703585326,0.40805852171097123,12.517041847678366,0.08030094393195261,n200__squared_error__boostrap_true__samples_1.0
10.092104291915893,0.1303361423577904,0.48780083656311035,0.10879818844774686,True,squared_error,20,0.875,1.0,3,8,200,"{'bootstrap': True, 'criterion': 'squared_error', 'max_depth': 20, 'max_features': 0.875, 'max_samples': 1.0, 'min_samples_leaf': 3, 'min_samples_split': 8, 'n_estimators': 200}",-10.028391056278936,-10.166759097961828,-10.537199799049318,-10.144153875325307,-10.063694390699874,-10.188039643863053,0.18179166635768443,71,-14.240191729702255,-14.592498838760582,-15.104970557852717,-14.038723331518584,-14.20709831261143,-14.436696554089114,0.3796252574303275,69,-0.41618846270009063,-0.3848016954283984,-0.4241691842900302,-0.3856583308225369,-0.4321880650994575,-0.40860114766810274,0.019743660042094508,91,0.9498657548920293,-1.3636007567824533,1.3914453215893743,-1.1885432458171377,0.6149859084032007,0.08083059645700266,1.1363051392369317,40,-13.189045102244943,-11.438564909880204,-14.061187802462277,-11.610809249741255,-12.354205450635982,-12.530762502992932,0.9844713851646852,34,10.188039643863053,14.436696554089114,0.40860114766810274,12.530762502992932,0.08083059645700266,n200__squared_error__boostrap_true__samples_1.0
9.393487739562989,0.9981361686838034,1.0623104572296143,0.9235284486765448,True,squared_error,20,0.875,1.0,4,2,200,"{'bootstrap': True, 'criterion': 'squared_error', 'max_depth': 20, 'max_features': 0.875, 'max_samples': 1.0, 'min_samples_leaf': 4, 'min_samples_split': 2, 'n_estimators': 200}",-10.004706662291515,-10.225222552126727,-10.566154469212439,-10.117465575479992,-10.050204497597756,-10.192750751341686,0.20091422346543217,76,-14.208981769725227,-14.686452010825477,-15.17354723704485,-13.985302822970798,-14.201996064147517,-14.451255980942776,0.42777598718956183,92,-0.4152823920265781,-0.38449894035725096,-0.4244712990936556,-0.38354926182585114,-0.4318866787221218,-0.4079377144050915,0.02022389355169501,83,0.9802249297353137,-1.3617804582835102,1.4246339722180965,-1.1207328661467357,0.647456464638941,0.11396040843242103,1.1362373028244737,2,-13.225857636800301,-11.52596426612762,-14.1243806907954,-11.72826231825494,-12.384800792987216,-12.597853140993095,0.966974794821572,86,10.192750751341686,14.451255980942776,0.4079377144050915,12.597853140993095,0.11396040843242103,n200__squared_error__boostrap_true__samples_1.0
8.692502450942992,0.636829851793233,1.898601484298706,0.3812830412336317,True,squared_error,20,0.875,1.0,4,4,200,"{'bootstrap': True, 'criterion': 'squared_error', 'max_depth': 20, 'max_features': 0.875, 'max_samples': 1.0, 'min_samples_leaf': 4, 'min_samples_split': 4, 'n_estimators': 200}",-10.004706662291513,-10.225222552126727,-10.56615446921244,-10.117465575479992,-10.050204497597756,-10.192750751341686,0.2009142234654331,76,-14.208981769725229,-14.686452010825477,-15.173547237044852,-13.985302822970798,-14.201996064147517,-14.451255980942776,0.4277759871895622,92,-0.4152823920265781,-0.38449894035725096,-0.4244712990936556,-0.38354926182585114,-0.4318866787221218,-0.4079377144050915,0.02022389355169501,83,0.9802249297353129,-1.3617804582835107,1.4246339722180965,-1.1207328661467364,0.6474564646389412,0.11396040843242072,1.1362373028244739,3,-13.225857636800301,-11.52596426612762,-14.1243806907954,-11.72826231825494,-12.38480079298722,-12.597853140993097,0.9669747948215718,88,10.192750751341686,14.451255980942776,0.4079377144050915,12.597853140993097,0.11396040843242072,n200__squared_error__boostrap_true__samples_1.0
9.721157932281494,0.08475330941027115,1.3689323902130126,0.05521846768162163,True,squared_error,20,0.875,1.0,4,8,200,"{'bootstrap': True, 'criterion': 'squared_error', 'max_depth': 20, 'max_features': 0.875, 'max_samples': 1.0, 'min_samples_leaf': 4, 'min_samples_split': 8, 'n_estimators': 200}",-10.004706662291513,-10.225222552126729,-10.566154469212439,-10.117465575479992,-10.050204497597758,-10.192750751341686,0.2009142234654323,76,-14.208981769725229,-14.686452010825477,-15.173547237044852,-13.985302822970798,-14.201996064147517,-14.451255980942776,0.4277759871895622,92,-0.4152823920265781,-0.38449894035725096,-0.4244712990936556,-0.38354926182585114,-0.4318866787221218,-0.4079377144050915,0.02022389355169501,83,0.9802249297353136,-1.3617804582835102,1.4246339722180976,-1.1207328661467364,0.647456464638942,0.11396040843242132,1.136237302824474,1,-13.225857636800301,-11.525964266127621,-14.1243806907954,-11.72826231825494,-12.384800792987216,-12.597853140993095,0.9669747948215716,86,10.192750751341686,14.451255980942776,0.4079377144050915,12.597853140993095,0.11396040843242132,n200__squared_error__boostrap_true__samples_1.0
12.378671598434448,0.5076792359833715,2.9277621269226075,0.7463698445879806,True,squared_error,20,1.0,1.0,1,2,200,"{'bootstrap': True, 'criterion': 'squared_error', 'max_depth': 20, 'max_features': 1.0, 'max_samples': 1.0, 'min_samples_leaf': 1, 'min_samples_split': 2, 'n_estimators': 200}",-9.968745558950161,-10.163189560640513,-10.437567695436352,-10.059715203990272,-10.071930976777935,-10.140229799159046,0.16092926957129722,32,-14.156632727813273,-14.698571969361216,-14.96600778919756,-13.936902052705634,-14.247642686079223,-14.40115144503138,0.37587324944913597,21,-0.4074297795228028,-0.38116863457462913,-0.4256797583081571,-0.3844531485387165,-0.42917420132610007,-0.40558110445408113,0.02003180926948381,31,0.8447102934473643,-1.234353553293596,1.39304007281808,-1.1522074139403697,0.49591146313462264,0.06942017243322023,1.0702466184170494,63,-13.270330736578284,-11.712448503680248,-13.896136164983025,-11.58464669089954,-12.31183329200487,-12.555079077629193,0.89676673229583,57,10.140229799159046,14.40115144503138,0.40558110445408113,12.555079077629193,0.06942017243322023,n200__squared_error__boostrap_true__samples_1.0
12.721499586105347,0.23093841778686836,1.5647924423217774,0.11620461325831828,True,squared_error,20,1.0,1.0,1,4,200,"{'bootstrap': True, 'criterion': 'squared_error', 'max_depth': 20, 'max_features': 1.0, 'max_samples': 1.0, 'min_samples_leaf': 1, 'min_samples_split': 4, 'n_estimators': 200}",-9.925217641979692,-10.169060232331203,-10.498907849685756,-10.162307185720062,-10.065640912623532,-10.164226764468049,0.18914703635701977,52,-14.130137747707016,-14.715016633049654,-15.052163111343457,-14.04125607306656,-14.198338351791483,-14.427382383391635,0.3906388329330638,62,-0.4077318030806403,-0.38449894035725096,-0.42628398791540784,-0.38354926182585114,-0.43399638336347196,-0.4072120753085245,0.020771241497101606,75,0.8638201414948321,-1.1715217934752793,1.3499120324412537,-1.223068835881042,0.5647886277949768,0.07678603447494828,1.0701695324300131,50,-13.230557074475609,-11.700342308480757,-13.897800783075974,-11.653311894389512,-12.247140699690494,-12.545830552022469,0.882873656678227,44,10.164226764468049,14.427382383391635,0.4072120753085245,12.545830552022469,0.07678603447494828,n200__squared_error__boostrap_true__samples_1.0
11.893772220611572,0.13192507883154753,1.747765588760376,0.251205774048437,True,squared_error,20,1.0,1.0,1,8,200,"{'bootstrap': True, 'criterion': 'squared_error', 'max_depth': 20, 'max_features': 1.0, 'max_samples': 1.0, 'min_samples_leaf': 1, 'min_samples_split': 8, 'n_estimators': 200}",-9.93462329068136,-10.224654849726424,-10.513789273479123,-10.12535471969912,-10.02906030421906,-10.165496487561018,0.19916636424161605,55,-14.101500695879873,-14.727743827991102,-15.078436230776596,-14.02030865788488,-14.161289378309537,-14.417855758168397,0.4138472438625156,44,-0.40622168529145275,-0.3799576142900394,-0.4259818731117825,-0.3844531485387165,-0.42766726943942135,-0.40485631813428247,0.020023623961188574,6,0.8220536160761328,-1.284428410589198,1.2865439820799125,-1.2096748820853054,0.49742875882206034,0.02238461286072043,1.0666740123810374,88,-13.239909754005227,-11.764768098992132,-13.850745771595891,-11.595274835830823,-12.306867762921225,-12.551513244669058,0.8666148098912483,52,10.165496487561018,14.417855758168397,0.40485631813428247,12.551513244669058,0.02238461286072043,n200__squared_error__boostrap_true__samples_1.0
10.609631872177124,0.8991831114748369,2.7723843097686767,0.6935021223189918,True,squared_error,20,1.0,1.0,2,2,200,"{'bootstrap': True, 'criterion': 'squared_error', 'max_depth': 20, 'max_features': 1.0, 'max_samples': 1.0, 'min_samples_leaf': 2, 'min_samples_split': 2, 'n_estimators': 200}",-9.877021162159163,-10.144291371006926,-10.447709041275543,-10.053655860515171,-9.99352733604694,-10.103240954200748,0.19288056074600884,10,-14.111979387103675,-14.762668294049583,-15.038370904507975,-13.954599077264454,-14.205330477923624,-14.414589628169864,0.4140568789991985,42,-0.41165810933252794,-0.3823796548592189,-0.4253776435045317,-0.3814401928291654,-0.43248945147679324,-0.40666901040044745,0.021298193664288104,53,0.9114276704892892,-1.2107995911732419,1.397259750559918,-1.1533250698150728,0.5970865545366961,0.10832986291951774,1.0841646676889285,4,-13.103651535179392,-11.6814423391887,-13.922885902335004,-11.666744823986425,-12.243782888138156,-12.523701497765536,0.8736347867208116,27,10.103240954200748,14.414589628169864,0.40666901040044745,12.523701497765536,0.10832986291951774,n200__squared_error__boostrap_true__samples_1.0
11.653467416763306,0.09582036098585685,1.5589543342590333,0.18542184692698013,True,squared_error,20,1.0,1.0,2,4,200,"{'bootstrap': True, 'criterion': 'squared_error', 'max_depth': 20, 'max_features': 1.0, 'max_samples': 1.0, 'min_samples_leaf': 2, 'min_samples_split': 4, 'n_estimators': 200}",-9.877021162159163,-10.144291371006926,-10.447709041275543,-10.053655860515171,-9.99352733604694,-10.103240954200748,0.19288056074600884,10,-14.111979387103675,-14.762668294049583,-15.038370904507975,-13.954599077264454,-14.205330477923624,-14.414589628169864,0.4140568789991985,42,-0.41165810933252794,-0.3823796548592189,-0.4253776435045317,-0.3814401928291654,-0.43248945147679324,-0.40666901040044745,0.021298193664288104,53,0.9114276704892883,-1.2107995911732414,1.3972597505599174,-1.1533250698150723,0.5970865545366965,0.10832986291951767,1.084164667688928,5,-13.103651535179392,-11.681442339188699,-13.922885902335004,-11.666744823986425,-12.243782888138156,-12.523701497765536,0.873634786720812,27,10.103240954200748,14.414589628169864,0.40666901040044745,12.523701497765536,0.10832986291951767,n200__squared_error__boostrap_true__samples_1.0
11.017684412002563,0.24664331109982604,1.6333746910095215,0.24460220501795674,True,squared_error,20,1.0,1.0,2,8,200,"{'bootstrap': True, 'criterion': 'squared_error', 'max_depth': 20, 'max_features': 1.0, 'max_samples': 1.0, 'min_samples_leaf': 2, 'min_samples_split': 8, 'n_estimators': 200}",-9.880861387251844,-10.176342005194153,-10.441145976674221,-10.089877768145278,-9.998948634546982,-10.117435154362497,0.18922173540831835,22,-14.089241494592793,-14.768143257362633,-15.010943371547638,-13.998545216667328,-14.232189894095612,-14.419812646853199,0.398174730411201,49,-0.40954394442766534,-0.3787465940054496,-0.42114803625377645,-0.3850557396806267,-0.43248945147679324,-0.4053967531688623,0.020607300788441817,17,0.8706250611453435,-1.236787686917574,1.3458786037507886,-1.2061177967225758,0.5735438588387681,0.06942840801895009,1.0824594379487653,62,-13.126169480325624,-11.801497966933468,-13.99392086126499,-11.535680494973375,-12.222832785036207,-12.536020317706733,0.9068670579968354,36,10.117435154362497,14.419812646853199,0.4053967531688623,12.536020317706733,0.06942840801895009,n200__squared_error__boostrap_true__samples_1.0
10.088169193267822,1.0153656108299298,1.927682876586914,0.6547216827315089,True,squared_error,20,1.0,1.0,3,2,200,"{'bootstrap': True, 'criterion': 'squared_error', 'max_depth': 20, 'max_features': 1.0, 'max_samples': 1.0, 'min_samples_leaf': 3, 'min_samples_split': 2, 'n_estimators': 200}",-9.935598989713787,-10.152564275092974,-10.425041777176679,-10.061753580497186,-9.959743544631161,-10.106940433422356,0.1768257141404024,14,-14.175015695236626,-14.720487457007783,-14.989272512751366,-13.968589869780548,-14.172363510431449,-14.405145809041553,0.38428450836823513,24,-0.4077318030806403,-0.38298516500151375,-0.4256797583081571,-0.3799337149743899,-0.42887281494876434,-0.405040651262693,0.020581495512732022,10,0.9384255572888162,-1.1990493876489372,1.392176399150271,-1.1939731089986632,0.5895514534337437,0.10542618264504607,1.0930769770027517,7,-13.334776027824303,-11.689114495346901,-13.88040885863811,-11.670167876646945,-12.298861842438283,-12.574665820178907,0.8900694268599744,71,10.106940433422356,14.405145809041553,0.405040651262693,12.574665820178907,0.10542618264504607,n200__squared_error__boostrap_true__samples_1.0
10.149102830886841,0.6676904466893891,1.7360909461975098,0.7251226753259322,True,squared_error,20,1.0,1.0,3,4,200,"{'bootstrap': True, 'criterion': 'squared_error', 'max_depth': 20, 'max_features': 1.0, 'max_samples': 1.0, 'min_samples_leaf': 3, 'min_samples_split': 4, 'n_estimators': 200}",-9.935598989713787,-10.152564275092974,-10.425041777176679,-10.061753580497186,-9.959743544631161,-10.106940433422356,0.1768257141404024,14,-14.175015695236628,-14.720487457007783,-14.98927251275137,-13.968589869780548,-14.172363510431449,-14.405145809041557,0.38428450836823597,25,-0.4077318030806403,-0.38298516500151375,-0.4256797583081571,-0.3799337149743899,-0.42887281494876434,-0.405040651262693,0.020581495512732022,10,0.9384255572888167,-1.1990493876489368,1.3921763991502716,-1.1939731089986627,0.5895514534337437,0.10542618264504651,1.0930769770027515,6,-13.334776027824303,-11.6891144953469,-13.880408858638114,-11.670167876646945,-12.298861842438283,-12.57466582017891,0.8900694268599763,72,10.106940433422356,14.405145809041557,0.405040651262693,12.57466582017891,0.10542618264504651,n200__squared_error__boostrap_true__samples_1.0
10.016159152984619,0.2561361397528985,1.5517171382904054,0.14855592255778205,True,squared_error,20,1.0,1.0,3,8,200,"{'bootstrap': True, 'criterion': 'squared_error', 'max_depth': 20, 'max_features': 1.0, 'max_samples': 1.0, 'min_samples_leaf': 3, 'min_samples_split': 8, 'n_estimators': 200}",-9.95252759658669,-10.127650008910173,-10.443767268984663,-10.043346791373011,-10.024320385725417,-10.118322410315992,0.17201569954626225,23,-14.211274144906252,-14.677690505086215,-15.04463647204195,-13.94622861022885,-14.229674165801804,-14.421900779613015,0.3900786559950333,53,-0.4113560857746904,-0.38116863457462913,-0.4253776435045317,-0.38264537511298585,-0.42887281494876434,-0.40588411078312026,0.020441694877105853,35,0.918366769815098,-1.2650522460576152,1.3396749787596134,-1.1410839333600087,0.5496591358494343,0.08031294100130434,1.0780009855287058,41,-13.213484305123464,-11.62556013133519,-13.850565994330099,-11.632523789663447,-12.327640215244331,-12.529954887139306,0.8803942113839841,32,10.118322410315992,14.421900779613015,0.40588411078312026,12.529954887139306,0.08031294100130434,n200__squared_error__boostrap_true__samples_1.0
9.610804557800293,0.26196893303263824,1.3872732639312744,0.24899183829422175,True,squared_error,20,1.0,1.0,4,2,200,"{'bootstrap': True, 'criterion': 'squared_error', 'max_depth': 20, 'max_features': 1.0, 'max_samples': 1.0, 'min_samples_leaf': 4, 'min_samples_split': 2, 'n_estimators': 200}",-9.996534169857805,-10.171918348121109,-10.457340823273867,-10.071809493621515,-10.043462764619447,-10.148213119898749,0.16488694900690212,48,-14.209805469856542,-14.727755683436806,-15.05372485819343,-13.97081767028782,-14.27191622719332,-14.446803981793584,0.39002661421409074,89,-0.41226215644820297,-0.38056312443233425,-0.41963746223564957,-0.3844531485387165,-0.43007836045810727,-0.40539885042260215,0.019567610811893104,21,0.9417748649988696,-1.267199305787566,1.368651422878272,-1.1433273679984504,0.5916542116124499,0.09831076514071505,1.0931484654976282,14,-13.26620557304412,-11.699398168984759,-14.090725102506688,-11.611924833441593,-12.364161922612976,-12.606483120118028,0.9496185375306585,92,10.148213119898749,14.446803981793584,0.40539885042260215,12.606483120118028,0.09831076514071505,n200__squared_error__boostrap_true__samples_1.0
8.778838682174683,0.5114934691576701,2.7157965183258055,0.14684375827120674,True,squared_error,20,1.0,1.0,4,4,200,"{'bootstrap': True, 'criterion': 'squared_error', 'max_depth': 20, 'max_features': 1.0, 'max_samples': 1.0, 'min_samples_leaf': 4, 'min_samples_split': 4, 'n_estimators': 200}",-9.996534169857805,-10.171918348121105,-10.457340823273869,-10.071809493621515,-10.043462764619447,-10.148213119898749,0.16488694900690268,48,-14.209805469856546,-14.727755683436806,-15.05372485819343,-13.970817670287818,-14.27191622719332,-14.446803981793582,0.39002661421409074,88,-0.41226215644820297,-0.38056312443233425,-0.41963746223564957,-0.3844531485387165,-0.43007836045810727,-0.40539885042260215,0.019567610811893104,21,0.9417748649988703,-1.267199305787566,1.368651422878272,-1.1433273679984508,0.591654211612451,0.09831076514071535,1.0931484654976285,13,-13.266205573044122,-11.699398168984759,-14.090725102506688,-11.611924833441593,-12.364161922612976,-12.606483120118028,0.9496185375306587,92,10.148213119898749,14.446803981793582,0.40539885042260215,12.606483120118028,0.09831076514071535,n200__squared_error__boostrap_true__samples_1.0
10.172160816192626,0.4088302992588192,2.2706600189208985,0.18096263578638172,True,squared_error,20,1.0,1.0,4,8,200,"{'bootstrap': True, 'criterion': 'squared_error', 'max_depth': 20, 'max_features': 1.0, 'max_samples': 1.0, 'min_samples_leaf': 4, 'min_samples_split': 8, 'n_estimators': 200}",-9.996534169857805,-10.171918348121105,-10.457340823273867,-10.071809493621515,-10.043462764619447,-10.148213119898747,0.16488694900690204,47,-14.209805469856544,-14.727755683436806,-15.05372485819343,-13.97081767028782,-14.27191622719332,-14.446803981793584,0.3900266142140905,89,-0.41226215644820297,-0.38056312443233425,-0.41963746223564957,-0.3844531485387165,-0.43007836045810727,-0.40539885042260215,0.019567610811893104,21,0.9417748649988691,-1.267199305787566,1.3686514228782718,-1.1433273679984506,0.5916542116124499,0.09831076514071486,1.093148465497628,15,-13.26620557304412,-11.699398168984759,-14.090725102506688,-11.611924833441593,-12.364161922612976,-12.606483120118028,0.9496185375306585,92,10.148213119898747,14.446803981793584,0.40539885042260215,12.606483120118028,0.09831076514071486,n200__squared_error__boostrap_true__samples_1.0
12.296324634552002,0.08431361625455851,1.6497026443481446,0.382775594375862,True,squared_error,22,0.875,1.0,1,2,200,"{'bootstrap': True, 'criterion': 'squared_error', 'max_depth': 22, 'max_features': 0.875, 'max_samples': 1.0, 'min_samples_leaf': 1, 'min_samples_split': 2, 'n_estimators': 200}",-10.039469081158968,-10.30269469792167,-10.507494663619813,-10.12724192670846,-10.043274054249851,-10.204034884731751,0.17924547573995486,87,-14.224975509220824,-14.736192858176093,-14.978355164788212,-13.946101726248472,-14.153286632563926,-14.407782378199505,0.38593839105027733,29,-0.412866203563878,-0.38449894035725096,-0.4283987915407855,-0.38324796625489604,-0.4282700421940928,-0.40745638878218066,0.02007062857545792,78,0.8660602366966301,-1.3176539875108153,1.387372673164421,-1.1658338582455494,0.5566099983202099,0.06531101248497924,1.1007934349491941,67,-13.20709859964151,-11.684090341136635,-13.882937547516155,-11.691396768564623,-12.375234090931551,-12.568151469558094,0.8630638290775818,63,10.204034884731751,14.407782378199505,0.40745638878218066,12.568151469558094,0.06531101248497924,n200__squared_error__boostrap_true__samples_1.0
10.481050777435303,0.42836072325462987,2.359672737121582,0.1832262506563557,True,squared_error,22,0.875,1.0,1,4,200,"{'bootstrap': True, 'criterion': 'squared_error', 'max_depth': 22, 'max_features': 0.875, 'max_samples': 1.0, 'min_samples_leaf': 1, 'min_samples_split': 4, 'n_estimators': 200}",-9.999622118748118,-10.293639877847097,-10.533852697211172,-10.207631664919285,-10.073082809135832,-10.221565833572301,0.18666447718370965,90,-14.153675917948519,-14.734072248490115,-15.072656796334394,-14.06088449398573,-14.178075762138,-14.439873043779352,0.3952334454302646,77,-0.4113560857746904,-0.38449894035725096,-0.42779456193353477,-0.3856583308225369,-0.4358047016274864,-0.4090225241030999,0.021082749511016435,95,0.8098876022097036,-1.3480176689385,1.3712098818142249,-1.2539004814452654,0.5517002052381901,0.026175907775670627,1.1159300826716232,86,-13.138871764350712,-11.632830770088622,-13.914462265739427,-11.608372577324326,-12.189844412756914,-12.496876358051999,0.9002211138671065,10,10.221565833572301,14.439873043779352,0.4090225241030999,12.496876358051999,0.026175907775670627,n200__squared_error__boostrap_true__samples_1.0
9.258988857269287,0.24979207407801543,2.5562863826751707,0.11193804622558279,True,squared_error,22,0.875,1.0,1,8,200,"{'bootstrap': True, 'criterion': 'squared_error', 'max_depth': 22, 'max_features': 0.875, 'max_samples': 1.0, 'min_samples_leaf': 1, 'min_samples_split': 8, 'n_estimators': 200}",-10.055110230432046,-10.273235454768628,-10.557919613256573,-10.20418807169526,-10.107415255346798,-10.23957372509986,0.17619421273695896,94,-14.218536038767098,-14.662216095142437,-15.059864575657322,-14.031077101947028,-14.254151725836516,-14.445169107470079,0.3699411548940055,84,-0.4098459679855029,-0.3814713896457766,-0.42749244712990936,-0.38234407954203076,-0.4294755877034358,-0.40612589440133107,0.020923651798961,41,0.872931083588935,-1.4333418729400336,1.2983069013166366,-1.2574076235274978,0.4839281231897878,-0.00711667767443439,1.124018285975709,94,-13.331888279559129,-11.586574801896766,-13.867176594783508,-11.699907134542475,-12.33055344911733,-12.563220051979844,0.8993811645372618,62,10.23957372509986,14.445169107470079,0.40612589440133107,12.563220051979844,-0.00711667767443439,n200__squared_error__boostrap_true__samples_1.0
10.49862322807312,0.29785688632503976,1.4603554248809814,0.37105262651274934,True,squared_error,22,0.875,1.0,2,2,200,"{'bootstrap': True, 'criterion': 'squared_error', 'max_depth': 22, 'max_features': 0.875, 'max_samples': 1.0, 'min_samples_leaf': 2, 'min_samples_split': 2, 'n_estimators': 200}",-9.919843404575388,-10.175405809704834,-10.478534148583867,-10.118829909300194,-10.028344700796803,-10.144191594592218,0.1882312932970927,43,-14.095001069829266,-14.63018693561928,-15.042044132876507,-13.966513983640564,-14.1834674144396,-14.383442707281043,0.3979087354090061,4,-0.41165810933252794,-0.3787465940054496,-0.4229607250755287,-0.3838505573968063,-0.4342977697408077,-0.40630275111022407,0.021694846500367494,45,0.905215421228114,-1.3622913093915352,1.4176938125457528,-1.1773777408879753,0.6147935866008737,0.079606754019046,1.1329264441295561,45,-13.14811803823749,-11.634579214442379,-14.063040911192516,-11.647048566310895,-12.2532730178992,-12.549211949616495,0.9368455891585442,49,10.144191594592218,14.383442707281043,0.40630275111022407,12.549211949616495,0.079606754019046,n200__squared_error__boostrap_true__samples_1.0
9.375744390487672,0.2662261978868844,2.220507287979126,0.2573104564016385,True,squared_error,22,0.875,1.0,2,4,200,"{'bootstrap': True, 'criterion': 'squared_error', 'max_depth': 22, 'max_features': 0.875, 'max_samples': 1.0, 'min_samples_leaf': 2, 'min_samples_split': 4, 'n_estimators': 200}",-9.919843404575388,-10.175405809704836,-10.478534148583867,-10.118829909300194,-10.028344700796803,-10.144191594592218,0.18823129329709276,43,-14.095001069829266,-14.630186935619282,-15.042044132876509,-13.966513983640567,-14.1834674144396,-14.383442707281045,0.3979087354090062,5,-0.41165810933252794,-0.3787465940054496,-0.4229607250755287,-0.3838505573968063,-0.4342977697408077,-0.40630275111022407,0.021694846500367494,45,0.9052154212281145,-1.362291309391536,1.417693812545754,-1.1773777408879742,0.6147935866008748,0.07960675401904663,1.1329264441295566,44,-13.148118038237488,-11.634579214442375,-14.063040911192516,-11.647048566310895,-12.2532730178992,-12.549211949616495,0.9368455891585447,49,10.144191594592218,14.383442707281045,0.40630275111022407,12.549211949616495,0.07960675401904663,n200__squared_error__boostrap_true__samples_1.0
8.256261014938355,0.3467795093469585,2.6111788749694824,0.25491947428217443,True,squared_error,22,0.875,1.0,2,8,200,"{'bootstrap': True, 'criterion': 'squared_error', 'max_depth': 22, 'max_features': 0.875, 'max_samples': 1.0, 'min_samples_leaf': 2, 'min_samples_split': 8, 'n_estimators': 200}",-9.986832160029333,-10.214824917162632,-10.514957982161231,-10.18661766440477,-10.067344149613254,-10.194115374674244,0.1802566804117976,80,-14.215834128877912,-14.668089119631654,-15.076932715213903,-14.054919227045197,-14.230661465049183,-14.449287331163571,0.37406866195770455,91,-0.40954394442766534,-0.381774144716924,-0.4287009063444109,-0.38264537511298585,-0.4318866787221218,-0.40691020986482157,0.021569418091576028,59,0.8967674139140289,-1.3972095899244197,1.3875184286374298,-1.2328152483969048,0.5591335378354706,0.04267890841312096,1.1406094972723098,78,-13.287462459191175,-11.548209130003096,-13.882028512946993,-11.699870164854369,-12.302391125943778,-12.543992278587883,0.9061551978289952,41,10.194115374674244,14.449287331163571,0.40691020986482157,12.543992278587883,0.04267890841312096,n200__squared_error__boostrap_true__samples_1.0
9.148238945007325,0.3477761047219689,1.518928623199463,0.5680113225320429,True,squared_error,22,0.875,1.0,3,2,200,"{'bootstrap': True, 'criterion': 'squared_error', 'max_depth': 22, 'max_features': 0.875, 'max_samples': 1.0, 'min_samples_leaf': 3, 'min_samples_split': 2, 'n_estimators': 200}",-9.962139226321145,-10.255872616765785,-10.515717098349754,-10.131381204045327,-9.996439613052617,-10.172309951706925,0.2008424554569182,62,-14.177203072623639,-14.691360609087948,-15.100089838093133,-13.94444454967791,-14.14870613871573,-14.412360841639671,0.42298242937144154,37,-0.41226215644820297,-0.38207689978807147,-0.4232628398791541,-0.38264537511298585,-0.4294755877034358,-0.40594457178637,0.02003028371254673,36,0.9040177522484162,-1.3476013778868356,1.4247665149931235,-1.2127893298418826,0.5435487321160059,0.06238845832576545,1.1322613458394082,69,-13.178698079136932,-11.657694097471145,-14.105282212764068,-11.653860799402059,-12.270765378691047,-12.57326011349305,0.9474920723600724,65,10.172309951706925,14.412360841639671,0.40594457178637,12.57326011349305,0.06238845832576545,n200__squared_error__boostrap_true__samples_1.0
8.62257342338562,0.4593165497604118,1.7628379344940186,0.4809258663756063,True,squared_error,22,0.875,1.0,3,4,200,"{'bootstrap': True, 'criterion': 'squared_error', 'max_depth': 22, 'max_features': 0.875, 'max_samples': 1.0, 'min_samples_leaf': 3, 'min_samples_split': 4, 'n_estimators': 200}",-9.962139226321145,-10.255872616765785,-10.515717098349752,-10.131381204045327,-9.996439613052615,-10.172309951706925,0.20084245545691792,62,-14.177203072623639,-14.691360609087948,-15.100089838093133,-13.94444454967791,-14.148706138715726,-14.412360841639671,0.422982429371442,37,-0.41226215644820297,-0.38207689978807147,-0.4232628398791541,-0.38264537511298585,-0.4294755877034358,-0.40594457178637,0.02003028371254673,36,0.9040177522484165,-1.3476013778868363,1.4247665149931235,-1.2127893298418824,0.5435487321160066,0.06238845832576558,1.1322613458394082,68,-13.17869807913693,-11.657694097471145,-14.105282212764068,-11.65386079940206,-12.270765378691047,-12.57326011349305,0.9474920723600717,65,10.172309951706925,14.412360841639671,0.40594457178637,12.57326011349305,0.06238845832576558,n200__squared_error__boostrap_true__samples_1.0
7.543292999267578,0.40174961797980496,2.6140841484069823,0.3776849843160609,True,squared_error,22,0.875,1.0,3,8,200,"{'bootstrap': True, 'criterion': 'squared_error', 'max_depth': 22, 'max_features': 0.875, 'max_samples': 1.0, 'min_samples_leaf': 3, 'min_samples_split': 8, 'n_estimators': 200}",-9.984134424294858,-10.247456569465832,-10.514973650705079,-10.096168049032267,-10.03575193623024,-10.175696925945655,0.19124004645988185,65,-14.202778590627778,-14.71257392478001,-15.061150523168827,-13.964837819970255,-14.18168438947087,-14.424605049603548,0.4019252526160904,59,-0.41467834491090305,-0.3823796548592189,-0.4268882175226586,-0.3865622175354022,-0.4321880650994575,-0.408539299985528,0.02049855568057446,90,0.9421936407651277,-1.2956220667972675,1.4278052454811339,-1.2406252528351283,0.5765799138563175,0.08206629609403664,1.1351576318692946,35,-13.174461843923387,-11.705427300995359,-13.988180518887601,-11.454227022828647,-12.27744668012106,-12.51994867335121,0.9425611027235563,24,10.175696925945655,14.424605049603548,0.408539299985528,12.51994867335121,0.08206629609403664,n200__squared_error__boostrap_true__samples_1.0
8.394924640655518,0.5007759510334081,1.720658826828003,0.551695421560378,True,squared_error,22,0.875,1.0,4,2,200,"{'bootstrap': True, 'criterion': 'squared_error', 'max_depth': 22, 'max_features': 0.875, 'max_samples': 1.0, 'min_samples_leaf': 4, 'min_samples_split': 2, 'n_estimators': 200}",-10.016266069216613,-10.248450336354214,-10.525478129993436,-10.118476176950649,-10.030258187770283,-10.187785780057037,0.18801813009255805,68,-14.233598029480753,-14.670693527272908,-15.099590652863991,-14.001680509950011,-14.207896931705367,-14.442691930254608,0.39416765050733865,81,-0.41256418000604045,-0.38268240993036634,-0.42477341389728096,-0.38294667068394095,-0.432790837854129,-0.40715150247435156,0.02088930219468573,72,0.967728620141893,-1.3685455352357856,1.4359712223531729,-1.2178590310684314,0.6183460173971764,0.08712825871760503,1.157497703248873,29,-13.311861792264281,-11.602185742916994,-14.079799913324067,-11.621222780166436,-12.302252351234552,-12.583464515981266,0.9733940295327012,80,10.187785780057037,14.442691930254608,0.40715150247435156,12.583464515981266,0.08712825871760503,n200__squared_error__boostrap_true__samples_1.0
8.430131006240845,0.38004521847182016,1.0918207168579102,0.23021033978406932,True,squared_error,22,0.875,1.0,4,4,200,"{'bootstrap': True, 'criterion': 'squared_error', 'max_depth': 22, 'max_features': 0.875, 'max_samples': 1.0, 'min_samples_leaf': 4, 'min_samples_split': 4, 'n_estimators': 200}",-10.016266069216613,-10.248450336354214,-10.525478129993434,-10.118476176950649,-10.030258187770283,-10.187785780057037,0.1880181300925574,68,-14.233598029480753,-14.670693527272908,-15.099590652863991,-14.001680509950011,-14.207896931705367,-14.442691930254608,0.39416765050733865,81,-0.41256418000604045,-0.38268240993036634,-0.42477341389728096,-0.38294667068394095,-0.432790837854129,-0.40715150247435156,0.02088930219468573,72,0.967728620141893,-1.3685455352357856,1.435971222353174,-1.217859031068432,0.6183460173971768,0.08712825871760524,1.1574977032488734,28,-13.311861792264281,-11.602185742916994,-14.079799913324067,-11.621222780166436,-12.302252351234552,-12.583464515981266,0.9733940295327012,80,10.187785780057037,14.442691930254608,0.40715150247435156,12.583464515981266,0.08712825871760524,n200__squared_error__boostrap_true__samples_1.0
7.053195667266846,0.7623474706032247,3.4582855224609377,0.7975073608530722,True,squared_error,22,0.875,1.0,4,8,200,"{'bootstrap': True, 'criterion': 'squared_error', 'max_depth': 22, 'max_features': 0.875, 'max_samples': 1.0, 'min_samples_leaf': 4, 'min_samples_split': 8, 'n_estimators': 200}",-10.016266069216613,-10.248450336354214,-10.525478129993436,-10.118476176950649,-10.030258187770283,-10.187785780057037,0.18801813009255805,68,-14.233598029480753,-14.670693527272908,-15.099590652863991,-14.001680509950011,-14.207896931705367,-14.442691930254608,0.39416765050733865,81,-0.41256418000604045,-0.38268240993036634,-0.42477341389728096,-0.38294667068394095,-0.432790837854129,-0.40715150247435156,0.02088930219468573,72,0.967728620141893,-1.3685455352357858,1.4359712223531729,-1.217859031068432,0.6183460173971768,0.08712825871760496,1.1574977032488731,30,-13.311861792264281,-11.602185742916994,-14.079799913324065,-11.621222780166436,-12.302252351234552,-12.583464515981266,0.9733940295327006,80,10.187785780057037,14.442691930254608,0.40715150247435156,12.583464515981266,0.08712825871760496,n200__squared_error__boostrap_true__samples_1.0
14.513054180145264,0.3624804047382372,1.6949641227722168,0.15206865637219547,True,squared_error,22,1.0,1.0,1,2,200,"{'bootstrap': True, 'criterion': 'squared_error', 'max_depth': 22, 'max_features': 1.0, 'max_samples': 1.0, 'min_samples_leaf': 1, 'min_samples_split': 2, 'n_estimators': 200}",-9.921419756958986,-10.214953291777995,-10.473112844278274,-10.07331516800374,-10.058209001839023,-10.148202012571604,0.18716824237396812,46,-14.104485615681002,-14.71792166927063,-15.000486403920467,-13.92669637016039,-14.238996734837201,-14.397717358773937,0.39972470165907803,19,-0.40924192086982786,-0.3823796548592189,-0.4259818731117825,-0.3853570352515818,-0.42917420132610007,-0.40642693708370226,0.019646731193209095,48,0.8612183607101364,-1.2258004411258832,1.3574928456859434,-1.1802155743567595,0.48787051789795793,0.06011314176227901,1.067701185491784,71,-13.173916903174343,-11.754224808275504,-13.886278309851619,-11.538779339841412,-12.28647887868234,-12.527935647965043,0.8829209031356314,30,10.148202012571604,14.397717358773937,0.40642693708370226,12.527935647965043,0.06011314176227901,n200__squared_error__boostrap_true__samples_1.0
13.96399130821228,0.10765891571032907,1.5172004222869873,0.09561420287646206,True,squared_error,22,1.0,1.0,1,4,200,"{'bootstrap': True, 'criterion': 'squared_error', 'max_depth': 22, 'max_features': 1.0, 'max_samples': 1.0, 'min_samples_leaf': 1, 'min_samples_split': 4, 'n_estimators': 200}",-9.948567666218064,-10.175618439231005,-10.45962368388507,-10.129988797365371,-9.977239120996524,-10.138207541539206,0.18256482372364172,28,-14.122760113479321,-14.734240800913248,-15.00972976389674,-13.997018678232328,-14.087627694836723,-14.390275410271673,0.40493130705205316,14,-0.40954394442766534,-0.38116863457462913,-0.427190332326284,-0.3817414884001205,-0.43037974683544306,-0.40600482931282833,0.021265153464217056,38,0.8045823654423903,-1.253766796471059,1.3269466090625424,-1.2490151568627195,0.5186692421823383,0.02948325267069849,1.0774768303713391,84,-13.12820049956776,-11.703286725987331,-13.795455328732887,-11.632182917453946,-12.193775892516621,-12.490580272851709,0.843092931277756,7,10.138207541539206,14.390275410271673,0.40600482931282833,12.490580272851709,0.02948325267069849,n200__squared_error__boostrap_true__samples_1.0
10.3999032497406,1.9379805595634905,2.8486459255218506,1.0949042098727497,True,squared_error,22,1.0,1.0,1,8,200,"{'bootstrap': True, 'criterion': 'squared_error', 'max_depth': 22, 'max_features': 1.0, 'max_samples': 1.0, 'min_samples_leaf': 1, 'min_samples_split': 8, 'n_estimators': 200}",-9.970406595336897,-10.224548227998206,-10.504117822199046,-10.109235916139669,-10.00599815631796,-10.162861343598355,0.19224038702425497,51,-14.156714540971418,-14.73774501277954,-15.020034023997027,-13.946768396533638,-14.157187489408654,-14.403689892738054,0.40546526960626733,22,-0.4107520386590154,-0.37904934907659704,-0.42628398791540784,-0.38264537511298585,-0.42766726943942135,-0.4052796040406855,0.020845497543819615,15,0.7996143865791564,-1.310885855745085,1.308394048599297,-1.2791861808927356,0.4887662746626012,0.0013405346406467956,1.0904036547898976,92,-13.110124805560313,-11.757918057329093,-13.855214136195078,-11.538163413891564,-12.269777442562901,-12.50623957110779,0.8645785824357175,14,10.162861343598355,14.403689892738054,0.4052796040406855,12.50623957110779,0.0013405346406467956,n200__squared_error__boostrap_true__samples_1.0
11.39828519821167,1.0629330021983123,2.098691129684448,0.8941015105960304,True,squared_error,22,1.0,1.0,2,2,200,"{'bootstrap': True, 'criterion': 'squared_error', 'max_depth': 22, 'max_features': 1.0, 'max_samples': 1.0, 'min_samples_leaf': 2, 'min_samples_split': 2, 'n_estimators': 200}",-9.86496386803694,-10.115189189105921,-10.42528252621539,-10.044822488783945,-10.001592686025726,-10.090370151633584,0.1863042157036428,5,-14.055097623901915,-14.687304951284144,-15.027943595049056,-13.940487652521686,-14.215922120445686,-14.385351188640495,0.40982392987443617,8,-0.41316822712171547,-0.38298516500151375,-0.42507552870090637,-0.3817414884001205,-0.4279686558167571,-0.4061878130082026,0.020079157154131343,42,0.9069253970302454,-1.2270744123329365,1.3615508573362214,-1.1803660024693863,0.536760348770382,0.07955923766690524,1.0799790031848449,47,-13.03571833210433,-11.603732453628925,-13.864398898207474,-11.610548965303083,-12.312061749807565,-12.485292079810275,0.8691646925511546,5,10.090370151633584,14.385351188640495,0.4061878130082026,12.485292079810275,0.07955923766690524,n200__squared_error__boostrap_true__samples_1.0
12.18566961288452,0.10325112244161977,1.497424554824829,0.03011676732811728,True,squared_error,22,1.0,1.0,2,4,200,"{'bootstrap': True, 'criterion': 'squared_error', 'max_depth': 22, 'max_features': 1.0, 'max_samples': 1.0, 'min_samples_leaf': 2, 'min_samples_split': 4, 'n_estimators': 200}",-9.86496386803694,-10.115189189105921,-10.42528252621539,-10.044822488783941,-10.001592686025726,-10.090370151633582,0.186304215703643,4,-14.055097623901915,-14.687304951284144,-15.027943595049056,-13.940487652521687,-14.215922120445688,-14.385351188640499,0.40982392987443567,9,-0.41316822712171547,-0.38298516500151375,-0.42507552870090637,-0.3817414884001205,-0.4279686558167571,-0.4061878130082026,0.020079157154131343,42,0.906925397030246,-1.2270744123329365,1.3615508573362218,-1.180366002469386,0.5367603487703813,0.07955923766690531,1.0799790031848449,46,-13.03571833210433,-11.603732453628925,-13.864398898207474,-11.610548965303083,-12.312061749807565,-12.485292079810275,0.8691646925511546,5,10.090370151633582,14.385351188640499,0.4061878130082026,12.485292079810275,0.07955923766690531,n200__squared_error__boostrap_true__samples_1.0
10.454431438446045,1.5321895714159524,2.0959243774414062,0.7161496095100033,True,squared_error,22,1.0,1.0,2,8,200,"{'bootstrap': True, 'criterion': 'squared_error', 'max_depth': 22, 'max_features': 1.0, 'max_samples': 1.0, 'min_samples_leaf': 2, 'min_samples_split': 8, 'n_estimators': 200}",-9.897937540827174,-10.181926892212577,-10.419422149407824,-10.100419792583988,-10.009598207306095,-10.121860916467531,0.17626963698321885,24,-14.097040700696926,-14.742813482357846,-14.965077948982868,-13.985117686171005,-14.239157804692082,-14.405841524580145,0.3811680569564235,26,-0.4113560857746904,-0.3835906751438087,-0.4259818731117825,-0.385959626393492,-0.43007836045810727,-0.40739332417637614,0.019502912622109164,77,0.9062878472429365,-1.201344618017825,1.3462301141843789,-1.2193719966636887,0.5808757430149374,0.0825354179521478,1.0832493981189728,33,-13.132448700403867,-11.70594445606364,-13.810038649819218,-11.505151301584492,-12.312260885481844,-12.493168798670613,0.8684990973881139,9,10.121860916467531,14.405841524580145,0.40739332417637614,12.493168798670613,0.0825354179521478,n200__squared_error__boostrap_true__samples_1.0
9.09852900505066,1.2572463801472498,2.6562382221221923,0.7554241894722487,True,squared_error,22,1.0,1.0,3,2,200,"{'bootstrap': True, 'criterion': 'squared_error', 'max_depth': 22, 'max_features': 1.0, 'max_samples': 1.0, 'min_samples_leaf': 3, 'min_samples_split': 2, 'n_estimators': 200}",-9.900021352177934,-10.175900573536545,-10.422732574562023,-10.024771584141954,-10.02388727589414,-10.109462672062518,0.17939532983991646,18,-14.1515396642327,-14.761542891324725,-15.00828507918707,-13.916963108663163,-14.260269745293357,-14.419720097740202,0.40332649540464954,47,-0.4077318030806403,-0.37723281864971236,-0.42477341389728096,-0.38053630611630007,-0.42887281494876434,-0.40382943133853955,0.021591662568786585,1,0.9434802443919071,-1.2445960890299321,1.3579009399522697,-1.1651909354776715,0.6350411386866515,0.10532705970464491,1.0943991571198612,8,-13.297345846756572,-11.837920831591227,-13.866961924979485,-11.640913766000297,-12.426677610533753,-12.613963995972266,0.8510182721045918,95,10.109462672062518,14.419720097740202,0.40382943133853955,12.613963995972266,0.10532705970464491,n200__squared_error__boostrap_true__samples_1.0
10.751364755630494,0.15258247900824293,1.4523952960968018,0.05808367572832487,True,squared_error,22,1.0,1.0,3,4,200,"{'bootstrap': True, 'criterion': 'squared_error', 'max_depth': 22, 'max_features': 1.0, 'max_samples': 1.0, 'min_samples_leaf': 3, 'min_samples_split': 4, 'n_estimators': 200}",-9.900021352177934,-10.175900573536543,-10.422732574562023,-10.024771584141954,-10.02388727589414,-10.109462672062518,0.17939532983991635,18,-14.1515396642327,-14.761542891324725,-15.00828507918707,-13.916963108663163,-14.260269745293355,-14.419720097740202,0.4033264954046497,47,-0.4077318030806403,-0.37723281864971236,-0.42477341389728096,-0.38053630611630007,-0.42887281494876434,-0.40382943133853955,0.021591662568786585,1,0.9434802443919076,-1.2445960890299326,1.3579009399522697,-1.1651909354776715,0.6350411386866511,0.10532705970464484,1.0943991571198615,9,-13.297345846756572,-11.837920831591227,-13.866961924979485,-11.640913766000295,-12.426677610533753,-12.613963995972266,0.8510182721045922,95,10.109462672062518,14.419720097740202,0.40382943133853955,12.613963995972266,0.10532705970464484,n200__squared_error__boostrap_true__samples_1.0
10.2846248626709,0.7482623577846035,1.4838409900665284,0.27308013322208535,True,squared_error,22,1.0,1.0,3,8,200,"{'bootstrap': True, 'criterion': 'squared_error', 'max_depth': 22, 'max_features': 1.0, 'max_samples': 1.0, 'min_samples_leaf': 3, 'min_samples_split': 8, 'n_estimators': 200}",-9.889386167194544,-10.141356469657497,-10.441286979699347,-10.014817058685582,-9.97921880370118,-10.093213095787629,0.19191626673643322,7,-14.11282452727208,-14.71836049964671,-15.027128296747122,-13.92119411657206,-14.181219019824217,-14.392145292012438,0.4132613627129424,18,-0.40954394442766534,-0.38207689978807147,-0.42386706948640485,-0.3811388972582103,-0.42977697408077153,-0.40528075700822475,0.020420278212883333,16,0.9068959392768808,-1.2600800179569271,1.3243390199069212,-1.1493593341140194,0.5456707228293803,0.07349326598844716,1.072931764085598,53,-13.180859164648558,-11.622367717895003,-13.87891021336306,-11.63021904658222,-12.244594477218932,-12.511390123941556,0.8895283260890697,16,10.093213095787629,14.392145292012438,0.40528075700822475,12.511390123941556,0.07349326598844716,n200__squared_error__boostrap_true__samples_1.0
8.057891798019408,0.7039925240595215,2.596760320663452,0.42543201330342456,True,squared_error,22,1.0,1.0,4,2,200,"{'bootstrap': True, 'criterion': 'squared_error', 'max_depth': 22, 'max_features': 1.0, 'max_samples': 1.0, 'min_samples_leaf': 4, 'min_samples_split': 2, 'n_estimators': 200}",-9.970113434315866,-10.198750804118712,-10.456877756632723,-10.056470240194225,-10.024436381429807,-10.141329723338266,0.17495596287214565,34,-14.199014853415923,-14.756620015651746,-15.024879948137325,-13.95351391059086,-14.251197686965137,-14.437045282952198,0.39311016413985805,73,-0.4143763213530655,-0.37541628822282774,-0.4259818731117825,-0.38354926182585114,-0.42766726943942135,-0.4053982027905897,0.021801361648542683,18,0.9554406050250337,-1.286643379496166,1.3948986071130156,-1.1362923103749232,0.5849329647880207,0.10246729741099617,1.1040714752747727,12,-13.18313025665369,-11.869633396583978,-13.911127575885956,-11.628464473319037,-12.403765852977715,-12.599224311084075,0.8455670172675125,90,10.141329723338266,14.437045282952198,0.4053982027905897,12.599224311084075,0.10246729741099617,n200__squared_error__boostrap_true__samples_1.0
9.644495964050293,0.3241980276196081,1.6276740550994873,0.27172483764590727,True,squared_error,22,1.0,1.0,4,4,200,"{'bootstrap': True, 'criterion': 'squared_error', 'max_depth': 22, 'max_features': 1.0, 'max_samples': 1.0, 'min_samples_leaf': 4, 'min_samples_split': 4, 'n_estimators': 200}",-9.970113434315866,-10.198750804118712,-10.456877756632723,-10.056470240194225,-10.024436381429805,-10.141329723338265,0.17495596287214588,33,-14.199014853415921,-14.756620015651746,-15.024879948137325,-13.95351391059086,-14.251197686965137,-14.437045282952198,0.3931101641398583,73,-0.4143763213530655,-0.37541628822282774,-0.4259818731117825,-0.38354926182585114,-0.42766726943942135,-0.4053982027905897,0.021801361648542683,18,0.9554406050250339,-1.286643379496166,1.3948986071130156,-1.1362923103749218,0.5849329647880207,0.10246729741099647,1.1040714752747727,11,-13.18313025665369,-11.869633396583978,-13.911127575885956,-11.628464473319035,-12.403765852977715,-12.599224311084075,0.8455670172675129,90,10.141329723338265,14.437045282952198,0.4053982027905897,12.599224311084075,0.10246729741099647,n200__squared_error__boostrap_true__samples_1.0
9.961027574539184,0.031198448380112223,1.3328246116638183,0.015058990052394947,True,squared_error,22,1.0,1.0,4,8,200,"{'bootstrap': True, 'criterion': 'squared_error', 'max_depth': 22, 'max_features': 1.0, 'max_samples': 1.0, 'min_samples_leaf': 4, 'min_samples_split': 8, 'n_estimators': 200}",-9.970113434315866,-10.198750804118712,-10.456877756632725,-10.056470240194225,-10.024436381429805,-10.141329723338268,0.17495596287214651,35,-14.199014853415923,-14.756620015651746,-15.024879948137325,-13.95351391059086,-14.251197686965137,-14.437045282952198,0.39311016413985805,73,-0.4143763213530655,-0.37541628822282774,-0.4259818731117825,-0.38354926182585114,-0.42766726943942135,-0.4053982027905897,0.021801361648542683,18,0.9554406050250333,-1.2866433794961656,1.3948986071130156,-1.1362923103749214,0.5849329647880207,0.10246729741099651,1.1040714752747722,10,-13.183130256653687,-11.869633396583978,-13.911127575885956,-11.628464473319037,-12.403765852977713,-12.599224311084074,0.845567017267512,89,10.141329723338268,14.437045282952198,0.4053982027905897,12.599224311084074,0.10246729741099651,n200__squared_error__boostrap_true__samples_1.0
11.406589984893799,0.5226410303481038,3.4806519985198974,1.0301254357250837,True,squared_error,24,0.875,1.0,1,2,200,"{'bootstrap': True, 'criterion': 'squared_error', 'max_depth': 24, 'max_features': 0.875, 'max_samples': 1.0, 'min_samples_leaf': 1, 'min_samples_split': 2, 'n_estimators': 200}",-10.006066939876083,-10.290340611678921,-10.517082951976915,-10.259079313239106,-10.132809203186246,-10.241075803991455,0.17081095774188065,95,-14.17648818214747,-14.756467010065206,-15.040596468223466,-14.09050680872127,-14.253939696149944,-14.463599633061472,0.3699419355157894,96,-0.4098459679855029,-0.38268240993036634,-0.4268882175226586,-0.38264537511298585,-0.4333936106088005,-0.4070911162320628,0.021376224364069843,68,0.8054257494938476,-1.3344819097193692,1.376961192626471,-1.234571933873018,0.501222842951142,0.022911188295814712,1.1043860119335676,87,-13.189702392963833,-11.701424561935287,-13.9310991219523,-11.792259839415767,-12.268330434312885,-12.576563270116015,0.8586866796344397,76,10.241075803991455,14.463599633061472,0.4070911162320628,12.576563270116015,0.022911188295814712,n200__squared_error__boostrap_true__samples_1.0
11.442449522018432,0.27961299119164945,1.5054631233215332,0.17868677519310525,True,squared_error,24,0.875,1.0,1,4,200,"{'bootstrap': True, 'criterion': 'squared_error', 'max_depth': 24, 'max_features': 0.875, 'max_samples': 1.0, 'min_samples_leaf': 1, 'min_samples_split': 4, 'n_estimators': 200}",-10.064542813586964,-10.222307452478118,-10.560630353450223,-10.19385021308003,-10.084401747334468,-10.22514651598596,0.17840379098211837,91,-14.231490766181249,-14.607380113728322,-15.089077440033691,-14.013606504563926,-14.16644938044399,-14.421600840990234,0.38671499463258874,52,-0.40954394442766534,-0.381774144716924,-0.4256797583081571,-0.38294667068394095,-0.43399638336347196,-0.40678818030003183,0.021442443081107918,55,0.7943743099034077,-1.371055849998018,1.3470482511558162,-1.2514385196210533,0.5404449980547903,0.011874637898988549,1.1120105942101326,91,-13.257328390809962,-11.592261714112517,-13.986662945793467,-11.675792451058356,-12.240708854583874,-12.550550871271636,0.9318234629456433,51,10.22514651598596,14.421600840990234,0.40678818030003183,12.550550871271636,0.011874637898988549,n200__squared_error__boostrap_true__samples_1.0
11.03951621055603,0.2641550690195968,1.4651278495788573,0.06875373654441155,True,squared_error,24,0.875,1.0,1,8,200,"{'bootstrap': True, 'criterion': 'squared_error', 'max_depth': 24, 'max_features': 0.875, 'max_samples': 1.0, 'min_samples_leaf': 1, 'min_samples_split': 8, 'n_estimators': 200}",-10.076153855939452,-10.237210981649886,-10.533652667657174,-10.224570434221073,-10.079289113465684,-10.230175410586654,0.1665344856383263,93,-14.254962646558349,-14.641130813619561,-15.058085287103252,-14.048141145702179,-14.177753247736572,-14.436014628143983,0.36850214471821724,68,-0.40924192086982786,-0.381774144716924,-0.4253776435045317,-0.3838505573968063,-0.4318866787221218,-0.4064261890420423,0.020652868761061875,47,0.8849601738757732,-1.3544036293691513,1.3316689736118976,-1.266739312771954,0.4815932007218873,0.015415881213690585,1.115910229938831,90,-13.391973635689375,-11.633589486353399,-13.946809173508742,-11.668383631118376,-12.226450634499079,-12.573441312233793,0.9358405674169125,67,10.230175410586654,14.436014628143983,0.4064261890420423,12.573441312233793,0.015415881213690585,n200__squared_error__boostrap_true__samples_1.0
8.446520900726318,1.4788803647415842,3.1855533123016357,0.8834130986297883,True,squared_error,24,0.875,1.0,2,2,200,"{'bootstrap': True, 'criterion': 'squared_error', 'max_depth': 24, 'max_features': 0.875, 'max_samples': 1.0, 'min_samples_leaf': 2, 'min_samples_split': 2, 'n_estimators': 200}",-9.928394179374694,-10.141986164313398,-10.41944898969628,-10.089307335350782,-9.985571957013512,-10.112941725149733,0.17066324826041032,20,-14.11503122766825,-14.590112272920546,-14.95473937864445,-13.94155642927032,-14.104682526159639,-14.341224366932641,0.37555178029789665,1,-0.4107520386590154,-0.38570996064184077,-0.4280966767371601,-0.3847544441096716,-0.4336949969861362,-0.40860162342676476,0.020528394833871873,92,0.9335096492668735,-1.3227521421622708,1.3590576340145597,-1.1622855283951499,0.5560956945492614,0.07272506145465481,1.1047041726758882,55,-13.221971903173616,-11.432468593078953,-13.756830248582528,-11.600933977010863,-12.15331941205187,-12.433104826779566,0.9106724252155203,2,10.112941725149733,14.341224366932641,0.40860162342676476,12.433104826779566,0.07272506145465481,n200__squared_error__boostrap_true__samples_1.0
10.327327299118043,0.2049014802407158,1.4826598644256592,0.08219193691167674,True,squared_error,24,0.875,1.0,2,4,200,"{'bootstrap': True, 'criterion': 'squared_error', 'max_depth': 24, 'max_features': 0.875, 'max_samples': 1.0, 'min_samples_leaf': 2, 'min_samples_split': 4, 'n_estimators': 200}",-9.928394179374694,-10.141986164313396,-10.41944898969628,-10.089307335350782,-9.98557195701351,-10.112941725149733,0.17066324826041052,20,-14.11503122766825,-14.590112272920544,-14.95473937864445,-13.94155642927032,-14.104682526159639,-14.341224366932641,0.37555178029789643,1,-0.4107520386590154,-0.38570996064184077,-0.4280966767371601,-0.3847544441096716,-0.4336949969861362,-0.40860162342676476,0.020528394833871873,92,0.933509649266874,-1.3227521421622717,1.3590576340145604,-1.1622855283951494,0.5560956945492612,0.07272506145465489,1.1047041726758884,54,-13.22197190317361,-11.432468593078953,-13.756830248582524,-11.600933977010863,-12.15331941205187,-12.433104826779564,0.9106724252155183,1,10.112941725149733,14.341224366932641,0.40860162342676476,12.433104826779564,0.07272506145465489,n200__squared_error__boostrap_true__samples_1.0
9.947272729873657,0.02846605353489435,1.4658896446228027,0.03566881210762488,True,squared_error,24,0.875,1.0,2,8,200,"{'bootstrap': True, 'criterion': 'squared_error', 'max_depth': 24, 'max_features': 0.875, 'max_samples': 1.0, 'min_samples_leaf': 2, 'min_samples_split': 8, 'n_estimators': 200}",-10.03432512718241,-10.200410619246268,-10.547388125816767,-10.159474426516107,-10.03086354160489,-10.194492368073288,0.18879864176800323,81,-14.230384057200594,-14.651166386366992,-15.105407443601951,-13.987986760019597,-14.157817516442282,-14.426552432726282,0.4035680587024545,61,-0.4119601328903654,-0.38056312443233425,-0.429607250755287,-0.3820427839710756,-0.4321880650994575,-0.407272271429704,0.022322767263466672,76,0.9083732174526183,-1.4058563612452404,1.3378450789061296,-1.2255079517558702,0.5825931649202027,0.03948942965556801,1.1335687827519134,80,-13.281258877964284,-11.554658995297293,-13.832672963302668,-11.692363852416886,-12.278748030770663,-12.527940543950361,0.8918943309022425,31,10.194492368073288,14.426552432726282,0.407272271429704,12.527940543950361,0.03948942965556801,n200__squared_error__boostrap_true__samples_1.0
8.081799173355103,1.573308288526506,2.4588128566741942,0.9126375920763307,True,squared_error,24,0.875,1.0,3,2,200,"{'bootstrap': True, 'criterion': 'squared_error', 'max_depth': 24, 'max_features': 0.875, 'max_samples': 1.0, 'min_samples_leaf': 3, 'min_samples_split': 2, 'n_estimators': 200}",-9.996241308915867,-10.183024697139443,-10.496025549923402,-10.162819976646475,-10.009729911338738,-10.169568288792785,0.18021737255199136,60,-14.211346452079919,-14.609665187272949,-15.055679764418663,-14.003924982451887,-14.165404632665549,-14.409204203777794,0.3797242221480629,30,-0.4104500151011779,-0.38298516500151375,-0.42628398791540784,-0.3838505573968063,-0.4318866787221218,-0.4070912808274055,0.020570313093552468,69,0.9457960270169701,-1.3437352248217416,1.3720182017076863,-1.2088483446656713,0.6318131262165295,0.07940875709075461,1.1323923187934437,49,-13.329317740718773,-11.539989378286707,-13.920348978702659,-11.66335629770184,-12.319832448921275,-12.554568968866251,0.9321291433504445,53,10.169568288792785,14.409204203777794,0.4070912808274055,12.554568968866251,0.07940875709075461,n200__squared_error__boostrap_true__samples_1.0
8.236745166778565,1.1672585453975377,2.1740211486816405,0.7496635859140377,True,squared_error,24,0.875,1.0,3,4,200,"{'bootstrap': True, 'criterion': 'squared_error', 'max_depth': 24, 'max_features': 0.875, 'max_samples': 1.0, 'min_samples_leaf': 3, 'min_samples_split': 4, 'n_estimators': 200}",-9.996241308915867,-10.183024697139443,-10.496025549923402,-10.162819976646476,-10.009729911338738,-10.169568288792785,0.18021737255199133,60,-14.211346452079919,-14.609665187272949,-15.055679764418663,-14.003924982451887,-14.165404632665549,-14.409204203777794,0.3797242221480629,30,-0.4104500151011779,-0.38298516500151375,-0.42628398791540784,-0.3838505573968063,-0.4318866787221218,-0.4070912808274055,0.020570313093552468,69,0.9457960270169705,-1.3437352248217418,1.3720182017076867,-1.2088483446656717,0.63181312621653,0.07940875709075475,1.132392318793444,48,-13.329317740718773,-11.539989378286707,-13.920348978702659,-11.66335629770184,-12.319832448921275,-12.554568968866251,0.9321291433504445,53,10.169568288792785,14.409204203777794,0.4070912808274055,12.554568968866251,0.07940875709075475,n200__squared_error__boostrap_true__samples_1.0
9.104020261764527,0.3679040803206777,1.5222464084625245,0.1554408093567155,True,squared_error,24,0.875,1.0,3,8,200,"{'bootstrap': True, 'criterion': 'squared_error', 'max_depth': 24, 'max_features': 0.875, 'max_samples': 1.0, 'min_samples_leaf': 3, 'min_samples_split': 8, 'n_estimators': 200}",-10.022565241991622,-10.223182146921934,-10.524319767745254,-10.097338718384195,-10.041197354782971,-10.181720645965196,0.1850895793863144,67,-14.254407473377386,-14.69414345307129,-15.081612745558102,-13.94699253730354,-14.194074842608048,-14.434246210383673,0.4035022693313343,66,-0.4152823920265781,-0.38419618528610355,-0.4226586102719033,-0.38324796625489604,-0.43007836045810727,-0.4070927028595176,0.0196495848210443,71,0.9435013344628154,-1.2942115575885806,1.3980780447976886,-1.2103233327403526,0.5711454283224311,0.08163798345080035,1.120496890815326,39,-13.203144158051145,-11.620326972643051,-14.104051736782397,-11.594341220499967,-12.337685127660727,-12.571909843127456,0.9656010699362698,64,10.181720645965196,14.434246210383673,0.4070927028595176,12.571909843127456,0.08163798345080035,n200__squared_error__boostrap_true__samples_1.0
8.32096552848816,0.8757545109067617,1.7630051612854003,0.4988898741305405,True,squared_error,24,0.875,1.0,4,2,200,"{'bootstrap': True, 'criterion': 'squared_error', 'max_depth': 24, 'max_features': 0.875, 'max_samples': 1.0, 'min_samples_leaf': 4, 'min_samples_split': 2, 'n_estimators': 200}",-10.015401984374286,-10.263032013689129,-10.528902195865188,-10.14374704970665,-10.030298543450169,-10.196276357417085,0.1887430887577153,83,-14.243461013608195,-14.683096021854272,-15.113193795501335,-13.995014886954362,-14.191086897272633,-14.445170523038161,0.40267827041298043,85,-0.40954394442766534,-0.3860127157129882,-0.4241691842900302,-0.3850557396806267,-0.43007836045810727,-0.40697198891388353,0.01873966917250114,64,0.935181559350076,-1.3853560192368943,1.4084778301813192,-1.2251658881429692,0.6302705990711694,0.07268161624454021,1.153208137494676,56,-13.369241192209206,-11.499201493990482,-14.071484289962228,-11.58089627356411,-12.393752072489766,-12.582915064443158,1.0048289920133426,77,10.196276357417085,14.445170523038161,0.40697198891388353,12.582915064443158,0.07268161624454021,n200__squared_error__boostrap_true__samples_1.0
6.957013416290283,0.9834329241209658,3.2640963554382325,0.43357995146937806,True,squared_error,24,0.875,1.0,4,4,200,"{'bootstrap': True, 'criterion': 'squared_error', 'max_depth': 24, 'max_features': 0.875, 'max_samples': 1.0, 'min_samples_leaf': 4, 'min_samples_split': 4, 'n_estimators': 200}",-10.015401984374286,-10.263032013689129,-10.528902195865188,-10.143747049706652,-10.030298543450169,-10.196276357417085,0.1887430887577152,83,-14.243461013608195,-14.683096021854274,-15.113193795501335,-13.995014886954362,-14.191086897272633,-14.445170523038161,0.40267827041298065,85,-0.40954394442766534,-0.3860127157129882,-0.4241691842900302,-0.3850557396806267,-0.43007836045810727,-0.40697198891388353,0.01873966917250114,64,0.9351815593500762,-1.3853560192368943,1.4084778301813186,-1.2251658881429695,0.6302705990711694,0.07268161624454009,1.153208137494676,58,-13.369241192209206,-11.49920149399048,-14.071484289962225,-11.58089627356411,-12.393752072489766,-12.582915064443158,1.0048289920133417,77,10.196276357417085,14.445170523038161,0.40697198891388353,12.582915064443158,0.07268161624454009,n200__squared_error__boostrap_true__samples_1.0
8.357353448867798,0.25494152982663376,2.5451214790344237,0.05822286417309986,True,squared_error,24,0.875,1.0,4,8,200,"{'bootstrap': True, 'criterion': 'squared_error', 'max_depth': 24, 'max_features': 0.875, 'max_samples': 1.0, 'min_samples_leaf': 4, 'min_samples_split': 8, 'n_estimators': 200}",-10.015401984374286,-10.263032013689129,-10.528902195865188,-10.14374704970665,-10.030298543450169,-10.196276357417085,0.1887430887577153,83,-14.243461013608195,-14.683096021854274,-15.113193795501335,-13.995014886954362,-14.191086897272633,-14.445170523038161,0.40267827041298065,85,-0.40954394442766534,-0.3860127157129882,-0.4241691842900302,-0.3850557396806267,-0.43007836045810727,-0.40697198891388353,0.01873966917250114,64,0.9351815593500765,-1.3853560192368943,1.4084778301813192,-1.2251658881429695,0.6302705990711691,0.07268161624454021,1.1532081374946763,56,-13.369241192209206,-11.499201493990482,-14.071484289962225,-11.58089627356411,-12.393752072489766,-12.582915064443158,1.0048289920133415,77,10.196276357417085,14.445170523038161,0.40697198891388353,12.582915064443158,0.07268161624454021,n200__squared_error__boostrap_true__samples_1.0
13.334998989105225,0.7273122344810135,3.3279434204101563,0.27140187356938356,True,squared_error,24,1.0,1.0,1,2,200,"{'bootstrap': True, 'criterion': 'squared_error', 'max_depth': 24, 'max_features': 1.0, 'max_samples': 1.0, 'min_samples_leaf': 1, 'min_samples_split': 2, 'n_estimators': 200}",-9.949228916808782,-10.16332459360564,-10.450298859067075,-10.1306539255674,-10.02399607716229,-10.143500474442238,0.17129274205381922,42,-14.149054474620291,-14.719833009404516,-14.994614302867959,-13.990962687576832,-14.203597180127757,-14.411612330919471,0.3805376037264165,36,-0.4059196617336152,-0.38419618528610355,-0.42235649546827797,-0.3844531485387165,-0.4273658830620856,-0.40485827481775977,0.0182054816979793,7,0.8058103947821484,-1.2364786562033896,1.2973936751439163,-1.1816857597322306,0.5037722691551916,0.037762384629127246,1.0492357174008382,82,-13.247743735371122,-11.617561911441937,-13.907318414963658,-11.638567924140643,-12.317043502496968,-12.545647097682865,0.9037126544078247,43,10.143500474442238,14.411612330919471,0.40485827481775977,12.545647097682865,0.037762384629127246,n200__squared_error__boostrap_true__samples_1.0
12.071399259567261,0.20104459560316268,2.7317169666290284,0.18662814175590545,True,squared_error,24,1.0,1.0,1,4,200,"{'bootstrap': True, 'criterion': 'squared_error', 'max_depth': 24, 'max_features': 1.0, 'max_samples': 1.0, 'min_samples_leaf': 1, 'min_samples_split': 4, 'n_estimators': 200}",-9.962417173562661,-10.194575799354368,-10.473137294295972,-10.142756987063008,-10.065380411722504,-10.167653533199703,0.17160811718081195,59,-14.15923792711077,-14.711750378159604,-14.978665127532448,-14.01596862142307,-14.248992130413258,-14.42292283692783,0.3626745643111586,57,-0.4080338266384778,-0.3823796548592189,-0.4244712990936556,-0.38294667068394095,-0.4294755877034358,-0.4054614077957458,0.019921620658652467,27,0.8795296743362214,-1.2683541110841672,1.2684053297216917,-1.2153745205807918,0.5556741752072808,0.043976109520047005,1.0740005775450185,76,-13.285598080456404,-11.67193596055284,-13.830785083807285,-11.65616931796006,-12.365143550678251,-12.561926398690968,0.8700465992494647,61,10.167653533199703,14.42292283692783,0.4054614077957458,12.561926398690968,0.043976109520047005,n200__squared_error__boostrap_true__samples_1.0
10.761987018585206,0.2345456460841268,2.6054465770721436,0.2795105105711144,True,squared_error,24,1.0,1.0,1,8,200,"{'bootstrap': True, 'criterion': 'squared_error', 'max_depth': 24, 'max_features': 1.0, 'max_samples': 1.0, 'min_samples_leaf': 1, 'min_samples_split': 8, 'n_estimators': 200}",-9.982731432472749,-10.211026295832392,-10.492857432127757,-10.125720878515255,-10.050440250023426,-10.172555257794317,0.17732011872063996,64,-14.115594695502855,-14.744208958941766,-15.010666064613382,-13.989651629249186,-14.209065127817718,-14.413837295224983,0.3939958842956809,41,-0.4074297795228028,-0.3796548592188919,-0.4256797583081571,-0.3814401928291654,-0.42977697408077153,-0.4047963127919577,0.021188147203377385,5,0.7537420151398827,-1.342793626060487,1.2840292337627792,-1.2126718928890536,0.4605385941514456,-0.011431135179086605,1.0678921652472153,96,-13.175857518549078,-11.679335130883816,-13.833035792795487,-11.683416107145877,-12.228410871308633,-12.520011084136577,0.853911743578365,25,10.172555257794317,14.413837295224983,0.4047963127919577,12.520011084136577,-0.011431135179086605,n200__squared_error__boostrap_true__samples_1.0
10.381970548629761,0.6474044899316331,3.2241931438446043,0.4751591092256874,True,squared_error,24,1.0,1.0,2,2,200,"{'bootstrap': True, 'criterion': 'squared_error', 'max_depth': 24, 'max_features': 1.0, 'max_samples': 1.0, 'min_samples_leaf': 2, 'min_samples_split': 2, 'n_estimators': 200}",-9.859060609952401,-10.11879439537951,-10.430208347856754,-10.026294618681574,-10.009574383656577,-10.088786471105363,0.1899595383988419,2,-14.067979353165564,-14.712771537341256,-14.992537732183047,-13.90896891432413,-14.248455103101174,-14.386142528023035,0.405532228998864,10,-0.40863787375415284,-0.38298516500151375,-0.42749244712990936,-0.38264537511298585,-0.42646172393007836,-0.405644516985728,0.019809366978876673,33,0.9413478556294106,-1.247860475223076,1.3808940230943731,-1.1739009059325116,0.5648753581589561,0.09307117114543044,1.095808025764758,16,-13.215133935528966,-11.581302268093557,-13.814398886165456,-11.567360130950446,-12.397888425209873,-12.51521672918966,0.890185672218882,18,10.088786471105363,14.386142528023035,0.405644516985728,12.51521672918966,0.09307117114543044,n200__squared_error__boostrap_true__samples_1.0
10.429783058166503,0.16977880074721843,2.671495246887207,0.19060509046412036,True,squared_error,24,1.0,1.0,2,4,200,"{'bootstrap': True, 'criterion': 'squared_error', 'max_depth': 24, 'max_features': 1.0, 'max_samples': 1.0, 'min_samples_leaf': 2, 'min_samples_split': 4, 'n_estimators': 200}",-9.859060609952403,-10.11879439537951,-10.430208347856754,-10.026294618681574,-10.009574383656577,-10.088786471105363,0.18995953839884144,2,-14.067979353165567,-14.712771537341258,-14.992537732183047,-13.90896891432413,-14.248455103101174,-14.386142528023035,0.4055322289988637,10,-0.40863787375415284,-0.38298516500151375,-0.42749244712990936,-0.38264537511298585,-0.42646172393007836,-0.405644516985728,0.019809366978876673,33,0.9413478556294105,-1.2478604752230764,1.3808940230943736,-1.1739009059325118,0.5648753581589557,0.09307117114543033,1.0958080257647584,17,-13.215133935528966,-11.581302268093557,-13.814398886165456,-11.567360130950446,-12.397888425209873,-12.51521672918966,0.890185672218882,18,10.088786471105363,14.386142528023035,0.405644516985728,12.51521672918966,0.09307117114543033,n200__squared_error__boostrap_true__samples_1.0
9.960913038253784,0.20476063130317376,2.3119316577911375,0.09272488191553317,True,squared_error,24,1.0,1.0,2,8,200,"{'bootstrap': True, 'criterion': 'squared_error', 'max_depth': 24, 'max_features': 1.0, 'max_samples': 1.0, 'min_samples_leaf': 2, 'min_samples_split': 8, 'n_estimators': 200}",-9.945490639122804,-10.190864329631811,-10.443357813556641,-10.111416554465947,-10.038148848663043,-10.14585563708805,0.16939082767513824,45,-14.157805288806433,-14.789235785093473,-15.009076399628853,-13.988404978710768,-14.250377546816885,-14.438979999811284,0.3912382837178622,76,-0.41316822712171547,-0.3838934302149561,-0.42386706948640485,-0.3820427839710756,-0.4282700421940928,-0.406248310597649,0.019641337877956456,44,0.8720163871741151,-1.2488395393509468,1.3132015561965102,-1.1950502953135689,0.5409679954546776,0.056459220832157445,1.0723212638098572,72,-13.09092315938198,-11.646493644439156,-13.868215079787218,-11.669329500838622,-12.350988630817241,-12.525190003052844,0.8554204777637252,29,10.14585563708805,14.438979999811284,0.406248310597649,12.525190003052844,0.056459220832157445,n200__squared_error__boostrap_true__samples_1.0
9.020883226394654,0.5193784892297102,2.930643844604492,0.37293451156483687,True,squared_error,24,1.0,1.0,3,2,200,"{'bootstrap': True, 'criterion': 'squared_error', 'max_depth': 24, 'max_features': 1.0, 'max_samples': 1.0, 'min_samples_leaf': 3, 'min_samples_split': 2, 'n_estimators': 200}",-9.928820416282715,-10.146722230957517,-10.422700726837881,-10.042152368910866,-10.004835931880299,-10.109046334973856,0.1718223170897116,16,-14.184098593055289,-14.678014229420464,-15.007777916476146,-13.942003292820184,-14.235336591828847,-14.409446124720185,0.3820283236761358,32,-0.412866203563878,-0.3781410838631547,-0.4226586102719033,-0.3808376016872552,-0.4306811332127788,-0.405036926519794,0.02162609686821145,8,0.9399184774254103,-1.2434597644018779,1.35998490347295,-1.187076942628172,0.5810265663750873,0.09007864804867957,1.0941088238331769,19,-13.162543700463644,-11.772408297451276,-13.938773922919532,-11.625789295819724,-12.289675216658978,-12.557838086662631,0.8752346988507621,58,10.109046334973856,14.409446124720185,0.405036926519794,12.557838086662631,0.09007864804867957,n200__squared_error__boostrap_true__samples_1.0
9.242794370651245,0.2253391714813771,2.831908845901489,0.1469328459574834,True,squared_error,24,1.0,1.0,3,4,200,"{'bootstrap': True, 'criterion': 'squared_error', 'max_depth': 24, 'max_features': 1.0, 'max_samples': 1.0, 'min_samples_leaf': 3, 'min_samples_split': 4, 'n_estimators': 200}",-9.928820416282717,-10.146722230957517,-10.42270072683788,-10.042152368910864,-10.004835931880299,-10.109046334973856,0.17182231708971074,16,-14.184098593055289,-14.678014229420464,-15.007777916476142,-13.942003292820184,-14.235336591828847,-14.409446124720185,0.3820283236761347,32,-0.412866203563878,-0.3781410838631547,-0.4226586102719033,-0.3808376016872552,-0.4306811332127788,-0.405036926519794,0.02162609686821145,8,0.9399184774254109,-1.2434597644018779,1.3599849034729492,-1.1870769426281724,0.5810265663750865,0.09007864804867924,1.0941088238331769,20,-13.162543700463644,-11.772408297451276,-13.938773922919532,-11.625789295819722,-12.289675216658978,-12.557838086662631,0.8752346988507625,58,10.109046334973856,14.409446124720185,0.405036926519794,12.557838086662631,0.09007864804867924,n200__squared_error__boostrap_true__samples_1.0
9.301892518997192,0.08146307292405573,2.178524875640869,0.08267549376500857,True,squared_error,24,1.0,1.0,3,8,200,"{'bootstrap': True, 'criterion': 'squared_error', 'max_depth': 24, 'max_features': 1.0, 'max_samples': 1.0, 'min_samples_leaf': 3, 'min_samples_split': 8, 'n_estimators': 200}",-9.86017704647107,-10.12438470049165,-10.430970505603833,-10.038910684895045,-10.005552417601564,-10.091999071012632,0.18972786519362966,6,-14.106726293809503,-14.682196425401305,-15.031880594759276,-13.961222429839873,-14.242628004537929,-14.404930749669578,0.3954965271289089,23,-0.40863787375415284,-0.3832879200726612,-0.42779456193353477,-0.3820427839710756,-0.4282700421940928,-0.4060066363851035,0.020335695913435304,39,0.8931382283770208,-1.2230320658328155,1.3679387207823608,-1.13634523757951,0.554669175398385,0.09127376422908821,1.0697704020754577,18,-13.157511779387299,-11.611835605165137,-13.79039178648951,-11.65126763392755,-12.328928657837379,-12.507987092561375,0.8527088319016475,15,10.091999071012632,14.404930749669578,0.4060066363851035,12.507987092561375,0.09127376422908821,n200__squared_error__boostrap_true__samples_1.0
8.42373948097229,0.5475737739633709,2.5519417762756347,0.3451597099515047,True,squared_error,24,1.0,1.0,4,2,200,"{'bootstrap': True, 'criterion': 'squared_error', 'max_depth': 24, 'max_features': 1.0, 'max_samples': 1.0, 'min_samples_leaf': 4, 'min_samples_split': 2, 'n_estimators': 200}",-9.98424973836504,-10.20926914465653,-10.444627022767762,-10.06903311309358,-10.00892108976151,-10.143220021728883,0.16971748197989645,39,-14.184541603622955,-14.74914902679451,-15.013037457593967,-13.967030346874008,-14.235182152983992,-14.429788117573887,0.38841556904281066,63,-0.41256418000604045,-0.37844383893430217,-0.4226586102719033,-0.38354926182585114,-0.4306811332127788,-0.4055794048501752,0.02093919410031046,28,0.9024490705483398,-1.2592486724679393,1.34839007429222,-1.1611247722229494,0.578495589364694,0.081792257902873,1.0833000833393818,38,-13.193945738035213,-11.824767047855566,-13.95099592254058,-11.61246967138634,-12.291479545605581,-12.574731585084654,0.8770582887461829,73,10.143220021728883,14.429788117573887,0.4055794048501752,12.574731585084654,0.081792257902873,n200__squared_error__boostrap_true__samples_1.0
8.064772987365723,0.24624958560963553,2.9842670917510987,0.15537967951514386,True,squared_error,24,1.0,1.0,4,4,200,"{'bootstrap': True, 'criterion': 'squared_error', 'max_depth': 24, 'max_features': 1.0, 'max_samples': 1.0, 'min_samples_leaf': 4, 'min_samples_split': 4, 'n_estimators': 200}",-9.98424973836504,-10.209269144656528,-10.444627022767762,-10.069033113093578,-10.008921089761511,-10.143220021728885,0.16971748197989617,41,-14.184541603622955,-14.749149026794509,-15.013037457593967,-13.967030346874006,-14.235182152983992,-14.429788117573887,0.38841556904281077,63,-0.41256418000604045,-0.37844383893430217,-0.4226586102719033,-0.38354926182585114,-0.4306811332127788,-0.4055794048501752,0.02093919410031046,28,0.9024490705483404,-1.2592486724679397,1.34839007429222,-1.1611247722229494,0.5784955893646948,0.08179225790287321,1.0833000833393822,36,-13.193945738035213,-11.824767047855566,-13.950995922540574,-11.61246967138634,-12.291479545605581,-12.574731585084654,0.8770582887461812,73,10.143220021728885,14.429788117573887,0.4055794048501752,12.574731585084654,0.08179225790287321,n200__squared_error__boostrap_true__samples_1.0
8.96504249572754,0.28681817246353813,2.9771821975708006,0.06901849819121592,True,squared_error,24,1.0,1.0,4,8,200,"{'bootstrap': True, 'criterion': 'squared_error', 'max_depth': 24, 'max_features': 1.0, 'max_samples': 1.0, 'min_samples_leaf': 4, 'min_samples_split': 8, 'n_estimators': 200}",-9.98424973836504,-10.20926914465653,-10.444627022767762,-10.06903311309358,-10.00892108976151,-10.143220021728883,0.16971748197989645,39,-14.184541603622955,-14.749149026794509,-15.013037457593967,-13.967030346874008,-14.23518215298399,-14.429788117573887,0.38841556904281055,63,-0.41256418000604045,-0.37844383893430217,-0.4226586102719033,-0.38354926182585114,-0.4306811332127788,-0.4055794048501752,0.02093919410031046,28,0.9024490705483409,-1.2592486724679397,1.3483900742922201,-1.1611247722229505,0.5784955893646951,0.08179225790287319,1.0833000833393824,37,-13.193945738035216,-11.824767047855564,-13.950995922540578,-11.61246967138634,-12.29147954560558,-12.574731585084654,0.8770582887461832,73,10.143220021728883,14.429788117573887,0.4055794048501752,12.574731585084654,0.08179225790287319,n200__squared_error__boostrap_true__samples_1.0
12.058236265182495,0.13993846932691306,2.8874155044555665,0.3147793955473113,True,squared_error,26,0.875,1.0,1,2,200,"{'bootstrap': True, 'criterion': 'squared_error', 'max_depth': 26, 'max_features': 0.875, 'max_samples': 1.0, 'min_samples_leaf': 1, 'min_samples_split': 2, 'n_estimators': 200}",-10.020310358208862,-10.253683587935855,-10.55589192636166,-10.181811505384022,-10.05290685163812,-10.212920845905703,0.19129131321987325,88,-14.18198246230782,-14.662287892184727,-15.072400576890187,-14.019428851700933,-14.156215590382097,-14.418463074693154,0.3926856077284014,46,-0.4113560857746904,-0.38207689978807147,-0.42628398791540784,-0.3838505573968063,-0.4370102471368294,-0.4081155556023611,0.02210112169965239,89,0.8530336460974463,-1.3643526020376153,1.3206106131905315,-1.1803521829590993,0.5639971063942087,0.03858731613709439,1.09881899535243,81,-13.21646182021225,-11.632908180040365,-13.93027051946058,-11.725213301070765,-12.14720252853492,-12.530411269863777,0.8978837097238124,33,10.212920845905703,14.418463074693154,0.4081155556023611,12.530411269863777,0.03858731613709439,n200__squared_error__boostrap_true__samples_1.0
10.60085587501526,0.14878598572705276,2.4454463958740233,0.1535860832109775,True,squared_error,26,0.875,1.0,1,4,200,"{'bootstrap': True, 'criterion': 'squared_error', 'max_depth': 26, 'max_features': 0.875, 'max_samples': 1.0, 'min_samples_leaf': 1, 'min_samples_split': 4, 'n_estimators': 200}",-10.016092272313648,-10.245509845737093,-10.574951775477473,-10.17482731757653,-10.073411707020515,-10.216958583625052,0.19580721353540287,89,-14.151355128727744,-14.712378554742616,-15.087096381067024,-13.987767620627663,-14.174542332586505,-14.422628003550312,0.41224085969821855,54,-0.41467834491090305,-0.38298516500151375,-0.42930513595166164,-0.3841518529677614,-0.4321880650994575,-0.40866171278625946,0.021334752727597443,94,0.8236578629644249,-1.3154992012025615,1.3309968010024502,-1.2585469402053686,0.5230874411172309,0.02073919273523519,1.0987186363254953,89,-13.070070174037035,-11.6584289165603,-13.86653405635065,-11.605150812743094,-12.259129767615429,-12.491862745461301,0.8670732012005504,8,10.216958583625052,14.422628003550312,0.40866171278625946,12.491862745461301,0.02073919273523519,n200__squared_error__boostrap_true__samples_1.0
8.827607345581054,0.2723764077761079,2.630536603927612,0.2048900894742142,True,squared_error,26,0.875,1.0,1,8,200,"{'bootstrap': True, 'criterion': 'squared_error', 'max_depth': 26, 'max_features': 0.875, 'max_samples': 1.0, 'min_samples_leaf': 1, 'min_samples_split': 8, 'n_estimators': 200}",-10.08804771357952,-10.26748963574501,-10.554419777681458,-10.224704211950426,-10.136264441562005,-10.254185156103684,0.16290727912965278,96,-14.255573053705918,-14.674432905301225,-15.065030573479456,-14.060538693357847,-14.236219915669832,-14.458359028302857,0.3642711187559197,95,-0.41226215644820297,-0.3814713896457766,-0.42658610271903324,-0.3850557396806267,-0.43248945147679324,-0.40757296799408654,0.020941045307074,81,0.8341692175903728,-1.379199089426736,1.3083536066190085,-1.3023841211494926,0.520171494765363,-0.0037777783202969095,1.1204043017364242,93,-13.246688739598357,-11.650009394638596,-13.904312996471155,-11.585751322914044,-12.31987959468091,-12.541328409660611,0.9068491508342256,40,10.254185156103684,14.458359028302857,0.40757296799408654,12.541328409660611,-0.0037777783202969095,n200__squared_error__boostrap_true__samples_1.0
8.742743444442748,0.12807790162359645,3.060154342651367,0.07082320775815852,True,squared_error,26,0.875,1.0,2,2,200,"{'bootstrap': True, 'criterion': 'squared_error', 'max_depth': 26, 'max_features': 0.875, 'max_samples': 1.0, 'min_samples_leaf': 2, 'min_samples_split': 2, 'n_estimators': 200}",-9.965137751627418,-10.139534787518551,-10.455271586120046,-10.100118158396695,-10.013213216667584,-10.134655100066059,0.171753198097823,26,-14.178213580989809,-14.597887769813424,-14.997655181269549,-13.982506173535512,-14.166880582476617,-14.384628657616982,0.3668800534034396,6,-0.41467834491090305,-0.38086587950348166,-0.42628398791540784,-0.38354926182585114,-0.42887281494876434,-0.4068500578208816,0.020698145646549614,57,0.9510192514348874,-1.3149329197924577,1.3399179827721839,-1.1901041580152225,0.5648943219348581,0.07015889566684982,1.1081253132550826,60,-13.16219804702815,-11.584920496462358,-13.83489634055042,-11.615214637575061,-12.33245285069673,-12.505936474462546,0.8796096824675543,13,10.134655100066059,14.384628657616982,0.4068500578208816,12.505936474462546,0.07015889566684982,n200__squared_error__boostrap_true__samples_1.0
9.612094593048095,0.2224721641375637,2.1790863990783693,0.18198679545381583,True,squared_error,26,0.875,1.0,2,4,200,"{'bootstrap': True, 'criterion': 'squared_error', 'max_depth': 26, 'max_features': 0.875, 'max_samples': 1.0, 'min_samples_leaf': 2, 'min_samples_split': 4, 'n_estimators': 200}",-9.965137751627418,-10.139534787518553,-10.455271586120046,-10.100118158396695,-10.013213216667584,-10.13465510006606,0.171753198097823,27,-14.178213580989805,-14.597887769813424,-14.997655181269549,-13.982506173535512,-14.166880582476617,-14.384628657616982,0.36688005340343993,6,-0.41467834491090305,-0.38086587950348166,-0.42628398791540784,-0.38354926182585114,-0.42887281494876434,-0.4068500578208816,0.020698145646549614,57,0.9510192514348879,-1.3149329197924575,1.3399179827721839,-1.1901041580152225,0.5648943219348581,0.07015889566684996,1.1081253132550826,59,-13.162198047028149,-11.584920496462356,-13.834896340550417,-11.615214637575061,-12.33245285069673,-12.505936474462542,0.8796096824675533,12,10.13465510006606,14.384628657616982,0.4068500578208816,12.505936474462542,0.07015889566684996,n200__squared_error__boostrap_true__samples_1.0
8.484501886367799,0.3570632295159617,2.174345302581787,0.16430355206914235,True,squared_error,26,0.875,1.0,2,8,200,"{'bootstrap': True, 'criterion': 'squared_error', 'max_depth': 26, 'max_features': 0.875, 'max_samples': 1.0, 'min_samples_leaf': 2, 'min_samples_split': 8, 'n_estimators': 200}",-10.025572857350738,-10.206054799558135,-10.546506364054155,-10.156784345422626,-10.01671093818251,-10.190325860913635,0.19262537588162185,72,-14.231362435790198,-14.666224292273615,-15.084831327346135,-13.99682366470476,-14.136097641154324,-14.423067872253807,0.3994603678636204,58,-0.41226215644820297,-0.38207689978807147,-0.4259818731117825,-0.3841518529677614,-0.43037974683544306,-0.4069705058302523,0.02038533176996129,63,0.9012431420307245,-1.3850155003167601,1.3429528341771104,-1.2016050429766003,0.5578403287721412,0.04308315233732314,1.1206952461427,77,-13.25226658386521,-11.543539146352717,-13.955358136931023,-11.655780433262104,-12.285140442491432,-12.538416948580497,0.932768104205539,37,10.190325860913635,14.423067872253807,0.4069705058302523,12.538416948580497,0.04308315233732314,n200__squared_error__boostrap_true__samples_1.0
7.467552995681762,0.29672390795416526,2.8540289402008057,0.24554065154745044,True,squared_error,26,0.875,1.0,3,2,200,"{'bootstrap': True, 'criterion': 'squared_error', 'max_depth': 26, 'max_features': 0.875, 'max_samples': 1.0, 'min_samples_leaf': 3, 'min_samples_split': 2, 'n_estimators': 200}",-10.005385692705357,-10.185264777291518,-10.492335087502248,-10.13614371565617,-10.014168131162672,-10.166659480863592,0.17697729584403638,57,-14.227285204555683,-14.609850698201212,-15.05425513661693,-14.004434992213788,-14.166278908186863,-14.412420987954897,0.3774237192665293,39,-0.4137722742373905,-0.38056312443233425,-0.4268882175226586,-0.3838505573968063,-0.43248945147679324,-0.4075127250131966,0.021562039231416953,79,0.9520391215443382,-1.3854115153119477,1.3999001246536822,-1.1815798074253607,0.6277293641359841,0.08253545751933922,1.14381627911912,32,-13.240888160576912,-11.56162105183712,-13.9289803794183,-11.664127790980395,-12.303071738467226,-12.53973782425599,0.9166267351784387,38,10.166659480863592,14.412420987954897,0.4075127250131966,12.53973782425599,0.08253545751933922,n200__squared_error__boostrap_true__samples_1.0
8.112589597702026,0.48925628424973644,2.3961737632751463,0.4965164497458602,True,squared_error,26,0.875,1.0,3,4,200,"{'bootstrap': True, 'criterion': 'squared_error', 'max_depth': 26, 'max_features': 0.875, 'max_samples': 1.0, 'min_samples_leaf': 3, 'min_samples_split': 4, 'n_estimators': 200}",-10.005385692705357,-10.185264777291518,-10.492335087502248,-10.13614371565617,-10.014168131162672,-10.166659480863592,0.17697729584403638,57,-14.227285204555683,-14.609850698201214,-15.05425513661693,-14.004434992213792,-14.166278908186863,-14.412420987954897,0.3774237192665287,39,-0.4137722742373905,-0.38056312443233425,-0.4268882175226586,-0.3838505573968063,-0.43248945147679324,-0.4075127250131966,0.021562039231416953,79,0.952039121544339,-1.3854115153119482,1.3999001246536833,-1.1815798074253607,0.6277293641359845,0.08253545751933958,1.1438162791191206,31,-13.240888160576912,-11.561621051837118,-13.928980379418304,-11.664127790980395,-12.303071738467226,-12.53973782425599,0.9166267351784402,38,10.166659480863592,14.412420987954897,0.4075127250131966,12.53973782425599,0.08253545751933958,n200__squared_error__boostrap_true__samples_1.0
8.241907024383545,0.07201438120322641,2.0129302024841307,0.14702375599694495,True,squared_error,26,0.875,1.0,3,8,200,"{'bootstrap': True, 'criterion': 'squared_error', 'max_depth': 26, 'max_features': 0.875, 'max_samples': 1.0, 'min_samples_leaf': 3, 'min_samples_split': 8, 'n_estimators': 200}",-10.001867850013602,-10.219789897867729,-10.521639741845348,-10.107389372150394,-10.031437335688032,-10.176424839513022,0.18831424358284923,66,-14.22413115274922,-14.694024255150596,-15.06262069700279,-13.955163196725948,-14.16893687265219,-14.420975234856149,0.40137674325429484,51,-0.41014799154334036,-0.3835906751438087,-0.4241691842900302,-0.3850557396806267,-0.43128390596745025,-0.4068494993250512,0.019615466488968586,56,0.9157581006438972,-1.3034793182559363,1.389881363431533,-1.2078745097540349,0.5533580974921342,0.06952874671151861,1.1144896786159546,61,-13.309373903765456,-11.6221680522722,-14.041002442473813,-11.556138430474766,-12.271261791506566,-12.55998892409856,0.9721693317151375,60,10.176424839513022,14.420975234856149,0.4068494993250512,12.55998892409856,0.06952874671151861,n200__squared_error__boostrap_true__samples_1.0
7.109030103683471,0.4179277335583577,2.454671096801758,0.503094446148478,True,squared_error,26,0.875,1.0,4,2,200,"{'bootstrap': True, 'criterion': 'squared_error', 'max_depth': 26, 'max_features': 0.875, 'max_samples': 1.0, 'min_samples_leaf': 4, 'min_samples_split': 2, 'n_estimators': 200}",-10.001501058834796,-10.264346438228962,-10.532588598613735,-10.136021227030854,-10.025032557269686,-10.191897975995607,0.19418349318399517,74,-14.222591238821328,-14.690733459579478,-15.110960241698116,-13.995809894403942,-14.183278643816985,-14.440674695663969,0.40583984813919427,78,-0.4098459679855029,-0.38570996064184077,-0.4259818731117825,-0.38234407954203076,-0.4306811332127788,-0.40691260289878717,0.019951687192229464,60,0.9357490915464596,-1.3827312761098438,1.398535500337052,-1.2228424521059185,0.6165896937594564,0.06906011148544115,1.14849063627844,65,-13.343122788471753,-11.513333940533537,-14.00426268352025,-11.655965466499554,-12.354409597240968,-12.574218895253212,0.9646990004585706,68,10.191897975995607,14.440674695663969,0.40691260289878717,12.574218895253212,0.06906011148544115,n200__squared_error__boostrap_true__samples_1.0
7.0835607051849365,0.6521475047030254,2.6754119396209717,0.4016468443316167,True,squared_error,26,0.875,1.0,4,4,200,"{'bootstrap': True, 'criterion': 'squared_error', 'max_depth': 26, 'max_features': 0.875, 'max_samples': 1.0, 'min_samples_leaf': 4, 'min_samples_split': 4, 'n_estimators': 200}",-10.001501058834794,-10.264346438228964,-10.532588598613735,-10.136021227030854,-10.025032557269682,-10.191897975995605,0.19418349318399622,73,-14.222591238821328,-14.690733459579478,-15.110960241698116,-13.99580989440394,-14.183278643816985,-14.440674695663969,0.40583984813919466,78,-0.4098459679855029,-0.38570996064184077,-0.4259818731117825,-0.38234407954203076,-0.4306811332127788,-0.40691260289878717,0.019951687192229464,60,0.9357490915464598,-1.3827312761098438,1.3985355003370517,-1.2228424521059182,0.6165896937594564,0.06906011148544115,1.1484906362784397,65,-13.343122788471753,-11.513333940533537,-14.00426268352025,-11.655965466499554,-12.354409597240968,-12.574218895253212,0.9646990004585706,68,10.191897975995605,14.440674695663969,0.40691260289878717,12.574218895253212,0.06906011148544115,n200__squared_error__boostrap_true__samples_1.0
7.94602599143982,0.10350257842170496,2.4608537197113036,0.15109474980109625,True,squared_error,26,0.875,1.0,4,8,200,"{'bootstrap': True, 'criterion': 'squared_error', 'max_depth': 26, 'max_features': 0.875, 'max_samples': 1.0, 'min_samples_leaf': 4, 'min_samples_split': 8, 'n_estimators': 200}",-10.001501058834796,-10.264346438228962,-10.532588598613735,-10.136021227030854,-10.025032557269686,-10.191897975995607,0.19418349318399517,74,-14.222591238821328,-14.690733459579478,-15.110960241698118,-13.99580989440394,-14.183278643816987,-14.440674695663969,0.40583984813919494,78,-0.4098459679855029,-0.38570996064184077,-0.4259818731117825,-0.38234407954203076,-0.4306811332127788,-0.40691260289878717,0.019951687192229464,60,0.9357490915464598,-1.3827312761098431,1.3985355003370517,-1.2228424521059178,0.6165896937594567,0.06906011148544144,1.1484906362784395,64,-13.343122788471753,-11.513333940533538,-14.00426268352025,-11.655965466499554,-12.35440959724097,-12.574218895253214,0.9646990004585702,70,10.191897975995607,14.440674695663969,0.40691260289878717,12.574218895253214,0.06906011148544144,n200__squared_error__boostrap_true__samples_1.0
13.829292726516723,0.2265745075908388,3.3179864406585695,0.637165187372001,True,squared_error,26,1.0,1.0,1,2,200,"{'bootstrap': True, 'criterion': 'squared_error', 'max_depth': 26, 'max_features': 1.0, 'max_samples': 1.0, 'min_samples_leaf': 1, 'min_samples_split': 2, 'n_estimators': 200}",-9.922978730457015,-10.188930024730809,-10.426546559727425,-10.11805743970689,-10.040577753892816,-10.13941810170299,0.168502745135445,31,-14.090428024270302,-14.686553388870093,-14.964085193031295,-13.972368205979828,-14.181102534720878,-14.378907469374479,0.38070995131434876,3,-0.40863787375415284,-0.3835906751438087,-0.42900302114803623,-0.380235010545345,-0.42857142857142855,-0.40600760183255424,0.02103130514639764,40,0.8458726575110167,-1.2199206019476678,1.3162250132505675,-1.1976664594185522,0.5128614438816135,0.05147441065539553,1.0602206229990503,73,-13.176521413733239,-11.690859559373605,-13.686117572731392,-11.730102085410856,-12.312345730736833,-12.519189272397185,0.7931431339959574,23,10.13941810170299,14.378907469374479,0.40600760183255424,12.519189272397185,0.05147441065539553,n200__squared_error__boostrap_true__samples_1.0
12.841803312301636,0.10773200636132683,2.174888038635254,0.3922864136478472,True,squared_error,26,1.0,1.0,1,4,200,"{'bootstrap': True, 'criterion': 'squared_error', 'max_depth': 26, 'max_features': 1.0, 'max_samples': 1.0, 'min_samples_leaf': 1, 'min_samples_split': 4, 'n_estimators': 200}",-9.99512885106751,-10.157861131877986,-10.463816374979412,-10.122527635775503,-10.022333705102538,-10.15233353976059,0.1670651214234437,50,-14.172189256570968,-14.684981855866305,-14.982746796301289,-13.962368324449894,-14.200626663934973,-14.400582579424684,0.37522679413353943,20,-0.40712775596496525,-0.3796548592188919,-0.4268882175226586,-0.3838505573968063,-0.4306811332127788,-0.4056405046632202,0.021122338257778626,32,0.7985101096910726,-1.232486387254662,1.310940717836442,-1.2291789471440626,0.494453148110726,0.028447728247903193,1.0608039488326657,85,-13.25583775929958,-11.754590423241961,-13.791382157544405,-11.584389441745586,-12.209481728118131,-12.519136301989931,0.8620332479370605,22,10.15233353976059,14.400582579424684,0.4056405046632202,12.519136301989931,0.028447728247903193,n200__squared_error__boostrap_true__samples_1.0
11.596373891830444,0.13963403648487818,1.682509756088257,0.13317448041865917,True,squared_error,26,1.0,1.0,1,8,200,"{'bootstrap': True, 'criterion': 'squared_error', 'max_depth': 26, 'max_features': 1.0, 'max_samples': 1.0, 'min_samples_leaf': 1, 'min_samples_split': 8, 'n_estimators': 200}",-9.981932503315017,-10.174815533095554,-10.481328001350466,-10.138887420581769,-10.05215698057809,-10.165824087784179,0.17151412519299014,56,-14.12898473165591,-14.71891424332792,-15.013269211592757,-13.994862207559228,-14.200662673838162,-14.411338613594797,0.38845434116109784,35,-0.4089398973119903,-0.381774144716924,-0.4259818731117825,-0.38324796625489604,-0.43309222423146476,-0.4066072211254115,0.0211877812869944,52,0.8191607407398155,-1.3103058588877043,1.2652236536996486,-1.2786315862292494,0.45692895663717414,-0.009524818808063107,1.079994986167618,95,-13.206211126685952,-11.60962547736262,-13.787619141211305,-11.559429683261012,-12.132619046513652,-12.459100895006909,0.8900271457207766,3,10.165824087784179,14.411338613594797,0.4066072211254115,12.459100895006909,-0.009524818808063107,n200__squared_error__boostrap_true__samples_1.0
9.927678203582763,0.7756640509596233,3.2786023139953615,0.6874570218294233,True,squared_error,26,1.0,1.0,2,2,200,"{'bootstrap': True, 'criterion': 'squared_error', 'max_depth': 26, 'max_features': 1.0, 'max_samples': 1.0, 'min_samples_leaf': 2, 'min_samples_split': 2, 'n_estimators': 200}",-9.876877902745314,-10.114916362059839,-10.417977538264074,-10.027818253814157,-10.032066404591957,-10.093931292295068,0.17930795564189123,8,-14.088025165976244,-14.70956841049203,-15.00662818609667,-13.881747374968345,-14.273530766382729,-14.391899980783204,0.41119602450729664,16,-0.4080338266384778,-0.37904934907659704,-0.4229607250755287,-0.37872853269056944,-0.4309825195901145,-0.4039509906142575,0.02174859649744627,3,0.9128593833463755,-1.2254192472534027,1.338615235378439,-1.1958465925243325,0.5435406806979256,0.07474989192900099,1.0792963584112132,52,-13.221621078552769,-11.726041921008648,-13.897972171698829,-11.6600294128166,-12.26918332482232,-12.554969581779833,0.8738183944230106,55,10.093931292295068,14.391899980783204,0.4039509906142575,12.554969581779833,0.07474989192900099,n200__squared_error__boostrap_true__samples_1.0
11.379965877532959,0.38152377813215543,1.974220371246338,0.4419182881477885,True,squared_error,26,1.0,1.0,2,4,200,"{'bootstrap': True, 'criterion': 'squared_error', 'max_depth': 26, 'max_features': 1.0, 'max_samples': 1.0, 'min_samples_leaf': 2, 'min_samples_split': 4, 'n_estimators': 200}",-9.876877902745314,-10.114916362059835,-10.417977538264074,-10.027818253814157,-10.032066404591957,-10.093931292295068,0.17930795564189114,8,-14.088025165976244,-14.70956841049203,-15.00662818609667,-13.881747374968345,-14.273530766382729,-14.391899980783204,0.41119602450729664,16,-0.4080338266384778,-0.37904934907659704,-0.4229607250755287,-0.37872853269056944,-0.4309825195901145,-0.4039509906142575,0.02174859649744627,3,0.9128593833463758,-1.2254192472534022,1.3386152353784393,-1.195846592524332,0.5435406806979254,0.07474989192900125,1.079296358411213,51,-13.221621078552769,-11.726041921008646,-13.897972171698829,-11.660029412816598,-12.26918332482232,-12.554969581779833,0.8738183944230112,55,10.093931292295068,14.391899980783204,0.4039509906142575,12.554969581779833,0.07474989192900125,n200__squared_error__boostrap_true__samples_1.0
11.064003658294677,0.048897017491608484,1.464341402053833,0.014698390550311647,True,squared_error,26,1.0,1.0,2,8,200,"{'bootstrap': True, 'criterion': 'squared_error', 'max_depth': 26, 'max_features': 1.0, 'max_samples': 1.0, 'min_samples_leaf': 2, 'min_samples_split': 8, 'n_estimators': 200}",-9.930099174060363,-10.195402376125628,-10.428074196722383,-10.086379056863423,-10.003073507622366,-10.128605662278833,0.17383293015129886,25,-14.149116645150798,-14.800560741379174,-15.017557343749276,-13.9605441677217,-14.204347983305516,-14.426425376261292,0.4080877542148412,60,-0.4107520386590154,-0.3814713896457766,-0.4241691842900302,-0.38686351310635736,-0.42917420132610007,-0.40648606540545595,0.01926873786698258,49,0.875632469168868,-1.2320708949452295,1.338395206896563,-1.2126198435069133,0.536144314821225,0.06109625048690266,1.0784494882136726,70,-13.153594658357347,-11.748366619975734,-13.870019133183304,-11.468850011343557,-12.27848480859123,-12.503863046290235,0.8923402718902846,11,10.128605662278833,14.426425376261292,0.40648606540545595,12.503863046290235,0.06109625048690266,n200__squared_error__boostrap_true__samples_1.0
9.12325415611267,1.2831998201428234,2.8924744606018065,1.04381970308374,True,squared_error,26,1.0,1.0,3,2,200,"{'bootstrap': True, 'criterion': 'squared_error', 'max_depth': 26, 'max_features': 1.0, 'max_samples': 1.0, 'min_samples_leaf': 3, 'min_samples_split': 2, 'n_estimators': 200}",-9.923634444940035,-10.149583515435916,-10.412193472164823,-10.03360018241949,-10.008185791090979,-10.105439481210249,0.16953993218711205,12,-14.190269117095047,-14.66720514705241,-14.994687536860985,-13.938935269148244,-14.243333216203132,-14.406886057271965,0.3757464513764753,27,-0.4104500151011779,-0.3796548592188919,-0.4244712990936556,-0.3808376016872552,-0.43007836045810727,-0.40509842711181754,0.021278663163933186,12,0.9406394457026849,-1.261406158004257,1.3437322385498702,-1.1715065063396586,0.5910009642241929,0.08849199682656646,1.092164809704055,23,-13.234588245738797,-11.705601998244322,-13.847727438599868,-11.63500352488487,-12.3223902081765,-12.549062283128873,0.8665778587882424,47,10.105439481210249,14.406886057271965,0.40509842711181754,12.549062283128873,0.08849199682656646,n200__squared_error__boostrap_true__samples_1.0
9.793256950378417,1.0150995786115011,2.2760770320892334,0.7334736749378081,True,squared_error,26,1.0,1.0,3,4,200,"{'bootstrap': True, 'criterion': 'squared_error', 'max_depth': 26, 'max_features': 1.0, 'max_samples': 1.0, 'min_samples_leaf': 3, 'min_samples_split': 4, 'n_estimators': 200}",-9.923634444940038,-10.149583515435916,-10.412193472164823,-10.03360018241949,-10.008185791090977,-10.105439481210249,0.1695399321871115,12,-14.190269117095045,-14.66720514705241,-14.994687536860985,-13.938935269148246,-14.243333216203132,-14.406886057271965,0.37574645137647505,27,-0.4104500151011779,-0.3796548592188919,-0.4244712990936556,-0.3808376016872552,-0.43007836045810727,-0.40509842711181754,0.021278663163933186,12,0.9406394457026852,-1.261406158004257,1.3437322385498698,-1.1715065063396592,0.5910009642241921,0.08849199682656617,1.092164809704055,24,-13.234588245738793,-11.705601998244322,-13.847727438599868,-11.63500352488487,-12.322390208176502,-12.549062283128873,0.8665778587882418,47,10.105439481210249,14.406886057271965,0.40509842711181754,12.549062283128873,0.08849199682656617,n200__squared_error__boostrap_true__samples_1.0
10.363382720947266,0.05941490181478391,1.4082333087921142,0.05428115598330968,True,squared_error,26,1.0,1.0,3,8,200,"{'bootstrap': True, 'criterion': 'squared_error', 'max_depth': 26, 'max_features': 1.0, 'max_samples': 1.0, 'min_samples_leaf': 3, 'min_samples_split': 8, 'n_estimators': 200}",-9.880164973424048,-10.118048147126196,-10.430792321612254,-10.015036364982347,-9.98947576163441,-10.08670351375585,0.18795062030834886,1,-14.127661017020491,-14.667045642338797,-15.02168041842197,-13.916814030835365,-14.223912057000465,-14.391422633123417,0.39901785116620236,15,-0.4074297795228028,-0.38116863457462913,-0.427190332326284,-0.3814401928291654,-0.42887281494876434,-0.40522035084032915,0.020933139708885547,14,0.8819689231436024,-1.247534358654663,1.3806481188723618,-1.1219520256152524,0.5182360852066683,0.08227334859054344,1.070878224067683,34,-13.207348158463857,-11.63594402038184,-13.82456430622492,-11.657246019889172,-12.250382258544867,-12.515096952700931,0.86865510445271,17,10.08670351375585,14.391422633123417,0.40522035084032915,12.515096952700931,0.08227334859054344,n200__squared_error__boostrap_true__samples_1.0
8.746270895004272,1.7302638067118379,1.8484933853149415,0.5801760802213997,True,squared_error,26,1.0,1.0,4,2,200,"{'bootstrap': True, 'criterion': 'squared_error', 'max_depth': 26, 'max_features': 1.0, 'max_samples': 1.0, 'min_samples_leaf': 4, 'min_samples_split': 2, 'n_estimators': 200}",-9.970224991958968,-10.195599713429429,-10.465098764334398,-10.077208046920386,-10.002185297398084,-10.142063362808253,0.17917506654383245,36,-14.170883848228524,-14.747680828309688,-15.041697158766652,-13.985260118454041,-14.239521337736726,-14.437008658299126,0.39397100893008197,72,-0.4110540622168529,-0.3796548592188919,-0.42356495468277944,-0.3817414884001205,-0.4309825195901145,-0.4053995768217519,0.02116098651208575,24,0.9301865791717724,-1.2618746913164316,1.3541186587652005,-1.1656204632545408,0.5834169265941395,0.08804540199202797,1.091008575695616,26,-13.259097249086656,-11.765587618835418,-13.952071922417858,-11.672280659110868,-12.280779083638532,-12.585963306617867,0.8854752073414554,83,10.142063362808253,14.437008658299126,0.4053995768217519,12.585963306617867,0.08804540199202797,n200__squared_error__boostrap_true__samples_1.0
6.86204948425293,0.2992875758750494,1.5030436992645264,0.9269254512974074,True,squared_error,26,1.0,1.0,4,4,200,"{'bootstrap': True, 'criterion': 'squared_error', 'max_depth': 26, 'max_features': 1.0, 'max_samples': 1.0, 'min_samples_leaf': 4, 'min_samples_split': 4, 'n_estimators': 200}",-9.970224991958968,-10.195599713429429,-10.465098764334398,-10.077208046920385,-10.002185297398084,-10.142063362808253,0.17917506654383258,36,-14.170883848228524,-14.747680828309688,-15.041697158766652,-13.98526011845404,-14.239521337736726,-14.437008658299124,0.39397100893008236,70,-0.4110540622168529,-0.3796548592188919,-0.42356495468277944,-0.3817414884001205,-0.4309825195901145,-0.4053995768217519,0.02116098651208575,24,0.9301865791717724,-1.2618746913164323,1.3541186587652005,-1.1656204632545408,0.5834169265941395,0.08804540199202789,1.091008575695616,27,-13.259097249086656,-11.765587618835418,-13.952071922417858,-11.672280659110868,-12.280779083638532,-12.585963306617867,0.8854752073414554,83,10.142063362808253,14.437008658299124,0.4053995768217519,12.585963306617867,0.08804540199202789,n200__squared_error__boostrap_true__samples_1.0
6.98546781539917,0.16496530481148666,0.18214478492736816,0.027137616316428973,True,squared_error,26,1.0,1.0,4,8,200,"{'bootstrap': True, 'criterion': 'squared_error', 'max_depth': 26, 'max_features': 1.0, 'max_samples': 1.0, 'min_samples_leaf': 4, 'min_samples_split': 8, 'n_estimators': 200}",-9.970224991958968,-10.195599713429429,-10.465098764334398,-10.077208046920385,-10.002185297398084,-10.142063362808253,0.17917506654383258,36,-14.170883848228524,-14.74768082830969,-15.041697158766652,-13.98526011845404,-14.239521337736726,-14.437008658299124,0.39397100893008263,70,-0.4110540622168529,-0.3796548592188919,-0.42356495468277944,-0.3817414884001205,-0.4309825195901145,-0.4053995768217519,0.02116098651208575,24,0.9301865791717729,-1.2618746913164312,1.3541186587652005,-1.165620463254541,0.5834169265941392,0.08804540199202811,1.0910085756956158,25,-13.259097249086656,-11.765587618835418,-13.952071922417858,-11.672280659110868,-12.280779083638532,-12.585963306617867,0.8854752073414554,83,10.142063362808253,14.437008658299124,0.4053995768217519,12.585963306617867,0.08804540199202811,n200__squared_error__boostrap_true__samples_1.0
