mean_fit_time,std_fit_time,mean_score_time,std_score_time,param_bootstrap,param_criterion,param_max_depth,param_max_features,param_max_samples,param_min_samples_leaf,param_min_samples_split,param_n_estimators,params,split0_test_MAE,split1_test_MAE,split2_test_MAE,split3_test_MAE,split4_test_MAE,mean_test_MAE,std_test_MAE,rank_test_MAE,split0_test_RMSE,split1_test_RMSE,split2_test_RMSE,split3_test_RMSE,split4_test_RMSE,mean_test_RMSE,std_test_RMSE,rank_test_RMSE,split0_test_overestimation_rate,split1_test_overestimation_rate,split2_test_overestimation_rate,split3_test_overestimation_rate,split4_test_overestimation_rate,mean_test_overestimation_rate,std_test_overestimation_rate,rank_test_overestimation_rate,split0_test_mean_signed_error,split1_test_mean_signed_error,split2_test_mean_signed_error,split3_test_mean_signed_error,split4_test_mean_signed_error,mean_test_mean_signed_error,std_test_mean_signed_error,rank_test_mean_signed_error,split0_test_mean_overestimation,split1_test_mean_overestimation,split2_test_mean_overestimation,split3_test_mean_overestimation,split4_test_mean_overestimation,mean_test_mean_overestimation,std_test_mean_overestimation,rank_test_mean_overestimation,mean_MAE,mean_RMSE,overestimation_rate,mean_overstimation,mean_signed_error,chunk_id
12.383966445922852,0.30386174517520725,0.65657639503479,0.24272925856486888,True,poisson,20,0.875,0.7,1,2,200,"{'bootstrap': True, 'criterion': 'poisson', 'max_depth': 20, 'max_features': 0.875, 'max_samples': 0.7, 'min_samples_leaf': 1, 'min_samples_split': 2, 'n_estimators': 200}",-10.043168811524303,-10.21855346556822,-10.493987510742379,-10.236242669073315,-10.027129732437244,-10.203816437869092,0.16881572421698426,65,-14.210442993735258,-14.596121764014045,-15.019959820948316,-14.037350577219573,-14.122636045754955,-14.39730224033443,0.3652820176125996,15,-0.40410752038659015,-0.37935210414774445,-0.42235649546827797,-0.37812594154865925,-0.4243520192887282,-0.401658816168,0.020003785330032657,28,0.6481673692398662,-1.6237187578278394,1.1783684749691519,-1.4438643281302637,0.34346196132577983,-0.179517056084661,1.1390095922044492,87,-13.22833112649857,-11.328307677440733,-13.818132443742908,-11.626256459597604,-12.219326434625605,-12.444070828381085,0.9452372539551805,11,10.203816437869092,14.39730224033443,0.401658816168,12.444070828381085,-0.179517056084661,n200__poisson__boostrap_true__samples_0.7
12.544971132278443,0.19465181426701764,0.44825382232666017,0.1322597869280341,True,poisson,20,0.875,0.7,1,4,200,"{'bootstrap': True, 'criterion': 'poisson', 'max_depth': 20, 'max_features': 0.875, 'max_samples': 0.7, 'min_samples_leaf': 1, 'min_samples_split': 4, 'n_estimators': 200}",-10.055067606303478,-10.229011762557528,-10.523184005437454,-10.193733638280275,-10.0197084923035,-10.204141100976447,0.17818728009040813,66,-14.242975913959004,-14.598585275761017,-15.047076485823407,-13.98988558690311,-14.132328160276343,-14.402170284544576,0.38016289897555516,21,-0.4019933554817276,-0.3781410838631547,-0.4214501510574018,-0.380235010545345,-0.4258589511754069,-0.40153571042460723,0.019947144119562533,22,0.6734641294623382,-1.6075362260093033,1.1632002912370334,-1.445452113895572,0.3809536247867513,-0.1670740588837505,1.1389161813919852,79,-13.344165506055829,-11.399813329551158,-13.864491764155039,-11.503782242247555,-12.211393101381972,-12.46472918867831,0.9853311624047529,25,10.204141100976447,14.402170284544576,0.40153571042460723,12.46472918867831,-0.1670740588837505,n200__poisson__boostrap_true__samples_0.7
12.277405881881714,0.03590656950751362,0.5852823257446289,0.01300525020764387,True,poisson,20,0.875,0.7,1,8,200,"{'bootstrap': True, 'criterion': 'poisson', 'max_depth': 20, 'max_features': 0.875, 'max_samples': 0.7, 'min_samples_leaf': 1, 'min_samples_split': 8, 'n_estimators': 200}",-10.089277710755955,-10.248676365190448,-10.528383327168699,-10.307102700724217,-10.0416944378216,-10.243026908332183,0.173054609150921,89,-14.258713954061566,-14.600435981726196,-15.034436476945016,-14.160615975294366,-14.136879122644494,-14.438216302134327,0.3411395173433747,60,-0.4053156146179402,-0.3781410838631547,-0.4205438066465257,-0.3796324194034348,-0.42706449668474983,-0.40213948424316104,0.020261067696430365,33,0.6460994823155554,-1.5998411345664514,1.1895456589517626,-1.4697725152007768,0.35038368252043384,-0.17671696519589525,1.1418240332123197,84,-13.243231701289037,-11.43598989861932,-13.931876775883165,-11.639324954663609,-12.16687198422543,-12.483459062936113,0.9576168079684724,31,10.243026908332183,14.438216302134327,0.40213948424316104,12.483459062936113,-0.17671696519589525,n200__poisson__boostrap_true__samples_0.7
10.658926868438721,0.9124668525708078,0.88902907371521,0.31196641955251864,True,poisson,20,0.875,0.7,2,2,200,"{'bootstrap': True, 'criterion': 'poisson', 'max_depth': 20, 'max_features': 0.875, 'max_samples': 0.7, 'min_samples_leaf': 2, 'min_samples_split': 2, 'n_estimators': 200}",-10.009328117541651,-10.176926144566286,-10.490425138261243,-10.223340451698066,-10.023119685565142,-10.184627907526478,0.17428990027182847,58,-14.230196318085541,-14.560809365528106,-15.010673315462952,-14.079532602163502,-14.172395242420144,-14.41072136873205,0.3410405784253281,37,-0.40712775596496525,-0.3802603693611868,-0.42386706948640485,-0.3865622175354022,-0.4306811332127788,-0.4056997091121476,0.01984725392437144,85,0.7288374835939642,-1.5451839805446437,1.3036729389626278,-1.3233861828212083,0.5317909191865803,-0.06085376432453595,1.1518678231859671,60,-13.187710053916922,-11.349778808823043,-13.912496306347471,-11.511671168512194,-12.253741562829326,-12.44307958008579,0.981054243999581,9,10.184627907526478,14.41072136873205,0.4056997091121476,12.44307958008579,-0.06085376432453595,n200__poisson__boostrap_true__samples_0.7
10.68067364692688,0.28722754439412435,0.577834939956665,0.21887392520244253,True,poisson,20,0.875,0.7,2,4,200,"{'bootstrap': True, 'criterion': 'poisson', 'max_depth': 20, 'max_features': 0.875, 'max_samples': 0.7, 'min_samples_leaf': 2, 'min_samples_split': 4, 'n_estimators': 200}",-10.009328117541651,-10.176926144566286,-10.49042513826124,-10.223340451698066,-10.023119685565142,-10.184627907526478,0.17428990027182786,58,-14.23019631808554,-14.560809365528106,-15.010673315462952,-14.079532602163502,-14.172395242420142,-14.41072136873205,0.34104057842532853,37,-0.40712775596496525,-0.3802603693611868,-0.42386706948640485,-0.3865622175354022,-0.4306811332127788,-0.4056997091121476,0.01984725392437144,85,0.7288374835939635,-1.545183980544643,1.3036729389626278,-1.3233861828212083,0.5317909191865805,-0.06085376432453591,1.151867823185967,59,-13.18771005391692,-11.349778808823043,-13.912496306347471,-11.511671168512192,-12.253741562829326,-12.44307958008579,0.9810542439995811,9,10.184627907526478,14.41072136873205,0.4056997091121476,12.44307958008579,-0.06085376432453591,n200__poisson__boostrap_true__samples_0.7
10.740139627456665,0.14828529988165692,0.4610023498535156,0.13878637598542037,True,poisson,20,0.875,0.7,2,8,200,"{'bootstrap': True, 'criterion': 'poisson', 'max_depth': 20, 'max_features': 0.875, 'max_samples': 0.7, 'min_samples_leaf': 2, 'min_samples_split': 8, 'n_estimators': 200}",-10.049815120024022,-10.271980484468276,-10.493171804169862,-10.207713024837116,-10.001375319810109,-10.204811150661877,0.17497537744329444,67,-14.257109798081531,-14.667712094688012,-15.052046364096164,-14.06272183372021,-14.124977716462828,-14.432913561409748,0.3744940965209633,56,-0.40561763817577773,-0.3787465940054496,-0.42235649546827797,-0.3796324194034348,-0.4255575647980711,-0.40238214237020226,0.020113341149952686,40,0.740806390610519,-1.5467327467025602,1.2511681670954165,-1.3828392490671002,0.44123439371021894,-0.0992726088707012,1.1457971028971616,71,-13.3014697772565,-11.51858244517992,-13.90334953679831,-11.622919072135192,-12.269326851791941,-12.523129536632373,0.9375212340209588,56,10.204811150661877,14.432913561409748,0.40238214237020226,12.523129536632373,-0.0992726088707012,n200__poisson__boostrap_true__samples_0.7
9.580858993530274,1.0870595697511458,0.9765013694763184,0.541236415012657,True,poisson,20,0.875,0.7,3,2,200,"{'bootstrap': True, 'criterion': 'poisson', 'max_depth': 20, 'max_features': 0.875, 'max_samples': 0.7, 'min_samples_leaf': 3, 'min_samples_split': 2, 'n_estimators': 200}",-10.030650389047805,-10.238657839308882,-10.49835489875181,-10.175232992008473,-9.99883091307099,-10.188345406437591,0.17865756258500412,60,-14.257405017142725,-14.614252642683057,-15.052979366736363,-14.035074936988153,-14.14854479033811,-14.421651350777683,0.37058755957100775,49,-0.40863787375415284,-0.38116863457462913,-0.42507552870090637,-0.3811388972582103,-0.432790837854129,-0.4057623544284056,0.02155445163963034,87,0.881167096556972,-1.5150894459994453,1.3694153947587357,-1.257418557790085,0.5232433371412702,0.00026356493348955734,1.1663734116346303,16,-13.351451476288775,-11.44318761044522,-13.959601873319084,-11.698903599672267,-12.156073245892854,-12.52184356112364,0.9726165761268224,54,10.188345406437591,14.421651350777683,0.4057623544284056,12.52184356112364,0.00026356493348955734,n200__poisson__boostrap_true__samples_0.7
9.40970401763916,0.35665532738423067,0.7737804412841797,0.3271122485935854,True,poisson,20,0.875,0.7,3,4,200,"{'bootstrap': True, 'criterion': 'poisson', 'max_depth': 20, 'max_features': 0.875, 'max_samples': 0.7, 'min_samples_leaf': 3, 'min_samples_split': 4, 'n_estimators': 200}",-10.030650389047805,-10.238657839308882,-10.498354898751808,-10.175232992008473,-9.99883091307099,-10.188345406437591,0.1786575625850035,60,-14.257405017142725,-14.61425264268306,-15.052979366736363,-14.035074936988153,-14.148544790338113,-14.421651350777683,0.3705875595710077,49,-0.40863787375415284,-0.38116863457462913,-0.42507552870090637,-0.3811388972582103,-0.432790837854129,-0.4057623544284056,0.02155445163963034,87,0.8811670965569718,-1.5150894459994462,1.3694153947587357,-1.2574185577900858,0.5232433371412699,0.000263564933489091,1.1663734116346307,17,-13.351451476288771,-11.44318761044522,-13.959601873319084,-11.698903599672267,-12.156073245892854,-12.52184356112364,0.9726165761268218,54,10.188345406437591,14.421651350777683,0.4057623544284056,12.52184356112364,0.000263564933489091,n200__poisson__boostrap_true__samples_0.7
9.766921186447144,0.09295069891770329,0.37561769485473634,0.06844689332014395,True,poisson,20,0.875,0.7,3,8,200,"{'bootstrap': True, 'criterion': 'poisson', 'max_depth': 20, 'max_features': 0.875, 'max_samples': 0.7, 'min_samples_leaf': 3, 'min_samples_split': 8, 'n_estimators': 200}",-9.999789432169823,-10.221847152533075,-10.567660368464075,-10.213222000732122,-10.062899760036887,-10.213083742787196,0.1969015447163992,69,-14.21289405561145,-14.619575352540847,-15.105937041943402,-14.094918092406802,-14.207393462077698,-14.44814360091604,0.37420643882810856,71,-0.40471156750226517,-0.3760217983651226,-0.4199395770392749,-0.3850557396806267,-0.43158529234478604,-0.403462794986415,0.020764135512394952,56,0.8268618689828919,-1.57383176476065,1.3089553143517774,-1.2991089924646324,0.5895903565935001,-0.029506643459422575,1.175156052783338,45,-13.37576211123755,-11.499353794610432,-14.140862557597291,-11.575094317073473,-12.341118089029198,-12.58643817390959,1.029953225264518,93,10.213083742787196,14.44814360091604,0.403462794986415,12.58643817390959,-0.029506643459422575,n200__poisson__boostrap_true__samples_0.7
9.134746170043945,0.8480793907592734,0.9708643913269043,0.8089979058003123,True,poisson,20,0.875,0.7,4,2,200,"{'bootstrap': True, 'criterion': 'poisson', 'max_depth': 20, 'max_features': 0.875, 'max_samples': 0.7, 'min_samples_leaf': 4, 'min_samples_split': 2, 'n_estimators': 200}",-10.118305621307254,-10.268731066763108,-10.602542766045923,-10.225872612463514,-10.03055588736804,-10.249201590789566,0.19530249678101436,91,-14.375126017802172,-14.610817977454388,-15.17916908303786,-14.120446580858474,-14.20025225082212,-14.497162381995002,0.38026675627801826,94,-0.4113560857746904,-0.38086587950348166,-0.4256797583081571,-0.38234407954203076,-0.4273658830620856,-0.4055223372380891,0.020310919615776753,80,0.9431100369884147,-1.5760998718908286,1.3944004809931665,-1.2736772505779619,0.5873278924634643,0.015012257595250999,1.2069781275525608,2,-13.445061396702261,-11.411669648912216,-14.091512472568981,-11.706988339676181,-12.422474746643488,-12.615541320900626,1.017707681126417,94,10.249201590789566,14.497162381995002,0.4055223372380891,12.615541320900626,0.015012257595250999,n200__poisson__boostrap_true__samples_0.7
8.733297872543336,0.21651297880488046,1.513285493850708,0.14163143305814627,True,poisson,20,0.875,0.7,4,4,200,"{'bootstrap': True, 'criterion': 'poisson', 'max_depth': 20, 'max_features': 0.875, 'max_samples': 0.7, 'min_samples_leaf': 4, 'min_samples_split': 4, 'n_estimators': 200}",-10.118305621307254,-10.268731066763108,-10.602542766045925,-10.225872612463514,-10.030555887368044,-10.24920159078957,0.1953024967810142,93,-14.375126017802172,-14.610817977454388,-15.17916908303786,-14.120446580858474,-14.20025225082212,-14.497162381995002,0.38026675627801826,94,-0.4113560857746904,-0.38086587950348166,-0.4256797583081571,-0.38234407954203076,-0.4273658830620856,-0.4055223372380891,0.020310919615776753,80,0.943110036988414,-1.5760998718908286,1.3944004809931674,-1.2736772505779608,0.5873278924634648,0.015012257595251377,1.2069781275525608,1,-13.445061396702261,-11.411669648912216,-14.091512472568981,-11.706988339676181,-12.42247474664349,-12.615541320900626,1.0177076811264167,94,10.24920159078957,14.497162381995002,0.4055223372380891,12.615541320900626,0.015012257595251377,n200__poisson__boostrap_true__samples_0.7
9.150962114334106,0.10236859678468305,1.3749231815338134,0.0390231780227675,True,poisson,20,0.875,0.7,4,8,200,"{'bootstrap': True, 'criterion': 'poisson', 'max_depth': 20, 'max_features': 0.875, 'max_samples': 0.7, 'min_samples_leaf': 4, 'min_samples_split': 8, 'n_estimators': 200}",-10.118305621307254,-10.268731066763108,-10.602542766045925,-10.225872612463512,-10.03055588736804,-10.249201590789568,0.19530249678101505,92,-14.375126017802172,-14.610817977454388,-15.17916908303786,-14.120446580858474,-14.20025225082212,-14.497162381995002,0.38026675627801826,94,-0.4113560857746904,-0.38086587950348166,-0.4256797583081571,-0.38234407954203076,-0.4273658830620856,-0.4055223372380891,0.020310919615776753,80,0.943110036988413,-1.5760998718908292,1.3944004809931665,-1.2736772505779614,0.5873278924634648,0.015012257595250733,1.2069781275525608,3,-13.445061396702261,-11.411669648912218,-14.091512472568981,-11.706988339676181,-12.42247474664349,-12.615541320900626,1.0177076811264165,94,10.249201590789568,14.497162381995002,0.4055223372380891,12.615541320900626,0.015012257595250733,n200__poisson__boostrap_true__samples_0.7
11.778815603256225,0.6381617135911499,3.036625337600708,0.7687638998425542,True,poisson,20,1.0,0.7,1,2,200,"{'bootstrap': True, 'criterion': 'poisson', 'max_depth': 20, 'max_features': 1.0, 'max_samples': 0.7, 'min_samples_leaf': 1, 'min_samples_split': 2, 'n_estimators': 200}",-9.952434278183846,-10.183857327814376,-10.443369720159978,-10.19616499375327,-9.983962377217738,-10.151957739425843,0.17659267306394047,24,-14.132984464810876,-14.6596742876377,-14.977659653255817,-14.062441178691845,-14.14996682196109,-14.396545281271463,0.360228144166397,14,-0.40682573240712777,-0.37420526793823794,-0.41963746223564957,-0.377523350406749,-0.4258589511754069,-0.40081015283263427,0.02129878936868063,7,0.6795087806873912,-1.4915836224109666,1.212483366015525,-1.3647481881592802,0.3749409137554689,-0.11787975002237236,1.1036584550580277,73,-13.066950062332095,-11.614312317535381,-13.888003497206956,-11.696517309563626,-12.16236416116387,-12.485629469560385,0.870744346531004,34,10.151957739425843,14.396545281271463,0.40081015283263427,12.485629469560385,-0.11787975002237236,n200__poisson__boostrap_true__samples_0.7
12.396205234527589,0.05690522929974356,1.513084840774536,0.02497898070385193,True,poisson,20,1.0,0.7,1,4,200,"{'bootstrap': True, 'criterion': 'poisson', 'max_depth': 20, 'max_features': 1.0, 'max_samples': 0.7, 'min_samples_leaf': 1, 'min_samples_split': 4, 'n_estimators': 200}",-9.940705450701364,-10.14822454248697,-10.424873073622292,-10.161594439964983,-9.995875219815558,-10.134254545318234,0.1685300266465251,18,-14.0991621320469,-14.637356922680034,-14.928687150518869,-14.041408860420596,-14.12895097812411,-14.367113208758102,0.3529870556029655,5,-0.4053156146179402,-0.3766273085074175,-0.4202416918429003,-0.37902982826152454,-0.42374924653405666,-0.4009927379527678,0.019915379612244717,10,0.6486606508319392,-1.5052581224275756,1.171035584795579,-1.4193116497966742,0.3246886309134452,-0.15603698113665732,1.1005469153844578,74,-13.063111461317723,-11.474163217627082,-13.796713752466983,-11.53244697160915,-12.177678114053636,-12.408822703414916,0.899931768704618,3,10.134254545318234,14.367113208758102,0.4009927379527678,12.408822703414916,-0.15603698113665732,n200__poisson__boostrap_true__samples_0.7
11.56653118133545,0.09774776968454295,1.6083903312683105,0.1157423685447574,True,poisson,20,1.0,0.7,1,8,200,"{'bootstrap': True, 'criterion': 'poisson', 'max_depth': 20, 'max_features': 1.0, 'max_samples': 0.7, 'min_samples_leaf': 1, 'min_samples_split': 8, 'n_estimators': 200}",-9.986218709507112,-10.168056812364085,-10.488580627971036,-10.207273558936707,-9.99060497960166,-10.168146937676122,0.18375400815845488,43,-14.150383626144292,-14.624197354127974,-15.023737252264425,-14.088696179114066,-14.153958202897346,-14.40819452290962,0.3629688227240282,30,-0.4050135910601027,-0.37693006357856496,-0.42205438066465256,-0.37812594154865925,-0.4243520192887282,-0.40129519922814155,0.020527354138693894,16,0.6347652975560767,-1.5068557477570026,1.1977442633805517,-1.4484443665940814,0.3191806416492207,-0.16072198235304697,1.1116512164393166,76,-13.111885923708504,-11.489135388111327,-13.844572437499554,-11.58189405951601,-12.147680643221031,-12.435033690411284,0.9110511541170664,6,10.168146937676122,14.40819452290962,0.40129519922814155,12.435033690411284,-0.16072198235304697,n200__poisson__boostrap_true__samples_0.7
10.03177456855774,0.9463847662980682,2.353821277618408,0.48037737876248665,True,poisson,20,1.0,0.7,2,2,200,"{'bootstrap': True, 'criterion': 'poisson', 'max_depth': 20, 'max_features': 1.0, 'max_samples': 0.7, 'min_samples_leaf': 2, 'min_samples_split': 2, 'n_estimators': 200}",-9.915879087125086,-10.108223367940628,-10.418487431810256,-10.099684259061936,-9.956521090148543,-10.09975904721729,0.17662864180678958,6,-14.13499153647784,-14.58337099899246,-14.957058972150366,-14.015395483868355,-14.162184082988409,-14.370600214895484,0.35052087380213287,6,-0.4080338266384778,-0.3763245534362701,-0.4202416918429003,-0.38053630611630007,-0.4219409282700422,-0.4014154612607981,0.019416576882434745,18,0.8171753883273875,-1.4661194167744678,1.2638510814549706,-1.2709834910372724,0.4766436158864315,-0.03588656442859012,1.1181010919544054,46,-13.152162608520776,-11.482248330933961,-13.899547260570777,-11.600339607709365,-12.363300176651444,-12.499519596877265,0.9217311507847351,38,10.09975904721729,14.370600214895484,0.4014154612607981,12.499519596877265,-0.03588656442859012,n200__poisson__boostrap_true__samples_0.7
10.571188497543336,0.1667683975432155,1.6415250778198243,0.11551997461431777,True,poisson,20,1.0,0.7,2,4,200,"{'bootstrap': True, 'criterion': 'poisson', 'max_depth': 20, 'max_features': 1.0, 'max_samples': 0.7, 'min_samples_leaf': 2, 'min_samples_split': 4, 'n_estimators': 200}",-9.915879087125083,-10.108223367940628,-10.418487431810256,-10.099684259061936,-9.956521090148543,-10.099759047217288,0.1766286418067903,5,-14.13499153647784,-14.58337099899246,-14.957058972150366,-14.015395483868355,-14.162184082988407,-14.370600214895484,0.3505208738021331,6,-0.4080338266384778,-0.3763245534362701,-0.4202416918429003,-0.38053630611630007,-0.4219409282700422,-0.4014154612607981,0.019416576882434745,18,0.8171753883273875,-1.4661194167744682,1.2638510814549695,-1.2709834910372726,0.4766436158864318,-0.035886564428590416,1.1181010919544052,47,-13.15216260852078,-11.482248330933961,-13.899547260570777,-11.600339607709367,-12.363300176651444,-12.499519596877265,0.9217311507847353,38,10.099759047217288,14.370600214895484,0.4014154612607981,12.499519596877265,-0.035886564428590416,n200__poisson__boostrap_true__samples_0.7
10.45277705192566,0.1647294842809015,1.4869542598724366,0.09658464311602451,True,poisson,20,1.0,0.7,2,8,200,"{'bootstrap': True, 'criterion': 'poisson', 'max_depth': 20, 'max_features': 1.0, 'max_samples': 0.7, 'min_samples_leaf': 2, 'min_samples_split': 8, 'n_estimators': 200}",-10.04409557626465,-10.20386449063491,-10.418175215328636,-10.134486729080301,-9.97789425721725,-10.15570325370515,0.15214038858497703,26,-14.26534414967266,-14.74601120583599,-14.986216956874122,-14.001026019398799,-14.175917787801549,-14.434903223916624,0.3700832806112322,58,-0.40471156750226517,-0.3802603693611868,-0.4199395770392749,-0.3808376016872552,-0.4255575647980711,-0.40226133607761067,0.018996089291297428,34,0.77733258237557,-1.4840264279268125,1.2272235691046904,-1.3874454850804108,0.41662629657289424,-0.09005789299081371,1.1287770723743709,67,-13.369309191514093,-11.46561509598919,-13.865564739738963,-11.483951696533083,-12.212825494856835,-12.479453243726434,0.9801153160654184,30,10.15570325370515,14.434903223916624,0.40226133607761067,12.479453243726434,-0.09005789299081371,n200__poisson__boostrap_true__samples_0.7
9.65529136657715,0.6821181556381308,1.7615339279174804,0.5383706422113591,True,poisson,20,1.0,0.7,3,2,200,"{'bootstrap': True, 'criterion': 'poisson', 'max_depth': 20, 'max_features': 1.0, 'max_samples': 0.7, 'min_samples_leaf': 3, 'min_samples_split': 2, 'n_estimators': 200}",-9.95476312014633,-10.162628101114846,-10.439787647878589,-10.112069720657294,-9.936402311258172,-10.121130180211045,0.18174109898941476,11,-14.187668038354913,-14.597770705991122,-14.997331130989346,-14.049154252856992,-14.150469598199466,-14.396478745278369,0.35392054409719925,12,-0.4080338266384778,-0.37935210414774445,-0.42235649546827797,-0.377523350406749,-0.4243520192887282,-0.40232355918999546,0.02030722456189008,38,0.867986316535767,-1.4532043572709052,1.3209960691769138,-1.290447485400939,0.521282468575247,-0.006677397676783281,1.144290256087866,26,-13.262073791581948,-11.47934023380548,-13.922816202951967,-11.683545171115659,-12.321945347829292,-12.533944149456868,0.931606106665626,63,10.121130180211045,14.396478745278369,0.40232355918999546,12.533944149456868,-0.006677397676783281,n200__poisson__boostrap_true__samples_0.7
9.347652626037597,0.3572788035355124,1.7719029903411865,0.5924286629332316,True,poisson,20,1.0,0.7,3,4,200,"{'bootstrap': True, 'criterion': 'poisson', 'max_depth': 20, 'max_features': 1.0, 'max_samples': 0.7, 'min_samples_leaf': 3, 'min_samples_split': 4, 'n_estimators': 200}",-9.95476312014633,-10.162628101114848,-10.439787647878589,-10.112069720657292,-9.936402311258172,-10.121130180211047,0.18174109898941485,12,-14.187668038354913,-14.597770705991122,-14.997331130989346,-14.049154252856994,-14.150469598199466,-14.396478745278369,0.353920544097199,12,-0.4080338266384778,-0.37935210414774445,-0.42235649546827797,-0.377523350406749,-0.4243520192887282,-0.40232355918999546,0.02030722456189008,38,0.8679863165357672,-1.4532043572709052,1.3209960691769138,-1.2904474854009393,0.521282468575247,-0.006677397676783325,1.1442902560878663,27,-13.262073791581948,-11.47934023380548,-13.92281620295197,-11.683545171115659,-12.321945347829292,-12.53394414945687,0.9316061066656272,64,10.121130180211047,14.396478745278369,0.40232355918999546,12.53394414945687,-0.006677397676783325,n200__poisson__boostrap_true__samples_0.7
9.513561773300172,0.3305430203669863,1.3964284896850585,0.16658756154224477,True,poisson,20,1.0,0.7,3,8,200,"{'bootstrap': True, 'criterion': 'poisson', 'max_depth': 20, 'max_features': 1.0, 'max_samples': 0.7, 'min_samples_leaf': 3, 'min_samples_split': 8, 'n_estimators': 200}",-9.920639247308694,-10.18468108015074,-10.44327161452516,-10.135209990099263,-10.036241094789085,-10.144008605374589,0.1748128833590944,22,-14.14485938176308,-14.649219919325468,-14.99653457333635,-14.045538449124365,-14.246256715242438,-14.41648180775834,0.3552414782006126,45,-0.4074297795228028,-0.37844383893430217,-0.42477341389728096,-0.38053630611630007,-0.4252561784207354,-0.40328790337828424,0.020475595838302198,53,0.8468795340364433,-1.4463606278339773,1.26750890737938,-1.311265388781172,0.49931733334237094,-0.028784048371391036,1.1296313516534935,44,-13.213956517803467,-11.545068981600908,-13.78473809655193,-11.594090313450018,-12.387307889631527,-12.50503235980757,0.8837900638324556,42,10.144008605374589,14.41648180775834,0.40328790337828424,12.50503235980757,-0.028784048371391036,n200__poisson__boostrap_true__samples_0.7
9.175557708740234,0.20090662192073108,1.1999867916107179,0.23403494040775058,True,poisson,20,1.0,0.7,4,2,200,"{'bootstrap': True, 'criterion': 'poisson', 'max_depth': 20, 'max_features': 1.0, 'max_samples': 0.7, 'min_samples_leaf': 4, 'min_samples_split': 2, 'n_estimators': 200}",-9.984117944409283,-10.161084197522344,-10.490871763261806,-10.134910454357671,-10.01755053217993,-10.157706978346209,0.1796145000428952,31,-14.219566209607196,-14.659336756763423,-15.05718240752912,-14.03956983155147,-14.23724006753287,-14.442579054596814,0.3685204052376487,65,-0.40924192086982786,-0.37723281864971236,-0.4226586102719033,-0.38234407954203076,-0.42857142857142855,-0.40400977158098056,0.020807868630050654,64,0.8830213018169542,-1.4560086004340749,1.3855852250318101,-1.2831796829533313,0.5133800955783557,0.008559667807942772,1.1601100776686921,4,-13.277157949909618,-11.538067695498615,-14.049704299947058,-11.575608522573292,-12.286085732384665,-12.54532484006265,0.9819224884501302,75,10.157706978346209,14.442579054596814,0.40400977158098056,12.54532484006265,0.008559667807942772,n200__poisson__boostrap_true__samples_0.7
8.498634719848633,0.7574705801306484,2.18186559677124,0.6972294175219321,True,poisson,20,1.0,0.7,4,4,200,"{'bootstrap': True, 'criterion': 'poisson', 'max_depth': 20, 'max_features': 1.0, 'max_samples': 0.7, 'min_samples_leaf': 4, 'min_samples_split': 4, 'n_estimators': 200}",-9.984117944409283,-10.161084197522344,-10.490871763261804,-10.134910454357675,-10.01755053217993,-10.157706978346209,0.17961450004289445,31,-14.219566209607196,-14.659336756763423,-15.057182407529123,-14.03956983155147,-14.237240067532872,-14.442579054596816,0.3685204052376491,66,-0.40924192086982786,-0.37723281864971236,-0.4226586102719033,-0.38234407954203076,-0.42857142857142855,-0.40400977158098056,0.020807868630050654,64,0.8830213018169538,-1.4560086004340749,1.3855852250318101,-1.2831796829533302,0.513380095578355,0.008559667807942772,1.160110077668692,4,-13.277157949909618,-11.538067695498615,-14.049704299947058,-11.57560852257329,-12.286085732384668,-12.545324840062651,0.9819224884501303,77,10.157706978346209,14.442579054596816,0.40400977158098056,12.545324840062651,0.008559667807942772,n200__poisson__boostrap_true__samples_0.7
9.500198078155517,0.3829054439829547,2.461055612564087,0.1976141710396097,True,poisson,20,1.0,0.7,4,8,200,"{'bootstrap': True, 'criterion': 'poisson', 'max_depth': 20, 'max_features': 1.0, 'max_samples': 0.7, 'min_samples_leaf': 4, 'min_samples_split': 8, 'n_estimators': 200}",-9.984117944409283,-10.161084197522344,-10.490871763261806,-10.134910454357675,-10.01755053217993,-10.157706978346209,0.17961450004289511,31,-14.219566209607196,-14.659336756763421,-15.057182407529123,-14.03956983155147,-14.237240067532873,-14.442579054596816,0.3685204052376487,66,-0.40924192086982786,-0.37723281864971236,-0.4226586102719033,-0.38234407954203076,-0.42857142857142855,-0.40400977158098056,0.020807868630050654,64,0.8830213018169542,-1.4560086004340766,1.3855852250318097,-1.2831796829533304,0.5133800955783544,0.008559667807942239,1.1601100776686923,6,-13.27715794990962,-11.538067695498615,-14.049704299947058,-11.575608522573292,-12.286085732384665,-12.54532484006265,0.9819224884501304,75,10.157706978346209,14.442579054596816,0.40400977158098056,12.54532484006265,0.008559667807942239,n200__poisson__boostrap_true__samples_0.7
11.861112785339355,0.13298032977036509,1.566866111755371,0.6568931748459907,True,poisson,22,0.875,0.7,1,2,200,"{'bootstrap': True, 'criterion': 'poisson', 'max_depth': 22, 'max_features': 0.875, 'max_samples': 0.7, 'min_samples_leaf': 1, 'min_samples_split': 2, 'n_estimators': 200}",-10.033248701760197,-10.21162535366638,-10.521488899073153,-10.288882230281303,-10.07946651529396,-10.226942340014999,0.1732600241876567,74,-14.237705163115905,-14.56231481173966,-15.023752075466506,-14.163026723518993,-14.172872792983014,-14.431934313364815,0.3299686239390525,55,-0.4044095439444277,-0.3781410838631547,-0.4229607250755287,-0.3769207592648388,-0.42495479204339964,-0.40147738083826995,0.020827534259263127,21,0.695359531542817,-1.6120278916170954,1.1546239744490254,-1.4871125256186217,0.339555264159263,-0.18192032941692235,1.1468776511751917,89,-13.264533928478821,-11.370884874759321,-13.802833432628002,-11.675888748911044,-12.258976689441774,-12.474623534843792,0.9263713955536976,27,10.226942340014999,14.431934313364815,0.40147738083826995,12.474623534843792,-0.18192032941692235,n200__poisson__boostrap_true__samples_0.7
10.424338006973267,0.7313755921569333,2.2887055397033693,0.18530478419829308,True,poisson,22,0.875,0.7,1,4,200,"{'bootstrap': True, 'criterion': 'poisson', 'max_depth': 22, 'max_features': 0.875, 'max_samples': 0.7, 'min_samples_leaf': 1, 'min_samples_split': 4, 'n_estimators': 200}",-10.037447876594946,-10.229831314858849,-10.50716582509733,-10.234006270423642,-10.023542866724284,-10.206398830739811,0.17535835618256052,68,-14.208444758126156,-14.589653871173581,-15.015694295978527,-14.062886890339376,-14.143279920097067,-14.403991947142941,0.3553061321062248,23,-0.40471156750226517,-0.37571904329397515,-0.41661631419939577,-0.38264537511298585,-0.4282700421940928,-0.40159246846054303,0.01987744518843875,25,0.6490552040820942,-1.5755786547596058,1.1586266273085528,-1.4470852702269037,0.32689173861933324,-0.17761807099530585,1.1215444270427546,85,-13.202616306015555,-11.516920441703386,-14.000642863474793,-11.481807401438179,-12.084004933332206,-12.457198389192826,0.9912267418645452,21,10.206398830739811,14.403991947142941,0.40159246846054303,12.457198389192826,-0.17761807099530585,n200__poisson__boostrap_true__samples_0.7
8.639634847640991,0.4561207539635041,2.6266741275787355,0.2829862876549875,True,poisson,22,0.875,0.7,1,8,200,"{'bootstrap': True, 'criterion': 'poisson', 'max_depth': 22, 'max_features': 0.875, 'max_samples': 0.7, 'min_samples_leaf': 1, 'min_samples_split': 8, 'n_estimators': 200}",-10.07313221760223,-10.249330950250085,-10.569792107753376,-10.31235157382761,-10.0588766370337,-10.2526966972934,0.18650959761260863,95,-14.233477560633427,-14.651145731383055,-15.067391858153167,-14.160612406727637,-14.15550125002876,-14.453625761385208,0.3574697863213554,78,-0.40682573240712777,-0.3763245534362701,-0.4241691842900302,-0.3793311238324797,-0.42706449668474983,-0.4027430181301315,0.02150969801111657,45,0.6777229391150212,-1.5937252922615563,1.1441354178978596,-1.487930492614291,0.3087570228262034,-0.19020808100735262,1.134608921477229,91,-13.213096296915673,-11.500187243900289,-13.808084084724213,-11.63155423691303,-12.138252817013113,-12.458234935893262,0.9050473262285004,22,10.2526966972934,14.453625761385208,0.4027430181301315,12.458234935893262,-0.19020808100735262,n200__poisson__boostrap_true__samples_0.7
10.05361828804016,0.24231475028894436,1.5856480598449707,0.24013408411334738,True,poisson,22,0.875,0.7,2,2,200,"{'bootstrap': True, 'criterion': 'poisson', 'max_depth': 22, 'max_features': 0.875, 'max_samples': 0.7, 'min_samples_leaf': 2, 'min_samples_split': 2, 'n_estimators': 200}",-9.998276575757968,-10.20103971696964,-10.497028473170195,-10.154544184792913,-10.018288692140644,-10.173835528566272,0.17921030522053788,47,-14.206518085485365,-14.594908101435877,-15.036343089175693,-14.01254292595948,-14.154582570579908,-14.400978954527265,0.3716732041777091,19,-0.40622168529145275,-0.3799576142900394,-0.42114803625377645,-0.3811388972582103,-0.4273658830620856,-0.40316642323111285,0.019708615386247658,51,0.7849208883718714,-1.500874811220976,1.2925497175284355,-1.3192425646850519,0.49035489048914,-0.0504583759033162,1.1408356057602984,53,-13.272552715142712,-11.448862423780017,-13.996952586518104,-11.59065852851304,-12.294668338210727,-12.52073891843292,0.9807657658696712,52,10.173835528566272,14.400978954527265,0.40316642323111285,12.52073891843292,-0.0504583759033162,n200__poisson__boostrap_true__samples_0.7
8.906902885437011,0.6703931613435717,2.3922661781311034,0.30438169940515153,True,poisson,22,0.875,0.7,2,4,200,"{'bootstrap': True, 'criterion': 'poisson', 'max_depth': 22, 'max_features': 0.875, 'max_samples': 0.7, 'min_samples_leaf': 2, 'min_samples_split': 4, 'n_estimators': 200}",-9.998276575757968,-10.20103971696964,-10.497028473170195,-10.154544184792913,-10.018288692140644,-10.173835528566272,0.17921030522053788,47,-14.206518085485364,-14.594908101435877,-15.036343089175695,-14.01254292595948,-14.154582570579908,-14.400978954527265,0.3716732041777099,19,-0.40622168529145275,-0.3799576142900394,-0.42114803625377645,-0.3811388972582103,-0.4273658830620856,-0.40316642323111285,0.019708615386247658,51,0.7849208883718718,-1.500874811220976,1.2925497175284357,-1.3192425646850519,0.49035489048913916,-0.050458375903316234,1.1408356057602984,54,-13.27255271514271,-11.448862423780017,-13.996952586518104,-11.59065852851304,-12.294668338210728,-12.52073891843292,0.9807657658696709,52,10.173835528566272,14.400978954527265,0.40316642323111285,12.52073891843292,-0.050458375903316234,n200__poisson__boostrap_true__samples_0.7
7.528286123275757,0.2197114059584823,2.5720768928527833,0.14428719515455843,True,poisson,22,0.875,0.7,2,8,200,"{'bootstrap': True, 'criterion': 'poisson', 'max_depth': 22, 'max_features': 0.875, 'max_samples': 0.7, 'min_samples_leaf': 2, 'min_samples_split': 8, 'n_estimators': 200}",-10.0427342819435,-10.275623841697621,-10.516595176206167,-10.227812247605183,-10.020419941448111,-10.216637097780117,0.18017909453628242,70,-14.224999716987861,-14.603779503247845,-15.07606253441679,-14.078471493364301,-14.124094202547985,-14.421481490112956,0.3758747272695972,48,-0.4083358501963153,-0.37844383893430217,-0.4217522658610272,-0.37902982826152454,-0.4255575647980711,-0.4026238696102481,0.02032648179575289,44,0.7654722810348971,-1.5387224330221725,1.23722642557009,-1.4044730378169927,0.45398956174531585,-0.09730144049777247,1.1502744847697242,69,-13.234457074712084,-11.543194141142001,-13.934509133910963,-11.639373146775439,-12.306689352548084,-12.531644569817715,0.9258252312751423,61,10.216637097780117,14.421481490112956,0.4026238696102481,12.531644569817715,-0.09730144049777247,n200__poisson__boostrap_true__samples_0.7
8.409438037872315,0.2242428305297617,1.6190197944641114,0.411587786617604,True,poisson,22,0.875,0.7,3,2,200,"{'bootstrap': True, 'criterion': 'poisson', 'max_depth': 22, 'max_features': 0.875, 'max_samples': 0.7, 'min_samples_leaf': 3, 'min_samples_split': 2, 'n_estimators': 200}",-10.03370756808871,-10.186327282643877,-10.529996551691358,-10.208080666515041,-9.96453274898253,-10.184528963584302,0.19547439672408828,56,-14.26997283653871,-14.518102785805409,-15.092899216556347,-14.062339969617717,-14.097861719184243,-14.408235305540483,0.3783985705899341,31,-0.40954394442766534,-0.38207689978807147,-0.4259818731117825,-0.37842723711961435,-0.43158529234478604,-0.405523049358384,0.021899207960860964,83,0.8846736514733633,-1.553645349182093,1.3585206980762283,-1.2745015265090023,0.4982342120484572,-0.017343662818609284,1.175850950220935,38,-13.329926334059742,-11.297047712450187,-13.954252516571174,-11.803562565955431,-12.121320103596652,-12.501221846526636,0.9878399067637147,40,10.184528963584302,14.408235305540483,0.405523049358384,12.501221846526636,-0.017343662818609284,n200__poisson__boostrap_true__samples_0.7
7.8774160861969,0.4964191825591738,2.0676251888275146,0.47528029066951805,True,poisson,22,0.875,0.7,3,4,200,"{'bootstrap': True, 'criterion': 'poisson', 'max_depth': 22, 'max_features': 0.875, 'max_samples': 0.7, 'min_samples_leaf': 3, 'min_samples_split': 4, 'n_estimators': 200}",-10.03370756808871,-10.186327282643877,-10.529996551691356,-10.208080666515041,-9.96453274898253,-10.184528963584302,0.19547439672408767,56,-14.269972836538708,-14.518102785805409,-15.092899216556347,-14.062339969617717,-14.097861719184243,-14.408235305540483,0.37839857058993426,31,-0.40954394442766534,-0.38207689978807147,-0.4259818731117825,-0.37842723711961435,-0.43158529234478604,-0.405523049358384,0.021899207960860964,83,0.8846736514733625,-1.5536453491820919,1.358520698076229,-1.2745015265090023,0.49823421204845664,-0.017343662818609197,1.1758509502209349,37,-13.329926334059742,-11.297047712450187,-13.954252516571174,-11.803562565955431,-12.121320103596652,-12.501221846526636,0.9878399067637147,40,10.184528963584302,14.408235305540483,0.405523049358384,12.501221846526636,-0.017343662818609197,n200__poisson__boostrap_true__samples_0.7
7.216849708557129,0.3834991157968121,2.3942188739776613,0.2174481901773374,True,poisson,22,0.875,0.7,3,8,200,"{'bootstrap': True, 'criterion': 'poisson', 'max_depth': 22, 'max_features': 0.875, 'max_samples': 0.7, 'min_samples_leaf': 3, 'min_samples_split': 8, 'n_estimators': 200}",-10.042159480708307,-10.22568771060566,-10.538228988707832,-10.2240245577096,-10.058884864569768,-10.217797120460235,0.17825785264386465,71,-14.242983181880906,-14.603436388542333,-15.079570717549922,-14.104911077560478,-14.20803003216261,-14.44778627953925,0.3578740850197728,70,-0.4104500151011779,-0.37571904329397515,-0.4232628398791541,-0.38294667068394095,-0.43248945147679324,-0.4049736040870083,0.022192900681845065,75,0.8413392106938633,-1.6285088425529086,1.323298923966136,-1.2647199344192632,0.5192437501889702,-0.04186937842464049,1.1807944884926727,48,-13.258007419879538,-11.440967687823624,-14.012011916827563,-11.697848955429041,-12.229348691208878,-12.527636934233728,0.9690391273877506,60,10.217797120460235,14.44778627953925,0.4049736040870083,12.527636934233728,-0.04186937842464049,n200__poisson__boostrap_true__samples_0.7
7.639057636260986,0.40135892403573187,1.7501723766326904,0.414813891412516,True,poisson,22,0.875,0.7,4,2,200,"{'bootstrap': True, 'criterion': 'poisson', 'max_depth': 22, 'max_features': 0.875, 'max_samples': 0.7, 'min_samples_leaf': 4, 'min_samples_split': 2, 'n_estimators': 200}",-10.087870948963312,-10.279645710489442,-10.572938850370587,-10.200570620425042,-10.032696803230063,-10.234744586695689,0.18971267914155318,81,-14.319583133075355,-14.627132815872079,-15.142716409531362,-14.092311220130485,-14.186361666841625,-14.47362104909018,0.380236053478809,91,-0.4110540622168529,-0.3814713896457766,-0.4241691842900302,-0.37872853269056944,-0.4318866787221218,-0.4054619695130701,0.021770260490005987,77,0.897938075755256,-1.5765501445917225,1.3898948784700895,-1.3415865253363601,0.5507392869087487,-0.01591288575879768,1.2104142255396373,36,-13.362973431610277,-11.407271688158797,-14.101488476660485,-11.695691412728452,-12.252561391165589,-12.56399728006472,1.0189409754704257,84,10.234744586695689,14.47362104909018,0.4054619695130701,12.56399728006472,-0.01591288575879768,n200__poisson__boostrap_true__samples_0.7
7.319159078598022,0.6143294699452123,1.8421784400939942,0.5248442979261029,True,poisson,22,0.875,0.7,4,4,200,"{'bootstrap': True, 'criterion': 'poisson', 'max_depth': 22, 'max_features': 0.875, 'max_samples': 0.7, 'min_samples_leaf': 4, 'min_samples_split': 4, 'n_estimators': 200}",-10.087870948963308,-10.279645710489442,-10.572938850370587,-10.200570620425038,-10.032696803230063,-10.234744586695689,0.18971267914155385,81,-14.319583133075355,-14.627132815872079,-15.142716409531362,-14.092311220130483,-14.186361666841625,-14.47362104909018,0.38023605347880934,91,-0.4110540622168529,-0.3814713896457766,-0.4241691842900302,-0.37872853269056944,-0.4318866787221218,-0.4054619695130701,0.021770260490005987,77,0.8979380757552554,-1.5765501445917216,1.389894878470091,-1.3415865253363601,0.5507392869087484,-0.015912885758797367,1.2104142255396373,35,-13.362973431610277,-11.407271688158799,-14.101488476660485,-11.695691412728452,-12.252561391165587,-12.56399728006472,1.0189409754704253,84,10.234744586695689,14.47362104909018,0.4054619695130701,12.56399728006472,-0.015912885758797367,n200__poisson__boostrap_true__samples_0.7
7.033237457275391,0.4349394830398267,3.4888378143310548,0.27441142216802056,True,poisson,22,0.875,0.7,4,8,200,"{'bootstrap': True, 'criterion': 'poisson', 'max_depth': 22, 'max_features': 0.875, 'max_samples': 0.7, 'min_samples_leaf': 4, 'min_samples_split': 8, 'n_estimators': 200}",-10.087870948963308,-10.279645710489442,-10.572938850370585,-10.200570620425042,-10.032696803230063,-10.234744586695689,0.1897126791415531,81,-14.319583133075355,-14.627132815872079,-15.142716409531364,-14.092311220130483,-14.186361666841625,-14.47362104909018,0.38023605347880995,91,-0.4110540622168529,-0.3814713896457766,-0.4241691842900302,-0.37872853269056944,-0.4318866787221218,-0.4054619695130701,0.021770260490005987,77,0.8979380757552565,-1.5765501445917216,1.3898948784700909,-1.3415865253363606,0.5507392869087487,-0.015912885758797214,1.2104142255396377,34,-13.362973431610277,-11.407271688158797,-14.101488476660485,-11.695691412728452,-12.252561391165589,-12.56399728006472,1.0189409754704257,84,10.234744586695689,14.47362104909018,0.4054619695130701,12.56399728006472,-0.015912885758797214,n200__poisson__boostrap_true__samples_0.7
13.340826559066773,0.3864903358732014,2.301853561401367,0.3147872068349932,True,poisson,22,1.0,0.7,1,2,200,"{'bootstrap': True, 'criterion': 'poisson', 'max_depth': 22, 'max_features': 1.0, 'max_samples': 0.7, 'min_samples_leaf': 1, 'min_samples_split': 2, 'n_estimators': 200}",-10.012984583824254,-10.18788460735651,-10.465051191932467,-10.163842742897774,-10.033898968183129,-10.172732418838827,0.16158773348926875,46,-14.196460080829043,-14.753940549154782,-15.014511649723675,-14.035134483948447,-14.189067905930775,-14.437822933917342,0.37809874375343694,59,-0.4080338266384778,-0.37571904329397515,-0.41812688821752264,-0.38053630611630007,-0.4243520192887282,-0.4013536167110008,0.019725040621012643,17,0.6592212274037992,-1.493729758792877,1.1013268513071752,-1.3607299032644846,0.2778551679088672,-0.16321128308750402,1.0653001268853641,78,-13.07759934899189,-11.5700215410176,-13.831181836388444,-11.566718731093781,-12.150000079386803,-12.439104307375704,0.8883128354444878,8,10.172732418838827,14.437822933917342,0.4013536167110008,12.439104307375704,-0.16321128308750402,n200__poisson__boostrap_true__samples_0.7
12.626705646514893,0.12611034311171232,1.9380900382995605,0.33192295721842074,True,poisson,22,1.0,0.7,1,4,200,"{'bootstrap': True, 'criterion': 'poisson', 'max_depth': 22, 'max_features': 1.0, 'max_samples': 0.7, 'min_samples_leaf': 1, 'min_samples_split': 4, 'n_estimators': 200}",-9.99963667400798,-10.169836490226302,-10.440736033785658,-10.185602019900896,-10.033523281637828,-10.165866899911732,0.1556313558809377,42,-14.174180385804135,-14.658415157458016,-14.989117091838837,-14.044997574985198,-14.203107764958709,-14.413963595008976,0.35458432106181487,40,-0.40410752038659015,-0.37904934907659704,-0.41933534743202416,-0.37812594154865925,-0.4243520192887282,-0.4009940355465198,0.019474146458266967,11,0.662356325435709,-1.4798338346938824,1.1124042428601906,-1.410351380392217,0.31073101021632726,-0.16093872731477452,1.0790927380738546,77,-13.192024970537387,-11.462890883076513,-13.775538298162019,-11.60360831574873,-12.188293941893495,-12.444471281883628,0.9018595628930297,12,10.165866899911732,14.413963595008976,0.4009940355465198,12.444471281883628,-0.16093872731477452,n200__poisson__boostrap_true__samples_0.7
9.485949754714966,1.549553617831431,2.644501972198486,0.959334584188691,True,poisson,22,1.0,0.7,1,8,200,"{'bootstrap': True, 'criterion': 'poisson', 'max_depth': 22, 'max_features': 1.0, 'max_samples': 0.7, 'min_samples_leaf': 1, 'min_samples_split': 8, 'n_estimators': 200}",-10.036513080449366,-10.201119148477066,-10.465419327802595,-10.267428046865916,-9.94776789307269,-10.183649499333526,0.18111185926800638,55,-14.20625684830047,-14.686766790204091,-15.01850207034994,-14.149495306613234,-14.085504532953816,-14.42930510968431,0.363230633277243,54,-0.40410752038659015,-0.37935210414774445,-0.4169184290030212,-0.37902982826152454,-0.4234478601567209,-0.40057114839112024,0.01853299632023388,5,0.6522856314610304,-1.525692431286813,1.1406656918438265,-1.4429133606756679,0.2990434078564506,-0.1753222121602347,1.102004418889588,83,-13.225191530319625,-11.43453090458077,-13.918891817039727,-11.64092378516114,-12.099259749638042,-12.463759557347862,0.9556588282590186,23,10.183649499333526,14.42930510968431,0.40057114839112024,12.463759557347862,-0.1753222121602347,n200__poisson__boostrap_true__samples_0.7
10.221594095230103,0.9968127747806758,2.56703577041626,0.6879199061797776,True,poisson,22,1.0,0.7,2,2,200,"{'bootstrap': True, 'criterion': 'poisson', 'max_depth': 22, 'max_features': 1.0, 'max_samples': 0.7, 'min_samples_leaf': 2, 'min_samples_split': 2, 'n_estimators': 200}",-9.928935796960374,-10.131483625708322,-10.394584839746322,-10.042696012644027,-9.955674964651948,-10.090675047942199,0.16775762110759615,3,-14.15995611621476,-14.656883909187133,-14.949380249175219,-13.923036927905338,-14.138783169373777,-14.365608074371247,0.3782176751892773,3,-0.41165810933252794,-0.3763245534362701,-0.4217522658610272,-0.3754142814100633,-0.4231464737793852,-0.40165913676385473,0.02142919730782033,29,0.7802898262693435,-1.4602165716163835,1.2387855837799688,-1.2862116646265798,0.45517694457199404,-0.05443517632433138,1.1065608818829349,56,-13.007427013394569,-11.520995607266963,-13.791710638206311,-11.662428391280057,-12.30171176453171,-12.456854682935923,0.8504098988022789,18,10.090675047942199,14.365608074371247,0.40165913676385473,12.456854682935923,-0.05443517632433138,n200__poisson__boostrap_true__samples_0.7
11.304863500595093,0.21918801048476916,1.536116075515747,0.1489611821461385,True,poisson,22,1.0,0.7,2,4,200,"{'bootstrap': True, 'criterion': 'poisson', 'max_depth': 22, 'max_features': 1.0, 'max_samples': 0.7, 'min_samples_leaf': 2, 'min_samples_split': 4, 'n_estimators': 200}",-9.928935796960374,-10.131483625708322,-10.394584839746322,-10.042696012644026,-9.95567496465195,-10.090675047942199,0.16775762110759596,3,-14.15995611621476,-14.656883909187135,-14.94938024917522,-13.923036927905335,-14.138783169373779,-14.365608074371247,0.3782176751892787,3,-0.41165810933252794,-0.3763245534362701,-0.4217522658610272,-0.3754142814100633,-0.4231464737793852,-0.40165913676385473,0.02142919730782033,29,0.7802898262693438,-1.4602165716163835,1.2387855837799693,-1.2862116646265804,0.45517694457199376,-0.05443517632433141,1.1065608818829353,57,-13.007427013394569,-11.520995607266963,-13.791710638206311,-11.662428391280057,-12.30171176453171,-12.456854682935923,0.8504098988022789,18,10.090675047942199,14.365608074371247,0.40165913676385473,12.456854682935923,-0.05443517632433141,n200__poisson__boostrap_true__samples_0.7
9.605530929565429,1.2756859397650824,2.1717208862304687,1.0548242851160543,True,poisson,22,1.0,0.7,2,8,200,"{'bootstrap': True, 'criterion': 'poisson', 'max_depth': 22, 'max_features': 1.0, 'max_samples': 0.7, 'min_samples_leaf': 2, 'min_samples_split': 8, 'n_estimators': 200}",-9.955823291098975,-10.156531622973345,-10.456512200640445,-10.114574217102184,-10.02973830840381,-10.14263592804375,0.17154806807444034,21,-14.154402635369037,-14.63746763529137,-15.006896204560084,-13.998266207129896,-14.221123138798724,-14.403631164229822,0.3683348996423459,22,-0.40471156750226517,-0.3781410838631547,-0.42084592145015104,-0.3793311238324797,-0.4240506329113924,-0.4014160659118886,0.019647761685467786,20,0.7477719717854163,-1.4671687884078057,1.238951941795071,-1.3527111103636027,0.3425805839204833,-0.09811508025408758,1.1086753401476697,70,-13.223732804257544,-11.48957783929943,-13.895185323568398,-11.549095969525556,-12.230047649158491,-12.477527917161884,0.9450769255733563,29,10.14263592804375,14.403631164229822,0.4014160659118886,12.477527917161884,-0.09811508025408758,n200__poisson__boostrap_true__samples_0.7
8.625632953643798,1.0546661699224529,2.675643968582153,0.8101917557107492,True,poisson,22,1.0,0.7,3,2,200,"{'bootstrap': True, 'criterion': 'poisson', 'max_depth': 22, 'max_features': 1.0, 'max_samples': 0.7, 'min_samples_leaf': 3, 'min_samples_split': 2, 'n_estimators': 200}",-9.963676248705879,-10.136081597638583,-10.444484414910898,-10.118444372880083,-9.942242128876975,-10.120985752602483,0.17976723322246627,9,-14.22229623340023,-14.623886430416526,-15.042091196559626,-14.035968681244928,-14.105698280339691,-14.405988164392202,0.3776077011273483,26,-0.4059196617336152,-0.3781410838631547,-0.41963746223564957,-0.3793311238324797,-0.4246534056660639,-0.4015365474661926,0.019604451000520842,23,0.8794161655878701,-1.4688456115604451,1.3031071122233286,-1.2829465703103222,0.5240954756397997,-0.00903468568395378,1.1444813856900216,30,-13.356204979064955,-11.460320441159363,-13.997310278910835,-11.646154569789129,-12.323388279555237,-12.556675709695906,0.9798103551934424,82,10.120985752602483,14.405988164392202,0.4015365474661926,12.556675709695906,-0.00903468568395378,n200__poisson__boostrap_true__samples_0.7
9.965868854522705,0.10932491068901774,1.463216781616211,0.0793686993103547,True,poisson,22,1.0,0.7,3,4,200,"{'bootstrap': True, 'criterion': 'poisson', 'max_depth': 22, 'max_features': 1.0, 'max_samples': 0.7, 'min_samples_leaf': 3, 'min_samples_split': 4, 'n_estimators': 200}",-9.96367624870588,-10.136081597638583,-10.444484414910898,-10.11844437288008,-9.942242128876975,-10.120985752602483,0.17976723322246596,9,-14.22229623340023,-14.623886430416526,-15.042091196559628,-14.035968681244928,-14.105698280339691,-14.405988164392202,0.37760770112734887,26,-0.4059196617336152,-0.3781410838631547,-0.41963746223564957,-0.3793311238324797,-0.4246534056660639,-0.4015365474661926,0.019604451000520842,23,0.8794161655878708,-1.4688456115604454,1.3031071122233282,-1.2829465703103224,0.5240954756397997,-0.009034685683953802,1.1444813856900218,31,-13.356204979064955,-11.460320441159364,-13.997310278910831,-11.646154569789129,-12.323388279555237,-12.556675709695906,0.979810355193441,82,10.120985752602483,14.405988164392202,0.4015365474661926,12.556675709695906,-0.009034685683953802,n200__poisson__boostrap_true__samples_0.7
9.59286060333252,0.7217901466818367,1.5386940956115722,0.30005435029373795,True,poisson,22,1.0,0.7,3,8,200,"{'bootstrap': True, 'criterion': 'poisson', 'max_depth': 22, 'max_features': 1.0, 'max_samples': 0.7, 'min_samples_leaf': 3, 'min_samples_split': 8, 'n_estimators': 200}",-9.933603551054569,-10.154956094977015,-10.500327000365811,-10.19106761579112,-9.984820131754763,-10.152954878788654,0.19925274129904635,25,-14.140684826361722,-14.661555459344672,-15.071801829145691,-14.126464351047364,-14.196404741950092,-14.439382241569907,0.37295878883022576,61,-0.4089398973119903,-0.37783832879200724,-0.4259818731117825,-0.37842723711961435,-0.4255575647980711,-0.4033489802266931,0.021487736218522017,54,0.8372980814471231,-1.425604671803722,1.2951732392067383,-1.3231379215447248,0.49130538562119974,-0.024993177414677124,1.1313568953963722,42,-13.169296641511485,-11.551701823213698,-13.845072976235864,-11.716822713058832,-12.308705547681813,-12.518319940340337,0.8723222875786975,50,10.152954878788654,14.439382241569907,0.4033489802266931,12.518319940340337,-0.024993177414677124,n200__poisson__boostrap_true__samples_0.7
7.533408975601196,0.4711214491005987,2.7302642822265626,0.3468809989291312,True,poisson,22,1.0,0.7,4,2,200,"{'bootstrap': True, 'criterion': 'poisson', 'max_depth': 22, 'max_features': 1.0, 'max_samples': 0.7, 'min_samples_leaf': 4, 'min_samples_split': 2, 'n_estimators': 200}",-9.98083335977689,-10.195498535427063,-10.487636271347922,-10.148706552851385,-9.989666377682566,-10.160468219417165,0.18430753971676633,34,-14.218016418064257,-14.663932667562957,-15.041026224297328,-14.07011818681863,-14.21585518034983,-14.4417897354186,0.35991457672008437,62,-0.41014799154334036,-0.3802603693611868,-0.42114803625377645,-0.3793311238324797,-0.4279686558167571,-0.4037712353615081,0.020387306133849994,58,0.8725806467909741,-1.4708624072905256,1.3515724406768563,-1.2921725790280805,0.5199164302022177,-0.003793093729711594,1.1568519697280129,23,-13.231094910068554,-11.471924017211377,-14.055875479484223,-11.673882549292909,-12.278449210056941,-12.542245233222802,0.9731207528166415,69,10.160468219417165,14.4417897354186,0.4037712353615081,12.542245233222802,-0.003793093729711594,n200__poisson__boostrap_true__samples_0.7
9.121099138259888,0.08510606741492543,1.6057137489318847,0.16937873375204443,True,poisson,22,1.0,0.7,4,4,200,"{'bootstrap': True, 'criterion': 'poisson', 'max_depth': 22, 'max_features': 1.0, 'max_samples': 0.7, 'min_samples_leaf': 4, 'min_samples_split': 4, 'n_estimators': 200}",-9.98083335977689,-10.195498535427063,-10.487636271347922,-10.148706552851385,-9.989666377682566,-10.160468219417165,0.18430753971676633,34,-14.218016418064257,-14.663932667562957,-15.041026224297326,-14.07011818681863,-14.21585518034983,-14.4417897354186,0.3599145767200838,62,-0.41014799154334036,-0.3802603693611868,-0.42114803625377645,-0.3793311238324797,-0.4279686558167571,-0.4037712353615081,0.020387306133849994,58,0.8725806467909732,-1.470862407290524,1.351572440676857,-1.2921725790280802,0.5199164302022174,-0.003793093729711328,1.1568519697280124,22,-13.231094910068554,-11.471924017211379,-14.055875479484225,-11.67388254929291,-12.278449210056941,-12.542245233222802,0.9731207528166412,69,10.160468219417165,14.4417897354186,0.4037712353615081,12.542245233222802,-0.003793093729711328,n200__poisson__boostrap_true__samples_0.7
9.315645122528077,0.044054157852237874,1.348366641998291,0.02056547748066762,True,poisson,22,1.0,0.7,4,8,200,"{'bootstrap': True, 'criterion': 'poisson', 'max_depth': 22, 'max_features': 1.0, 'max_samples': 0.7, 'min_samples_leaf': 4, 'min_samples_split': 8, 'n_estimators': 200}",-9.98083335977689,-10.19549853542706,-10.487636271347922,-10.148706552851385,-9.989666377682566,-10.160468219417165,0.1843075397167662,34,-14.218016418064257,-14.663932667562955,-15.041026224297326,-14.07011818681863,-14.215855180349832,-14.4417897354186,0.35991457672008337,62,-0.41014799154334036,-0.3802603693611868,-0.42114803625377645,-0.3793311238324797,-0.4279686558167571,-0.4037712353615081,0.020387306133849994,58,0.8725806467909736,-1.4708624072905245,1.3515724406768572,-1.2921725790280798,0.5199164302022174,-0.003793093729711217,1.1568519697280126,21,-13.231094910068554,-11.471924017211379,-14.055875479484223,-11.67388254929291,-12.278449210056941,-12.542245233222802,0.9731207528166408,69,10.160468219417165,14.4417897354186,0.4037712353615081,12.542245233222802,-0.003793093729711217,n200__poisson__boostrap_true__samples_0.7
11.083440923690796,0.35523875323423026,3.3737696170806886,1.009626464778219,True,poisson,24,0.875,0.7,1,2,200,"{'bootstrap': True, 'criterion': 'poisson', 'max_depth': 24, 'max_features': 0.875, 'max_samples': 0.7, 'min_samples_leaf': 1, 'min_samples_split': 2, 'n_estimators': 200}",-10.057784076469265,-10.223319699553342,-10.552465234562069,-10.307373118839438,-10.063961520823451,-10.240980730049511,0.18255918062747417,88,-14.23233826412386,-14.595206463017027,-15.075919652748649,-14.11974495061103,-14.142286259799473,-14.433099118060008,0.36402332462821096,57,-0.40078526125037756,-0.3814713896457766,-0.4214501510574018,-0.3772220548357939,-0.4243520192887282,-0.4010561752156156,0.01954642226182122,14,0.6483594594113636,-1.5718020292612787,1.1372241362401994,-1.443768098770017,0.35993459447104503,-0.1740103875817375,1.1177505539463293,82,-13.35645864630775,-11.339667803561381,-13.86841283776183,-11.748524385627162,-12.28213327789316,-12.519039390230258,0.9552816264511398,51,10.240980730049511,14.433099118060008,0.4010561752156156,12.519039390230258,-0.1740103875817375,n200__poisson__boostrap_true__samples_0.7
11.05873351097107,0.17061367369814956,1.4552047729492188,0.11801110312262979,True,poisson,24,0.875,0.7,1,4,200,"{'bootstrap': True, 'criterion': 'poisson', 'max_depth': 24, 'max_features': 0.875, 'max_samples': 0.7, 'min_samples_leaf': 1, 'min_samples_split': 4, 'n_estimators': 200}",-10.086217967851226,-10.292458821168204,-10.563676550328962,-10.248072416174573,-10.038118932734822,-10.245708937651557,0.1853782726969357,90,-14.255625095803511,-14.700210421605961,-15.059281079515694,-14.119645348952922,-14.13647811304838,-14.454248011785293,0.36849701039843935,79,-0.4022953790395651,-0.3766273085074175,-0.4199395770392749,-0.377523350406749,-0.42857142857142855,-0.40099140871288697,0.021287320434559092,9,0.5897986570479274,-1.608507155934418,1.1699315386250178,-1.5306626991785421,0.25306543733538106,-0.22527484442092677,1.1364087440884283,95,-13.268878019910323,-11.528574095766555,-13.970590926056715,-11.545523882964813,-12.006381765081905,-12.463989737956062,0.9844469811715806,24,10.245708937651557,14.454248011785293,0.40099140871288697,12.463989737956062,-0.22527484442092677,n200__poisson__boostrap_true__samples_0.7
10.447653818130494,0.042145700564381404,1.4258070468902588,0.03954087398548066,True,poisson,24,0.875,0.7,1,8,200,"{'bootstrap': True, 'criterion': 'poisson', 'max_depth': 24, 'max_features': 0.875, 'max_samples': 0.7, 'min_samples_leaf': 1, 'min_samples_split': 8, 'n_estimators': 200}",-10.122762734939746,-10.281104680958975,-10.534422442708543,-10.288787578023792,-10.070795079171198,-10.25957450316045,0.16199597094880402,96,-14.273394525727863,-14.660947428944628,-15.019751257941309,-14.15070320957033,-14.211013944423927,-14.463162073321612,0.33049402714652304,84,-0.4059196617336152,-0.37571904329397515,-0.41842900302114805,-0.377523350406749,-0.4240506329113924,-0.400328338273376,0.020235261778495918,4,0.6412266868874732,-1.7190368335287411,1.0844599969792281,-1.49525397202042,0.33016584224685813,-0.23168765588712037,1.1505399479227543,96,-13.258768220115298,-11.394242586648692,-13.883935334067337,-11.64634398975466,-12.263819593910842,-12.489421944899366,0.9484361833795939,35,10.25957450316045,14.463162073321612,0.400328338273376,12.489421944899366,-0.23168765588712037,n200__poisson__boostrap_true__samples_0.7
7.790548419952392,1.4754574622970718,3.364879608154297,0.9946468975344572,True,poisson,24,0.875,0.7,2,2,200,"{'bootstrap': True, 'criterion': 'poisson', 'max_depth': 24, 'max_features': 0.875, 'max_samples': 0.7, 'min_samples_leaf': 2, 'min_samples_split': 2, 'n_estimators': 200}",-9.982583839923675,-10.167797226585442,-10.497320873001952,-10.182273340206812,-10.043654123111809,-10.174725880565939,0.17791619876902204,49,-14.18942768540863,-14.571210364092666,-15.028225821520921,-14.04058330197524,-14.190686152495521,-14.404026665098595,0.3581153307770601,24,-0.40924192086982786,-0.38419618528610355,-0.4226586102719033,-0.3808376016872552,-0.4273658830620856,-0.4048600402354351,0.019217572113787523,73,0.7777885986238853,-1.5054887873465157,1.309295433189551,-1.3266720427056082,0.42708812412928954,-0.06359773482187962,1.140872099723977,62,-13.146713337280804,-11.27328793333577,-13.967083621691875,-11.626479709812697,-12.250325379529606,-12.452777996330152,0.9889004513575693,15,10.174725880565939,14.404026665098595,0.4048600402354351,12.452777996330152,-0.06359773482187962,n200__poisson__boostrap_true__samples_0.7
9.988300609588624,0.08150596318384835,1.4211855411529541,0.06393402797625451,True,poisson,24,0.875,0.7,2,4,200,"{'bootstrap': True, 'criterion': 'poisson', 'max_depth': 24, 'max_features': 0.875, 'max_samples': 0.7, 'min_samples_leaf': 2, 'min_samples_split': 4, 'n_estimators': 200}",-9.982583839923675,-10.167797226585444,-10.497320873001952,-10.182273340206814,-10.043654123111809,-10.174725880565939,0.17791619876902204,49,-14.18942768540863,-14.571210364092666,-15.028225821520921,-14.04058330197524,-14.190686152495521,-14.404026665098595,0.3581153307770601,24,-0.40924192086982786,-0.38419618528610355,-0.4226586102719033,-0.3808376016872552,-0.4273658830620856,-0.4048600402354351,0.019217572113787523,73,0.7777885986238856,-1.505488787346515,1.3092954331895508,-1.3266720427056087,0.42708812412928954,-0.06359773482187955,1.140872099723977,61,-13.146713337280804,-11.27328793333577,-13.967083621691875,-11.626479709812697,-12.250325379529606,-12.452777996330152,0.9889004513575693,15,10.174725880565939,14.404026665098595,0.4048600402354351,12.452777996330152,-0.06359773482187955,n200__poisson__boostrap_true__samples_0.7
9.518936252593994,0.03711559401420848,1.2940934658050538,0.05231504612549058,True,poisson,24,0.875,0.7,2,8,200,"{'bootstrap': True, 'criterion': 'poisson', 'max_depth': 24, 'max_features': 0.875, 'max_samples': 0.7, 'min_samples_leaf': 2, 'min_samples_split': 8, 'n_estimators': 200}",-10.082738150350924,-10.260209501485683,-10.500478115230345,-10.20498788755766,-10.050474451744579,-10.219777621273838,0.160056002868854,72,-14.27470740564038,-14.661095093504269,-15.065266007082009,-14.057867593805936,-14.166194535180574,-14.445026127042635,0.37095297825936857,68,-0.40954394442766534,-0.37723281864971236,-0.4217522658610272,-0.37902982826152454,-0.42646172393007836,-0.4028041162260016,0.02089616275306196,46,0.7810358879439339,-1.5273488705726057,1.2476276316239074,-1.4012723873599233,0.44447694558731254,-0.09109615855547504,1.1505666296312829,68,-13.263258053390222,-11.574895129978286,-13.927732815933945,-11.613486385197252,-12.304681532278167,-12.536810783355573,0.926723625953842,68,10.219777621273838,14.445026127042635,0.4028041162260016,12.536810783355573,-0.09109615855547504,n200__poisson__boostrap_true__samples_0.7
7.27219524383545,1.820984779590145,2.615677070617676,1.0136049121133066,True,poisson,24,0.875,0.7,3,2,200,"{'bootstrap': True, 'criterion': 'poisson', 'max_depth': 24, 'max_features': 0.875, 'max_samples': 0.7, 'min_samples_leaf': 3, 'min_samples_split': 2, 'n_estimators': 200}",-10.027177950159398,-10.227755535130465,-10.513588050306971,-10.195086943948523,-9.984775214802967,-10.189676738869665,0.1869696732723582,62,-14.249209927776171,-14.555365950473206,-15.07350667076478,-14.06476320105893,-14.133623492237458,-14.41529384846211,0.36950185554621556,43,-0.41165810933252794,-0.37723281864971236,-0.4226586102719033,-0.3808376016872552,-0.43037974683544306,-0.4045533773553684,0.021698520592335558,71,0.8730118340648293,-1.5301801520081775,1.356236123456506,-1.2775363982341608,0.5456696797469281,-0.006559782594814978,1.1724006889331913,24,-13.239372111359653,-11.52812660130534,-14.041857760956791,-11.707812603333055,-12.233899215727087,-12.550213658536386,0.9543896288707246,80,10.189676738869665,14.41529384846211,0.4045533773553684,12.550213658536386,-0.006559782594814978,n200__poisson__boostrap_true__samples_0.7
8.081156778335572,1.2412329539138136,1.8353570461273194,0.9604122968524728,True,poisson,24,0.875,0.7,3,4,200,"{'bootstrap': True, 'criterion': 'poisson', 'max_depth': 24, 'max_features': 0.875, 'max_samples': 0.7, 'min_samples_leaf': 3, 'min_samples_split': 4, 'n_estimators': 200}",-10.027177950159398,-10.227755535130465,-10.51358805030697,-10.195086943948523,-9.984775214802967,-10.189676738869665,0.18696967327235756,62,-14.249209927776173,-14.555365950473206,-15.07350667076478,-14.064763201058929,-14.133623492237458,-14.41529384846211,0.36950185554621573,43,-0.41165810933252794,-0.37723281864971236,-0.4226586102719033,-0.3808376016872552,-0.43037974683544306,-0.4045533773553684,0.021698520592335558,71,0.873011834064829,-1.5301801520081775,1.3562361234565057,-1.277536398234161,0.5456696797469281,-0.006559782594815133,1.1724006889331913,25,-13.239372111359655,-11.52812660130534,-14.041857760956791,-11.707812603333055,-12.233899215727085,-12.550213658536386,0.9543896288707251,80,10.189676738869665,14.41529384846211,0.4045533773553684,12.550213658536386,-0.006559782594815133,n200__poisson__boostrap_true__samples_0.7
8.59876799583435,0.04154466052850604,1.3550541400909424,0.034966568065917566,True,poisson,24,0.875,0.7,3,8,200,"{'bootstrap': True, 'criterion': 'poisson', 'max_depth': 24, 'max_features': 0.875, 'max_samples': 0.7, 'min_samples_leaf': 3, 'min_samples_split': 8, 'n_estimators': 200}",-10.03523618770022,-10.226599916398081,-10.55133409411686,-10.229790468965414,-10.060094091433813,-10.220610951722877,0.1841887041721903,73,-14.248639266302106,-14.614887592573629,-15.087725272407202,-14.096025728553547,-14.208711484371916,-14.45119786884168,0.36275014665694133,77,-0.4077318030806403,-0.37723281864971236,-0.42205438066465256,-0.3847544441096716,-0.42977697408077153,-0.40431008411708963,0.020448628640308417,67,0.8175249631731138,-1.6126007515166856,1.2966050175973192,-1.2702491902300126,0.49256438140393294,-0.055231115914466444,1.165410924536404,58,-13.308700803904298,-11.417351220547053,-14.03603380807943,-11.643194011011275,-12.27690070577687,-12.536436109863784,0.9962707540412082,67,10.220610951722877,14.45119786884168,0.40431008411708963,12.536436109863784,-0.055231115914466444,n200__poisson__boostrap_true__samples_0.7
7.509499788284302,1.1087434154674218,1.8606908321380615,0.6344760282722672,True,poisson,24,0.875,0.7,4,2,200,"{'bootstrap': True, 'criterion': 'poisson', 'max_depth': 24, 'max_features': 0.875, 'max_samples': 0.7, 'min_samples_leaf': 4, 'min_samples_split': 2, 'n_estimators': 200}",-10.068001456320204,-10.269718759370186,-10.574233714749099,-10.218362906716282,-10.039478283551071,-10.233959024141367,0.1911405427366081,78,-14.290271510670964,-14.614146610743104,-15.142309755394622,-14.092759194760111,-14.188572255181091,-14.46561186534998,0.38118155897875267,85,-0.4113560857746904,-0.3799576142900394,-0.4244712990936556,-0.3820427839710756,-0.43128390596745025,-0.40582233781938226,0.021265693875699397,89,0.9025090500341665,-1.5542251111686878,1.4000224024112087,-1.3137685071838179,0.5817978328978244,0.0032671333981387773,1.2045434028596513,11,-13.33456691870019,-11.46903407171695,-14.104906671815165,-11.653923033142057,-12.313554910683939,-12.57519712121166,1.005728898092433,90,10.233959024141367,14.46561186534998,0.40582233781938226,12.57519712121166,0.0032671333981387773,n200__poisson__boostrap_true__samples_0.7
6.795203638076782,1.1761044043249977,2.5839584350585936,0.38499403974529994,True,poisson,24,0.875,0.7,4,4,200,"{'bootstrap': True, 'criterion': 'poisson', 'max_depth': 24, 'max_features': 0.875, 'max_samples': 0.7, 'min_samples_leaf': 4, 'min_samples_split': 4, 'n_estimators': 200}",-10.068001456320204,-10.269718759370186,-10.574233714749099,-10.218362906716282,-10.039478283551071,-10.233959024141367,0.1911405427366081,78,-14.290271510670964,-14.614146610743104,-15.142309755394622,-14.092759194760111,-14.188572255181091,-14.46561186534998,0.38118155897875267,85,-0.4113560857746904,-0.3799576142900394,-0.4244712990936556,-0.3820427839710756,-0.43128390596745025,-0.40582233781938226,0.021265693875699397,89,0.9025090500341663,-1.5542251111686876,1.400022402411209,-1.3137685071838185,0.5817978328978242,0.003267133398138644,1.2045434028596513,12,-13.334566918700194,-11.46903407171695,-14.104906671815165,-11.653923033142057,-12.313554910683942,-12.575197121211662,1.0057288980924335,91,10.233959024141367,14.46561186534998,0.40582233781938226,12.575197121211662,0.003267133398138644,n200__poisson__boostrap_true__samples_0.7
7.903239488601685,0.06622020455821617,2.23370943069458,0.04110910047257963,True,poisson,24,0.875,0.7,4,8,200,"{'bootstrap': True, 'criterion': 'poisson', 'max_depth': 24, 'max_features': 0.875, 'max_samples': 0.7, 'min_samples_leaf': 4, 'min_samples_split': 8, 'n_estimators': 200}",-10.068001456320204,-10.269718759370186,-10.574233714749099,-10.218362906716282,-10.039478283551071,-10.233959024141367,0.1911405427366081,78,-14.290271510670966,-14.614146610743104,-15.142309755394622,-14.092759194760111,-14.188572255181091,-14.46561186534998,0.3811815589787525,85,-0.4113560857746904,-0.3799576142900394,-0.4244712990936556,-0.3820427839710756,-0.43128390596745025,-0.40582233781938226,0.021265693875699397,89,0.9025090500341665,-1.5542251111686871,1.400022402411209,-1.3137685071838177,0.5817978328978242,0.003267133398138955,1.2045434028596511,10,-13.33456691870019,-11.469034071716951,-14.104906671815165,-11.653923033142057,-12.313554910683942,-12.575197121211662,1.0057288980924326,91,10.233959024141367,14.46561186534998,0.40582233781938226,12.575197121211662,0.003267133398138955,n200__poisson__boostrap_true__samples_0.7
12.035449886322022,0.27860423163274173,3.1113422870635987,0.21057571827198046,True,poisson,24,1.0,0.7,1,2,200,"{'bootstrap': True, 'criterion': 'poisson', 'max_depth': 24, 'max_features': 1.0, 'max_samples': 0.7, 'min_samples_leaf': 1, 'min_samples_split': 2, 'n_estimators': 200}",-9.996474847553019,-10.17784516712552,-10.473509292614713,-10.186111178896759,-10.05309492458169,-10.17740708215434,0.1648893315507449,51,-14.19253151719171,-14.63081208811918,-14.993554142287456,-14.071319873577309,-14.220346859824462,-14.421712896200024,0.34251205473107366,51,-0.4050135910601027,-0.3796548592188919,-0.41842900302114805,-0.3799337149743899,-0.4252561784207354,-0.40165746933905366,0.019002543625389015,26,0.5843714081456952,-1.4836016047432112,1.1036514039697145,-1.38726874436544,0.32227914447929495,-0.1721136785027893,1.0621556298546744,81,-13.06233480709114,-11.450193973903014,-13.834080110359013,-11.579444107933963,-12.198969227903737,-12.425004445438173,0.906421963403081,4,10.17740708215434,14.421712896200024,0.40165746933905366,12.425004445438173,-0.1721136785027893,n200__poisson__boostrap_true__samples_0.7
10.660693597793578,0.4707706582003389,2.319787931442261,0.12396328200863267,True,poisson,24,1.0,0.7,1,4,200,"{'bootstrap': True, 'criterion': 'poisson', 'max_depth': 24, 'max_features': 1.0, 'max_samples': 0.7, 'min_samples_leaf': 1, 'min_samples_split': 4, 'n_estimators': 200}",-9.971730295157903,-10.203894939117129,-10.464975758306968,-10.166591568110595,-9.981339203383735,-10.157706352815266,0.18017729353445852,30,-14.160932215188092,-14.68526614128989,-15.031007804504457,-14.026926935584122,-14.129494424653027,-14.406725504243918,0.38699654832998376,28,-0.40380549682875266,-0.37935210414774445,-0.42205438066465256,-0.3793311238324797,-0.42374924653405666,-0.40165847040153724,0.019517631251463153,27,0.6225940535257528,-1.4944875093995045,1.1667648713803584,-1.4532133690996274,0.30968898914118853,-0.16973059289036643,1.0996499926462593,80,-13.11810318567374,-11.479318731188073,-13.779907474683263,-11.48518754667093,-12.142827717922367,-12.401068931227673,0.9132890579731888,2,10.157706352815266,14.406725504243918,0.40165847040153724,12.401068931227673,-0.16973059289036643,n200__poisson__boostrap_true__samples_0.7
9.1012788772583,0.05213826593361028,2.0534059047698974,0.021016031428889782,True,poisson,24,1.0,0.7,1,8,200,"{'bootstrap': True, 'criterion': 'poisson', 'max_depth': 24, 'max_features': 1.0, 'max_samples': 0.7, 'min_samples_leaf': 1, 'min_samples_split': 8, 'n_estimators': 200}",-9.987676707923024,-10.203361416726723,-10.506213868985528,-10.246953826207926,-10.028217159457506,-10.194484595860143,0.18461924099409774,64,-14.132318444679107,-14.65739615919358,-15.040658503673987,-14.12630882357529,-14.166977739671804,-14.424731934158753,0.3672866475061268,53,-0.40320144971307764,-0.37693006357856496,-0.4178247734138973,-0.380235010545345,-0.4258589511754069,-0.40081004968525835,0.019576787558652036,6,0.6517793371348806,-1.5101119743709286,1.1210651965913594,-1.4020976451716696,0.2463779474763087,-0.1785974276680099,1.0797348144996808,86,-13.193722458871433,-11.531647754257508,-13.914061354685282,-11.630775619991814,-12.063378119181316,-12.466717061397471,0.9337213027656263,26,10.194484595860143,14.424731934158753,0.40081004968525835,12.466717061397471,-0.1785974276680099,n200__poisson__boostrap_true__samples_0.7
8.679187917709351,0.3392035791846031,2.8548535823822023,0.39897209067039396,True,poisson,24,1.0,0.7,2,2,200,"{'bootstrap': True, 'criterion': 'poisson', 'max_depth': 24, 'max_features': 1.0, 'max_samples': 0.7, 'min_samples_leaf': 2, 'min_samples_split': 2, 'n_estimators': 200}",-9.889762299257049,-10.156085856365301,-10.390073302273644,-10.060503842499397,-9.956813166088173,-10.090647693296713,0.17499321269666,1,-14.077391830161858,-14.6651393609077,-14.943620720335682,-13.970637682748967,-14.150546180416029,-14.361467154914047,0.3765776696394155,1,-0.4022953790395651,-0.37693006357856496,-0.4205438066465257,-0.37782464597770415,-0.4207353827606992,-0.3996658556006118,0.019394240819391746,1,0.7746388226120385,-1.4087070432085802,1.2931645970317762,-1.2603458063448922,0.38217639858924385,-0.04381460626408277,1.0937757783658404,50,-13.254441484425131,-11.603450690705484,-13.890631266774761,-11.64582317463987,-12.286807799283547,-12.53623088316576,0.9028115547004729,65,10.090647693296713,14.361467154914047,0.3996658556006118,12.53623088316576,-0.04381460626408277,n200__poisson__boostrap_true__samples_0.7
8.985369873046874,0.13346073207664116,2.385259675979614,0.17331573285109958,True,poisson,24,1.0,0.7,2,4,200,"{'bootstrap': True, 'criterion': 'poisson', 'max_depth': 24, 'max_features': 1.0, 'max_samples': 0.7, 'min_samples_leaf': 2, 'min_samples_split': 4, 'n_estimators': 200}",-9.889762299257047,-10.156085856365301,-10.390073302273644,-10.060503842499395,-9.956813166088173,-10.090647693296713,0.17499321269666046,1,-14.077391830161858,-14.6651393609077,-14.943620720335682,-13.970637682748967,-14.150546180416029,-14.361467154914047,0.3765776696394155,1,-0.4022953790395651,-0.37693006357856496,-0.4205438066465257,-0.37782464597770415,-0.4207353827606992,-0.3996658556006118,0.019394240819391746,1,0.7746388226120383,-1.40870704320858,1.2931645970317767,-1.2603458063448927,0.3821763985892441,-0.04381460626408271,1.0937757783658406,49,-13.25444148442513,-11.603450690705484,-13.890631266774761,-11.645823174639872,-12.286807799283551,-12.53623088316576,0.902811554700472,65,10.090647693296713,14.361467154914047,0.3996658556006118,12.53623088316576,-0.04381460626408271,n200__poisson__boostrap_true__samples_0.7
8.444836473464965,0.05632326850512769,1.773362112045288,0.04000764595842159,True,poisson,24,1.0,0.7,2,8,200,"{'bootstrap': True, 'criterion': 'poisson', 'max_depth': 24, 'max_features': 1.0, 'max_samples': 0.7, 'min_samples_leaf': 2, 'min_samples_split': 8, 'n_estimators': 200}",-9.97139301158686,-10.188839547863347,-10.410781032901442,-10.11907077861438,-10.016190398054766,-10.14125495380416,0.15485151665567187,20,-14.16433816271345,-14.650648317136424,-14.966507296758442,-14.017042022582702,-14.203331459906277,-14.400373451819458,0.35344765595940447,18,-0.40954394442766534,-0.37844383893430217,-0.4202416918429003,-0.37872853269056944,-0.4279686558167571,-0.4029853327424388,0.02076362692579797,50,0.8085872830901332,-1.4710550705319447,1.2088207915584375,-1.3549673753113192,0.38399222464215443,-0.08492442931050777,1.1159202430543047,66,-13.160956768316934,-11.51793685145025,-13.824903680432135,-11.570429274289125,-12.150635895108586,-12.444972493919405,0.9085921548752226,13,10.14125495380416,14.400373451819458,0.4029853327424388,12.444972493919405,-0.08492442931050777,n200__poisson__boostrap_true__samples_0.7
7.529497289657593,0.5729878523930615,2.533900737762451,0.5069104723285587,True,poisson,24,1.0,0.7,3,2,200,"{'bootstrap': True, 'criterion': 'poisson', 'max_depth': 24, 'max_features': 1.0, 'max_samples': 0.7, 'min_samples_leaf': 3, 'min_samples_split': 2, 'n_estimators': 200}",-9.947591371386922,-10.142487937966418,-10.419362126377797,-10.140746224136299,-9.96747021563734,-10.123531575100957,0.16939982650748162,15,-14.194095283619626,-14.62481025899296,-15.030086737145524,-14.064793970428605,-14.138289804970471,-14.410415211031438,0.3661307488977464,35,-0.40863787375415284,-0.3787465940054496,-0.4187311178247734,-0.38053630611630007,-0.42766726943942135,-0.40286383222801947,0.019902162731764206,47,0.8667280793135219,-1.441774363447335,1.3002604174295598,-1.2819917290596285,0.49193003967984367,-0.012969511216807639,1.1318361142770859,32,-13.23215510024729,-11.486193819598935,-13.994210180376026,-11.639828253824016,-12.228432010973364,-12.516163873003926,0.9600892017940679,47,10.123531575100957,14.410415211031438,0.40286383222801947,12.516163873003926,-0.012969511216807639,n200__poisson__boostrap_true__samples_0.7
7.468251180648804,0.1995883799589966,2.4614704608917237,0.24554363285845346,True,poisson,24,1.0,0.7,3,4,200,"{'bootstrap': True, 'criterion': 'poisson', 'max_depth': 24, 'max_features': 1.0, 'max_samples': 0.7, 'min_samples_leaf': 3, 'min_samples_split': 4, 'n_estimators': 200}",-9.947591371386922,-10.142487937966418,-10.419362126377797,-10.140746224136297,-9.96747021563734,-10.123531575100957,0.1693998265074816,15,-14.194095283619626,-14.62481025899296,-15.030086737145524,-14.064793970428605,-14.13828980497047,-14.410415211031438,0.3661307488977466,35,-0.40863787375415284,-0.3787465940054496,-0.4187311178247734,-0.38053630611630007,-0.42766726943942135,-0.40286383222801947,0.019902162731764206,47,0.8667280793135215,-1.4417743634473341,1.3002604174295593,-1.2819917290596294,0.49193003967984367,-0.012969511216807816,1.1318361142770856,33,-13.23215510024729,-11.486193819598935,-13.99421018037603,-11.639828253824016,-12.228432010973366,-12.516163873003926,0.9600892017940688,47,10.123531575100957,14.410415211031438,0.40286383222801947,12.516163873003926,-0.012969511216807816,n200__poisson__boostrap_true__samples_0.7
7.94455041885376,0.0884771714317854,1.6776453495025634,0.07709213601086137,True,poisson,24,1.0,0.7,3,8,200,"{'bootstrap': True, 'criterion': 'poisson', 'max_depth': 24, 'max_features': 1.0, 'max_samples': 0.7, 'min_samples_leaf': 3, 'min_samples_split': 8, 'n_estimators': 200}",-9.947496729739564,-10.154348146079968,-10.457527954372958,-10.143378084195732,-9.975327805593832,-10.13561574399641,0.18172485505567,19,-14.171954640465822,-14.641821998659617,-15.023596286464684,-14.051253428686227,-14.166821822865268,-14.411089635428326,0.3673516644194423,39,-0.4080338266384778,-0.3781410838631547,-0.42477341389728096,-0.3793311238324797,-0.4267631103074141,-0.40340851170776143,0.02117287593269329,55,0.8281028110880654,-1.4324413612601805,1.2594036678533795,-1.2790791757128037,0.48996071448763806,-0.02681066870878025,1.1132161602747008,43,-13.204296846661835,-11.532609331569159,-13.791978545365994,-11.684117584295011,-12.261238456790366,-12.494848152936473,0.8744856543594675,37,10.13561574399641,14.411089635428326,0.40340851170776143,12.494848152936473,-0.02681066870878025,n200__poisson__boostrap_true__samples_0.7
7.124543523788452,0.6292202150630207,2.222685670852661,0.5815066013407495,True,poisson,24,1.0,0.7,4,2,200,"{'bootstrap': True, 'criterion': 'poisson', 'max_depth': 24, 'max_features': 1.0, 'max_samples': 0.7, 'min_samples_leaf': 4, 'min_samples_split': 2, 'n_estimators': 200}",-9.99488943005849,-10.175164616848816,-10.482977801322939,-10.178159051723279,-9.986066879359615,-10.163451555862627,0.18018270809587034,37,-14.249736439062815,-14.670552148747802,-15.043518395851008,-14.113345154512153,-14.220865524868943,-14.459603532608545,0.3482501353513828,83,-0.4074297795228028,-0.38268240993036634,-0.4226586102719033,-0.38053630611630007,-0.42646172393007836,-0.4039537659542901,0.019336028836733132,61,0.8880506253493942,-1.4444398073974218,1.3367446831588257,-1.2845212710748506,0.49859681468979744,-0.0011137910548510322,1.1454705666354883,20,-13.355602121369719,-11.407272169943813,-13.982588071349051,-11.685662626275588,-12.292619836344858,-12.544748965056604,0.9818672039672152,72,10.163451555862627,14.459603532608545,0.4039537659542901,12.544748965056604,-0.0011137910548510322,n200__poisson__boostrap_true__samples_0.7
6.598067712783814,0.2566209714451742,2.6239061832427977,0.24148959467567085,True,poisson,24,1.0,0.7,4,4,200,"{'bootstrap': True, 'criterion': 'poisson', 'max_depth': 24, 'max_features': 1.0, 'max_samples': 0.7, 'min_samples_leaf': 4, 'min_samples_split': 4, 'n_estimators': 200}",-9.99488943005849,-10.175164616848816,-10.482977801322939,-10.178159051723279,-9.986066879359615,-10.163451555862627,0.18018270809587034,37,-14.249736439062815,-14.670552148747804,-15.043518395851008,-14.113345154512153,-14.220865524868941,-14.459603532608543,0.34825013535138327,81,-0.4074297795228028,-0.38268240993036634,-0.4226586102719033,-0.38053630611630007,-0.42646172393007836,-0.4039537659542901,0.019336028836733132,61,0.8880506253493936,-1.4444398073974218,1.336744683158826,-1.2845212710748497,0.49859681468979744,-0.0011137910548508767,1.1454705666354883,19,-13.355602121369722,-11.407272169943813,-13.982588071349051,-11.685662626275587,-12.292619836344858,-12.544748965056607,0.981867203967216,73,10.163451555862627,14.459603532608543,0.4039537659542901,12.544748965056607,-0.0011137910548508767,n200__poisson__boostrap_true__samples_0.7
7.535917043685913,0.182983638460232,2.533051300048828,0.1273568279128948,True,poisson,24,1.0,0.7,4,8,200,"{'bootstrap': True, 'criterion': 'poisson', 'max_depth': 24, 'max_features': 1.0, 'max_samples': 0.7, 'min_samples_leaf': 4, 'min_samples_split': 8, 'n_estimators': 200}",-9.99488943005849,-10.175164616848816,-10.482977801322939,-10.178159051723279,-9.986066879359615,-10.163451555862627,0.18018270809587034,37,-14.249736439062819,-14.670552148747802,-15.043518395851008,-14.113345154512153,-14.220865524868941,-14.459603532608543,0.3482501353513826,81,-0.4074297795228028,-0.38268240993036634,-0.4226586102719033,-0.38053630611630007,-0.42646172393007836,-0.4039537659542901,0.019336028836733132,61,0.8880506253493945,-1.4444398073974225,1.336744683158826,-1.2845212710748497,0.4985968146897977,-0.0011137910548507767,1.1454705666354885,18,-13.355602121369722,-11.407272169943813,-13.982588071349051,-11.685662626275587,-12.292619836344858,-12.544748965056607,0.981867203967216,73,10.163451555862627,14.459603532608543,0.4039537659542901,12.544748965056607,-0.0011137910548507767,n200__poisson__boostrap_true__samples_0.7
10.548278760910033,0.08728124987379184,2.540429782867432,0.19190126330937596,True,poisson,26,0.875,0.7,1,2,200,"{'bootstrap': True, 'criterion': 'poisson', 'max_depth': 26, 'max_features': 0.875, 'max_samples': 0.7, 'min_samples_leaf': 1, 'min_samples_split': 2, 'n_estimators': 200}",-10.060515129497755,-10.241028398650329,-10.511255943918327,-10.277869183141652,-10.08875030848913,-10.23588379273944,0.16125848309896987,84,-14.258831664772242,-14.61300379078836,-15.026559661780043,-14.123006607400875,-14.20857847303372,-14.445996039555046,0.3348628034843637,69,-0.4025974025974026,-0.3796548592188919,-0.4253776435045317,-0.3766194636938837,-0.42766726943942135,-0.4023833276908263,0.021672203696371378,41,0.6312962204587604,-1.5727509113484222,1.167647226835543,-1.4910261149047548,0.3388040216903031,-0.1852059114537141,1.1315406564241541,90,-13.278539902365354,-11.415997025740909,-13.727688030964242,-11.665412857391303,-12.191199882852487,-12.455767539862858,0.9022766080819801,17,10.23588379273944,14.445996039555046,0.4023833276908263,12.455767539862858,-0.1852059114537141,n200__poisson__boostrap_true__samples_0.7
9.116880226135255,0.0698249699177611,2.2668514251708984,0.10130847475029767,True,poisson,26,0.875,0.7,1,4,200,"{'bootstrap': True, 'criterion': 'poisson', 'max_depth': 26, 'max_features': 0.875, 'max_samples': 0.7, 'min_samples_leaf': 1, 'min_samples_split': 4, 'n_estimators': 200}",-10.076640599042447,-10.241063091337576,-10.534195912446055,-10.27371016824206,-10.032180585268241,-10.231558071267276,0.17731757539684906,77,-14.247876648896375,-14.553655978858876,-15.020896456215885,-14.117785601511185,-14.099895413057014,-14.408022019707868,0.34688616258051486,29,-0.4050135910601027,-0.37723281864971236,-0.42205438066465256,-0.37872853269056944,-0.4228450874020494,-0.4011748820934173,0.019986735344685553,15,0.6574313801406407,-1.6775853887876646,1.1659136939934567,-1.4383366558938886,0.24927806936969413,-0.20865978023555232,1.1418512048621665,94,-13.251496019043701,-11.350387982151831,-13.860902933899348,-11.664520559858223,-12.157476769810648,-12.456956852952752,0.953361982595869,20,10.231558071267276,14.408022019707868,0.4011748820934173,12.456956852952752,-0.20865978023555232,n200__poisson__boostrap_true__samples_0.7
7.78563961982727,0.28326204504517694,2.2511080741882323,0.16875255803949019,True,poisson,26,0.875,0.7,1,8,200,"{'bootstrap': True, 'criterion': 'poisson', 'max_depth': 26, 'max_features': 0.875, 'max_samples': 0.7, 'min_samples_leaf': 1, 'min_samples_split': 8, 'n_estimators': 200}",-10.10525036684907,-10.240238894864728,-10.574895254922376,-10.29119081205248,-10.047327081255586,-10.251780481988849,0.18404445471202108,94,-14.28052775130559,-14.610416020495977,-15.061336247634122,-14.147923873510464,-14.14679360338741,-14.449399499266713,0.3496765512632307,75,-0.40622168529145275,-0.3787465940054496,-0.42235649546827797,-0.38053630611630007,-0.42646172393007836,-0.4028645609623117,0.020140800328061755,49,0.6462664456974971,-1.6712716034220723,1.140734547041922,-1.457882640036468,0.33172813197431694,-0.20208502374896087,1.1439718492689566,93,-13.233558426149326,-11.312269769638323,-13.869361460837565,-11.606393437419298,-12.168800423143752,-12.438076703437654,0.9708774639704212,7,10.251780481988849,14.449399499266713,0.4028645609623117,12.438076703437654,-0.20208502374896087,n200__poisson__boostrap_true__samples_0.7
7.396853971481323,0.11322702357686235,2.670657682418823,0.15854865209454133,True,poisson,26,0.875,0.7,2,2,200,"{'bootstrap': True, 'criterion': 'poisson', 'max_depth': 26, 'max_features': 0.875, 'max_samples': 0.7, 'min_samples_leaf': 2, 'min_samples_split': 2, 'n_estimators': 200}",-10.009062637127544,-10.148805031617789,-10.465757637941612,-10.146953173332845,-10.04957554929332,-10.164030805862623,0.160422997109547,40,-14.203619462286195,-14.552702433914623,-14.972814490556496,-13.9855536393446,-14.212077514142338,-14.385353508048851,0.34525580007489093,10,-0.40652370884929023,-0.3781410838631547,-0.4205438066465257,-0.37842723711961435,-0.4279686558167571,-0.4023208984590685,0.020799595868962507,35,0.7567824541711496,-1.5283395967340345,1.2462269191889108,-1.3068012293993085,0.47730589455232786,-0.07096511164419095,1.1288926675975997,64,-13.241349590375176,-11.39847771474021,-13.92480922561136,-11.680121139297535,-12.29865937699995,-12.508683409404846,0.9492517341741331,45,10.164030805862623,14.385353508048851,0.4023208984590685,12.508683409404846,-0.07096511164419095,n200__poisson__boostrap_true__samples_0.7
7.967498874664306,0.2134900689762985,2.191494512557983,0.10370534735073415,True,poisson,26,0.875,0.7,2,4,200,"{'bootstrap': True, 'criterion': 'poisson', 'max_depth': 26, 'max_features': 0.875, 'max_samples': 0.7, 'min_samples_leaf': 2, 'min_samples_split': 4, 'n_estimators': 200}",-10.009062637127544,-10.148805031617789,-10.465757637941612,-10.146953173332845,-10.04957554929332,-10.164030805862623,0.160422997109547,40,-14.203619462286197,-14.552702433914623,-14.972814490556496,-13.9855536393446,-14.212077514142338,-14.385353508048851,0.34525580007489076,10,-0.40652370884929023,-0.3781410838631547,-0.4205438066465257,-0.37842723711961435,-0.4279686558167571,-0.4023208984590685,0.020799595868962507,35,0.7567824541711502,-1.5283395967340347,1.2462269191889108,-1.3068012293993085,0.47730589455232786,-0.07096511164419088,1.1288926675975999,63,-13.241349590375176,-11.398477714740208,-13.92480922561136,-11.680121139297533,-12.29865937699995,-12.508683409404846,0.9492517341741338,45,10.164030805862623,14.385353508048851,0.4023208984590685,12.508683409404846,-0.07096511164419088,n200__poisson__boostrap_true__samples_0.7
7.260810136795044,0.09320820043108409,1.9679553985595704,0.1539963534467804,True,poisson,26,0.875,0.7,2,8,200,"{'bootstrap': True, 'criterion': 'poisson', 'max_depth': 26, 'max_features': 0.875, 'max_samples': 0.7, 'min_samples_leaf': 2, 'min_samples_split': 8, 'n_estimators': 200}",-10.079123324096834,-10.261154021788375,-10.51268626716804,-10.238473125181699,-10.054901511562791,-10.229267649959548,0.1639356354616109,75,-14.287526951247647,-14.631745238686575,-15.071602019145377,-14.076671680642525,-14.187180197613028,-14.450945217467032,0.3617351818506015,76,-0.4053156146179402,-0.37723281864971236,-0.4214501510574018,-0.380235010545345,-0.42887281494876434,-0.40262128196383273,0.020960190558901606,43,0.7577947511902141,-1.5553234900138577,1.219073590150607,-1.4085152680940904,0.4352828890232704,-0.11033750554877135,1.1482107027893445,72,-13.368493199431974,-11.53906831719552,-13.918324418539326,-11.61118467815918,-12.229947941371943,-12.53340371093959,0.9535885951381263,62,10.229267649959548,14.450945217467032,0.40262128196383273,12.53340371093959,-0.11033750554877135,n200__poisson__boostrap_true__samples_0.7
6.461445283889771,0.30183320539548875,2.396911287307739,0.3173781621043309,True,poisson,26,0.875,0.7,3,2,200,"{'bootstrap': True, 'criterion': 'poisson', 'max_depth': 26, 'max_features': 0.875, 'max_samples': 0.7, 'min_samples_leaf': 3, 'min_samples_split': 2, 'n_estimators': 200}",-10.030429187981634,-10.224735958118787,-10.506299722334171,-10.190915807127356,-9.95870854646864,-10.182217844406118,0.1896885397878382,52,-14.274998198431165,-14.57798519296586,-15.063543709239365,-14.067060845467974,-14.10378588874308,-14.417474766969487,0.3700429370510189,46,-0.41165810933252794,-0.381774144716924,-0.4253776435045317,-0.38053630611630007,-0.42977697408077153,-0.405824635550211,0.02101423218865401,92,0.8451367662857945,-1.5340097275573332,1.3540777533247628,-1.2895463040429742,0.5192613459829043,-0.021016033201369178,1.1688731503001373,40,-13.209464003880944,-11.382025669922477,-13.940997672028082,-11.695821607576034,-12.19000845131635,-12.483663480944779,0.9561530530336754,32,10.182217844406118,14.417474766969487,0.405824635550211,12.483663480944779,-0.021016033201369178,n200__poisson__boostrap_true__samples_0.7
6.7329933643341064,0.28523720696257204,2.2645132541656494,0.24847998714639588,True,poisson,26,0.875,0.7,3,4,200,"{'bootstrap': True, 'criterion': 'poisson', 'max_depth': 26, 'max_features': 0.875, 'max_samples': 0.7, 'min_samples_leaf': 3, 'min_samples_split': 4, 'n_estimators': 200}",-10.030429187981634,-10.224735958118787,-10.506299722334171,-10.190915807127356,-9.95870854646864,-10.182217844406118,0.1896885397878382,52,-14.274998198431165,-14.577985192965858,-15.063543709239365,-14.067060845467976,-14.103785888743081,-14.417474766969487,0.3700429370510181,46,-0.41165810933252794,-0.381774144716924,-0.4253776435045317,-0.38053630611630007,-0.42977697408077153,-0.405824635550211,0.02101423218865401,92,0.8451367662857949,-1.5340097275573321,1.3540777533247632,-1.2895463040429749,0.5192613459829043,-0.02101603320136891,1.1688731503001373,39,-13.209464003880944,-11.382025669922477,-13.940997672028082,-11.695821607576034,-12.19000845131635,-12.483663480944779,0.9561530530336754,32,10.182217844406118,14.417474766969487,0.405824635550211,12.483663480944779,-0.02101603320136891,n200__poisson__boostrap_true__samples_0.7
6.906252050399781,0.06619193459109436,1.8537117004394532,0.25831646524947793,True,poisson,26,0.875,0.7,3,8,200,"{'bootstrap': True, 'criterion': 'poisson', 'max_depth': 26, 'max_features': 0.875, 'max_samples': 0.7, 'min_samples_leaf': 3, 'min_samples_split': 8, 'n_estimators': 200}",-10.062744454142159,-10.21393269481076,-10.555971802342114,-10.240370264453892,-10.075572410461175,-10.229718325242022,0.17801416681302853,76,-14.28511016847573,-14.584785832560062,-15.08424792088667,-14.097904304282254,-14.222063985664546,-14.45482244237385,0.35311081211708145,80,-0.4098459679855029,-0.37844383893430217,-0.4229607250755287,-0.38354926182585114,-0.4318866787221218,-0.4053372945086613,0.021136506638974883,76,0.8306107773648191,-1.6030370498975217,1.2963513951036187,-1.2937914836728683,0.5003341930133792,-0.05390643361771459,1.1704588994408751,55,-13.289572281326311,-11.37671532605937,-14.01113920840906,-11.66288097934494,-12.243844420910177,-12.516830443209972,0.9933480930356702,49,10.229718325242022,14.45482244237385,0.4053372945086613,12.516830443209972,-0.05390643361771459,n200__poisson__boostrap_true__samples_0.7
6.212798118591309,0.5395348565215052,2.1420372486114503,0.6988896580085127,True,poisson,26,0.875,0.7,4,2,200,"{'bootstrap': True, 'criterion': 'poisson', 'max_depth': 26, 'max_features': 0.875, 'max_samples': 0.7, 'min_samples_leaf': 4, 'min_samples_split': 2, 'n_estimators': 200}",-10.07676728667931,-10.283018919217378,-10.578414867901332,-10.20108243179548,-10.047098229360909,-10.237276346990882,0.19063512148994013,85,-14.317584094222834,-14.631258014848669,-15.142331575849836,-14.060403870008841,-14.210234191489835,-14.472362349284003,0.3837926171972324,88,-0.41165810933252794,-0.38116863457462913,-0.4256797583081571,-0.3817414884001205,-0.4306811332127788,-0.4061858247656427,0.021134639172057847,94,0.9145658531384268,-1.551021177544304,1.3960119027384104,-1.3184820276978821,0.5843423168974812,0.005083373506426447,1.2058746388205914,8,-13.350074844437463,-11.454244853354316,-14.06506480156762,-11.634313631097053,-12.342589129630975,-12.569257452017485,1.00158544309531,87,10.237276346990882,14.472362349284003,0.4061858247656427,12.569257452017485,0.005083373506426447,n200__poisson__boostrap_true__samples_0.7
5.88095703125,0.4577694089982162,2.5057766914367674,0.22706987468285014,True,poisson,26,0.875,0.7,4,4,200,"{'bootstrap': True, 'criterion': 'poisson', 'max_depth': 26, 'max_features': 0.875, 'max_samples': 0.7, 'min_samples_leaf': 4, 'min_samples_split': 4, 'n_estimators': 200}",-10.07676728667931,-10.283018919217382,-10.578414867901332,-10.20108243179548,-10.047098229360909,-10.237276346990882,0.19063512148994027,85,-14.317584094222834,-14.631258014848667,-15.142331575849836,-14.060403870008845,-14.210234191489835,-14.472362349284003,0.38379261719723146,88,-0.41165810933252794,-0.38116863457462913,-0.4256797583081571,-0.3817414884001205,-0.4306811332127788,-0.4061858247656427,0.021134639172057847,94,0.9145658531384265,-1.551021177544304,1.3960119027384104,-1.318482027697883,0.5843423168974806,0.005083373506426114,1.2058746388205916,9,-13.350074844437463,-11.454244853354318,-14.06506480156762,-11.634313631097054,-12.342589129630975,-12.569257452017485,1.0015854430953093,87,10.237276346990882,14.472362349284003,0.4061858247656427,12.569257452017485,0.005083373506426114,n200__poisson__boostrap_true__samples_0.7
6.465402221679687,0.20193325511667892,2.2977113246917726,0.19963192265986202,True,poisson,26,0.875,0.7,4,8,200,"{'bootstrap': True, 'criterion': 'poisson', 'max_depth': 26, 'max_features': 0.875, 'max_samples': 0.7, 'min_samples_leaf': 4, 'min_samples_split': 8, 'n_estimators': 200}",-10.07676728667931,-10.283018919217382,-10.578414867901335,-10.20108243179548,-10.047098229360909,-10.237276346990885,0.19063512148994158,87,-14.317584094222834,-14.631258014848667,-15.142331575849836,-14.060403870008845,-14.210234191489835,-14.472362349284003,0.38379261719723146,88,-0.41165810933252794,-0.38116863457462913,-0.4256797583081571,-0.3817414884001205,-0.4306811332127788,-0.4061858247656427,0.021134639172057847,94,0.9145658531384263,-1.551021177544304,1.396011902738411,-1.3184820276978817,0.5843423168974814,0.005083373506426625,1.2058746388205914,7,-13.350074844437463,-11.454244853354314,-14.06506480156762,-11.634313631097053,-12.342589129630975,-12.569257452017485,1.0015854430953104,87,10.237276346990885,14.472362349284003,0.4061858247656427,12.569257452017485,0.005083373506426625,n200__poisson__boostrap_true__samples_0.7
11.866238737106324,0.1873884763542282,2.852616786956787,0.3131900467557613,True,poisson,26,1.0,0.7,1,2,200,"{'bootstrap': True, 'criterion': 'poisson', 'max_depth': 26, 'max_features': 1.0, 'max_samples': 0.7, 'min_samples_leaf': 1, 'min_samples_split': 2, 'n_estimators': 200}",-10.028042673829296,-10.168141017855547,-10.462277678047828,-10.154795858762498,-10.029516261919785,-10.16855469808299,0.15845376703681288,44,-14.207555620260587,-14.647102011979769,-14.997710950456357,-13.999253515450686,-14.22179669471463,-14.414683758572405,0.3596188879848719,42,-0.4080338266384778,-0.37481077808053287,-0.42084592145015104,-0.38264537511298585,-0.42646172393007836,-0.4025595250424452,0.02050483703216038,42,0.6696935369163051,-1.56571582676017,1.1264127158855963,-1.3273863737669924,0.30397886232881766,-0.15860341707928868,1.0860334805633196,75,-13.1088840095406,-11.475690794098558,-13.768329218923054,-11.534713417598457,-12.115384036133168,-12.400600295258766,0.9009899237233548,1,10.16855469808299,14.414683758572405,0.4025595250424452,12.400600295258766,-0.15860341707928868,n200__poisson__boostrap_true__samples_0.7
10.76318302154541,0.22189475115743304,2.0876657009124755,0.46893210256431656,True,poisson,26,1.0,0.7,1,4,200,"{'bootstrap': True, 'criterion': 'poisson', 'max_depth': 26, 'max_features': 1.0, 'max_samples': 0.7, 'min_samples_leaf': 1, 'min_samples_split': 4, 'n_estimators': 200}",-9.964015881165592,-10.183497464192806,-10.456428837396581,-10.236441278341346,-10.009807048879534,-10.170038101995171,0.1759143743083475,45,-14.175499587883467,-14.682338461003685,-14.969790141231202,-14.095518767282712,-14.150180827328809,-14.414665556945973,0.34894678504183857,41,-0.40410752038659015,-0.3802603693611868,-0.41963746223564957,-0.38053630611630007,-0.41983122362869196,-0.4008745763456837,0.017666029864273472,8,0.6761827918176698,-1.4999419494205135,1.1373332216632304,-1.4643546979588038,0.24384785787584223,-0.18138655520451494,1.099078425214549,88,-13.165058970944537,-11.417907589686658,-13.814021747835847,-11.525952240811426,-12.211639260809166,-12.426915962017528,0.9322119011388953,5,10.170038101995171,14.414665556945973,0.4008745763456837,12.426915962017528,-0.18138655520451494,n200__poisson__boostrap_true__samples_0.7
9.624051284790038,0.07266908103691114,1.567384910583496,0.03906278564909339,True,poisson,26,1.0,0.7,1,8,200,"{'bootstrap': True, 'criterion': 'poisson', 'max_depth': 26, 'max_features': 1.0, 'max_samples': 0.7, 'min_samples_leaf': 1, 'min_samples_split': 8, 'n_estimators': 200}",-9.992109051062124,-10.18485854682718,-10.513786049032003,-10.224364564459147,-10.003042915435342,-10.183632225363159,0.189713362602781,54,-14.168866867188996,-14.671066787033034,-15.073120920224849,-14.070899707035293,-14.13496886514272,-14.42378462932498,0.38877023128638555,52,-0.4053156146179402,-0.37329700272479566,-0.4202416918429003,-0.37872853269056944,-0.42374924653405666,-0.4002664176820524,0.020819121265961204,3,0.6689627690977136,-1.541451654578664,1.1233390438083664,-1.4387163917179515,0.22406380395390424,-0.19276048588732628,1.0972512398379053,92,-13.151568106016846,-11.577117990712429,-13.845752716499504,-11.598872826303909,-12.067404016690439,-12.448143131244626,0.9025548590057393,14,10.183632225363159,14.42378462932498,0.4002664176820524,12.448143131244626,-0.19276048588732628,n200__poisson__boostrap_true__samples_0.7
8.74571943283081,0.5031002071670472,2.8570047855377196,0.5568937177086764,True,poisson,26,1.0,0.7,2,2,200,"{'bootstrap': True, 'criterion': 'poisson', 'max_depth': 26, 'max_features': 1.0, 'max_samples': 0.7, 'min_samples_leaf': 2, 'min_samples_split': 2, 'n_estimators': 200}",-9.92318048084133,-10.170332626635693,-10.399551092446186,-10.051355590739904,-9.964132219871258,-10.101710402106875,0.1713209751100096,7,-14.107484662975345,-14.67362602617715,-14.96848467950556,-13.963245934968347,-14.144157629099167,-14.371399786545116,0.3835963572429206,8,-0.40712775596496525,-0.37935210414774445,-0.4172205438066465,-0.37481169026815303,-0.42646172393007836,-0.4009947636235175,0.02051055164730628,12,0.7969542809416491,-1.4299485949100919,1.2760911328432007,-1.2945269574693785,0.426908581773881,-0.044904311364147895,1.109618554660049,52,-13.165566096536885,-11.520147029844235,-13.992170805831957,-11.681637553788134,-12.18285278440232,-12.508474854080706,0.9380409500370864,43,10.101710402106875,14.371399786545116,0.4009947636235175,12.508474854080706,-0.044904311364147895,n200__poisson__boostrap_true__samples_0.7
9.50650234222412,0.195485853423797,1.704662275314331,0.33079666994907714,True,poisson,26,1.0,0.7,2,4,200,"{'bootstrap': True, 'criterion': 'poisson', 'max_depth': 26, 'max_features': 1.0, 'max_samples': 0.7, 'min_samples_leaf': 2, 'min_samples_split': 4, 'n_estimators': 200}",-9.92318048084133,-10.170332626635693,-10.399551092446186,-10.051355590739904,-9.964132219871258,-10.101710402106875,0.1713209751100096,7,-14.107484662975345,-14.67362602617715,-14.96848467950556,-13.963245934968347,-14.144157629099166,-14.371399786545116,0.38359635724292085,8,-0.40712775596496525,-0.37935210414774445,-0.4172205438066465,-0.37481169026815303,-0.42646172393007836,-0.4009947636235175,0.02051055164730628,12,0.7969542809416492,-1.429948594910091,1.2760911328432003,-1.294526957469378,0.42690858177388075,-0.044904311364147756,1.1096185546600486,51,-13.165566096536885,-11.520147029844235,-13.992170805831957,-11.681637553788132,-12.18285278440232,-12.508474854080706,0.9380409500370867,43,10.101710402106875,14.371399786545116,0.4009947636235175,12.508474854080706,-0.044904311364147756,n200__poisson__boostrap_true__samples_0.7
9.242939805984497,0.05246174818079581,1.1320384979248046,0.07797459970191978,True,poisson,26,1.0,0.7,2,8,200,"{'bootstrap': True, 'criterion': 'poisson', 'max_depth': 26, 'max_features': 1.0, 'max_samples': 0.7, 'min_samples_leaf': 2, 'min_samples_split': 8, 'n_estimators': 200}",-9.994531616968823,-10.18387466698953,-10.447803229459598,-10.095898074483003,-10.009367764510252,-10.14629507048224,0.16531212063994546,23,-14.191961246892896,-14.667674984617962,-14.992845034240304,-13.955584266698935,-14.191532397912288,-14.399919586072476,0.37612745382428464,17,-0.4074297795228028,-0.3787465940054496,-0.42205438066465256,-0.37872853269056944,-0.4246534056660639,-0.4023225385099076,0.020132557728265513,37,0.7941686939460357,-1.4605617834288869,1.2538771442341858,-1.3568227565588387,0.37391026932972743,-0.07908568649555531,1.1212186837253104,65,-13.239950603943326,-11.516028159232933,-13.86276379274389,-11.53738702473759,-12.225591382640543,-12.476344192659656,0.9350912765962897,28,10.14629507048224,14.399919586072476,0.4023225385099076,12.476344192659656,-0.07908568649555531,n200__poisson__boostrap_true__samples_0.7
7.722787284851075,1.0196623505591007,2.423585844039917,0.9304086709609274,True,poisson,26,1.0,0.7,3,2,200,"{'bootstrap': True, 'criterion': 'poisson', 'max_depth': 26, 'max_features': 1.0, 'max_samples': 0.7, 'min_samples_leaf': 3, 'min_samples_split': 2, 'n_estimators': 200}",-9.945833758016038,-10.154982959501725,-10.416316880560458,-10.149135781806612,-9.948731340724278,-10.123000144121821,0.17291513763417235,13,-14.18719412360688,-14.650922344545245,-15.015480333760557,-14.07436240836922,-14.117030022071862,-14.40899784647075,0.3668164250825535,33,-0.40863787375415284,-0.37844383893430217,-0.41963746223564957,-0.37782464597770415,-0.4252561784207354,-0.4019599998645088,0.02017584567263217,31,0.885085797468734,-1.4568140235644365,1.3251994532082145,-1.29390059646857,0.5015522034690241,-0.0077754331774067655,1.1478038716138825,29,-13.252466610572833,-11.492020798160341,-13.990071657586144,-11.71871035890628,-12.287044932541948,-12.548062871553508,0.9430540580514326,78,10.123000144121821,14.40899784647075,0.4019599998645088,12.548062871553508,-0.0077754331774067655,n200__poisson__boostrap_true__samples_0.7
8.193889331817626,0.635593375483012,1.7471084594726562,0.6497902551791874,True,poisson,26,1.0,0.7,3,4,200,"{'bootstrap': True, 'criterion': 'poisson', 'max_depth': 26, 'max_features': 1.0, 'max_samples': 0.7, 'min_samples_leaf': 3, 'min_samples_split': 4, 'n_estimators': 200}",-9.945833758016038,-10.154982959501725,-10.416316880560458,-10.149135781806608,-9.94873134072428,-10.123000144121821,0.17291513763417185,13,-14.18719412360688,-14.650922344545247,-15.015480333760557,-14.07436240836922,-14.117030022071862,-14.408997846470754,0.36681642508255374,34,-0.40863787375415284,-0.37844383893430217,-0.41963746223564957,-0.37782464597770415,-0.4252561784207354,-0.4019599998645088,0.02017584567263217,31,0.8850857974687337,-1.4568140235644358,1.3251994532082145,-1.2939005964685693,0.5015522034690254,-0.007775433177406277,1.1478038716138823,28,-13.252466610572833,-11.492020798160345,-13.990071657586144,-11.71871035890628,-12.28704493254195,-12.548062871553508,0.9430540580514316,78,10.123000144121821,14.408997846470754,0.4019599998645088,12.548062871553508,-0.007775433177406277,n200__poisson__boostrap_true__samples_0.7
8.738699102401734,0.05279296225293413,1.0054831027984619,0.0839706980629363,True,poisson,26,1.0,0.7,3,8,200,"{'bootstrap': True, 'criterion': 'poisson', 'max_depth': 26, 'max_features': 1.0, 'max_samples': 0.7, 'min_samples_leaf': 3, 'min_samples_split': 8, 'n_estimators': 200}",-9.948673080792023,-10.133118966419937,-10.451080119382137,-10.12948754968076,-9.99201495468444,-10.13087493419186,0.17607835212217257,17,-14.173262123627,-14.616097769235692,-15.013277739415805,-14.018187936523397,-14.17447997379918,-14.399061108520215,0.3662931128376747,16,-0.40682573240712777,-0.37753557372085983,-0.42507552870090637,-0.3811388972582103,-0.42706449668474983,-0.4035280457543708,0.02100483684195203,57,0.8357207547876861,-1.4470283794732859,1.2536725799269082,-1.249030976556524,0.4927221609005487,-0.02278877208293336,1.1103397782858708,41,-13.254316254493103,-11.503671695543222,-13.767850545384839,-11.649895401659819,-12.275355592629143,-12.490217897942026,0.8878933041492785,36,10.13087493419186,14.399061108520215,0.4035280457543708,12.490217897942026,-0.02278877208293336,n200__poisson__boostrap_true__samples_0.7
7.276659679412842,1.4220299895290516,1.4747791290283203,0.4926885161627387,True,poisson,26,1.0,0.7,4,2,200,"{'bootstrap': True, 'criterion': 'poisson', 'max_depth': 26, 'max_features': 1.0, 'max_samples': 0.7, 'min_samples_leaf': 4, 'min_samples_split': 2, 'n_estimators': 200}",-9.981779759316716,-10.190497436937937,-10.47223487961631,-10.166726457842492,-9.97385118289226,-10.157017943321144,0.18156835183122724,29,-14.234875351344256,-14.670662015344554,-15.032683789840716,-14.10111823189271,-14.201826054310857,-14.448233088546619,0.35150645057366525,72,-0.40863787375415284,-0.38086587950348166,-0.4232628398791541,-0.38324796625489604,-0.42616033755274263,-0.40443497938888545,0.019227770718325467,68,0.8883396896801022,-1.4410116541573232,1.3241243222801597,-1.2752364947269057,0.5148086995634845,0.0022049125279035133,1.1410695876207892,13,-13.300430707918869,-11.486308243451658,-13.935028179256719,-11.60017892593578,-12.306001941297083,-12.52558959957202,0.956201364233886,57,10.157017943321144,14.448233088546619,0.40443497938888545,12.52558959957202,0.0022049125279035133,n200__poisson__boostrap_true__samples_0.7
5.838151645660401,0.42187124812152815,1.1492990016937257,0.6930571843793408,True,poisson,26,1.0,0.7,4,4,200,"{'bootstrap': True, 'criterion': 'poisson', 'max_depth': 26, 'max_features': 1.0, 'max_samples': 0.7, 'min_samples_leaf': 4, 'min_samples_split': 4, 'n_estimators': 200}",-9.981779759316716,-10.190497436937937,-10.47223487961631,-10.166726457842492,-9.973851182892258,-10.157017943321142,0.18156835183122758,27,-14.234875351344256,-14.670662015344554,-15.032683789840716,-14.10111823189271,-14.201826054310857,-14.448233088546619,0.35150645057366525,72,-0.40863787375415284,-0.38086587950348166,-0.4232628398791541,-0.38324796625489604,-0.42616033755274263,-0.40443497938888545,0.019227770718325467,68,0.8883396896801014,-1.4410116541573226,1.3241243222801597,-1.2752364947269066,0.5148086995634845,0.0022049125279032912,1.1410695876207892,15,-13.30043070791887,-11.486308243451656,-13.935028179256719,-11.600178925935781,-12.306001941297083,-12.52558959957202,0.9562013642338864,57,10.157017943321142,14.448233088546619,0.40443497938888545,12.52558959957202,0.0022049125279032912,n200__poisson__boostrap_true__samples_0.7
6.075076341629028,0.09619825338628661,0.20132007598876953,0.07523129916624892,True,poisson,26,1.0,0.7,4,8,200,"{'bootstrap': True, 'criterion': 'poisson', 'max_depth': 26, 'max_features': 1.0, 'max_samples': 0.7, 'min_samples_leaf': 4, 'min_samples_split': 8, 'n_estimators': 200}",-9.981779759316716,-10.190497436937937,-10.47223487961631,-10.166726457842492,-9.973851182892258,-10.157017943321142,0.18156835183122758,27,-14.234875351344256,-14.670662015344554,-15.032683789840716,-14.101118231892709,-14.201826054310857,-14.448233088546619,0.35150645057366564,72,-0.40863787375415284,-0.38086587950348166,-0.4232628398791541,-0.38324796625489604,-0.42616033755274263,-0.40443497938888545,0.019227770718325467,68,0.888339689680102,-1.4410116541573232,1.3241243222801604,-1.275236494726906,0.5148086995634843,0.0022049125279035133,1.1410695876207895,13,-13.30043070791887,-11.486308243451658,-13.935028179256719,-11.600178925935781,-12.306001941297083,-12.525589599572022,0.9562013642338859,59,10.157017943321142,14.448233088546619,0.40443497938888545,12.525589599572022,0.0022049125279035133,n200__poisson__boostrap_true__samples_0.7
