mean_fit_time,std_fit_time,mean_score_time,std_score_time,param_bootstrap,param_criterion,param_max_depth,param_max_features,param_max_samples,param_min_samples_leaf,param_min_samples_split,param_n_estimators,params,split0_test_MAE,split1_test_MAE,split2_test_MAE,split3_test_MAE,split4_test_MAE,mean_test_MAE,std_test_MAE,rank_test_MAE,split0_test_RMSE,split1_test_RMSE,split2_test_RMSE,split3_test_RMSE,split4_test_RMSE,mean_test_RMSE,std_test_RMSE,rank_test_RMSE,split0_test_overestimation_rate,split1_test_overestimation_rate,split2_test_overestimation_rate,split3_test_overestimation_rate,split4_test_overestimation_rate,mean_test_overestimation_rate,std_test_overestimation_rate,rank_test_overestimation_rate,split0_test_mean_signed_error,split1_test_mean_signed_error,split2_test_mean_signed_error,split3_test_mean_signed_error,split4_test_mean_signed_error,mean_test_mean_signed_error,std_test_mean_signed_error,rank_test_mean_signed_error,split0_test_mean_overestimation,split1_test_mean_overestimation,split2_test_mean_overestimation,split3_test_mean_overestimation,split4_test_mean_overestimation,mean_test_mean_overestimation,std_test_mean_overestimation,rank_test_mean_overestimation,mean_MAE,mean_RMSE,overestimation_rate,mean_overstimation,mean_signed_error,chunk_id
10.99728102684021,0.411974713922438,0.6654566764831543,0.35641052902567955,True,squared_error,20,0.875,0.85,1,2,200,"{'bootstrap': True, 'criterion': 'squared_error', 'max_depth': 20, 'max_features': 0.875, 'max_samples': 0.85, 'min_samples_leaf': 1, 'min_samples_split': 2, 'n_estimators': 200}",-10.003947988440622,-10.241634904113456,-10.562063306707254,-10.206607206189728,-10.052767909874872,-10.213404263065186,0.19600115649426655,70,-14.163667316121918,-14.664127909489798,-15.092394612718351,-14.045517467332095,-14.13349247274669,-14.419839955681772,0.39993574449001595,28,-0.41165810933252794,-0.3838934302149561,-0.42749244712990936,-0.3838505573968063,-0.4321880650994575,-0.4078165218347315,0.020700501037014162,76,0.8624573164630865,-1.2949095573366092,1.3981460336986027,-1.2310866817734167,0.544074156626947,0.05573625353572207,1.110990024447362,70,-13.19833747781958,-11.652615859780726,-13.988796083654908,-11.691425675250288,-12.259526491162145,-12.558140317533528,0.9074103104121647,53,10.213404263065186,14.419839955681772,0.4078165218347315,12.558140317533528,0.05573625353572207,n200__squared_error__boostrap_true__samples_0.85
11.092951822280884,0.1507385843540232,0.5019781589508057,0.113346196115287,True,squared_error,20,0.875,0.85,1,4,200,"{'bootstrap': True, 'criterion': 'squared_error', 'max_depth': 20, 'max_features': 0.875, 'max_samples': 0.85, 'min_samples_leaf': 1, 'min_samples_split': 4, 'n_estimators': 200}",-10.014183178893559,-10.271752221232706,-10.526930267306028,-10.182009580590833,-10.094194848772561,-10.217814019359135,0.17691317685625435,75,-14.164033711864773,-14.630375729538558,-15.04936540655556,-14.036279869760326,-14.207515764446752,-14.417514096433194,0.3736943385539941,26,-0.4110540622168529,-0.3832879200726612,-0.4259818731117825,-0.3850557396806267,-0.43670886075949367,-0.40841769116828336,0.02141554290284834,87,0.8649720873125935,-1.373162891101495,1.3503557444812888,-1.285819591517367,0.5394681045435481,0.019162690743713684,1.1313474698914332,79,-13.233241398386689,-11.60823086786074,-13.94106975142412,-11.551821038237414,-12.174773526260472,-12.501827316433886,0.9396143963496437,9,10.217814019359135,14.417514096433194,0.40841769116828336,12.501827316433886,0.019162690743713684,n200__squared_error__boostrap_true__samples_0.85
11.11355619430542,0.019166351291065163,0.3989901542663574,0.018116793534809075,True,squared_error,20,0.875,0.85,1,8,200,"{'bootstrap': True, 'criterion': 'squared_error', 'max_depth': 20, 'max_features': 0.875, 'max_samples': 0.85, 'min_samples_leaf': 1, 'min_samples_split': 8, 'n_estimators': 200}",-10.095678642719289,-10.297076495912236,-10.555093794050308,-10.238476203487984,-10.101071767940029,-10.257479380821968,0.16801560133005858,94,-14.247662654230203,-14.705791914785687,-15.087895322299538,-14.05950896942971,-14.219114071638112,-14.46399458647665,0.3789703582056626,80,-0.41256418000604045,-0.38116863457462913,-0.43051359516616317,-0.38234407954203076,-0.4336949969861362,-0.40805709725499995,0.022654177103588486,84,0.823797170262433,-1.4466042317893821,1.3850457933559222,-1.2846167547143754,0.531243675963314,0.00177313061558233,1.1508346328329961,89,-13.233669259437221,-11.609654443366871,-13.867320012040217,-11.709164503735071,-12.257825796689122,-12.535526803053699,0.8807165453210186,33,10.257479380821968,14.46399458647665,0.40805709725499995,12.535526803053699,0.00177313061558233,n200__squared_error__boostrap_true__samples_0.85
9.129133605957032,1.028411931242115,1.3014160633087157,0.5062371334144133,True,squared_error,20,0.875,0.85,2,2,200,"{'bootstrap': True, 'criterion': 'squared_error', 'max_depth': 20, 'max_features': 0.875, 'max_samples': 0.85, 'min_samples_leaf': 2, 'min_samples_split': 2, 'n_estimators': 200}",-10.008934590458573,-10.233777374256253,-10.523809990181864,-10.12206489814009,-10.088638088780964,-10.195444988363548,0.17937191875747371,60,-14.22592730581447,-14.67666033049403,-15.019226785728053,-14.002490372689937,-14.248016619613596,-14.434464282868017,0.36481720662353667,51,-0.41467834491090305,-0.3835906751438087,-0.4259818731117825,-0.38324796625489604,-0.43158529234478604,-0.4078168303532353,0.020651995667259948,77,0.9291020913334038,-1.3367337432454263,1.386994423450928,-1.1650310929458785,0.604759941447358,0.08381832400807701,1.1190840722883577,34,-13.188579553318732,-11.597054109403613,-13.980412272739201,-11.685689936886632,-12.388510706807812,-12.5680493158312,0.9092250298280501,63,10.195444988363548,14.434464282868017,0.4078168303532353,12.5680493158312,0.08381832400807701,n200__squared_error__boostrap_true__samples_0.85
9.866951179504394,0.04263182962524878,0.3592528343200684,0.047326883691925,True,squared_error,20,0.875,0.85,2,4,200,"{'bootstrap': True, 'criterion': 'squared_error', 'max_depth': 20, 'max_features': 0.875, 'max_samples': 0.85, 'min_samples_leaf': 2, 'min_samples_split': 4, 'n_estimators': 200}",-10.008934590458573,-10.233777374256249,-10.523809990181864,-10.12206489814009,-10.088638088780964,-10.195444988363548,0.17937191875747355,60,-14.22592730581447,-14.67666033049403,-15.019226785728053,-14.002490372689937,-14.248016619613596,-14.434464282868017,0.36481720662353667,51,-0.41467834491090305,-0.3835906751438087,-0.4259818731117825,-0.38324796625489604,-0.43158529234478604,-0.4078168303532353,0.020651995667259948,77,0.9291020913334038,-1.336733743245426,1.3869944234509282,-1.165031092945879,0.6047599414473582,0.08381832400807705,1.1190840722883577,33,-13.18857955331873,-11.597054109403613,-13.980412272739201,-11.685689936886634,-12.388510706807812,-12.5680493158312,0.9092250298280496,63,10.195444988363548,14.434464282868017,0.4078168303532353,12.5680493158312,0.08381832400807705,n200__squared_error__boostrap_true__samples_0.85
9.751675653457642,0.18965978883107318,0.4524947166442871,0.17882681027648126,True,squared_error,20,0.875,0.85,2,8,200,"{'bootstrap': True, 'criterion': 'squared_error', 'max_depth': 20, 'max_features': 0.875, 'max_samples': 0.85, 'min_samples_leaf': 2, 'min_samples_split': 8, 'n_estimators': 200}",-10.033819750229613,-10.233315775979138,-10.508296259546702,-10.163877406325929,-10.06703944881928,-10.201269728180133,0.16896608469695548,65,-14.237375729816671,-14.598519306415046,-15.050285319764283,-14.023889937051608,-14.192696858308688,-14.42055343027126,0.3663464807800563,30,-0.4089398973119903,-0.38207689978807147,-0.4299093655589124,-0.3820427839710756,-0.4349005424954792,-0.40757389782510584,0.02258060790127191,66,0.8807878445801774,-1.383827897193585,1.4085147845911608,-1.2342754127323947,0.564817665173086,0.04720339688368891,1.1407010792143402,72,-13.345002122014483,-11.580768012531172,-13.859678340160341,-11.686651820479865,-12.223320133134672,-12.539084085664106,0.9097461627061022,35,10.201269728180133,14.42055343027126,0.40757389782510584,12.539084085664106,0.04720339688368891,n200__squared_error__boostrap_true__samples_0.85
8.627964687347411,0.986005399490596,1.07348690032959,0.6005808033305086,True,squared_error,20,0.875,0.85,3,2,200,"{'bootstrap': True, 'criterion': 'squared_error', 'max_depth': 20, 'max_features': 0.875, 'max_samples': 0.85, 'min_samples_leaf': 3, 'min_samples_split': 2, 'n_estimators': 200}",-10.016566985266067,-10.210994450995598,-10.505282076618858,-10.144694100466682,-9.993637721136164,-10.174235066896674,0.1840057982367768,45,-14.241289778221233,-14.653391952892097,-15.080389738217114,-13.991022604928398,-14.161359330232077,-14.425490680898184,0.393265716034912,34,-0.41498036846874053,-0.38207689978807147,-0.4268882175226586,-0.3796324194034348,-0.4321880650994575,-0.4071531940564726,0.022197721281107186,52,0.9491994398271852,-1.3356218057532618,1.4278691760192803,-1.1758433624621292,0.6260647364238769,0.0983336368109903,1.1357722232028031,7,-13.212391788021748,-11.614641777827032,-13.976903979558468,-11.812545872792505,-12.285973763662556,-12.580491436372462,0.889787913634999,78,10.174235066896674,14.425490680898184,0.4071531940564726,12.580491436372462,0.0983336368109903,n200__squared_error__boostrap_true__samples_0.85
8.690780735015869,0.4601304160641716,0.7145960330963135,0.43539308070968813,True,squared_error,20,0.875,0.85,3,4,200,"{'bootstrap': True, 'criterion': 'squared_error', 'max_depth': 20, 'max_features': 0.875, 'max_samples': 0.85, 'min_samples_leaf': 3, 'min_samples_split': 4, 'n_estimators': 200}",-10.016566985266069,-10.210994450995598,-10.50528207661886,-10.144694100466682,-9.993637721136164,-10.174235066896674,0.18400579823677712,45,-14.241289778221235,-14.653391952892097,-15.080389738217116,-13.991022604928396,-14.161359330232077,-14.425490680898184,0.3932657160349128,34,-0.41498036846874053,-0.38207689978807147,-0.4268882175226586,-0.3796324194034348,-0.4321880650994575,-0.4071531940564726,0.022197721281107186,52,0.949199439827185,-1.3356218057532607,1.42786917601928,-1.175843362462129,0.6260647364238769,0.09833363681099047,1.135772223202803,6,-13.21239178802175,-11.614641777827032,-13.97690397955847,-11.812545872792505,-12.28597376366256,-12.580491436372464,0.8897879136349995,79,10.174235066896674,14.425490680898184,0.4071531940564726,12.580491436372464,0.09833363681099047,n200__squared_error__boostrap_true__samples_0.85
8.93603868484497,0.15581123429197163,0.42379169464111327,0.14076417964557872,True,squared_error,20,0.875,0.85,3,8,200,"{'bootstrap': True, 'criterion': 'squared_error', 'max_depth': 20, 'max_features': 0.875, 'max_samples': 0.85, 'min_samples_leaf': 3, 'min_samples_split': 8, 'n_estimators': 200}",-10.01764451981957,-10.274577051704684,-10.565079475983461,-10.148151430514133,-10.069643096901247,-10.215019114984617,0.19526986907650637,72,-14.231030962446928,-14.749727878121856,-15.124928801813704,-14.020132137976054,-14.244362023996477,-14.474036360871002,0.4043507760853909,84,-0.41709453337360314,-0.38268240993036634,-0.4244712990936556,-0.38294667068394095,-0.43309222423146476,-0.4080574274626062,0.021223888122509308,85,0.9739682630364837,-1.349511966464545,1.3903813334634976,-1.2166820544850339,0.6137037386939374,0.08237186284886795,1.1424516496660957,37,-13.17640475164243,-11.661190655280132,-14.082767003298732,-11.661505452022261,-12.333801252785253,-12.583133823005761,0.9340679696351286,80,10.215019114984617,14.474036360871002,0.4080574274626062,12.583133823005761,0.08237186284886795,n200__squared_error__boostrap_true__samples_0.85
8.04959659576416,1.236460157721574,1.182929801940918,1.0891818248852168,True,squared_error,20,0.875,0.85,4,2,200,"{'bootstrap': True, 'criterion': 'squared_error', 'max_depth': 20, 'max_features': 0.875, 'max_samples': 0.85, 'min_samples_leaf': 4, 'min_samples_split': 2, 'n_estimators': 200}",-10.084493893112768,-10.326154795552494,-10.55637378461505,-10.141586818677993,-10.062671718696842,-10.234256202131029,0.1858293234156638,85,-14.323144434321222,-14.77034228374179,-15.147712226540795,-14.014799329468929,-14.21664279047047,-14.494528212908643,0.4097451077211342,95,-0.4143763213530655,-0.381774144716924,-0.4241691842900302,-0.3796324194034348,-0.43520192887281495,-0.40703079972725387,0.022493836032976743,45,0.9403194100540287,-1.3757676343399814,1.3970541834328811,-1.2448324127187782,0.6243457394645124,0.06822385717853255,1.1528087814351744,53,-13.302899725504833,-11.722097063237483,-14.090401201651943,-11.717590425943905,-12.278228506294798,-12.622243384526593,0.9344289210151538,94,10.234256202131029,14.494528212908643,0.40703079972725387,12.622243384526593,0.06822385717853255,n200__squared_error__boostrap_true__samples_0.85
7.9608964920043945,0.1174802791149391,1.5598593711853028,0.0824797429813733,True,squared_error,20,0.875,0.85,4,4,200,"{'bootstrap': True, 'criterion': 'squared_error', 'max_depth': 20, 'max_features': 0.875, 'max_samples': 0.85, 'min_samples_leaf': 4, 'min_samples_split': 4, 'n_estimators': 200}",-10.084493893112768,-10.326154795552496,-10.556373784615051,-10.141586818677993,-10.062671718696842,-10.234256202131029,0.18582932341566455,85,-14.323144434321222,-14.770342283741789,-15.147712226540795,-14.014799329468929,-14.21664279047047,-14.494528212908643,0.409745107721134,95,-0.4143763213530655,-0.381774144716924,-0.4241691842900302,-0.3796324194034348,-0.43520192887281495,-0.40703079972725387,0.022493836032976743,45,0.9403194100540286,-1.3757676343399814,1.3970541834328818,-1.244832412718779,0.6243457394645122,0.06822385717853244,1.1528087814351748,54,-13.302899725504833,-11.722097063237483,-14.090401201651943,-11.717590425943905,-12.278228506294798,-12.622243384526593,0.9344289210151538,94,10.234256202131029,14.494528212908643,0.40703079972725387,12.622243384526593,0.06822385717853244,n200__squared_error__boostrap_true__samples_0.85
8.516470241546632,0.12361935822288776,1.302840805053711,0.03200530192941431,True,squared_error,20,0.875,0.85,4,8,200,"{'bootstrap': True, 'criterion': 'squared_error', 'max_depth': 20, 'max_features': 0.875, 'max_samples': 0.85, 'min_samples_leaf': 4, 'min_samples_split': 8, 'n_estimators': 200}",-10.084493893112768,-10.326154795552494,-10.556373784615051,-10.141586818677993,-10.06267171869684,-10.234256202131029,0.18582932341566472,85,-14.32314443432122,-14.770342283741789,-15.147712226540795,-14.014799329468929,-14.216642790470468,-14.494528212908639,0.40974510772113437,94,-0.4143763213530655,-0.381774144716924,-0.4241691842900302,-0.3796324194034348,-0.43520192887281495,-0.40703079972725387,0.022493836032976743,45,0.9403194100540279,-1.3757676343399814,1.3970541834328811,-1.2448324127187789,0.624345739464513,0.06822385717853234,1.1528087814351746,55,-13.302899725504833,-11.722097063237483,-14.090401201651943,-11.717590425943905,-12.278228506294798,-12.622243384526593,0.9344289210151538,94,10.234256202131029,14.494528212908639,0.40703079972725387,12.622243384526593,0.06822385717853234,n200__squared_error__boostrap_true__samples_0.85
10.97253589630127,0.4503792672980253,2.842706632614136,0.7624758717444085,True,squared_error,20,1.0,0.85,1,2,200,"{'bootstrap': True, 'criterion': 'squared_error', 'max_depth': 20, 'max_features': 1.0, 'max_samples': 0.85, 'min_samples_leaf': 1, 'min_samples_split': 2, 'n_estimators': 200}",-9.942385495860288,-10.185682025411957,-10.490894373862076,-10.12938186398674,-10.03070744374015,-10.15581024057224,0.18712188029817856,29,-14.102165720496524,-14.70653460039461,-15.026911624629014,-14.003716530798252,-14.198660021078927,-14.407597699479464,0.3931861274941007,5,-0.4089398973119903,-0.3832879200726612,-0.4244712990936556,-0.38294667068394095,-0.4309825195901145,-0.40612566135047257,0.02010559019172661,16,0.8698930224364754,-1.2576964170358005,1.3779047965057565,-1.1867874285131295,0.5089849525146491,0.06245978518159021,1.0849110318067947,66,-13.219887065760926,-11.646578382490697,-13.98068514374289,-11.676031050879986,-12.22751726250819,-12.550139781076538,0.9142861721251098,45,10.15581024057224,14.407597699479464,0.40612566135047257,12.550139781076538,0.06245978518159021,n200__squared_error__boostrap_true__samples_0.85
11.143446445465088,0.2934114913722201,1.4546509742736817,0.2809841240871609,True,squared_error,20,1.0,0.85,1,4,200,"{'bootstrap': True, 'criterion': 'squared_error', 'max_depth': 20, 'max_features': 1.0, 'max_samples': 0.85, 'min_samples_leaf': 1, 'min_samples_split': 4, 'n_estimators': 200}",-9.983263560032192,-10.184913816010853,-10.481640398339366,-10.168325807057663,-10.037607241656673,-10.17115016461935,0.17305299118332482,44,-14.144866877500814,-14.739886038796309,-15.015391314276261,-14.038163159567901,-14.210597421230444,-14.429780962274346,0.37991751910645205,41,-0.4143763213530655,-0.38207689978807147,-0.4280966767371601,-0.3841518529677614,-0.4294755877034358,-0.4076354677098989,0.020716233149874346,67,0.8511326211746342,-1.3069107760565501,1.3512583033307524,-1.1519681656675727,0.4983531075678962,0.048373018069831984,1.0790762946028247,71,-13.073136208445991,-11.61808400989266,-13.820358046057901,-11.735408239911257,-12.266075943413023,-12.502612489544166,0.835331454593482,10,10.17115016461935,14.429780962274346,0.4076354677098989,12.502612489544166,0.048373018069831984,n200__squared_error__boostrap_true__samples_0.85
10.63769211769104,0.1133415236960901,1.3998503684997559,0.13655599984835223,True,squared_error,20,1.0,0.85,1,8,200,"{'bootstrap': True, 'criterion': 'squared_error', 'max_depth': 20, 'max_features': 1.0, 'max_samples': 0.85, 'min_samples_leaf': 1, 'min_samples_split': 8, 'n_estimators': 200}",-10.041913832528586,-10.221802925296908,-10.538309086609381,-10.130506369016253,-10.092917730400572,-10.20508998877034,0.17668394339114976,66,-14.203492966420885,-14.752942418401433,-15.108340009711275,-14.00596955118852,-14.234476119673488,-14.461044213079123,0.4071744353732348,78,-0.4107520386590154,-0.3835906751438087,-0.429607250755287,-0.38354926182585114,-0.43309222423146476,-0.40811829012308537,0.02143665315899119,86,0.8594343510950851,-1.3189765857081222,1.3150134910948563,-1.240796927108887,0.4741033210164297,0.017755530077872405,1.092736180267671,80,-13.269986704403667,-11.604591712573702,-13.795533661111474,-11.588745340805398,-12.199504470633826,-12.491672377905614,0.893686618882392,4,10.20508998877034,14.461044213079123,0.40811829012308537,12.491672377905614,0.017755530077872405,n200__squared_error__boostrap_true__samples_0.85
8.971829271316528,1.0188491200165972,2.489404630661011,0.5547924784527145,True,squared_error,20,1.0,0.85,2,2,200,"{'bootstrap': True, 'criterion': 'squared_error', 'max_depth': 20, 'max_features': 1.0, 'max_samples': 0.85, 'min_samples_leaf': 2, 'min_samples_split': 2, 'n_estimators': 200}",-9.91431093985059,-10.143084900186809,-10.444655121333115,-10.065812686588801,-10.003963417823803,-10.114365413156623,0.18137467319500872,3,-14.145407386403772,-14.70617601734995,-15.021457072395556,-13.922014328215988,-14.199639029829301,-14.398938766838913,0.40333093981194557,1,-0.40924192086982786,-0.38086587950348166,-0.42779456193353477,-0.3820427839710756,-0.43158529234478604,-0.40630608772454124,0.02165790354435792,24,0.91725791885256,-1.2770562903269311,1.3685825684241844,-1.1619187167578078,0.5867291779463303,0.08671893162766715,1.0956238836433163,26,-13.233699074231048,-11.639305444502059,-13.807138684003055,-11.65300634300831,-12.26952445278118,-12.520534799705128,0.8667329267385493,20,10.114365413156623,14.398938766838913,0.40630608772454124,12.520534799705128,0.08671893162766715,n200__squared_error__boostrap_true__samples_0.85
10.19300971031189,0.0990243597656912,1.4583625793457031,0.09742188209693449,True,squared_error,20,1.0,0.85,2,4,200,"{'bootstrap': True, 'criterion': 'squared_error', 'max_depth': 20, 'max_features': 1.0, 'max_samples': 0.85, 'min_samples_leaf': 2, 'min_samples_split': 4, 'n_estimators': 200}",-9.91431093985059,-10.14308490018681,-10.444655121333115,-10.065812686588803,-10.003963417823803,-10.114365413156623,0.1813746731950087,3,-14.145407386403773,-14.70617601734995,-15.021457072395556,-13.922014328215988,-14.199639029829303,-14.398938766838913,0.4033309398119452,1,-0.40924192086982786,-0.38086587950348166,-0.42779456193353477,-0.3820427839710756,-0.43158529234478604,-0.40630608772454124,0.02165790354435792,24,0.9172579188525607,-1.2770562903269311,1.3685825684241848,-1.1619187167578067,0.5867291779463303,0.0867189316276676,1.0956238836433163,25,-13.233699074231044,-11.639305444502059,-13.807138684003059,-11.65300634300831,-12.26952445278118,-12.520534799705128,0.8667329267385498,20,10.114365413156623,14.398938766838913,0.40630608772454124,12.520534799705128,0.0867189316276676,n200__squared_error__boostrap_true__samples_0.85
9.900150537490845,0.11292971477633774,1.426147985458374,0.038667330303295146,True,squared_error,20,1.0,0.85,2,8,200,"{'bootstrap': True, 'criterion': 'squared_error', 'max_depth': 20, 'max_features': 1.0, 'max_samples': 0.85, 'min_samples_leaf': 2, 'min_samples_split': 8, 'n_estimators': 200}",-9.960887727167666,-10.172744529866605,-10.451139977363345,-10.141554158665151,-10.043848318141134,-10.15403494224078,0.16626735057968983,24,-14.163181631117299,-14.685548584174313,-15.026357073157778,-14.030614890841992,-14.220858641743801,-14.425312164207037,0.3729014812736267,33,-0.41165810933252794,-0.38298516500151375,-0.42779456193353477,-0.38234407954203076,-0.4267631103074141,-0.4063090052234043,0.020134208016767026,26,0.9114484320494529,-1.2418826921726718,1.336047035688089,-1.1543944269949131,0.5459455994660638,0.07943278960720415,1.0730487218485227,43,-13.205541094338914,-11.659540177827298,-13.776691035734551,-11.752712036805956,-12.40711024668809,-12.560318918278963,0.8225541800885596,57,10.15403494224078,14.425312164207037,0.4063090052234043,12.560318918278963,0.07943278960720415,n200__squared_error__boostrap_true__samples_0.85
8.971709823608398,0.8376357998669071,2.1887937068939207,0.6374019465431846,True,squared_error,20,1.0,0.85,3,2,200,"{'bootstrap': True, 'criterion': 'squared_error', 'max_depth': 20, 'max_features': 1.0, 'max_samples': 0.85, 'min_samples_leaf': 3, 'min_samples_split': 2, 'n_estimators': 200}",-9.907350792600845,-10.180095554673105,-10.41834892259207,-10.090412267124783,-9.977657897159677,-10.114773086830095,0.17823767602955218,5,-14.141164269465124,-14.733463308743877,-15.00463915332582,-13.990044146969241,-14.192340864586008,-14.412330348618013,0.38838335440241445,13,-0.41407429779522803,-0.381774144716924,-0.4268882175226586,-0.3820427839710756,-0.43128390596745025,-0.4072126699946673,0.021420902122011826,56,0.9654081342194744,-1.2802093792590412,1.3441257028782987,-1.220089575260961,0.6249366579862411,0.08683430811280235,1.1152655502907247,23,-13.128995188439852,-11.655957191670366,-13.776996111219715,-11.609069800589918,-12.291896832276086,-12.492583024839188,0.8456418590016309,5,10.114773086830095,14.412330348618013,0.4072126699946673,12.492583024839188,0.08683430811280235,n200__squared_error__boostrap_true__samples_0.85
8.40905041694641,0.17233206174325194,1.763930654525757,0.44821412459607346,True,squared_error,20,1.0,0.85,3,4,200,"{'bootstrap': True, 'criterion': 'squared_error', 'max_depth': 20, 'max_features': 1.0, 'max_samples': 0.85, 'min_samples_leaf': 3, 'min_samples_split': 4, 'n_estimators': 200}",-9.907350792600845,-10.180095554673105,-10.41834892259207,-10.090412267124783,-9.977657897159679,-10.114773086830096,0.1782376760295519,6,-14.141164269465124,-14.733463308743877,-15.00463915332582,-13.990044146969241,-14.192340864586008,-14.412330348618013,0.38838335440241445,13,-0.41407429779522803,-0.381774144716924,-0.4268882175226586,-0.3820427839710756,-0.43128390596745025,-0.4072126699946673,0.021420902122011826,56,0.9654081342194747,-1.2802093792590412,1.3441257028782982,-1.2200895752609608,0.6249366579862409,0.08683430811280235,1.1152655502907247,23,-13.128995188439852,-11.655957191670366,-13.776996111219715,-11.609069800589916,-12.291896832276086,-12.492583024839188,0.8456418590016312,5,10.114773086830096,14.412330348618013,0.4072126699946673,12.492583024839188,0.08683430811280235,n200__squared_error__boostrap_true__samples_0.85
8.378778171539306,0.3681855343799939,1.4695813655853271,0.20211117708419044,True,squared_error,20,1.0,0.85,3,8,200,"{'bootstrap': True, 'criterion': 'squared_error', 'max_depth': 20, 'max_features': 1.0, 'max_samples': 0.85, 'min_samples_leaf': 3, 'min_samples_split': 8, 'n_estimators': 200}",-9.971376745165998,-10.171636847797004,-10.469405434627237,-10.057323953658646,-9.954650230356224,-10.124878642321022,0.18867390971019998,13,-14.193157304584485,-14.728228725170075,-15.046045249969191,-13.952834219107622,-14.161606813857064,-14.416374462537686,0.4057931476416927,24,-0.41256418000604045,-0.3838934302149561,-0.42477341389728096,-0.377523350406749,-0.43037974683544306,-0.40582682427209393,0.02139799819994739,10,0.926787039266871,-1.1900269970069868,1.36128446055202,-1.2204586830562612,0.5991034807540528,0.0953378601019392,1.0891456920131377,11,-13.207840516199571,-11.698051000457188,-13.925883198095072,-11.703733373156151,-12.260978576142822,-12.55929733281016,0.8775983366605957,56,10.124878642321022,14.416374462537686,0.40582682427209393,12.55929733281016,0.0953378601019392,n200__squared_error__boostrap_true__samples_0.85
8.175235843658447,0.707994884344345,1.5452043056488036,0.5109999267921838,True,squared_error,20,1.0,0.85,4,2,200,"{'bootstrap': True, 'criterion': 'squared_error', 'max_depth': 20, 'max_features': 1.0, 'max_samples': 0.85, 'min_samples_leaf': 4, 'min_samples_split': 2, 'n_estimators': 200}",-9.974616726007431,-10.159736836377787,-10.506902998733594,-10.104896661588107,-10.026081578001266,-10.154446960141637,0.18736331468997844,25,-14.192193051507145,-14.684217911856937,-15.109445911299618,-13.992935657506457,-14.21515949899928,-14.438790406233887,0.40487552704082325,55,-0.412866203563878,-0.3802603693611868,-0.4244712990936556,-0.3817414884001205,-0.43158529234478604,-0.40618493055272537,0.02141856110887668,18,0.918291696301664,-1.3118798386000352,1.405777808448237,-1.135984967919201,0.6038966171976892,0.0960202630856708,1.1090133555673136,10,-13.191814113484059,-11.633945725979263,-14.032374900986428,-11.747363027342978,-12.315037587873654,-12.584107071133277,0.9101794460187855,81,10.154446960141637,14.438790406233887,0.40618493055272537,12.584107071133277,0.0960202630856708,n200__squared_error__boostrap_true__samples_0.85
7.641386079788208,0.4192238015020945,2.626361608505249,0.13639099984606487,True,squared_error,20,1.0,0.85,4,4,200,"{'bootstrap': True, 'criterion': 'squared_error', 'max_depth': 20, 'max_features': 1.0, 'max_samples': 0.85, 'min_samples_leaf': 4, 'min_samples_split': 4, 'n_estimators': 200}",-9.974616726007431,-10.159736836377787,-10.506902998733592,-10.104896661588109,-10.026081578001266,-10.154446960141637,0.18736331468997766,25,-14.192193051507143,-14.684217911856939,-15.109445911299618,-13.992935657506457,-14.21515949899928,-14.438790406233887,0.4048755270408237,55,-0.412866203563878,-0.3802603693611868,-0.4244712990936556,-0.3817414884001205,-0.43158529234478604,-0.40618493055272537,0.02141856110887668,18,0.9182916963016639,-1.3118798386000363,1.4057778084482377,-1.1359849679191998,0.6038966171976892,0.09602026308567094,1.1090133555673136,9,-13.191814113484057,-11.633945725979263,-14.032374900986428,-11.74736302734298,-12.315037587873652,-12.584107071133277,0.9101794460187851,81,10.154446960141637,14.438790406233887,0.40618493055272537,12.584107071133277,0.09602026308567094,n200__squared_error__boostrap_true__samples_0.85
8.120742559432983,0.3568916163121496,2.4532628059387207,0.18039428897576512,True,squared_error,20,1.0,0.85,4,8,200,"{'bootstrap': True, 'criterion': 'squared_error', 'max_depth': 20, 'max_features': 1.0, 'max_samples': 0.85, 'min_samples_leaf': 4, 'min_samples_split': 8, 'n_estimators': 200}",-9.974616726007431,-10.159736836377787,-10.506902998733592,-10.104896661588107,-10.026081578001266,-10.154446960141637,0.18736331468997774,25,-14.192193051507145,-14.684217911856939,-15.109445911299618,-13.992935657506456,-14.21515949899928,-14.438790406233888,0.40487552704082386,57,-0.412866203563878,-0.3802603693611868,-0.4244712990936556,-0.3817414884001205,-0.43158529234478604,-0.40618493055272537,0.02141856110887668,18,0.9182916963016634,-1.3118798386000359,1.405777808448238,-1.1359849679191998,0.6038966171976899,0.09602026308567113,1.1090133555673136,8,-13.191814113484057,-11.633945725979263,-14.032374900986428,-11.747363027342978,-12.315037587873654,-12.584107071133277,0.9101794460187853,81,10.154446960141637,14.438790406233888,0.40618493055272537,12.584107071133277,0.09602026308567113,n200__squared_error__boostrap_true__samples_0.85
10.53107213973999,0.1694160224078049,1.816781187057495,0.3732703724267151,True,squared_error,22,0.875,0.85,1,2,200,"{'bootstrap': True, 'criterion': 'squared_error', 'max_depth': 22, 'max_features': 0.875, 'max_samples': 0.85, 'min_samples_leaf': 1, 'min_samples_split': 2, 'n_estimators': 200}",-10.06761751772792,-10.25123735891275,-10.517099766971201,-10.20832354693541,-10.080624027644431,-10.224980443638342,0.16242071429571003,77,-14.2236285374181,-14.656551454997185,-15.052160426241167,-14.060853179534599,-14.200632106200626,-14.438765140878335,0.36592163248507625,54,-0.41226215644820297,-0.3814713896457766,-0.42658610271903324,-0.38716480867731246,-0.43670886075949367,-0.4088386636499638,0.021550700495203207,94,0.8372505313719205,-1.411885101952504,1.364856554318679,-1.2864168348404499,0.5189316499273934,0.004547359765007797,1.1385338242773273,86,-13.225647659549294,-11.585865279658607,-13.92679724627107,-11.52210442702069,-12.135723167074985,-12.479227555914928,0.9470773025684638,3,10.224980443638342,14.438765140878335,0.4088386636499638,12.479227555914928,0.004547359765007797,n200__squared_error__boostrap_true__samples_0.85
8.70224928855896,0.11339642691915178,2.442280626296997,0.18835014676584244,True,squared_error,22,0.875,0.85,1,4,200,"{'bootstrap': True, 'criterion': 'squared_error', 'max_depth': 22, 'max_features': 0.875, 'max_samples': 0.85, 'min_samples_leaf': 1, 'min_samples_split': 4, 'n_estimators': 200}",-10.010713848142283,-10.245705783238744,-10.54307092702511,-10.192179462485967,-10.075126844848883,-10.213359373148197,0.18459578993372366,69,-14.206229603097636,-14.626498856083812,-15.050411273913973,-14.03240900848788,-14.176271658063039,-14.418364079929267,0.3729275625710319,27,-0.412866203563878,-0.3823796548592189,-0.42658610271903324,-0.3841518529677614,-0.4361060880048222,-0.4084179804229427,0.021832718558056692,88,0.86219146285081,-1.4093182174559562,1.2935766667201822,-1.2869525179651957,0.5545684872916096,0.002813176288289987,1.1284188912047393,87,-13.16758942381058,-11.554468776635211,-13.873691053575396,-11.59076401131939,-12.187052215633088,-12.474713096194733,0.9108437083436894,2,10.213359373148197,14.418364079929267,0.4084179804229427,12.474713096194733,0.002813176288289987,n200__squared_error__boostrap_true__samples_0.85
7.478975105285644,0.08598815416630963,2.5903446674346924,0.042886841298871055,True,squared_error,22,0.875,0.85,1,8,200,"{'bootstrap': True, 'criterion': 'squared_error', 'max_depth': 22, 'max_features': 0.875, 'max_samples': 0.85, 'min_samples_leaf': 1, 'min_samples_split': 8, 'n_estimators': 200}",-10.107127272681593,-10.285262974372277,-10.544659993572866,-10.263225304809753,-10.094766585547045,-10.259008426196706,0.16269429511981492,95,-14.273389925671289,-14.712624128915861,-15.081872961989234,-14.088522679597594,-14.183620690080566,-14.468006077250909,0.37401301778544677,81,-0.41165810933252794,-0.38661822585528305,-0.42658610271903324,-0.3841518529677614,-0.43520192887281495,-0.4088432439494841,0.02059674242800602,95,0.8207050412534356,-1.4206449537566315,1.3259383281125416,-1.3107135256780644,0.4900992961323988,-0.01892316278726398,1.1319256278878391,94,-13.272946732002524,-11.464304354774267,-13.913484576762993,-11.652308468603168,-12.160867380682964,-12.492782302565184,0.9488289792059709,7,10.259008426196706,14.468006077250909,0.4088432439494841,12.492782302565184,-0.01892316278726398,n200__squared_error__boostrap_true__samples_0.85
8.714455604553223,0.21103380590490678,1.848057508468628,0.2636425605329597,True,squared_error,22,0.875,0.85,2,2,200,"{'bootstrap': True, 'criterion': 'squared_error', 'max_depth': 22, 'max_features': 0.875, 'max_samples': 0.85, 'min_samples_leaf': 2, 'min_samples_split': 2, 'n_estimators': 200}",-9.99835124642675,-10.231841194462298,-10.558635992574391,-10.160465111570032,-10.02891533432782,-10.195641775872257,0.2005162618322231,62,-14.164815147751504,-14.672894968441604,-15.116600956522785,-14.02527014024415,-14.178539790132309,-14.431624200618469,0.4068825755523958,46,-0.41165810933252794,-0.3832879200726612,-0.4259818731117825,-0.3838505573968063,-0.4336949969861362,-0.4076946913799828,0.020930259435694376,68,0.9186305816146894,-1.3160637322475581,1.4041996438511037,-1.2889623543910798,0.6452360278698733,0.07260803333940571,1.148832135934427,48,-13.259767730244022,-11.630652826893874,-14.041484381761839,-11.555933144064733,-12.306057755306444,-12.558779167654183,0.9613310023634031,54,10.195641775872257,14.431624200618469,0.4076946913799828,12.558779167654183,0.07260803333940571,n200__squared_error__boostrap_true__samples_0.85
7.51824049949646,0.1816287676539576,2.3329840660095216,0.1345752795618635,True,squared_error,22,0.875,0.85,2,4,200,"{'bootstrap': True, 'criterion': 'squared_error', 'max_depth': 22, 'max_features': 0.875, 'max_samples': 0.85, 'min_samples_leaf': 2, 'min_samples_split': 4, 'n_estimators': 200}",-9.99835124642675,-10.231841194462298,-10.558635992574391,-10.16046511157003,-10.02891533432782,-10.195641775872257,0.20051626183222315,62,-14.164815147751504,-14.672894968441602,-15.116600956522785,-14.02527014024415,-14.178539790132309,-14.431624200618469,0.4068825755523956,46,-0.41165810933252794,-0.3832879200726612,-0.4259818731117825,-0.3838505573968063,-0.4336949969861362,-0.4076946913799828,0.020930259435694376,68,0.9186305816146889,-1.316063732247557,1.4041996438511044,-1.2889623543910793,0.6452360278698739,0.07260803333940617,1.1488321359344267,47,-13.259767730244022,-11.630652826893874,-14.041484381761839,-11.555933144064735,-12.306057755306444,-12.558779167654183,0.9613310023634026,54,10.195641775872257,14.431624200618469,0.4076946913799828,12.558779167654183,0.07260803333940617,n200__squared_error__boostrap_true__samples_0.85
6.767569589614868,0.4132989271113297,2.5382333278656004,0.1706672132650767,True,squared_error,22,0.875,0.85,2,8,200,"{'bootstrap': True, 'criterion': 'squared_error', 'max_depth': 22, 'max_features': 0.875, 'max_samples': 0.85, 'min_samples_leaf': 2, 'min_samples_split': 8, 'n_estimators': 200}",-10.035892300200647,-10.24366893293378,-10.544439169562665,-10.176499597964236,-10.08170098358945,-10.216440196850154,0.1792608045185643,73,-14.223945992500735,-14.686301013597383,-15.044654819504656,-14.01243860034721,-14.23517393874723,-14.440502872939442,0.3735537914788736,58,-0.41165810933252794,-0.3796548592188919,-0.42749244712990936,-0.38053630611630007,-0.4306811332127788,-0.4060045710020816,0.02211589413081281,12,0.9242762162909232,-1.3714011769695225,1.3850197533760416,-1.2946002321769865,0.542019592314826,0.03706283056705635,1.150322925268719,75,-13.312222288372555,-11.68464928147924,-13.952830047677427,-11.670239111262026,-12.333626616812587,-12.590713469120768,0.9066703430761038,88,10.216440196850154,14.440502872939442,0.4060045710020816,12.590713469120768,0.03706283056705635,n200__squared_error__boostrap_true__samples_0.85
7.423816347122193,0.24313499033164518,1.7676058769226075,0.39592488446587915,True,squared_error,22,0.875,0.85,3,2,200,"{'bootstrap': True, 'criterion': 'squared_error', 'max_depth': 22, 'max_features': 0.875, 'max_samples': 0.85, 'min_samples_leaf': 3, 'min_samples_split': 2, 'n_estimators': 200}",-9.971545955910535,-10.18555655497953,-10.481332640685196,-10.1378948279836,-10.033958823757043,-10.16205776066318,0.17650868253412622,38,-14.201294776012704,-14.604917486948354,-15.06863214474367,-14.01727290501231,-14.178879698732167,-14.414199402289842,0.38023939544059354,18,-0.4158864391422531,-0.3823796548592189,-0.4280966767371601,-0.38053630611630007,-0.43158529234478604,-0.4076968738399437,0.022056905915096837,70,0.9537623803634137,-1.3681828449939755,1.4020957965979064,-1.1852530274200987,0.6601214183968689,0.09250874458882294,1.1441376914757782,17,-13.134965832027248,-11.529606240729333,-13.87937478031301,-11.763190077620846,-12.389301062662947,-12.539287598670677,0.8711998599442566,36,10.16205776066318,14.414199402289842,0.4076968738399437,12.539287598670677,0.09250874458882294,n200__squared_error__boostrap_true__samples_0.85
6.761616611480713,0.39465233186599297,2.074743461608887,0.35408160688118767,True,squared_error,22,0.875,0.85,3,4,200,"{'bootstrap': True, 'criterion': 'squared_error', 'max_depth': 22, 'max_features': 0.875, 'max_samples': 0.85, 'min_samples_leaf': 3, 'min_samples_split': 4, 'n_estimators': 200}",-9.971545955910534,-10.185556554979534,-10.481332640685194,-10.137894827983601,-10.033958823757045,-10.162057760663183,0.17650868253412574,39,-14.201294776012704,-14.604917486948354,-15.06863214474367,-14.01727290501231,-14.178879698732167,-14.414199402289842,0.38023939544059354,18,-0.4158864391422531,-0.3823796548592189,-0.4280966767371601,-0.38053630611630007,-0.43158529234478604,-0.4076968738399437,0.022056905915096837,70,0.9537623803634133,-1.3681828449939755,1.4020957965979066,-1.1852530274200983,0.6601214183968681,0.09250874458882286,1.144137691475778,18,-13.134965832027248,-11.529606240729333,-13.87937478031301,-11.763190077620848,-12.389301062662947,-12.539287598670677,0.8711998599442563,36,10.162057760663183,14.414199402289842,0.4076968738399437,12.539287598670677,0.09250874458882286,n200__squared_error__boostrap_true__samples_0.85
6.251835060119629,0.21119946537247883,2.5071465015411376,0.15219233223272263,True,squared_error,22,0.875,0.85,3,8,200,"{'bootstrap': True, 'criterion': 'squared_error', 'max_depth': 22, 'max_features': 0.875, 'max_samples': 0.85, 'min_samples_leaf': 3, 'min_samples_split': 8, 'n_estimators': 200}",-10.058668404751128,-10.255115339892539,-10.550873699803855,-10.14688192466583,-10.062276856832971,-10.214763245189264,0.18266039569076137,71,-14.286270149411989,-14.710128491573261,-15.123773127748274,-14.014649527319678,-14.219423384195402,-14.47084893604972,0.39723210920677077,82,-0.4158864391422531,-0.3832879200726612,-0.4259818731117825,-0.38294667068394095,-0.43399638336347196,-0.40841985727482194,0.021442156768530955,89,0.8939820428881802,-1.3503603238383655,1.4115666825382158,-1.1937532100851056,0.6155312371688341,0.0753932857343518,1.1305487242313181,46,-13.167837920164759,-11.616274019757872,-14.041020448777395,-11.689785288628418,-12.301724741631249,-12.563328483791938,0.9249250338943354,60,10.214763245189264,14.47084893604972,0.40841985727482194,12.563328483791938,0.0753932857343518,n200__squared_error__boostrap_true__samples_0.85
6.849111270904541,0.31709485832782874,1.8155670642852784,0.4222493552515372,True,squared_error,22,0.875,0.85,4,2,200,"{'bootstrap': True, 'criterion': 'squared_error', 'max_depth': 22, 'max_features': 0.875, 'max_samples': 0.85, 'min_samples_leaf': 4, 'min_samples_split': 2, 'n_estimators': 200}",-10.070501497116302,-10.29292508310875,-10.583182723931886,-10.159202683816893,-10.07063643020623,-10.235289683636012,0.19204503564613687,88,-14.321986743764251,-14.729374371197235,-15.157129768245293,-14.03554125813581,-14.196748555900763,-14.488156139448671,0.40573460043492354,86,-0.41226215644820297,-0.38207689978807147,-0.42356495468277944,-0.38294667068394095,-0.43640747438215793,-0.40745163119703054,0.021751281733889325,61,0.9139609928253757,-1.4165998842211884,1.415610656521231,-1.2313103553143652,0.6787728784869246,0.07208685765959552,1.1659252716770436,49,-13.322181430108753,-11.61588832485167,-14.164053526854428,-11.656835026868569,-12.315794228675374,-12.61495050747176,0.99050499651954,92,10.235289683636012,14.488156139448671,0.40745163119703054,12.61495050747176,0.07208685765959552,n200__squared_error__boostrap_true__samples_0.85
6.481052589416504,0.5078371158721953,1.729927158355713,0.3785689341902369,True,squared_error,22,0.875,0.85,4,4,200,"{'bootstrap': True, 'criterion': 'squared_error', 'max_depth': 22, 'max_features': 0.875, 'max_samples': 0.85, 'min_samples_leaf': 4, 'min_samples_split': 4, 'n_estimators': 200}",-10.070501497116302,-10.29292508310875,-10.583182723931886,-10.159202683816897,-10.07063643020623,-10.235289683636013,0.19204503564613656,89,-14.321986743764251,-14.729374371197236,-15.157129768245293,-14.03554125813581,-14.196748555900763,-14.488156139448671,0.40573460043492376,86,-0.41226215644820297,-0.38207689978807147,-0.42356495468277944,-0.38294667068394095,-0.43640747438215793,-0.40745163119703054,0.021751281733889325,61,0.9139609928253758,-1.416599884221188,1.41561065652123,-1.2313103553143656,0.6787728784869248,0.07208685765959541,1.1659252716770434,50,-13.322181430108753,-11.61588832485167,-14.164053526854428,-11.656835026868567,-12.315794228675374,-12.614950507471757,0.9905049965195404,91,10.235289683636013,14.488156139448671,0.40745163119703054,12.614950507471757,0.07208685765959541,n200__squared_error__boostrap_true__samples_0.85
6.162695980072021,0.19492315446458938,3.3235105991363527,0.5138263921185227,True,squared_error,22,0.875,0.85,4,8,200,"{'bootstrap': True, 'criterion': 'squared_error', 'max_depth': 22, 'max_features': 0.875, 'max_samples': 0.85, 'min_samples_leaf': 4, 'min_samples_split': 8, 'n_estimators': 200}",-10.070501497116302,-10.29292508310875,-10.583182723931888,-10.159202683816893,-10.07063643020623,-10.235289683636013,0.1920450356461375,89,-14.321986743764251,-14.729374371197235,-15.157129768245293,-14.035541258135812,-14.19674855590076,-14.488156139448668,0.4057346004349237,85,-0.41226215644820297,-0.38207689978807147,-0.42356495468277944,-0.38294667068394095,-0.43640747438215793,-0.40745163119703054,0.021751281733889325,61,0.9139609928253748,-1.4165998842211889,1.41561065652123,-1.2313103553143647,0.6787728784869245,0.07208685765959515,1.1659252716770434,51,-13.322181430108753,-11.61588832485167,-14.164053526854428,-11.656835026868569,-12.315794228675374,-12.61495050747176,0.99050499651954,92,10.235289683636013,14.488156139448668,0.40745163119703054,12.61495050747176,0.07208685765959515,n200__squared_error__boostrap_true__samples_0.85
11.934286546707153,0.5061374370600763,2.309318017959595,0.4571024022980436,True,squared_error,22,1.0,0.85,1,2,200,"{'bootstrap': True, 'criterion': 'squared_error', 'max_depth': 22, 'max_features': 1.0, 'max_samples': 0.85, 'min_samples_leaf': 1, 'min_samples_split': 2, 'n_estimators': 200}",-9.978569726614479,-10.195894476506712,-10.46234912091544,-10.134360523150715,-10.068028013844609,-10.16784037220639,0.16396903383966946,41,-14.153728228465654,-14.73505621547512,-15.00465011072669,-13.993631637501744,-14.213109498114001,-14.420035138056642,0.38381518503960843,29,-0.41165810933252794,-0.37844383893430217,-0.42477341389728096,-0.38234407954203076,-0.42977697408077153,-0.40539928315738266,0.021292909847094976,5,0.8435848131062388,-1.2319387748972712,1.3140395094555313,-1.2346620867371432,0.480772977628514,0.034359287711173934,1.0682358012716873,77,-13.14459049193518,-11.843178272966394,-13.861965279704094,-11.63833692295376,-12.27241293468016,-12.552096780447918,0.8345717302301336,47,10.16784037220639,14.420035138056642,0.40539928315738266,12.552096780447918,0.034359287711173934,n200__squared_error__boostrap_true__samples_0.85
11.837979936599732,0.30757359027175607,1.6482356071472168,0.19620759738795732,True,squared_error,22,1.0,0.85,1,4,200,"{'bootstrap': True, 'criterion': 'squared_error', 'max_depth': 22, 'max_features': 1.0, 'max_samples': 0.85, 'min_samples_leaf': 1, 'min_samples_split': 4, 'n_estimators': 200}",-10.005174688795627,-10.17812588673829,-10.516031025185908,-10.133337836290234,-10.072208434065178,-10.180975574215045,0.17735606677485202,50,-14.175086697974537,-14.68911648346898,-15.044781992064504,-14.00910609720391,-14.23519509437604,-14.430657273017596,0.3808352688364462,44,-0.4119601328903654,-0.3802603693611868,-0.42507552870090637,-0.3808376016872552,-0.43399638336347196,-0.40642600320063715,0.022261913400969807,28,0.8407960896414971,-1.2508532228419968,1.333618784081641,-1.247520151120928,0.5026638359406119,0.03574106714016503,1.081915084534804,76,-13.163859694796672,-11.73836847486045,-13.938287444447614,-11.666150671312073,-12.183134094402506,-12.537960075963863,0.8806777975587995,34,10.180975574215045,14.430657273017596,0.40642600320063715,12.537960075963863,0.03574106714016503,n200__squared_error__boostrap_true__samples_0.85
8.776735401153564,1.5521490816067267,2.4305315017700195,0.8376624225237055,True,squared_error,22,1.0,0.85,1,8,200,"{'bootstrap': True, 'criterion': 'squared_error', 'max_depth': 22, 'max_features': 1.0, 'max_samples': 0.85, 'min_samples_leaf': 1, 'min_samples_split': 8, 'n_estimators': 200}",-10.014906788029373,-10.216714507740143,-10.49083433915822,-10.129278761938549,-10.06357032220088,-10.183060943813434,0.1681091175963128,53,-14.154187222206684,-14.730894942189012,-15.048668029235769,-13.979094881658968,-14.231180637548809,-14.428805142567848,0.3980447239287783,40,-0.4110540622168529,-0.3835906751438087,-0.4241691842900302,-0.3820427839710756,-0.4309825195901145,-0.40636784504237633,0.02027431171812359,27,0.8242063840659873,-1.3545782598931413,1.2970652630759798,-1.2703684242681104,0.4939383341253812,-0.0019473405787806652,1.1003970895097797,92,-13.184534795300422,-11.551553285966317,-13.895280514029627,-11.59413383703793,-12.24818661597571,-12.494737809662002,0.9163854866274,8,10.183060943813434,14.428805142567848,0.40636784504237633,12.494737809662002,-0.0019473405787806652,n200__squared_error__boostrap_true__samples_0.85
9.233094263076783,0.7483223070833348,2.596376371383667,0.5190249961714599,True,squared_error,22,1.0,0.85,2,2,200,"{'bootstrap': True, 'criterion': 'squared_error', 'max_depth': 22, 'max_features': 1.0, 'max_samples': 0.85, 'min_samples_leaf': 2, 'min_samples_split': 2, 'n_estimators': 200}",-9.921617602484678,-10.177830711656677,-10.455286815679232,-10.078952975167898,-10.02189195425118,-10.131116011847933,0.18210405482260236,16,-14.139175835856125,-14.757161533522947,-15.003006582960461,-13.973048328260779,-14.204497495916359,-14.415377955303336,0.39459779428699254,22,-0.4077318030806403,-0.3814713896457766,-0.42779456193353477,-0.38264537511298585,-0.4309825195901145,-0.40612512987261046,0.021209155093744835,14,0.896092519204125,-1.222218951565564,1.3517208000570546,-1.1483955211697614,0.5949967842451978,0.09443912615421039,1.0725847093267316,15,-13.265717856633936,-11.73824827126228,-13.79985706500251,-11.669496137724336,-12.317075816199642,-12.55807902936454,0.8441030713904668,52,10.131116011847933,14.415377955303336,0.40612512987261046,12.55807902936454,0.09443912615421039,n200__squared_error__boostrap_true__samples_0.85
10.451628255844117,0.15675383396034037,1.4599604606628418,0.16360216074394027,True,squared_error,22,1.0,0.85,2,4,200,"{'bootstrap': True, 'criterion': 'squared_error', 'max_depth': 22, 'max_features': 1.0, 'max_samples': 0.85, 'min_samples_leaf': 2, 'min_samples_split': 4, 'n_estimators': 200}",-9.921617602484678,-10.177830711656677,-10.455286815679232,-10.078952975167898,-10.02189195425118,-10.131116011847933,0.18210405482260236,16,-14.139175835856125,-14.757161533522947,-15.003006582960461,-13.973048328260779,-14.204497495916357,-14.415377955303336,0.39459779428699276,22,-0.4077318030806403,-0.3814713896457766,-0.42779456193353477,-0.38264537511298585,-0.4309825195901145,-0.40612512987261046,0.021209155093744835,14,0.8960925192041248,-1.222218951565564,1.351720800057053,-1.1483955211697614,0.594996784245198,0.09443912615421009,1.0725847093267311,16,-13.265717856633936,-11.73824827126228,-13.799857065002506,-11.669496137724336,-12.317075816199642,-12.558079029364539,0.8441030713904658,51,10.131116011847933,14.415377955303336,0.40612512987261046,12.558079029364539,0.09443912615421009,n200__squared_error__boostrap_true__samples_0.85
9.096068334579467,1.1729933039079194,1.8328863620758056,0.582830119433961,True,squared_error,22,1.0,0.85,2,8,200,"{'bootstrap': True, 'criterion': 'squared_error', 'max_depth': 22, 'max_features': 1.0, 'max_samples': 0.85, 'min_samples_leaf': 2, 'min_samples_split': 8, 'n_estimators': 200}",-10.002116884583979,-10.168865183458006,-10.463729374343982,-10.116650770136,-10.024141620462611,-10.155100766596917,0.1658154667280694,28,-14.197665909872063,-14.695932546351266,-15.035128677067815,-14.011059254515633,-14.220000086690654,-14.431957294899485,0.37695414077964484,49,-0.4119601328903654,-0.38116863457462913,-0.4256797583081571,-0.3844531485387165,-0.4294755877034358,-0.4065474524030607,0.020264670168916313,30,0.9090882988965736,-1.226380606455726,1.3617659866820082,-1.1894584198009455,0.537931235332494,0.07858929893088085,1.0824192798001033,44,-13.243035323498573,-11.730352088101087,-13.890131172816192,-11.610247418010207,-12.296476398430935,-12.5540484801714,0.8826550175919539,48,10.155100766596917,14.431957294899485,0.4065474524030607,12.5540484801714,0.07858929893088085,n200__squared_error__boostrap_true__samples_0.85
7.8168881893157955,0.6634639475485143,2.6771936893463133,0.37762836038145536,True,squared_error,22,1.0,0.85,3,2,200,"{'bootstrap': True, 'criterion': 'squared_error', 'max_depth': 22, 'max_features': 1.0, 'max_samples': 0.85, 'min_samples_leaf': 3, 'min_samples_split': 2, 'n_estimators': 200}",-9.943209992131703,-10.192267991117376,-10.443370650814304,-10.024436632495375,-9.962113960189795,-10.113079845349711,0.18701169124102068,1,-14.16777697944723,-14.738638664219472,-15.007256628980473,-13.92089696539216,-14.167845681248746,-14.400482983857618,0.40516625445315524,3,-0.41467834491090305,-0.37935210414774445,-0.4268882175226586,-0.3811388972582103,-0.4318866787221218,-0.40678884851232766,0.022391180450982585,36,0.9229838335191569,-1.2808456213967085,1.3704935477697031,-1.1513556050726144,0.5923256001136256,0.09072035098663253,1.095995954621515,22,-13.101954754817916,-11.745581838462634,-13.837187012495779,-11.640219735184244,-12.218991786841155,-12.508787025560347,0.8411143865409852,13,10.113079845349711,14.400482983857618,0.40678884851232766,12.508787025560347,0.09072035098663253,n200__squared_error__boostrap_true__samples_0.85
9.313626432418824,0.04665848621850878,1.4756518840789794,0.10514863793181779,True,squared_error,22,1.0,0.85,3,4,200,"{'bootstrap': True, 'criterion': 'squared_error', 'max_depth': 22, 'max_features': 1.0, 'max_samples': 0.85, 'min_samples_leaf': 3, 'min_samples_split': 4, 'n_estimators': 200}",-9.943209992131703,-10.192267991117376,-10.443370650814304,-10.024436632495375,-9.962113960189795,-10.113079845349711,0.18701169124102068,1,-14.16777697944723,-14.738638664219472,-15.007256628980473,-13.92089696539216,-14.167845681248746,-14.400482983857618,0.40516625445315524,3,-0.41467834491090305,-0.37935210414774445,-0.4268882175226586,-0.3811388972582103,-0.4318866787221218,-0.40678884851232766,0.022391180450982585,36,0.9229838335191566,-1.2808456213967085,1.3704935477697031,-1.1513556050726144,0.5923256001136259,0.09072035098663256,1.095995954621515,21,-13.101954754817916,-11.745581838462634,-13.837187012495775,-11.640219735184246,-12.218991786841155,-12.508787025560347,0.8411143865409837,13,10.113079845349711,14.400482983857618,0.40678884851232766,12.508787025560347,0.09072035098663256,n200__squared_error__boostrap_true__samples_0.85
8.969591808319091,0.48419470694215516,1.4388715267181396,0.20755723140767185,True,squared_error,22,1.0,0.85,3,8,200,"{'bootstrap': True, 'criterion': 'squared_error', 'max_depth': 22, 'max_features': 1.0, 'max_samples': 0.85, 'min_samples_leaf': 3, 'min_samples_split': 8, 'n_estimators': 200}",-9.975471608882069,-10.202837523230711,-10.483821304386922,-10.086037512827325,-10.031615128681757,-10.155956615601756,0.18034267249055136,30,-14.235508934075717,-14.741910274829392,-15.070124772743888,-13.994813196103065,-14.246192849019927,-14.457710005354397,0.3909495926593764,76,-0.412866203563878,-0.3823796548592189,-0.42114803625377645,-0.3799337149743899,-0.4294755877034358,-0.40516063947093983,0.020305468528774656,4,0.9194853054359219,-1.2689584532309515,1.3559078677548255,-1.2296158880532475,0.5685928274786723,0.06908233187704413,1.1050417296648696,52,-13.194294931714287,-11.681948760177832,-14.056493385864126,-11.655219418170164,-12.340873683698351,-12.585766035924951,0.9247833578522693,87,10.155956615601756,14.457710005354397,0.40516063947093983,12.585766035924951,0.06908233187704413,n200__squared_error__boostrap_true__samples_0.85
7.024044609069824,0.38180631754607575,2.4968711853027346,0.5154565074933745,True,squared_error,22,1.0,0.85,4,2,200,"{'bootstrap': True, 'criterion': 'squared_error', 'max_depth': 22, 'max_features': 1.0, 'max_samples': 0.85, 'min_samples_leaf': 4, 'min_samples_split': 2, 'n_estimators': 200}",-9.956645715553373,-10.195369113949502,-10.493270746879173,-10.092435755091001,-10.025729590444296,-10.152690184383468,0.18761643478139928,20,-14.187383107456993,-14.752956937223095,-15.116674463022164,-13.986615551140451,-14.190863845744646,-14.44689878091747,0.42119686223773506,65,-0.4143763213530655,-0.37935210414774445,-0.4232628398791541,-0.3838505573968063,-0.4333936106088005,-0.40684708667711417,0.0215206816066863,38,0.9573615572870666,-1.2872641219094876,1.3980990975045637,-1.1768889284831563,0.6104185807159579,0.10034523702298888,1.1167456038035801,3,-13.169197551156959,-11.741209412892323,-14.047264163065725,-11.613304520216417,-12.27077177743732,-12.568349484953748,0.9201120691835133,65,10.152690184383468,14.44689878091747,0.40684708667711417,12.568349484953748,0.10034523702298888,n200__squared_error__boostrap_true__samples_0.85
8.15996241569519,0.5733494426741005,1.742370891571045,0.4438080214000242,True,squared_error,22,1.0,0.85,4,4,200,"{'bootstrap': True, 'criterion': 'squared_error', 'max_depth': 22, 'max_features': 1.0, 'max_samples': 0.85, 'min_samples_leaf': 4, 'min_samples_split': 4, 'n_estimators': 200}",-9.956645715553373,-10.1953691139495,-10.493270746879173,-10.092435755091001,-10.0257295904443,-10.15269018438347,0.18761643478139872,22,-14.187383107456993,-14.752956937223095,-15.116674463022164,-13.98661555114045,-14.190863845744646,-14.446898780917468,0.42119686223773545,63,-0.4143763213530655,-0.37935210414774445,-0.4232628398791541,-0.3838505573968063,-0.4333936106088005,-0.40684708667711417,0.0215206816066863,38,0.9573615572870673,-1.2872641219094876,1.3980990975045628,-1.1768889284831558,0.6104185807159573,0.10034523702298881,1.1167456038035801,5,-13.169197551156959,-11.741209412892323,-14.047264163065725,-11.613304520216417,-12.27077177743732,-12.568349484953748,0.9201120691835133,65,10.15269018438347,14.446898780917468,0.40684708667711417,12.568349484953748,0.10034523702298881,n200__squared_error__boostrap_true__samples_0.85
8.65965814590454,0.039188571750446495,1.3893941402435304,0.090545375843942,True,squared_error,22,1.0,0.85,4,8,200,"{'bootstrap': True, 'criterion': 'squared_error', 'max_depth': 22, 'max_features': 1.0, 'max_samples': 0.85, 'min_samples_leaf': 4, 'min_samples_split': 8, 'n_estimators': 200}",-9.956645715553373,-10.195369113949502,-10.493270746879173,-10.092435755091001,-10.025729590444296,-10.152690184383468,0.18761643478139928,20,-14.187383107456993,-14.752956937223095,-15.116674463022163,-13.98661555114045,-14.190863845744646,-14.446898780917468,0.4211968622377349,63,-0.4143763213530655,-0.37935210414774445,-0.4232628398791541,-0.3838505573968063,-0.4333936106088005,-0.40684708667711417,0.0215206816066863,38,0.957361557287067,-1.2872641219094876,1.3980990975045622,-1.1768889284831556,0.6104185807159584,0.10034523702298885,1.1167456038035797,4,-13.169197551156959,-11.741209412892323,-14.047264163065725,-11.613304520216417,-12.27077177743732,-12.568349484953748,0.9201120691835133,65,10.152690184383468,14.446898780917468,0.40684708667711417,12.568349484953748,0.10034523702298885,n200__squared_error__boostrap_true__samples_0.85
9.871027565002441,0.3137314998227978,3.238977479934692,0.9066286780123158,True,squared_error,24,0.875,0.85,1,2,200,"{'bootstrap': True, 'criterion': 'squared_error', 'max_depth': 24, 'max_features': 0.875, 'max_samples': 0.85, 'min_samples_leaf': 1, 'min_samples_split': 2, 'n_estimators': 200}",-10.019293963280179,-10.21172332714778,-10.553912774354085,-10.202482073277618,-10.100147879112331,-10.217512003434399,0.18247718507774835,74,-14.179740804513777,-14.616056782908444,-15.059749743436255,-14.007558071814472,-14.20342856986252,-14.413306794507093,0.3800605243497903,15,-0.4104500151011779,-0.38570996064184077,-0.42386706948640485,-0.38324796625489604,-0.43399638336347196,-0.40745427896955827,0.020206921526817103,65,0.8881886115053811,-1.364908182842767,1.2845185153376415,-1.2636208419888582,0.50261766485063,0.009359153372405494,1.1091226581414257,85,-13.287223990108528,-11.468222300486442,-13.964792433670569,-11.66198129978278,-12.215269470440663,-12.519497898897797,0.9603488617814032,19,10.217512003434399,14.413306794507093,0.40745427896955827,12.519497898897797,0.009359153372405494,n200__squared_error__boostrap_true__samples_0.85
9.712510871887208,0.37519308509706173,1.6453246593475341,0.35632910662987105,True,squared_error,24,0.875,0.85,1,4,200,"{'bootstrap': True, 'criterion': 'squared_error', 'max_depth': 24, 'max_features': 0.875, 'max_samples': 0.85, 'min_samples_leaf': 1, 'min_samples_split': 4, 'n_estimators': 200}",-10.052031722415892,-10.270209963469112,-10.56271774970431,-10.190668997352548,-10.126311598217336,-10.24038800623184,0.17649323444419893,91,-14.25484083142129,-14.705810400893048,-15.071619561468607,-14.027660416817014,-14.236015898138826,-14.459189421747757,0.37780276163576126,77,-0.40712775596496525,-0.3832879200726612,-0.429607250755287,-0.3841518529677614,-0.4349005424954792,-0.40781506445123084,0.021773944460432734,75,0.837505594650835,-1.38593963323228,1.3107981600946497,-1.2547409547838904,0.5409995040081645,0.009724534147495767,1.114182983057104,84,-13.373612038875345,-11.589551698567242,-13.819035745933391,-11.630723597366812,-12.264081163265494,-12.535400848801656,0.9096155742203912,32,10.24038800623184,14.459189421747757,0.40781506445123084,12.535400848801656,0.009724534147495767,n200__squared_error__boostrap_true__samples_0.85
9.340701723098755,0.07363023657946677,1.4543497562408447,0.06785886680955329,True,squared_error,24,0.875,0.85,1,8,200,"{'bootstrap': True, 'criterion': 'squared_error', 'max_depth': 24, 'max_features': 0.875, 'max_samples': 0.85, 'min_samples_leaf': 1, 'min_samples_split': 8, 'n_estimators': 200}",-10.070659519180962,-10.293618410512266,-10.560136882091662,-10.204867843390316,-10.14395516597206,-10.254647564229455,0.16936639486478874,93,-14.221518439228474,-14.67231171535908,-15.076776695045986,-14.017538454085045,-14.276516150103935,-14.452932290764503,0.37724050447308344,75,-0.4143763213530655,-0.3799576142900394,-0.4253776435045317,-0.3808376016872552,-0.4355033152501507,-0.4072104992170085,0.0228916012480211,55,0.8030027118266067,-1.4233477157824757,1.3105345117836178,-1.3539713246029272,0.5282705620146115,-0.027102250952113383,1.1399007199142286,95,-13.120515906292296,-11.672710798682273,-13.953097412545162,-11.62030282668328,-12.252749122996462,-12.523875213439895,0.8958894448268223,24,10.254647564229455,14.452932290764503,0.4072104992170085,12.523875213439895,-0.027102250952113383,n200__squared_error__boostrap_true__samples_0.85
7.012831115722657,1.2258143007105866,3.330720090866089,0.9921939603799765,True,squared_error,24,0.875,0.85,2,2,200,"{'bootstrap': True, 'criterion': 'squared_error', 'max_depth': 24, 'max_features': 0.875, 'max_samples': 0.85, 'min_samples_leaf': 2, 'min_samples_split': 2, 'n_estimators': 200}",-9.971187579093039,-10.222080816657273,-10.531660987139253,-10.130394883700028,-10.05372392820867,-10.181809638959653,0.19361240251372525,51,-14.16788913124662,-14.674877404538838,-15.08144085068203,-13.997241703115002,-14.19837216618538,-14.423964251153574,0.3984447962539929,31,-0.41316822712171547,-0.37783832879200724,-0.42507552870090637,-0.3853570352515818,-0.4342977697408077,-0.40714737792140376,0.022039293935833204,48,0.9444519158201428,-1.4206867043279,1.3908006038390166,-1.2515949362599164,0.6516103982650958,0.06291625546728778,1.1675581503615071,65,-13.209679227945008,-11.647037160666637,-14.023933143616944,-11.520225576838833,-12.324878312019411,-12.545150684217367,0.9522599479690368,40,10.181809638959653,14.423964251153574,0.40714737792140376,12.545150684217367,0.06291625546728778,n200__squared_error__boostrap_true__samples_0.85
8.889644527435303,0.2728899756720755,1.4964200019836427,0.22105914086103898,True,squared_error,24,0.875,0.85,2,4,200,"{'bootstrap': True, 'criterion': 'squared_error', 'max_depth': 24, 'max_features': 0.875, 'max_samples': 0.85, 'min_samples_leaf': 2, 'min_samples_split': 4, 'n_estimators': 200}",-9.971187579093039,-10.222080816657273,-10.531660987139253,-10.13039488370003,-10.05372392820867,-10.181809638959653,0.19361240251372516,51,-14.16788913124662,-14.674877404538838,-15.08144085068203,-13.997241703115002,-14.19837216618538,-14.423964251153574,0.3984447962539929,31,-0.41316822712171547,-0.37783832879200724,-0.42507552870090637,-0.3853570352515818,-0.4342977697408077,-0.40714737792140376,0.022039293935833204,48,0.9444519158201422,-1.4206867043279,1.3908006038390164,-1.251594936259915,0.6516103982650959,0.06291625546728792,1.1675581503615065,64,-13.209679227945008,-11.647037160666637,-14.023933143616944,-11.520225576838834,-12.324878312019411,-12.545150684217367,0.9522599479690363,40,10.181809638959653,14.423964251153574,0.40714737792140376,12.545150684217367,0.06291625546728792,n200__squared_error__boostrap_true__samples_0.85
8.526154708862304,0.0326263748925255,1.3908509254455566,0.06219059112906981,True,squared_error,24,0.875,0.85,2,8,200,"{'bootstrap': True, 'criterion': 'squared_error', 'max_depth': 24, 'max_features': 0.875, 'max_samples': 0.85, 'min_samples_leaf': 2, 'min_samples_split': 8, 'n_estimators': 200}",-10.032964948400046,-10.249994109585195,-10.495042780137759,-10.171577535688368,-10.055889825502794,-10.201093839862832,0.16674528959497903,64,-14.21460466487428,-14.679323158206856,-15.027951196126045,-14.03156954395431,-14.176610735304692,-14.426011859693238,0.37120782373565436,36,-0.41256418000604045,-0.3814713896457766,-0.42779456193353477,-0.3817414884001205,-0.4336949969861362,-0.4074533233943217,0.022202124283936742,64,0.9063505203842682,-1.366887332572021,1.3839814040840481,-1.2894817927505806,0.5619853568363272,0.03918963119640839,1.1468363851713368,74,-13.257713586070594,-11.643214954156555,-13.884028972377891,-11.63365263252191,-12.24117785093857,-12.531957599213104,0.8984639018816484,29,10.201093839862832,14.426011859693238,0.4074533233943217,12.531957599213104,0.03918963119640839,n200__squared_error__boostrap_true__samples_0.85
6.880261850357056,1.3930875984124944,2.560745191574097,0.943184747189624,True,squared_error,24,0.875,0.85,3,2,200,"{'bootstrap': True, 'criterion': 'squared_error', 'max_depth': 24, 'max_features': 0.875, 'max_samples': 0.85, 'min_samples_leaf': 3, 'min_samples_split': 2, 'n_estimators': 200}",-9.99705708029647,-10.220942445652764,-10.465396710281086,-10.18280234865328,-10.030995174857647,-10.179438751948249,0.16661596204550597,48,-14.19721726738043,-14.628944294134811,-15.029291898932025,-14.030993147857123,-14.189129107651002,-14.415115143191079,0.3657963567142363,20,-0.413470250679553,-0.37723281864971236,-0.4299093655589124,-0.3850557396806267,-0.4333936106088005,-0.407812357035521,0.022924492936057087,73,0.9700082165453616,-1.3841014500579918,1.4152989073593907,-1.1876270597348237,0.5984330909275181,0.08240234100789097,1.14842093586841,36,-13.262218114625021,-11.712715011416343,-13.817674804775114,-11.680354766792002,-12.26301911887176,-12.547196363296049,0.8548569191917295,42,10.179438751948249,14.415115143191079,0.407812357035521,12.547196363296049,0.08240234100789097,n200__squared_error__boostrap_true__samples_0.85
7.52771110534668,1.0830276404935488,2.0174131870269774,0.9256866040814816,True,squared_error,24,0.875,0.85,3,4,200,"{'bootstrap': True, 'criterion': 'squared_error', 'max_depth': 24, 'max_features': 0.875, 'max_samples': 0.85, 'min_samples_leaf': 3, 'min_samples_split': 4, 'n_estimators': 200}",-9.99705708029647,-10.220942445652764,-10.465396710281086,-10.18280234865328,-10.03099517485765,-10.179438751948249,0.16661596204550563,48,-14.197217267380433,-14.628944294134811,-15.029291898932025,-14.030993147857123,-14.189129107651,-14.415115143191079,0.3657963567142363,20,-0.413470250679553,-0.37723281864971236,-0.4299093655589124,-0.3850557396806267,-0.4333936106088005,-0.407812357035521,0.022924492936057087,73,0.9700082165453616,-1.3841014500579907,1.41529890735939,-1.187627059734823,0.5984330909275186,0.0824023410078913,1.1484209358684097,35,-13.262218114625021,-11.712715011416345,-13.817674804775114,-11.680354766792002,-12.26301911887176,-12.547196363296049,0.854856919191729,42,10.179438751948249,14.415115143191079,0.407812357035521,12.547196363296049,0.0824023410078913,n200__squared_error__boostrap_true__samples_0.85
8.050556755065918,0.06335401899340155,1.4715466499328613,0.036803932169759204,True,squared_error,24,0.875,0.85,3,8,200,"{'bootstrap': True, 'criterion': 'squared_error', 'max_depth': 24, 'max_features': 0.875, 'max_samples': 0.85, 'min_samples_leaf': 3, 'min_samples_split': 8, 'n_estimators': 200}",-10.045315966781885,-10.2573256203351,-10.549478291447569,-10.131204818605577,-10.055393399477268,-10.20774361932948,0.18691842111936002,67,-14.28482127290953,-14.696294322795262,-15.11664578725309,-13.997962928518346,-14.210055985976963,-14.461156059490639,0.3984093037390318,79,-0.4137722742373905,-0.3823796548592189,-0.429607250755287,-0.3838505573968063,-0.4342977697408077,-0.40878150139790204,0.022037736133355953,93,0.9547679605579309,-1.3714888043886426,1.4349660696699589,-1.203304508618638,0.5868870497073403,0.08036555338558989,1.1499370468766241,42,-13.292437183730705,-11.619128663131887,-13.948140237446912,-11.62939604742804,-12.252285402635158,-12.548277506874541,0.9282953544232683,44,10.20774361932948,14.461156059490639,0.40878150139790204,12.548277506874541,0.08036555338558989,n200__squared_error__boostrap_true__samples_0.85
6.984252023696899,1.1291194510820635,1.903730583190918,0.6091206650322588,True,squared_error,24,0.875,0.85,4,2,200,"{'bootstrap': True, 'criterion': 'squared_error', 'max_depth': 24, 'max_features': 0.875, 'max_samples': 0.85, 'min_samples_leaf': 4, 'min_samples_split': 2, 'n_estimators': 200}",-10.049703710429576,-10.290461129307735,-10.568881336671865,-10.189016498947515,-10.056513431007225,-10.230915221272785,0.19119409476448365,78,-14.299344509119036,-14.732148707213383,-15.15661865503735,-14.067720719239912,-14.194421940070036,-14.490050906135945,0.40126104006395275,90,-0.4119601328903654,-0.38116863457462913,-0.42779456193353477,-0.38294667068394095,-0.43640747438215793,-0.40805549489292564,0.022636554585076962,81,0.9310501911884971,-1.439934166135001,1.4032846481281507,-1.2108845165895274,0.653385793865668,0.06738039009155747,1.1644678087679758,57,-13.327447275754192,-11.609726195138819,-13.992891740709057,-11.722431176021304,-12.270526805292906,-12.584604638583254,0.9303186217652565,84,10.230915221272785,14.490050906135945,0.40805549489292564,12.584604638583254,0.06738039009155747,n200__squared_error__boostrap_true__samples_0.85
6.608553457260132,1.1874496043415546,2.8221704959869385,0.5535009636788436,True,squared_error,24,0.875,0.85,4,4,200,"{'bootstrap': True, 'criterion': 'squared_error', 'max_depth': 24, 'max_features': 0.875, 'max_samples': 0.85, 'min_samples_leaf': 4, 'min_samples_split': 4, 'n_estimators': 200}",-10.049703710429576,-10.290461129307735,-10.568881336671865,-10.189016498947515,-10.056513431007222,-10.230915221272785,0.19119409476448432,78,-14.299344509119036,-14.732148707213383,-15.15661865503735,-14.067720719239915,-14.194421940070033,-14.490050906135943,0.4012610400639526,88,-0.4119601328903654,-0.38116863457462913,-0.42779456193353477,-0.38294667068394095,-0.43640747438215793,-0.40805549489292564,0.022636554585076962,81,0.9310501911884974,-1.439934166135001,1.4032846481281513,-1.210884516589528,0.6533857938656679,0.06738039009155757,1.164467808767976,56,-13.327447275754192,-11.609726195138816,-13.992891740709057,-11.722431176021304,-12.270526805292906,-12.584604638583254,0.9303186217652573,84,10.230915221272785,14.490050906135943,0.40805549489292564,12.584604638583254,0.06738039009155757,n200__squared_error__boostrap_true__samples_0.85
7.4077887535095215,0.08759831601459687,2.46801438331604,0.09247875016900856,True,squared_error,24,0.875,0.85,4,8,200,"{'bootstrap': True, 'criterion': 'squared_error', 'max_depth': 24, 'max_features': 0.875, 'max_samples': 0.85, 'min_samples_leaf': 4, 'min_samples_split': 8, 'n_estimators': 200}",-10.049703710429576,-10.290461129307735,-10.568881336671865,-10.189016498947515,-10.056513431007225,-10.230915221272785,0.19119409476448365,78,-14.299344509119036,-14.732148707213383,-15.156618655037349,-14.067720719239913,-14.194421940070033,-14.490050906135943,0.40126104006395236,88,-0.4119601328903654,-0.38116863457462913,-0.42779456193353477,-0.38294667068394095,-0.43640747438215793,-0.40805549489292564,0.022636554585076962,81,0.931050191188497,-1.439934166135001,1.403284648128151,-1.2108845165895277,0.6533857938656679,0.06738039009155743,1.1644678087679758,58,-13.327447275754194,-11.609726195138814,-13.992891740709055,-11.722431176021304,-12.270526805292903,-12.584604638583254,0.9303186217652575,84,10.230915221272785,14.490050906135943,0.40805549489292564,12.584604638583254,0.06738039009155743,n200__squared_error__boostrap_true__samples_0.85
11.249594593048096,0.35201636284723387,3.1820012092590333,0.17807788685680012,True,squared_error,24,1.0,0.85,1,2,200,"{'bootstrap': True, 'criterion': 'squared_error', 'max_depth': 24, 'max_features': 1.0, 'max_samples': 0.85, 'min_samples_leaf': 1, 'min_samples_split': 2, 'n_estimators': 200}",-9.990004920879253,-10.188619106546367,-10.48432912657079,-10.158639737669478,-10.052889960921817,-10.174896570517541,0.1704532981470117,47,-14.14283596702699,-14.711231787781424,-15.04358907800432,-14.059963669634694,-14.203133152498703,-14.432150730989227,0.3811609583902082,50,-0.40652370884929023,-0.3814713896457766,-0.4253776435045317,-0.3847544441096716,-0.43248945147679324,-0.40612332751721264,0.020641747507925797,13,0.7755531595407398,-1.2713198884724848,1.3096262838765704,-1.2582034067784147,0.5224566900935687,0.015622567651995878,1.0758879540427806,81,-13.24099658405297,-11.688031475118269,-13.86292344054715,-11.56638534934512,-12.22613246971047,-12.516893863754795,0.8956720219668756,17,10.174896570517541,14.432150730989227,0.40612332751721264,12.516893863754795,0.015622567651995878,n200__squared_error__boostrap_true__samples_0.85
10.384522962570191,0.0772214855320862,2.7415699481964113,0.13493625788416272,True,squared_error,24,1.0,0.85,1,4,200,"{'bootstrap': True, 'criterion': 'squared_error', 'max_depth': 24, 'max_features': 1.0, 'max_samples': 0.85, 'min_samples_leaf': 1, 'min_samples_split': 4, 'n_estimators': 200}",-9.999876485787501,-10.210867130796688,-10.513083976606074,-10.173160409115921,-10.056245430495478,-10.190646686560333,0.17840258373170334,54,-14.161923232970054,-14.74753788647378,-15.056465795373567,-14.041045121193708,-14.218532956433192,-14.44510099848886,0.38987661192377254,61,-0.40622168529145275,-0.3799576142900394,-0.4244712990936556,-0.3820427839710756,-0.42917420132610007,-0.40437351679446465,0.020577698884529427,1,0.801282515511605,-1.3086599880939123,1.2814749447185632,-1.2477838673221227,0.47044310726428584,-0.0006486575843161812,1.0747187409720302,91,-13.29466076330905,-11.714737128425204,-13.893234885973147,-11.681121743775087,-12.263887839988374,-12.569528472294172,0.8821979893464875,71,10.190646686560333,14.44510099848886,0.40437351679446465,12.569528472294172,-0.0006486575843161812,n200__squared_error__boostrap_true__samples_0.85
9.3852135181427,0.06569769500001887,2.3303826808929444,0.09279327556431353,True,squared_error,24,1.0,0.85,1,8,200,"{'bootstrap': True, 'criterion': 'squared_error', 'max_depth': 24, 'max_features': 1.0, 'max_samples': 0.85, 'min_samples_leaf': 1, 'min_samples_split': 8, 'n_estimators': 200}",-10.0230317333913,-10.208844181570655,-10.530279042688031,-10.142798235605982,-10.062011405867867,-10.193392919824765,0.18031908351098422,58,-14.196304872056738,-14.704049911506065,-15.073831263005824,-13.999553883356644,-14.185397338349448,-14.431827453654943,0.3973243223187197,48,-0.4110540622168529,-0.37904934907659704,-0.4229607250755287,-0.38324796625489604,-0.432790837854129,-0.4058205880956008,0.021329746433007526,9,0.8705166150061576,-1.3472642395741727,1.2973734240470567,-1.2811981833297756,0.4706953494014343,0.0020245931101400493,1.1062640111374937,88,-13.250748927826589,-11.689216672689449,-13.981974880318978,-11.561183401534878,-12.168356899019338,-12.530296156277846,0.9385113285336115,28,10.193392919824765,14.431827453654943,0.4058205880956008,12.530296156277846,0.0020245931101400493,n200__squared_error__boostrap_true__samples_0.85
9.167097330093384,0.29125132681516963,2.9118717193603514,0.24987210661599188,True,squared_error,24,1.0,0.85,2,2,200,"{'bootstrap': True, 'criterion': 'squared_error', 'max_depth': 24, 'max_features': 1.0, 'max_samples': 0.85, 'min_samples_leaf': 2, 'min_samples_split': 2, 'n_estimators': 200}",-9.90470064188691,-10.176557577517478,-10.44058870818064,-10.081166906013246,-10.016001747873368,-10.12380311629433,0.18142823383240164,11,-14.109858151495938,-14.781546789213179,-14.998785276881339,-13.957507338885543,-14.208731471729147,-14.411285805641029,0.4049816317870028,11,-0.40954394442766534,-0.3848016954283984,-0.42658610271903324,-0.38354926182585114,-0.4318866787221218,-0.40727353662461396,0.020257154716942474,59,0.9324644407281513,-1.1784792211754551,1.3553192916244348,-1.1754822554128768,0.5992918387262405,0.10662281889809892,1.0751056416389664,1,-13.230771972174953,-11.691838241934581,-13.825940325550567,-11.609570838704881,-12.289443168296405,-12.529512909332277,0.8692656741195423,26,10.12380311629433,14.411285805641029,0.40727353662461396,12.529512909332277,0.10662281889809892,n200__squared_error__boostrap_true__samples_0.85
9.252012252807617,0.37999399817740465,2.8505673885345457,0.3985753867442969,True,squared_error,24,1.0,0.85,2,4,200,"{'bootstrap': True, 'criterion': 'squared_error', 'max_depth': 24, 'max_features': 1.0, 'max_samples': 0.85, 'min_samples_leaf': 2, 'min_samples_split': 4, 'n_estimators': 200}",-9.90470064188691,-10.176557577517478,-10.44058870818064,-10.081166906013246,-10.016001747873368,-10.12380311629433,0.18142823383240164,11,-14.109858151495938,-14.78154678921318,-14.99878527688134,-13.957507338885543,-14.208731471729148,-14.411285805641029,0.4049816317870035,11,-0.40954394442766534,-0.3848016954283984,-0.42658610271903324,-0.38354926182585114,-0.4318866787221218,-0.40727353662461396,0.020257154716942474,59,0.9324644407281508,-1.1784792211754551,1.3553192916244348,-1.1754822554128765,0.5992918387262405,0.10662281889809888,1.0751056416389664,2,-13.230771972174953,-11.691838241934581,-13.825940325550567,-11.609570838704881,-12.289443168296406,-12.52951290933228,0.869265674119542,27,10.12380311629433,14.411285805641029,0.40727353662461396,12.52951290933228,0.10662281889809888,n200__squared_error__boostrap_true__samples_0.85
8.999049186706543,0.1128465086213846,2.1151690006256105,0.06385715966190393,True,squared_error,24,1.0,0.85,2,8,200,"{'bootstrap': True, 'criterion': 'squared_error', 'max_depth': 24, 'max_features': 1.0, 'max_samples': 0.85, 'min_samples_leaf': 2, 'min_samples_split': 8, 'n_estimators': 200}",-9.949866052864499,-10.170512340053492,-10.50082787952648,-10.097917464417241,-10.030114092943194,-10.14984756596098,0.19007349051692238,19,-14.148858310647624,-14.691706020606269,-15.078078364971342,-13.988629684926144,-14.228604551878085,-14.427175386605892,0.40071542201564825,39,-0.41316822712171547,-0.38268240993036634,-0.4253776435045317,-0.37812594154865925,-0.43007836045810727,-0.40588651651267604,0.021574302950049272,11,0.890979644216238,-1.2404994376220992,1.4110479238780715,-1.253013709063443,0.5830574632480962,0.0783143769313727,1.1138288447520597,45,-13.119166704325409,-11.667655307251142,-14.0015301524393,-11.695711380087355,-12.338648641710826,-12.564542437162805,0.8925069980616331,61,10.14984756596098,14.427175386605892,0.40588651651267604,12.564542437162805,0.0783143769313727,n200__squared_error__boostrap_true__samples_0.85
8.354529809951782,0.49703731276846125,2.5573683738708497,0.25474128619527314,True,squared_error,24,1.0,0.85,3,2,200,"{'bootstrap': True, 'criterion': 'squared_error', 'max_depth': 24, 'max_features': 1.0, 'max_samples': 0.85, 'min_samples_leaf': 3, 'min_samples_split': 2, 'n_estimators': 200}",-9.939595693136265,-10.191741267846039,-10.412252690806001,-10.040426140354603,-10.000464436889915,-10.116896045806564,0.16951503535629253,7,-14.192223565706717,-14.736789697443898,-14.986848051999306,-13.941002023002563,-14.212078758981598,-14.413788419426817,0.38627242103198395,16,-0.4137722742373905,-0.3799576142900394,-0.42477341389728096,-0.3838505573968063,-0.42646172393007836,-0.40576311675031906,0.02000027277363588,7,0.9449676344577582,-1.2833621831206528,1.3616501683642865,-1.1690257262893298,0.6004532646782504,0.09093663161806254,1.102714053704065,19,-13.152842765570735,-11.722859010696396,-13.859039283020502,-11.555799832920973,-12.428920471308539,-12.54389227270343,0.8676489109659979,38,10.116896045806564,14.413788419426817,0.40576311675031906,12.54389227270343,0.09093663161806254,n200__squared_error__boostrap_true__samples_0.85
7.624376821517944,0.14381032962077464,2.9877334594726563,0.25172744835662964,True,squared_error,24,1.0,0.85,3,4,200,"{'bootstrap': True, 'criterion': 'squared_error', 'max_depth': 24, 'max_features': 1.0, 'max_samples': 0.85, 'min_samples_leaf': 3, 'min_samples_split': 4, 'n_estimators': 200}",-9.939595693136265,-10.191741267846039,-10.412252690806001,-10.040426140354603,-10.000464436889912,-10.116896045806564,0.16951503535629303,7,-14.192223565706717,-14.736789697443898,-14.986848051999305,-13.941002023002563,-14.212078758981598,-14.413788419426817,0.3862724210319834,16,-0.4137722742373905,-0.3799576142900394,-0.42477341389728096,-0.3838505573968063,-0.42646172393007836,-0.40576311675031906,0.02000027277363588,7,0.9449676344577581,-1.283362183120652,1.361650168364286,-1.1690257262893304,0.6004532646782491,0.09093663161806217,1.1027140537040647,20,-13.152842765570735,-11.722859010696396,-13.859039283020504,-11.555799832920973,-12.428920471308539,-12.54389227270343,0.8676489109659985,38,10.116896045806564,14.413788419426817,0.40576311675031906,12.54389227270343,0.09093663161806217,n200__squared_error__boostrap_true__samples_0.85
8.187524700164795,0.06936840631571756,2.0213921070098877,0.054094862618854066,True,squared_error,24,1.0,0.85,3,8,200,"{'bootstrap': True, 'criterion': 'squared_error', 'max_depth': 24, 'max_features': 1.0, 'max_samples': 0.85, 'min_samples_leaf': 3, 'min_samples_split': 8, 'n_estimators': 200}",-10.003888365501213,-10.217636560365156,-10.48216010925147,-10.083077622464781,-10.019088070769381,-10.1611701456704,0.1773394086322858,37,-14.251615601316718,-14.739380948481047,-15.058708094779751,-13.967771022599694,-14.245068849266843,-14.45250890328881,0.39195237921000314,74,-0.41226215644820297,-0.3787465940054496,-0.4232628398791541,-0.380235010545345,-0.42766726943942135,-0.4044347740635145,0.020981057970353226,2,0.9191013004942443,-1.2752498092802322,1.3380943306252648,-1.2346717861394247,0.551779217373847,0.05981065061473985,1.1020429999660244,67,-13.24762592824577,-11.805237185784774,-13.963255601710209,-11.635443332315312,-12.358751818907411,-12.602062773392694,0.8829588987348039,90,10.1611701456704,14.45250890328881,0.4044347740635145,12.602062773392694,0.05981065061473985,n200__squared_error__boostrap_true__samples_0.85
7.638239240646362,0.4041990770850223,2.400661897659302,0.25162281095487915,True,squared_error,24,1.0,0.85,4,2,200,"{'bootstrap': True, 'criterion': 'squared_error', 'max_depth': 24, 'max_features': 1.0, 'max_samples': 0.85, 'min_samples_leaf': 4, 'min_samples_split': 2, 'n_estimators': 200}",-9.953396303205283,-10.210528483177953,-10.504689234861331,-10.113817936222938,-10.021347651158557,-10.160755921725212,0.19256338360990785,34,-14.17977860074657,-14.736115721844662,-15.119422747023783,-14.003795682172658,-14.205283727759952,-14.448879295909526,0.4152075848036929,70,-0.413470250679553,-0.3802603693611868,-0.4232628398791541,-0.38324796625489604,-0.43309222423146476,-0.406666730081251,0.021287366580539254,31,0.943675199992732,-1.331061199351352,1.4085852167529869,-1.166711044791678,0.6207848338866887,0.09505460129787553,1.1267449310503388,12,-13.177576240718999,-11.675509728693974,-14.073140055261735,-11.672738904347623,-12.286219758309018,-12.57703693746627,0.928875973031985,75,10.160755921725212,14.448879295909526,0.406666730081251,12.57703693746627,0.09505460129787553,n200__squared_error__boostrap_true__samples_0.85
6.998231601715088,0.2394604774515147,2.9426817893981934,0.1497212795999126,True,squared_error,24,1.0,0.85,4,4,200,"{'bootstrap': True, 'criterion': 'squared_error', 'max_depth': 24, 'max_features': 1.0, 'max_samples': 0.85, 'min_samples_leaf': 4, 'min_samples_split': 4, 'n_estimators': 200}",-9.953396303205281,-10.210528483177953,-10.504689234861331,-10.11381793622294,-10.021347651158555,-10.160755921725213,0.1925633836099084,36,-14.179778600746568,-14.736115721844662,-15.119422747023783,-14.003795682172658,-14.205283727759952,-14.448879295909524,0.4152075848036932,69,-0.413470250679553,-0.3802603693611868,-0.4232628398791541,-0.38324796625489604,-0.43309222423146476,-0.406666730081251,0.021287366580539254,31,0.9436751999927319,-1.3310611993513524,1.408585216752987,-1.1667110447916789,0.6207848338866885,0.09505460129787527,1.126744931050339,13,-13.177576240718997,-11.675509728693974,-14.073140055261735,-11.672738904347622,-12.286219758309018,-12.57703693746627,0.9288759730319851,75,10.160755921725213,14.448879295909524,0.406666730081251,12.57703693746627,0.09505460129787527,n200__squared_error__boostrap_true__samples_0.85
7.813394212722779,0.5571727298100942,2.867871332168579,0.2730765465091081,True,squared_error,24,1.0,0.85,4,8,200,"{'bootstrap': True, 'criterion': 'squared_error', 'max_depth': 24, 'max_features': 1.0, 'max_samples': 0.85, 'min_samples_leaf': 4, 'min_samples_split': 8, 'n_estimators': 200}",-9.953396303205281,-10.210528483177953,-10.504689234861331,-10.113817936222938,-10.021347651158557,-10.160755921725212,0.19256338360990824,34,-14.17977860074657,-14.736115721844662,-15.119422747023783,-14.003795682172658,-14.205283727759952,-14.448879295909526,0.4152075848036929,70,-0.413470250679553,-0.3802603693611868,-0.4232628398791541,-0.38324796625489604,-0.43309222423146476,-0.406666730081251,0.021287366580539254,31,0.9436751999927321,-1.331061199351353,1.4085852167529869,-1.1667110447916778,0.6207848338866879,0.0950546012978752,1.1267449310503388,14,-13.177576240718997,-11.675509728693974,-14.073140055261735,-11.672738904347623,-12.286219758309016,-12.57703693746627,0.9288759730319849,75,10.160755921725212,14.448879295909526,0.406666730081251,12.57703693746627,0.0950546012978752,n200__squared_error__boostrap_true__samples_0.85
10.83291802406311,0.2669951201739799,2.855524110794067,0.18827956924796785,True,squared_error,26,0.875,0.85,1,2,200,"{'bootstrap': True, 'criterion': 'squared_error', 'max_depth': 26, 'max_features': 0.875, 'max_samples': 0.85, 'min_samples_leaf': 1, 'min_samples_split': 2, 'n_estimators': 200}",-10.098632760333278,-10.242747951605825,-10.58557805712742,-10.22468371075972,-10.116324214538851,-10.253593338873019,0.1755122990413599,92,-14.261927373978487,-14.607887399687002,-15.096600963119366,-14.0263591622946,-14.241152118109888,-14.446785403437866,0.3745476947284218,62,-0.41256418000604045,-0.3851044504995459,-0.4253776435045317,-0.3856583308225369,-0.43037974683544306,-0.40781687033361963,0.019219032168691853,79,0.8604570507622498,-1.3663892809276372,1.3547861412530984,-1.2537142750111065,0.5257881842960114,0.024185564074523148,1.1214436662031475,78,-13.28167875715128,-11.52461190615175,-14.0350161564771,-11.630721702050641,-12.363630580999322,-12.567131820566019,0.9664767130883185,62,10.253593338873019,14.446785403437866,0.40781687033361963,12.567131820566019,0.024185564074523148,n200__squared_error__boostrap_true__samples_0.85
9.98522629737854,0.5814127019821403,2.4247061252593993,0.13409754143814484,True,squared_error,26,0.875,0.85,1,4,200,"{'bootstrap': True, 'criterion': 'squared_error', 'max_depth': 26, 'max_features': 0.875, 'max_samples': 0.85, 'min_samples_leaf': 1, 'min_samples_split': 4, 'n_estimators': 200}",-10.005530266554238,-10.254465560246425,-10.592931964389805,-10.20341708904398,-10.10637452802816,-10.232543881652521,0.19933007171677397,84,-14.174214944707915,-14.684970313062239,-15.125287301972289,-14.035212741659697,-14.185521515606228,-14.441041363401675,0.40715536039409495,59,-0.41226215644820297,-0.3835906751438087,-0.4256797583081571,-0.38294667068394095,-0.4349005424954792,-0.4078759606159178,0.021343788505721547,80,0.848408563105699,-1.359049524934952,1.2752975753272886,-1.3015949840219,0.5378409701179163,0.00018051991881038454,1.1114512004981418,90,-13.163879657510643,-11.594932582728415,-13.940326393351164,-11.622796052937955,-12.237528420945486,-12.511892621494734,0.9134652999615906,15,10.232543881652521,14.441041363401675,0.4078759606159178,12.511892621494734,0.00018051991881038454,n200__squared_error__boostrap_true__samples_0.85
8.12914571762085,0.24520812446586132,2.462636041641235,0.15605379919690054,True,squared_error,26,0.875,0.85,1,8,200,"{'bootstrap': True, 'criterion': 'squared_error', 'max_depth': 26, 'max_features': 0.875, 'max_samples': 0.85, 'min_samples_leaf': 1, 'min_samples_split': 8, 'n_estimators': 200}",-10.074718308990565,-10.273834535652615,-10.597625965807476,-10.216206172904737,-10.14321644016082,-10.261120284703242,0.18114194221038324,96,-14.21943723992506,-14.63152922071854,-15.12069304159763,-14.021564004337296,-14.257971346098982,-14.450238970535503,0.38894043788721155,72,-0.4098459679855029,-0.3814713896457766,-0.4256797583081571,-0.3850557396806267,-0.43399638336347196,-0.4072098477967071,0.021065981800174837,54,0.7835844826800136,-1.4967520742758136,1.3031918754197458,-1.2881443726292459,0.4908220275763897,-0.041459612245782075,1.1352716122372328,96,-13.246809337959208,-11.504247369018882,-13.978604348638079,-11.593207009043175,-12.251298484705574,-12.514833309872984,0.961097720934719,16,10.261120284703242,14.450238970535503,0.4072098477967071,12.514833309872984,-0.041459612245782075,n200__squared_error__boostrap_true__samples_0.85
7.961837291717529,0.11554148443948042,2.8549829483032227,0.10002432869687262,True,squared_error,26,0.875,0.85,2,2,200,"{'bootstrap': True, 'criterion': 'squared_error', 'max_depth': 26, 'max_features': 0.875, 'max_samples': 0.85, 'min_samples_leaf': 2, 'min_samples_split': 2, 'n_estimators': 200}",-10.024837186756884,-10.236807830330036,-10.54165715750861,-10.139219632545768,-10.022722788031057,-10.19304891903447,0.19164880177664392,56,-14.193973207387256,-14.670844644729264,-15.11796837529672,-14.01722858039694,-14.151242764990855,-14.430251514560206,0.4086810002306032,42,-0.41498036846874053,-0.3796548592188919,-0.42356495468277944,-0.3844531485387165,-0.43309222423146476,-0.4071491110281187,0.021330233165845664,50,0.9533165150415193,-1.3935530784051244,1.3870127158763135,-1.2402835278236921,0.5922283296842871,0.05974419087466065,1.1528918090038613,68,-13.227316923818965,-11.646439571614028,-14.081275777783198,-11.573498797638154,-12.254839181830032,-12.556674050536875,0.9654467321096711,49,10.19304891903447,14.430251514560206,0.4071491110281187,12.556674050536875,0.05974419087466065,n200__squared_error__boostrap_true__samples_0.85
8.552540111541749,0.16680638949334992,2.1850657939910887,0.1769943456116719,True,squared_error,26,0.875,0.85,2,4,200,"{'bootstrap': True, 'criterion': 'squared_error', 'max_depth': 26, 'max_features': 0.875, 'max_samples': 0.85, 'min_samples_leaf': 2, 'min_samples_split': 4, 'n_estimators': 200}",-10.024837186756884,-10.236807830330036,-10.541657157508608,-10.139219632545768,-10.022722788031057,-10.19304891903447,0.19164880177664328,56,-14.193973207387256,-14.670844644729264,-15.11796837529672,-14.01722858039694,-14.151242764990855,-14.430251514560206,0.4086810002306032,42,-0.41498036846874053,-0.3796548592188919,-0.42356495468277944,-0.3844531485387165,-0.43309222423146476,-0.4071491110281187,0.021330233165845664,50,0.9533165150415194,-1.3935530784051255,1.3870127158763133,-1.2402835278236917,0.5922283296842874,0.05974419087466056,1.1528918090038613,69,-13.227316923818965,-11.646439571614028,-14.0812757777832,-11.573498797638152,-12.254839181830032,-12.556674050536875,0.9654467321096721,49,10.19304891903447,14.430251514560206,0.4071491110281187,12.556674050536875,0.05974419087466056,n200__squared_error__boostrap_true__samples_0.85
7.669023418426514,0.1745067802466021,1.9782617092132568,0.02271910901218991,True,squared_error,26,0.875,0.85,2,8,200,"{'bootstrap': True, 'criterion': 'squared_error', 'max_depth': 26, 'max_features': 0.875, 'max_samples': 0.85, 'min_samples_leaf': 2, 'min_samples_split': 8, 'n_estimators': 200}",-10.020509127133971,-10.268055335957532,-10.522294842161797,-10.17314499313564,-10.07260085245119,-10.211321030168026,0.17721928396657086,68,-14.20519801197181,-14.711071458397758,-15.056575980743444,-14.054216104038638,-14.192707114773013,-14.443953733984932,0.37912596180544406,60,-0.4143763213530655,-0.381774144716924,-0.42900302114803623,-0.3808376016872552,-0.432790837854129,-0.40775638535188197,0.022457357991523794,72,0.9036044249171817,-1.357055056058972,1.3801753747038883,-1.2784404075637972,0.5497580462889604,0.039608476457452246,1.139454525196955,73,-13.181392117653559,-11.670513054918695,-13.87224521754416,-11.677818243478223,-12.271931346107177,-12.534779995940363,0.8668737691487957,30,10.211321030168026,14.443953733984932,0.40775638535188197,12.534779995940363,0.039608476457452246,n200__squared_error__boostrap_true__samples_0.85
6.915943193435669,0.26602098324238876,2.6482728481292725,0.2244579605937002,True,squared_error,26,0.875,0.85,3,2,200,"{'bootstrap': True, 'criterion': 'squared_error', 'max_depth': 26, 'max_features': 0.875, 'max_samples': 0.85, 'min_samples_leaf': 3, 'min_samples_split': 2, 'n_estimators': 200}",-9.985412624840903,-10.207159847069653,-10.472623935649088,-10.156210643231821,-10.022070072684343,-10.168695424695162,0.17268439414270995,42,-14.203912501536498,-14.618101936609389,-15.040352550140797,-14.012510875261524,-14.16830114918944,-14.408635802547531,0.3740399561831826,6,-0.41226215644820297,-0.3799576142900394,-0.42658610271903324,-0.3844531485387165,-0.43128390596745025,-0.40690858559268844,0.02116895440013982,43,0.9620516431208513,-1.3813667688996634,1.4252406403119486,-1.197975005891609,0.5998821554550773,0.08156653281932096,1.1512398200064349,39,-13.277309227553614,-11.614181090516125,-13.945443252985491,-11.650620721133294,-12.314338746668975,-12.560378607771499,0.9182459749124879,58,10.168695424695162,14.408635802547531,0.40690858559268844,12.560378607771499,0.08156653281932096,n200__squared_error__boostrap_true__samples_0.85
7.187168216705322,0.4481145666537647,2.3454246520996094,0.39683241617518017,True,squared_error,26,0.875,0.85,3,4,200,"{'bootstrap': True, 'criterion': 'squared_error', 'max_depth': 26, 'max_features': 0.875, 'max_samples': 0.85, 'min_samples_leaf': 3, 'min_samples_split': 4, 'n_estimators': 200}",-9.985412624840903,-10.207159847069653,-10.472623935649088,-10.156210643231821,-10.022070072684343,-10.168695424695162,0.17268439414270995,42,-14.203912501536498,-14.618101936609387,-15.040352550140797,-14.012510875261526,-14.16830114918944,-14.408635802547531,0.37403995618318203,6,-0.41226215644820297,-0.3799576142900394,-0.42658610271903324,-0.3844531485387165,-0.43128390596745025,-0.40690858559268844,0.02116895440013982,43,0.9620516431208525,-1.3813667688996631,1.4252406403119486,-1.1979750058916099,0.5998821554550773,0.08156653281932105,1.151239820006435,38,-13.277309227553614,-11.614181090516125,-13.945443252985491,-11.650620721133294,-12.314338746668975,-12.560378607771499,0.9182459749124879,58,10.168695424695162,14.408635802547531,0.40690858559268844,12.560378607771499,0.08156653281932105,n200__squared_error__boostrap_true__samples_0.85
7.51201605796814,0.05505045946427992,1.9373508453369142,0.12419738901419909,True,squared_error,26,0.875,0.85,3,8,200,"{'bootstrap': True, 'criterion': 'squared_error', 'max_depth': 26, 'max_features': 0.875, 'max_samples': 0.85, 'min_samples_leaf': 3, 'min_samples_split': 8, 'n_estimators': 200}",-10.052673251723368,-10.281124657994523,-10.57108542199905,-10.12913346534005,-10.06977545329558,-10.220758450070514,0.19277795691683178,76,-14.282882034360663,-14.724962265110157,-15.131083491210571,-14.001131599078018,-14.227559205580652,-14.473523719068012,0.40388198901355654,83,-0.41498036846874053,-0.3832879200726612,-0.4308157099697885,-0.3841518529677614,-0.4333936106088005,-0.40932589241755046,0.021839178935244535,96,0.934718844392073,-1.3669312981518584,1.4254797817579008,-1.1808474641984181,0.6069115817581304,0.08386628911156553,1.140330454706757,32,-13.238448045938219,-11.628586361595705,-13.923082336758593,-11.646808328544735,-12.317540883973649,-12.550893191362182,0.9031176396868675,46,10.220758450070514,14.473523719068012,0.40932589241755046,12.550893191362182,0.08386628911156553,n200__squared_error__boostrap_true__samples_0.85
6.404559183120727,0.5780942557410408,2.3223339557647704,0.48193691002314276,True,squared_error,26,0.875,0.85,4,2,200,"{'bootstrap': True, 'criterion': 'squared_error', 'max_depth': 26, 'max_features': 0.875, 'max_samples': 0.85, 'min_samples_leaf': 4, 'min_samples_split': 2, 'n_estimators': 200}",-10.042863368274153,-10.30002152603735,-10.57498100241958,-10.180853499690704,-10.058239063650268,-10.23139169201441,0.1953676220809306,81,-14.290610651514907,-14.744430321096898,-15.156805831561334,-14.069328298660905,-14.189639814239527,-14.490162983414715,0.40405487406207835,91,-0.41316822712171547,-0.38056312443233425,-0.427190332326284,-0.38324796625489604,-0.4388185654008439,-0.40859764310721475,0.023274117937130426,90,0.9241042756209175,-1.44237458790097,1.4097912923824119,-1.214742358298828,0.656509532983459,0.0666576309573981,1.1667315215798293,61,-13.271794542739977,-11.637552838768677,-14.027438577013651,-11.69753257794011,-12.20863181443362,-12.568590070179207,0.9357218521612513,68,10.23139169201441,14.490162983414715,0.40859764310721475,12.568590070179207,0.0666576309573981,n200__squared_error__boostrap_true__samples_0.85
6.382209587097168,0.554877150891992,2.48260612487793,0.3640691777377978,True,squared_error,26,0.875,0.85,4,4,200,"{'bootstrap': True, 'criterion': 'squared_error', 'max_depth': 26, 'max_features': 0.875, 'max_samples': 0.85, 'min_samples_leaf': 4, 'min_samples_split': 4, 'n_estimators': 200}",-10.042863368274153,-10.300021526037348,-10.574981002419584,-10.180853499690706,-10.058239063650266,-10.231391692014412,0.19536762208093192,82,-14.290610651514907,-14.744430321096898,-15.156805831561334,-14.069328298660908,-14.189639814239523,-14.490162983414715,0.40405487406207813,91,-0.41316822712171547,-0.38056312443233425,-0.427190332326284,-0.38324796625489604,-0.4388185654008439,-0.40859764310721475,0.023274117937130426,90,0.9241042756209172,-1.4423745879009695,1.4097912923824119,-1.2147423582988277,0.656509532983459,0.06665763095739818,1.1667315215798293,59,-13.271794542739977,-11.637552838768679,-14.027438577013651,-11.69753257794011,-12.20863181443362,-12.568590070179207,0.9357218521612509,68,10.231391692014412,14.490162983414715,0.40859764310721475,12.568590070179207,0.06665763095739818,n200__squared_error__boostrap_true__samples_0.85
7.123807001113891,0.042691908811327374,2.1575055599212645,0.11659428498391188,True,squared_error,26,0.875,0.85,4,8,200,"{'bootstrap': True, 'criterion': 'squared_error', 'max_depth': 26, 'max_features': 0.875, 'max_samples': 0.85, 'min_samples_leaf': 4, 'min_samples_split': 8, 'n_estimators': 200}",-10.042863368274153,-10.30002152603735,-10.574981002419584,-10.180853499690706,-10.058239063650266,-10.231391692014412,0.19536762208093203,82,-14.29061065151491,-14.744430321096901,-15.156805831561334,-14.069328298660906,-14.189639814239525,-14.490162983414715,0.40405487406207835,91,-0.41316822712171547,-0.38056312443233425,-0.427190332326284,-0.38324796625489604,-0.4388185654008439,-0.40859764310721475,0.023274117937130426,90,0.9241042756209172,-1.4423745879009697,1.4097912923824119,-1.214742358298828,0.6565095329834592,0.06665763095739811,1.1667315215798293,60,-13.271794542739977,-11.637552838768679,-14.027438577013651,-11.697532577940109,-12.20863181443362,-12.568590070179207,0.9357218521612513,68,10.231391692014412,14.490162983414715,0.40859764310721475,12.568590070179207,0.06665763095739811,n200__squared_error__boostrap_true__samples_0.85
12.51901273727417,0.18445548636965672,3.1214791774749755,0.6598268116147213,True,squared_error,26,1.0,0.85,1,2,200,"{'bootstrap': True, 'criterion': 'squared_error', 'max_depth': 26, 'max_features': 1.0, 'max_samples': 0.85, 'min_samples_leaf': 1, 'min_samples_split': 2, 'n_estimators': 200}",-9.94045391695971,-10.147373834218376,-10.46594237038656,-10.107000933100737,-10.10645793696131,-10.15344579832534,0.17170993124865988,23,-14.100229704125507,-14.69929585798545,-15.003476540089144,-13.98628071857609,-14.258486227388795,-14.409553809633,0.3832382002363402,8,-0.4089398973119903,-0.3814713896457766,-0.42749244712990936,-0.3814401928291654,-0.4370102471368294,-0.40727083481073423,0.02293017861213147,58,0.81822350473748,-1.3225955270580918,1.3311454509043497,-1.2843457130050724,0.516279033847585,0.011741349885250085,1.1050878243996507,83,-13.15435042217112,-11.566762995456518,-13.798007310414455,-11.564926017179113,-12.153876299704796,-12.447584608985201,0.8904332499084444,1,10.15344579832534,14.409553809633,0.40727083481073423,12.447584608985201,0.011741349885250085,n200__squared_error__boostrap_true__samples_0.85
11.549818229675292,0.19603800124588228,1.9161650657653808,0.3584744548841257,True,squared_error,26,1.0,0.85,1,4,200,"{'bootstrap': True, 'criterion': 'squared_error', 'max_depth': 26, 'max_features': 1.0, 'max_samples': 0.85, 'min_samples_leaf': 1, 'min_samples_split': 4, 'n_estimators': 200}",-10.000298481107498,-10.215288111259966,-10.516242220315563,-10.18697652930849,-10.051026300743434,-10.193966328546988,0.1801689833500821,59,-14.16168913750754,-14.710482976637183,-15.060890755709236,-14.044230048263826,-14.196781836296072,-14.434814950882773,0.38775709240142026,53,-0.40954394442766534,-0.3823796548592189,-0.4283987915407855,-0.380235010545345,-0.43158529234478604,-0.40642853874356016,0.021861883486363004,29,0.8401424037040504,-1.3185803299592787,1.3432774711770805,-1.258612775896138,0.4537054363658393,0.011986441078310695,1.0989198404267084,82,-13.234771301478995,-11.633343547757784,-13.841682009464261,-11.740586092541838,-12.169937117223663,-12.524064013693309,0.8687748260467265,25,10.193966328546988,14.434814950882773,0.40642853874356016,12.524064013693309,0.011986441078310695,n200__squared_error__boostrap_true__samples_0.85
10.523013305664062,0.16548849920783038,1.5722156524658204,0.12146358222179801,True,squared_error,26,1.0,0.85,1,8,200,"{'bootstrap': True, 'criterion': 'squared_error', 'max_depth': 26, 'max_features': 1.0, 'max_samples': 0.85, 'min_samples_leaf': 1, 'min_samples_split': 8, 'n_estimators': 200}",-10.037691042498489,-10.208003958226293,-10.50832761272822,-10.160060331894387,-10.041394031998298,-10.191095395469137,0.17194693836651284,55,-14.18942670042065,-14.712567491100666,-15.066539732324237,-14.007471637745878,-14.178888518041715,-14.43097881592663,0.3961022931522052,45,-0.40924192086982786,-0.3799576142900394,-0.4241691842900302,-0.3808376016872552,-0.4342977697408077,-0.405700818175592,0.022146321024000257,6,0.840744945489615,-1.3214135347308702,1.2803684785328795,-1.3170233471599941,0.47235916825279595,-0.008992857923114782,1.0999635046023781,93,-13.290959983848195,-11.694186521436404,-13.896219395325584,-11.609984079245825,-12.104314059137103,-12.519132807798622,0.9133725460608506,18,10.191095395469137,14.43097881592663,0.405700818175592,12.519132807798622,-0.008992857923114782,n200__squared_error__boostrap_true__samples_0.85
9.12381443977356,0.6531822350375425,3.239798355102539,0.73090993050358,True,squared_error,26,1.0,0.85,2,2,200,"{'bootstrap': True, 'criterion': 'squared_error', 'max_depth': 26, 'max_features': 1.0, 'max_samples': 0.85, 'min_samples_leaf': 2, 'min_samples_split': 2, 'n_estimators': 200}",-9.930908141024137,-10.155578245501008,-10.415587864923117,-10.108267439480544,-9.97435307250019,-10.1169389526858,0.17070299293618912,9,-14.155814437797039,-14.743644130284306,-14.989214529608768,-13.986589484339873,-14.174882008831348,-14.410028918172268,0.3862577138069777,9,-0.41165810933252794,-0.38268240993036634,-0.4244712990936556,-0.3838505573968063,-0.43158529234478604,-0.40684953361962845,0.02029043889731095,41,0.9378752495332502,-1.1956676106772448,1.3354903658276496,-1.1969910467043166,0.5248607420659713,0.08111354000906197,1.0740702834280897,40,-13.201225901003491,-11.706718681496396,-13.842017417717095,-11.607741894672015,-12.163544496065125,-12.504249678190826,0.8753582464121719,12,10.1169389526858,14.410028918172268,0.40684953361962845,12.504249678190826,0.08111354000906197,n200__squared_error__boostrap_true__samples_0.85
10.693576431274414,0.26600565548731864,1.431806707382202,0.256355340393248,True,squared_error,26,1.0,0.85,2,4,200,"{'bootstrap': True, 'criterion': 'squared_error', 'max_depth': 26, 'max_features': 1.0, 'max_samples': 0.85, 'min_samples_leaf': 2, 'min_samples_split': 4, 'n_estimators': 200}",-9.930908141024137,-10.155578245501008,-10.415587864923117,-10.108267439480544,-9.97435307250019,-10.1169389526858,0.17070299293618912,9,-14.155814437797039,-14.743644130284306,-14.989214529608768,-13.986589484339873,-14.174882008831348,-14.410028918172268,0.3862577138069777,9,-0.41165810933252794,-0.38268240993036634,-0.4244712990936556,-0.3838505573968063,-0.43158529234478604,-0.40684953361962845,0.02029043889731095,41,0.9378752495332497,-1.1956676106772453,1.3354903658276494,-1.1969910467043163,0.5248607420659706,0.0811135400090616,1.0740702834280897,41,-13.201225901003491,-11.706718681496396,-13.842017417717095,-11.607741894672017,-12.163544496065123,-12.504249678190824,0.8753582464121716,11,10.1169389526858,14.410028918172268,0.40684953361962845,12.504249678190824,0.0811135400090616,n200__squared_error__boostrap_true__samples_0.85
10.324869012832641,0.08558604152096083,1.1439384460449218,0.19260645022829356,True,squared_error,26,1.0,0.85,2,8,200,"{'bootstrap': True, 'criterion': 'squared_error', 'max_depth': 26, 'max_features': 1.0, 'max_samples': 0.85, 'min_samples_leaf': 2, 'min_samples_split': 8, 'n_estimators': 200}",-9.956626739966561,-10.186584659469808,-10.466867924964228,-10.09234165438798,-10.014012409921994,-10.143286677742115,0.17929233272556058,18,-14.122211893364996,-14.724532963549844,-15.051632965989903,-13.986517612572257,-14.20182972649177,-14.417345032393754,0.4039426420309382,25,-0.41316822712171547,-0.38268240993036634,-0.42477341389728096,-0.3814401928291654,-0.42857142857142855,-0.4061271344699914,0.02029831153686915,17,0.8489544758433951,-1.2745276564703252,1.3870114588109108,-1.2144797871803439,0.5847773590689658,0.06634717001452053,1.1012593894573297,62,-13.076491010799257,-11.644194731371558,-13.953179502238875,-11.63729207632786,-12.365254730489452,-12.5352824102454,0.8868677709704322,31,10.143286677742115,14.417345032393754,0.4061271344699914,12.5352824102454,0.06634717001452053,n200__squared_error__boostrap_true__samples_0.85
7.964967155456543,1.5839379104223976,2.74690203666687,1.2090354650084656,True,squared_error,26,1.0,0.85,3,2,200,"{'bootstrap': True, 'criterion': 'squared_error', 'max_depth': 26, 'max_features': 1.0, 'max_samples': 0.85, 'min_samples_leaf': 3, 'min_samples_split': 2, 'n_estimators': 200}",-9.942236080933545,-10.190250683075755,-10.442338820380833,-10.056074033087784,-10.009307020059245,-10.128041327507432,0.1768918510459989,14,-14.17879464052048,-14.749508811882214,-15.011718931520889,-13.95705391000788,-14.235141924550476,-14.426443643696388,0.39119595193390194,37,-0.413470250679553,-0.38056312443233425,-0.42779456193353477,-0.3820427839710756,-0.4294755877034358,-0.4066692617439867,0.02145066001410396,34,0.9444665472946465,-1.2731385890705127,1.3492665607979155,-1.1950621206352994,0.5974238091937646,0.08459124151610291,1.102971392855618,27,-13.165037400315391,-11.715680686753904,-13.781855159499173,-11.596884281320895,-12.348467681214556,-12.521585041820785,0.841051086878018,22,10.128041327507432,14.426443643696388,0.4066692617439867,12.521585041820785,0.08459124151610291,n200__squared_error__boostrap_true__samples_0.85
9.035040521621704,0.743751294645844,1.7999291896820069,0.7837747924174328,True,squared_error,26,1.0,0.85,3,4,200,"{'bootstrap': True, 'criterion': 'squared_error', 'max_depth': 26, 'max_features': 1.0, 'max_samples': 0.85, 'min_samples_leaf': 3, 'min_samples_split': 4, 'n_estimators': 200}",-9.942236080933544,-10.190250683075755,-10.442338820380833,-10.056074033087784,-10.009307020059246,-10.128041327507432,0.17689185104599903,14,-14.178794640520481,-14.749508811882214,-15.011718931520889,-13.95705391000788,-14.235141924550476,-14.426443643696388,0.3911959519339017,37,-0.413470250679553,-0.38056312443233425,-0.42779456193353477,-0.3820427839710756,-0.4294755877034358,-0.4066692617439867,0.02145066001410396,34,0.9444665472946459,-1.2731385890705131,1.3492665607979157,-1.195062120635299,0.5974238091937635,0.0845912415161026,1.1029713928556177,28,-13.165037400315391,-11.715680686753904,-13.781855159499173,-11.596884281320895,-12.348467681214556,-12.521585041820785,0.841051086878018,22,10.128041327507432,14.426443643696388,0.4066692617439867,12.521585041820785,0.0845912415161026,n200__squared_error__boostrap_true__samples_0.85
9.597745561599732,0.08161546074647508,1.0611515045166016,0.03920548431480796,True,squared_error,26,1.0,0.85,3,8,200,"{'bootstrap': True, 'criterion': 'squared_error', 'max_depth': 26, 'max_features': 1.0, 'max_samples': 0.85, 'min_samples_leaf': 3, 'min_samples_split': 8, 'n_estimators': 200}",-9.99356181593924,-10.223153907773574,-10.498423138718367,-10.074464474620529,-10.022900186969972,-10.162500704804335,0.18563497688352087,40,-14.231266501041295,-14.748958350022269,-15.071833767243099,-13.95584472470726,-14.253286008714559,-14.452237870345694,0.4016860622045956,73,-0.413470250679553,-0.37904934907659704,-0.41963746223564957,-0.38324796625489604,-0.42887281494876434,-0.40485556863909195,0.020011969888838372,3,0.9269456670553248,-1.2701197167026232,1.3388377648874403,-1.220595393813392,0.5528344279953901,0.06558054988442799,1.0989898910070037,63,-13.205916828413073,-11.809853008429448,-14.10415176059583,-11.551097279559313,-12.329686385261793,-12.600141052451892,0.9409788794577086,89,10.162500704804335,14.452237870345694,0.40485556863909195,12.600141052451892,0.06558054988442799,n200__squared_error__boostrap_true__samples_0.85
7.759438133239746,1.7601645683583742,1.6909183025360108,0.7343594230851742,True,squared_error,26,1.0,0.85,4,2,200,"{'bootstrap': True, 'criterion': 'squared_error', 'max_depth': 26, 'max_features': 1.0, 'max_samples': 0.85, 'min_samples_leaf': 4, 'min_samples_split': 2, 'n_estimators': 200}",-9.953907886444204,-10.21334981231407,-10.49712979580472,-10.103099655267297,-10.034918861631997,-10.160481202292456,0.18860458297245997,31,-14.18294842734952,-14.737899949942882,-15.10254655734996,-13.98641635209646,-14.228581429307614,-14.447678543209287,0.4108354827383705,66,-0.412866203563878,-0.3796548592188919,-0.42356495468277944,-0.38294667068394095,-0.4321880650994575,-0.40624415064978947,0.02129183658435429,21,0.9245649983736646,-1.3288718095590373,1.395457514516082,-1.1710700269126666,0.6003943274574275,0.08409500077509402,1.1193338115037248,29,-13.17433201230138,-11.700730001235994,-14.038681882012071,-11.662236953780102,-12.304033877754085,-12.576002945416727,0.9135059421690156,72,10.160481202292456,14.447678543209287,0.40624415064978947,12.576002945416727,0.08409500077509402,n200__squared_error__boostrap_true__samples_0.85
6.293071842193603,0.6242805923666263,1.2155964851379395,0.845875769921503,True,squared_error,26,1.0,0.85,4,4,200,"{'bootstrap': True, 'criterion': 'squared_error', 'max_depth': 26, 'max_features': 1.0, 'max_samples': 0.85, 'min_samples_leaf': 4, 'min_samples_split': 4, 'n_estimators': 200}",-9.953907886444204,-10.21334981231407,-10.497129795804721,-10.103099655267298,-10.034918861631997,-10.160481202292459,0.18860458297246052,32,-14.18294842734952,-14.737899949942884,-15.10254655734996,-13.98641635209646,-14.228581429307612,-14.447678543209289,0.41083548273837095,67,-0.412866203563878,-0.3796548592188919,-0.42356495468277944,-0.38294667068394095,-0.4321880650994575,-0.40624415064978947,0.02129183658435429,21,0.9245649983736643,-1.3288718095590384,1.3954575145160817,-1.1710700269126675,0.6003943274574269,0.08409500077509342,1.1193338115037252,31,-13.17433201230138,-11.700730001235993,-14.038681882012071,-11.662236953780102,-12.304033877754083,-12.576002945416727,0.9135059421690159,72,10.160481202292459,14.447678543209289,0.40624415064978947,12.576002945416727,0.08409500077509342,n200__squared_error__boostrap_true__samples_0.85
6.6320881843566895,0.10699180264024798,0.19744539260864258,0.022617826074654627,True,squared_error,26,1.0,0.85,4,8,200,"{'bootstrap': True, 'criterion': 'squared_error', 'max_depth': 26, 'max_features': 1.0, 'max_samples': 0.85, 'min_samples_leaf': 4, 'min_samples_split': 8, 'n_estimators': 200}",-9.953907886444204,-10.21334981231407,-10.49712979580472,-10.103099655267298,-10.034918861631997,-10.160481202292459,0.18860458297245986,32,-14.18294842734952,-14.737899949942884,-15.10254655734996,-13.98641635209646,-14.228581429307612,-14.447678543209289,0.41083548273837095,67,-0.412866203563878,-0.3796548592188919,-0.42356495468277944,-0.38294667068394095,-0.4321880650994575,-0.40624415064978947,0.02129183658435429,21,0.9245649983736643,-1.3288718095590368,1.3954575145160821,-1.1710700269126673,0.6003943274574269,0.08409500077509387,1.1193338115037248,30,-13.17433201230138,-11.700730001235994,-14.038681882012071,-11.662236953780102,-12.304033877754083,-12.576002945416727,0.9135059421690156,72,10.160481202292459,14.447678543209289,0.40624415064978947,12.576002945416727,0.08409500077509387,n200__squared_error__boostrap_true__samples_0.85
