mean_fit_time,std_fit_time,mean_score_time,std_score_time,param_bootstrap,param_criterion,param_max_depth,param_max_features,param_min_samples_leaf,param_min_samples_split,param_n_estimators,params,split0_test_MAE,split1_test_MAE,split2_test_MAE,split3_test_MAE,split4_test_MAE,mean_test_MAE,std_test_MAE,rank_test_MAE,split0_test_RMSE,split1_test_RMSE,split2_test_RMSE,split3_test_RMSE,split4_test_RMSE,mean_test_RMSE,std_test_RMSE,rank_test_RMSE,split0_test_overestimation_rate,split1_test_overestimation_rate,split2_test_overestimation_rate,split3_test_overestimation_rate,split4_test_overestimation_rate,mean_test_overestimation_rate,std_test_overestimation_rate,rank_test_overestimation_rate,split0_test_mean_signed_error,split1_test_mean_signed_error,split2_test_mean_signed_error,split3_test_mean_signed_error,split4_test_mean_signed_error,mean_test_mean_signed_error,std_test_mean_signed_error,rank_test_mean_signed_error,split0_test_mean_overestimation,split1_test_mean_overestimation,split2_test_mean_overestimation,split3_test_mean_overestimation,split4_test_mean_overestimation,mean_test_mean_overestimation,std_test_mean_overestimation,rank_test_mean_overestimation,mean_MAE,mean_RMSE,overestimation_rate,mean_overstimation,mean_signed_error,chunk_id
14.976231288909911,2.4197856218433977,1.7889431953430175,0.7883600400581163,False,squared_error,20,0.875,1,2,200,"{'bootstrap': False, 'criterion': 'squared_error', 'max_depth': 20, 'max_features': 0.875, 'min_samples_leaf': 1, 'min_samples_split': 2, 'n_estimators': 200}",-9.753137905443788,-10.104354978290152,-10.36614145991188,-10.01044016827885,-9.95489381268635,-10.037793664922203,0.2004455954095408,86,-13.982019573707165,-14.677654585716533,-14.903163533462866,-13.890308942703479,-14.163263931846634,-14.323282113487334,0.3978376594637835,60,-0.4053156146179402,-0.3796548592188919,-0.42205438066465256,-0.3844531485387165,-0.4258589511754069,-0.4034673908431216,0.018861877788955376,82,0.7522528194433282,-1.2281692190913296,1.3674382448571196,-1.1466308144939403,0.5690361498237759,0.06278543610779078,1.054800985797685,75,-12.95951888602878,-11.689809235499885,-13.900554338863774,-11.527814751258665,-12.35612159080276,-12.486763760490772,0.8711014064883843,29,10.037793664922203,14.323282113487334,0.4034673908431216,12.486763760490772,0.06278543610779078,n200__squared_error__boostrap_false
14.986084127426148,1.343076291314625,1.5543481826782226,0.5462232158400886,False,squared_error,20,0.875,1,4,200,"{'bootstrap': False, 'criterion': 'squared_error', 'max_depth': 20, 'max_features': 0.875, 'min_samples_leaf': 1, 'min_samples_split': 4, 'n_estimators': 200}",-9.828259140824906,-10.100440349379529,-10.350986119281828,-10.017035129454849,-9.902780112235389,-10.0399001702353,0.18141456761278899,88,-14.071077746464288,-14.674038398655938,-14.88172533286966,-13.86159821303046,-14.092436212412892,-14.316175180686647,0.39107164436191166,42,-0.4044095439444277,-0.37904934907659704,-0.42235649546827797,-0.3850557396806267,-0.4228450874020494,-0.4027432431143957,0.018252609471044578,70,0.7316600396944899,-1.2769920027521389,1.296595012558584,-1.0967191546485782,0.5484286735709947,0.040594513684670284,1.0336847640196611,81,-13.055971772479355,-11.638917687264483,-13.78880312818017,-11.583148951636154,-12.35820055285302,-12.485008418482638,0.8451248493355153,28,10.0399001702353,14.316175180686647,0.4027432431143957,12.485008418482638,0.040594513684670284,n200__squared_error__boostrap_false
13.782394409179688,0.8278867271391374,2.8762378215789797,0.6976823585488071,False,squared_error,20,0.875,1,8,200,"{'bootstrap': False, 'criterion': 'squared_error', 'max_depth': 20, 'max_features': 0.875, 'min_samples_leaf': 1, 'min_samples_split': 8, 'n_estimators': 200}",-9.826120809140784,-10.08478446439593,-10.357571697448794,-10.016293173707416,-9.918500781023464,-10.040654185143277,0.18106555364734508,89,-14.02714121046456,-14.650418857945958,-14.885032324112034,-13.904152357704717,-14.102467677786764,-14.313842485602809,0.3832138873992411,38,-0.40561763817577773,-0.3760217983651226,-0.42356495468277944,-0.38324796625489604,-0.4267631103074141,-0.403043093557198,0.020554375288258493,74,0.717322586437164,-1.2666582098302859,1.33534368886751,-1.135769069805882,0.5461122209136259,0.03927024331642641,1.0471500999044916,82,-12.996776278018832,-11.725551939947794,-13.80297786330491,-11.585872445302353,-12.260447012862738,-12.474325107887328,0.828737183896366,13,10.040654185143277,14.313842485602809,0.403043093557198,12.474325107887328,0.03927024331642641,n200__squared_error__boostrap_false
12.26940426826477,2.853176474589366,3.2371899127960204,0.45331037768971794,False,squared_error,20,0.875,2,2,200,"{'bootstrap': False, 'criterion': 'squared_error', 'max_depth': 20, 'max_features': 0.875, 'min_samples_leaf': 2, 'min_samples_split': 2, 'n_estimators': 200}",-9.73262222939873,-10.069862981321975,-10.280119558063546,-9.92301260949504,-9.893042311743097,-9.979731938004477,0.18447314648445123,46,-13.977133048547486,-14.693337890161702,-14.842983353328943,-13.803238526356193,-14.132289013252917,-14.28979636632945,0.4069808477659548,7,-0.4053156146179402,-0.38086587950348166,-0.42386706948640485,-0.3841518529677614,-0.4231464737793852,-0.40346937807099464,0.018388841309818008,83,0.7970154441592187,-1.1524592943931722,1.4102819087936065,-1.0212846714061967,0.5600750096489548,0.1187256793604822,1.0235739902436525,45,-12.9894300809055,-11.706750547665271,-13.79017421785359,-11.586209814320338,-12.351653587029496,-12.48484364955484,0.8233111923240493,25,9.979731938004477,14.28979636632945,0.40346937807099464,12.48484364955484,0.1187256793604822,n200__squared_error__boostrap_false
14.107991695404053,0.10755974111881333,2.0155901432037355,0.14265979903652745,False,squared_error,20,0.875,2,4,200,"{'bootstrap': False, 'criterion': 'squared_error', 'max_depth': 20, 'max_features': 0.875, 'min_samples_leaf': 2, 'min_samples_split': 4, 'n_estimators': 200}",-9.73262222939873,-10.069862981321972,-10.280119558063546,-9.92301260949504,-9.893042311743097,-9.979731938004477,0.18447314648445087,46,-13.977133048547486,-14.693337890161702,-14.842983353328941,-13.803238526356193,-14.132289013252915,-14.289796366329446,0.40698084776595445,6,-0.4053156146179402,-0.38086587950348166,-0.42386706948640485,-0.3841518529677614,-0.4231464737793852,-0.40346937807099464,0.018388841309818008,83,0.7970154441592179,-1.1524592943931722,1.4102819087936065,-1.021284671406197,0.5600750096489543,0.11872567936048191,1.0235739902436523,46,-12.9894300809055,-11.706750547665276,-13.79017421785359,-11.586209814320338,-12.3516535870295,-12.484843649554842,0.8233111923240481,26,9.979731938004477,14.289796366329446,0.40346937807099464,12.484843649554842,0.11872567936048191,n200__squared_error__boostrap_false
12.88065938949585,0.746047934358781,2.72975811958313,0.8005058410907182,False,squared_error,20,0.875,2,8,200,"{'bootstrap': False, 'criterion': 'squared_error', 'max_depth': 20, 'max_features': 0.875, 'min_samples_leaf': 2, 'min_samples_split': 8, 'n_estimators': 200}",-9.762158768531327,-10.053835422820425,-10.3027871502346,-9.94368417790938,-9.872120197507874,-9.98691714340072,0.18429089641279642,58,-14.048017082081557,-14.65210792515503,-14.870908697251513,-13.830565444212436,-14.084084081559526,-14.297136646052014,0.3950593916112861,13,-0.40380549682875266,-0.38116863457462913,-0.42356495468277944,-0.3808376016872552,-0.42857142857142855,-0.40358962326896897,0.020216361110456337,89,0.8181662957602821,-1.228134054352388,1.3354774422536182,-1.0570991775629925,0.5825415942485299,0.09019042006940994,1.0370488091328096,69,-13.100768993219717,-11.577161088185038,-13.738464979007134,-11.667158076008569,-12.197105423715806,-12.456131712027252,0.8392972305271863,4,9.98691714340072,14.297136646052014,0.40358962326896897,12.456131712027252,0.09019042006940994,n200__squared_error__boostrap_false
14.200903034210205,0.35527653313059177,2.845829629898071,0.10219993408555217,False,squared_error,20,0.875,3,2,200,"{'bootstrap': False, 'criterion': 'squared_error', 'max_depth': 20, 'max_features': 0.875, 'min_samples_leaf': 3, 'min_samples_split': 2, 'n_estimators': 200}",-9.731915732914722,-10.070523830309316,-10.277952155091295,-9.903924159839768,-9.847512972620377,-9.966365770155097,0.19022446683605795,41,-14.06107622737034,-14.681310669496954,-14.892655815215948,-13.790356344713556,-14.087160437605087,-14.302511898880377,0.4144222719939997,23,-0.4089398973119903,-0.381774144716924,-0.42114803625377645,-0.38264537511298585,-0.4231464737793852,-0.40353078543501236,0.01807735061665765,87,0.8794369607164607,-1.1892922132028902,1.426716021586895,-1.073278799026948,0.6469826822949608,0.1381129304736957,1.0675656426020952,14,-12.974220372456738,-11.631525785607657,-13.896144786515357,-11.538941713597541,-12.400547216171327,-12.488275974869724,0.8787706537975928,30,9.966365770155097,14.302511898880377,0.40353078543501236,12.488275974869724,0.1381129304736957,n200__squared_error__boostrap_false
14.960554218292236,0.25936018552977547,2.9216890811920164,0.08764542641462855,False,squared_error,20,0.875,3,4,200,"{'bootstrap': False, 'criterion': 'squared_error', 'max_depth': 20, 'max_features': 0.875, 'min_samples_leaf': 3, 'min_samples_split': 4, 'n_estimators': 200}",-9.731915732914723,-10.070523830309313,-10.277952155091294,-9.903924159839768,-9.847512972620377,-9.966365770155095,0.19022446683605654,40,-14.06107622737034,-14.681310669496954,-14.892655815215948,-13.790356344713558,-14.087160437605087,-14.302511898880377,0.4144222719939993,23,-0.4089398973119903,-0.381774144716924,-0.42114803625377645,-0.38264537511298585,-0.4231464737793852,-0.40353078543501236,0.01807735061665765,87,0.8794369607164613,-1.1892922132028907,1.4267160215868957,-1.0732787990269474,0.6469826822949607,0.13811293047369594,1.0675656426020954,13,-12.974220372456738,-11.631525785607659,-13.896144786515354,-11.538941713597541,-12.400547216171327,-12.488275974869724,0.8787706537975913,30,9.966365770155095,14.302511898880377,0.40353078543501236,12.488275974869724,0.13811293047369594,n200__squared_error__boostrap_false
12.925163269042969,0.674696992231273,3.7474192142486573,0.2574401131089266,False,squared_error,20,0.875,3,8,200,"{'bootstrap': False, 'criterion': 'squared_error', 'max_depth': 20, 'max_features': 0.875, 'min_samples_leaf': 3, 'min_samples_split': 8, 'n_estimators': 200}",-9.77423064552102,-10.037345173585312,-10.292993900902033,-9.917608286656467,-9.918101766384725,-9.98805595460991,0.17377819389862756,60,-14.064072016877615,-14.640774119715854,-14.876668888892587,-13.81214097124315,-14.199038240920034,-14.318538847529847,0.387509299424503,48,-0.40682573240712777,-0.37571904329397515,-0.4217522658610272,-0.38234407954203076,-0.4258589511754069,-0.40250001445591355,0.020290308392203936,63,0.8494209484102193,-1.228592432767471,1.419609084954887,-1.0595678299434268,0.614623036605619,0.11909856145196548,1.0654359102466706,42,-13.056759624167162,-11.722526310604882,-13.885643224636969,-11.583859840752787,-12.366447592470616,-12.523047318526483,0.8589466695054879,65,9.98805595460991,14.318538847529847,0.40250001445591355,12.523047318526483,0.11909856145196548,n200__squared_error__boostrap_false
13.80935549736023,0.4023816745067709,2.64733247756958,0.39303764063411706,False,squared_error,20,0.875,4,2,200,"{'bootstrap': False, 'criterion': 'squared_error', 'max_depth': 20, 'max_features': 0.875, 'min_samples_leaf': 4, 'min_samples_split': 2, 'n_estimators': 200}",-9.834302372238449,-10.063993444387933,-10.329185527406896,-9.915899745703651,-9.909583740699563,-10.010592966087298,0.17584133432760005,77,-14.141566374821434,-14.647684481951826,-14.912433150835973,-13.833805837007406,-14.169682741463658,-14.341034517216059,0.38651274346009035,86,-0.4077318030806403,-0.37693006357856496,-0.4241691842900302,-0.3811388972582103,-0.4258589511754069,-0.40316577987657054,0.020738697914797957,76,0.9108332733259827,-1.2866857486982073,1.4415039973370634,-0.9932091950485186,0.6649209707543995,0.14747265953414396,1.084707768753138,8,-13.176720045356975,-11.643151533679987,-13.874993706161861,-11.705300370602524,-12.415501285422593,-12.563133388244788,0.8604075099836146,95,10.010592966087298,14.341034517216059,0.40316577987657054,12.563133388244788,0.14747265953414396,n200__squared_error__boostrap_false
13.732287979125976,0.3088864178690622,2.9627474308013917,0.047299435767494194,False,squared_error,20,0.875,4,4,200,"{'bootstrap': False, 'criterion': 'squared_error', 'max_depth': 20, 'max_features': 0.875, 'min_samples_leaf': 4, 'min_samples_split': 4, 'n_estimators': 200}",-9.834302372238449,-10.063993444387933,-10.329185527406896,-9.915899745703651,-9.909583740699562,-10.010592966087298,0.17584133432760027,77,-14.141566374821434,-14.647684481951828,-14.912433150835973,-13.833805837007409,-14.169682741463658,-14.341034517216059,0.3865127434600896,86,-0.4077318030806403,-0.37693006357856496,-0.4241691842900302,-0.3811388972582103,-0.4258589511754069,-0.40316577987657054,0.020738697914797957,76,0.9108332733259815,-1.2866857486982073,1.4415039973370636,-0.9932091950485186,0.6649209707543992,0.1474726595341437,1.0847077687531377,9,-13.176720045356975,-11.643151533679987,-13.874993706161861,-11.705300370602524,-12.415501285422593,-12.563133388244788,0.8604075099836146,95,10.010592966087298,14.341034517216059,0.40316577987657054,12.563133388244788,0.1474726595341437,n200__squared_error__boostrap_false
12.579378795623779,0.43947355060410054,4.282568454742432,0.5149246552411878,False,squared_error,20,0.875,4,8,200,"{'bootstrap': False, 'criterion': 'squared_error', 'max_depth': 20, 'max_features': 0.875, 'min_samples_leaf': 4, 'min_samples_split': 8, 'n_estimators': 200}",-9.834302372238449,-10.063993444387933,-10.329185527406896,-9.915899745703651,-9.909583740699562,-10.010592966087298,0.17584133432760027,77,-14.141566374821434,-14.647684481951826,-14.912433150835973,-13.833805837007406,-14.169682741463658,-14.341034517216059,0.38651274346009035,86,-0.4077318030806403,-0.37693006357856496,-0.4241691842900302,-0.3811388972582103,-0.4258589511754069,-0.40316577987657054,0.020738697914797957,76,0.9108332733259827,-1.2866857486982062,1.4415039973370636,-0.9932091950485182,0.6649209707543992,0.1474726595341442,1.0847077687531375,7,-13.176720045356975,-11.643151533679983,-13.87499370616186,-11.705300370602522,-12.415501285422591,-12.563133388244786,0.8604075099836153,94,10.010592966087298,14.341034517216059,0.40316577987657054,12.563133388244786,0.1474726595341442,n200__squared_error__boostrap_false
24.893893194198608,1.396672847933265,2.9912298202514647,1.3694863082707196,False,squared_error,20,1.0,1,2,200,"{'bootstrap': False, 'criterion': 'squared_error', 'max_depth': 20, 'max_features': 1.0, 'min_samples_leaf': 1, 'min_samples_split': 2, 'n_estimators': 200}",-9.75405612970466,-10.052432061570478,-10.287687812732607,-9.90288987536448,-9.94055743535344,-9.987524662945132,0.17786928382189932,59,-13.987965759550939,-14.74068129879277,-14.892935667222122,-13.80302694021492,-14.186115419602924,-14.322145017076735,0.4244144179172445,59,-0.4022953790395651,-0.3796548592188919,-0.4205438066465257,-0.38264537511298585,-0.4267631103074141,-0.4023805060650766,0.019132979603473526,60,0.7236452325701925,-1.1290798008847827,1.2812513719604564,-1.1156321833018632,0.5267486700795414,0.057386658084708886,0.9945573774053391,77,-13.022398352286801,-11.751926840926977,-13.754737320881482,-11.482247354313316,-12.263602280306015,-12.454982429742918,0.8352784752080951,3,9.987524662945132,14.322145017076735,0.4023805060650766,12.454982429742918,0.057386658084708886,n200__squared_error__boostrap_false
23.77918210029602,0.32130652328472903,1.8452480792999268,0.10244172216043372,False,squared_error,20,1.0,1,4,200,"{'bootstrap': False, 'criterion': 'squared_error', 'max_depth': 20, 'max_features': 1.0, 'min_samples_leaf': 1, 'min_samples_split': 4, 'n_estimators': 200}",-9.756510045866557,-10.021172676222035,-10.345589573854896,-9.931090442874568,-9.932062716113112,-9.997285090986233,0.19416227310675144,63,-13.990295402111242,-14.674808811890461,-14.932600023944183,-13.816404407904239,-14.208774053248044,-14.324576539819635,0.41850883197993977,62,-0.40471156750226517,-0.37904934907659704,-0.4214501510574018,-0.3817414884001205,-0.42495479204339964,-0.4023814696159568,0.019230161345873673,61,0.7735534506804727,-1.183259441378948,1.2892890890973998,-1.0558181695748732,0.5325216795153157,0.07125732166787342,1.0033640933220147,72,-13.009343372040005,-11.657998168804598,-13.803386514111866,-11.624715341389775,-12.312585469750042,-12.481605773219256,0.8326787929807145,20,9.997285090986233,14.324576539819635,0.4023814696159568,12.481605773219256,0.07125732166787342,n200__squared_error__boostrap_false
18.940921306610107,1.8100639700072563,2.5513184547424315,0.5583270050461745,False,squared_error,20,1.0,1,8,200,"{'bootstrap': False, 'criterion': 'squared_error', 'max_depth': 20, 'max_features': 1.0, 'min_samples_leaf': 1, 'min_samples_split': 8, 'n_estimators': 200}",-9.752825109717918,-10.045525818395888,-10.312608497595802,-9.904916721422516,-9.924464960750067,-9.988068221576437,0.18704364978981058,61,-13.973771594496512,-14.742514950594138,-14.887031682669836,-13.787275211662978,-14.167688244723474,-14.311656336829387,0.43047982733992507,37,-0.40108728480821504,-0.3751135331516803,-0.4256797583081571,-0.3847544441096716,-0.4231464737793852,-0.40195629883142187,0.020144572988513982,43,0.7279100250230908,-1.1496642008639462,1.2948879932104105,-1.105269207311711,0.5312497582934917,0.059822873670267174,1.00142579749927,76,-13.065404379189566,-11.857558887291367,-13.634071463651015,-11.435407243278684,-12.354722734254459,-12.469432941533018,0.796030436134445,12,9.988068221576437,14.311656336829387,0.40195629883142187,12.469432941533018,0.059822873670267174,n200__squared_error__boostrap_false
18.04453945159912,0.9594566672016576,3.231180953979492,0.9508726987773662,False,squared_error,20,1.0,2,2,200,"{'bootstrap': False, 'criterion': 'squared_error', 'max_depth': 20, 'max_features': 1.0, 'min_samples_leaf': 2, 'min_samples_split': 2, 'n_estimators': 200}",-9.687997899628606,-9.9445991443317,-10.258004814964139,-9.840078827848126,-9.902516589742977,-9.926639455303109,0.1871630299905763,5,-13.977282608799955,-14.647662217726271,-14.871944996540593,-13.746805190825862,-14.206948312686647,-14.290128665315866,0.4162529299481202,8,-0.4025974025974026,-0.37935210414774445,-0.4244712990936556,-0.38234407954203076,-0.4228450874020494,-0.4023219945565765,0.0191760154084799,58,0.7807482695452725,-1.1180822174655884,1.3547858522052831,-1.0199318794640992,0.6115208996929987,0.12180818490277334,1.0035091519969574,37,-13.001507339135301,-11.63367334774093,-13.679123526096365,-11.534305642902517,-12.43249336776499,-12.456220644728022,0.8148500900656989,6,9.926639455303109,14.290128665315866,0.4023219945565765,12.456220644728022,0.12180818490277334,n200__squared_error__boostrap_false
19.96962151527405,0.1586902866433353,1.5226502895355225,0.09656140694589459,False,squared_error,20,1.0,2,4,200,"{'bootstrap': False, 'criterion': 'squared_error', 'max_depth': 20, 'max_features': 1.0, 'min_samples_leaf': 2, 'min_samples_split': 4, 'n_estimators': 200}",-9.687997899628606,-9.9445991443317,-10.258004814964139,-9.840078827848128,-9.902516589742977,-9.926639455303109,0.18716302999057613,5,-13.977282608799955,-14.64766221772627,-14.871944996540593,-13.746805190825862,-14.206948312686645,-14.290128665315866,0.41625292994811997,8,-0.4025974025974026,-0.37935210414774445,-0.4244712990936556,-0.38234407954203076,-0.4228450874020494,-0.4023219945565765,0.0191760154084799,58,0.7807482695452719,-1.1180822174655884,1.3547858522052831,-1.0199318794640995,0.6115208996929993,0.12180818490277327,1.0035091519969574,38,-13.001507339135301,-11.633673347740928,-13.679123526096365,-11.53430564290252,-12.432493367764993,-12.45622064472802,0.8148500900656984,5,9.926639455303109,14.290128665315866,0.4023219945565765,12.45622064472802,0.12180818490277327,n200__squared_error__boostrap_false
18.46027216911316,0.7747203093652256,1.6328137874603272,0.28668074325958603,False,squared_error,20,1.0,2,8,200,"{'bootstrap': False, 'criterion': 'squared_error', 'max_depth': 20, 'max_features': 1.0, 'min_samples_leaf': 2, 'min_samples_split': 8, 'n_estimators': 200}",-9.709383858130101,-9.99627656011749,-10.270193454230343,-9.898459903900838,-9.92084628535535,-9.959032012346825,0.18202193836180763,33,-13.97186560014508,-14.708814425150619,-14.8485136096064,-13.806495399501715,-14.219059509810677,-14.310949708842898,0.40624309755346244,36,-0.4025974025974026,-0.37693006357856496,-0.41963746223564957,-0.380235010545345,-0.42013261000602775,-0.3999065097925979,0.018550102325872193,6,0.8059122168226758,-1.1264686665313777,1.3431572113018087,-1.0554910098797252,0.5885586063517588,0.11113367161302808,1.0120480712288085,59,-13.059319318892964,-11.765853603419652,-13.83736166411498,-11.628293882431088,-12.507247285037366,-12.55961515077921,0.8224961398424342,90,9.959032012346825,14.310949708842898,0.3999065097925979,12.55961515077921,0.11113367161302808,n200__squared_error__boostrap_false
15.797400999069215,0.8678119530714861,3.3496742725372313,0.8407563837028775,False,squared_error,20,1.0,3,2,200,"{'bootstrap': False, 'criterion': 'squared_error', 'max_depth': 20, 'max_features': 1.0, 'min_samples_leaf': 3, 'min_samples_split': 2, 'n_estimators': 200}",-9.723508290095216,-9.988836350624654,-10.225024280948803,-9.873321574961375,-9.910542267069179,-9.944246552739845,0.16475199220307304,18,-14.002673448085915,-14.732278873666703,-14.848077819874518,-13.803742679481426,-14.218206384072015,-14.320995841036114,0.40655006993010295,55,-0.40682573240712777,-0.37935210414774445,-0.4232628398791541,-0.3796324194034348,-0.4213381555153707,-0.4020822502705664,0.019300582035119165,49,0.8262622879957174,-1.1611398193981106,1.426096677057307,-1.057194155909042,0.6040944473498223,0.12762388741913877,1.0455483807530805,28,-12.965957826302555,-11.635228109593486,-13.763458376516851,-11.611399565013768,-12.477669749085209,-12.490742725302374,0.8186519498553653,35,9.944246552739845,14.320995841036114,0.4020822502705664,12.490742725302374,0.12762388741913877,n200__squared_error__boostrap_false
17.675915431976318,0.2902228538114876,1.3923540592193604,0.26675939052126485,False,squared_error,20,1.0,3,4,200,"{'bootstrap': False, 'criterion': 'squared_error', 'max_depth': 20, 'max_features': 1.0, 'min_samples_leaf': 3, 'min_samples_split': 4, 'n_estimators': 200}",-9.723508290095216,-9.988836350624654,-10.225024280948803,-9.873321574961375,-9.910542267069179,-9.944246552739845,0.16475199220307304,18,-14.002673448085915,-14.732278873666704,-14.84807781987452,-13.803742679481424,-14.218206384072015,-14.320995841036117,0.40655006993010423,56,-0.40682573240712777,-0.37935210414774445,-0.4232628398791541,-0.3796324194034348,-0.4213381555153707,-0.4020822502705664,0.019300582035119165,49,0.8262622879957169,-1.1611398193981117,1.426096677057307,-1.0571941559090416,0.6040944473498222,0.12762388741913852,1.0455483807530805,29,-12.965957826302555,-11.635228109593486,-13.763458376516855,-11.611399565013768,-12.477669749085212,-12.490742725302374,0.8186519498553665,35,9.944246552739845,14.320995841036117,0.4020822502705664,12.490742725302374,0.12762388741913852,n200__squared_error__boostrap_false
17.486758279800416,0.15124685039965385,1.1416869163513184,0.04036045373239594,False,squared_error,20,1.0,3,8,200,"{'bootstrap': False, 'criterion': 'squared_error', 'max_depth': 20, 'max_features': 1.0, 'min_samples_leaf': 3, 'min_samples_split': 8, 'n_estimators': 200}",-9.676102345122224,-10.012986160712952,-10.240817341678666,-9.87985311556949,-9.902964971942662,-9.942544787005199,0.18461683902917483,17,-13.946373136845354,-14.73004735332328,-14.84636390963374,-13.78821697164456,-14.207338594054448,-14.303667993100277,0.419272450703065,28,-0.40561763817577773,-0.37723281864971236,-0.4214501510574018,-0.37842723711961435,-0.41862567811934903,-0.4002707046243711,0.01908897568978943,9,0.7944175921069395,-1.1020890334802045,1.3682103316125869,-1.0433034700632045,0.6013431371271752,0.12371571146065856,1.0090854148983164,33,-12.906884405125005,-11.810872075140354,-13.772717418850913,-11.675361573819808,-12.546182255541295,-12.542403545695475,0.7659546821351647,77,9.942544787005199,14.303667993100277,0.4002707046243711,12.542403545695475,0.12371571146065856,n200__squared_error__boostrap_false
14.353494262695312,1.309360799264569,2.6881614685058595,1.1165867383206238,False,squared_error,20,1.0,4,2,200,"{'bootstrap': False, 'criterion': 'squared_error', 'max_depth': 20, 'max_features': 1.0, 'min_samples_leaf': 4, 'min_samples_split': 2, 'n_estimators': 200}",-9.694453508838754,-10.057000991376063,-10.276296280101477,-9.912970621036282,-9.877465304529546,-9.963637341176424,0.19438366973074966,36,-13.978996983136105,-14.758961003092233,-14.903453068957145,-13.870649546308883,-14.207929249373771,-14.343997970173628,0.41496589593305044,92,-0.4074297795228028,-0.37753557372085983,-0.4217522658610272,-0.37902982826152454,-0.42495479204339964,-0.4021404478819228,0.0203597411815157,53,0.8563312883480948,-1.1447082736076528,1.4069487756480614,-1.0027164714050765,0.6111675200651002,0.1454045678097054,1.029215116705661,12,-12.947979415672965,-11.803248936162415,-13.850838515233155,-11.75402763220428,-12.340880748937954,-12.539395049642154,0.7854866206313856,74,9.963637341176424,14.343997970173628,0.4021404478819228,12.539395049642154,0.1454045678097054,n200__squared_error__boostrap_false
15.633822917938232,0.38678367755528975,2.045001173019409,0.17595600415457974,False,squared_error,20,1.0,4,4,200,"{'bootstrap': False, 'criterion': 'squared_error', 'max_depth': 20, 'max_features': 1.0, 'min_samples_leaf': 4, 'min_samples_split': 4, 'n_estimators': 200}",-9.694453508838754,-10.057000991376063,-10.276296280101477,-9.912970621036282,-9.877465304529546,-9.963637341176424,0.19438366973074966,36,-13.978996983136106,-14.758961003092233,-14.903453068957145,-13.870649546308883,-14.207929249373771,-14.343997970173628,0.4149658959330501,92,-0.4074297795228028,-0.37753557372085983,-0.4217522658610272,-0.37902982826152454,-0.42495479204339964,-0.4021404478819228,0.0203597411815157,53,0.856331288348096,-1.1447082736076517,1.4069487756480614,-1.0027164714050765,0.6111675200651006,0.14540456780970595,1.0292151167056607,10,-12.947979415672963,-11.803248936162415,-13.850838515233153,-11.754027632204282,-12.340880748937954,-12.539395049642154,0.7854866206313845,74,9.963637341176424,14.343997970173628,0.4021404478819228,12.539395049642154,0.14540456780970595,n200__squared_error__boostrap_false
16.265411806106567,0.08424215573287348,1.8752114295959472,0.07347961264984018,False,squared_error,20,1.0,4,8,200,"{'bootstrap': False, 'criterion': 'squared_error', 'max_depth': 20, 'max_features': 1.0, 'min_samples_leaf': 4, 'min_samples_split': 8, 'n_estimators': 200}",-9.694453508838754,-10.057000991376063,-10.276296280101477,-9.912970621036282,-9.877465304529546,-9.963637341176424,0.19438366973074966,36,-13.978996983136106,-14.758961003092233,-14.903453068957145,-13.870649546308885,-14.207929249373773,-14.343997970173628,0.41496589593304967,92,-0.4074297795228028,-0.37753557372085983,-0.4217522658610272,-0.37902982826152454,-0.42495479204339964,-0.4021404478819228,0.0203597411815157,53,0.8563312883480954,-1.1447082736076524,1.4069487756480619,-1.0027164714050771,0.6111675200651004,0.14540456780970562,1.0292151167056611,11,-12.947979415672965,-11.803248936162415,-13.850838515233155,-11.75402763220428,-12.340880748937954,-12.539395049642154,0.7854866206313856,74,9.963637341176424,14.343997970173628,0.4021404478819228,12.539395049642154,0.14540456780970562,n200__squared_error__boostrap_false
19.25141034126282,0.39917919911875166,3.692883586883545,0.6699828081123824,False,squared_error,22,0.875,1,2,200,"{'bootstrap': False, 'criterion': 'squared_error', 'max_depth': 22, 'max_features': 0.875, 'min_samples_leaf': 1, 'min_samples_split': 2, 'n_estimators': 200}",-9.798535023451855,-10.071218976123083,-10.325024207928653,-10.020236611763675,-9.927955349679454,-10.028594033789343,0.17482155091919635,85,-14.018632847402733,-14.625250169811464,-14.854776260771096,-13.876157810733273,-14.128582075448925,-14.300679832833499,0.3746347134035076,17,-0.4050135910601027,-0.37329700272479566,-0.4241691842900302,-0.3847544441096716,-0.4234478601567209,-0.4021364164682642,0.02040462384729437,51,0.7634838401616438,-1.2728284273890362,1.3290938423107754,-1.118867160070415,0.5380792286702404,0.047792264736641686,1.048757617068229,78,-13.039091893148505,-11.784705588997795,-13.737582174605592,-11.567597967960038,-12.358114850876973,-12.497418495117781,0.8029131243948582,44,10.028594033789343,14.300679832833499,0.4021364164682642,12.497418495117781,0.047792264736641686,n200__squared_error__boostrap_false
19.07390627861023,0.5471291583084815,1.9772908687591553,0.789379106730924,False,squared_error,22,0.875,1,4,200,"{'bootstrap': False, 'criterion': 'squared_error', 'max_depth': 22, 'max_features': 0.875, 'min_samples_leaf': 1, 'min_samples_split': 4, 'n_estimators': 200}",-9.816065440466534,-10.101740482182894,-10.343742759897795,-10.03197122053695,-9.931227841043995,-10.044949548825633,0.17775915840242,91,-14.038714518814182,-14.665592565504735,-14.892817379192206,-13.893134938629304,-14.107017031300604,-14.319455286688205,0.38839401004000174,53,-0.4050135910601027,-0.3823796548592189,-0.42507552870090637,-0.3850557396806267,-0.42706449668474983,-0.4049178021971208,0.018969917252693355,96,0.7086748635359554,-1.2416214554307201,1.3196673015366152,-1.127859678350855,0.5135785299470129,0.034487912247601685,1.0310430609392387,87,-12.993070524441553,-11.585500057546488,-13.719220790102309,-11.562107280326936,-12.228605341901257,-12.417700798863708,0.8349083834002572,1,10.044949548825633,14.319455286688205,0.4049178021971208,12.417700798863708,0.034487912247601685,n200__squared_error__boostrap_false
18.1076443195343,0.06531734461268483,1.569888162612915,0.06394454171711522,False,squared_error,22,0.875,1,8,200,"{'bootstrap': False, 'criterion': 'squared_error', 'max_depth': 22, 'max_features': 0.875, 'min_samples_leaf': 1, 'min_samples_split': 8, 'n_estimators': 200}",-9.820276878044659,-10.083563944562625,-10.375890614496406,-10.01160203612317,-9.957216455690086,-10.049709985783391,0.1844921206641213,94,-14.03535093462736,-14.66215081953434,-14.913513570428044,-13.871770816481355,-14.12741870102918,-14.322040968420058,0.39707096643255196,58,-0.4044095439444277,-0.37844383893430217,-0.4253776435045317,-0.38053630611630007,-0.4246534056660639,-0.4026841476331251,0.02038989698592458,69,0.7343764369204073,-1.2904866219154814,1.3371443626087427,-1.1963251302657136,0.49579809101434885,0.016101427672460776,1.0647377896361503,94,-13.049461212042322,-11.617413758681407,-13.767807448230842,-11.582701524362985,-12.30770130091033,-12.465017048845578,0.8438599494482134,10,10.049709985783391,14.322040968420058,0.4026841476331251,12.465017048845578,0.016101427672460776,n200__squared_error__boostrap_false
15.785364389419556,1.366433450921778,3.1951475143432617,0.9054626450020735,False,squared_error,22,0.875,2,2,200,"{'bootstrap': False, 'criterion': 'squared_error', 'max_depth': 22, 'max_features': 0.875, 'min_samples_leaf': 2, 'min_samples_split': 2, 'n_estimators': 200}",-9.753688968008902,-10.06271709931932,-10.312861578616538,-9.911119782780267,-9.87217477812265,-9.982512441369535,0.19245510293506493,52,-14.046418719876412,-14.6547140441802,-14.887852447865178,-13.829470483811228,-14.104118698683772,-14.304514878883358,0.3988387163710148,29,-0.40863787375415284,-0.38116863457462913,-0.42205438066465256,-0.3808376016872552,-0.42706449668474983,-0.4039525974730879,0.019683486730006704,94,0.8175362579371686,-1.1735608551348315,1.3462853659337402,-1.0405499517507173,0.5961780122733027,0.10917776585173251,1.023393218845888,60,-12.934710540690107,-11.66039836161293,-13.81237522779578,-11.646131831165775,-12.256173097577195,-12.46195781176836,0.8243226639572051,7,9.982512441369535,14.304514878883358,0.4039525974730879,12.46195781176836,0.10917776585173251,n200__squared_error__boostrap_false
17.04091320037842,0.2987424799931603,1.8263737201690673,0.2597701354730803,False,squared_error,22,0.875,2,4,200,"{'bootstrap': False, 'criterion': 'squared_error', 'max_depth': 22, 'max_features': 0.875, 'min_samples_leaf': 2, 'min_samples_split': 4, 'n_estimators': 200}",-9.7536889680089,-10.062717099319316,-10.312861578616538,-9.911119782780267,-9.87217477812265,-9.982512441369533,0.19245510293506507,51,-14.046418719876414,-14.6547140441802,-14.887852447865178,-13.829470483811228,-14.104118698683774,-14.304514878883358,0.3988387163710144,29,-0.40863787375415284,-0.38116863457462913,-0.42205438066465256,-0.3808376016872552,-0.42706449668474983,-0.4039525974730879,0.019683486730006704,94,0.8175362579371682,-1.1735608551348315,1.3462853659337404,-1.040549951750718,0.5961780122733027,0.10917776585173236,1.023393218845888,61,-12.934710540690107,-11.66039836161293,-13.81237522779578,-11.646131831165775,-12.256173097577195,-12.46195781176836,0.8243226639572051,7,9.982512441369533,14.304514878883358,0.4039525974730879,12.46195781176836,0.10917776585173236,n200__squared_error__boostrap_false
16.51732964515686,0.04789185277486547,1.7944740295410155,0.055345931352633125,False,squared_error,22,0.875,2,8,200,"{'bootstrap': False, 'criterion': 'squared_error', 'max_depth': 22, 'max_features': 0.875, 'min_samples_leaf': 2, 'min_samples_split': 8, 'n_estimators': 200}",-9.762875372999284,-10.068725093352645,-10.313915800896881,-9.931738700399036,-9.844048524789727,-9.984260698487514,0.19351289198513727,55,-14.025180650137067,-14.66799282599535,-14.884656831326005,-13.832170078801258,-14.084314102275576,-14.29886289770705,0.4045112562332926,16,-0.40712775596496525,-0.37571904329397515,-0.4244712990936556,-0.38324796625489604,-0.4246534056660639,-0.40304389405471114,0.020402494129092077,75,0.7843817615557794,-1.2495923178019817,1.3855524988210621,-1.116511970292087,0.5207680743273234,0.06491960932201928,1.0576593992615821,73,-12.953252363691323,-11.736339870122418,-13.78122422493466,-11.500682986330569,-12.203854320748892,-12.435070753165572,0.8361109657685033,2,9.984260698487514,14.29886289770705,0.40304389405471114,12.435070753165572,0.06491960932201928,n200__squared_error__boostrap_false
14.777006673812867,1.4870768558121703,2.1774203300476076,0.6561360482269355,False,squared_error,22,0.875,3,2,200,"{'bootstrap': False, 'criterion': 'squared_error', 'max_depth': 22, 'max_features': 0.875, 'min_samples_leaf': 3, 'min_samples_split': 2, 'n_estimators': 200}",-9.769470135014808,-10.063678562383057,-10.277181125627614,-9.901114274257894,-9.865636517241342,-9.975416122904942,0.17823493010681685,44,-14.07439013088479,-14.668193911995964,-14.8506461085369,-13.797808178147124,-14.115563452952664,-14.301320356503487,0.3939244739378549,18,-0.4077318030806403,-0.3799576142900394,-0.42386706948640485,-0.3808376016872552,-0.4252561784207354,-0.403530053393015,0.01986897421822339,85,0.8198548129436131,-1.212469287114622,1.4123790384226924,-1.0356307864324015,0.6426267354752802,0.12535210265891245,1.0529950364012182,31,-12.985649963959384,-11.64762718574169,-13.789181804350147,-11.639453993707598,-12.355215263116143,-12.483425642174993,0.822740971259078,23,9.975416122904942,14.301320356503487,0.403530053393015,12.483425642174993,0.12535210265891245,n200__squared_error__boostrap_false
14.269110536575317,0.8977577264007424,2.1209632396697997,0.5940138674235637,False,squared_error,22,0.875,3,4,200,"{'bootstrap': False, 'criterion': 'squared_error', 'max_depth': 22, 'max_features': 0.875, 'min_samples_leaf': 3, 'min_samples_split': 4, 'n_estimators': 200}",-9.769470135014808,-10.063678562383057,-10.277181125627614,-9.901114274257894,-9.865636517241342,-9.975416122904942,0.17823493010681685,44,-14.07439013088479,-14.668193911995964,-14.850646108536901,-13.797808178147124,-14.115563452952664,-14.301320356503487,0.3939244739378554,18,-0.4077318030806403,-0.3799576142900394,-0.42386706948640485,-0.3808376016872552,-0.4252561784207354,-0.403530053393015,0.01986897421822339,85,0.8198548129436124,-1.2124692871146225,1.412379038422693,-1.035630786432402,0.6426267354752809,0.12535210265891242,1.0529950364012184,32,-12.98564996395938,-11.64762718574169,-13.78918180435015,-11.6394539937076,-12.355215263116143,-12.483425642174993,0.8227409712590784,23,9.975416122904942,14.301320356503487,0.403530053393015,12.483425642174993,0.12535210265891242,n200__squared_error__boostrap_false
14.91217498779297,0.21253360482598027,1.551293420791626,0.11906608713350093,False,squared_error,22,0.875,3,8,200,"{'bootstrap': False, 'criterion': 'squared_error', 'max_depth': 22, 'max_features': 0.875, 'min_samples_leaf': 3, 'min_samples_split': 8, 'n_estimators': 200}",-9.727553267929656,-10.052995134350232,-10.292669973756038,-9.921846135310531,-9.831398464342401,-9.965292595137772,0.19555199014564695,39,-14.000760329083356,-14.679505734492665,-14.859229146758508,-13.848955132755794,-14.068442248193321,-14.29137851825673,0.4007480596831947,11,-0.40924192086982786,-0.3763245534362701,-0.42084592145015104,-0.3820427839710756,-0.4246534056660639,-0.40262171707867767,0.019881535799348485,68,0.8572516615049522,-1.2546866259273766,1.4195644753838843,-1.044847224357785,0.6516297085708487,0.12578239903490468,1.0734526705925478,30,-12.932210007881176,-11.689788014207835,-13.915109844455545,-11.617807328648325,-12.343040268887918,-12.499591092816159,0.8542463643774999,49,9.965292595137772,14.29137851825673,0.40262171707867767,12.499591092816159,0.12578239903490468,n200__squared_error__boostrap_false
14.376426839828492,0.5979894067972644,1.4963953495025635,0.38778180501943627,False,squared_error,22,0.875,4,2,200,"{'bootstrap': False, 'criterion': 'squared_error', 'max_depth': 22, 'max_features': 0.875, 'min_samples_leaf': 4, 'min_samples_split': 2, 'n_estimators': 200}",-9.839739664033965,-10.070856440451927,-10.290896523524216,-9.954843726034882,-9.850617778756563,-10.00139082656031,0.16713423523944462,70,-14.122103989047352,-14.639939304355837,-14.889971308258152,-13.880376170306743,-14.092573188811343,-14.324992792155886,0.37716275215726824,65,-0.4035034732709151,-0.3763245534362701,-0.4214501510574018,-0.38324796625489604,-0.4246534056660639,-0.4018359099371094,0.019516548334088852,33,0.8741354759850659,-1.2670663844529806,1.441511053081422,-1.0834172820381907,0.6272163817122662,0.11847584885751657,1.0903701143957494,48,-13.276063094537054,-11.697071019696104,-13.919092859700598,-11.574003289160776,-12.336924678649956,-12.5606309883489,0.9084576273822753,92,10.00139082656031,14.324992792155886,0.4018359099371094,12.5606309883489,0.11847584885751657,n200__squared_error__boostrap_false
11.98838701248169,1.4015538904899087,3.107922077178955,0.7503142933879793,False,squared_error,22,0.875,4,4,200,"{'bootstrap': False, 'criterion': 'squared_error', 'max_depth': 22, 'max_features': 0.875, 'min_samples_leaf': 4, 'min_samples_split': 4, 'n_estimators': 200}",-9.839739664033965,-10.070856440451927,-10.290896523524218,-9.95484372603488,-9.850617778756563,-10.00139082656031,0.16713423523944534,70,-14.12210398904735,-14.639939304355837,-14.889971308258152,-13.880376170306743,-14.092573188811343,-14.324992792155886,0.37716275215726836,65,-0.4035034732709151,-0.3763245534362701,-0.4214501510574018,-0.38324796625489604,-0.4246534056660639,-0.4018359099371094,0.019516548334088852,33,0.8741354759850655,-1.2670663844529813,1.441511053081423,-1.0834172820381909,0.6272163817122669,0.11847584885751665,1.0903701143957498,47,-13.276063094537054,-11.697071019696104,-13.919092859700596,-11.574003289160776,-12.336924678649956,-12.560630988348898,0.9084576273822748,91,10.00139082656031,14.324992792155886,0.4018359099371094,12.560630988348898,0.11847584885751665,n200__squared_error__boostrap_false
13.849822282791138,0.34905230052642555,2.627874231338501,0.07398315207685469,False,squared_error,22,0.875,4,8,200,"{'bootstrap': False, 'criterion': 'squared_error', 'max_depth': 22, 'max_features': 0.875, 'min_samples_leaf': 4, 'min_samples_split': 8, 'n_estimators': 200}",-9.839739664033965,-10.070856440451927,-10.290896523524218,-9.954843726034882,-9.850617778756563,-10.00139082656031,0.16713423523944523,70,-14.122103989047352,-14.639939304355837,-14.889971308258152,-13.880376170306743,-14.092573188811345,-14.324992792155886,0.37716275215726797,65,-0.4035034732709151,-0.3763245534362701,-0.4214501510574018,-0.38324796625489604,-0.4246534056660639,-0.4018359099371094,0.019516548334088852,33,0.8741354759850657,-1.2670663844529813,1.441511053081423,-1.0834172820381907,0.6272163817122658,0.11847584885751652,1.0903701143957498,49,-13.276063094537054,-11.697071019696104,-13.919092859700598,-11.574003289160778,-12.336924678649956,-12.5606309883489,0.9084576273822749,92,10.00139082656031,14.324992792155886,0.4018359099371094,12.5606309883489,0.11847584885751652,n200__squared_error__boostrap_false
22.508634662628175,0.5002705342751459,2.9277061462402343,0.21674249422380623,False,squared_error,22,1.0,1,2,200,"{'bootstrap': False, 'criterion': 'squared_error', 'max_depth': 22, 'max_features': 1.0, 'min_samples_leaf': 1, 'min_samples_split': 2, 'n_estimators': 200}",-9.718834838284003,-10.04391138697542,-10.31228992214717,-9.973315208563815,-9.942052634426087,-9.9980807980793,0.19108040827591982,65,-13.954855808063568,-14.772548665339464,-14.880141544771007,-13.828981723634312,-14.196563895379334,-14.326618327437538,0.4261468136552454,73,-0.4028994261552401,-0.37904934907659704,-0.42114803625377645,-0.38324796625489604,-0.4243520192887282,-0.4021393594058475,0.01868337800417134,52,0.7153194294413506,-1.1038382863920122,1.2708621735891752,-1.0900753947502841,0.5223562178088577,0.06292482793941742,0.9784226313376538,74,-12.94883237647625,-11.792756170617812,-13.751877129443082,-11.589415464641158,-12.329868100751263,-12.482549848385911,0.790623450678645,21,9.9980807980793,14.326618327437538,0.4021393594058475,12.482549848385911,0.06292482793941742,n200__squared_error__boostrap_false
20.2033492565155,1.0536061525120624,2.770425319671631,0.2736780362231806,False,squared_error,22,1.0,1,4,200,"{'bootstrap': False, 'criterion': 'squared_error', 'max_depth': 22, 'max_features': 1.0, 'min_samples_leaf': 1, 'min_samples_split': 4, 'n_estimators': 200}",-9.770529090483354,-10.010620293878747,-10.288474812276345,-9.979368932053458,-9.95842348913177,-10.001483323564734,0.1662111020665843,73,-13.973534096402823,-14.686217205131946,-14.813858646235369,-13.868263941250289,-14.209086655292989,-14.310192108862683,0.3778720125432698,35,-0.40169133192389006,-0.37753557372085983,-0.41812688821752264,-0.3838505573968063,-0.42495479204339964,-0.4012318286604957,0.01850434684746982,19,0.657531638039256,-1.187454158788591,1.2771050639738764,-1.0858306956356762,0.526372348285383,0.03754483917484963,0.9922137524299313,83,-12.980191380503143,-11.685211605534397,-13.8302273809206,-11.584636344847178,-12.336366166152523,-12.483326575591567,0.8399101632868924,22,10.001483323564734,14.310192108862683,0.4012318286604957,12.483326575591567,0.03754483917484963,n200__squared_error__boostrap_false
17.342809867858886,0.5567876215369234,2.7899998664855956,0.28094625393647393,False,squared_error,22,1.0,1,8,200,"{'bootstrap': False, 'criterion': 'squared_error', 'max_depth': 22, 'max_features': 1.0, 'min_samples_leaf': 1, 'min_samples_split': 8, 'n_estimators': 200}",-9.779730895188196,-10.084720604077994,-10.287133283124266,-9.941279074885394,-9.924238654279788,-10.003420502311126,0.17162226600240657,74,-14.010476775848154,-14.772528581406352,-14.845005823659276,-13.8581780035145,-14.178479540370496,-14.332933744959757,0.4021663949892715,80,-0.39867109634551495,-0.3781410838631547,-0.42477341389728096,-0.38234407954203076,-0.42163954189270647,-0.4011138431081376,0.019324069467496437,17,0.7188764277193886,-1.1530239120139785,1.2923101539447912,-1.1299995464994261,0.4786510782554165,0.04136284028123834,1.0013754941098512,80,-13.167003350813262,-11.810005674094255,-13.630141456862935,-11.522709517223413,-12.336235930147181,-12.49321918582821,0.7974823901999106,41,10.003420502311126,14.332933744959757,0.4011138431081376,12.49321918582821,0.04136284028123834,n200__squared_error__boostrap_false
18.337160968780516,0.4036699230139386,2.623857307434082,0.1849674325510514,False,squared_error,22,1.0,2,2,200,"{'bootstrap': False, 'criterion': 'squared_error', 'max_depth': 22, 'max_features': 1.0, 'min_samples_leaf': 2, 'min_samples_split': 2, 'n_estimators': 200}",-9.68607666438035,-9.995170638785902,-10.194880929886377,-9.86460863677377,-9.889111061235312,-9.925969586212343,0.16719714552493975,3,-13.950508745602724,-14.713156050245617,-14.78508573859899,-13.748412255192562,-14.210606435846874,-14.281553845097353,0.4095580981807492,3,-0.4053156146179402,-0.3781410838631547,-0.4217522658610272,-0.37842723711961435,-0.4207353827606992,-0.40087431684448716,0.019342942332210903,12,0.7814146977333066,-1.1253580008486308,1.3573936268459803,-1.017619429073015,0.5735806908933468,0.11388231711019763,1.00192367161879,57,-12.912765983591028,-11.72817900044308,-13.695569048275111,-11.689154928486785,-12.43381491173456,-12.491896774506113,0.7559088101549444,38,9.925969586212343,14.281553845097353,0.40087431684448716,12.491896774506113,0.11388231711019763,n200__squared_error__boostrap_false
17.708754968643188,0.6770536194120147,2.461884117126465,0.0940942726279515,False,squared_error,22,1.0,2,4,200,"{'bootstrap': False, 'criterion': 'squared_error', 'max_depth': 22, 'max_features': 1.0, 'min_samples_leaf': 2, 'min_samples_split': 4, 'n_estimators': 200}",-9.68607666438035,-9.995170638785902,-10.194880929886379,-9.86460863677377,-9.889111061235312,-9.925969586212343,0.1671971455249403,3,-13.950508745602724,-14.713156050245615,-14.785085738598989,-13.748412255192564,-14.210606435846874,-14.281553845097353,0.40955809818074784,3,-0.4053156146179402,-0.3781410838631547,-0.4217522658610272,-0.37842723711961435,-0.4207353827606992,-0.40087431684448716,0.019342942332210903,12,0.7814146977333075,-1.1253580008486301,1.357393626845981,-1.017619429073015,0.5735806908933472,0.11388231711019814,1.0019236716187903,56,-12.912765983591028,-11.72817900044308,-13.695569048275111,-11.689154928486785,-12.43381491173456,-12.491896774506113,0.7559088101549444,38,9.925969586212343,14.281553845097353,0.40087431684448716,12.491896774506113,0.11388231711019814,n200__squared_error__boostrap_false
14.778198051452637,0.34713025877604337,2.9123376846313476,0.320324926082674,False,squared_error,22,1.0,2,8,200,"{'bootstrap': False, 'criterion': 'squared_error', 'max_depth': 22, 'max_features': 1.0, 'min_samples_leaf': 2, 'min_samples_split': 8, 'n_estimators': 200}",-9.705074797377945,-10.015288751521577,-10.224839413350955,-9.896665898605622,-9.93369617667833,-9.955113007506885,0.1689776943169841,26,-13.933355126637403,-14.721385816431427,-14.802984889893132,-13.808635529273253,-14.248440299415225,-14.302960332330088,0.40225412288574636,27,-0.40169133192389006,-0.3781410838631547,-0.4199395770392749,-0.37812594154865925,-0.4246534056660639,-0.40051026800820855,0.019815259411507906,10,0.783153300112758,-1.1295303701111052,1.3055228675543706,-1.087398474213921,0.5943408101456475,0.09321762669754996,1.0085421872068565,68,-13.05508392135027,-11.749263384226898,-13.728596816473607,-11.648589076317155,-12.396035032747328,-12.515513646223052,0.7893895961741298,63,9.955113007506885,14.302960332330088,0.40051026800820855,12.515513646223052,0.09321762669754996,n200__squared_error__boostrap_false
14.98211669921875,0.45812622673560177,2.9007779598236083,0.529418159449744,False,squared_error,22,1.0,3,2,200,"{'bootstrap': False, 'criterion': 'squared_error', 'max_depth': 22, 'max_features': 1.0, 'min_samples_leaf': 3, 'min_samples_split': 2, 'n_estimators': 200}",-9.704242682484843,-9.981558671136641,-10.251105603503408,-9.896612185389278,-9.917281126710769,-9.950160053844987,0.17662267613722035,24,-13.98434154048661,-14.74835513281085,-14.859388801889036,-13.829503632236523,-14.24139781734039,-14.332597384952681,0.4081829296336094,78,-0.4035034732709151,-0.3766273085074175,-0.4205438066465257,-0.3811388972582103,-0.42646172393007836,-0.4016550419226294,0.02011404104230183,29,0.8500952029055611,-1.0965993204256324,1.4105981666421878,-0.9950628324764164,0.6392897598845807,0.1616641953060562,1.018149693192981,2,-13.078373030886086,-11.795426340594238,-13.865028548556726,-11.677566127398334,-12.376926573047127,-12.558664124096504,0.820801984488843,86,9.950160053844987,14.332597384952681,0.4016550419226294,12.558664124096504,0.1616641953060562,n200__squared_error__boostrap_false
15.366941022872926,0.09025438756144612,2.4882700443267822,0.03243318549087428,False,squared_error,22,1.0,3,4,200,"{'bootstrap': False, 'criterion': 'squared_error', 'max_depth': 22, 'max_features': 1.0, 'min_samples_leaf': 3, 'min_samples_split': 4, 'n_estimators': 200}",-9.704242682484841,-9.981558671136641,-10.251105603503408,-9.896612185389277,-9.917281126710769,-9.950160053844986,0.17662267613722096,23,-13.984341540486609,-14.74835513281085,-14.859388801889036,-13.829503632236523,-14.24139781734039,-14.332597384952681,0.4081829296336097,78,-0.4035034732709151,-0.3766273085074175,-0.4205438066465257,-0.3811388972582103,-0.42646172393007836,-0.4016550419226294,0.02011404104230183,29,0.8500952029055608,-1.096599320425633,1.4105981666421885,-0.9950628324764155,0.639289759884581,0.16166419530605639,1.0181496931929812,1,-13.078373030886086,-11.795426340594238,-13.865028548556726,-11.677566127398334,-12.376926573047127,-12.558664124096504,0.820801984488843,86,9.950160053844986,14.332597384952681,0.4016550419226294,12.558664124096504,0.16166419530605639,n200__squared_error__boostrap_false
14.112485885620117,0.40656122840910214,2.9232643127441404,0.37047412947264824,False,squared_error,22,1.0,3,8,200,"{'bootstrap': False, 'criterion': 'squared_error', 'max_depth': 22, 'max_features': 1.0, 'min_samples_leaf': 3, 'min_samples_split': 8, 'n_estimators': 200}",-9.713670834918561,-9.98453431980339,-10.22275751905583,-9.869108839753592,-9.915056425961433,-9.941025587898562,0.16661481958315186,16,-13.991955593883329,-14.693861104419685,-14.810799799610425,-13.80456143840192,-14.22661586894179,-14.30555876105143,0.3902882168049467,31,-0.4050135910601027,-0.37359975779594307,-0.4226586102719033,-0.3793311238324797,-0.4204339963833635,-0.4002074158687585,0.02039635774698684,8,0.8396085116790825,-1.1187421320641981,1.3924426593845185,-1.0824149821371172,0.5419858808589484,0.11457598754424683,1.0290923743386684,55,-13.028302728033108,-11.86536126260233,-13.740640668562389,-11.581825620901144,-12.436009453057356,-12.530427946631264,0.7827603782505188,73,9.941025587898562,14.30555876105143,0.4002074158687585,12.530427946631264,0.11457598754424683,n200__squared_error__boostrap_false
13.637656784057617,0.19459141137367256,2.739517068862915,0.3342596312769656,False,squared_error,22,1.0,4,2,200,"{'bootstrap': False, 'criterion': 'squared_error', 'max_depth': 22, 'max_features': 1.0, 'min_samples_leaf': 4, 'min_samples_split': 2, 'n_estimators': 200}",-9.720580998059525,-9.984298270621245,-10.2350951296239,-9.885600716431007,-9.874440376088025,-9.940003098164741,0.16996794816237568,13,-14.033440850885556,-14.697952677890148,-14.856880959951395,-13.84013357278587,-14.166232884151373,-14.318928189132867,0.39169271318594734,49,-0.4083358501963153,-0.3763245534362701,-0.4214501510574018,-0.3814401928291654,-0.41983122362869196,-0.4014763942295689,0.019062881849799245,23,0.8688992496727529,-1.1380284743071398,1.3655792313628783,-1.0054778435930616,0.5697402659796517,0.1321424858230163,1.0161872694915073,20,-12.966630584408867,-11.753511318272526,-13.762807216797935,-11.640255851085758,-12.438546794824319,-12.512350353077881,0.7889037156665983,58,9.940003098164741,14.318928189132867,0.4014763942295689,12.512350353077881,0.1321424858230163,n200__squared_error__boostrap_false
13.725370454788209,0.1057747688511106,2.553041458129883,0.06263954827222272,False,squared_error,22,1.0,4,4,200,"{'bootstrap': False, 'criterion': 'squared_error', 'max_depth': 22, 'max_features': 1.0, 'min_samples_leaf': 4, 'min_samples_split': 4, 'n_estimators': 200}",-9.720580998059527,-9.984298270621245,-10.2350951296239,-9.885600716431007,-9.874440376088026,-9.940003098164741,0.1699679481623751,13,-14.033440850885556,-14.697952677890148,-14.856880959951393,-13.840133572785868,-14.166232884151372,-14.318928189132867,0.39169271318594745,49,-0.4083358501963153,-0.3763245534362701,-0.4214501510574018,-0.3814401928291654,-0.41983122362869196,-0.4014763942295689,0.019062881849799245,23,0.8688992496727527,-1.1380284743071398,1.3655792313628778,-1.0054778435930625,0.5697402659796517,0.13214248582301596,1.0161872694915073,21,-12.966630584408867,-11.753511318272526,-13.762807216797935,-11.640255851085758,-12.438546794824319,-12.512350353077881,0.7889037156665983,58,9.940003098164741,14.318928189132867,0.4014763942295689,12.512350353077881,0.13214248582301596,n200__squared_error__boostrap_false
13.587297439575195,0.2943184565016484,3.2753846645355225,0.4144094526219198,False,squared_error,22,1.0,4,8,200,"{'bootstrap': False, 'criterion': 'squared_error', 'max_depth': 22, 'max_features': 1.0, 'min_samples_leaf': 4, 'min_samples_split': 8, 'n_estimators': 200}",-9.720580998059525,-9.984298270621245,-10.2350951296239,-9.885600716431007,-9.874440376088025,-9.940003098164741,0.16996794816237568,13,-14.033440850885556,-14.697952677890148,-14.856880959951393,-13.840133572785868,-14.166232884151373,-14.318928189132867,0.3916927131859473,49,-0.4083358501963153,-0.3763245534362701,-0.4214501510574018,-0.3814401928291654,-0.41983122362869196,-0.4014763942295689,0.019062881849799245,23,0.8688992496727527,-1.1380284743071398,1.3655792313628776,-1.0054778435930622,0.5697402659796513,0.13214248582301594,1.0161872694915073,22,-12.966630584408867,-11.753511318272524,-13.762807216797935,-11.640255851085758,-12.438546794824319,-12.512350353077881,0.7889037156665986,58,9.940003098164741,14.318928189132867,0.4014763942295689,12.512350353077881,0.13214248582301594,n200__squared_error__boostrap_false
18.49241213798523,0.03798100029026517,3.3178003311157225,0.5144121890141287,False,squared_error,24,0.875,1,2,200,"{'bootstrap': False, 'criterion': 'squared_error', 'max_depth': 24, 'max_features': 0.875, 'min_samples_leaf': 1, 'min_samples_split': 2, 'n_estimators': 200}",-9.77439218283117,-10.078547372389531,-10.372925821160951,-9.983902214069289,-9.99412241168436,-10.040778000427059,0.19396994773814133,90,-13.999938622316046,-14.648940524899377,-14.95273353917635,-13.840426262750745,-14.212096470929499,-14.330827084014405,0.41280525633971027,74,-0.40622168529145275,-0.37571904329397515,-0.427190332326284,-0.380235010545345,-0.42163954189270647,-0.40220112266995267,0.02098708305061674,56,0.6990893036008208,-1.2751912825771756,1.3357158913396214,-1.204569869504621,0.510031539177674,0.013015116407263915,1.0591741480177805,96,-12.891337249656626,-11.715344546595572,-13.704244720076696,-11.544613332650608,-12.456319803059412,-12.46237193040778,0.790775145664845,9,10.040778000427059,14.330827084014405,0.40220112266995267,12.46237193040778,0.013015116407263915,n200__squared_error__boostrap_false
16.713174533843993,0.10024255434952235,2.6983980178833007,0.17228005417582357,False,squared_error,24,0.875,1,4,200,"{'bootstrap': False, 'criterion': 'squared_error', 'max_depth': 24, 'max_features': 0.875, 'min_samples_leaf': 1, 'min_samples_split': 4, 'n_estimators': 200}",-9.784848865605118,-10.087120247471615,-10.32968338470945,-10.04881259360001,-10.006633657187503,-10.05141974971474,0.17422847281796824,95,-13.995934883845585,-14.640355831109174,-14.837403866643886,-13.937373964409272,-14.206962108636215,-14.323606130928829,0.35622129255459634,61,-0.4050135910601027,-0.3796548592188919,-0.42477341389728096,-0.3811388972582103,-0.42374924653405666,-0.4028660015937085,0.019654419181156648,73,0.7420946281517553,-1.1850538347155306,1.264521013986876,-1.1289848669257894,0.4939614851941846,0.037307685138299206,1.0065501363440241,84,-12.995790420517901,-11.723893684742162,-13.647516557498163,-11.701544752897922,-12.390104794602575,-12.491770042051746,0.75022829594036,37,10.05141974971474,14.323606130928829,0.4028660015937085,12.491770042051746,0.037307685138299206,n200__squared_error__boostrap_false
14.274242401123047,0.6690810579739994,2.6737086296081545,0.2635010867152434,False,squared_error,24,0.875,1,8,200,"{'bootstrap': False, 'criterion': 'squared_error', 'max_depth': 24, 'max_features': 0.875, 'min_samples_leaf': 1, 'min_samples_split': 8, 'n_estimators': 200}",-9.812742671967007,-10.076135599314622,-10.387839072341349,-10.008869982546624,-9.954629573314707,-10.048043379896862,0.19072357110124732,93,-14.044013772398914,-14.656249750942658,-14.914652435302276,-13.860387183572163,-14.155908137765636,-14.326242255996329,0.39517567311818613,72,-0.4059196617336152,-0.37753557372085983,-0.4232628398791541,-0.3814401928291654,-0.42224231464737794,-0.40208011656203446,0.019485405517298268,48,0.7054409483090209,-1.2450061600912155,1.2957419991420602,-1.1583225033482438,0.5478457064726974,0.02913999809686385,1.0357832631371247,91,-12.955991803100419,-11.695758034384488,-13.801803478447566,-11.601487789675918,-12.436549956579087,-12.498318212437496,0.8198490005256591,47,10.048043379896862,14.326242255996329,0.40208011656203446,12.498318212437496,0.02913999809686385,n200__squared_error__boostrap_false
14.003872489929199,0.11918787385976402,3.4255488872528077,0.1416637948499173,False,squared_error,24,0.875,2,2,200,"{'bootstrap': False, 'criterion': 'squared_error', 'max_depth': 24, 'max_features': 0.875, 'min_samples_leaf': 2, 'min_samples_split': 2, 'n_estimators': 200}",-9.733890645645046,-10.072152298179214,-10.27787856256734,-9.973745636902583,-9.858516916683774,-9.983236811995592,0.18576241289787618,53,-14.035511440871618,-14.627257003608118,-14.84457295395707,-13.870780513999108,-14.110442250036336,-14.29771283249445,0.3724906437912407,14,-0.4044095439444277,-0.3781410838631547,-0.4241691842900302,-0.38294667068394095,-0.42646172393007836,-0.4032256413423264,0.02010184481826448,79,0.8554443892691946,-1.2226333886730458,1.3682719655619169,-1.0560779970420429,0.5546544160473108,0.09993187703266675,1.0461162492585332,66,-13.092340664899572,-11.701345459607234,-13.728190259297664,-11.643485010502415,-12.208799463604853,-12.474832171582348,0.8139307627693989,14,9.983236811995592,14.29771283249445,0.4032256413423264,12.474832171582348,0.09993187703266675,n200__squared_error__boostrap_false
15.00953426361084,0.21617093367966775,2.3232378482818605,0.14744977702733322,False,squared_error,24,0.875,2,4,200,"{'bootstrap': False, 'criterion': 'squared_error', 'max_depth': 24, 'max_features': 0.875, 'min_samples_leaf': 2, 'min_samples_split': 4, 'n_estimators': 200}",-9.733890645645044,-10.072152298179214,-10.27787856256734,-9.973745636902583,-9.858516916683774,-9.983236811995592,0.18576241289787665,53,-14.035511440871618,-14.627257003608118,-14.84457295395707,-13.870780513999108,-14.110442250036336,-14.29771283249445,0.3724906437912407,14,-0.4044095439444277,-0.3781410838631547,-0.4241691842900302,-0.38294667068394095,-0.42646172393007836,-0.4032256413423264,0.02010184481826448,79,0.8554443892691946,-1.222633388673047,1.3682719655619173,-1.0560779970420424,0.5546544160473108,0.09993187703266666,1.0461162492585336,67,-13.092340664899568,-11.701345459607234,-13.728190259297664,-11.643485010502415,-12.208799463604853,-12.474832171582348,0.8139307627693984,14,9.983236811995592,14.29771283249445,0.4032256413423264,12.474832171582348,0.09993187703266666,n200__squared_error__boostrap_false
13.946485090255738,0.24270316556878466,2.0194524765014648,0.2581912070220806,False,squared_error,24,0.875,2,8,200,"{'bootstrap': False, 'criterion': 'squared_error', 'max_depth': 24, 'max_features': 0.875, 'min_samples_leaf': 2, 'min_samples_split': 8, 'n_estimators': 200}",-9.761413870410163,-10.06758172322007,-10.335522832637382,-9.963172655375313,-9.897405588772134,-10.005019334083011,0.1927807561564063,75,-14.000562456431378,-14.6527866127971,-14.917004533510767,-13.844341947206008,-14.119630687461528,-14.306865247481355,0.4085921004882036,33,-0.4089398973119903,-0.38056312443233425,-0.42114803625377645,-0.3820427839710756,-0.42646172393007836,-0.403831113179851,0.01925746937190812,90,0.8069233834135923,-1.2319871424349231,1.3957295825516356,-1.104851605577412,0.5786760130230199,0.08889804619518252,1.0614167342512524,70,-12.92162653154005,-11.608579514850172,-13.927706418319815,-11.593362604211055,-12.282557863871494,-12.466766586558517,0.8802834976889055,11,10.005019334083011,14.306865247481355,0.403831113179851,12.466766586558517,0.08889804619518252,n200__squared_error__boostrap_false
12.153333234786988,0.509621952244716,3.2480912685394285,0.32221976444591216,False,squared_error,24,0.875,3,2,200,"{'bootstrap': False, 'criterion': 'squared_error', 'max_depth': 24, 'max_features': 0.875, 'min_samples_leaf': 3, 'min_samples_split': 2, 'n_estimators': 200}",-9.75498568440035,-10.087039335186722,-10.296625359874769,-9.898712674573737,-9.870142307338584,-9.981501072274831,0.19026589596656324,49,-14.051333783139214,-14.713039334864192,-14.875134267558789,-13.793413186563969,-14.142960861024829,-14.3151762866302,0.41069592099538055,39,-0.4053156146179402,-0.37753557372085983,-0.4217522658610272,-0.37782464597770415,-0.4252561784207354,-0.4015368557196533,0.02061008745165924,27,0.8320598651164006,-1.1941319380797137,1.4687561929163842,-1.0899322993257192,0.6361956552854192,0.1305894951825542,1.0754486232793352,23,-13.060248813133366,-11.777575434099617,-13.948213803631345,-11.657233678408362,-12.3529515804346,-12.559244661941458,0.8540992761646697,88,9.981501072274831,14.3151762866302,0.4015368557196533,12.559244661941458,0.1305894951825542,n200__squared_error__boostrap_false
13.276205444335938,0.779906766800881,2.72098593711853,0.4627052467858948,False,squared_error,24,0.875,3,4,200,"{'bootstrap': False, 'criterion': 'squared_error', 'max_depth': 24, 'max_features': 0.875, 'min_samples_leaf': 3, 'min_samples_split': 4, 'n_estimators': 200}",-9.754985684400348,-10.087039335186722,-10.296625359874769,-9.898712674573739,-9.870142307338586,-9.981501072274833,0.1902658959665633,50,-14.051333783139214,-14.713039334864192,-14.875134267558789,-13.793413186563969,-14.142960861024829,-14.3151762866302,0.41069592099538055,39,-0.4053156146179402,-0.37753557372085983,-0.4217522658610272,-0.37782464597770415,-0.4252561784207354,-0.4015368557196533,0.02061008745165924,27,0.8320598651164008,-1.1941319380797137,1.468756192916384,-1.089932299325719,0.6361956552854184,0.13058949518255408,1.075448623279335,24,-13.060248813133366,-11.777575434099619,-13.948213803631345,-11.657233678408362,-12.3529515804346,-12.55924466194146,0.8540992761646694,89,9.981501072274833,14.3151762866302,0.4015368557196533,12.55924466194146,0.13058949518255408,n200__squared_error__boostrap_false
13.728944015502929,0.1130964527469044,2.097601318359375,0.28243344966513834,False,squared_error,24,0.875,3,8,200,"{'bootstrap': False, 'criterion': 'squared_error', 'max_depth': 24, 'max_features': 0.875, 'min_samples_leaf': 3, 'min_samples_split': 8, 'n_estimators': 200}",-9.768378819329975,-10.053064789804722,-10.280863221965266,-9.917684588847349,-9.855208427513363,-9.975039969492133,0.17887079329299196,43,-14.048517416741317,-14.641383754058166,-14.863154475185963,-13.804930802934392,-14.096599128890906,-14.290917115562149,0.3957226934209996,10,-0.40652370884929023,-0.3751135331516803,-0.4229607250755287,-0.38354926182585114,-0.42103676913803495,-0.40183679960807706,0.01941851273180855,36,0.8788621366550483,-1.224924843355615,1.414204736610665,-1.0667081714045932,0.5650513969337851,0.11329705108785806,1.0644982723668297,58,-13.09547355321932,-11.76729065501267,-13.825241051030833,-11.538252446776319,-12.374524730678466,-12.520156487343522,0.8469222584848753,64,9.975039969492133,14.290917115562149,0.40183679960807706,12.520156487343522,0.11329705108785806,n200__squared_error__boostrap_false
12.256109285354615,0.9129077839691195,2.603817510604858,0.871194572883239,False,squared_error,24,0.875,4,2,200,"{'bootstrap': False, 'criterion': 'squared_error', 'max_depth': 24, 'max_features': 0.875, 'min_samples_leaf': 4, 'min_samples_split': 2, 'n_estimators': 200}",-9.832351749546026,-10.092262801566587,-10.286706329272153,-9.96754459456059,-9.875187393174045,-10.01081057362388,0.16423524428845743,80,-14.16094362781637,-14.693982044244617,-14.879464018279299,-13.878423012570995,-14.099497578185481,-14.342462056219352,0.3792757099271602,91,-0.40682573240712777,-0.37935210414774445,-0.42356495468277944,-0.3817414884001205,-0.4279686558167571,-0.40389058709090586,0.02033798873881236,91,0.8754204159654635,-1.2601110592286604,1.4267547501373672,-1.0951399883665212,0.6307321450966749,0.1155312527208648,1.0881440331610956,53,-13.160146117300872,-11.641100241397517,-13.827231160073291,-11.620959308586468,-12.274169376050086,-12.504721240681647,0.8670230448022512,51,10.01081057362388,14.342462056219352,0.40389058709090586,12.504721240681647,0.1155312527208648,n200__squared_error__boostrap_false
12.410094118118286,0.91408606689365,3.1038323879241942,0.6744442979023904,False,squared_error,24,0.875,4,4,200,"{'bootstrap': False, 'criterion': 'squared_error', 'max_depth': 24, 'max_features': 0.875, 'min_samples_leaf': 4, 'min_samples_split': 4, 'n_estimators': 200}",-9.83235174954603,-10.092262801566587,-10.286706329272153,-9.96754459456059,-9.875187393174043,-10.010810573623882,0.16423524428845696,82,-14.160943627816367,-14.693982044244617,-14.879464018279297,-13.878423012570995,-14.099497578185481,-14.34246205621935,0.37927570992715987,89,-0.40682573240712777,-0.37935210414774445,-0.42356495468277944,-0.3817414884001205,-0.4279686558167571,-0.40389058709090586,0.02033798873881236,91,0.8754204159654635,-1.2601110592286597,1.4267547501373674,-1.0951399883665218,0.6307321450966744,0.11553125272086476,1.0881440331610956,54,-13.160146117300872,-11.641100241397517,-13.827231160073291,-11.620959308586468,-12.274169376050086,-12.504721240681647,0.8670230448022512,51,10.010810573623882,14.34246205621935,0.40389058709090586,12.504721240681647,0.11553125272086476,n200__squared_error__boostrap_false
13.450016307830811,0.1169142579813162,2.406946086883545,0.042486914224116996,False,squared_error,24,0.875,4,8,200,"{'bootstrap': False, 'criterion': 'squared_error', 'max_depth': 24, 'max_features': 0.875, 'min_samples_leaf': 4, 'min_samples_split': 8, 'n_estimators': 200}",-9.832351749546026,-10.092262801566587,-10.286706329272153,-9.96754459456059,-9.875187393174043,-10.01081057362388,0.16423524428845773,80,-14.160943627816367,-14.693982044244617,-14.879464018279297,-13.878423012570995,-14.099497578185478,-14.34246205621935,0.3792757099271603,89,-0.40682573240712777,-0.37935210414774445,-0.42356495468277944,-0.3817414884001205,-0.4279686558167571,-0.40389058709090586,0.02033798873881236,91,0.8754204159654635,-1.2601110592286597,1.4267547501373672,-1.095139988366521,0.6307321450966749,0.11553125272086498,1.0881440331610954,52,-13.160146117300872,-11.641100241397517,-13.827231160073293,-11.620959308586468,-12.274169376050086,-12.504721240681647,0.8670230448022518,51,10.01081057362388,14.34246205621935,0.40389058709090586,12.504721240681647,0.11553125272086498,n200__squared_error__boostrap_false
22.52314066886902,0.37246665043904525,3.537750005722046,0.3086358226297457,False,squared_error,24,1.0,1,2,200,"{'bootstrap': False, 'criterion': 'squared_error', 'max_depth': 24, 'max_features': 1.0, 'min_samples_leaf': 1, 'min_samples_split': 2, 'n_estimators': 200}",-9.735930763524113,-10.04405934414807,-10.288487113264273,-9.976056661130482,-9.94401387288887,-9.997709550991164,0.17808992172556143,64,-13.98102955172192,-14.747504801834141,-14.83950703448708,-13.841361422527084,-14.171925868244589,-14.316265735762963,0.4045985644987154,43,-0.4028994261552401,-0.37571904329397515,-0.4232628398791541,-0.38294667068394095,-0.42013261000602775,-0.4009921180036676,0.01913294428771205,14,0.7483097954629608,-1.2159509750163455,1.2959355734642692,-1.1448496397788073,0.5017309456393128,0.037035139954278005,1.0269868514986746,85,-13.010989689207722,-11.748284425157973,-13.684667770546564,-11.530596421662551,-12.431485404546812,-12.481204742224325,0.796529438679795,19,9.997709550991164,14.316265735762963,0.4009921180036676,12.481204742224325,0.037035139954278005,n200__squared_error__boostrap_false
19.29746870994568,0.3934374498684299,2.7418195724487306,0.3940378615451822,False,squared_error,24,1.0,1,4,200,"{'bootstrap': False, 'criterion': 'squared_error', 'max_depth': 24, 'max_features': 1.0, 'min_samples_leaf': 1, 'min_samples_split': 4, 'n_estimators': 200}",-9.724953869888603,-10.036066669282247,-10.268033952035772,-9.931425808320485,-9.945313175405866,-9.981158694986593,0.1759042196434938,48,-13.930892984113912,-14.75028807816271,-14.818363158289769,-13.825379639982746,-14.182322770416096,-14.301449326193046,0.41153411041062543,20,-0.40078526125037756,-0.3745080230093854,-0.4229607250755287,-0.3814401928291654,-0.4204339963833635,-0.4000256397095641,0.01969600865939961,7,0.7252942284533668,-1.1644898509337767,1.231048213504891,-1.1044651298318533,0.47931282805679143,0.03334005784988385,0.984031935213105,88,-13.037216071443208,-11.84430809660671,-13.593557845692713,-11.570569704543349,-12.397458451429783,-12.488622033943154,0.7467409047596547,32,9.981158694986593,14.301449326193046,0.4000256397095641,12.488622033943154,0.03334005784988385,n200__squared_error__boostrap_false
17.289011478424072,0.079912850926823,1.9833064556121827,0.09679417729068789,False,squared_error,24,1.0,1,8,200,"{'bootstrap': False, 'criterion': 'squared_error', 'max_depth': 24, 'max_features': 1.0, 'min_samples_leaf': 1, 'min_samples_split': 8, 'n_estimators': 200}",-9.803074077924903,-10.071527314579903,-10.30585599138832,-9.955807118305303,-9.945626483812182,-10.016378197202123,0.1679357772015375,84,-14.04247628765439,-14.765017677997479,-14.901685451868321,-13.852110934441479,-14.219278874005068,-14.356113845193345,0.40889166863052556,96,-0.40169133192389006,-0.37541628822282774,-0.4187311178247734,-0.37902982826152454,-0.42163954189270647,-0.39930162162514443,0.019306234628639608,1,0.7075337300084372,-1.1880642330042719,1.2735780983170066,-1.1500417054944525,0.5027076584443129,0.029142709654206466,1.0104618943791646,90,-13.082940771453867,-11.831483289695289,-13.826813433233992,-11.616190542575204,-12.390126048608664,-12.549510817113404,0.8158557787699625,84,10.016378197202123,14.356113845193345,0.39930162162514443,12.549510817113404,0.029142709654206466,n200__squared_error__boostrap_false
16.70547261238098,0.6737297798116568,3.2823007106781006,0.5930995862326146,False,squared_error,24,1.0,2,2,200,"{'bootstrap': False, 'criterion': 'squared_error', 'max_depth': 24, 'max_features': 1.0, 'min_samples_leaf': 2, 'min_samples_split': 2, 'n_estimators': 200}",-9.713863640582815,-9.980962424787283,-10.215609942480244,-9.879221023867919,-9.89192466342468,-9.93631633902859,0.16414255318143936,10,-14.018757920731984,-14.728856989871801,-14.846486222736779,-13.795319958039121,-14.19940447698206,-14.317765113672351,0.4061787843400837,47,-0.40954394442766534,-0.37935210414774445,-0.42205438066465256,-0.37812594154865925,-0.4204339963833635,-0.4019020734344171,0.019399749531598422,41,0.8051828913601992,-1.136106187662535,1.391847678962292,-1.0148872485687193,0.6344329229155949,0.13609401140136637,1.0213902369718466,17,-12.84239051152777,-11.657845231932578,-13.751139845016032,-11.72140390446934,-12.518442462894994,-12.498244391168143,0.7743827763000738,45,9.93631633902859,14.317765113672351,0.4019020734344171,12.498244391168143,0.13609401140136637,n200__squared_error__boostrap_false
17.055593919754028,0.2110803903630477,2.4508025646209717,0.4271767408263877,False,squared_error,24,1.0,2,4,200,"{'bootstrap': False, 'criterion': 'squared_error', 'max_depth': 24, 'max_features': 1.0, 'min_samples_leaf': 2, 'min_samples_split': 4, 'n_estimators': 200}",-9.713863640582813,-9.980962424787283,-10.215609942480244,-9.879221023867919,-9.891924663424678,-9.936316339028588,0.1641425531814399,9,-14.018757920731984,-14.7288569898718,-14.846486222736779,-13.795319958039121,-14.19940447698206,-14.317765113672348,0.4061787843400834,46,-0.40954394442766534,-0.37935210414774445,-0.42205438066465256,-0.37812594154865925,-0.4204339963833635,-0.4019020734344171,0.019399749531598422,41,0.8051828913601988,-1.136106187662535,1.391847678962292,-1.0148872485687193,0.6344329229155948,0.1360940114013663,1.0213902369718464,18,-12.84239051152777,-11.657845231932578,-13.75113984501603,-11.72140390446934,-12.518442462894994,-12.498244391168143,0.7743827763000732,45,9.936316339028588,14.317765113672348,0.4019020734344171,12.498244391168143,0.1360940114013663,n200__squared_error__boostrap_false
16.22252764701843,0.08785376986280241,1.7388689994812012,0.08250094383573416,False,squared_error,24,1.0,2,8,200,"{'bootstrap': False, 'criterion': 'squared_error', 'max_depth': 24, 'max_features': 1.0, 'min_samples_leaf': 2, 'min_samples_split': 8, 'n_estimators': 200}",-9.722142389149056,-9.976298158250447,-10.269060082198827,-9.907134250695794,-9.889246225950142,-9.952776221248854,0.17882951462517999,25,-13.983204426338935,-14.691981153897899,-14.851308543011342,-13.843966942815463,-14.16033406879237,-14.306159026971201,0.3962910101475103,32,-0.4022953790395651,-0.37208598244020585,-0.4226586102719033,-0.37902982826152454,-0.42254370102471367,-0.39972270020758255,0.021191771249597,3,0.7982346738639238,-1.1915126389863648,1.344709530256865,-1.0431865947494423,0.5991147877260747,0.10147195162221127,1.0257503302162208,62,-13.075438609472965,-11.804778913803608,-13.73894832638611,-11.692942078730502,-12.41097783287364,-12.544617152253364,0.7744377173881617,78,9.952776221248854,14.306159026971201,0.39972270020758255,12.544617152253364,0.10147195162221127,n200__squared_error__boostrap_false
14.813936805725097,0.9833016503320227,2.9261472702026365,0.967369417070823,False,squared_error,24,1.0,3,2,200,"{'bootstrap': False, 'criterion': 'squared_error', 'max_depth': 24, 'max_features': 1.0, 'min_samples_leaf': 3, 'min_samples_split': 2, 'n_estimators': 200}",-9.689193069880835,-9.955688409077137,-10.228899454455636,-9.843888083481156,-9.943165570561279,-9.932166917491207,0.17638246658094534,7,-13.947089297111107,-14.686430555328974,-14.828489044509256,-13.788453144187967,-14.258656652469558,-14.301823738721373,0.4041158339964615,22,-0.40561763817577773,-0.37723281864971236,-0.42205438066465256,-0.3820427839710756,-0.4231464737793852,-0.4020188190481207,0.019360479415532,46,0.8434483755786423,-1.096413371987593,1.3990805372583155,-0.9777755879257936,0.5998378513886167,0.1536355608624376,1.0068549959918793,4,-12.983460843602504,-11.742450019063707,-13.775452316597416,-11.603559689569499,-12.457865154569,-12.512557604680426,0.8048586311911946,61,9.932166917491207,14.301823738721373,0.4020188190481207,12.512557604680426,0.1536355608624376,n200__squared_error__boostrap_false
15.102091979980468,0.48728117052935294,2.4575438499450684,0.6349652387386442,False,squared_error,24,1.0,3,4,200,"{'bootstrap': False, 'criterion': 'squared_error', 'max_depth': 24, 'max_features': 1.0, 'min_samples_leaf': 3, 'min_samples_split': 4, 'n_estimators': 200}",-9.689193069880835,-9.955688409077133,-10.228899454455636,-9.843888083481156,-9.943165570561279,-9.932166917491207,0.17638246658094522,7,-13.947089297111106,-14.686430555328974,-14.828489044509254,-13.788453144187965,-14.258656652469558,-14.301823738721371,0.40411583399646184,21,-0.40561763817577773,-0.37723281864971236,-0.42205438066465256,-0.3820427839710756,-0.4231464737793852,-0.4020188190481207,0.019360479415532,46,0.8434483755786419,-1.096413371987592,1.3990805372583153,-0.9777755879257937,0.5998378513886164,0.15363556086243763,1.0068549959918789,3,-12.983460843602504,-11.742450019063707,-13.775452316597416,-11.603559689569499,-12.457865154568998,-12.512557604680426,0.8048586311911946,61,9.932166917491207,14.301823738721371,0.4020188190481207,12.512557604680426,0.15363556086243763,n200__squared_error__boostrap_false
15.476391792297363,0.08652062680409786,1.4588436126708983,0.04057743967912792,False,squared_error,24,1.0,3,8,200,"{'bootstrap': False, 'criterion': 'squared_error', 'max_depth': 24, 'max_features': 1.0, 'min_samples_leaf': 3, 'min_samples_split': 8, 'n_estimators': 200}",-9.70740900467944,-10.028893285130179,-10.241050005792639,-9.875658846145429,-9.890814998191804,-9.948765227987897,0.1782170000909021,22,-14.005582156580136,-14.75550071923821,-14.83552500172942,-13.82508179469507,-14.207901035440695,-14.325918141536707,0.4028946685989266,71,-0.40682573240712777,-0.3787465940054496,-0.4217522658610272,-0.38053630611630007,-0.42163954189270647,-0.4019000880565223,0.018976366560348693,40,0.8158826313079995,-1.1348344671011028,1.3799517734677411,-1.0654544935528962,0.595851673354541,0.11827942349525651,1.0274300966242995,50,-12.933414479121904,-11.74143736049162,-13.777047238306537,-11.57603651870729,-12.435582564757247,-12.49270363227692,0.8064374710357685,40,9.948765227987897,14.325918141536707,0.4019000880565223,12.49270363227692,0.11827942349525651,n200__squared_error__boostrap_false
13.978667974472046,1.2704715793995636,2.448765182495117,1.1058142706964034,False,squared_error,24,1.0,4,2,200,"{'bootstrap': False, 'criterion': 'squared_error', 'max_depth': 24, 'max_features': 1.0, 'min_samples_leaf': 4, 'min_samples_split': 2, 'n_estimators': 200}",-9.738091911684867,-10.017339491142591,-10.254586375854041,-9.871408746893891,-9.901519970865445,-9.956589299288167,0.1735063741081272,31,-14.035059181449943,-14.725765872932735,-14.881963421107937,-13.813954398645603,-14.205509599738264,-14.332450494774898,0.4074445308695908,75,-0.4059196617336152,-0.3781410838631547,-0.42114803625377645,-0.38324796625489604,-0.42103676913803495,-0.4018987034486955,0.018249629933468504,37,0.8470368365913351,-1.1566289566394599,1.3673524101137462,-1.0692842564806637,0.6176026184551039,0.1212157304080123,1.0369426318086916,40,-13.0384528592048,-11.716143673124037,-13.797925890083707,-11.483589301761596,-12.491928686959767,-12.505608082226782,0.8511136750840332,55,9.956589299288167,14.332450494774898,0.4018987034486955,12.505608082226782,0.1212157304080123,n200__squared_error__boostrap_false
13.473488140106202,0.6390056681407545,2.9854321002960207,0.3461145870374503,False,squared_error,24,1.0,4,4,200,"{'bootstrap': False, 'criterion': 'squared_error', 'max_depth': 24, 'max_features': 1.0, 'min_samples_leaf': 4, 'min_samples_split': 4, 'n_estimators': 200}",-9.738091911684867,-10.017339491142591,-10.25458637585404,-9.87140874689389,-9.901519970865445,-9.956589299288165,0.17350637410812675,30,-14.035059181449943,-14.725765872932733,-14.881963421107937,-13.813954398645603,-14.205509599738264,-14.332450494774898,0.4074445308695905,75,-0.4059196617336152,-0.3781410838631547,-0.42114803625377645,-0.38324796625489604,-0.42103676913803495,-0.4018987034486955,0.018249629933468504,37,0.8470368365913356,-1.1566289566394592,1.3673524101137462,-1.069284256480664,0.6176026184551039,0.12121573040801252,1.0369426318086916,39,-13.0384528592048,-11.716143673124037,-13.797925890083707,-11.483589301761594,-12.491928686959767,-12.50560808222678,0.8511136750840337,54,9.956589299288165,14.332450494774898,0.4018987034486955,12.50560808222678,0.12121573040801252,n200__squared_error__boostrap_false
15.016025018692016,0.06176140766750295,2.43333740234375,0.09543956980440763,False,squared_error,24,1.0,4,8,200,"{'bootstrap': False, 'criterion': 'squared_error', 'max_depth': 24, 'max_features': 1.0, 'min_samples_leaf': 4, 'min_samples_split': 8, 'n_estimators': 200}",-9.738091911684869,-10.017339491142591,-10.25458637585404,-9.87140874689389,-9.901519970865447,-9.956589299288169,0.17350637410812622,32,-14.035059181449943,-14.725765872932735,-14.881963421107937,-13.813954398645603,-14.205509599738264,-14.332450494774898,0.4074445308695908,75,-0.4059196617336152,-0.3781410838631547,-0.42114803625377645,-0.38324796625489604,-0.42103676913803495,-0.4018987034486955,0.018249629933468504,37,0.8470368365913353,-1.1566289566394599,1.3673524101137458,-1.0692842564806644,0.6176026184551044,0.12121573040801228,1.0369426318086916,41,-13.038452859204803,-11.716143673124037,-13.797925890083707,-11.483589301761596,-12.491928686959767,-12.505608082226782,0.8511136750840337,55,9.956589299288169,14.332450494774898,0.4018987034486955,12.505608082226782,0.12121573040801228,n200__squared_error__boostrap_false
18.638690614700316,0.1579121530556823,3.4581939697265627,0.19056898704022754,False,squared_error,26,0.875,1,2,200,"{'bootstrap': False, 'criterion': 'squared_error', 'max_depth': 26, 'max_features': 0.875, 'min_samples_leaf': 1, 'min_samples_split': 2, 'n_estimators': 200}",-9.82277121486993,-10.057367363240038,-10.300368826109938,-10.054582958606433,-9.956095193465773,-10.038237111258422,0.1565369198384537,87,-14.044819298198606,-14.591070484383494,-14.813778420490399,-13.925262856541856,-14.168582402233595,-14.30870269236959,0.33797257587862556,34,-0.4044095439444277,-0.37723281864971236,-0.4226586102719033,-0.38053630611630007,-0.42495479204339964,-0.4019584142051486,0.0201673069021215,45,0.7509100167758808,-1.2188868960009542,1.2908796517001546,-1.1798759261323974,0.42732391550284016,0.014070152369104772,1.0285567050580846,95,-13.072986765488901,-11.714888035028368,-13.712306097766765,-11.660788852249137,-12.217086738850305,-12.475611297876695,0.7994675635117301,18,10.038237111258422,14.30870269236959,0.4019584142051486,12.475611297876695,0.014070152369104772,n200__squared_error__boostrap_false
16.135188817977905,0.4886582969328627,2.7533003807067873,0.8688439784278155,False,squared_error,26,0.875,1,4,200,"{'bootstrap': False, 'criterion': 'squared_error', 'max_depth': 26, 'max_features': 0.875, 'min_samples_leaf': 1, 'min_samples_split': 4, 'n_estimators': 200}",-9.817833410891563,-10.108994727128412,-10.336200539578007,-9.988085062088865,-9.98896725074406,-10.04801619808618,0.1713658253270212,92,-14.052434587495906,-14.676372169327479,-14.856912600062103,-13.817167849439608,-14.175264727193065,-14.315630386703631,0.39001551671055196,41,-0.40169133192389006,-0.3787465940054496,-0.42356495468277944,-0.3799337149743899,-0.4273658830620856,-0.40226049572971895,0.020668203139236813,57,0.7417244199340247,-1.2585535028140946,1.3171975901827906,-1.154946107063368,0.49899392596391967,0.028883265240654477,1.0438242916765585,92,-13.143870668369745,-11.683855860875374,-13.756329461308217,-11.624578981653302,-12.270470798419282,-12.495821154125185,0.8340243052504643,43,10.04801619808618,14.315630386703631,0.40226049572971895,12.495821154125185,0.028883265240654477,n200__squared_error__boostrap_false
14.941350269317628,0.1495201543368607,1.8073094367980957,0.09713846062566457,False,squared_error,26,0.875,1,8,200,"{'bootstrap': False, 'criterion': 'squared_error', 'max_depth': 26, 'max_features': 0.875, 'min_samples_leaf': 1, 'min_samples_split': 8, 'n_estimators': 200}",-9.8470547075075,-10.135832911905116,-10.400880224253248,-9.996860544183761,-9.93828568975028,-10.063782815519982,0.19288601356434054,96,-14.075840860874335,-14.724198864278202,-14.98653935190322,-13.853368882565338,-14.122760288281217,-14.352541649580463,0.4286300091193058,95,-0.40712775596496525,-0.3787465940054496,-0.4226586102719033,-0.3817414884001205,-0.42616033755274263,-0.40328695723903624,0.01989794390473246,81,0.7306110834880959,-1.2604691783874062,1.3295376363204847,-1.1645137843744053,0.521098963453569,0.031252944100067605,1.0500474448812975,89,-12.990597712902975,-11.7167571589964,-13.876941786454271,-11.568492066222278,-12.271654271333228,-12.484888599181831,0.8566015616948948,27,10.063782815519982,14.352541649580463,0.40328695723903624,12.484888599181831,0.031252944100067605,n200__squared_error__boostrap_false
14.192845773696899,0.4459442021051441,3.175382375717163,0.5468816373564075,False,squared_error,26,0.875,2,2,200,"{'bootstrap': False, 'criterion': 'squared_error', 'max_depth': 26, 'max_features': 0.875, 'min_samples_leaf': 2, 'min_samples_split': 2, 'n_estimators': 200}",-9.726502707036515,-10.020546538023671,-10.25730700684616,-9.947916551659405,-9.846271349197057,-9.959708830552561,0.17869421772781133,34,-13.990416513948219,-14.579017910058452,-14.828126962448446,-13.830848487920292,-14.109262638829259,-14.267534502640933,0.3751865821357629,1,-0.40320144971307764,-0.37723281864971236,-0.42386706948640485,-0.380235010545345,-0.4243520192887282,-0.4017776735366536,0.020327842326905966,31,0.7918304116132627,-1.2190432275703071,1.413970291247506,-1.0496606176730883,0.5687957146154772,0.10117851444657011,1.047521292795705,63,-13.04352095724697,-11.665876980107326,-13.76761505940486,-11.700995025713386,-12.271730297489341,-12.489947663992377,0.8109297060577486,33,9.959708830552561,14.267534502640933,0.4017776735366536,12.489947663992377,0.10117851444657011,n200__squared_error__boostrap_false
14.526591730117797,0.5882757167625631,2.4453672885894777,0.7578711921288558,False,squared_error,26,0.875,2,4,200,"{'bootstrap': False, 'criterion': 'squared_error', 'max_depth': 26, 'max_features': 0.875, 'min_samples_leaf': 2, 'min_samples_split': 4, 'n_estimators': 200}",-9.726502707036515,-10.020546538023671,-10.25730700684616,-9.947916551659407,-9.846271349197057,-9.959708830552561,0.1786942177278113,34,-13.990416513948219,-14.579017910058452,-14.828126962448446,-13.830848487920292,-14.109262638829259,-14.267534502640933,0.3751865821357629,1,-0.40320144971307764,-0.37723281864971236,-0.42386706948640485,-0.380235010545345,-0.4243520192887282,-0.4017776735366536,0.020327842326905966,31,0.7918304116132627,-1.2190432275703071,1.4139702912475063,-1.049660617673089,0.5687957146154772,0.10117851444657003,1.0475212927957052,64,-13.04352095724697,-11.665876980107326,-13.76761505940486,-11.700995025713386,-12.271730297489341,-12.489947663992377,0.8109297060577486,33,9.959708830552561,14.267534502640933,0.4017776735366536,12.489947663992377,0.10117851444657003,n200__squared_error__boostrap_false
14.34131965637207,0.08582546076982041,1.5998554229736328,0.09966450834913751,False,squared_error,26,0.875,2,8,200,"{'bootstrap': False, 'criterion': 'squared_error', 'max_depth': 26, 'max_features': 0.875, 'min_samples_leaf': 2, 'min_samples_split': 8, 'n_estimators': 200}",-9.75342610188333,-10.06850509073767,-10.317810293576098,-9.97946411530772,-9.919094488143175,-10.007660017929599,0.18610161870755068,76,-14.020443819155384,-14.704841372586763,-14.912119754573753,-13.897988095656507,-14.164051153443301,-14.339888839083141,0.39720998271513,85,-0.4074297795228028,-0.37723281864971236,-0.42114803625377645,-0.3814401928291654,-0.4252561784207354,-0.40250140113523847,0.019858708720493928,64,0.7905372646394123,-1.231935448408514,1.3703981272228811,-1.1342922657529018,0.5821867832103557,0.07537889218224665,1.0599769479270378,71,-12.93960811955404,-11.712355348560678,-13.87660325424843,-11.59444129884378,-12.347006115645291,-12.494002827370444,0.8428451547963144,42,10.007660017929599,14.339888839083141,0.40250140113523847,12.494002827370444,0.07537889218224665,n200__squared_error__boostrap_false
12.84255747795105,1.058579327449,2.9225292682647703,1.172904208121786,False,squared_error,26,0.875,3,2,200,"{'bootstrap': False, 'criterion': 'squared_error', 'max_depth': 26, 'max_features': 0.875, 'min_samples_leaf': 3, 'min_samples_split': 2, 'n_estimators': 200}",-9.737877394564267,-10.063455770736532,-10.31460554150662,-9.917650783046843,-9.890589198622482,-9.984835737695349,0.19458359879573864,56,-14.040464812634527,-14.682281690893134,-14.906284428455892,-13.829660118822368,-14.164389880286945,-14.324616186218572,0.4043905384986336,63,-0.4059196617336152,-0.3766273085074175,-0.42356495468277944,-0.3817414884001205,-0.42646172393007836,-0.4028630274508022,0.020636102539596454,71,0.8369812994834449,-1.178458427275235,1.4098026709498788,-1.049121341569663,0.6629792616881411,0.13643669265531339,1.0510916008388906,15,-13.025802505949395,-11.795476778718916,-13.840153774333452,-11.61588366861198,-12.373406413890688,-12.530144628300885,0.8199972577809231,71,9.984835737695349,14.324616186218572,0.4028630274508022,12.530144628300885,0.13643669265531339,n200__squared_error__boostrap_false
13.579974555969239,1.2359286359960495,2.6962048053741454,1.1131379115825197,False,squared_error,26,0.875,3,4,200,"{'bootstrap': False, 'criterion': 'squared_error', 'max_depth': 26, 'max_features': 0.875, 'min_samples_leaf': 3, 'min_samples_split': 4, 'n_estimators': 200}",-9.737877394564265,-10.063455770736532,-10.31460554150662,-9.917650783046842,-9.890589198622482,-9.984835737695349,0.19458359879573922,56,-14.040464812634527,-14.682281690893134,-14.906284428455892,-13.829660118822366,-14.164389880286945,-14.324616186218572,0.40439053849863404,63,-0.4059196617336152,-0.3766273085074175,-0.42356495468277944,-0.3817414884001205,-0.42646172393007836,-0.4028630274508022,0.020636102539596454,71,0.8369812994834448,-1.1784584272752354,1.4098026709498788,-1.0491213415696639,0.6629792616881399,0.13643669265531283,1.0510916008388909,16,-13.025802505949395,-11.795476778718916,-13.840153774333455,-11.615883668611978,-12.373406413890688,-12.530144628300885,0.8199972577809246,71,9.984835737695349,14.324616186218572,0.4028630274508022,12.530144628300885,0.13643669265531283,n200__squared_error__boostrap_false
14.567863321304321,0.06912857237327576,1.4141700267791748,0.11254840147057225,False,squared_error,26,0.875,3,8,200,"{'bootstrap': False, 'criterion': 'squared_error', 'max_depth': 26, 'max_features': 0.875, 'min_samples_leaf': 3, 'min_samples_split': 8, 'n_estimators': 200}",-9.761620118760101,-9.999892526566947,-10.266047207796257,-9.930197363955086,-9.881839664924527,-9.967919376400584,0.1681038588718305,42,-14.045386338875709,-14.564371299371729,-14.854679630888818,-13.838493085452704,-14.135451779935817,-14.287676426904955,0.3692411650717395,5,-0.4074297795228028,-0.3751135331516803,-0.4214501510574018,-0.3820427839710756,-0.42374924653405666,-0.4019570988474035,0.020009917417558996,44,0.8402415661721578,-1.2144473143348071,1.430925222934634,-1.0643888752440482,0.585890570524124,0.1156442340104121,1.06186238812024,51,-13.010661244926133,-11.710381572236788,-13.877053313877868,-11.603161819413222,-12.351326074402072,-12.510516804971218,0.8492841267999374,57,9.967919376400584,14.287676426904955,0.4019570988474035,12.510516804971218,0.1156442340104121,n200__squared_error__boostrap_false
13.245561838150024,1.4166162961761994,2.3856534004211425,1.234201724115689,False,squared_error,26,0.875,4,2,200,"{'bootstrap': False, 'criterion': 'squared_error', 'max_depth': 26, 'max_features': 0.875, 'min_samples_leaf': 4, 'min_samples_split': 2, 'n_estimators': 200}",-9.795094713444247,-10.08564530784412,-10.29642002450767,-9.94401211638113,-9.876472870395704,-9.999529006514575,0.1763964919319074,69,-14.096829107169235,-14.67765627468843,-14.908032585900562,-13.84262678656439,-14.101847052040293,-14.325398361272581,0.399708834628156,68,-0.4025974025974026,-0.3760217983651226,-0.42356495468277944,-0.38234407954203076,-0.42857142857142855,-0.4026199327517528,0.02112224212913546,65,0.8498600911402201,-1.2347041775629617,1.4437705895380353,-1.0640471686973436,0.6463768773303393,0.12825124234965787,1.0769389615719454,27,-13.220347096016194,-11.769186213091247,-13.858784212728702,-11.612530993444635,-12.276658039013718,-12.5475013108589,0.8631899284749136,82,9.999529006514575,14.325398361272581,0.4026199327517528,12.5475013108589,0.12825124234965787,n200__squared_error__boostrap_false
11.655768203735352,0.6087525750276301,3.1921224117279055,0.4301487731005834,False,squared_error,26,0.875,4,4,200,"{'bootstrap': False, 'criterion': 'squared_error', 'max_depth': 26, 'max_features': 0.875, 'min_samples_leaf': 4, 'min_samples_split': 4, 'n_estimators': 200}",-9.795094713444247,-10.08564530784412,-10.296420024507668,-9.944012116381128,-9.876472870395704,-9.999529006514573,0.1763964919319069,67,-14.096829107169235,-14.67765627468843,-14.908032585900562,-13.84262678656439,-14.101847052040293,-14.325398361272581,0.399708834628156,68,-0.4025974025974026,-0.3760217983651226,-0.42356495468277944,-0.38234407954203076,-0.42857142857142855,-0.4026199327517528,0.02112224212913546,65,0.8498600911402198,-1.2347041775629606,1.443770589538035,-1.0640471686973434,0.6463768773303392,0.12825124234965804,1.076938961571945,25,-13.220347096016194,-11.76918621309125,-13.858784212728702,-11.612530993444631,-12.276658039013718,-12.547501310858898,0.8631899284749137,81,9.999529006514573,14.325398361272581,0.4026199327517528,12.547501310858898,0.12825124234965804,n200__squared_error__boostrap_false
13.057963705062866,0.14471251392966036,2.6132768630981444,0.2414112650164612,False,squared_error,26,0.875,4,8,200,"{'bootstrap': False, 'criterion': 'squared_error', 'max_depth': 26, 'max_features': 0.875, 'min_samples_leaf': 4, 'min_samples_split': 8, 'n_estimators': 200}",-9.795094713444247,-10.085645307844118,-10.296420024507668,-9.944012116381128,-9.876472870395704,-9.999529006514573,0.17639649193190676,67,-14.096829107169237,-14.67765627468843,-14.908032585900562,-13.84262678656439,-14.101847052040293,-14.325398361272581,0.39970883462815576,68,-0.4025974025974026,-0.3760217983651226,-0.42356495468277944,-0.38234407954203076,-0.42857142857142855,-0.4026199327517528,0.02112224212913546,65,0.8498600911402201,-1.234704177562961,1.443770589538035,-1.0640471686973432,0.6463768773303388,0.12825124234965796,1.076938961571945,26,-13.220347096016194,-11.76918621309125,-13.858784212728702,-11.612530993444635,-12.276658039013718,-12.5475013108589,0.8631899284749129,82,9.999529006514573,14.325398361272581,0.4026199327517528,12.5475013108589,0.12825124234965796,n200__squared_error__boostrap_false
21.97414689064026,0.17943425250904138,3.622147560119629,0.0786478739693874,False,squared_error,26,1.0,1,2,200,"{'bootstrap': False, 'criterion': 'squared_error', 'max_depth': 26, 'max_features': 1.0, 'min_samples_leaf': 1, 'min_samples_split': 2, 'n_estimators': 200}",-9.756002261029694,-10.02158899613918,-10.26236149249931,-9.96381155770596,-9.989286380620522,-9.998610137598932,0.16139966575665016,66,-14.012972917131242,-14.687898536906799,-14.821798213997868,-13.822073365014496,-14.250162616814722,-14.318981129973025,0.3832021435435891,52,-0.40380549682875266,-0.3760217983651226,-0.4187311178247734,-0.3820427839710756,-0.4255575647980711,-0.40123175235755904,0.019536403923380206,18,0.6959630618725767,-1.168222933756543,1.3215054594504148,-1.164891973568846,0.49269599136058934,0.03540992107163833,1.0187187465870513,86,-12.941831407677418,-11.772410669907346,-13.83210664175815,-11.51562070179459,-12.315586937051462,-12.475511271637794,0.8365550337579122,17,9.998610137598932,14.318981129973025,0.40123175235755904,12.475511271637794,0.03540992107163833,n200__squared_error__boostrap_false
19.43193850517273,0.4655021835945063,2.772674560546875,0.20483563548727116,False,squared_error,26,1.0,1,4,200,"{'bootstrap': False, 'criterion': 'squared_error', 'max_depth': 26, 'max_features': 1.0, 'min_samples_leaf': 1, 'min_samples_split': 4, 'n_estimators': 200}",-9.739160621395602,-10.074179147774311,-10.272471152957648,-9.93752379720696,-9.952097483039601,-9.995086440474825,0.17541805397384994,62,-13.95017172315165,-14.798210405488115,-14.81074591395259,-13.881289617010898,-14.16665166373909,-14.321413864668468,0.40552736421721797,57,-0.39957716701902746,-0.37481077808053287,-0.4217522658610272,-0.38053630611630007,-0.42616033755274263,-0.400567370925926,0.02082991046721351,11,0.6953985769826629,-1.1512747187243946,1.2774610429339672,-1.1156788852732944,0.5062731214436601,0.04243582747252026,0.993274103793305,79,-13.057001324954813,-11.90321216847814,-13.692792109026236,-11.59133145792076,-12.27046452110165,-12.50296031629632,0.7703869735767699,50,9.995086440474825,14.321413864668468,0.400567370925926,12.50296031629632,0.04243582747252026,n200__squared_error__boostrap_false
17.21895260810852,0.010723526167734917,2.78251576423645,0.2748969178353259,False,squared_error,26,1.0,1,8,200,"{'bootstrap': False, 'criterion': 'squared_error', 'max_depth': 26, 'max_features': 1.0, 'min_samples_leaf': 1, 'min_samples_split': 8, 'n_estimators': 200}",-9.788051229738322,-10.06684456247785,-10.280693250325847,-9.979704078671132,-9.94485519184045,-10.01202966261072,0.16180759432343317,83,-14.033346639729524,-14.74215472789123,-14.854519522916393,-13.881439335039413,-14.167571391859008,-14.335806323487114,0.38997862037132663,84,-0.4022953790395651,-0.37844383893430217,-0.4226586102719033,-0.3796324194034348,-0.4246534056660639,-0.40153673066305384,0.019970831274230057,26,0.7141566545408519,-1.1411583060641897,1.2535344788352052,-1.1579632487252096,0.4722683573231331,0.028167587181958175,0.9943399738762982,93,-13.052856721039168,-11.79261668197373,-13.644851245004674,-11.618792783567661,-12.265442134891684,-12.474911913295383,0.7674793255473267,16,10.01202966261072,14.335806323487114,0.40153673066305384,12.474911913295383,0.028167587181958175,n200__squared_error__boostrap_false
16.78918061256409,0.6102847419221006,3.3502079486846923,0.5566393465208027,False,squared_error,26,1.0,2,2,200,"{'bootstrap': False, 'criterion': 'squared_error', 'max_depth': 26, 'max_features': 1.0, 'min_samples_leaf': 2, 'min_samples_split': 2, 'n_estimators': 200}",-9.740545614857044,-9.944906693363118,-10.22538255440204,-9.887006444268527,-9.90177831094121,-9.939923923566388,0.1584414814844903,11,-14.05566233059782,-14.672470855300793,-14.838091227626448,-13.797515340351625,-14.22505865864143,-14.317759682503624,0.38587759981614606,44,-0.4044095439444277,-0.37359975779594307,-0.42114803625377645,-0.3799337149743899,-0.42013261000602775,-0.39984473259491293,0.01985705690262367,4,0.7786910011159405,-1.1139527917906586,1.3626928220942411,-1.027190928611636,0.5933990088134714,0.11872782232427166,1.004086085299248,43,-13.00567305283292,-11.818736117055847,-13.757722200933536,-11.659685843166224,-12.490315045533015,-12.546426451904308,0.7742267694445573,79,9.939923923566388,14.317759682503624,0.39984473259491293,12.546426451904308,0.11872782232427166,n200__squared_error__boostrap_false
16.88494086265564,0.20024713869862257,2.7934328079223634,0.35872127434643875,False,squared_error,26,1.0,2,4,200,"{'bootstrap': False, 'criterion': 'squared_error', 'max_depth': 26, 'max_features': 1.0, 'min_samples_leaf': 2, 'min_samples_split': 4, 'n_estimators': 200}",-9.740545614857044,-9.944906693363118,-10.225382554402042,-9.887006444268527,-9.90177831094121,-9.939923923566388,0.15844148148449097,11,-14.05566233059782,-14.672470855300793,-14.83809122762645,-13.797515340351625,-14.22505865864143,-14.317759682503624,0.3858775998161465,44,-0.4044095439444277,-0.37359975779594307,-0.42114803625377645,-0.3799337149743899,-0.42013261000602775,-0.39984473259491293,0.01985705690262367,4,0.778691001115941,-1.1139527917906586,1.3626928220942407,-1.0271909286116363,0.5933990088134711,0.11872782232427155,1.004086085299248,44,-13.005673052832918,-11.818736117055847,-13.757722200933536,-11.659685843166224,-12.490315045533015,-12.546426451904308,0.774226769444557,79,9.939923923566388,14.317759682503624,0.39984473259491293,12.546426451904308,0.11872782232427155,n200__squared_error__boostrap_false
15.663030529022217,0.0512521908521254,2.2084943771362306,0.23131147383578873,False,squared_error,26,1.0,2,8,200,"{'bootstrap': False, 'criterion': 'squared_error', 'max_depth': 26, 'max_features': 1.0, 'min_samples_leaf': 2, 'min_samples_split': 8, 'n_estimators': 200}",-9.681736371155225,-9.999355021740357,-10.259691673244477,-9.890139392948523,-9.901336441099314,-9.946451780037581,0.1877225133679313,20,-13.907930235761654,-14.714655245266018,-14.857599058727569,-13.815336665237343,-14.161680619769909,-14.291440364952498,0.42195707009129935,12,-0.40018121413470253,-0.37571904329397515,-0.4199395770392749,-0.37842723711961435,-0.42254370102471367,-0.3993621545224561,0.019792689304622323,2,0.776188941453211,-1.1337038159354247,1.3419887049316186,-1.0544491991750484,0.5750106462949351,0.10100705551385833,1.0079856675509196,65,-13.066487060394918,-11.798245742455151,-13.813511529411105,-11.674226016375064,-12.39676163907779,-12.549846397542805,0.802348637430241,85,9.946451780037581,14.291440364952498,0.3993621545224561,12.549846397542805,0.10100705551385833,n200__squared_error__boostrap_false
14.628233861923217,0.7609585047763813,3.2312047481536865,0.7215480273289867,False,squared_error,26,1.0,3,2,200,"{'bootstrap': False, 'criterion': 'squared_error', 'max_depth': 26, 'max_features': 1.0, 'min_samples_leaf': 3, 'min_samples_split': 2, 'n_estimators': 200}",-9.670947520962143,-9.94478257784981,-10.234950480836826,-9.846660321804489,-9.92756301552512,-9.924980783395677,0.1828370779927382,1,-13.949209364150377,-14.6854839784115,-14.833012944221023,-13.78632381531079,-14.258815255985963,-14.302569071615931,0.4052853739602331,25,-0.40320144971307764,-0.37693006357856496,-0.42235649546827797,-0.3808376016872552,-0.42224231464737794,-0.4011135850189108,0.019483335691688364,15,0.8466657999622806,-1.1083151205825144,1.3993746798697388,-1.0223310458368255,0.6510327464999641,0.15328541198252874,1.0251806859926664,6,-13.042628354150098,-11.72162731379674,-13.773110258204122,-11.585422811288243,-12.526688343468678,-12.529895416181578,0.8190011381121696,70,9.924980783395677,14.302569071615931,0.4011135850189108,12.529895416181578,0.15328541198252874,n200__squared_error__boostrap_false
15.23911771774292,0.5308006215173241,3.3957820415496824,0.25666465163116614,False,squared_error,26,1.0,3,4,200,"{'bootstrap': False, 'criterion': 'squared_error', 'max_depth': 26, 'max_features': 1.0, 'min_samples_leaf': 3, 'min_samples_split': 4, 'n_estimators': 200}",-9.670947520962143,-9.944782577849809,-10.234950480836826,-9.846660321804489,-9.92756301552512,-9.924980783395677,0.18283707799273816,1,-13.949209364150375,-14.685483978411497,-14.833012944221023,-13.78632381531079,-14.258815255985962,-14.302569071615931,0.40528537396023284,25,-0.40320144971307764,-0.37693006357856496,-0.42235649546827797,-0.3808376016872552,-0.42224231464737794,-0.4011135850189108,0.019483335691688364,15,0.846665799962281,-1.1083151205825144,1.399374679869739,-1.0223310458368255,0.6510327464999639,0.15328541198252882,1.0251806859926667,5,-13.042628354150098,-11.72162731379674,-13.773110258204122,-11.585422811288241,-12.526688343468674,-12.529895416181574,0.8190011381121699,69,9.924980783395677,14.302569071615931,0.4011135850189108,12.529895416181574,0.15328541198252882,n200__squared_error__boostrap_false
16.56729373931885,0.17344844540816653,1.9256332874298097,0.09343063649380236,False,squared_error,26,1.0,3,8,200,"{'bootstrap': False, 'criterion': 'squared_error', 'max_depth': 26, 'max_features': 1.0, 'min_samples_leaf': 3, 'min_samples_split': 8, 'n_estimators': 200}",-9.731325532469999,-9.997967152244982,-10.252073753378273,-9.867732509899719,-9.894278917138921,-9.948675573026378,0.17391488228017132,21,-14.027336836535307,-14.714440849015926,-14.845853371072074,-13.808664472151502,-14.204322510472801,-14.320123607849524,0.39814628108732736,54,-0.40863787375415284,-0.3796548592188919,-0.42114803625377645,-0.38053630611630007,-0.4219409282700422,-0.40238360072263274,0.018802175431112605,62,0.8608145049959474,-1.0931323858757829,1.3732372239817756,-1.0692982502481074,0.6072978566026842,0.13578378989130335,1.0238890315871856,19,-12.960301427956301,-11.727539566713503,-13.801929460208665,-11.560571380753641,-12.444368476883799,-12.49894206250318,0.8233113925843139,48,9.948675573026378,14.320123607849524,0.40238360072263274,12.49894206250318,0.13578378989130335,n200__squared_error__boostrap_false
14.58629035949707,1.7652839072483233,2.2860031604766844,0.31882025758085597,False,squared_error,26,1.0,4,2,200,"{'bootstrap': False, 'criterion': 'squared_error', 'max_depth': 26, 'max_features': 1.0, 'min_samples_leaf': 4, 'min_samples_split': 2, 'n_estimators': 200}",-9.75336569374063,-10.027147714454776,-10.253158884204506,-9.856372425635097,-9.891011017819807,-9.956211147170963,0.17238042828003078,28,-14.045667824076132,-14.742489992380674,-14.891720363498038,-13.789113574079105,-14.200484113393568,-14.333895173485502,0.41851623041279973,81,-0.4044095439444277,-0.37753557372085983,-0.42114803625377645,-0.380235010545345,-0.4231464737793852,-0.40129492764875885,0.0194389497232983,20,0.8386003328763955,-1.1701516351239507,1.3813029517527238,-1.0646123008526498,0.6304040789006086,0.12310868551062544,1.042644054659592,36,-13.09559354523113,-11.73001525662779,-13.812793643119951,-11.560955568206397,-12.432355872834163,-12.526342777203887,0.8430831262493204,66,9.956211147170963,14.333895173485502,0.40129492764875885,12.526342777203887,0.12310868551062544,n200__squared_error__boostrap_false
11.42720651626587,0.6835326958610854,1.7397423267364502,0.5284394283645044,False,squared_error,26,1.0,4,4,200,"{'bootstrap': False, 'criterion': 'squared_error', 'max_depth': 26, 'max_features': 1.0, 'min_samples_leaf': 4, 'min_samples_split': 4, 'n_estimators': 200}",-9.75336569374063,-10.027147714454774,-10.253158884204506,-9.856372425635097,-9.891011017819803,-9.956211147170961,0.1723804282800309,27,-14.045667824076132,-14.742489992380676,-14.891720363498038,-13.789113574079103,-14.20048411339357,-14.333895173485505,0.4185162304128004,83,-0.4044095439444277,-0.37753557372085983,-0.42114803625377645,-0.380235010545345,-0.4231464737793852,-0.40129492764875885,0.0194389497232983,20,0.8386003328763957,-1.1701516351239507,1.381302951752723,-1.064612300852649,0.6304040789006093,0.12310868551062568,1.0426440546595916,34,-13.09559354523113,-11.730015256627789,-13.812793643119951,-11.560955568206397,-12.432355872834167,-12.526342777203887,0.8430831262493206,66,9.956211147170961,14.333895173485505,0.40129492764875885,12.526342777203887,0.12310868551062568,n200__squared_error__boostrap_false
9.436216640472413,0.3161308529371816,0.25750031471252444,0.20631627680471842,False,squared_error,26,1.0,4,8,200,"{'bootstrap': False, 'criterion': 'squared_error', 'max_depth': 26, 'max_features': 1.0, 'min_samples_leaf': 4, 'min_samples_split': 8, 'n_estimators': 200}",-9.753365693740628,-10.027147714454776,-10.253158884204506,-9.856372425635097,-9.891011017819807,-9.956211147170963,0.1723804282800312,28,-14.04566782407613,-14.742489992380676,-14.891720363498038,-13.789113574079105,-14.200484113393568,-14.333895173485502,0.4185162304128003,81,-0.4044095439444277,-0.37753557372085983,-0.42114803625377645,-0.380235010545345,-0.4231464737793852,-0.40129492764875885,0.0194389497232983,20,0.8386003328763957,-1.1701516351239503,1.381302951752723,-1.0646123008526494,0.6304040789006088,0.12310868551062557,1.0426440546595916,35,-13.09559354523113,-11.73001525662779,-13.812793643119955,-11.560955568206397,-12.432355872834167,-12.526342777203887,0.8430831262493214,66,9.956211147170963,14.333895173485502,0.40129492764875885,12.526342777203887,0.12310868551062557,n200__squared_error__boostrap_false
