mean_fit_time,std_fit_time,mean_score_time,std_score_time,param_bootstrap,param_criterion,param_max_depth,param_max_features,param_max_samples,param_min_samples_leaf,param_min_samples_split,param_n_estimators,params,split0_test_MAE,split1_test_MAE,split2_test_MAE,split3_test_MAE,split4_test_MAE,mean_test_MAE,std_test_MAE,rank_test_MAE,split0_test_RMSE,split1_test_RMSE,split2_test_RMSE,split3_test_RMSE,split4_test_RMSE,mean_test_RMSE,std_test_RMSE,rank_test_RMSE,split0_test_overestimation_rate,split1_test_overestimation_rate,split2_test_overestimation_rate,split3_test_overestimation_rate,split4_test_overestimation_rate,mean_test_overestimation_rate,std_test_overestimation_rate,rank_test_overestimation_rate,split0_test_mean_signed_error,split1_test_mean_signed_error,split2_test_mean_signed_error,split3_test_mean_signed_error,split4_test_mean_signed_error,mean_test_mean_signed_error,std_test_mean_signed_error,rank_test_mean_signed_error,split0_test_mean_overestimation,split1_test_mean_overestimation,split2_test_mean_overestimation,split3_test_mean_overestimation,split4_test_mean_overestimation,mean_test_mean_overestimation,std_test_mean_overestimation,rank_test_mean_overestimation,mean_MAE,mean_RMSE,overestimation_rate,mean_overstimation,mean_signed_error,chunk_id
7.2016990184783936,1.0854330130382135,2.7907852649688722,0.5419989639331825,True,squared_error,20,0.875,0.7,1,2,200,"{'bootstrap': True, 'criterion': 'squared_error', 'max_depth': 20, 'max_features': 0.875, 'max_samples': 0.7, 'min_samples_leaf': 1, 'min_samples_split': 2, 'n_estimators': 200}",-10.085686120436103,-10.245811406912525,-10.5927487169226,-10.251324963414685,-10.137550039502004,-10.262624249437582,0.17682939181947055,79,-14.235895977294051,-14.643421863082649,-15.115447012154693,-14.070219199969404,-14.264871040367618,-14.465971018573683,0.3750474893231211,60,-0.4164904862579281,-0.3848016954283984,-0.4287009063444109,-0.3847544441096716,-0.4349005424954792,-0.4099296149271776,0.02137360616151827,96,0.8964721149407151,-1.2841290177402735,1.3490586419057766,-1.2459656267254637,0.5690962007892744,0.05690646263400576,1.107494280586236,68,-13.184164582064048,-11.644546393169136,-13.927900760296664,-11.702735958681098,-12.30930430536606,-12.553730399915402,0.8827618761821698,28,10.262624249437582,14.465971018573683,0.4099296149271776,12.553730399915402,0.05690646263400576,n200__squared_error__boostrap_true__samples_0.7
8.680375003814698,0.9461870154557839,1.7059174060821534,0.8336823305475001,True,squared_error,20,0.875,0.7,1,4,200,"{'bootstrap': True, 'criterion': 'squared_error', 'max_depth': 20, 'max_features': 0.875, 'max_samples': 0.7, 'min_samples_leaf': 1, 'min_samples_split': 4, 'n_estimators': 200}",-10.075653111664007,-10.300684689723097,-10.580311997655947,-10.235541032983678,-10.147960981468502,-10.268030362699045,0.17382021986810794,83,-14.22179245272336,-14.657499163372215,-15.09090227108162,-14.061096020489526,-14.24189897817263,-14.45463777716787,0.37425528832366584,49,-0.4098459679855029,-0.38631547078413564,-0.4268882175226586,-0.3850557396806267,-0.43640747438215793,-0.40890257407101627,0.02078336666138678,81,0.8491841618510857,-1.4206946220796481,1.3109287973037365,-1.2977706917065819,0.5529107141816555,-0.0010883280899504743,1.1355997856079647,89,-13.327979444586761,-11.493184636922535,-13.92781565156283,-11.605813678677103,-12.260183800472106,-12.522995442444266,0.958365452817007,12,10.268030362699045,14.45463777716787,0.40890257407101627,12.522995442444266,-0.0010883280899504743,n200__squared_error__boostrap_true__samples_0.7
8.357592344284058,0.5743267906994269,1.070912504196167,0.4026366898090596,True,squared_error,20,0.875,0.7,1,8,200,"{'bootstrap': True, 'criterion': 'squared_error', 'max_depth': 20, 'max_features': 0.875, 'max_samples': 0.7, 'min_samples_leaf': 1, 'min_samples_split': 8, 'n_estimators': 200}",-10.145063354858133,-10.30309540633819,-10.626481713367589,-10.25652344313071,-10.08754895854496,-10.283742575247917,0.18778146416850794,92,-14.311982029374821,-14.672759341779425,-15.134807243619383,-14.079744849958624,-14.154469439831374,-14.470752580912725,0.38984753058910604,68,-0.412866203563878,-0.3848016954283984,-0.42356495468277944,-0.38264537511298585,-0.4355033152501507,-0.4078763088076385,0.020992007725579256,54,0.9306474725686398,-1.408774163564392,1.322573623650686,-1.3187444106262562,0.5430721288979288,0.013754930185321257,1.151782837111507,83,-13.413196250771778,-11.557019301684443,-14.10533993064568,-11.678932523181999,-12.204982964752771,-12.591894194207335,1.0019201984862938,75,10.283742575247917,14.470752580912725,0.4078763088076385,12.591894194207335,0.013754930185321257,n200__squared_error__boostrap_true__samples_0.7
6.896417331695557,1.1593424933359617,3.00558180809021,0.9983095451535539,True,squared_error,20,0.875,0.7,2,2,200,"{'bootstrap': True, 'criterion': 'squared_error', 'max_depth': 20, 'max_features': 0.875, 'max_samples': 0.7, 'min_samples_leaf': 2, 'min_samples_split': 2, 'n_estimators': 200}",-10.04935002063432,-10.235988084483392,-10.572085295878768,-10.155147746588472,-10.104166475920358,-10.223347524701062,0.18488281712594912,58,-14.241615719019784,-14.654451124891828,-15.103829512932968,-14.021230881316427,-14.230445374141695,-14.450314522460541,0.3859440372027829,42,-0.41467834491090305,-0.38207689978807147,-0.4287009063444109,-0.3841518529677614,-0.43309222423146476,-0.4085400456485223,0.021642691727544815,77,0.9697083487788833,-1.3464852032541492,1.4000598097853396,-1.2091498547456938,0.6080122259757187,0.08442906530801972,1.1410175334387767,34,-13.286271762974188,-11.63313312864508,-13.963284108438407,-11.643830197265169,-12.367087311374803,-12.57872130173953,0.9198466325520072,61,10.223347524701062,14.450314522460541,0.4085400456485223,12.57872130173953,0.08442906530801972,n200__squared_error__boostrap_true__samples_0.7
8.259833002090454,0.5059561906911586,1.6285252571105957,0.4657789819471401,True,squared_error,20,0.875,0.7,2,4,200,"{'bootstrap': True, 'criterion': 'squared_error', 'max_depth': 20, 'max_features': 0.875, 'max_samples': 0.7, 'min_samples_leaf': 2, 'min_samples_split': 4, 'n_estimators': 200}",-10.04935002063432,-10.235988084483392,-10.572085295878768,-10.155147746588472,-10.104166475920357,-10.223347524701062,0.18488281712594934,58,-14.24161571901978,-14.654451124891828,-15.103829512932968,-14.021230881316429,-14.230445374141695,-14.45031452246054,0.3859440372027829,41,-0.41467834491090305,-0.38207689978807147,-0.4287009063444109,-0.3841518529677614,-0.43309222423146476,-0.4085400456485223,0.021642691727544815,77,0.9697083487788847,-1.346485203254149,1.400059809785341,-1.2091498547456931,0.6080122259757195,0.08442906530802059,1.141017533438777,33,-13.286271762974188,-11.633133128645081,-13.963284108438407,-11.643830197265169,-12.367087311374803,-12.57872130173953,0.9198466325520067,61,10.223347524701062,14.45031452246054,0.4085400456485223,12.57872130173953,0.08442906530802059,n200__squared_error__boostrap_true__samples_0.7
8.650163745880127,0.14735769772784846,0.9058011531829834,0.13958364194838863,True,squared_error,20,0.875,0.7,2,8,200,"{'bootstrap': True, 'criterion': 'squared_error', 'max_depth': 20, 'max_features': 0.875, 'max_samples': 0.7, 'min_samples_leaf': 2, 'min_samples_split': 8, 'n_estimators': 200}",-10.056809537483845,-10.287678782563196,-10.568705449091878,-10.188437476850904,-10.078011295924469,-10.235928508382859,0.1858469439877412,67,-14.256820793818548,-14.648810025202582,-15.109074476933706,-14.025665933865314,-14.218816160741028,-14.451837478112235,0.3859303780619597,45,-0.41316822712171547,-0.3848016954283984,-0.4280966767371601,-0.3820427839710756,-0.4345991561181435,-0.4085417078752986,0.021672901307924396,79,0.9261134724414224,-1.4323830179417976,1.4042404191168822,-1.2924225275331291,0.57428194946723,0.03596605911012159,1.1726027791819835,74,-13.291103101557955,-11.506310743723242,-13.9839276018952,-11.64269464384294,-12.255308248338991,-12.535868867871667,0.959553774586443,17,10.235928508382859,14.451837478112235,0.4085417078752986,12.535868867871667,0.03596605911012159,n200__squared_error__boostrap_true__samples_0.7
7.521151828765869,1.128078447129401,2.688631534576416,0.8140004215838601,True,squared_error,20,0.875,0.7,3,2,200,"{'bootstrap': True, 'criterion': 'squared_error', 'max_depth': 20, 'max_features': 0.875, 'max_samples': 0.7, 'min_samples_leaf': 3, 'min_samples_split': 2, 'n_estimators': 200}",-10.026424880112694,-10.255612239118511,-10.541122615680523,-10.119341697306497,-10.091467971086415,-10.206793880660928,0.18310645064208428,48,-14.252541391258507,-14.631670360120703,-15.126010787971817,-13.998245701363926,-14.268711882094685,-14.455436024561928,0.39135257341211427,51,-0.41981274539414076,-0.3851044504995459,-0.4253776435045317,-0.3814401928291654,-0.4349005424954792,-0.4093271149445726,0.021844843819847245,88,0.9983141460861272,-1.3794078595121393,1.3941062273549887,-1.1823728777979114,0.6522472124497372,0.09657736971616045,1.1506281290585245,19,-13.13054349487205,-11.524411582484213,-14.028979925585066,-11.714770739316352,-12.351922030136159,-12.550125554478766,0.9287719518904841,26,10.206793880660928,14.455436024561928,0.4093271149445726,12.550125554478766,0.09657736971616045,n200__squared_error__boostrap_true__samples_0.7
7.656901836395264,0.8876062240320407,2.520832872390747,0.5045332088855284,True,squared_error,20,0.875,0.7,3,4,200,"{'bootstrap': True, 'criterion': 'squared_error', 'max_depth': 20, 'max_features': 0.875, 'max_samples': 0.7, 'min_samples_leaf': 3, 'min_samples_split': 4, 'n_estimators': 200}",-10.026424880112694,-10.255612239118511,-10.541122615680523,-10.119341697306497,-10.091467971086415,-10.206793880660928,0.18310645064208428,48,-14.252541391258507,-14.631670360120703,-15.126010787971817,-13.998245701363926,-14.268711882094685,-14.455436024561928,0.39135257341211427,51,-0.41981274539414076,-0.3851044504995459,-0.4253776435045317,-0.3814401928291654,-0.4349005424954792,-0.4093271149445726,0.021844843819847245,88,0.998314146086128,-1.3794078595121386,1.3941062273549887,-1.1823728777979108,0.6522472124497372,0.09657736971616089,1.1506281290585243,18,-13.130543494872054,-11.524411582484214,-14.028979925585064,-11.714770739316352,-12.351922030136159,-12.550125554478768,0.9287719518904834,27,10.206793880660928,14.455436024561928,0.4093271149445726,12.550125554478768,0.09657736971616089,n200__squared_error__boostrap_true__samples_0.7
9.24165301322937,0.6997431045747166,1.282743501663208,0.4678873396264789,True,squared_error,20,0.875,0.7,3,8,200,"{'bootstrap': True, 'criterion': 'squared_error', 'max_depth': 20, 'max_features': 0.875, 'max_samples': 0.7, 'min_samples_leaf': 3, 'min_samples_split': 8, 'n_estimators': 200}",-10.064414550665298,-10.24474310190357,-10.584746453567794,-10.189372185980686,-10.099890120570956,-10.23663328253766,0.1853861614117664,68,-14.279927318918135,-14.634581061200052,-15.147925664632275,-14.04591328873508,-14.228290370226821,-14.46732754074247,0.39013718873510694,61,-0.41498036846874053,-0.3832879200726612,-0.42386706948640485,-0.3820427839710756,-0.4309825195901145,-0.40703213231779933,0.020535168681128344,21,0.9774472066397737,-1.4512535666191149,1.3989096968525074,-1.2604964257456115,0.5797860551207304,0.04887859324965704,1.177416308786333,70,-13.304077248339551,-11.471127936431502,-14.13610187380299,-11.685701359708284,-12.389918024805946,-12.597385288617655,1.0009723403369848,76,10.23663328253766,14.46732754074247,0.40703213231779933,12.597385288617655,0.04887859324965704,n200__squared_error__boostrap_true__samples_0.7
6.6262428760528564,2.27015733879219,2.078393507003784,1.1105727361021498,True,squared_error,20,0.875,0.7,4,2,200,"{'bootstrap': True, 'criterion': 'squared_error', 'max_depth': 20, 'max_features': 0.875, 'max_samples': 0.7, 'min_samples_leaf': 4, 'min_samples_split': 2, 'n_estimators': 200}",-10.13878973933929,-10.283870646536744,-10.602166705030086,-10.180370059212684,-10.101092883597413,-10.261258006743244,0.18106588596144332,76,-14.359243023582184,-14.719385677414065,-15.135043521376382,-14.059328387332613,-14.230220066234144,-14.500644135187878,0.38423781287887643,83,-0.41407429779522803,-0.37935210414774445,-0.427190332326284,-0.3820427839710756,-0.4361060880048222,-0.40775312124903085,0.023191776070748328,42,1.0181395334661731,-1.3794436843849436,1.4302756475310447,-1.245860075455108,0.6549769150815923,0.09561766724775174,1.176487127967822,20,-13.472134508482453,-11.736361634472226,-14.083233446597363,-11.69307517196033,-12.331941807884224,-12.66334931387932,0.9571596987580251,94,10.261258006743244,14.500644135187878,0.40775312124903085,12.66334931387932,0.09561766724775174,n200__squared_error__boostrap_true__samples_0.7
6.549896860122681,1.2508196391951718,2.686803197860718,0.7294351270621646,True,squared_error,20,0.875,0.7,4,4,200,"{'bootstrap': True, 'criterion': 'squared_error', 'max_depth': 20, 'max_features': 0.875, 'max_samples': 0.7, 'min_samples_leaf': 4, 'min_samples_split': 4, 'n_estimators': 200}",-10.13878973933929,-10.283870646536744,-10.602166705030086,-10.180370059212683,-10.101092883597413,-10.261258006743244,0.18106588596144352,76,-14.359243023582186,-14.719385677414063,-15.135043521376382,-14.059328387332613,-14.230220066234143,-14.500644135187878,0.3842378128788764,83,-0.41407429779522803,-0.37935210414774445,-0.427190332326284,-0.3820427839710756,-0.4361060880048222,-0.40775312124903085,0.023191776070748328,42,1.0181395334661731,-1.3794436843849451,1.4302756475310445,-1.2458600754551072,0.6549769150815923,0.09561766724775152,1.1764871279678222,22,-13.472134508482453,-11.736361634472226,-14.083233446597363,-11.69307517196033,-12.331941807884224,-12.66334931387932,0.9571596987580251,94,10.261258006743244,14.500644135187878,0.40775312124903085,12.66334931387932,0.09561766724775152,n200__squared_error__boostrap_true__samples_0.7
7.529151868820191,1.0459968216995363,2.2398159503936768,0.48879791189571836,True,squared_error,20,0.875,0.7,4,8,200,"{'bootstrap': True, 'criterion': 'squared_error', 'max_depth': 20, 'max_features': 0.875, 'max_samples': 0.7, 'min_samples_leaf': 4, 'min_samples_split': 8, 'n_estimators': 200}",-10.13878973933929,-10.283870646536744,-10.602166705030086,-10.180370059212684,-10.101092883597413,-10.261258006743244,0.18106588596144332,76,-14.359243023582184,-14.719385677414063,-15.135043521376382,-14.059328387332613,-14.230220066234143,-14.500644135187878,0.38423781287887654,83,-0.41407429779522803,-0.37935210414774445,-0.427190332326284,-0.3820427839710756,-0.4361060880048222,-0.40775312124903085,0.023191776070748328,42,1.018139533466174,-1.3794436843849447,1.430275647531044,-1.2458600754551072,0.6549769150815915,0.09561766724775153,1.176487127967822,21,-13.472134508482453,-11.736361634472226,-14.083233446597363,-11.69307517196033,-12.331941807884224,-12.66334931387932,0.9571596987580251,94,10.261258006743244,14.500644135187878,0.40775312124903085,12.66334931387932,0.09561766724775153,n200__squared_error__boostrap_true__samples_0.7
10.36572847366333,0.16711781982423485,3.31028094291687,0.31538360869498994,True,squared_error,20,1.0,0.7,1,2,200,"{'bootstrap': True, 'criterion': 'squared_error', 'max_depth': 20, 'max_features': 1.0, 'max_samples': 0.7, 'min_samples_leaf': 1, 'min_samples_split': 2, 'n_estimators': 200}",-10.0794815809733,-10.19895513160439,-10.520463612781185,-10.142554306932889,-10.080070853724324,-10.204305097203216,0.16420295165444287,46,-14.241925650392606,-14.663361957222914,-15.045202993793666,-14.012320609258344,-14.217227045940989,-14.436007651321706,0.3709049559359232,16,-0.4110540622168529,-0.3851044504995459,-0.42779456193353477,-0.38354926182585114,-0.43399638336347196,-0.4082997439678514,0.020969308420178107,74,0.8885651174546397,-1.2989416460023684,1.323833385504661,-1.2807954028977697,0.5273693817673014,0.03200616716529279,1.108401150800546,77,-13.341367604149488,-11.555324112792245,-13.843440347572793,-11.552308641984506,-12.220655104639313,-12.50261916222767,0.9360835566591226,3,10.204305097203216,14.436007651321706,0.4082997439678514,12.50261916222767,0.03200616716529279,n200__squared_error__boostrap_true__samples_0.7
9.838225364685059,0.28669633537938927,2.2569666862487794,0.3481365446038596,True,squared_error,20,1.0,0.7,1,4,200,"{'bootstrap': True, 'criterion': 'squared_error', 'max_depth': 20, 'max_features': 1.0, 'max_samples': 0.7, 'min_samples_leaf': 1, 'min_samples_split': 4, 'n_estimators': 200}",-10.013442563481863,-10.221314413360867,-10.558586688511829,-10.15921102784068,-10.046329831254296,-10.199776904889907,0.19448414160029717,39,-14.173225584718566,-14.710444164592651,-15.087886359004274,-14.018845779682687,-14.180657594498536,-14.434211896499344,0.40212615405280017,13,-0.4089398973119903,-0.38116863457462913,-0.4283987915407855,-0.3820427839710756,-0.4345991561181435,-0.4070298527033248,0.02242098354289875,20,0.8815442621812325,-1.2386635149661418,1.3128565315926028,-1.2213903170304419,0.4892828238552269,0.04472595712649572,1.072957575497685,71,-13.321012326355431,-11.783040475535255,-13.855598398640929,-11.697408099045422,-12.121068928451244,-12.555625645605657,0.8715515673055567,29,10.199776904889907,14.434211896499344,0.4070298527033248,12.555625645605657,0.04472595712649572,n200__squared_error__boostrap_true__samples_0.7
9.484807395935059,0.14499935395138605,1.6906127452850341,0.08369814492722114,True,squared_error,20,1.0,0.7,1,8,200,"{'bootstrap': True, 'criterion': 'squared_error', 'max_depth': 20, 'max_features': 1.0, 'max_samples': 0.7, 'min_samples_leaf': 1, 'min_samples_split': 8, 'n_estimators': 200}",-10.051376367298106,-10.252042082592624,-10.58000218406508,-10.151152274525117,-10.127410130872242,-10.232396607870633,0.1852602012461135,64,-14.223927308332636,-14.782347659456997,-15.10641564737222,-14.040660575295437,-14.25008558917499,-14.480687355926454,0.3988135649607597,73,-0.4113560857746904,-0.38056312443233425,-0.4256797583081571,-0.3817414884001205,-0.4355033152501507,-0.40696875443309055,0.02243766365097457,19,0.8942309790590595,-1.3743279093094034,1.327118375661303,-1.3291215752816783,0.5226361879479888,0.008107211615453913,1.1392149526463162,85,-13.304297328850433,-11.663918024802891,-13.986007470792881,-11.55498022525216,-12.227285012403298,-12.547297612420333,0.9497784988215623,24,10.232396607870633,14.480687355926454,0.40696875443309055,12.547297612420333,0.008107211615453913,n200__squared_error__boostrap_true__samples_0.7
7.960074615478516,0.7918144992050928,2.911759090423584,0.6665532828525759,True,squared_error,20,1.0,0.7,2,2,200,"{'bootstrap': True, 'criterion': 'squared_error', 'max_depth': 20, 'max_features': 1.0, 'max_samples': 0.7, 'min_samples_leaf': 2, 'min_samples_split': 2, 'n_estimators': 200}",-9.950993392308362,-10.228464622952872,-10.444154043298536,-10.077260891040664,-10.065903915592427,-10.153355373038572,0.17005514687458914,9,-14.175202411123058,-14.762167747954749,-15.011302351589,-13.969006984638774,-14.28330925048853,-14.440197749158823,0.38644078816974664,22,-0.4137722742373905,-0.38449894035725096,-0.4253776435045317,-0.38354926182585114,-0.4333936106088005,-0.4081183461067649,0.02064076295092561,65,0.9672072762625038,-1.2515101735976064,1.3423225368976797,-1.1708551360431034,0.6411527278359129,0.1056634462710773,1.0981577458231953,4,-13.193489931984724,-11.673575018197026,-13.854132628000524,-11.610510880140183,-12.352577866097093,-12.53685726488391,0.8722056638852669,18,10.153355373038572,14.440197749158823,0.4081183461067649,12.53685726488391,0.1056634462710773,n200__squared_error__boostrap_true__samples_0.7
8.553663635253907,0.6858625350615701,2.196245002746582,0.6732928489697065,True,squared_error,20,1.0,0.7,2,4,200,"{'bootstrap': True, 'criterion': 'squared_error', 'max_depth': 20, 'max_features': 1.0, 'max_samples': 0.7, 'min_samples_leaf': 2, 'min_samples_split': 4, 'n_estimators': 200}",-9.950993392308362,-10.228464622952872,-10.444154043298536,-10.077260891040664,-10.065903915592429,-10.153355373038572,0.17005514687458895,9,-14.17520241112306,-14.762167747954749,-15.011302351589,-13.969006984638776,-14.28330925048853,-14.440197749158823,0.386440788169746,22,-0.4137722742373905,-0.38449894035725096,-0.4253776435045317,-0.38354926182585114,-0.4333936106088005,-0.4081183461067649,0.02064076295092561,65,0.9672072762625034,-1.2515101735976064,1.3423225368976786,-1.1708551360431039,0.6411527278359129,0.10566344627107693,1.098157745823195,5,-13.193489931984724,-11.673575018197026,-13.854132628000524,-11.610510880140183,-12.352577866097093,-12.53685726488391,0.8722056638852669,18,10.153355373038572,14.440197749158823,0.4081183461067649,12.53685726488391,0.10566344627107693,n200__squared_error__boostrap_true__samples_0.7
8.619360828399659,0.1863803650812,1.6510616302490235,0.11754533110463257,True,squared_error,20,1.0,0.7,2,8,200,"{'bootstrap': True, 'criterion': 'squared_error', 'max_depth': 20, 'max_features': 1.0, 'max_samples': 0.7, 'min_samples_leaf': 2, 'min_samples_split': 8, 'n_estimators': 200}",-10.057121950818608,-10.285052925514798,-10.491677529386402,-10.118566136414582,-10.054433310654222,-10.201370370557722,0.16765182005195942,40,-14.23590611940032,-14.806824260343728,-15.070904587836576,-14.0277740571045,-14.245870578708594,-14.477455920678745,0.3936639885145092,71,-0.4137722742373905,-0.38116863457462913,-0.427190332326284,-0.3838505573968063,-0.4321880650994575,-0.4076339727269135,0.021396721088671397,36,0.9388839983917453,-1.2275040859255164,1.3435466941665317,-1.178645716925176,0.5261984752030061,0.0804958729821181,1.0795443294559042,43,-13.287509378772073,-11.881288251454885,-13.852401760947737,-11.645053325072737,-12.240772756441519,-12.581405094537791,0.8481703138102451,67,10.201370370557722,14.477455920678745,0.4076339727269135,12.581405094537791,0.0804958729821181,n200__squared_error__boostrap_true__samples_0.7
7.5032285213470455,0.9841899472167883,2.2780774593353272,0.6236273318113038,True,squared_error,20,1.0,0.7,3,2,200,"{'bootstrap': True, 'criterion': 'squared_error', 'max_depth': 20, 'max_features': 1.0, 'max_samples': 0.7, 'min_samples_leaf': 3, 'min_samples_split': 2, 'n_estimators': 200}",-9.984859612380655,-10.1683226070324,-10.471286134356632,-10.070121789120915,-9.983157460719003,-10.13554952072192,0.1811103119159716,1,-14.204590458331289,-14.721359797342778,-15.04583533530086,-13.98309052403971,-14.183008892080933,-14.427577001419113,0.3938671059308252,9,-0.4113560857746904,-0.38268240993036634,-0.4232628398791541,-0.37902982826152454,-0.43158529234478604,-0.4055832912381042,0.02122042609932447,5,0.956527741735862,-1.2457309020631948,1.3459604649001782,-1.230187761316712,0.5616111007300658,0.07763612879723983,1.1024547599083914,52,-13.299167962364091,-11.657959019585952,-13.959702442376889,-11.661264323641554,-12.216320561064247,-12.558882861806547,0.9214173068534798,31,10.13554952072192,14.427577001419113,0.4055832912381042,12.558882861806547,0.07763612879723983,n200__squared_error__boostrap_true__samples_0.7
7.098703193664551,0.9253729155172745,2.400436353683472,0.7846774668828559,True,squared_error,20,1.0,0.7,3,4,200,"{'bootstrap': True, 'criterion': 'squared_error', 'max_depth': 20, 'max_features': 1.0, 'max_samples': 0.7, 'min_samples_leaf': 3, 'min_samples_split': 4, 'n_estimators': 200}",-9.984859612380655,-10.168322607032401,-10.471286134356632,-10.070121789120915,-9.983157460719003,-10.13554952072192,0.18111031191597166,1,-14.204590458331289,-14.721359797342776,-15.045835335300858,-13.98309052403971,-14.183008892080933,-14.427577001419113,0.39386710593082436,9,-0.4113560857746904,-0.38268240993036634,-0.4232628398791541,-0.37902982826152454,-0.43158529234478604,-0.4055832912381042,0.02122042609932447,5,0.9565277417358619,-1.2457309020631941,1.3459604649001775,-1.2301877613167114,0.561611100730066,0.07763612879724,1.102454759908391,51,-13.299167962364091,-11.657959019585952,-13.959702442376889,-11.661264323641554,-12.216320561064247,-12.558882861806547,0.9214173068534798,31,10.13554952072192,14.427577001419113,0.4055832912381042,12.558882861806547,0.07763612879724,n200__squared_error__boostrap_true__samples_0.7
7.843778514862061,0.11885467034041346,1.5997936248779296,0.08990947442399905,True,squared_error,20,1.0,0.7,3,8,200,"{'bootstrap': True, 'criterion': 'squared_error', 'max_depth': 20, 'max_features': 1.0, 'max_samples': 0.7, 'min_samples_leaf': 3, 'min_samples_split': 8, 'n_estimators': 200}",-10.021473982211372,-10.19965342393686,-10.54901968298837,-10.085769580201337,-10.071694971461822,-10.185522328159953,0.19086600142600346,25,-14.231631015022083,-14.70477546001126,-15.138302846455328,-13.982192238454285,-14.253488227299382,-14.462077957448468,0.4106307222686728,59,-0.4173965569314407,-0.38631547078413564,-0.4283987915407855,-0.3814401928291654,-0.4309825195901145,-0.4089067063351283,0.020995874678493422,82,0.9952954764648206,-1.2624989977344543,1.3748482839978733,-1.2277552573085504,0.6421826526733965,0.10441443161861716,1.1260545521737357,6,-13.197005672097275,-11.567171265574665,-13.916785250608063,-11.61127548881562,-12.429596488419811,-12.544366833103087,0.9108471477553904,22,10.185522328159953,14.462077957448468,0.4089067063351283,12.544366833103087,0.10441443161861716,n200__squared_error__boostrap_true__samples_0.7
7.230422925949097,0.6594095263644741,1.8114718437194823,0.42617224535769116,True,squared_error,20,1.0,0.7,4,2,200,"{'bootstrap': True, 'criterion': 'squared_error', 'max_depth': 20, 'max_features': 1.0, 'max_samples': 0.7, 'min_samples_leaf': 4, 'min_samples_split': 2, 'n_estimators': 200}",-10.030013741415335,-10.217775876587995,-10.543148064979317,-10.092013990277495,-10.037136188094465,-10.184017572270921,0.19176564548362038,21,-14.261888272713515,-14.686549940563024,-15.117969528812157,-14.013559276343694,-14.22697299664816,-14.461388003016111,0.39423300322800936,56,-0.41498036846874053,-0.381774144716924,-0.4253776435045317,-0.3817414884001205,-0.4333936106088005,-0.40745345113982345,0.02177776313567771,29,1.021067546638373,-1.324738208503608,1.4077767451475045,-1.1569956512707722,0.6309415082859516,0.1156103880594898,1.1357150113339929,1,-13.315185642192803,-11.646987873783795,-14.047429375539691,-11.702969955470921,-12.307608413278937,-12.604036252053229,0.9385998824641948,84,10.184017572270921,14.461388003016111,0.40745345113982345,12.604036252053229,0.1156103880594898,n200__squared_error__boostrap_true__samples_0.7
6.251034069061279,0.9591073020009213,2.9132668495178224,0.2031879998773541,True,squared_error,20,1.0,0.7,4,4,200,"{'bootstrap': True, 'criterion': 'squared_error', 'max_depth': 20, 'max_features': 1.0, 'max_samples': 0.7, 'min_samples_leaf': 4, 'min_samples_split': 4, 'n_estimators': 200}",-10.030013741415335,-10.217775876587995,-10.543148064979317,-10.092013990277495,-10.037136188094467,-10.184017572270921,0.19176564548362013,21,-14.261888272713517,-14.686549940563024,-15.117969528812157,-14.013559276343695,-14.226972996648161,-14.461388003016111,0.3942330032280086,56,-0.41498036846874053,-0.381774144716924,-0.4253776435045317,-0.3817414884001205,-0.4333936106088005,-0.40745345113982345,0.02177776313567771,29,1.0210675466383727,-1.3247382085036086,1.4077767451475038,-1.156995651270772,0.6309415082859511,0.11561038805948942,1.1357150113339927,3,-13.315185642192803,-11.646987873783795,-14.047429375539691,-11.70296995547092,-12.307608413278937,-12.604036252053229,0.938599882464195,84,10.184017572270921,14.461388003016111,0.40745345113982345,12.604036252053229,0.11561038805948942,n200__squared_error__boostrap_true__samples_0.7
7.293568181991577,0.2936878071208673,2.7564393997192385,0.16500641521660464,True,squared_error,20,1.0,0.7,4,8,200,"{'bootstrap': True, 'criterion': 'squared_error', 'max_depth': 20, 'max_features': 1.0, 'max_samples': 0.7, 'min_samples_leaf': 4, 'min_samples_split': 8, 'n_estimators': 200}",-10.030013741415335,-10.217775876587995,-10.543148064979317,-10.092013990277493,-10.037136188094467,-10.184017572270921,0.1917656454836203,21,-14.261888272713515,-14.686549940563024,-15.117969528812157,-14.013559276343694,-14.22697299664816,-14.461388003016111,0.39423300322800936,56,-0.41498036846874053,-0.381774144716924,-0.4253776435045317,-0.3817414884001205,-0.4333936106088005,-0.40745345113982345,0.02177776313567771,29,1.0210675466383727,-1.324738208503608,1.4077767451475038,-1.1569956512707724,0.6309415082859527,0.1156103880594898,1.1357150113339929,1,-13.315185642192803,-11.646987873783795,-14.047429375539691,-11.702969955470921,-12.30760841327894,-12.60403625205323,0.9385998824641945,86,10.184017572270921,14.461388003016111,0.40745345113982345,12.60403625205323,0.1156103880594898,n200__squared_error__boostrap_true__samples_0.7
9.70335578918457,0.2679338267414445,1.8949270248413086,0.3025819639013061,True,squared_error,22,0.875,0.7,1,2,200,"{'bootstrap': True, 'criterion': 'squared_error', 'max_depth': 22, 'max_features': 0.875, 'max_samples': 0.7, 'min_samples_leaf': 1, 'min_samples_split': 2, 'n_estimators': 200}",-10.04940812666289,-10.275889306374339,-10.573175607366561,-10.221944312410162,-10.098290321399384,-10.243741534842666,0.18382433750012245,69,-14.209926388292761,-14.697968977057153,-15.079958006001847,-14.027774235527982,-14.163867925241862,-14.435899106424321,0.3937316411816471,15,-0.41014799154334036,-0.3832879200726612,-0.427190332326284,-0.3847544441096716,-0.43640747438215793,-0.408357632486823,0.02158828655194223,75,0.9019410930334998,-1.3558758849201424,1.3421941981259746,-1.242226595559408,0.575532851096365,0.04431313235525778,1.1240933346483313,72,-13.350485002361836,-11.63617864575956,-13.946207233444234,-11.669413900637295,-12.229193814344233,-12.566295719309434,0.9276056360329887,39,10.243741534842666,14.435899106424321,0.408357632486823,12.566295719309434,0.04431313235525778,n200__squared_error__boostrap_true__samples_0.7
7.677257537841797,0.25632197784340344,2.6152976036071776,0.2887749993798599,True,squared_error,22,0.875,0.7,1,4,200,"{'bootstrap': True, 'criterion': 'squared_error', 'max_depth': 22, 'max_features': 0.875, 'max_samples': 0.7, 'min_samples_leaf': 1, 'min_samples_split': 4, 'n_estimators': 200}",-10.120705824923986,-10.347550754234984,-10.615625219293324,-10.25841236137381,-10.123730293002208,-10.293204890565661,0.18253571060421592,93,-14.271828404840866,-14.690481180732602,-15.12194730923086,-14.10444641143122,-14.183862154149484,-14.474513092077007,0.3816599740977632,70,-0.4119601328903654,-0.3814713896457766,-0.42477341389728096,-0.38776739981922265,-0.4333936106088005,-0.40787318937228917,0.02027269295754827,51,0.8132833324889702,-1.4684456506387882,1.3241725168551446,-1.2414440681179473,0.5145404176510744,-0.01157869035230925,1.1292882844950827,93,-13.270688453150399,-11.637969903642157,-14.054313835935783,-11.626774578599928,-12.273220520844086,-12.572593458434472,0.9529481200081829,48,10.293204890565661,14.474513092077007,0.40787318937228917,12.572593458434472,-0.01157869035230925,n200__squared_error__boostrap_true__samples_0.7
6.844284963607788,0.026130872536186688,2.6951056480407716,0.030115239936501295,True,squared_error,22,0.875,0.7,1,8,200,"{'bootstrap': True, 'criterion': 'squared_error', 'max_depth': 22, 'max_features': 0.875, 'max_samples': 0.7, 'min_samples_leaf': 1, 'min_samples_split': 8, 'n_estimators': 200}",-10.146035005026821,-10.30039519235134,-10.61067686532446,-10.259916168100554,-10.185111750142953,-10.300426996189227,0.16433539022873245,94,-14.314064694380324,-14.678553786407546,-15.136287514662826,-14.080273103951182,-14.258187857304794,-14.493473391341334,0.37569828063243904,82,-0.4110540622168529,-0.38207689978807147,-0.42658610271903324,-0.3820427839710756,-0.43670886075949367,-0.4076937418909054,0.02246902051642602,40,0.8656548455182211,-1.4626262802445504,1.343941489448225,-1.3179645504622421,0.5019748066501509,-0.013803937818039125,1.1561028668402888,94,-13.394454480218455,-11.56543213814926,-14.011964148122372,-11.702814439645726,-12.235939680966016,-12.582120977420365,0.9623943979323493,68,10.300426996189227,14.493473391341334,0.4076937418909054,12.582120977420365,-0.013803937818039125,n200__squared_error__boostrap_true__samples_0.7
7.8190771579742435,0.23868278003036608,1.9055224895477294,0.2840220046474295,True,squared_error,22,0.875,0.7,2,2,200,"{'bootstrap': True, 'criterion': 'squared_error', 'max_depth': 22, 'max_features': 0.875, 'max_samples': 0.7, 'min_samples_leaf': 2, 'min_samples_split': 2, 'n_estimators': 200}",-10.011094357660772,-10.242822765572337,-10.510618865818719,-10.133689608658738,-10.109459454112644,-10.201537010364643,0.17122269546206403,41,-14.231472687070314,-14.66885019417428,-15.044271617672829,-13.998261829985635,-14.271619920310354,-14.442895249842682,0.3699845373152483,29,-0.4107520386590154,-0.3838934302149561,-0.42779456193353477,-0.3856583308225369,-0.432790837854129,-0.4081778398968344,0.02046510588158702,69,0.9697481445134719,-1.32767813283774,1.407428684535841,-1.220244574269725,0.6448969078422743,0.09483020595682443,1.1440210831297888,24,-13.36675350172755,-11.611483723155509,-13.929638909489265,-11.556142214506693,-12.42442702262062,-12.577689074299927,0.9435031585870434,56,10.201537010364643,14.442895249842682,0.4081778398968344,12.577689074299927,0.09483020595682443,n200__squared_error__boostrap_true__samples_0.7
7.015230417251587,0.3100798073719721,2.5096108436584474,0.2103292892988,True,squared_error,22,0.875,0.7,2,4,200,"{'bootstrap': True, 'criterion': 'squared_error', 'max_depth': 22, 'max_features': 0.875, 'max_samples': 0.7, 'min_samples_leaf': 2, 'min_samples_split': 4, 'n_estimators': 200}",-10.011094357660772,-10.242822765572337,-10.510618865818719,-10.133689608658736,-10.109459454112644,-10.201537010364643,0.1712226954620642,41,-14.231472687070314,-14.66885019417428,-15.044271617672829,-13.998261829985633,-14.271619920310354,-14.442895249842682,0.3699845373152487,29,-0.4107520386590154,-0.3838934302149561,-0.42779456193353477,-0.3856583308225369,-0.432790837854129,-0.4081778398968344,0.02046510588158702,69,0.9697481445134725,-1.3276781328377394,1.407428684535841,-1.2202445742697248,0.6448969078422737,0.09483020595682459,1.1440210831297888,23,-13.36675350172755,-11.611483723155509,-13.929638909489265,-11.556142214506693,-12.42442702262062,-12.577689074299927,0.9435031585870434,56,10.201537010364643,14.442895249842682,0.4081778398968344,12.577689074299927,0.09483020595682459,n200__squared_error__boostrap_true__samples_0.7
6.209904766082763,0.046379680140365184,2.4261345863342285,0.05665713088714833,True,squared_error,22,0.875,0.7,2,8,200,"{'bootstrap': True, 'criterion': 'squared_error', 'max_depth': 22, 'max_features': 0.875, 'max_samples': 0.7, 'min_samples_leaf': 2, 'min_samples_split': 8, 'n_estimators': 200}",-10.029322458494807,-10.316408626464998,-10.567625398747763,-10.184987194938115,-10.136290436656973,-10.24692682306053,0.18498858584171599,71,-14.209501364550398,-14.727784377524054,-15.121429911376813,-14.029100976347276,-14.271041859369397,-14.471771697833589,0.3981542037999888,69,-0.41769858048927816,-0.3802603693611868,-0.429607250755287,-0.3850557396806267,-0.4336949969861362,-0.40926338745450297,0.022401402050346686,86,0.9343980221143873,-1.409558787368815,1.3621264617860953,-1.2937207831758932,0.5678150840302696,0.032211999477208805,1.1581263753666764,76,-13.123961862363354,-11.711514736677824,-13.884486166795735,-11.54542770760517,-12.340591423780497,-12.521196379444515,0.8788870559157652,10,10.24692682306053,14.471771697833589,0.40926338745450297,12.521196379444515,0.032211999477208805,n200__squared_error__boostrap_true__samples_0.7
6.697605752944947,0.2582341164176491,2.037743616104126,0.33493176899417104,True,squared_error,22,0.875,0.7,3,2,200,"{'bootstrap': True, 'criterion': 'squared_error', 'max_depth': 22, 'max_features': 0.875, 'max_samples': 0.7, 'min_samples_leaf': 3, 'min_samples_split': 2, 'n_estimators': 200}",-10.006354546499859,-10.307065177411824,-10.553004450427705,-10.155054703946865,-10.059562847383573,-10.216208345133966,0.19697856589470436,56,-14.224304150379426,-14.697110710983832,-15.136324003966969,-14.020528858540716,-14.182097362335734,-14.452073017241336,0.4096922640352235,46,-0.4152823920265781,-0.3832879200726612,-0.42658610271903324,-0.38324796625489604,-0.43128390596745025,-0.40793765740812377,0.02080359277082891,58,0.9744358839321029,-1.4092014966128104,1.4029693192624741,-1.2100610639353946,0.6267390519484143,0.07697633891895728,1.1602689252638767,53,-13.220871678240082,-11.607284256587338,-14.013552824955557,-11.669981875470942,-12.38894119566161,-12.580126366183105,0.9248353908924228,65,10.216208345133966,14.452073017241336,0.40793765740812377,12.580126366183105,0.07697633891895728,n200__squared_error__boostrap_true__samples_0.7
6.264495182037353,0.2796727486907222,2.2435662746429443,0.23401596007207812,True,squared_error,22,0.875,0.7,3,4,200,"{'bootstrap': True, 'criterion': 'squared_error', 'max_depth': 22, 'max_features': 0.875, 'max_samples': 0.7, 'min_samples_leaf': 3, 'min_samples_split': 4, 'n_estimators': 200}",-10.006354546499859,-10.307065177411825,-10.553004450427705,-10.155054703946865,-10.059562847383573,-10.216208345133968,0.19697856589470455,57,-14.224304150379426,-14.697110710983834,-15.136324003966969,-14.020528858540716,-14.182097362335734,-14.452073017241336,0.4096922640352238,46,-0.4152823920265781,-0.3832879200726612,-0.42658610271903324,-0.38324796625489604,-0.43128390596745025,-0.40793765740812377,0.02080359277082891,58,0.9744358839321022,-1.4092014966128101,1.4029693192624744,-1.2100610639353948,0.6267390519484143,0.0769763389189572,1.1602689252638767,54,-13.220871678240082,-11.607284256587338,-14.013552824955557,-11.669981875470942,-12.38894119566161,-12.580126366183105,0.9248353908924228,65,10.216208345133968,14.452073017241336,0.40793765740812377,12.580126366183105,0.0769763389189572,n200__squared_error__boostrap_true__samples_0.7
5.779608154296875,0.10308338039010871,2.35623836517334,0.14679699755222178,True,squared_error,22,0.875,0.7,3,8,200,"{'bootstrap': True, 'criterion': 'squared_error', 'max_depth': 22, 'max_features': 0.875, 'max_samples': 0.7, 'min_samples_leaf': 3, 'min_samples_split': 8, 'n_estimators': 200}",-10.05837164878921,-10.273500039788463,-10.586239206806699,-10.16106568014602,-10.067637912373037,-10.229362897580685,0.1946105214637949,62,-14.263698971603768,-14.66708833831166,-15.148261913180427,-13.993507767379405,-14.18412902084414,-14.45133720226388,0.41193900389780036,43,-0.41467834491090305,-0.38268240993036634,-0.4268882175226586,-0.3817414884001205,-0.432790837854129,-0.4077562597236355,0.021661687123607772,47,0.9666472742188204,-1.367679841103061,1.3997946608074545,-1.1986728966820865,0.6018481466098244,0.08038746877019035,1.142900465664525,44,-13.293458723262777,-11.636045932064036,-14.038843631211195,-11.738824644166057,-12.32637699989733,-12.60670998612028,0.9269984747720771,87,10.229362897580685,14.45133720226388,0.4077562597236355,12.60670998612028,0.08038746877019035,n200__squared_error__boostrap_true__samples_0.7
5.930931282043457,0.26705671227270095,2.127832555770874,0.2747602129779522,True,squared_error,22,0.875,0.7,4,2,200,"{'bootstrap': True, 'criterion': 'squared_error', 'max_depth': 22, 'max_features': 0.875, 'max_samples': 0.7, 'min_samples_leaf': 4, 'min_samples_split': 2, 'n_estimators': 200}",-10.109771301548689,-10.314401238908866,-10.601779169736535,-10.195131661422188,-10.095779208420138,-10.263372516007284,0.18625823896668553,80,-14.321413115148534,-14.71725416916932,-15.157885481884865,-14.082555918425767,-14.245029907845876,-14.504827718494871,0.3875716015247744,87,-0.41467834491090305,-0.3823796548592189,-0.42749244712990936,-0.380235010545345,-0.4333936106088005,-0.4076358136108353,0.022342895119174998,37,1.0277842982957917,-1.385771888389125,1.4143586265590256,-1.2278445192356104,0.5904784177422163,0.08380098699445962,1.166041895741737,38,-13.42915025166973,-11.675084221997905,-14.05421063807007,-11.791769423501286,-12.328582337832648,-12.655759374614329,0.934777683618334,91,10.263372516007284,14.504827718494871,0.4076358136108353,12.655759374614329,0.08380098699445962,n200__squared_error__boostrap_true__samples_0.7
5.805872964859009,0.35594471540985034,2.1375843048095704,0.36293772992478274,True,squared_error,22,0.875,0.7,4,4,200,"{'bootstrap': True, 'criterion': 'squared_error', 'max_depth': 22, 'max_features': 0.875, 'max_samples': 0.7, 'min_samples_leaf': 4, 'min_samples_split': 4, 'n_estimators': 200}",-10.10977130154869,-10.314401238908866,-10.601779169736535,-10.195131661422186,-10.095779208420137,-10.263372516007284,0.1862582389666857,80,-14.321413115148534,-14.71725416916932,-15.157885481884865,-14.082555918425767,-14.245029907845876,-14.504827718494871,0.3875716015247744,87,-0.41467834491090305,-0.3823796548592189,-0.42749244712990936,-0.380235010545345,-0.4333936106088005,-0.4076358136108353,0.022342895119174998,37,1.0277842982957923,-1.385771888389126,1.4143586265590251,-1.2278445192356113,0.5904784177422152,0.08380098699445908,1.1660418957417373,39,-13.429150251669732,-11.675084221997905,-14.05421063807007,-11.791769423501286,-12.328582337832648,-12.655759374614329,0.9347776836183344,91,10.263372516007284,14.504827718494871,0.4076358136108353,12.655759374614329,0.08380098699445908,n200__squared_error__boostrap_true__samples_0.7
5.5439657211303714,0.24451385469548273,3.162364101409912,0.3786335373526618,True,squared_error,22,0.875,0.7,4,8,200,"{'bootstrap': True, 'criterion': 'squared_error', 'max_depth': 22, 'max_features': 0.875, 'max_samples': 0.7, 'min_samples_leaf': 4, 'min_samples_split': 8, 'n_estimators': 200}",-10.109771301548689,-10.314401238908866,-10.601779169736535,-10.195131661422188,-10.095779208420138,-10.263372516007284,0.18625823896668553,80,-14.321413115148534,-14.71725416916932,-15.157885481884865,-14.08255591842577,-14.245029907845876,-14.504827718494871,0.38757160152477366,87,-0.41467834491090305,-0.3823796548592189,-0.42749244712990936,-0.380235010545345,-0.4333936106088005,-0.4076358136108353,0.022342895119174998,37,1.0277842982957914,-1.3857718883891266,1.414358626559025,-1.227844519235612,0.5904784177422158,0.0838009869944587,1.1660418957417373,40,-13.429150251669732,-11.675084221997905,-14.05421063807007,-11.791769423501286,-12.328582337832648,-12.655759374614329,0.9347776836183344,91,10.263372516007284,14.504827718494871,0.4076358136108353,12.655759374614329,0.0838009869944587,n200__squared_error__boostrap_true__samples_0.7
10.743301153182983,0.37482523458483646,2.6248606204986573,0.4057228974898272,True,squared_error,22,1.0,0.7,1,2,200,"{'bootstrap': True, 'criterion': 'squared_error', 'max_depth': 22, 'max_features': 1.0, 'max_samples': 0.7, 'min_samples_leaf': 1, 'min_samples_split': 2, 'n_estimators': 200}",-10.022525982777852,-10.232261397513609,-10.561359915350609,-10.141863483316484,-10.061629789656973,-10.203928113723105,0.1926488163867382,45,-14.198011391871718,-14.732596838137274,-15.082800245182257,-13.984715618885964,-14.222229949166485,-14.44407080864874,0.4029859443378423,31,-0.4113560857746904,-0.381774144716924,-0.4280966767371601,-0.38294667068394095,-0.43248945147679324,-0.4073326058779017,0.02157827927252725,28,0.8997892188767866,-1.3002004286028028,1.3705827839907647,-1.1906554248048542,0.5246685128339864,0.06083693245877615,1.1002791180368163,67,-13.275985915080216,-11.69809570987803,-13.936037521107954,-11.687277555546855,-12.238793647270036,-12.567238069776618,0.89594086113278,40,10.203928113723105,14.44407080864874,0.4073326058779017,12.567238069776618,0.06083693245877615,n200__squared_error__boostrap_true__samples_0.7
10.394700956344604,0.14338491769017664,1.840279483795166,0.1787898782645775,True,squared_error,22,1.0,0.7,1,4,200,"{'bootstrap': True, 'criterion': 'squared_error', 'max_depth': 22, 'max_features': 1.0, 'max_samples': 0.7, 'min_samples_leaf': 1, 'min_samples_split': 4, 'n_estimators': 200}",-10.003042015633765,-10.270660579828336,-10.528514535892755,-10.168639777288117,-10.080826416341479,-10.210336664996891,0.18240544884097235,53,-14.18250562037201,-14.757706118787205,-15.048192668065116,-13.99798057455515,-14.19074405154989,-14.435425806665876,0.3986336511204408,14,-0.4080338266384778,-0.38268240993036634,-0.42779456193353477,-0.3841518529677614,-0.43158529234478604,-0.40684958876298527,0.0207421748864726,15,0.8604466802863151,-1.2847598127908724,1.3497173189728684,-1.2151137184250462,0.4963909741533454,0.04133628843932206,1.0887676530398431,73,-13.311995215466837,-11.740676516425925,-13.88310290946512,-11.65362862328099,-12.253913163988067,-12.568663285725389,0.8834265158997148,41,10.210336664996891,14.435425806665876,0.40684958876298527,12.568663285725389,0.04133628843932206,n200__squared_error__boostrap_true__samples_0.7
8.293418025970459,1.0323697413110307,2.5126389980316164,0.8408535175710375,True,squared_error,22,1.0,0.7,1,8,200,"{'bootstrap': True, 'criterion': 'squared_error', 'max_depth': 22, 'max_features': 1.0, 'max_samples': 0.7, 'min_samples_leaf': 1, 'min_samples_split': 8, 'n_estimators': 200}",-10.085746111978407,-10.285120104114716,-10.590250895631454,-10.192052585880276,-10.118212935030328,-10.254276526527036,0.1814484628328641,72,-14.289900675952612,-14.781066140864398,-15.13908695872782,-14.053508518475455,-14.25302872802567,-14.503318204409192,0.39796141576128813,86,-0.4083358501963153,-0.3823796548592189,-0.427190332326284,-0.38053630611630007,-0.4355033152501507,-0.4067890917496538,0.02248616940616297,13,0.8721714970044268,-1.3628129516418597,1.2864896269707753,-1.2779099259579505,0.4608822851846268,-0.004235893687996262,1.1061983879336765,90,-13.417775592951987,-11.666817309824959,-13.90099403458748,-11.712604706366664,-12.14582627704956,-12.56880358415613,0.9188090582570735,42,10.254276526527036,14.503318204409192,0.4067890917496538,12.56880358415613,-0.004235893687996262,n200__squared_error__boostrap_true__samples_0.7
8.0326247215271,0.6232010387694866,3.0897295475006104,0.814249430560813,True,squared_error,22,1.0,0.7,2,2,200,"{'bootstrap': True, 'criterion': 'squared_error', 'max_depth': 22, 'max_features': 1.0, 'max_samples': 0.7, 'min_samples_leaf': 2, 'min_samples_split': 2, 'n_estimators': 200}",-9.955427471236515,-10.218369825831411,-10.46203767903206,-10.082949261650885,-10.060660074676587,-10.155888862485492,0.17447317583653862,13,-14.194588866925605,-14.762051684251459,-15.026394082914182,-13.960201687243133,-14.25074786226755,-14.438796836720385,0.3933999203340223,17,-0.41226215644820297,-0.38449894035725096,-0.4244712990936556,-0.3799337149743899,-0.42917420132610007,-0.4060680624399199,0.02029369714473156,8,0.9203880993269915,-1.2204984587394772,1.3419290563226647,-1.1735495341068807,0.5615789573875307,0.08596962403816581,1.0763958274229657,30,-13.19041221763215,-11.700775246261678,-13.904316688264819,-11.724939609721869,-12.375206849855596,-12.579130122347221,0.8570319312336636,63,10.155888862485492,14.438796836720385,0.4060680624399199,12.579130122347221,0.08596962403816581,n200__squared_error__boostrap_true__samples_0.7
9.270641851425172,0.0728780713496146,1.8523657321929932,0.23213751534826155,True,squared_error,22,1.0,0.7,2,4,200,"{'bootstrap': True, 'criterion': 'squared_error', 'max_depth': 22, 'max_features': 1.0, 'max_samples': 0.7, 'min_samples_leaf': 2, 'min_samples_split': 4, 'n_estimators': 200}",-9.955427471236517,-10.218369825831411,-10.462037679032063,-10.082949261650885,-10.060660074676587,-10.155888862485494,0.17447317583653946,14,-14.194588866925605,-14.76205168425146,-15.026394082914182,-13.960201687243133,-14.25074786226755,-14.438796836720385,0.3933999203340226,17,-0.41226215644820297,-0.38449894035725096,-0.4244712990936556,-0.3799337149743899,-0.42917420132610007,-0.4060680624399199,0.02029369714473156,8,0.920388099326992,-1.220498458739476,1.3419290563226647,-1.1735495341068798,0.5615789573875303,0.08596962403816621,1.0763958274229652,29,-13.19041221763215,-11.700775246261678,-13.90431668826482,-11.724939609721869,-12.375206849855596,-12.579130122347221,0.8570319312336643,63,10.155888862485494,14.438796836720385,0.4060680624399199,12.579130122347221,0.08596962403816621,n200__squared_error__boostrap_true__samples_0.7
8.233763456344604,0.7540282577418835,1.843134880065918,0.399719566626433,True,squared_error,22,1.0,0.7,2,8,200,"{'bootstrap': True, 'criterion': 'squared_error', 'max_depth': 22, 'max_features': 1.0, 'max_samples': 0.7, 'min_samples_leaf': 2, 'min_samples_split': 8, 'n_estimators': 200}",-10.01687014073327,-10.28823318572091,-10.483322458244597,-10.13088381845142,-10.034620749401297,-10.190786070510299,0.17509775347531664,29,-14.229595446317514,-14.7810274641678,-15.034986968739643,-14.0058771166205,-14.221361533547023,-14.454569705878495,0.3872423984371406,48,-0.4110540622168529,-0.38207689978807147,-0.42779456193353477,-0.3865622175354022,-0.4309825195901145,-0.4076940522127952,0.020300077863050568,41,0.9094430554591784,-1.3019667383657934,1.3345874021794633,-1.1913698981313439,0.5272461975852271,0.055588003745346296,1.0940958138325474,69,-13.290603597572817,-11.759761519656877,-13.812599448447616,-11.56283971221447,-12.253242842692758,-12.535809424116907,0.875062431343895,16,10.190786070510299,14.454569705878495,0.4076940522127952,12.535809424116907,0.055588003745346296,n200__squared_error__boostrap_true__samples_0.7
6.493437623977661,0.767602678257774,2.8992555141448975,0.40610821244351164,True,squared_error,22,1.0,0.7,3,2,200,"{'bootstrap': True, 'criterion': 'squared_error', 'max_depth': 22, 'max_features': 1.0, 'max_samples': 0.7, 'min_samples_leaf': 3, 'min_samples_split': 2, 'n_estimators': 200}",-9.959281084347529,-10.174307899579047,-10.502306326759875,-10.139369975981166,-10.029497125036308,-10.160952482340786,0.1871461902271406,15,-14.167775193260423,-14.711277381255496,-15.079749475026173,-14.043061067416067,-14.244392017168837,-14.449251026825399,0.38791036218256153,39,-0.41256418000604045,-0.38116863457462913,-0.42628398791540784,-0.3811388972582103,-0.43037974683544306,-0.4063070893179462,0.02136867005615722,11,0.9595221534539324,-1.2818795283094786,1.3791461100801705,-1.1973394389697798,0.6000155358749147,0.09189296642595186,1.1151108169171342,25,-13.232854143616628,-11.66469059185996,-13.936076387647253,-11.730671680767117,-12.348992650176275,-12.582657090813447,0.8806407557531134,69,10.160952482340786,14.449251026825399,0.4063070893179462,12.582657090813447,0.09189296642595186,n200__squared_error__boostrap_true__samples_0.7
8.025049018859864,0.40565480946051136,1.887383222579956,0.5773410070684126,True,squared_error,22,1.0,0.7,3,4,200,"{'bootstrap': True, 'criterion': 'squared_error', 'max_depth': 22, 'max_features': 1.0, 'max_samples': 0.7, 'min_samples_leaf': 3, 'min_samples_split': 4, 'n_estimators': 200}",-9.959281084347525,-10.174307899579047,-10.502306326759875,-10.13936997598117,-10.029497125036308,-10.160952482340786,0.18714619022714132,15,-14.167775193260423,-14.711277381255496,-15.079749475026173,-14.043061067416067,-14.244392017168837,-14.449251026825399,0.38791036218256153,39,-0.41256418000604045,-0.38116863457462913,-0.42628398791540784,-0.3811388972582103,-0.43037974683544306,-0.4063070893179462,0.02136867005615722,11,0.9595221534539314,-1.2818795283094786,1.3791461100801699,-1.197339438969779,0.6000155358749153,0.0918929664259518,1.1151108169171338,26,-13.232854143616624,-11.66469059185996,-13.936076387647253,-11.730671680767117,-12.348992650176275,-12.582657090813447,0.8806407557531128,69,10.160952482340786,14.449251026825399,0.4063070893179462,12.582657090813447,0.0918929664259518,n200__squared_error__boostrap_true__samples_0.7
8.260489177703857,0.03519341611804279,1.202632236480713,0.11835360959927758,True,squared_error,22,1.0,0.7,3,8,200,"{'bootstrap': True, 'criterion': 'squared_error', 'max_depth': 22, 'max_features': 1.0, 'max_samples': 0.7, 'min_samples_leaf': 3, 'min_samples_split': 8, 'n_estimators': 200}",-9.984205045249118,-10.243652182048358,-10.495653336961196,-10.146941297445668,-10.053338672378414,-10.18475810681655,0.17835193609669925,24,-14.186179643898763,-14.728464881686115,-15.066396721265603,-14.042978486361697,-14.234444954624768,-14.45169293756739,0.38450096191711375,44,-0.4119601328903654,-0.38086587950348166,-0.4256797583081571,-0.3814401928291654,-0.42977697408077153,-0.4059445875223882,0.021085793114154754,7,0.945261602790767,-1.3368272708967006,1.3814119869933434,-1.1819348969415762,0.6152458409855823,0.0846314525862832,1.1250431866694377,32,-13.265199439758085,-11.692862751007123,-13.950704834027512,-11.751523002872462,-12.41176837845082,-12.6144116812232,0.8768235520396708,89,10.18475810681655,14.45169293756739,0.4059445875223882,12.6144116812232,0.0846314525862832,n200__squared_error__boostrap_true__samples_0.7
5.986182355880738,0.5289827239876591,2.482393169403076,0.9519665415947856,True,squared_error,22,1.0,0.7,4,2,200,"{'bootstrap': True, 'criterion': 'squared_error', 'max_depth': 22, 'max_features': 1.0, 'max_samples': 0.7, 'min_samples_leaf': 4, 'min_samples_split': 2, 'n_estimators': 200}",-10.006270979437803,-10.236960805326317,-10.555418339763845,-10.098319820473542,-10.054013801174667,-10.190196749235236,0.19818654914350986,26,-14.228466337302269,-14.709102101001186,-15.156925863617039,-14.001075840809492,-14.249663256827636,-14.469046679911523,0.41371707008383174,63,-0.41407429779522803,-0.3832879200726612,-0.42658610271903324,-0.3838505573968063,-0.43309222423146476,-0.4081782204430387,0.021003255388716377,71,0.9963717368426135,-1.3010602323848026,1.3446293985267197,-1.203871509461549,0.6804960369726959,0.10331308609913548,1.1271695599586096,7,-13.285831522102281,-11.656903472522046,-13.948002129511956,-11.585821799155731,-12.39286835176512,-12.573885455011427,0.921407268637196,51,10.190196749235236,14.469046679911523,0.4081782204430387,12.573885455011427,0.10331308609913548,n200__squared_error__boostrap_true__samples_0.7
7.504491662979126,0.6327592655729655,2.021182632446289,0.4768549701374087,True,squared_error,22,1.0,0.7,4,4,200,"{'bootstrap': True, 'criterion': 'squared_error', 'max_depth': 22, 'max_features': 1.0, 'max_samples': 0.7, 'min_samples_leaf': 4, 'min_samples_split': 4, 'n_estimators': 200}",-10.006270979437803,-10.23696080532632,-10.555418339763845,-10.098319820473542,-10.054013801174667,-10.190196749235236,0.19818654914350994,26,-14.228466337302269,-14.709102101001186,-15.156925863617039,-14.001075840809492,-14.249663256827638,-14.469046679911525,0.4137170700838316,64,-0.41407429779522803,-0.3832879200726612,-0.42658610271903324,-0.3838505573968063,-0.43309222423146476,-0.4081782204430387,0.021003255388716377,71,0.996371736842613,-1.3010602323848026,1.3446293985267195,-1.2038715094615495,0.6804960369726959,0.10331308609913525,1.1271695599586096,9,-13.285831522102281,-11.656903472522048,-13.948002129511956,-11.585821799155731,-12.392868351765118,-12.573885455011427,0.9214072686371957,51,10.190196749235236,14.469046679911525,0.4081782204430387,12.573885455011427,0.10331308609913525,n200__squared_error__boostrap_true__samples_0.7
8.026664209365844,0.10622045339026093,1.5245460510253905,0.03968331767188936,True,squared_error,22,1.0,0.7,4,8,200,"{'bootstrap': True, 'criterion': 'squared_error', 'max_depth': 22, 'max_features': 1.0, 'max_samples': 0.7, 'min_samples_leaf': 4, 'min_samples_split': 8, 'n_estimators': 200}",-10.006270979437803,-10.236960805326317,-10.555418339763845,-10.098319820473542,-10.05401380117467,-10.190196749235236,0.1981865491435096,26,-14.228466337302269,-14.709102101001186,-15.156925863617039,-14.001075840809492,-14.249663256827638,-14.469046679911525,0.4137170700838316,64,-0.41407429779522803,-0.3832879200726612,-0.42658610271903324,-0.3838505573968063,-0.43309222423146476,-0.4081782204430387,0.021003255388716377,71,0.9963717368426125,-1.3010602323848026,1.3446293985267195,-1.203871509461549,0.6804960369726964,0.10331308609913537,1.1271695599586093,8,-13.285831522102281,-11.65690347252205,-13.948002129511956,-11.585821799155731,-12.392868351765118,-12.573885455011427,0.9214072686371954,51,10.190196749235236,14.469046679911525,0.4081782204430387,12.573885455011427,0.10331308609913537,n200__squared_error__boostrap_true__samples_0.7
8.94490008354187,0.34609481680287457,2.915112781524658,0.5494395219254792,True,squared_error,24,0.875,0.7,1,2,200,"{'bootstrap': True, 'criterion': 'squared_error', 'max_depth': 24, 'max_features': 0.875, 'max_samples': 0.7, 'min_samples_leaf': 1, 'min_samples_split': 2, 'n_estimators': 200}",-10.101615596994677,-10.279053867751273,-10.551064457491211,-10.257915698110947,-10.102540646776454,-10.258438053424912,0.16428802832386408,74,-14.297172214484386,-14.657316957233913,-15.025542884287823,-14.073511377403774,-14.190505071520061,-14.448809700985993,0.3483275703211504,38,-0.41316822712171547,-0.3838934302149561,-0.43111782477341387,-0.3838505573968063,-0.43399638336347196,-0.4092052845740728,0.021881567915211907,84,0.8339886529114663,-1.353561966523174,1.3411906460826175,-1.2286321226464434,0.5233077905005358,0.023258600065000447,1.1051825680452088,80,-13.233839792192704,-11.624960469146849,-13.792349121523957,-11.76145690226322,-12.241862887112866,-12.53089383444792,0.846367509335601,15,10.258438053424912,14.448809700985993,0.4092052845740728,12.53089383444792,0.023258600065000447,n200__squared_error__boostrap_true__samples_0.7
8.531262063980103,0.42489105029306995,1.7797115802764893,0.4109514393024048,True,squared_error,24,0.875,0.7,1,4,200,"{'bootstrap': True, 'criterion': 'squared_error', 'max_depth': 24, 'max_features': 0.875, 'max_samples': 0.7, 'min_samples_leaf': 1, 'min_samples_split': 4, 'n_estimators': 200}",-10.126618100663556,-10.291923411245323,-10.619776424749658,-10.236811914431412,-10.084268686980435,-10.271879707614078,0.1891890353507401,90,-14.251819753403888,-14.672978681214094,-15.127740414842913,-14.06880765285744,-14.185568515369946,-14.461383003537657,0.3906176452912318,55,-0.4113560857746904,-0.38449894035725096,-0.42749244712990936,-0.3856583308225369,-0.43670886075949367,-0.4091429329687763,0.021261871978069377,83,0.8204161263459621,-1.4083615577081963,1.3671966727045435,-1.2777100677424158,0.49953427771411774,0.00021509026280224218,1.1320661570734931,87,-13.306031690759365,-11.552127874894934,-14.020099276527704,-11.61533555826593,-12.117687452331445,-12.522256370555876,0.9782809198774673,11,10.271879707614078,14.461383003537657,0.4091429329687763,12.522256370555876,0.00021509026280224218,n200__squared_error__boostrap_true__samples_0.7
8.2399751663208,0.047997898082724075,1.3996875286102295,0.05153023707051642,True,squared_error,24,0.875,0.7,1,8,200,"{'bootstrap': True, 'criterion': 'squared_error', 'max_depth': 24, 'max_features': 0.875, 'max_samples': 0.7, 'min_samples_leaf': 1, 'min_samples_split': 8, 'n_estimators': 200}",-10.120474165092816,-10.372343990181662,-10.644143824721825,-10.283322712226276,-10.201054556576011,-10.324267849759718,0.18056679675441342,96,-14.273811386249124,-14.734548364724974,-15.140307333960328,-14.130696991597294,-14.280299071545487,-14.51193262961544,0.37419486315032524,96,-0.4119601328903654,-0.38056312443233425,-0.4268882175226586,-0.38324796625489604,-0.43670886075949367,-0.4078736603719496,0.022636305381960525,52,0.8065933490704356,-1.4552478666504174,1.2500634253636895,-1.319840354495415,0.49873028827473587,-0.04394023168739427,1.1235706024616992,96,-13.26228758775459,-11.715659704066702,-13.931290161989754,-11.694102965923243,-12.25047830062622,-12.570763744072101,0.8867420329154003,47,10.324267849759718,14.51193262961544,0.4078736603719496,12.570763744072101,-0.04394023168739427,n200__squared_error__boostrap_true__samples_0.7
6.756284093856811,1.0046319107154797,2.60453405380249,0.7245195236968285,True,squared_error,24,0.875,0.7,2,2,200,"{'bootstrap': True, 'criterion': 'squared_error', 'max_depth': 24, 'max_features': 0.875, 'max_samples': 0.7, 'min_samples_leaf': 2, 'min_samples_split': 2, 'n_estimators': 200}",-9.988155491825621,-10.20809122897144,-10.546099415718455,-10.115268768207612,-10.051083196675739,-10.181739620279775,0.1961717399659322,18,-14.158418843555404,-14.62322077295558,-15.103973474432353,-13.971287604245997,-14.183633479670277,-14.408106834971923,0.40842326252523187,1,-0.41679250981576565,-0.3851044504995459,-0.42658610271903324,-0.3808376016872552,-0.43037974683544306,-0.4079400823114086,0.020907360569628237,60,0.9297746300681905,-1.351456242584294,1.4360582716270964,-1.2159371645804762,0.6048125226693636,0.08065040343997605,1.1458583800590398,41,-13.09756037448928,-11.499003679259728,-14.04424289841139,-11.68389303498357,-12.379643556297987,-12.54086870868839,0.9397790335742742,20,10.181739620279775,14.408106834971923,0.4079400823114086,12.54086870868839,0.08065040343997605,n200__squared_error__boostrap_true__samples_0.7
7.693052768707275,0.4519278688196996,1.6775687694549561,0.4429426404861733,True,squared_error,24,0.875,0.7,2,4,200,"{'bootstrap': True, 'criterion': 'squared_error', 'max_depth': 24, 'max_features': 0.875, 'max_samples': 0.7, 'min_samples_leaf': 2, 'min_samples_split': 4, 'n_estimators': 200}",-9.988155491825621,-10.20809122897144,-10.546099415718455,-10.115268768207612,-10.051083196675739,-10.181739620279775,0.1961717399659322,18,-14.158418843555404,-14.623220772955579,-15.103973474432353,-13.971287604245997,-14.183633479670279,-14.408106834971923,0.4084232625252315,1,-0.41679250981576565,-0.3851044504995459,-0.42658610271903324,-0.3808376016872552,-0.43037974683544306,-0.4079400823114086,0.020907360569628237,60,0.9297746300681904,-1.3514562425842942,1.4360582716270966,-1.2159371645804766,0.6048125226693636,0.08065040343997595,1.14585838005904,42,-13.09756037448928,-11.499003679259728,-14.04424289841139,-11.68389303498357,-12.379643556297983,-12.54086870868839,0.9397790335742743,20,10.181739620279775,14.408106834971923,0.4079400823114086,12.54086870868839,0.08065040343997595,n200__squared_error__boostrap_true__samples_0.7
7.617382955551148,0.09357932391067748,1.3572632789611816,0.09275638259246453,True,squared_error,24,0.875,0.7,2,8,200,"{'bootstrap': True, 'criterion': 'squared_error', 'max_depth': 24, 'max_features': 0.875, 'max_samples': 0.7, 'min_samples_leaf': 2, 'min_samples_split': 8, 'n_estimators': 200}",-10.080351896704844,-10.27258334780505,-10.583342826115151,-10.19190949822105,-10.102915522025473,-10.246220618174315,0.18184876007012618,70,-14.263118880214664,-14.697205542030852,-15.12688412411495,-14.037965804785719,-14.216309040607063,-14.468296678350649,0.3941870243314428,62,-0.41226215644820297,-0.3814713896457766,-0.42900302114803623,-0.3841518529677614,-0.4318866787221218,-0.4077550197863798,0.021457248206514436,46,0.9192070835222376,-1.392711906574488,1.34257464526641,-1.288769306553309,0.5463847771202549,0.025337058556221103,1.1439709447993223,79,-13.340490763198483,-11.638974353327198,-13.899572827560908,-11.588047959272636,-12.328813116736054,-12.559179804019056,0.9219592414490869,33,10.246220618174315,14.468296678350649,0.4077550197863798,12.559179804019056,0.025337058556221103,n200__squared_error__boostrap_true__samples_0.7
6.557587146759033,0.9351852735562924,1.6901337146759032,0.38214072391939186,True,squared_error,24,0.875,0.7,3,2,200,"{'bootstrap': True, 'criterion': 'squared_error', 'max_depth': 24, 'max_features': 0.875, 'max_samples': 0.7, 'min_samples_leaf': 3, 'min_samples_split': 2, 'n_estimators': 200}",-9.998999431882456,-10.294104554131055,-10.534091800680061,-10.142759722158102,-10.077764623515629,-10.209544026473461,0.18901678297891358,51,-14.21816710088926,-14.662898572383487,-15.090452370270196,-14.011393761116638,-14.226394595759132,-14.441861280083742,0.38763259656573856,24,-0.41498036846874053,-0.381774144716924,-0.4241691842900302,-0.38354926182585114,-0.4345991561181435,-0.4078144230839379,0.021462269495057907,48,0.9657232520473344,-1.3921019508892556,1.3698529731262428,-1.2150572788921359,0.6414601479681191,0.07397542867206097,1.1495686061633141,56,-13.21113420905806,-11.658729023991935,-14.03207165288421,-11.638273530714745,-12.332311994376932,-12.574504082205177,0.9277531731778714,54,10.209544026473461,14.441861280083742,0.4078144230839379,12.574504082205177,0.07397542867206097,n200__squared_error__boostrap_true__samples_0.7
6.251062870025635,0.7910946737851684,2.1040451526641846,0.632468861774004,True,squared_error,24,0.875,0.7,3,4,200,"{'bootstrap': True, 'criterion': 'squared_error', 'max_depth': 24, 'max_features': 0.875, 'max_samples': 0.7, 'min_samples_leaf': 3, 'min_samples_split': 4, 'n_estimators': 200}",-9.998999431882458,-10.294104554131055,-10.534091800680063,-10.142759722158102,-10.077764623515629,-10.209544026473461,0.1890167829789138,51,-14.21816710088926,-14.662898572383487,-15.090452370270196,-14.01139376111664,-14.226394595759128,-14.441861280083742,0.38763259656573856,24,-0.41498036846874053,-0.381774144716924,-0.4241691842900302,-0.38354926182585114,-0.4345991561181435,-0.4078144230839379,0.021462269495057907,48,0.9657232520473344,-1.3921019508892556,1.3698529731262434,-1.2150572788921363,0.6414601479681191,0.07397542867206101,1.1495686061633144,55,-13.211134209058057,-11.658729023991935,-14.03207165288421,-11.638273530714745,-12.332311994376932,-12.574504082205177,0.9277531731778712,54,10.209544026473461,14.441861280083742,0.4078144230839379,12.574504082205177,0.07397542867206101,n200__squared_error__boostrap_true__samples_0.7
7.0727685451507565,0.1002592493865892,1.366220474243164,0.0834562750208623,True,squared_error,24,0.875,0.7,3,8,200,"{'bootstrap': True, 'criterion': 'squared_error', 'max_depth': 24, 'max_features': 0.875, 'max_samples': 0.7, 'min_samples_leaf': 3, 'min_samples_split': 8, 'n_estimators': 200}",-10.060791914235525,-10.269072663220575,-10.592272133034507,-10.168673403608985,-10.072796129108891,-10.232721248641695,0.19485180530331433,65,-14.267135501395886,-14.653617723665558,-15.13493478533597,-14.008245656610702,-14.173079012759835,-14.447402535953591,0.4039390204928768,35,-0.41467834491090305,-0.38298516500151375,-0.427190332326284,-0.38354926182585114,-0.4336949969861362,-0.4084196202101376,0.021428029201577305,76,0.9797724175401956,-1.3530650933755453,1.4049993853187541,-1.200213365746926,0.6224571415243761,0.09079009705217092,1.1446845170236695,27,-13.312202659326076,-11.640147432094125,-14.042068149133414,-11.691405681721985,-12.330385806796798,-12.60324194581448,0.938753750898721,83,10.232721248641695,14.447402535953591,0.4084196202101376,12.60324194581448,0.09079009705217092,n200__squared_error__boostrap_true__samples_0.7
6.815973281860352,0.39441673771607855,1.0420119762420654,0.3481619628343883,True,squared_error,24,0.875,0.7,4,2,200,"{'bootstrap': True, 'criterion': 'squared_error', 'max_depth': 24, 'max_features': 0.875, 'max_samples': 0.7, 'min_samples_leaf': 4, 'min_samples_split': 2, 'n_estimators': 200}",-10.131345401260793,-10.302855751645266,-10.607728436815956,-10.212202289614895,-10.092019619243622,-10.269230299716106,0.18405418999260265,84,-14.344332101191103,-14.71303279943279,-15.16881235872581,-14.08766424117534,-14.242483115585483,-14.511264923222106,0.3879759453435741,90,-0.41920869827846574,-0.3838934302149561,-0.429607250755287,-0.38053630611630007,-0.43520192887281495,-0.4096895228475648,0.023037195523664622,93,1.0222260675560253,-1.3751407631465227,1.438376522383962,-1.2522076388029137,0.5858735199262887,0.0838255415833679,1.1731175061963828,36,-13.303125048001618,-11.62785591759123,-14.019904154343086,-11.772851245465148,-12.26774564950338,-12.598296402980893,0.921968574513133,77,10.269230299716106,14.511264923222106,0.4096895228475648,12.598296402980893,0.0838255415833679,n200__squared_error__boostrap_true__samples_0.7
5.295127534866333,0.659691958012517,2.4579207420349123,1.0202679061328055,True,squared_error,24,0.875,0.7,4,4,200,"{'bootstrap': True, 'criterion': 'squared_error', 'max_depth': 24, 'max_features': 0.875, 'max_samples': 0.7, 'min_samples_leaf': 4, 'min_samples_split': 4, 'n_estimators': 200}",-10.131345401260793,-10.302855751645266,-10.607728436815956,-10.212202289614895,-10.092019619243622,-10.269230299716106,0.18405418999260265,84,-14.344332101191105,-14.713032799432792,-15.168812358725809,-14.08766424117534,-14.242483115585483,-14.511264923222106,0.38797594534357355,90,-0.41920869827846574,-0.3838934302149561,-0.429607250755287,-0.38053630611630007,-0.43520192887281495,-0.4096895228475648,0.023037195523664622,93,1.0222260675560244,-1.375140763146522,1.4383765223839615,-1.2522076388029142,0.585873519926289,0.08382554158336775,1.1731175061963823,37,-13.303125048001618,-11.627855917591226,-14.019904154343084,-11.77285124546515,-12.26774564950338,-12.598296402980893,0.9219685745131329,77,10.269230299716106,14.511264923222106,0.4096895228475648,12.598296402980893,0.08382554158336775,n200__squared_error__boostrap_true__samples_0.7
7.082822179794311,0.042031791679689505,2.5403128147125242,0.022779446235099213,True,squared_error,24,0.875,0.7,4,8,200,"{'bootstrap': True, 'criterion': 'squared_error', 'max_depth': 24, 'max_features': 0.875, 'max_samples': 0.7, 'min_samples_leaf': 4, 'min_samples_split': 8, 'n_estimators': 200}",-10.131345401260793,-10.302855751645266,-10.607728436815956,-10.212202289614895,-10.092019619243622,-10.269230299716106,0.18405418999260265,84,-14.344332101191103,-14.713032799432792,-15.16881235872581,-14.08766424117534,-14.242483115585483,-14.511264923222106,0.38797594534357427,90,-0.41920869827846574,-0.3838934302149561,-0.429607250755287,-0.38053630611630007,-0.43520192887281495,-0.4096895228475648,0.023037195523664622,93,1.0222260675560253,-1.3751407631465216,1.4383765223839613,-1.2522076388029133,0.5858735199262887,0.08382554158336808,1.173117506196382,35,-13.303125048001615,-11.62785591759123,-14.019904154343086,-11.772851245465148,-12.267745649503379,-12.598296402980893,0.9219685745131326,77,10.269230299716106,14.511264923222106,0.4096895228475648,12.598296402980893,0.08382554158336808,n200__squared_error__boostrap_true__samples_0.7
10.618893098831176,0.22703173655669445,2.338236999511719,0.14967791525659144,True,squared_error,24,1.0,0.7,1,2,200,"{'bootstrap': True, 'criterion': 'squared_error', 'max_depth': 24, 'max_features': 1.0, 'max_samples': 0.7, 'min_samples_leaf': 1, 'min_samples_split': 2, 'n_estimators': 200}",-10.015245251594267,-10.252107086441729,-10.536140351734117,-10.140696284555878,-10.06966483547195,-10.20277076195959,0.18455655054681472,43,-14.182502897219345,-14.719980326241288,-15.077253925407861,-14.017174036840311,-14.215232334195926,-14.442428703980946,0.3949833191840212,26,-0.41467834491090305,-0.3823796548592189,-0.42749244712990936,-0.3847544441096716,-0.42977697408077153,-0.40781637301809487,0.020471354353909284,50,0.8780837209521015,-1.219582221463701,1.301062521613875,-1.3030457331797605,0.506144699579503,0.03253259750040358,1.0862775235849693,75,-13.134673061945016,-11.810938095416638,-13.844926328898184,-11.484793335950407,-12.303834515182583,-12.515833067478564,0.8665235221395563,7,10.20277076195959,14.442428703980946,0.40781637301809487,12.515833067478564,0.03253259750040358,n200__squared_error__boostrap_true__samples_0.7
9.38033037185669,0.7815092522381973,2.6183250904083253,0.2022713687962204,True,squared_error,24,1.0,0.7,1,4,200,"{'bootstrap': True, 'criterion': 'squared_error', 'max_depth': 24, 'max_features': 1.0, 'max_samples': 0.7, 'min_samples_leaf': 1, 'min_samples_split': 4, 'n_estimators': 200}",-10.01183042055472,-10.274822221995551,-10.562402213566685,-10.1474441405017,-10.12786591698239,-10.224872982720209,0.18826239023469116,60,-14.174354382191476,-14.773957803289226,-15.054209283307864,-13.988299754372438,-14.285781604917517,-14.455320565615704,0.3964823524365466,50,-0.412866203563878,-0.3781410838631547,-0.4287009063444109,-0.3850557396806267,-0.43128390596745025,-0.4072095678839041,0.021950935185206966,24,0.8752216278711208,-1.3015063159602513,1.3289781670536653,-1.2486322245085548,0.49898678781045763,0.03060960845328752,1.0981347879677963,78,-13.184721774812713,-11.865037004657564,-13.869087054211898,-11.555225645219577,-12.320020012055442,-12.55881829819144,0.8548818272566243,30,10.224872982720209,14.455320565615704,0.4072095678839041,12.55881829819144,0.03060960845328752,n200__squared_error__boostrap_true__samples_0.7
7.784913206100464,0.20765911162476042,2.6857409954071043,0.05748495802212815,True,squared_error,24,1.0,0.7,1,8,200,"{'bootstrap': True, 'criterion': 'squared_error', 'max_depth': 24, 'max_features': 1.0, 'max_samples': 0.7, 'min_samples_leaf': 1, 'min_samples_split': 8, 'n_estimators': 200}",-10.091375686301264,-10.235210328919164,-10.55702210556612,-10.18278471176487,-10.106112335278414,-10.234501033565966,0.16950719501087502,66,-14.255798914900621,-14.72553656566847,-15.068277388064464,-14.063849711700517,-14.23542032577574,-14.46977658122196,0.37124178239680583,66,-0.40863787375415284,-0.38116863457462913,-0.42930513595166164,-0.3841518529677614,-0.43309222423146476,-0.4072711442959339,0.021771245035603456,26,0.8351763137879042,-1.3801933595070972,1.312225464982687,-1.2718266197549484,0.45327862148236914,-0.01026791580181704,1.1087710462150928,92,-13.36948029279203,-11.61561598489597,-13.823789394270424,-11.598223493090567,-12.19069561396391,-12.519560955802579,0.9162430182853767,9,10.234501033565966,14.46977658122196,0.4072711442959339,12.519560955802579,-0.01026791580181704,n200__squared_error__boostrap_true__samples_0.7
8.728930521011353,0.21435494364679866,2.6399439334869386,0.09182217251740632,True,squared_error,24,1.0,0.7,2,2,200,"{'bootstrap': True, 'criterion': 'squared_error', 'max_depth': 24, 'max_features': 1.0, 'max_samples': 0.7, 'min_samples_leaf': 2, 'min_samples_split': 2, 'n_estimators': 200}",-9.988156644884755,-10.200937575184689,-10.45399216283237,-10.092133994133386,-10.027894291211306,-10.152622933649301,0.16698683964507985,7,-14.224668485628149,-14.703391874888146,-15.004732312259527,-13.97160204264884,-14.2156187957357,-14.42400270223207,0.3750012077173132,3,-0.4110540622168529,-0.381774144716924,-0.42507552870090637,-0.3820427839710756,-0.42766726943942135,-0.405522757809036,0.020092741816787066,2,0.8982156812074938,-1.241734405341883,1.3458464480338965,-1.2218949144787883,0.5435134356430581,0.0647892490127554,1.0888015620743494,62,-13.242020121855779,-11.733643168116888,-13.879696447038855,-11.608960372781393,-12.359383663743047,-12.564740754707191,0.8756970578550944,37,10.152622933649301,14.42400270223207,0.405522757809036,12.564740754707191,0.0647892490127554,n200__squared_error__boostrap_true__samples_0.7
8.650350904464721,0.2860714117052244,2.6130969524383545,0.16018983423833288,True,squared_error,24,1.0,0.7,2,4,200,"{'bootstrap': True, 'criterion': 'squared_error', 'max_depth': 24, 'max_features': 1.0, 'max_samples': 0.7, 'min_samples_leaf': 2, 'min_samples_split': 4, 'n_estimators': 200}",-9.988156644884755,-10.200937575184689,-10.45399216283237,-10.092133994133386,-10.027894291211306,-10.152622933649301,0.16698683964507985,7,-14.224668485628149,-14.703391874888148,-15.004732312259527,-13.97160204264884,-14.2156187957357,-14.424002702232073,0.3750012077173135,4,-0.4110540622168529,-0.381774144716924,-0.42507552870090637,-0.3820427839710756,-0.42766726943942135,-0.405522757809036,0.020092741816787066,2,0.8982156812074937,-1.2417344053418837,1.3458464480338959,-1.2218949144787876,0.5435134356430583,0.06478924901275532,1.0888015620743494,63,-13.242020121855782,-11.733643168116888,-13.879696447038855,-11.608960372781393,-12.359383663743051,-12.564740754707195,0.8756970578550948,38,10.152622933649301,14.424002702232073,0.405522757809036,12.564740754707195,0.06478924901275532,n200__squared_error__boostrap_true__samples_0.7
7.344726419448852,0.15014656738478788,2.275549840927124,0.07801011140401695,True,squared_error,24,1.0,0.7,2,8,200,"{'bootstrap': True, 'criterion': 'squared_error', 'max_depth': 24, 'max_features': 1.0, 'max_samples': 0.7, 'min_samples_leaf': 2, 'min_samples_split': 8, 'n_estimators': 200}",-10.012861894596401,-10.283406761884233,-10.519396353247348,-10.159739299977188,-10.059729971794916,-10.207026856300017,0.18168165021346705,50,-14.249051901100701,-14.811015167012528,-15.08023254456141,-14.026144699690196,-14.253810936687954,-14.484051049810557,0.39503195913410394,80,-0.41165810933252794,-0.38056312443233425,-0.42356495468277944,-0.38324796625489604,-0.43248945147679324,-0.40630472123586614,0.021006943027454705,10,0.9081413051881229,-1.3050712527758588,1.3681417860191443,-1.2260283843779116,0.588168187191719,0.06667032824904315,1.115939631345972,59,-13.264652088953254,-11.79611861041566,-14.032721555268223,-11.655262000343551,-12.310009091121136,-12.611752669220364,0.9073712285342103,88,10.207026856300017,14.484051049810557,0.40630472123586614,12.611752669220364,0.06667032824904315,n200__squared_error__boostrap_true__samples_0.7
6.924255800247193,0.11195522426564757,2.6270425796508787,0.13659644994853756,True,squared_error,24,1.0,0.7,3,2,200,"{'bootstrap': True, 'criterion': 'squared_error', 'max_depth': 24, 'max_features': 1.0, 'max_samples': 0.7, 'min_samples_leaf': 3, 'min_samples_split': 2, 'n_estimators': 200}",-9.936667178257814,-10.186841900151828,-10.495559618399515,-10.070512109670858,-10.032272861192574,-10.144370733534517,0.19302809589474926,3,-14.143170238627908,-14.710549977527503,-15.068731166890524,-13.966864449882374,-14.240679076903861,-14.425998981966433,0.4047750027941423,7,-0.4119601328903654,-0.37904934907659704,-0.4287009063444109,-0.3850557396806267,-0.43309222423146476,-0.4075716704446929,0.022079365173499378,32,0.9126580589697779,-1.3351732015651887,1.387859066152825,-1.2050385836708968,0.5527674252083979,0.06261455301898307,1.1207008433601857,66,-13.167931033893167,-11.676142856003063,-13.859801214188952,-11.511935302345021,-12.220307470521373,-12.487223575390317,0.8975093731578825,1,10.144370733534517,14.425998981966433,0.4075716704446929,12.487223575390317,0.06261455301898307,n200__squared_error__boostrap_true__samples_0.7
7.072494554519653,0.06705210308272434,2.640229892730713,0.010316690394627868,True,squared_error,24,1.0,0.7,3,4,200,"{'bootstrap': True, 'criterion': 'squared_error', 'max_depth': 24, 'max_features': 1.0, 'max_samples': 0.7, 'min_samples_leaf': 3, 'min_samples_split': 4, 'n_estimators': 200}",-9.936667178257817,-10.186841900151828,-10.495559618399515,-10.070512109670858,-10.032272861192574,-10.144370733534519,0.1930280958947485,4,-14.143170238627908,-14.710549977527503,-15.068731166890524,-13.966864449882374,-14.240679076903861,-14.425998981966433,0.4047750027941423,7,-0.4119601328903654,-0.37904934907659704,-0.4287009063444109,-0.3850557396806267,-0.43309222423146476,-0.4075716704446929,0.022079365173499378,32,0.9126580589697781,-1.3351732015651872,1.387859066152825,-1.2050385836708977,0.5527674252083974,0.06261455301898314,1.1207008433601855,65,-13.167931033893167,-11.676142856003063,-13.859801214188952,-11.511935302345021,-12.220307470521373,-12.487223575390317,0.8975093731578825,1,10.144370733534519,14.425998981966433,0.4075716704446929,12.487223575390317,0.06261455301898314,n200__squared_error__boostrap_true__samples_0.7
7.389501333236694,0.12771770317128758,2.7204336643218996,0.10951406649293689,True,squared_error,24,1.0,0.7,3,8,200,"{'bootstrap': True, 'criterion': 'squared_error', 'max_depth': 24, 'max_features': 1.0, 'max_samples': 0.7, 'min_samples_leaf': 3, 'min_samples_split': 8, 'n_estimators': 200}",-10.021163882251658,-10.224249479880509,-10.47293147336708,-10.124741823786444,-10.05664044429523,-10.179945420716184,0.16202889124332398,17,-14.235363273919335,-14.707361946206266,-15.047273746506342,-14.010979531756856,-14.211774296456284,-14.442550558969018,0.3790126674163761,27,-0.4137722742373905,-0.381774144716924,-0.4244712990936556,-0.38294667068394095,-0.4309825195901145,-0.40678938166440515,0.02069278068211064,14,0.9822026027569095,-1.3203837785060655,1.3509502368270134,-1.211623522695418,0.6254259555114633,0.08531429877878056,1.1274749093867298,31,-13.296403807249403,-11.661169076780249,-13.927775252933259,-11.637545098867472,-12.392691019076434,-12.583116850981364,0.9052336863074372,71,10.179945420716184,14.442550558969018,0.40678938166440515,12.583116850981364,0.08531429877878056,n200__squared_error__boostrap_true__samples_0.7
7.03124680519104,0.18852641874702092,2.466222381591797,0.4226397925737425,True,squared_error,24,1.0,0.7,4,2,200,"{'bootstrap': True, 'criterion': 'squared_error', 'max_depth': 24, 'max_features': 1.0, 'max_samples': 0.7, 'min_samples_leaf': 4, 'min_samples_split': 2, 'n_estimators': 200}",-10.003699909753866,-10.251015544880284,-10.568001882999306,-10.107069280217903,-10.044376037130187,-10.19483253099631,0.20458891463620935,30,-14.225650940454113,-14.758232801984823,-15.183574562333586,-14.021198422309894,-14.219232307625438,-14.48157780694157,0.427927641233576,74,-0.4143763213530655,-0.38449894035725096,-0.4283987915407855,-0.3814401928291654,-0.43128390596745025,-0.40799963040954346,0.021244442134469074,62,0.9699013377018697,-1.3031646730984676,1.3858960627935117,-1.1880273842533011,0.627045991594058,0.09833026694753415,1.1239133597634934,17,-13.241105586853477,-11.635728909250135,-13.951834344349164,-11.691271742775086,-12.371690528059766,-12.578326222257527,0.89931692987079,59,10.19483253099631,14.48157780694157,0.40799963040954346,12.578326222257527,0.09833026694753415,n200__squared_error__boostrap_true__samples_0.7
6.537145137786865,0.15847306652337587,2.3536017417907713,0.17253128130156378,True,squared_error,24,1.0,0.7,4,4,200,"{'bootstrap': True, 'criterion': 'squared_error', 'max_depth': 24, 'max_features': 1.0, 'max_samples': 0.7, 'min_samples_leaf': 4, 'min_samples_split': 4, 'n_estimators': 200}",-10.003699909753866,-10.251015544880284,-10.568001882999306,-10.107069280217903,-10.044376037130187,-10.19483253099631,0.20458891463620935,30,-14.225650940454113,-14.758232801984823,-15.183574562333588,-14.021198422309894,-14.219232307625438,-14.48157780694157,0.42792764123357657,74,-0.4143763213530655,-0.38449894035725096,-0.4283987915407855,-0.3814401928291654,-0.43128390596745025,-0.40799963040954346,0.021244442134469074,62,0.9699013377018693,-1.3031646730984683,1.3858960627935122,-1.1880273842533,0.6270459915940578,0.09833026694753419,1.1239133597634934,16,-13.241105586853475,-11.635728909250135,-13.951834344349164,-11.691271742775085,-12.371690528059766,-12.578326222257527,0.89931692987079,59,10.19483253099631,14.48157780694157,0.40799963040954346,12.578326222257527,0.09833026694753419,n200__squared_error__boostrap_true__samples_0.7
6.589383125305176,0.15098629966175728,3.096764898300171,0.27641173497690397,True,squared_error,24,1.0,0.7,4,8,200,"{'bootstrap': True, 'criterion': 'squared_error', 'max_depth': 24, 'max_features': 1.0, 'max_samples': 0.7, 'min_samples_leaf': 4, 'min_samples_split': 8, 'n_estimators': 200}",-10.003699909753866,-10.251015544880284,-10.568001882999306,-10.107069280217905,-10.044376037130187,-10.19483253099631,0.2045889146362092,30,-14.225650940454113,-14.758232801984823,-15.183574562333588,-14.021198422309894,-14.219232307625438,-14.48157780694157,0.42792764123357657,74,-0.4143763213530655,-0.38449894035725096,-0.4283987915407855,-0.3814401928291654,-0.43128390596745025,-0.40799963040954346,0.021244442134469074,62,0.9699013377018697,-1.3031646730984665,1.3858960627935124,-1.188027384253301,0.6270459915940575,0.09833026694753444,1.1239133597634932,15,-13.241105586853475,-11.635728909250131,-13.951834344349164,-11.691271742775085,-12.371690528059768,-12.578326222257525,0.8993169298707907,58,10.19483253099631,14.48157780694157,0.40799963040954346,12.578326222257525,0.09833026694753444,n200__squared_error__boostrap_true__samples_0.7
9.355889987945556,0.32185222192104057,2.493488597869873,0.43760809707589526,True,squared_error,26,0.875,0.7,1,2,200,"{'bootstrap': True, 'criterion': 'squared_error', 'max_depth': 26, 'max_features': 0.875, 'max_samples': 0.7, 'min_samples_leaf': 1, 'min_samples_split': 2, 'n_estimators': 200}",-10.11688720536833,-10.27812762369067,-10.62357371232991,-10.252538198568741,-10.105210398729252,-10.275267427737381,0.1875343992012583,91,-14.273998504865473,-14.659749590947339,-15.113186486512188,-14.060020903189963,-14.182281937526337,-14.45784748460826,0.38424900128291406,53,-0.4089398973119903,-0.3890402664244626,-0.42658610271903324,-0.3856583308225369,-0.4358047016274864,-0.4092058597811019,0.01985335862601215,85,0.8653138656156489,-1.372183404775131,1.3224569129654131,-1.2971253686787674,0.45058957961976176,-0.006189683050614891,1.1194571273137337,91,-13.42764687814917,-11.446044262676274,-14.001898502028162,-11.610552805626885,-12.110699975159761,-12.519368484728052,1.016646021689698,8,10.275267427737381,14.45784748460826,0.4092058597811019,12.519368484728052,-0.006189683050614891,n200__squared_error__boostrap_true__samples_0.7
8.897608757019043,0.18849186489862715,1.7239744186401367,0.07296441629039675,True,squared_error,26,0.875,0.7,1,4,200,"{'bootstrap': True, 'criterion': 'squared_error', 'max_depth': 26, 'max_features': 0.875, 'max_samples': 0.7, 'min_samples_leaf': 1, 'min_samples_split': 4, 'n_estimators': 200}",-10.091671409363446,-10.309410143637825,-10.59919170259181,-10.18364983799379,-10.11712796607603,-10.260210211932579,0.18550926240907398,75,-14.216437105834533,-14.697457836037502,-15.103396895569402,-13.978961524265323,-14.218046403752576,-14.442859953091869,0.40450941259069706,28,-0.41407429779522803,-0.3814713896457766,-0.4268882175226586,-0.3838505573968063,-0.43309222423146476,-0.4078753373183869,0.021494960401083358,53,0.8822229951772516,-1.4335032220607782,1.339204842828506,-1.2778518074692142,0.5088961902888818,0.003793799752929372,1.141799204912451,86,-13.25111756872146,-11.633778000781344,-13.983047616893575,-11.600605833324595,-12.267622877807508,-12.547234379505696,0.934419814524273,23,10.260210211932579,14.442859953091869,0.4078753373183869,12.547234379505696,0.003793799752929372,n200__squared_error__boostrap_true__samples_0.7
6.669060516357422,0.9828941773206497,2.4157716274261474,0.669687760545111,True,squared_error,26,0.875,0.7,1,8,200,"{'bootstrap': True, 'criterion': 'squared_error', 'max_depth': 26, 'max_features': 0.875, 'max_samples': 0.7, 'min_samples_leaf': 1, 'min_samples_split': 8, 'n_estimators': 200}",-10.113163414098933,-10.32248218755587,-10.633910095953773,-10.265171636344224,-10.177521095671793,-10.302449685924918,0.18060642451643044,95,-14.277486219305601,-14.659391760598195,-15.130903764523843,-14.091361336582484,-14.27290260575259,-14.486409137352544,0.3716430820052951,81,-0.4152823920265781,-0.38268240993036634,-0.4280966767371601,-0.385959626393492,-0.4342977697408077,-0.4092637749656808,0.021294389602316756,87,0.870175223273985,-1.4801653203066378,1.2653285924353221,-1.3104706345479034,0.5073172937154461,-0.02956296908595759,1.1418830952669365,95,-13.223939719396993,-11.553074609384577,-13.897840528781902,-11.600566988665884,-12.3012816710572,-12.515340703457312,0.9189131174208567,6,10.302449685924918,14.486409137352544,0.4092637749656808,12.515340703457312,-0.02956296908595759,n200__squared_error__boostrap_true__samples_0.7
6.740302038192749,0.36504769985378827,2.744078207015991,0.3321378620423535,True,squared_error,26,0.875,0.7,2,2,200,"{'bootstrap': True, 'criterion': 'squared_error', 'max_depth': 26, 'max_features': 0.875, 'max_samples': 0.7, 'min_samples_leaf': 2, 'min_samples_split': 2, 'n_estimators': 200}",-10.019368269159573,-10.23090059748208,-10.557095357090066,-10.095251412551725,-10.07591971331339,-10.195707069919367,0.19358502061869057,33,-14.20430416846539,-14.648996609499319,-15.11885128237155,-13.955272027994145,-14.200621370194428,-14.425609091704965,0.41262549979544927,5,-0.4104500151011779,-0.3854072055706933,-0.4253776435045317,-0.3853570352515818,-0.43128390596745025,-0.4075751610790871,0.019351284799966468,34,0.8908689101658886,-1.3209355432893075,1.4230394936239776,-1.240587780609315,0.604576920586022,0.07139240009545314,1.1351340401366035,57,-13.290579580848641,-11.559157334642077,-14.081763620690161,-11.488908754658665,-12.382210982277515,-12.56052405462341,1.00299961111788,34,10.195707069919367,14.425609091704965,0.4075751610790871,12.56052405462341,0.07139240009545314,n200__squared_error__boostrap_true__samples_0.7
7.701332855224609,0.10430775124175429,1.507410430908203,0.11409491975581916,True,squared_error,26,0.875,0.7,2,4,200,"{'bootstrap': True, 'criterion': 'squared_error', 'max_depth': 26, 'max_features': 0.875, 'max_samples': 0.7, 'min_samples_leaf': 2, 'min_samples_split': 4, 'n_estimators': 200}",-10.019368269159573,-10.23090059748208,-10.557095357090066,-10.095251412551725,-10.075919713313391,-10.195707069919367,0.19358502061869035,33,-14.20430416846539,-14.648996609499319,-15.118851282371548,-13.955272027994145,-14.200621370194428,-14.425609091704965,0.41262549979544866,5,-0.4104500151011779,-0.3854072055706933,-0.4253776435045317,-0.3853570352515818,-0.43128390596745025,-0.4075751610790871,0.019351284799966468,34,0.8908689101658883,-1.3209355432893068,1.4230394936239776,-1.240587780609316,0.6045769205860216,0.07139240009545296,1.1351340401366035,58,-13.290579580848638,-11.559157334642077,-14.081763620690161,-11.488908754658663,-12.382210982277515,-12.56052405462341,1.00299961111788,34,10.195707069919367,14.425609091704965,0.4075751610790871,12.56052405462341,0.07139240009545296,n200__squared_error__boostrap_true__samples_0.7
6.507986402511596,0.8471251013841675,1.8157336711883545,0.5597378538191945,True,squared_error,26,0.875,0.7,2,8,200,"{'bootstrap': True, 'criterion': 'squared_error', 'max_depth': 26, 'max_features': 0.875, 'max_samples': 0.7, 'min_samples_leaf': 2, 'min_samples_split': 8, 'n_estimators': 200}",-10.06750672026462,-10.274422380385138,-10.60192801157165,-10.21689083772997,-10.117092415672225,-10.25556807312472,0.187807987342117,73,-14.239858308209914,-14.696185779250936,-15.15209717588802,-14.06635087949952,-14.240075673244478,-14.478913563218574,0.39617731203548284,72,-0.41407429779522803,-0.3799576142900394,-0.4287009063444109,-0.38324796625489604,-0.432790837854129,-0.4077543245077407,0.022265430816772357,45,0.9230685160507485,-1.4713146750061048,1.3455662988949728,-1.3109802448101688,0.5625724144802046,0.009782461921930441,1.1714989939342426,84,-13.271259886010279,-11.584328586002766,-13.934533533349022,-11.618992632822648,-12.338136457676102,-12.549450219172162,0.9253463756839001,25,10.25556807312472,14.478913563218574,0.4077543245077407,12.549450219172162,0.009782461921930441,n200__squared_error__boostrap_true__samples_0.7
5.424791574478149,0.35079247963433197,2.6177321434020997,0.2026870918046484,True,squared_error,26,0.875,0.7,3,2,200,"{'bootstrap': True, 'criterion': 'squared_error', 'max_depth': 26, 'max_features': 0.875, 'max_samples': 0.7, 'min_samples_leaf': 3, 'min_samples_split': 2, 'n_estimators': 200}",-10.01488739597972,-10.295265171503868,-10.550196278047919,-10.133949197347583,-10.068828921560126,-10.212625392887842,0.19326206034795945,54,-14.226430113340472,-14.669187827590392,-15.128441683634076,-14.016931688360735,-14.202843510637187,-14.448766964712572,0.40173045863541956,36,-0.41498036846874053,-0.3802603693611868,-0.427190332326284,-0.38294667068394095,-0.4355033152501507,-0.4081762112180606,0.02267345546815313,67,0.9875631263242083,-1.390173783534141,1.3856659688044624,-1.2477833593114835,0.6552798412016311,0.07811035869693543,1.1647989607983644,50,-13.25659158637129,-11.709202569452232,-13.97019237520558,-11.60235421575209,-12.312315873648274,-12.570131324085892,0.913855382105249,45,10.212625392887842,14.448766964712572,0.4081762112180606,12.570131324085892,0.07811035869693543,n200__squared_error__boostrap_true__samples_0.7
6.555441808700562,0.28051290270739515,1.6811152935028075,0.30418228594409574,True,squared_error,26,0.875,0.7,3,4,200,"{'bootstrap': True, 'criterion': 'squared_error', 'max_depth': 26, 'max_features': 0.875, 'max_samples': 0.7, 'min_samples_leaf': 3, 'min_samples_split': 4, 'n_estimators': 200}",-10.01488739597972,-10.295265171503868,-10.550196278047917,-10.133949197347583,-10.068828921560126,-10.212625392887842,0.19326206034795881,54,-14.226430113340472,-14.669187827590392,-15.128441683634076,-14.016931688360733,-14.202843510637189,-14.448766964712572,0.40173045863541973,36,-0.41498036846874053,-0.3802603693611868,-0.427190332326284,-0.38294667068394095,-0.4355033152501507,-0.4081762112180606,0.02267345546815313,67,0.9875631263242083,-1.3901737835341392,1.3856659688044621,-1.2477833593114824,0.6552798412016313,0.07811035869693601,1.1647989607983638,49,-13.256591586371291,-11.709202569452234,-13.97019237520558,-11.60235421575209,-12.312315873648274,-12.570131324085892,0.9138553821052489,45,10.212625392887842,14.448766964712572,0.4081762112180606,12.570131324085892,0.07811035869693601,n200__squared_error__boostrap_true__samples_0.7
6.2642982482910154,0.5132848828366335,1.7634257793426513,0.514165242107984,True,squared_error,26,0.875,0.7,3,8,200,"{'bootstrap': True, 'criterion': 'squared_error', 'max_depth': 26, 'max_features': 0.875, 'max_samples': 0.7, 'min_samples_leaf': 3, 'min_samples_split': 8, 'n_estimators': 200}",-10.043214246540735,-10.252439238654206,-10.597725970625408,-10.174612600613107,-10.061639435960524,-10.225926298478795,0.2009700947470735,61,-14.250410508907219,-14.6342830803048,-15.143611781345138,-14.01471358930988,-14.157868573183443,-14.440177506610095,0.40724099617928156,21,-0.41467834491090305,-0.3848016954283984,-0.42628398791540784,-0.38294667068394095,-0.4349005424954792,-0.4087222482868259,0.021287395910573128,80,0.9796562614707278,-1.367867027179102,1.3988177868861016,-1.219437571780466,0.6066754573709693,0.07956898135364614,1.1498612771694992,45,-13.290868263665681,-11.544351697286492,-14.071070105373172,-11.692457089179992,-12.265235210004812,-12.572796473102029,0.9682707257690598,49,10.225926298478795,14.440177506610095,0.4087222482868259,12.572796473102029,0.07956898135364614,n200__squared_error__boostrap_true__samples_0.7
4.75229434967041,0.31570945715022436,2.524954986572266,0.5465455984077052,True,squared_error,26,0.875,0.7,4,2,200,"{'bootstrap': True, 'criterion': 'squared_error', 'max_depth': 26, 'max_features': 0.875, 'max_samples': 0.7, 'min_samples_leaf': 4, 'min_samples_split': 2, 'n_estimators': 200}",-10.111620956537925,-10.312450361135818,-10.618928522352656,-10.212886369780694,-10.098741172073426,-10.270925476376103,0.19038084916646889,87,-14.32650977468848,-14.720058453598366,-15.17540516834352,-14.079768183515048,-14.25470659931328,-14.511289635891739,0.3926380203998951,93,-0.4195107218363032,-0.38268240993036634,-0.42930513595166164,-0.38053630611630007,-0.4355033152501507,-0.4095075778169564,0.023352553518454458,90,1.0040340105147942,-1.3901374131483561,1.4269760412122066,-1.239575722700578,0.5897034391050399,0.07820007099662132,1.1688069820787754,46,-13.248356226030076,-11.657594805064315,-14.029536982899256,-11.79034760002332,-12.27136997228033,-12.599441117259461,0.9072598828238659,81,10.270925476376103,14.511289635891739,0.4095075778169564,12.599441117259461,0.07820007099662132,n200__squared_error__boostrap_true__samples_0.7
5.522605466842651,0.3105181636305391,2.1424469470977785,0.30490341537543,True,squared_error,26,0.875,0.7,4,4,200,"{'bootstrap': True, 'criterion': 'squared_error', 'max_depth': 26, 'max_features': 0.875, 'max_samples': 0.7, 'min_samples_leaf': 4, 'min_samples_split': 4, 'n_estimators': 200}",-10.111620956537925,-10.312450361135818,-10.618928522352656,-10.212886369780694,-10.098741172073428,-10.270925476376103,0.19038084916646855,87,-14.32650977468848,-14.720058453598366,-15.17540516834352,-14.079768183515048,-14.25470659931328,-14.511289635891739,0.3926380203998951,93,-0.4195107218363032,-0.38268240993036634,-0.42930513595166164,-0.38053630611630007,-0.4355033152501507,-0.4095075778169564,0.023352553518454458,90,1.004034010514795,-1.3901374131483561,1.4269760412122061,-1.2395757227005777,0.589703439105039,0.07820007099662123,1.1688069820787754,48,-13.248356226030078,-11.657594805064317,-14.029536982899256,-11.79034760002332,-12.27136997228033,-12.599441117259461,0.9072598828238658,81,10.270925476376103,14.511289635891739,0.4095075778169564,12.599441117259461,0.07820007099662123,n200__squared_error__boostrap_true__samples_0.7
5.919815874099731,0.08829665264056731,1.654172992706299,0.1928179430053695,True,squared_error,26,0.875,0.7,4,8,200,"{'bootstrap': True, 'criterion': 'squared_error', 'max_depth': 26, 'max_features': 0.875, 'max_samples': 0.7, 'min_samples_leaf': 4, 'min_samples_split': 8, 'n_estimators': 200}",-10.111620956537925,-10.312450361135818,-10.618928522352652,-10.212886369780696,-10.098741172073424,-10.270925476376103,0.1903808491664678,87,-14.32650977468848,-14.720058453598366,-15.175405168343522,-14.079768183515048,-14.254706599313277,-14.511289635891739,0.3926380203998962,93,-0.4195107218363032,-0.38268240993036634,-0.42930513595166164,-0.38053630611630007,-0.4355033152501507,-0.4095075778169564,0.023352553518454458,90,1.0040340105147947,-1.3901374131483561,1.4269760412122063,-1.239575722700578,0.5897034391050395,0.0782000709966213,1.1688069820787754,47,-13.248356226030076,-11.657594805064315,-14.029536982899256,-11.79034760002332,-12.271369972280327,-12.59944111725946,0.9072598828238662,80,10.270925476376103,14.511289635891739,0.4095075778169564,12.59944111725946,0.0782000709966213,n200__squared_error__boostrap_true__samples_0.7
9.801168489456177,0.43943597145175256,3.158248710632324,0.894971077594488,True,squared_error,26,1.0,0.7,1,2,200,"{'bootstrap': True, 'criterion': 'squared_error', 'max_depth': 26, 'max_features': 1.0, 'max_samples': 0.7, 'min_samples_leaf': 1, 'min_samples_split': 2, 'n_estimators': 200}",-10.065239252291892,-10.230942684379595,-10.574286794994233,-10.11706505197078,-10.041924877709695,-10.20589173226924,0.19539749286649552,47,-14.237981800444869,-14.703616843321823,-15.115800217681132,-13.955702210666797,-14.181805964706594,-14.438981407364244,0.41670479915922665,19,-0.41316822712171547,-0.38419618528610355,-0.42356495468277944,-0.3808376016872552,-0.432790837854129,-0.4069115613263965,0.020890466776360275,18,0.889493556860312,-1.28718377786152,1.25833139032123,-1.269824378307598,0.48434485013865025,0.015032328230214853,1.0841911994379614,82,-13.256988425110729,-11.639572761319622,-13.96789093915627,-11.615503083816495,-12.160920249652092,-12.528175091811041,0.9339604928382317,14,10.20589173226924,14.438981407364244,0.4069115613263965,12.528175091811041,0.015032328230214853,n200__squared_error__boostrap_true__samples_0.7
9.789443969726562,0.3591605521348584,1.4949291706085206,0.4404590163825264,True,squared_error,26,1.0,0.7,1,4,200,"{'bootstrap': True, 'criterion': 'squared_error', 'max_depth': 26, 'max_features': 1.0, 'max_samples': 0.7, 'min_samples_leaf': 1, 'min_samples_split': 4, 'n_estimators': 200}",-9.955583284921277,-10.247299685524265,-10.523100590961004,-10.176491163117676,-10.094757164635572,-10.19944637783196,0.18867854677175,38,-14.102489874348409,-14.760539724054322,-15.02977975549397,-14.055744647797553,-14.247442809329169,-14.439199362204684,0.38709848924416446,20,-0.41014799154334036,-0.38207689978807147,-0.4253776435045317,-0.38324796625489604,-0.42706449668474983,-0.40558299955511784,0.01962402730658182,4,0.8604532897250718,-1.312216768061218,1.312993608288766,-1.2732383332835693,0.5016823623362534,0.017934831801060813,1.100677762167495,81,-13.185529123215783,-11.692780854350413,-13.912454474260208,-11.615525213136555,-12.40613491548783,-12.56248491609016,0.8818350241095635,36,10.19944637783196,14.439199362204684,0.40558299955511784,12.56248491609016,0.017934831801060813,n200__squared_error__boostrap_true__samples_0.7
9.37428059577942,0.17868746406530203,1.1007841587066651,0.08394148682779341,True,squared_error,26,1.0,0.7,1,8,200,"{'bootstrap': True, 'criterion': 'squared_error', 'max_depth': 26, 'max_features': 1.0, 'max_samples': 0.7, 'min_samples_leaf': 1, 'min_samples_split': 8, 'n_estimators': 200}",-10.103650473944576,-10.247328699969538,-10.54681799361276,-10.17047641416284,-10.082652662858417,-10.230185248909626,0.16845904612202725,63,-14.288487352570478,-14.739001471778394,-15.05086186340969,-14.010712113465644,-14.204377413997994,-14.458688043044438,0.38041294836542033,54,-0.4107520386590154,-0.3814713896457766,-0.4280966767371601,-0.3820427839710756,-0.4342977697408077,-0.4073321317507671,0.02226358828808133,27,0.8367175136867963,-1.3364227551598131,1.3056949758198897,-1.2761651032547139,0.4651879296326151,-0.000997487855045187,1.0987223083046371,88,-13.317484708473339,-11.679651720518459,-13.843266735646461,-11.640465000356496,-12.143558322652757,-12.524885297529504,0.8953628053618242,13,10.230185248909626,14.458688043044438,0.4073321317507671,12.524885297529504,-0.000997487855045187,n200__squared_error__boostrap_true__samples_0.7
7.107755661010742,1.0318258281049406,3.082418918609619,0.8137688881009911,True,squared_error,26,1.0,0.7,2,2,200,"{'bootstrap': True, 'criterion': 'squared_error', 'max_depth': 26, 'max_features': 1.0, 'max_samples': 0.7, 'min_samples_leaf': 2, 'min_samples_split': 2, 'n_estimators': 200}",-9.978923666312093,-10.174543648882425,-10.471626891850693,-10.11801079870959,-10.032862585703741,-10.155193518291707,0.1720017324773663,11,-14.245169829456508,-14.700884419310134,-15.048219711836468,-13.990182188132858,-14.246879940585714,-14.446267217864335,0.3782553964139982,33,-0.41316822712171547,-0.38268240993036634,-0.4244712990936556,-0.38354926182585114,-0.4306811332127788,-0.40691046623687344,0.02022538807696872,16,0.9018886604717612,-1.199633482922417,1.3520743074542816,-1.1287385788034505,0.5700912212230366,0.09913642548464237,1.0611826617147058,14,-13.167532753648153,-11.726316565730185,-13.927562622668848,-11.718536723436166,-12.309517400763838,-12.56989321324944,0.8607745630809231,43,10.155193518291707,14.446267217864335,0.40691046623687344,12.56989321324944,0.09913642548464237,n200__squared_error__boostrap_true__samples_0.7
9.116846466064453,0.41123674598051874,1.1335331916809082,0.45432833529796784,True,squared_error,26,1.0,0.7,2,4,200,"{'bootstrap': True, 'criterion': 'squared_error', 'max_depth': 26, 'max_features': 1.0, 'max_samples': 0.7, 'min_samples_leaf': 2, 'min_samples_split': 4, 'n_estimators': 200}",-9.978923666312093,-10.174543648882425,-10.471626891850693,-10.11801079870959,-10.032862585703741,-10.155193518291707,0.1720017324773663,11,-14.245169829456508,-14.700884419310134,-15.048219711836468,-13.990182188132858,-14.246879940585714,-14.446267217864335,0.3782553964139982,33,-0.41316822712171547,-0.38268240993036634,-0.4244712990936556,-0.38354926182585114,-0.4306811332127788,-0.40691046623687344,0.02022538807696872,16,0.9018886604717621,-1.199633482922417,1.352074307454281,-1.1287385788034507,0.5700912212230368,0.09913642548464245,1.0611826617147058,13,-13.167532753648153,-11.726316565730185,-13.927562622668848,-11.718536723436166,-12.309517400763838,-12.56989321324944,0.8607745630809231,43,10.155193518291707,14.446267217864335,0.40691046623687344,12.56989321324944,0.09913642548464245,n200__squared_error__boostrap_true__samples_0.7
8.883143281936645,0.14575817242956193,0.8584839344024658,0.15687464192213632,True,squared_error,26,1.0,0.7,2,8,200,"{'bootstrap': True, 'criterion': 'squared_error', 'max_depth': 26, 'max_features': 1.0, 'max_samples': 0.7, 'min_samples_leaf': 2, 'min_samples_split': 8, 'n_estimators': 200}",-10.005537600308333,-10.290119438155875,-10.526134015150673,-10.14260225879072,-10.05040716333613,-10.202960095148347,0.18864211646729667,44,-14.225785041158964,-14.80457537065982,-15.078993782114756,-13.991512232096012,-14.251523815401919,-14.470478048286296,0.40475580194674793,67,-0.4113560857746904,-0.38056312443233425,-0.4268882175226586,-0.3844531485387165,-0.43309222423146476,-0.4072705600999729,0.02145797628672853,25,0.9058088242093442,-1.3029875079584616,1.374521271420749,-1.2264740498340707,0.5716210826550109,0.06449792409851436,1.1151469986944695,64,-13.262653455058013,-11.807675722132881,-13.938842533103825,-11.595857964548244,-12.263009645163052,-12.573607864001202,0.8919380800983073,50,10.202960095148347,14.470478048286296,0.4072705600999729,12.573607864001202,0.06449792409851436,n200__squared_error__boostrap_true__samples_0.7
6.555781269073487,1.7025974667427037,2.6009432315826415,1.301998127174534,True,squared_error,26,1.0,0.7,3,2,200,"{'bootstrap': True, 'criterion': 'squared_error', 'max_depth': 26, 'max_features': 1.0, 'max_samples': 0.7, 'min_samples_leaf': 3, 'min_samples_split': 2, 'n_estimators': 200}",-9.937082998750194,-10.193749329661957,-10.501215629609845,-10.069425876997812,-10.044222746287101,-10.149139316261383,0.19405019173783145,5,-14.139885153097667,-14.723273549700865,-15.069360480158137,-13.9598610661643,-14.248412135783108,-14.428158476980816,0.4081533134593477,11,-0.41498036846874053,-0.3787465940054496,-0.4280966767371601,-0.38324796625489604,-0.4306811332127788,-0.407150547735805,0.02205381080316121,22,0.9277373008110652,-1.3442318257233037,1.380859615826466,-1.191617933043946,0.5557182831185719,0.06569308819777069,1.1208592399211779,60,-13.090764196450994,-11.682636417070094,-13.877794305714252,-11.582328838829747,-12.306019711535345,-12.507908693920086,0.871187544278016,4,10.149139316261383,14.428158476980816,0.407150547735805,12.507908693920086,0.06569308819777069,n200__squared_error__boostrap_true__samples_0.7
7.646740531921386,0.8845598484210719,1.559858465194702,0.8821446947599998,True,squared_error,26,1.0,0.7,3,4,200,"{'bootstrap': True, 'criterion': 'squared_error', 'max_depth': 26, 'max_features': 1.0, 'max_samples': 0.7, 'min_samples_leaf': 3, 'min_samples_split': 4, 'n_estimators': 200}",-9.937082998750194,-10.193749329661957,-10.501215629609845,-10.069425876997812,-10.044222746287101,-10.149139316261383,0.19405019173783145,5,-14.139885153097667,-14.723273549700865,-15.069360480158137,-13.9598610661643,-14.248412135783108,-14.428158476980816,0.4081533134593477,11,-0.41498036846874053,-0.3787465940054496,-0.4280966767371601,-0.38324796625489604,-0.4306811332127788,-0.407150547735805,0.02205381080316121,22,0.9277373008110649,-1.3442318257233041,1.3808596158264663,-1.191617933043946,0.5557182831185719,0.06569308819777057,1.1208592399211779,61,-13.090764196450994,-11.682636417070093,-13.87779430571425,-11.58232883882975,-12.306019711535345,-12.507908693920086,0.8711875442780155,4,10.149139316261383,14.428158476980816,0.407150547735805,12.507908693920086,0.06569308819777057,n200__squared_error__boostrap_true__samples_0.7
8.171214294433593,0.05752383832520182,0.9617726802825928,0.0746772845638202,True,squared_error,26,1.0,0.7,3,8,200,"{'bootstrap': True, 'criterion': 'squared_error', 'max_depth': 26, 'max_features': 1.0, 'max_samples': 0.7, 'min_samples_leaf': 3, 'min_samples_split': 8, 'n_estimators': 200}",-10.026828848628837,-10.21170928216793,-10.488918375906557,-10.114715867724199,-10.071019909954561,-10.182638456876418,0.16492502165565484,20,-14.234186186766285,-14.679988170036713,-15.0655825762558,-14.003942688984692,-14.245475057247486,-14.445834935858196,0.37924211439412686,32,-0.413470250679553,-0.37935210414774445,-0.4232628398791541,-0.3814401928291654,-0.4294755877034358,-0.40540019504781055,0.021054259215884382,1,0.9735250108490971,-1.311172670795564,1.3570016336842041,-1.2030862784656238,0.6172078033404235,0.0866950997225074,1.1224223819550823,28,-13.302473202604615,-11.731234009322794,-13.993574315398082,-11.681555531891473,-12.443347211478162,-12.630436854139024,0.9004133102274294,90,10.182638456876418,14.445834935858196,0.40540019504781055,12.630436854139024,0.0866950997225074,n200__squared_error__boostrap_true__samples_0.7
6.489988946914673,1.7976426074810974,1.673202896118164,0.671850576389594,True,squared_error,26,1.0,0.7,4,2,200,"{'bootstrap': True, 'criterion': 'squared_error', 'max_depth': 26, 'max_features': 1.0, 'max_samples': 0.7, 'min_samples_leaf': 4, 'min_samples_split': 2, 'n_estimators': 200}",-9.998286035604448,-10.26029123615906,-10.574364567066008,-10.10381752881467,-10.044330181619035,-10.196217909852644,0.20875105975919886,35,-14.20880329072451,-14.766515249566284,-15.192926771953532,-14.015813702690807,-14.22890975480273,-14.482593753947572,0.4341393365197651,77,-0.41467834491090305,-0.3848016954283984,-0.427190332326284,-0.38234407954203076,-0.43037974683544306,-0.40787883980861184,0.020542815797953688,55,0.9719038127394977,-1.313413173411127,1.387228952801659,-1.1730314826744497,0.640828565398193,0.10270333497075461,1.1249870743527497,10,-13.227348356834232,-11.625310087040294,-14.000309247086978,-11.678990893277932,-12.413640309034719,-12.589119778654831,0.9150790334964918,72,10.196217909852644,14.482593753947572,0.40787883980861184,12.589119778654831,0.10270333497075461,n200__squared_error__boostrap_true__samples_0.7
5.148407125473023,0.6203451036511419,1.1651102542877196,0.9159789289812943,True,squared_error,26,1.0,0.7,4,4,200,"{'bootstrap': True, 'criterion': 'squared_error', 'max_depth': 26, 'max_features': 1.0, 'max_samples': 0.7, 'min_samples_leaf': 4, 'min_samples_split': 4, 'n_estimators': 200}",-9.998286035604448,-10.26029123615906,-10.574364567066008,-10.10381752881467,-10.044330181619035,-10.196217909852644,0.20875105975919886,35,-14.20880329072451,-14.766515249566284,-15.192926771953532,-14.015813702690807,-14.22890975480273,-14.482593753947572,0.4341393365197651,77,-0.41467834491090305,-0.3848016954283984,-0.427190332326284,-0.38234407954203076,-0.43037974683544306,-0.40787883980861184,0.020542815797953688,55,0.9719038127394978,-1.313413173411127,1.3872289528016586,-1.1730314826744497,0.6408285653981924,0.10270333497075446,1.1249870743527495,11,-13.227348356834232,-11.625310087040294,-14.000309247086978,-11.678990893277932,-12.413640309034719,-12.589119778654831,0.9150790334964918,72,10.196217909852644,14.482593753947572,0.40787883980861184,12.589119778654831,0.10270333497075446,n200__squared_error__boostrap_true__samples_0.7
5.667428874969483,0.08968005086761256,0.16508240699768068,0.012385526865410822,True,squared_error,26,1.0,0.7,4,8,200,"{'bootstrap': True, 'criterion': 'squared_error', 'max_depth': 26, 'max_features': 1.0, 'max_samples': 0.7, 'min_samples_leaf': 4, 'min_samples_split': 8, 'n_estimators': 200}",-9.99828603560445,-10.26029123615906,-10.574364567066008,-10.10381752881467,-10.044330181619035,-10.196217909852644,0.2087510597591985,35,-14.20880329072451,-14.766515249566284,-15.192926771953532,-14.015813702690807,-14.22890975480273,-14.482593753947572,0.4341393365197651,77,-0.41467834491090305,-0.3848016954283984,-0.427190332326284,-0.38234407954203076,-0.43037974683544306,-0.40787883980861184,0.020542815797953688,55,0.9719038127394983,-1.313413173411127,1.387228952801658,-1.1730314826744497,0.640828565398192,0.10270333497075432,1.1249870743527495,12,-13.227348356834236,-11.625310087040294,-14.000309247086978,-11.678990893277932,-12.413640309034719,-12.589119778654831,0.9150790334964922,72,10.196217909852644,14.482593753947572,0.40787883980861184,12.589119778654831,0.10270333497075432,n200__squared_error__boostrap_true__samples_0.7
