mean_fit_time,std_fit_time,mean_score_time,std_score_time,param_bootstrap,param_criterion,param_max_depth,param_max_features,param_max_samples,param_min_samples_leaf,param_min_samples_split,param_n_estimators,params,split0_test_MAE,split1_test_MAE,split2_test_MAE,split3_test_MAE,split4_test_MAE,mean_test_MAE,std_test_MAE,rank_test_MAE,split0_test_RMSE,split1_test_RMSE,split2_test_RMSE,split3_test_RMSE,split4_test_RMSE,mean_test_RMSE,std_test_RMSE,rank_test_RMSE,split0_test_overestimation_rate,split1_test_overestimation_rate,split2_test_overestimation_rate,split3_test_overestimation_rate,split4_test_overestimation_rate,mean_test_overestimation_rate,std_test_overestimation_rate,rank_test_overestimation_rate,split0_test_mean_signed_error,split1_test_mean_signed_error,split2_test_mean_signed_error,split3_test_mean_signed_error,split4_test_mean_signed_error,mean_test_mean_signed_error,std_test_mean_signed_error,rank_test_mean_signed_error,split0_test_mean_overestimation,split1_test_mean_overestimation,split2_test_mean_overestimation,split3_test_mean_overestimation,split4_test_mean_overestimation,mean_test_mean_overestimation,std_test_mean_overestimation,rank_test_mean_overestimation,mean_MAE,mean_RMSE,overestimation_rate,mean_overstimation,mean_signed_error,chunk_id
13.987956428527832,0.227900066877318,0.40529284477233884,0.15739860961201066,True,poisson,20,0.875,1.0,1,2,200,"{'bootstrap': True, 'criterion': 'poisson', 'max_depth': 20, 'max_features': 0.875, 'max_samples': 1.0, 'min_samples_leaf': 1, 'min_samples_split': 2, 'n_estimators': 200}",-9.949544861819504,-10.190631810634562,-10.482829667689654,-10.193135128291447,-9.969031957374062,-10.157034685161847,0.19337602329180378,82,-14.12568169389692,-14.606747139967943,-15.024207105868294,-14.041006861428906,-14.107544038340166,-14.381037367900444,0.37953605360635945,47,-0.4035034732709151,-0.37541628822282774,-0.4214501510574018,-0.37812594154865925,-0.4246534056660639,-0.4006298519531736,0.020789533264323427,31,0.7037210403757465,-1.5279124224828946,1.1845472057929887,-1.3598756523299527,0.423651270868043,-0.11517371155521383,1.1131315309645982,74,-13.20095935709898,-11.537484733493933,-13.841941738791236,-11.680314024189721,-12.236665348228282,-12.499473040360431,0.8899231582786662,51,10.157034685161847,14.381037367900444,0.4006298519531736,12.499473040360431,-0.11517371155521383,n200__poisson__boostrap_true__samples_1.0
13.881165742874146,0.14225103702525874,0.42150397300720216,0.12066333996473383,True,poisson,20,0.875,1.0,1,4,200,"{'bootstrap': True, 'criterion': 'poisson', 'max_depth': 20, 'max_features': 0.875, 'max_samples': 1.0, 'min_samples_leaf': 1, 'min_samples_split': 4, 'n_estimators': 200}",-9.926417463147876,-10.173992551446121,-10.46689649366397,-10.180248325025294,-9.97548937572296,-10.144608841801244,0.1908988094386253,68,-14.127195801533261,-14.630155501828854,-14.973087193635514,-14.039822652050729,-14.105381753645304,-14.375128580538734,0.36585716140674246,40,-0.40682573240712777,-0.3799576142900394,-0.4187311178247734,-0.3754142814100633,-0.4240506329113924,-0.40099587576867923,0.01988504102130539,40,0.7293289338127749,-1.505135729127937,1.1539720039512582,-1.3363063252464884,0.37748328221310756,-0.11613156687945696,1.09451186944793,75,-13.09620501868475,-11.407662981719904,-13.876289584093218,-11.778909910620326,-12.207236417566406,-12.47326078253692,0.8994376141280356,29,10.144608841801244,14.375128580538734,0.40099587576867923,12.47326078253692,-0.11613156687945696,n200__poisson__boostrap_true__samples_1.0
13.558995962142944,0.08439127596899597,0.5719065189361572,0.13405304539874016,True,poisson,20,0.875,1.0,1,8,200,"{'bootstrap': True, 'criterion': 'poisson', 'max_depth': 20, 'max_features': 0.875, 'max_samples': 1.0, 'min_samples_leaf': 1, 'min_samples_split': 8, 'n_estimators': 200}",-9.98606210203901,-10.239074624567507,-10.52130682529945,-10.227078487555794,-9.985715315836309,-10.191847471059614,0.19842035085539592,93,-14.170279712836537,-14.636830562777815,-15.037505554079754,-14.051473822544517,-14.114234575554253,-14.402064845558575,0.37904736208741496,64,-0.4022953790395651,-0.37693006357856496,-0.42084592145015104,-0.37842723711961435,-0.4228450874020494,-0.4002687377179889,0.01979375754840636,25,0.6752626937135022,-1.5760647635412337,1.219933870672765,-1.4118813786488875,0.3464844063241124,-0.14925303429594833,1.1340437930856686,78,-13.250618017543758,-11.491534767457743,-13.949571681144304,-11.647149364833604,-12.217476364265245,-12.51127003904893,0.9474414318610982,61,10.191847471059614,14.402064845558575,0.4002687377179889,12.51127003904893,-0.14925303429594833,n200__poisson__boostrap_true__samples_1.0
11.952932024002076,1.0692017991655214,0.8109068393707275,0.5200833240475614,True,poisson,20,0.875,1.0,2,2,200,"{'bootstrap': True, 'criterion': 'poisson', 'max_depth': 20, 'max_features': 0.875, 'max_samples': 1.0, 'min_samples_leaf': 2, 'min_samples_split': 2, 'n_estimators': 200}",-9.861421529783133,-10.151380851720775,-10.411728910953542,-10.11335479608375,-9.970726377129235,-10.101722493134087,0.18633828245126685,27,-14.085752094617929,-14.608756555537942,-14.968070378495428,-13.981776880520222,-14.151379738733231,-14.35914712958095,0.37240108144671075,15,-0.4044095439444277,-0.37693006357856496,-0.42205438066465256,-0.3808376016872552,-0.4219409282700422,-0.40123450362898855,0.01938578653130064,50,0.7815383991217014,-1.4779890391834627,1.3111986973361005,-1.2753065654134097,0.43901835818334284,-0.044308029991145526,1.1246176096917668,55,-13.158640897910347,-11.505306488679013,-13.887934997651652,-11.603434366137208,-12.335547511345402,-12.498172852344725,0.914378962583482,44,10.101722493134087,14.35914712958095,0.40123450362898855,12.498172852344725,-0.044308029991145526,n200__poisson__boostrap_true__samples_1.0
12.159366846084595,0.008924690246446697,0.2704004764556885,0.025819138516661608,True,poisson,20,0.875,1.0,2,4,200,"{'bootstrap': True, 'criterion': 'poisson', 'max_depth': 20, 'max_features': 0.875, 'max_samples': 1.0, 'min_samples_leaf': 2, 'min_samples_split': 4, 'n_estimators': 200}",-9.861421529783135,-10.151380851720775,-10.411728910953542,-10.11335479608375,-9.970726377129235,-10.101722493134087,0.18633828245126638,27,-14.08575209461793,-14.608756555537942,-14.968070378495428,-13.981776880520222,-14.151379738733231,-14.35914712958095,0.3724010814467105,15,-0.4044095439444277,-0.37693006357856496,-0.42205438066465256,-0.3808376016872552,-0.4219409282700422,-0.40123450362898855,0.01938578653130064,50,0.7815383991217016,-1.4779890391834631,1.3111986973360994,-1.2753065654134097,0.43901835818334284,-0.04430802999114579,1.1246176096917668,56,-13.158640897910347,-11.505306488679015,-13.887934997651655,-11.603434366137208,-12.335547511345402,-12.498172852344727,0.9143789625834825,45,10.101722493134087,14.35914712958095,0.40123450362898855,12.498172852344727,-0.04430802999114579,n200__poisson__boostrap_true__samples_1.0
11.996686124801636,0.10040514614513209,0.3923159122467041,0.08116308585446025,True,poisson,20,0.875,1.0,2,8,200,"{'bootstrap': True, 'criterion': 'poisson', 'max_depth': 20, 'max_features': 0.875, 'max_samples': 1.0, 'min_samples_leaf': 2, 'min_samples_split': 8, 'n_estimators': 200}",-9.940497741000963,-10.220439906868299,-10.458880627478495,-10.17062615362521,-9.99559233508835,-10.15720735281226,0.18344898722034955,83,-14.167556419015375,-14.626934251922217,-14.97930342397438,-14.034818864530706,-14.158195723999988,-14.393361736688533,0.35573244635834506,57,-0.40561763817577773,-0.37904934907659704,-0.42114803625377645,-0.3811388972582103,-0.4240506329113924,-0.4022009107351508,0.01911900190874864,70,0.7285521966855073,-1.5354132701726628,1.3105839093910572,-1.3084790788661325,0.438768210331244,-0.07319760652619736,1.138750015700914,65,-13.15160995669393,-11.456327069091726,-13.973073033370955,-11.625875945108845,-12.303201240121608,-12.502017448877414,0.9472692488144225,56,10.15720735281226,14.393361736688533,0.4022009107351508,12.502017448877414,-0.07319760652619736,n200__poisson__boostrap_true__samples_1.0
10.707745838165284,1.236475450906003,0.9803818702697754,0.7714387863247384,True,poisson,20,0.875,1.0,3,2,200,"{'bootstrap': True, 'criterion': 'poisson', 'max_depth': 20, 'max_features': 0.875, 'max_samples': 1.0, 'min_samples_leaf': 3, 'min_samples_split': 2, 'n_estimators': 200}",-9.967928822847943,-10.117541004209741,-10.433778394891219,-10.108880100324358,-9.920263698220147,-10.109678404098682,0.17948489428860392,34,-14.20255106732475,-14.573024528865016,-14.95829328498691,-13.977947338151983,-14.114770729439904,-14.365317389753713,0.35611366992992355,22,-0.40712775596496525,-0.3814713896457766,-0.4232628398791541,-0.3793311238324797,-0.42706449668474983,-0.4036515212014251,0.020140980181722702,94,0.8007043408463087,-1.4656255045030868,1.3425656740701757,-1.2210039802903205,0.5026763401127111,-0.008136625952842369,1.12559951576713,24,-13.225127746658629,-11.340189244258365,-13.911384321292724,-11.715194933436447,-12.203004603806782,-12.478980169890589,0.9554991399340736,31,10.109678404098682,14.365317389753713,0.4036515212014251,12.478980169890589,-0.008136625952842369,n200__poisson__boostrap_true__samples_1.0
10.671840906143188,0.13742354533231219,0.5781963348388672,0.13458216739366066,True,poisson,20,0.875,1.0,3,4,200,"{'bootstrap': True, 'criterion': 'poisson', 'max_depth': 20, 'max_features': 0.875, 'max_samples': 1.0, 'min_samples_leaf': 3, 'min_samples_split': 4, 'n_estimators': 200}",-9.967928822847943,-10.117541004209741,-10.433778394891217,-10.108880100324358,-9.920263698220147,-10.109678404098682,0.17948489428860329,34,-14.20255106732475,-14.573024528865016,-14.95829328498691,-13.977947338151985,-14.114770729439904,-14.365317389753713,0.35611366992992316,22,-0.40712775596496525,-0.3814713896457766,-0.4232628398791541,-0.3793311238324797,-0.42706449668474983,-0.4036515212014251,0.020140980181722702,94,0.8007043408463083,-1.4656255045030864,1.3425656740701764,-1.2210039802903205,0.50267634011271,-0.008136625952842457,1.12559951576713,25,-13.225127746658629,-11.340189244258365,-13.91138432129272,-11.715194933436447,-12.203004603806786,-12.47898016989059,0.9554991399340725,32,10.109678404098682,14.365317389753713,0.4036515212014251,12.47898016989059,-0.008136625952842457,n200__poisson__boostrap_true__samples_1.0
10.857590293884277,0.11120300959061555,0.36517653465270994,0.08999621161047154,True,poisson,20,0.875,1.0,3,8,200,"{'bootstrap': True, 'criterion': 'poisson', 'max_depth': 20, 'max_features': 0.875, 'max_samples': 1.0, 'min_samples_leaf': 3, 'min_samples_split': 8, 'n_estimators': 200}",-9.956373274486133,-10.209912200296682,-10.445792174281614,-10.125363841655854,-9.980798637482392,-10.143648025640536,0.17754328735737274,67,-14.182497690221622,-14.619523482411035,-14.983137451643433,-13.973658564083529,-14.154911307293254,-14.382745699130576,0.3676667062374704,50,-0.41256418000604045,-0.37753557372085983,-0.42477341389728096,-0.37902982826152454,-0.42887281494876434,-0.404555162166894,0.022117283456041047,96,0.8218468552495097,-1.4662851034214786,1.3362625309710692,-1.262852536300392,0.514058983560811,-0.011393853988096114,1.137490736415277,29,-13.062476884902896,-11.579871812742102,-13.868634805969553,-11.69104730623004,-12.235396200499421,-12.487485402068803,0.8671578766071154,37,10.143648025640536,14.382745699130576,0.404555162166894,12.487485402068803,-0.011393853988096114,n200__poisson__boostrap_true__samples_1.0
9.946046400070191,1.1381954780602759,1.0611976146698,0.9725156126458426,True,poisson,20,0.875,1.0,4,2,200,"{'bootstrap': True, 'criterion': 'poisson', 'max_depth': 20, 'max_features': 0.875, 'max_samples': 1.0, 'min_samples_leaf': 4, 'min_samples_split': 2, 'n_estimators': 200}",-9.978821297672662,-10.20297676193098,-10.476648851595888,-10.149615050001819,-10.017919350654765,-10.165196262371223,0.1761243718806461,89,-14.243196952564052,-14.60672872389155,-15.033909618935128,-14.034912065640397,-14.193832569052757,-14.422515986016776,0.3584479675524241,91,-0.40924192086982786,-0.3799576142900394,-0.4232628398791541,-0.3793311238324797,-0.4255575647980711,-0.40347021273391437,0.020240799015339973,88,0.8524396727299097,-1.478040507144741,1.3548260081288508,-1.258415992964615,0.5421200786253659,0.0025858518749541036,1.1510240837232912,13,-13.233322905167126,-11.481459940063328,-13.976510273265125,-11.719574928636408,-12.407298451257605,-12.563633299677917,0.9330251667568905,84,10.165196262371223,14.422515986016776,0.40347021273391437,12.563633299677917,0.0025858518749541036,n200__poisson__boostrap_true__samples_1.0
9.666664934158325,0.33995331776827836,1.4916637897491456,0.2026174397691961,True,poisson,20,0.875,1.0,4,4,200,"{'bootstrap': True, 'criterion': 'poisson', 'max_depth': 20, 'max_features': 0.875, 'max_samples': 1.0, 'min_samples_leaf': 4, 'min_samples_split': 4, 'n_estimators': 200}",-9.978821297672662,-10.20297676193098,-10.476648851595888,-10.149615050001819,-10.017919350654765,-10.165196262371223,0.1761243718806461,89,-14.243196952564052,-14.606728723891552,-15.033909618935128,-14.034912065640397,-14.193832569052756,-14.422515986016776,0.35844796755242453,91,-0.40924192086982786,-0.3799576142900394,-0.4232628398791541,-0.3793311238324797,-0.4255575647980711,-0.40347021273391437,0.020240799015339973,88,0.8524396727299098,-1.4780405071447402,1.3548260081288508,-1.2584159929646153,0.5421200786253667,0.0025858518749543704,1.1510240837232912,11,-13.233322905167125,-11.481459940063328,-13.976510273265125,-11.719574928636408,-12.407298451257605,-12.563633299677917,0.9330251667568902,84,10.165196262371223,14.422515986016776,0.40347021273391437,12.563633299677917,0.0025858518749543704,n200__poisson__boostrap_true__samples_1.0
10.300345420837402,0.16402185947237605,1.2355987071990966,0.039355302197741984,True,poisson,20,0.875,1.0,4,8,200,"{'bootstrap': True, 'criterion': 'poisson', 'max_depth': 20, 'max_features': 0.875, 'max_samples': 1.0, 'min_samples_leaf': 4, 'min_samples_split': 8, 'n_estimators': 200}",-9.978821297672662,-10.20297676193098,-10.476648851595888,-10.149615050001819,-10.017919350654765,-10.165196262371223,0.1761243718806461,89,-14.243196952564052,-14.60672872389155,-15.033909618935128,-14.034912065640397,-14.193832569052756,-14.422515986016776,0.35844796755242436,91,-0.40924192086982786,-0.3799576142900394,-0.4232628398791541,-0.3793311238324797,-0.4255575647980711,-0.40347021273391437,0.020240799015339973,88,0.8524396727299104,-1.4780405071447398,1.354826008128851,-1.258415992964616,0.5421200786253659,0.0025858518749543257,1.1510240837232912,12,-13.233322905167126,-11.481459940063326,-13.976510273265125,-11.719574928636408,-12.407298451257605,-12.563633299677917,0.933025166756891,84,10.165196262371223,14.422515986016776,0.40347021273391437,12.563633299677917,0.0025858518749543257,n200__poisson__boostrap_true__samples_1.0
14.392935705184936,0.28239411495078026,2.943092918395996,0.860096059967279,True,poisson,20,1.0,1.0,1,2,200,"{'bootstrap': True, 'criterion': 'poisson', 'max_depth': 20, 'max_features': 1.0, 'max_samples': 1.0, 'min_samples_leaf': 1, 'min_samples_split': 2, 'n_estimators': 200}",-9.914227710766378,-10.099016840296311,-10.443003456067949,-10.12137231090588,-9.95996231170119,-10.107516525947542,0.18544461163948267,31,-14.120090873636885,-14.606228556949056,-14.993297458407,-14.013597651158271,-14.129325300353031,-14.372507968100848,0.37193378980794944,37,-0.4035034732709151,-0.3781410838631547,-0.42114803625377645,-0.3808376016872552,-0.42163954189270647,-0.4010539473935616,0.018800208689848105,42,0.7096731320326626,-1.4215534092555693,1.2420327465174104,-1.2867947919020246,0.37293495770568946,-0.0767414729803663,1.0800528175867976,69,-13.16457174045944,-11.473843760099113,-13.872837098478316,-11.598877684166848,-12.253235575372418,-12.472673171715225,0.9217932802420438,28,10.107516525947542,14.372507968100848,0.4010539473935616,12.472673171715225,-0.0767414729803663,n200__poisson__boostrap_true__samples_1.0
13.900621366500854,0.2198516054957902,1.4077369689941406,0.23896674543708732,True,poisson,20,1.0,1.0,1,4,200,"{'bootstrap': True, 'criterion': 'poisson', 'max_depth': 20, 'max_features': 1.0, 'max_samples': 1.0, 'min_samples_leaf': 1, 'min_samples_split': 4, 'n_estimators': 200}",-9.911150830658201,-10.061749885000568,-10.390493859429332,-10.091891676343675,-9.940642680036163,-10.079185786293587,0.17018114190602757,15,-14.124934214071073,-14.591305045502278,-14.940146582528177,-13.932487946606884,-14.100349566370003,-14.337844671015683,0.3723059536126022,7,-0.40380549682875266,-0.37390251286709053,-0.41812688821752264,-0.3793311238324797,-0.4228450874020494,-0.39960222182957905,0.019861792669786035,8,0.6663299673308002,-1.4618816367512342,1.1579373358270864,-1.3683458468204044,0.34959003709423075,-0.13127402866390422,1.0798455089941155,77,-13.097247166096329,-11.500147702011157,-13.809720829587697,-11.498589598168282,-12.167851801653116,-12.414711419503316,0.9108844005037849,6,10.079185786293587,14.337844671015683,0.39960222182957905,12.414711419503316,-0.13127402866390422,n200__poisson__boostrap_true__samples_1.0
13.130455112457275,0.10047879787232553,1.4800869464874267,0.1752853021851652,True,poisson,20,1.0,1.0,1,8,200,"{'bootstrap': True, 'criterion': 'poisson', 'max_depth': 20, 'max_features': 1.0, 'max_samples': 1.0, 'min_samples_leaf': 1, 'min_samples_split': 8, 'n_estimators': 200}",-9.89528231997294,-10.1188457754759,-10.42344393350779,-10.10516788973898,-9.97496429538034,-10.103540842815189,0.1802655910410089,29,-14.069189294168641,-14.63189066795319,-14.948999627284199,-13.970456941343746,-14.134888380407935,-14.351084982231544,0.37614827156339886,11,-0.4019933554817276,-0.37753557372085983,-0.41842900302114805,-0.37812594154865925,-0.4240506329113924,-0.4000269013367574,0.01952001959344594,21,0.6216767049967755,-1.4708769134801127,1.173560323397828,-1.3915498958322166,0.31816099312025237,-0.14980575755949468,1.0819088092757256,80,-13.08101101866068,-11.45318410231439,-13.857792090381807,-11.522110805488664,-12.136670116291743,-12.410153626627457,0.9300441618818259,5,10.103540842815189,14.351084982231544,0.4000269013367574,12.410153626627457,-0.14980575755949468,n200__poisson__boostrap_true__samples_1.0
11.050592470169068,1.2581527089035331,2.8352084159851074,0.8179428563942134,True,poisson,20,1.0,1.0,2,2,200,"{'bootstrap': True, 'criterion': 'poisson', 'max_depth': 20, 'max_features': 1.0, 'max_samples': 1.0, 'min_samples_leaf': 2, 'min_samples_split': 2, 'n_estimators': 200}",-9.869168500051915,-10.062793598190275,-10.380786226304208,-10.013969117521363,-9.943112517951459,-10.053965992003844,0.17602712739160464,1,-14.109238580134972,-14.600240436756277,-14.935549302550456,-13.912453400157936,-14.121599949664112,-14.335816333852751,0.3757823974857325,5,-0.40108728480821504,-0.3760217983651226,-0.4214501510574018,-0.37872853269056944,-0.42254370102471367,-0.3999662935892045,0.01998466121333846,19,0.7276181755831911,-1.3617865624962393,1.278150992152798,-1.2463246251749007,0.46070657846102214,-0.028327088294825754,1.0750929553367767,41,-13.210075558368914,-11.569817326448229,-13.831929101466914,-11.575104244271246,-12.310938574142872,-12.499572960939634,0.8982936831575409,52,10.053965992003844,14.335816333852751,0.3999662935892045,12.499572960939634,-0.028327088294825754,n200__poisson__boostrap_true__samples_1.0
12.378525543212891,0.2827701695997832,1.417371892929077,0.177473314587108,True,poisson,20,1.0,1.0,2,4,200,"{'bootstrap': True, 'criterion': 'poisson', 'max_depth': 20, 'max_features': 1.0, 'max_samples': 1.0, 'min_samples_leaf': 2, 'min_samples_split': 4, 'n_estimators': 200}",-9.869168500051915,-10.062793598190275,-10.38078622630421,-10.013969117521366,-9.943112517951459,-10.053965992003844,0.17602712739160514,1,-14.109238580134974,-14.600240436756277,-14.935549302550458,-13.912453400157936,-14.121599949664112,-14.335816333852751,0.37578239748573283,5,-0.40108728480821504,-0.3760217983651226,-0.4214501510574018,-0.37872853269056944,-0.42254370102471367,-0.3999662935892045,0.01998466121333846,19,0.7276181755831902,-1.3617865624962395,1.2781509921527985,-1.2463246251749018,0.460706578461023,-0.02832708829482594,1.0750929553367772,42,-13.210075558368914,-11.569817326448229,-13.831929101466917,-11.575104244271246,-12.310938574142872,-12.499572960939636,0.8982936831575419,53,10.053965992003844,14.335816333852751,0.3999662935892045,12.499572960939636,-0.02832708829482594,n200__poisson__boostrap_true__samples_1.0
11.82882571220398,0.23693586954044168,1.4680354118347168,0.3185613573979933,True,poisson,20,1.0,1.0,2,8,200,"{'bootstrap': True, 'criterion': 'poisson', 'max_depth': 20, 'max_features': 1.0, 'max_samples': 1.0, 'min_samples_leaf': 2, 'min_samples_split': 8, 'n_estimators': 200}",-9.870239604653314,-10.121703622444246,-10.400746002387915,-10.105305288418759,-9.928683727868675,-10.085335649154581,0.18547842985262344,19,-14.079264183551052,-14.683128308171261,-14.97311658492712,-14.012679209235161,-14.136987135410864,-14.377035084259091,0.38158929436837347,42,-0.4050135910601027,-0.37844383893430217,-0.4205438066465257,-0.3793311238324797,-0.42254370102471367,-0.4011752122996247,0.019185241436646554,49,0.7117493361528473,-1.3986426022913523,1.255651254172197,-1.3239333078273914,0.42163226636786866,-0.06670861068516616,1.0906668874117444,62,-13.063745482106341,-11.524908219826003,-13.858719439372836,-11.574810803646844,-12.247627841967493,-12.453962357383903,0.8970842653617535,19,10.085335649154581,14.377035084259091,0.4011752122996247,12.453962357383903,-0.06670861068516616,n200__poisson__boostrap_true__samples_1.0
10.369240283966064,1.3453547335674871,2.2758898735046387,0.7547328320352544,True,poisson,20,1.0,1.0,3,2,200,"{'bootstrap': True, 'criterion': 'poisson', 'max_depth': 20, 'max_features': 1.0, 'max_samples': 1.0, 'min_samples_leaf': 3, 'min_samples_split': 2, 'n_estimators': 200}",-9.891784991481893,-10.098941089918045,-10.430561653980455,-10.09295192995815,-9.969631959736537,-10.096774325015016,0.18418419827062127,25,-14.150502599413775,-14.676497157912454,-14.996074221412371,-13.991574498954872,-14.20990968752259,-14.404911633043213,0.37331734617380957,66,-0.4035034732709151,-0.37723281864971236,-0.4214501510574018,-0.3772220548357939,-0.42224231464737794,-0.40033016249224024,0.02001868208650304,26,0.7913437227754632,-1.3224637062487314,1.3266788675798455,-1.2305760805820094,0.503193076667433,0.013635176038400166,1.0864440281931533,1,-13.23796376231516,-11.63270658036105,-13.94855416715577,-11.746895145399124,-12.40143949706937,-12.593511830460095,0.8863697138333496,93,10.096774325015016,14.404911633043213,0.40033016249224024,12.593511830460095,0.013635176038400166,n200__poisson__boostrap_true__samples_1.0
10.733815479278565,0.9277944975635063,1.7128655910491943,0.7447440425982347,True,poisson,20,1.0,1.0,3,4,200,"{'bootstrap': True, 'criterion': 'poisson', 'max_depth': 20, 'max_features': 1.0, 'max_samples': 1.0, 'min_samples_leaf': 3, 'min_samples_split': 4, 'n_estimators': 200}",-9.891784991481893,-10.098941089918045,-10.430561653980455,-10.092951929958152,-9.969631959736537,-10.096774325015016,0.18418419827062127,25,-14.150502599413775,-14.676497157912454,-14.996074221412373,-13.991574498954872,-14.20990968752259,-14.404911633043213,0.3733173461738102,66,-0.4035034732709151,-0.37723281864971236,-0.4214501510574018,-0.3772220548357939,-0.42224231464737794,-0.40033016249224024,0.02001868208650304,26,0.7913437227754632,-1.322463706248732,1.3266788675798455,-1.2305760805820094,0.5031930766674334,0.01363517603840012,1.0864440281931536,2,-13.237963762315161,-11.63270658036105,-13.94855416715577,-11.746895145399126,-12.401439497069369,-12.593511830460095,0.8863697138333497,93,10.096774325015016,14.404911633043213,0.40033016249224024,12.593511830460095,0.01363517603840012,n200__poisson__boostrap_true__samples_1.0
11.135312557220459,0.08389730954602019,1.225923490524292,0.0798284567168536,True,poisson,20,1.0,1.0,3,8,200,"{'bootstrap': True, 'criterion': 'poisson', 'max_depth': 20, 'max_features': 1.0, 'max_samples': 1.0, 'min_samples_leaf': 3, 'min_samples_split': 8, 'n_estimators': 200}",-9.922865835052905,-10.062155797036198,-10.370110328024698,-10.05983109967161,-9.981425918515287,-10.079277795660138,0.15446332249767306,16,-14.180556665227256,-14.599934273553282,-14.930727235705884,-13.939965475566126,-14.204241801290932,-14.371085090268696,0.35087694870040775,31,-0.40380549682875266,-0.3766273085074175,-0.42356495468277944,-0.38053630611630007,-0.4267631103074141,-0.4022594352885328,0.020907634092514584,71,0.7757929489288329,-1.4092105730220068,1.297956627902736,-1.2234556776946113,0.5017199370787974,-0.011439347361250385,1.0972996804744477,30,-13.24729215922346,-11.487410801816267,-13.773645372367977,-11.610423604727501,-12.282160292676968,-12.480186446162435,0.8991987996659943,33,10.079277795660138,14.371085090268696,0.4022594352885328,12.480186446162435,-0.011439347361250385,n200__poisson__boostrap_true__samples_1.0
10.337853479385377,0.9592448530248229,1.737730121612549,0.6844121447025824,True,poisson,20,1.0,1.0,4,2,200,"{'bootstrap': True, 'criterion': 'poisson', 'max_depth': 20, 'max_features': 1.0, 'max_samples': 1.0, 'min_samples_leaf': 4, 'min_samples_split': 2, 'n_estimators': 200}",-9.937304802052136,-10.180445477548515,-10.448821107755105,-10.095335794425226,-9.92793315113608,-10.117968066583412,0.19111874095267303,43,-14.218743584513502,-14.720698160006116,-15.037070743848941,-13.997894302089497,-14.149879677132448,-14.424857293518102,0.39056883481732163,94,-0.4035034732709151,-0.3781410838631547,-0.42114803625377645,-0.3799337149743899,-0.42374924653405666,-0.4012951109792586,0.01947111666263721,53,0.8317496608905169,-1.3759430304927251,1.3321040424594346,-1.2790013167944987,0.5267300288097464,0.007127876974494818,1.1200502452971404,6,-13.344438370809552,-11.641822090722687,-13.98667942869804,-11.602463969570334,-12.335907692411189,-12.582262310442362,0.944290525475469,87,10.117968066583412,14.424857293518102,0.4012951109792586,12.582262310442362,0.007127876974494818,n200__poisson__boostrap_true__samples_1.0
9.530969762802124,0.7179620115254025,2.5784942626953127,0.25751477394142447,True,poisson,20,1.0,1.0,4,4,200,"{'bootstrap': True, 'criterion': 'poisson', 'max_depth': 20, 'max_features': 1.0, 'max_samples': 1.0, 'min_samples_leaf': 4, 'min_samples_split': 4, 'n_estimators': 200}",-9.937304802052136,-10.180445477548515,-10.448821107755109,-10.095335794425226,-9.92793315113608,-10.117968066583412,0.19111874095267423,43,-14.218743584513502,-14.720698160006116,-15.037070743848943,-13.997894302089499,-14.149879677132448,-14.424857293518102,0.3905688348173218,94,-0.4035034732709151,-0.3781410838631547,-0.42114803625377645,-0.3799337149743899,-0.42374924653405666,-0.4012951109792586,0.01947111666263721,53,0.831749660890517,-1.375943030492727,1.332104042459435,-1.2790013167944978,0.5267300288097467,0.007127876974494818,1.1200502452971408,6,-13.344438370809554,-11.64182209072269,-13.98667942869804,-11.602463969570334,-12.335907692411189,-12.582262310442362,0.9442905254754689,87,10.117968066583412,14.424857293518102,0.4012951109792586,12.582262310442362,0.007127876974494818,n200__poisson__boostrap_true__samples_1.0
10.519048261642457,0.2932779155661247,2.236468029022217,0.10685021446952027,True,poisson,20,1.0,1.0,4,8,200,"{'bootstrap': True, 'criterion': 'poisson', 'max_depth': 20, 'max_features': 1.0, 'max_samples': 1.0, 'min_samples_leaf': 4, 'min_samples_split': 8, 'n_estimators': 200}",-9.937304802052136,-10.180445477548515,-10.448821107755105,-10.095335794425226,-9.92793315113608,-10.117968066583412,0.19111874095267303,43,-14.218743584513502,-14.720698160006116,-15.037070743848943,-13.997894302089499,-14.149879677132448,-14.424857293518102,0.3905688348173218,94,-0.4035034732709151,-0.3781410838631547,-0.42114803625377645,-0.3799337149743899,-0.42374924653405666,-0.4012951109792586,0.01947111666263721,53,0.8317496608905176,-1.3759430304927258,1.3321040424594355,-1.2790013167944987,0.526730028809747,0.007127876974495106,1.1200502452971408,5,-13.344438370809554,-11.64182209072269,-13.986679428698038,-11.602463969570335,-12.335907692411189,-12.582262310442362,0.9442905254754681,87,10.117968066583412,14.424857293518102,0.4012951109792586,12.582262310442362,0.007127876974495106,n200__poisson__boostrap_true__samples_1.0
13.32367296218872,0.08738514602039316,2.4084894180297853,0.2496966177742848,True,poisson,22,0.875,1.0,1,2,200,"{'bootstrap': True, 'criterion': 'poisson', 'max_depth': 22, 'max_features': 0.875, 'max_samples': 1.0, 'min_samples_leaf': 1, 'min_samples_split': 2, 'n_estimators': 200}",-9.942176234132582,-10.212536813386189,-10.42632992431084,-10.235318325381343,-9.972763327236615,-10.157824924889514,0.17991426031747923,84,-14.146090848878075,-14.636616437663243,-14.929228750415286,-14.061257401472462,-14.125356651267978,-14.379710017939408,0.3431202022795676,43,-0.4028994261552401,-0.3745080230093854,-0.4187311178247734,-0.380235010545345,-0.42254370102471367,-0.3997834557118915,0.019533259557872037,13,0.6726288743703664,-1.5454062057723363,1.1574808655929316,-1.376643909374019,0.34340354664617107,-0.14970736570737722,1.1028585466886218,79,-13.17302088240377,-11.571355051313079,-13.832039579574852,-11.648946270494575,-12.207218861463296,-12.486516129049914,0.883037050427238,36,10.157824924889514,14.379710017939408,0.3997834557118915,12.486516129049914,-0.14970736570737722,n200__poisson__boostrap_true__samples_1.0
11.688933515548706,0.22087329570437228,2.3852582931518556,0.08804313585915471,True,poisson,22,0.875,1.0,1,4,200,"{'bootstrap': True, 'criterion': 'poisson', 'max_depth': 22, 'max_features': 0.875, 'max_samples': 1.0, 'min_samples_leaf': 1, 'min_samples_split': 4, 'n_estimators': 200}",-9.959822511552469,-10.184335591954815,-10.48459833851756,-10.161749558078432,-10.016610328914489,-10.161423265803553,0.1825271813101034,86,-14.172704106803142,-14.620003699316804,-15.009000322654133,-14.026488581697798,-14.15824576472692,-14.39728849503976,0.36575007104549445,59,-0.40078526125037756,-0.37753557372085983,-0.4214501510574018,-0.377523350406749,-0.4255575647980711,-0.40057038024669184,0.020601642123306268,29,0.6225021305754909,-1.5521044167572613,1.1468582785845953,-1.4406241143035197,0.3348604516631549,-0.17770153404750794,1.1082834582391916,86,-13.201988278103116,-11.432341448146563,-13.799326667601486,-11.550445070985209,-12.162245060182938,-12.429269305003862,0.9286173508603279,8,10.161423265803553,14.39728849503976,0.40057038024669184,12.429269305003862,-0.17770153404750794,n200__poisson__boostrap_true__samples_1.0
10.04713191986084,0.06047152759411817,2.500103569030762,0.10955742469168649,True,poisson,22,0.875,1.0,1,8,200,"{'bootstrap': True, 'criterion': 'poisson', 'max_depth': 22, 'max_features': 0.875, 'max_samples': 1.0, 'min_samples_leaf': 1, 'min_samples_split': 8, 'n_estimators': 200}",-10.035157891855954,-10.184336238715654,-10.50996038410592,-10.229020414367149,-10.04660602299884,-10.201016190408703,0.17196537277345994,96,-14.249390314865728,-14.555051153432517,-15.033153926976665,-14.077890353700282,-14.176279173481761,-14.418352984491392,0.3463320675137079,87,-0.40169133192389006,-0.37753557372085983,-0.4199395770392749,-0.3766194636938837,-0.42706449668474983,-0.4005700886125316,0.020893105263998638,28,0.6271328187687358,-1.592582869513907,1.1118687660487916,-1.4162929723212825,0.29057759660931337,-0.19585933208166972,1.1013069195134788,92,-13.271746068751257,-11.378733511817709,-13.837501614033126,-11.699776952060093,-12.102602417028884,-12.458072112738213,0.9414067268135725,22,10.201016190408703,14.418352984491392,0.4005700886125316,12.458072112738213,-0.19585933208166972,n200__poisson__boostrap_true__samples_1.0
10.691756439208984,0.17285269257846891,2.297057580947876,0.19020874119179318,True,poisson,22,0.875,1.0,2,2,200,"{'bootstrap': True, 'criterion': 'poisson', 'max_depth': 22, 'max_features': 0.875, 'max_samples': 1.0, 'min_samples_leaf': 2, 'min_samples_split': 2, 'n_estimators': 200}",-9.922025104547025,-10.171060709615878,-10.432648886292222,-10.133705239995233,-9.922008049918658,-10.116289598073802,0.18914036686224883,40,-14.158276373557591,-14.585715963331257,-14.982390280265557,-13.974549291951055,-14.101108538697765,-14.360408089560645,0.3727213390515398,20,-0.4035034732709151,-0.37753557372085983,-0.4190332326283988,-0.38234407954203076,-0.42495479204339964,-0.40147423024112083,0.018988391803551812,59,0.749934346570446,-1.477241222700758,1.2655965884075953,-1.2980089416239815,0.4623301902549649,-0.05947780781834668,1.115998767745201,61,-13.22412340668037,-11.513907684555189,-13.958613021361353,-11.554639879548537,-12.218168184714923,-12.493890435372075,0.9588777820258181,41,10.116289598073802,14.360408089560645,0.40147423024112083,12.493890435372075,-0.05947780781834668,n200__poisson__boostrap_true__samples_1.0
10.294893264770508,0.2313492442594977,2.4271595954895018,0.11011058342302336,True,poisson,22,0.875,1.0,2,4,200,"{'bootstrap': True, 'criterion': 'poisson', 'max_depth': 22, 'max_features': 0.875, 'max_samples': 1.0, 'min_samples_leaf': 2, 'min_samples_split': 4, 'n_estimators': 200}",-9.922025104547027,-10.171060709615878,-10.432648886292222,-10.133705239995235,-9.922008049918658,-10.116289598073804,0.18914036686224853,41,-14.158276373557591,-14.585715963331257,-14.982390280265557,-13.974549291951057,-14.101108538697765,-14.360408089560645,0.3727213390515395,20,-0.4035034732709151,-0.37753557372085983,-0.4190332326283988,-0.38234407954203076,-0.42495479204339964,-0.40147423024112083,0.018988391803551812,59,0.749934346570446,-1.4772412227007576,1.2655965884075953,-1.2980089416239824,0.462330190254966,-0.05947780781834655,1.1159987677452012,60,-13.224123406680372,-11.513907684555189,-13.958613021361353,-11.554639879548537,-12.218168184714925,-12.493890435372077,0.9588777820258182,42,10.116289598073804,14.360408089560645,0.40147423024112083,12.493890435372077,-0.05947780781834655,n200__poisson__boostrap_true__samples_1.0
8.99833173751831,0.15143310000534893,2.419872188568115,0.09263313120788777,True,poisson,22,0.875,1.0,2,8,200,"{'bootstrap': True, 'criterion': 'poisson', 'max_depth': 22, 'max_features': 0.875, 'max_samples': 1.0, 'min_samples_leaf': 2, 'min_samples_split': 8, 'n_estimators': 200}",-9.947742570303525,-10.22582382663265,-10.413497468871945,-10.17621130058417,-9.974014947036835,-10.147458022685825,0.17188001603211306,70,-14.160669227329125,-14.651599313800151,-14.940018220013519,-14.008577566000945,-14.137805736830758,-14.379734012794902,0.35555728474836074,44,-0.4050135910601027,-0.3760217983651226,-0.4205438066465257,-0.37601687255197347,-0.42766726943942135,-0.40105266761262914,0.021712972598882177,41,0.7167080595951495,-1.5737928822020772,1.2674314339727373,-1.341320926467885,0.44892527632282153,-0.09640980775585077,1.1446465301502766,71,-13.165546620281326,-11.504693321036308,-13.887886015953987,-11.747997256286839,-12.185805377416258,-12.498385718194942,0.8971096521743804,48,10.147458022685825,14.379734012794902,0.40105266761262914,12.498385718194942,-0.09640980775585077,n200__poisson__boostrap_true__samples_1.0
9.211192274093628,0.17021989450942343,2.160667896270752,0.096521336737967,True,poisson,22,0.875,1.0,3,2,200,"{'bootstrap': True, 'criterion': 'poisson', 'max_depth': 22, 'max_features': 0.875, 'max_samples': 1.0, 'min_samples_leaf': 3, 'min_samples_split': 2, 'n_estimators': 200}",-9.909269678487865,-10.142158272254962,-10.446217942823584,-10.128730545216515,-9.977211658928313,-10.120717619542248,0.18535293983680348,54,-14.15074907589938,-14.563696495006715,-14.975992150522703,-14.009945024166472,-14.15882844534768,-14.371842238188588,0.35412761211208477,35,-0.40471156750226517,-0.38056312443233425,-0.41933534743202416,-0.3811388972582103,-0.4309825195901145,-0.4033462912429897,0.02016688400250289,86,0.8005214423830476,-1.506178855355673,1.292475755752544,-1.259535351027586,0.45822197539329573,-0.042899006570874344,1.1284589455218428,51,-13.23138746313567,-11.346316632465534,-13.996785353849779,-11.635122074906345,-12.106562517020667,-12.463234808275597,1.0002327540099518,24,10.120717619542248,14.371842238188588,0.4033462912429897,12.463234808275597,-0.042899006570874344,n200__poisson__boostrap_true__samples_1.0
8.810875940322877,0.14506155530340212,2.4158230304718016,0.1729728770343245,True,poisson,22,0.875,1.0,3,4,200,"{'bootstrap': True, 'criterion': 'poisson', 'max_depth': 22, 'max_features': 0.875, 'max_samples': 1.0, 'min_samples_leaf': 3, 'min_samples_split': 4, 'n_estimators': 200}",-9.909269678487865,-10.142158272254962,-10.446217942823584,-10.128730545216513,-9.977211658928315,-10.120717619542248,0.18535293983680318,54,-14.15074907589938,-14.563696495006715,-14.975992150522703,-14.009945024166472,-14.15882844534768,-14.371842238188588,0.35412761211208477,35,-0.40471156750226517,-0.38056312443233425,-0.41933534743202416,-0.3811388972582103,-0.4309825195901145,-0.4033462912429897,0.02016688400250289,86,0.8005214423830468,-1.5061788553556723,1.2924757557525435,-1.2595353510275862,0.45822197539329573,-0.0428990065708745,1.1284589455218426,52,-13.23138746313567,-11.346316632465534,-13.996785353849779,-11.635122074906345,-12.106562517020668,-12.4632348082756,1.0002327540099518,25,10.120717619542248,14.371842238188588,0.4033462912429897,12.4632348082756,-0.0428990065708745,n200__poisson__boostrap_true__samples_1.0
8.453770351409911,0.06455883041133222,2.314465951919556,0.06123955905647141,True,poisson,22,0.875,1.0,3,8,200,"{'bootstrap': True, 'criterion': 'poisson', 'max_depth': 22, 'max_features': 0.875, 'max_samples': 1.0, 'min_samples_leaf': 3, 'min_samples_split': 8, 'n_estimators': 200}",-9.968303876672918,-10.196260889387617,-10.440619941525151,-10.136955901262871,-9.955681250725274,-10.139564371914767,0.17719983899258884,66,-14.185398834301262,-14.622247911707914,-15.002523947437476,-13.99950453887212,-14.11073524888087,-14.384082096239927,0.3745094696097538,52,-0.4074297795228028,-0.37935210414774445,-0.41963746223564957,-0.380235010545345,-0.4252561784207354,-0.4023821069744555,0.01932523913597714,73,0.8443523918974306,-1.5038682002764854,1.2992029777195373,-1.2906579222874348,0.4744333470712222,-0.03530748117514602,1.144301593537553,46,-13.26934948303796,-11.456892678425406,-13.98805394625627,-11.632671550007718,-12.263331054390068,-12.522059742423485,0.9695477014717055,70,10.139564371914767,14.384082096239927,0.4023821069744555,12.522059742423485,-0.03530748117514602,n200__poisson__boostrap_true__samples_1.0
8.425240802764893,0.07645585557943377,2.0883076667785643,0.17504569738813172,True,poisson,22,0.875,1.0,4,2,200,"{'bootstrap': True, 'criterion': 'poisson', 'max_depth': 22, 'max_features': 0.875, 'max_samples': 1.0, 'min_samples_leaf': 4, 'min_samples_split': 2, 'n_estimators': 200}",-9.952532357742875,-10.210265158784882,-10.47985933967991,-10.155895179055634,-9.969915169404787,-10.153693440933617,0.19174443141482628,76,-14.186759952925918,-14.645133219504451,-15.037425196507995,-14.078824145662498,-14.138003208145744,-14.41722914454932,0.36937366591728477,84,-0.40380549682875266,-0.37844383893430217,-0.42356495468277944,-0.38324796625489604,-0.4255575647980711,-0.40292396429976024,0.01962411216885362,80,0.795520470158205,-1.4898062218809045,1.3727200481140356,-1.2710468793517045,0.5176825102964099,-0.014986014532791692,1.1505796952413683,34,-13.308452847113116,-11.521470347437536,-13.99145427018472,-11.591513957042983,-12.322184525937878,-12.547015189543247,0.9676223664039868,74,10.153693440933617,14.41722914454932,0.40292396429976024,12.547015189543247,-0.014986014532791692,n200__poisson__boostrap_true__samples_1.0
8.066944456100464,0.1825157635021714,2.248473310470581,0.15234688551521933,True,poisson,22,0.875,1.0,4,4,200,"{'bootstrap': True, 'criterion': 'poisson', 'max_depth': 22, 'max_features': 0.875, 'max_samples': 1.0, 'min_samples_leaf': 4, 'min_samples_split': 4, 'n_estimators': 200}",-9.952532357742875,-10.210265158784882,-10.479859339679908,-10.155895179055635,-9.969915169404787,-10.153693440933617,0.19174443141482567,76,-14.186759952925918,-14.645133219504451,-15.037425196507996,-14.078824145662498,-14.138003208145744,-14.41722914454932,0.3693736659172854,84,-0.40380549682875266,-0.37844383893430217,-0.42356495468277944,-0.38324796625489604,-0.4255575647980711,-0.40292396429976024,0.01962411216885362,80,0.7955204701582048,-1.4898062218809056,1.3727200481140354,-1.2710468793517051,0.5176825102964104,-0.014986014532792025,1.1505796952413687,36,-13.308452847113118,-11.521470347437537,-13.99145427018472,-11.59151395704298,-12.322184525937882,-12.547015189543249,0.9676223664039869,76,10.153693440933617,14.41722914454932,0.40292396429976024,12.547015189543249,-0.014986014532792025,n200__poisson__boostrap_true__samples_1.0
7.961720705032349,0.27059746647174177,3.03176326751709,0.19026594208233805,True,poisson,22,0.875,1.0,4,8,200,"{'bootstrap': True, 'criterion': 'poisson', 'max_depth': 22, 'max_features': 0.875, 'max_samples': 1.0, 'min_samples_leaf': 4, 'min_samples_split': 8, 'n_estimators': 200}",-9.952532357742875,-10.210265158784882,-10.479859339679908,-10.155895179055634,-9.969915169404787,-10.153693440933617,0.19174443141482567,76,-14.186759952925916,-14.645133219504451,-15.037425196507995,-14.078824145662498,-14.138003208145744,-14.41722914454932,0.369373665917285,84,-0.40380549682875266,-0.37844383893430217,-0.42356495468277944,-0.38324796625489604,-0.4255575647980711,-0.40292396429976024,0.01962411216885362,80,0.795520470158205,-1.4898062218809047,1.3727200481140351,-1.271046879351705,0.5176825102964104,-0.014986014532791803,1.1505796952413683,35,-13.308452847113116,-11.521470347437536,-13.99145427018472,-11.591513957042983,-12.322184525937878,-12.547015189543247,0.9676223664039868,74,10.153693440933617,14.41722914454932,0.40292396429976024,12.547015189543247,-0.014986014532791803,n200__poisson__boostrap_true__samples_1.0
15.594388008117676,0.23339415919751638,2.4149343967437744,0.4663391060115718,True,poisson,22,1.0,1.0,1,2,200,"{'bootstrap': True, 'criterion': 'poisson', 'max_depth': 22, 'max_features': 1.0, 'max_samples': 1.0, 'min_samples_leaf': 1, 'min_samples_split': 2, 'n_estimators': 200}",-9.941208691325738,-10.121235669686074,-10.436803320931231,-10.145238307288718,-10.023018418129082,-10.13350088147217,0.16820418155589517,64,-14.142129424546466,-14.696218884927267,-14.956588704632086,-13.989839288065419,-14.243896896781354,-14.405734639790518,0.36234497528677084,68,-0.40169133192389006,-0.37359975779594307,-0.42084592145015104,-0.3808376016872552,-0.4219409282700422,-0.39978310822545626,0.01991357559783578,12,0.6369188153834866,-1.4849371238965483,1.2024307506201752,-1.3218369288103249,0.37737587042147647,-0.11800972325634698,1.0841196879847295,76,-13.166985028088062,-11.558222891711024,-13.828379316882682,-11.584204578785515,-12.324467231932413,-12.49245180947994,0.8905742966417488,40,10.13350088147217,14.405734639790518,0.39978310822545626,12.49245180947994,-0.11800972325634698,n200__poisson__boostrap_true__samples_1.0
14.42542052268982,0.15773068540208798,1.809589719772339,0.138644075231786,True,poisson,22,1.0,1.0,1,4,200,"{'bootstrap': True, 'criterion': 'poisson', 'max_depth': 22, 'max_features': 1.0, 'max_samples': 1.0, 'min_samples_leaf': 1, 'min_samples_split': 4, 'n_estimators': 200}",-9.907629093884815,-10.149112409436114,-10.381663258976177,-10.174818290175475,-9.969710012436732,-10.116586612981862,0.16730239955855186,42,-14.076914501494203,-14.67564305278901,-14.924593462444824,-14.10086570071005,-14.132360496513693,-14.382075442790358,0.35073278056597723,49,-0.4019933554817276,-0.3723887375113533,-0.4229607250755287,-0.377523350406749,-0.42103676913803495,-0.3991805875226787,0.02115626822930884,6,0.6211768647577861,-1.469890724335569,1.1674208846549419,-1.4410908909959665,0.3271406445226191,-0.15904864427923768,1.0923911901788195,81,-13.095746254344725,-11.653442774750854,-13.65266732693536,-11.567135370262088,-12.227970823117795,-12.439392509882165,0.8156083193507719,12,10.116586612981862,14.382075442790358,0.3991805875226787,12.439392509882165,-0.15904864427923768,n200__poisson__boostrap_true__samples_1.0
11.502843713760376,1.0749595053860992,2.4008405208587646,0.6969377487022463,True,poisson,22,1.0,1.0,1,8,200,"{'bootstrap': True, 'criterion': 'poisson', 'max_depth': 22, 'max_features': 1.0, 'max_samples': 1.0, 'min_samples_leaf': 1, 'min_samples_split': 8, 'n_estimators': 200}",-9.952907249980202,-10.122096684609836,-10.428137172781673,-10.146363500161568,-9.960030239743098,-10.121906969455276,0.17270788987207125,59,-14.172862333160946,-14.646349954398515,-14.974374179063908,-14.011848173029763,-14.137281595147192,-14.388543246960063,0.3636514904086668,54,-0.40078526125037756,-0.37390251286709053,-0.4190332326283988,-0.3766194636938837,-0.41983122362869196,-0.3980343388136885,0.01982204431054688,1,0.5978075947144696,-1.516318184656046,1.1293535684339029,-1.4090603502680885,0.27531418706638555,-0.1845806369418753,1.0791601507264441,89,-13.162553447921647,-11.50805116815683,-13.790661266554999,-11.599643661798583,-12.18983230730577,-12.450148370347566,0.8925430712037323,16,10.121906969455276,14.388543246960063,0.3980343388136885,12.450148370347566,-0.1845806369418753,n200__poisson__boostrap_true__samples_1.0
11.794188690185546,0.3978958114564614,2.618094062805176,0.41523826454932333,True,poisson,22,1.0,1.0,2,2,200,"{'bootstrap': True, 'criterion': 'poisson', 'max_depth': 22, 'max_features': 1.0, 'max_samples': 1.0, 'min_samples_leaf': 2, 'min_samples_split': 2, 'n_estimators': 200}",-9.862275953124753,-10.051682472274468,-10.365559340650695,-10.055117460836117,-9.962814883545745,-10.059490022086356,0.16852179461460115,3,-14.118819092651846,-14.55112025965594,-14.904102735149944,-13.921067051348798,-14.162066396920393,-14.331435107145385,0.3517109748752858,1,-0.4022953790395651,-0.3763245534362701,-0.4217522658610272,-0.37842723711961435,-0.42013261000602775,-0.39978640909250085,0.01954192714951848,14,0.7877310585304839,-1.4072790519303042,1.2345863769349226,-1.2536814988672451,0.44718667347268837,-0.03829128837189091,1.085312874741326,48,-13.236551507353788,-11.485303498550591,-13.752321749716476,-11.628967339878457,-12.388947333639583,-12.49841828582778,0.8844710236584689,50,10.059490022086356,14.331435107145385,0.39978640909250085,12.49841828582778,-0.03829128837189091,n200__poisson__boostrap_true__samples_1.0
12.8322247505188,0.1748196827774031,1.4759166240692139,0.16316266616433708,True,poisson,22,1.0,1.0,2,4,200,"{'bootstrap': True, 'criterion': 'poisson', 'max_depth': 22, 'max_features': 1.0, 'max_samples': 1.0, 'min_samples_leaf': 2, 'min_samples_split': 4, 'n_estimators': 200}",-9.862275953124753,-10.051682472274468,-10.365559340650698,-10.055117460836119,-9.962814883545745,-10.059490022086356,0.16852179461460243,3,-14.118819092651846,-14.551120259655939,-14.904102735149946,-13.921067051348798,-14.162066396920393,-14.331435107145385,0.3517109748752862,1,-0.4022953790395651,-0.3763245534362701,-0.4217522658610272,-0.37842723711961435,-0.42013261000602775,-0.39978640909250085,0.01954192714951848,14,0.7877310585304844,-1.4072790519303038,1.2345863769349223,-1.2536814988672451,0.4471866734726878,-0.038291288371890865,1.0853128747413259,47,-13.236551507353788,-11.485303498550591,-13.752321749716474,-11.628967339878457,-12.388947333639583,-12.498418285827778,0.8844710236584683,49,10.059490022086356,14.331435107145385,0.39978640909250085,12.498418285827778,-0.038291288371890865,n200__poisson__boostrap_true__samples_1.0
11.198521137237549,0.9289308551393133,1.8307080745697022,0.6974071257963033,True,poisson,22,1.0,1.0,2,8,200,"{'bootstrap': True, 'criterion': 'poisson', 'max_depth': 22, 'max_features': 1.0, 'max_samples': 1.0, 'min_samples_leaf': 2, 'min_samples_split': 8, 'n_estimators': 200}",-9.871452293381676,-10.085412052489708,-10.405724540516985,-10.101127185372501,-9.941067554467711,-10.080956725245716,0.1840445154359578,17,-14.086730511314823,-14.619446686181094,-14.972463102427128,-14.013764388972469,-14.161214221837964,-14.370723782146694,0.3676736962788382,30,-0.4019933554817276,-0.3796548592188919,-0.4241691842900302,-0.3766194636938837,-0.42374924653405666,-0.401237221843718,0.02051862708939973,52,0.7292064995654071,-1.4486838595415246,1.2774432461119527,-1.2585729848374345,0.4142842693955326,-0.05726456586121335,1.0955847345099727,59,-13.185116928417651,-11.37444705793774,-13.771825275549068,-11.739374956630353,-12.218725942951012,-12.457898032297166,0.8947174789689234,21,10.080956725245716,14.370723782146694,0.401237221843718,12.457898032297166,-0.05726456586121335,n200__poisson__boostrap_true__samples_1.0
10.13782811164856,0.711686735473967,2.60129656791687,0.5566160855250136,True,poisson,22,1.0,1.0,3,2,200,"{'bootstrap': True, 'criterion': 'poisson', 'max_depth': 22, 'max_features': 1.0, 'max_samples': 1.0, 'min_samples_leaf': 3, 'min_samples_split': 2, 'n_estimators': 200}",-9.9443916862177,-10.11644944411713,-10.384646476852554,-10.050167599798037,-9.9577150650344,-10.090674054403964,0.15987592241251164,20,-14.22534407692038,-14.655754349784337,-14.991019227455775,-13.949373123943644,-14.166762476588653,-14.397650650938559,0.37487476113206936,60,-0.4013893083660526,-0.3760217983651226,-0.4217522658610272,-0.3772220548357939,-0.4231464737793852,-0.3999063802414763,0.020516313569913312,17,0.8039316959797163,-1.331923296976655,1.296529820254269,-1.2199685061350203,0.4978334312234319,0.009280628869148367,1.0804671255047538,4,-13.388900947500245,-11.680873536233893,-13.848385939621629,-11.704245523908767,-12.354526321432866,-12.59538645373948,0.8818336124086245,95,10.090674054403964,14.397650650938559,0.3999063802414763,12.59538645373948,0.009280628869148367,n200__poisson__boostrap_true__samples_1.0
11.35245614051819,0.1876153504166545,1.4491129398345948,0.16703303532881936,True,poisson,22,1.0,1.0,3,4,200,"{'bootstrap': True, 'criterion': 'poisson', 'max_depth': 22, 'max_features': 1.0, 'max_samples': 1.0, 'min_samples_leaf': 3, 'min_samples_split': 4, 'n_estimators': 200}",-9.9443916862177,-10.11644944411713,-10.384646476852554,-10.05016759979804,-9.9577150650344,-10.090674054403964,0.15987592241251147,20,-14.22534407692038,-14.655754349784335,-14.991019227455775,-13.949373123943644,-14.166762476588653,-14.397650650938559,0.3748747611320691,60,-0.4013893083660526,-0.3760217983651226,-0.4217522658610272,-0.3772220548357939,-0.4231464737793852,-0.3999063802414763,0.020516313569913312,17,0.803931695979716,-1.3319232969766543,1.2965298202542694,-1.2199685061350198,0.497833431223433,0.009280628869148854,1.0804671255047538,3,-13.388900947500245,-11.680873536233893,-13.848385939621629,-11.704245523908767,-12.354526321432864,-12.59538645373948,0.8818336124086245,95,10.090674054403964,14.397650650938559,0.3999063802414763,12.59538645373948,0.009280628869148854,n200__poisson__boostrap_true__samples_1.0
10.992715406417847,0.5935100788672815,1.400911521911621,0.2567062549380236,True,poisson,22,1.0,1.0,3,8,200,"{'bootstrap': True, 'criterion': 'poisson', 'max_depth': 22, 'max_features': 1.0, 'max_samples': 1.0, 'min_samples_leaf': 3, 'min_samples_split': 8, 'n_estimators': 200}",-9.87071527939042,-10.078156648724603,-10.361609577398907,-10.101597268915464,-9.9335132051723,-10.069118395920338,0.16996483333567106,5,-14.115716469891014,-14.602255055961095,-14.91407647412959,-14.008345112851941,-14.151226447582134,-14.358323912083154,0.3442662353167571,14,-0.40410752038659015,-0.37571904329397515,-0.42084592145015104,-0.37481169026815303,-0.4252561784207354,-0.40014807076392095,0.021509090609339157,24,0.7611106793216977,-1.4087464037584791,1.2548603368883942,-1.2995467316285496,0.5160957903102313,-0.035245265773341104,1.1034034429927124,45,-13.154699457883343,-11.537091877164832,-13.801333602401643,-11.741963719154047,-12.286251823887685,-12.50426809609831,0.8566806616893966,57,10.069118395920338,14.358323912083154,0.40014807076392095,12.50426809609831,-0.035245265773341104,n200__poisson__boostrap_true__samples_1.0
9.155003833770753,0.4930082064574774,2.453630971908569,0.44804049498773446,True,poisson,22,1.0,1.0,4,2,200,"{'bootstrap': True, 'criterion': 'poisson', 'max_depth': 22, 'max_features': 1.0, 'max_samples': 1.0, 'min_samples_leaf': 4, 'min_samples_split': 2, 'n_estimators': 200}",-9.951142352905245,-10.160694779794975,-10.440582116588887,-10.10219621378595,-9.941630601679481,-10.119249212950908,0.18169846571524093,49,-14.22423988115005,-14.725715237890618,-15.029923446034216,-13.995334651649728,-14.136516801733228,-14.422346003691567,0.391015678446614,88,-0.4074297795228028,-0.3766273085074175,-0.4205438066465257,-0.3772220548357939,-0.4219409282700422,-0.4007527755565164,0.020104417857560588,33,0.8325864358061773,-1.3592634181281211,1.3075988275260753,-1.2903459588359425,0.5060179488925419,-0.000681232947853827,1.111004630448619,18,-13.233849525360826,-11.684536892116403,-13.96784444145852,-11.679924519240844,-12.38046353242785,-12.58932378212089,0.8949862101141278,91,10.119249212950908,14.422346003691567,0.4007527755565164,12.58932378212089,-0.000681232947853827,n200__poisson__boostrap_true__samples_1.0
10.230528640747071,0.17494031217032946,1.7244208335876465,0.23433053441989665,True,poisson,22,1.0,1.0,4,4,200,"{'bootstrap': True, 'criterion': 'poisson', 'max_depth': 22, 'max_features': 1.0, 'max_samples': 1.0, 'min_samples_leaf': 4, 'min_samples_split': 4, 'n_estimators': 200}",-9.951142352905244,-10.160694779794975,-10.440582116588887,-10.102196213785948,-9.941630601679481,-10.119249212950905,0.1816984657152413,48,-14.224239881150051,-14.725715237890618,-15.029923446034216,-13.995334651649728,-14.136516801733228,-14.422346003691567,0.39101567844661383,88,-0.4074297795228028,-0.3766273085074175,-0.4205438066465257,-0.3772220548357939,-0.4219409282700422,-0.4007527755565164,0.020104417857560588,33,0.8325864358061773,-1.3592634181281207,1.3075988275260755,-1.2903459588359425,0.5060179488925417,-0.0006812329478537382,1.1110046304486187,17,-13.233849525360826,-11.684536892116403,-13.96784444145852,-11.679924519240844,-12.380463532427846,-12.589323782120887,0.894986210114128,90,10.119249212950905,14.422346003691567,0.4007527755565164,12.589323782120887,-0.0006812329478537382,n200__poisson__boostrap_true__samples_1.0
10.705047941207885,0.04929928860809754,1.2612123012542724,0.053134581913810854,True,poisson,22,1.0,1.0,4,8,200,"{'bootstrap': True, 'criterion': 'poisson', 'max_depth': 22, 'max_features': 1.0, 'max_samples': 1.0, 'min_samples_leaf': 4, 'min_samples_split': 8, 'n_estimators': 200}",-9.951142352905244,-10.160694779794975,-10.440582116588887,-10.10219621378595,-9.941630601679481,-10.119249212950908,0.1816984657152413,49,-14.224239881150051,-14.725715237890618,-15.029923446034216,-13.995334651649728,-14.136516801733228,-14.422346003691567,0.39101567844661383,88,-0.4074297795228028,-0.3766273085074175,-0.4205438066465257,-0.3772220548357939,-0.4219409282700422,-0.4007527755565164,0.020104417857560588,33,0.8325864358061774,-1.3592634181281222,1.3075988275260755,-1.290345958835943,0.5060179488925419,-0.0006812329478540713,1.1110046304486192,19,-13.23384952536083,-11.684536892116403,-13.96784444145852,-11.679924519240844,-12.38046353242785,-12.58932378212089,0.8949862101141285,91,10.119249212950908,14.422346003691567,0.4007527755565164,12.58932378212089,-0.0006812329478540713,n200__poisson__boostrap_true__samples_1.0
13.634473896026611,0.1288654772373103,2.9233697414398194,0.8450229501742533,True,poisson,24,0.875,1.0,1,2,200,"{'bootstrap': True, 'criterion': 'poisson', 'max_depth': 24, 'max_features': 0.875, 'max_samples': 1.0, 'min_samples_leaf': 1, 'min_samples_split': 2, 'n_estimators': 200}",-9.953757094927093,-10.184499100263512,-10.459084043589241,-10.218367845115283,-10.00165719003545,-10.163473054786117,0.17944723302378293,87,-14.147820178845523,-14.632287635931755,-14.965418812449922,-14.065745311717789,-14.162740667174058,-14.39480252122381,0.3478889938471904,58,-0.4013893083660526,-0.37904934907659704,-0.42205438066465256,-0.380235010545345,-0.4207353827606992,-0.4006926862826693,0.018684043958929263,32,0.6157738900801366,-1.551569419845639,1.2087278293030566,-1.3881548465157478,0.30826546314622333,-0.16139141676639404,1.1080914800034183,82,-13.166184007283272,-11.387606523330765,-13.82264040775716,-11.611520183182192,-12.252264814920057,-12.44804318729469,0.9238906408893877,15,10.163473054786117,14.39480252122381,0.4006926862826693,12.44804318729469,-0.16139141676639404,n200__poisson__boostrap_true__samples_1.0
12.834806776046753,0.10646447378302175,1.3671110630035401,0.17699668042894098,True,poisson,24,0.875,1.0,1,4,200,"{'bootstrap': True, 'criterion': 'poisson', 'max_depth': 24, 'max_features': 0.875, 'max_samples': 1.0, 'min_samples_leaf': 1, 'min_samples_split': 4, 'n_estimators': 200}",-9.941215541723002,-10.204071284094908,-10.467351445262086,-10.180604742166265,-9.954452978465575,-10.149539198342367,0.19308071875505142,71,-14.111099295577333,-14.606790245943131,-14.948864646032739,-14.036488140055546,-14.05086047304149,-14.35082056013005,0.3659028334334825,10,-0.4035034732709151,-0.37904934907659704,-0.42356495468277944,-0.38053630611630007,-0.4252561784207354,-0.40238205231346547,0.019974234654542927,72,0.5928939727708007,-1.5810779803924968,1.1156148017205167,-1.4055264858696752,0.281078809902113,-0.19940337637374833,1.091020503579906,94,-13.053307111709948,-11.37449955356592,-13.673187688128538,-11.529883108728578,-12.034548006308999,-12.333085093688396,0.8908129745108677,1,10.149539198342367,14.35082056013005,0.40238205231346547,12.333085093688396,-0.19940337637374833,n200__poisson__boostrap_true__samples_1.0
12.17700753211975,0.07610407523548826,1.3060629844665528,0.035474460949160395,True,poisson,24,0.875,1.0,1,8,200,"{'bootstrap': True, 'criterion': 'poisson', 'max_depth': 24, 'max_features': 0.875, 'max_samples': 1.0, 'min_samples_leaf': 1, 'min_samples_split': 8, 'n_estimators': 200}",-10.033218252425549,-10.199074828138135,-10.493410541363732,-10.240911408342637,-10.031870802907271,-10.199697166635463,0.16961572141621206,95,-14.248828602098506,-14.621457702605957,-14.988728988329708,-14.09670868441246,-14.121301415731146,-14.415405078635558,0.3426280980982638,80,-0.40320144971307764,-0.37693006357856496,-0.4175226586102719,-0.3793311238324797,-0.42616033755274263,-0.4006291266574274,0.01979445130673165,30,0.6420112920956925,-1.5964050806688657,1.12086804273871,-1.4367916449284803,0.28176628242476565,-0.19771022166763552,1.110436730307953,93,-13.238084277868849,-11.411493243329721,-13.90856082249605,-11.604794874810002,-12.100653411998477,-12.452717326100622,0.965748477449931,18,10.199697166635463,14.415405078635558,0.4006291266574274,12.452717326100622,-0.19771022166763552,n200__poisson__boostrap_true__samples_1.0
9.738053464889527,1.2916570711850994,2.9136672019958496,0.8610908555469953,True,poisson,24,0.875,1.0,2,2,200,"{'bootstrap': True, 'criterion': 'poisson', 'max_depth': 24, 'max_features': 0.875, 'max_samples': 1.0, 'min_samples_leaf': 2, 'min_samples_split': 2, 'n_estimators': 200}",-9.921644635450768,-10.182111662859056,-10.392353199986314,-10.164537504811253,-9.968663544720407,-10.12586210956556,0.16857844775651024,60,-14.13473363879653,-14.60175281734311,-14.93481920560708,-14.053272884333392,-14.13881858369095,-14.372679425954212,0.34111739343250475,38,-0.40652370884929023,-0.37935210414774445,-0.41812688821752264,-0.37782464597770415,-0.4234478601567209,-0.40105504146979654,0.01914921077305695,45,0.7398777931338987,-1.5209702084405703,1.2574624021533378,-1.329512002030967,0.4820993125754992,-0.07420854052176032,1.132648982682984,66,-13.113038915692359,-11.415702403808561,-13.930957240997923,-11.691965567674549,-12.340082263525916,-12.498349278339862,0.924947167861678,46,10.12586210956556,14.372679425954212,0.40105504146979654,12.498349278339862,-0.07420854052176032,n200__poisson__boostrap_true__samples_1.0
11.176517534255982,0.07043625447470625,1.3144661426544189,0.08274399639613962,True,poisson,24,0.875,1.0,2,4,200,"{'bootstrap': True, 'criterion': 'poisson', 'max_depth': 24, 'max_features': 0.875, 'max_samples': 1.0, 'min_samples_leaf': 2, 'min_samples_split': 4, 'n_estimators': 200}",-9.921644635450768,-10.182111662859056,-10.392353199986314,-10.164537504811253,-9.968663544720407,-10.12586210956556,0.16857844775651024,60,-14.134733638796531,-14.60175281734311,-14.934819205607083,-14.053272884333392,-14.13881858369095,-14.372679425954212,0.3411173934325051,38,-0.40652370884929023,-0.37935210414774445,-0.41812688821752264,-0.37782464597770415,-0.4234478601567209,-0.40105504146979654,0.01914921077305695,45,0.7398777931338986,-1.5209702084405703,1.2574624021533376,-1.3295120020309674,0.48209931257549893,-0.07420854052176053,1.132648982682984,67,-13.113038915692359,-11.415702403808561,-13.930957240997923,-11.691965567674549,-12.340082263525916,-12.498349278339862,0.924947167861678,46,10.12586210956556,14.372679425954212,0.40105504146979654,12.498349278339862,-0.07420854052176053,n200__poisson__boostrap_true__samples_1.0
10.53139295578003,0.07994875203194957,1.5102668285369873,0.054925163196629156,True,poisson,24,0.875,1.0,2,8,200,"{'bootstrap': True, 'criterion': 'poisson', 'max_depth': 24, 'max_features': 0.875, 'max_samples': 1.0, 'min_samples_leaf': 2, 'min_samples_split': 8, 'n_estimators': 200}",-9.998056683344577,-10.180022807300524,-10.46386562607174,-10.17556500374702,-9.989199098751277,-10.16134184384303,0.17225973633675903,85,-14.21411342767914,-14.621453604989302,-14.989313032052678,-14.012343520887509,-14.153010868048659,-14.398046890731456,0.3583706100114721,62,-0.4059196617336152,-0.3799576142900394,-0.4217522658610272,-0.3763181681229286,-0.4246534056660639,-0.4017202231347349,0.020316123763646807,65,0.6831287895278546,-1.5463179830340659,1.2437188987646053,-1.3190898684904722,0.39584929766392135,-0.10854217311363135,1.1173530040031807,73,-13.156772730907969,-11.361405193048652,-13.879693688111859,-11.767270205731174,-12.227675862067292,-12.47856353597339,0.9208755621751289,30,10.16134184384303,14.398046890731456,0.4017202231347349,12.47856353597339,-0.10854217311363135,n200__poisson__boostrap_true__samples_1.0
8.775376987457275,1.5551992872029863,2.4349721908569335,0.9575792237092078,True,poisson,24,0.875,1.0,3,2,200,"{'bootstrap': True, 'criterion': 'poisson', 'max_depth': 24, 'max_features': 0.875, 'max_samples': 1.0, 'min_samples_leaf': 3, 'min_samples_split': 2, 'n_estimators': 200}",-9.930458605473577,-10.136700628666201,-10.431721220666798,-10.086175501013761,-9.96199072312684,-10.109409335789435,0.17828358764530766,32,-14.159025553231398,-14.57654447768377,-14.969748081582544,-13.967408367748385,-14.114951051103548,-14.35753550626993,0.366939169477828,12,-0.40561763817577773,-0.37904934907659704,-0.41963746223564957,-0.37842723711961435,-0.4246534056660639,-0.40147701845474054,0.01958767034384355,61,0.7923382249353703,-1.5196054474176337,1.295761602834266,-1.2730849089197491,0.4873219528809825,-0.0434537151373528,1.137082710639596,53,-13.217863107030539,-11.36671940242173,-13.973350664430715,-11.64436611272294,-12.303342604327169,-12.50112837818662,0.9737752972636287,54,10.109409335789435,14.35753550626993,0.40147701845474054,12.50112837818662,-0.0434537151373528,n200__poisson__boostrap_true__samples_1.0
9.3988187789917,0.8878476493280143,1.8515761375427247,0.9848957093443439,True,poisson,24,0.875,1.0,3,4,200,"{'bootstrap': True, 'criterion': 'poisson', 'max_depth': 24, 'max_features': 0.875, 'max_samples': 1.0, 'min_samples_leaf': 3, 'min_samples_split': 4, 'n_estimators': 200}",-9.93045860547358,-10.1367006286662,-10.4317212206668,-10.086175501013761,-9.96199072312684,-10.109409335789437,0.17828358764530752,33,-14.159025553231402,-14.57654447768377,-14.969748081582546,-13.967408367748385,-14.114951051103548,-14.35753550626993,0.3669391694778282,12,-0.40561763817577773,-0.37904934907659704,-0.41963746223564957,-0.37842723711961435,-0.4246534056660639,-0.40147701845474054,0.01958767034384355,61,0.7923382249353694,-1.5196054474176333,1.2957616028342653,-1.2730849089197493,0.4873219528809825,-0.04345371513735306,1.1370827106395955,54,-13.217863107030539,-11.36671940242173,-13.973350664430715,-11.64436611272294,-12.303342604327169,-12.50112837818662,0.9737752972636287,54,10.109409335789437,14.35753550626993,0.40147701845474054,12.50112837818662,-0.04345371513735306,n200__poisson__boostrap_true__samples_1.0
9.74490065574646,0.1511886813672991,1.3212129116058349,0.10441874559653033,True,poisson,24,0.875,1.0,3,8,200,"{'bootstrap': True, 'criterion': 'poisson', 'max_depth': 24, 'max_features': 0.875, 'max_samples': 1.0, 'min_samples_leaf': 3, 'min_samples_split': 8, 'n_estimators': 200}",-9.973299316861198,-10.192684373392835,-10.468827811663118,-10.134132089803945,-9.965301093045479,-10.146848936953315,0.18385433987595456,69,-14.193642989159303,-14.605085521511633,-15.013974205457586,-13.988877435054446,-14.144155350786434,-14.389147100393881,0.3729603015907729,55,-0.40682573240712777,-0.3763245534362701,-0.4217522658610272,-0.37902982826152454,-0.42646172393007836,-0.4020788207792056,0.020969701571110194,69,0.7795945077570268,-1.4423254489028996,1.3109114756752616,-1.2932910068850736,0.5244417186869474,-0.024133750733747482,1.1270570304382734,37,-13.21560187576501,-11.626080260494874,-13.965235329903306,-11.662460872101644,-12.298574787748477,-12.553590625202663,0.9110895081203833,80,10.146848936953315,14.389147100393881,0.4020788207792056,12.553590625202663,-0.024133750733747482,n200__poisson__boostrap_true__samples_1.0
8.769792604446412,1.1440748372505112,2.1125107765197755,1.1155466052775547,True,poisson,24,0.875,1.0,4,2,200,"{'bootstrap': True, 'criterion': 'poisson', 'max_depth': 24, 'max_features': 0.875, 'max_samples': 1.0, 'min_samples_leaf': 4, 'min_samples_split': 2, 'n_estimators': 200}",-9.937827944449946,-10.220374002515177,-10.46689577203278,-10.148442983588485,-9.976833329993744,-10.150074806516027,0.18993762325546784,72,-14.195319245429635,-14.65666018373109,-15.028277187735316,-14.02703742004882,-14.150190628726042,-14.41149693313418,0.37505887444390357,71,-0.40320144971307764,-0.38086587950348166,-0.4229607250755287,-0.3796324194034348,-0.42917420132610007,-0.4031669350043246,0.020588267140291227,83,0.8361218055175755,-1.4770879712634255,1.3518540376501482,-1.2544005013649002,0.560942257291902,0.0034859255662599955,1.1486090686634038,9,-13.360504727394181,-11.478169221472392,-13.971450667875173,-11.714018650198444,-12.276804564120003,-12.560189566212037,0.9590873327527516,81,10.150074806516027,14.41149693313418,0.4031669350043246,12.560189566212037,0.0034859255662599955,n200__poisson__boostrap_true__samples_1.0
8.18062882423401,1.1442168326157005,2.7408377647399904,0.4418884339807028,True,poisson,24,0.875,1.0,4,4,200,"{'bootstrap': True, 'criterion': 'poisson', 'max_depth': 24, 'max_features': 0.875, 'max_samples': 1.0, 'min_samples_leaf': 4, 'min_samples_split': 4, 'n_estimators': 200}",-9.937827944449946,-10.220374002515177,-10.46689577203278,-10.148442983588485,-9.976833329993744,-10.150074806516027,0.18993762325546784,72,-14.195319245429634,-14.65666018373109,-15.028277187735315,-14.02703742004882,-14.150190628726042,-14.41149693313418,0.3750588744439032,71,-0.40320144971307764,-0.38086587950348166,-0.4229607250755287,-0.3796324194034348,-0.42917420132610007,-0.4031669350043246,0.020588267140291227,83,0.836121805517576,-1.4770879712634255,1.3518540376501478,-1.2544005013648996,0.560942257291902,0.0034859255662601286,1.1486090686634036,8,-13.360504727394183,-11.478169221472392,-13.971450667875173,-11.714018650198444,-12.276804564120004,-12.560189566212038,0.9590873327527517,82,10.150074806516027,14.41149693313418,0.4031669350043246,12.560189566212038,0.0034859255662601286,n200__poisson__boostrap_true__samples_1.0
9.47123875617981,0.2602920416409024,2.2327066898345946,0.015180975269138997,True,poisson,24,0.875,1.0,4,8,200,"{'bootstrap': True, 'criterion': 'poisson', 'max_depth': 24, 'max_features': 0.875, 'max_samples': 1.0, 'min_samples_leaf': 4, 'min_samples_split': 8, 'n_estimators': 200}",-9.937827944449946,-10.220374002515177,-10.46689577203278,-10.148442983588485,-9.976833329993744,-10.150074806516027,0.18993762325546784,72,-14.195319245429634,-14.65666018373109,-15.028277187735316,-14.02703742004882,-14.150190628726046,-14.41149693313418,0.3750588744439033,71,-0.40320144971307764,-0.38086587950348166,-0.4229607250755287,-0.3796324194034348,-0.42917420132610007,-0.4031669350043246,0.020588267140291227,83,0.8361218055175755,-1.4770879712634255,1.3518540376501482,-1.2544005013649,0.5609422572919014,0.0034859255662599287,1.1486090686634036,10,-13.360504727394183,-11.478169221472392,-13.971450667875173,-11.714018650198444,-12.276804564120004,-12.560189566212038,0.9590873327527517,82,10.150074806516027,14.41149693313418,0.4031669350043246,12.560189566212038,0.0034859255662599287,n200__poisson__boostrap_true__samples_1.0
14.961175680160522,0.27182441868189344,3.2833887100219727,0.12106517539812185,True,poisson,24,1.0,1.0,1,2,200,"{'bootstrap': True, 'criterion': 'poisson', 'max_depth': 24, 'max_features': 1.0, 'max_samples': 1.0, 'min_samples_leaf': 1, 'min_samples_split': 2, 'n_estimators': 200}",-9.943268291774885,-10.126116551772347,-10.386394047208709,-10.18184343454547,-9.939431608140014,-10.115410786688285,0.1664701459284314,39,-14.11047988900645,-14.670878533239861,-14.899827447079414,-14.052640980401476,-14.122475727098154,-14.371260515365071,0.3465754670932608,32,-0.4019933554817276,-0.3760217983651226,-0.4214501510574018,-0.377523350406749,-0.41892706449668476,-0.39918314396153715,0.019489145073944697,7,0.5943156054181349,-1.4714391791025339,1.120734941775787,-1.3566570944790148,0.2739598369726471,-0.16781717788299594,1.0534847454680962,83,-13.106664268822724,-11.508212303513845,-13.651826865067628,-11.68826554775761,-12.189939861468998,-12.42898176932616,0.8256175460928563,7,10.115410786688285,14.371260515365071,0.39918314396153715,12.42898176932616,-0.16781717788299594,n200__poisson__boostrap_true__samples_1.0
13.44162096977234,0.15719910781520327,2.4750881671905516,0.2544379482727082,True,poisson,24,1.0,1.0,1,4,200,"{'bootstrap': True, 'criterion': 'poisson', 'max_depth': 24, 'max_features': 1.0, 'max_samples': 1.0, 'min_samples_leaf': 1, 'min_samples_split': 4, 'n_estimators': 200}",-9.872924593329662,-10.12485661287039,-10.426105520436476,-10.152373492926968,-10.016212113779442,-10.118494466668588,0.18252619983385143,46,-14.04571126256368,-14.67430406206037,-14.91994666262576,-14.039571348978578,-14.203269405720095,-14.376560548389696,0.35692365000279686,41,-0.4035034732709151,-0.3799576142900394,-0.41933534743202416,-0.3772220548357939,-0.4192284508740205,-0.3998493881405586,0.018310007643259525,16,0.5642703062923883,-1.4229153362988407,1.1414251950710097,-1.4037158676506076,0.2692281933246697,-0.17034150185227617,1.0529730699015203,84,-12.933215685871485,-11.451200014548139,-13.792696926631761,-11.596164000915431,-12.26710673579132,-12.408076672751628,0.8703599116899908,3,10.118494466668588,14.376560548389696,0.3998493881405586,12.408076672751628,-0.17034150185227617,n200__poisson__boostrap_true__samples_1.0
11.82065110206604,0.0242942131145336,2.198919725418091,0.04696153885908873,True,poisson,24,1.0,1.0,1,8,200,"{'bootstrap': True, 'criterion': 'poisson', 'max_depth': 24, 'max_features': 1.0, 'max_samples': 1.0, 'min_samples_leaf': 1, 'min_samples_split': 8, 'n_estimators': 200}",-9.94150540385955,-10.13425157119544,-10.424108190728036,-10.192525213005887,-9.95267940702421,-10.129013957162623,0.1774232510340356,62,-14.09498776461426,-14.642332507154865,-14.974244486205242,-14.050713049479011,-14.086770146873507,-14.369809590865376,0.3733821764282297,29,-0.3983690727876774,-0.37693006357856496,-0.41963746223564957,-0.37420909912624284,-0.42254370102471367,-0.39833787975056967,0.020396507633765763,3,0.6006772074064123,-1.517489832591215,1.176408759756905,-1.4621194899320982,0.2843452360411697,-0.18363562386376525,1.1043153058694328,88,-13.231678023465355,-11.430186354461748,-13.82207023257925,-11.66514355671574,-12.113569103313456,-12.452529454107111,0.9233385642595603,17,10.129013957162623,14.369809590865376,0.39833787975056967,12.452529454107111,-0.18363562386376525,n200__poisson__boostrap_true__samples_1.0
11.439721632003785,0.47017979266166315,3.086196947097778,0.4610454789220158,True,poisson,24,1.0,1.0,2,2,200,"{'bootstrap': True, 'criterion': 'poisson', 'max_depth': 24, 'max_features': 1.0, 'max_samples': 1.0, 'min_samples_leaf': 2, 'min_samples_split': 2, 'n_estimators': 200}",-9.868730879477333,-10.10725516755799,-10.356234280056933,-10.095135989872766,-9.924110576028307,-10.070293378598665,0.17072924829924013,6,-14.076629969718839,-14.621535297190484,-14.934701519226412,-13.978444278913743,-14.11672338244825,-14.345606889499544,0.36951687234303354,8,-0.40410752038659015,-0.3787465940054496,-0.42114803625377645,-0.3814401928291654,-0.41983122362869196,-0.40105471342073473,0.018154890241016894,43,0.7615835758981446,-1.3790715510582083,1.252668910422625,-1.2730316203887841,0.4382527713508705,-0.03991958275507048,1.0821953999001308,49,-13.152829283164502,-11.522458227537483,-13.78244962714754,-11.564203950362296,-12.341106097129977,-12.47260943706836,0.8858511545666511,26,10.070293378598665,14.345606889499544,0.40105471342073473,12.47260943706836,-0.03991958275507048,n200__poisson__boostrap_true__samples_1.0
11.784009408950805,0.23489269886117878,2.508946990966797,0.2828376310354559,True,poisson,24,1.0,1.0,2,4,200,"{'bootstrap': True, 'criterion': 'poisson', 'max_depth': 24, 'max_features': 1.0, 'max_samples': 1.0, 'min_samples_leaf': 2, 'min_samples_split': 4, 'n_estimators': 200}",-9.868730879477333,-10.107255167557991,-10.356234280056935,-10.095135989872764,-9.924110576028307,-10.070293378598667,0.17072924829924074,7,-14.076629969718839,-14.621535297190482,-14.934701519226412,-13.978444278913743,-14.11672338244825,-14.345606889499544,0.36951687234303326,8,-0.40410752038659015,-0.3787465940054496,-0.42114803625377645,-0.3814401928291654,-0.41983122362869196,-0.40105471342073473,0.018154890241016894,43,0.7615835758981452,-1.3790715510582081,1.2526689104226245,-1.273031620388785,0.43825277135087104,-0.03991958275507048,1.082195399900131,49,-13.1528292831645,-11.522458227537483,-13.782449627147537,-11.564203950362296,-12.341106097129977,-12.47260943706836,0.8858511545666498,26,10.070293378598667,14.345606889499544,0.40105471342073473,12.47260943706836,-0.03991958275507048,n200__poisson__boostrap_true__samples_1.0
11.191744947433472,0.20112366384937044,1.9344854831695557,0.09279433564708167,True,poisson,24,1.0,1.0,2,8,200,"{'bootstrap': True, 'criterion': 'poisson', 'max_depth': 24, 'max_features': 1.0, 'max_samples': 1.0, 'min_samples_leaf': 2, 'min_samples_split': 8, 'n_estimators': 200}",-9.90385929217759,-10.136943437591409,-10.385898352378156,-10.101859389100143,-9.953994476511093,-10.096510989551678,0.16901719852502803,24,-14.116866301111916,-14.685702717528706,-14.971898888756353,-14.001599092475256,-14.170065550073602,-14.389226509989166,0.3741314921667286,56,-0.4022953790395651,-0.3799576142900394,-0.4202416918429003,-0.3820427839710756,-0.4219409282700422,-0.4012956794827245,0.01795641441265975,56,0.7244287256000719,-1.4520852436875102,1.1954704434879515,-1.27374876972811,0.42431555753105177,-0.07632385735930902,1.0803565225793363,68,-13.209557667740928,-11.428719766718958,-13.779414347346087,-11.553824584264897,-12.298297390339945,-12.453962751282162,0.9179705020316584,20,10.096510989551678,14.389226509989166,0.4012956794827245,12.453962751282162,-0.07632385735930902,n200__poisson__boostrap_true__samples_1.0
10.019517755508422,0.666001205921868,2.7767645835876467,0.5445824426250491,True,poisson,24,1.0,1.0,3,2,200,"{'bootstrap': True, 'criterion': 'poisson', 'max_depth': 24, 'max_features': 1.0, 'max_samples': 1.0, 'min_samples_leaf': 3, 'min_samples_split': 2, 'n_estimators': 200}",-9.860341137365333,-10.076232374323794,-10.403059522917452,-10.061255145445354,-9.954796591603301,-10.071136954331047,0.1834481733016815,8,-14.125630904078834,-14.616846156895935,-14.961198698772368,-13.985794509465135,-14.169458661545898,-14.371785786151637,0.36276160873801494,34,-0.40380549682875266,-0.3763245534362701,-0.4205438066465257,-0.3793311238324797,-0.4267631103074141,-0.4013536182102884,0.02064636370741585,57,0.7635483918136111,-1.384923256051615,1.3138858962453086,-1.2260050459407552,0.5093485102929942,-0.00482910072809124,1.094506500363225,20,-13.154711380370786,-11.547624303158894,-13.930707376949977,-11.645828069998316,-12.259898816416635,-12.507753989378923,0.9131864760917321,58,10.071136954331047,14.371785786151637,0.4013536182102884,12.507753989378923,-0.00482910072809124,n200__poisson__boostrap_true__samples_1.0
9.834014940261842,0.08817643353435256,2.679159927368164,0.207664074300899,True,poisson,24,1.0,1.0,3,4,200,"{'bootstrap': True, 'criterion': 'poisson', 'max_depth': 24, 'max_features': 1.0, 'max_samples': 1.0, 'min_samples_leaf': 3, 'min_samples_split': 4, 'n_estimators': 200}",-9.860341137365333,-10.076232374323794,-10.40305952291745,-10.061255145445354,-9.954796591603301,-10.071136954331047,0.18344817330168084,8,-14.125630904078834,-14.616846156895933,-14.96119869877237,-13.985794509465135,-14.169458661545898,-14.371785786151634,0.3627616087380153,33,-0.40380549682875266,-0.3763245534362701,-0.4205438066465257,-0.3793311238324797,-0.4267631103074141,-0.4013536182102884,0.02064636370741585,57,0.7635483918136106,-1.3849232560516147,1.3138858962453077,-1.226005045940755,0.509348510292995,-0.0048291007280912845,1.0945065003632248,21,-13.15471138037079,-11.547624303158894,-13.930707376949979,-11.645828069998318,-12.259898816416635,-12.507753989378923,0.9131864760917328,58,10.071136954331047,14.371785786151634,0.4013536182102884,12.507753989378923,-0.0048291007280912845,n200__poisson__boostrap_true__samples_1.0
10.362525701522827,0.03566090473689276,1.7866257667541503,0.08668704784739928,True,poisson,24,1.0,1.0,3,8,200,"{'bootstrap': True, 'criterion': 'poisson', 'max_depth': 24, 'max_features': 1.0, 'max_samples': 1.0, 'min_samples_leaf': 3, 'min_samples_split': 8, 'n_estimators': 200}",-9.918159494700545,-10.067479476743125,-10.384764497047037,-10.10562315437597,-9.939927643314025,-10.083190853236141,0.16700683503641828,18,-14.141381051296468,-14.627375920551035,-14.96987514935475,-14.008169140937232,-14.171267643470406,-14.383613781121976,0.3599579497438294,51,-0.4059196617336152,-0.37541628822282774,-0.41842900302114805,-0.380235010545345,-0.4243520192887282,-0.40087039656233286,0.01979351981250227,38,0.7885221825297863,-1.3703386341156107,1.2786593406234201,-1.2854794972079473,0.45568824310678624,-0.026589673012713068,1.0946359370081018,40,-13.188178211796737,-11.583329114193017,-13.937159892667587,-11.598279238566032,-12.248811616173384,-12.511151614679353,0.9224833293226411,60,10.083190853236141,14.383613781121976,0.40087039656233286,12.511151614679353,-0.026589673012713068,n200__poisson__boostrap_true__samples_1.0
9.3505108833313,0.7431189819335726,2.4142356395721434,0.6455104927181449,True,poisson,24,1.0,1.0,4,2,200,"{'bootstrap': True, 'criterion': 'poisson', 'max_depth': 24, 'max_features': 1.0, 'max_samples': 1.0, 'min_samples_leaf': 4, 'min_samples_split': 2, 'n_estimators': 200}",-9.960841172878455,-10.16214732621405,-10.438855805815939,-10.106950698102136,-9.940044325581193,-10.121767865718356,0.1796194068299914,57,-14.204220082113752,-14.725697099759099,-14.997858253261562,-14.006350715475067,-14.129704610086046,-14.412766152139104,0.38185006268050675,74,-0.4077318030806403,-0.37541628822282774,-0.41963746223564957,-0.38234407954203076,-0.4252561784207354,-0.40207716230037677,0.019888703558578493,66,0.855876774953129,-1.3862932324466621,1.2953207626605296,-1.3190516030064305,0.5114771199242234,-0.008534035583042133,1.1254627213012602,27,-13.264501157507546,-11.688163738594223,-13.981326292893124,-11.492134395832407,-12.288500409704808,-12.542925198906422,0.9475420845992576,71,10.121767865718356,14.412766152139104,0.40207716230037677,12.542925198906422,-0.008534035583042133,n200__poisson__boostrap_true__samples_1.0
8.782847213745118,0.2651933680809741,2.765340280532837,0.2392920865661634,True,poisson,24,1.0,1.0,4,4,200,"{'bootstrap': True, 'criterion': 'poisson', 'max_depth': 24, 'max_features': 1.0, 'max_samples': 1.0, 'min_samples_leaf': 4, 'min_samples_split': 4, 'n_estimators': 200}",-9.960841172878457,-10.162147326214045,-10.438855805815939,-10.106950698102136,-9.94004432558119,-10.121767865718352,0.1796194068299912,56,-14.204220082113752,-14.725697099759099,-14.997858253261564,-14.006350715475067,-14.129704610086048,-14.412766152139104,0.38185006268050703,74,-0.4077318030806403,-0.37541628822282774,-0.41963746223564957,-0.38234407954203076,-0.4252561784207354,-0.40207716230037677,0.019888703558578493,66,0.855876774953129,-1.3862932324466621,1.2953207626605299,-1.3190516030064312,0.5114771199242234,-0.008534035583042221,1.1254627213012602,28,-13.264501157507548,-11.688163738594223,-13.98132629289313,-11.492134395832407,-12.28850040970481,-12.542925198906424,0.9475420845992594,72,10.121767865718352,14.412766152139104,0.40207716230037677,12.542925198906424,-0.008534035583042221,n200__poisson__boostrap_true__samples_1.0
9.762842082977295,0.31090019805999536,2.5730777740478517,0.049925452850072376,True,poisson,24,1.0,1.0,4,8,200,"{'bootstrap': True, 'criterion': 'poisson', 'max_depth': 24, 'max_features': 1.0, 'max_samples': 1.0, 'min_samples_leaf': 4, 'min_samples_split': 8, 'n_estimators': 200}",-9.960841172878455,-10.16214732621405,-10.438855805815939,-10.106950698102136,-9.940044325581193,-10.121767865718356,0.1796194068299914,57,-14.204220082113752,-14.725697099759099,-14.997858253261562,-14.006350715475067,-14.129704610086048,-14.412766152139104,0.3818500626805065,74,-0.4077318030806403,-0.37541628822282774,-0.41963746223564957,-0.38234407954203076,-0.4252561784207354,-0.40207716230037677,0.019888703558578493,66,0.855876774953129,-1.3862932324466626,1.2953207626605305,-1.3190516030064312,0.511477119924224,-0.008534035583042065,1.1254627213012607,26,-13.264501157507548,-11.688163738594223,-13.98132629289313,-11.492134395832407,-12.28850040970481,-12.542925198906424,0.9475420845992594,72,10.121767865718356,14.412766152139104,0.40207716230037677,12.542925198906424,-0.008534035583042065,n200__poisson__boostrap_true__samples_1.0
13.953450918197632,0.3104364524168118,3.2835531711578367,0.12991535099619927,True,poisson,26,0.875,1.0,1,2,200,"{'bootstrap': True, 'criterion': 'poisson', 'max_depth': 26, 'max_features': 0.875, 'max_samples': 1.0, 'min_samples_leaf': 1, 'min_samples_split': 2, 'n_estimators': 200}",-9.992860358227972,-10.165770265838706,-10.488410397459763,-10.19579756536758,-10.009685015663738,-10.17050472051155,0.17840776856198742,92,-14.191765891815534,-14.613443416460145,-15.012718952429301,-14.044992154803952,-14.174713145584578,-14.407526712218703,0.3580071313386482,69,-0.40380549682875266,-0.3729942476536482,-0.42084592145015104,-0.3766194636938837,-0.4243520192887282,-0.39972342978303277,0.02152966684827076,11,0.567886968248449,-1.5698369680181201,1.1686103269448802,-1.4364979066621704,0.36857799518652123,-0.18025191686008804,1.112605592096929,87,-13.076527448752216,-11.52287649460284,-13.84951134162935,-11.628846226897304,-12.228365294744732,-12.461225361325289,0.886962462747892,23,10.17050472051155,14.407526712218703,0.39972342978303277,12.461225361325289,-0.18025191686008804,n200__poisson__boostrap_true__samples_1.0
12.64601435661316,0.2370847671710263,2.9153131008148194,0.372042015122618,True,poisson,26,0.875,1.0,1,4,200,"{'bootstrap': True, 'criterion': 'poisson', 'max_depth': 26, 'max_features': 0.875, 'max_samples': 1.0, 'min_samples_leaf': 1, 'min_samples_split': 4, 'n_estimators': 200}",-9.989420195899067,-10.199490987488037,-10.447063814208034,-10.149901726440847,-9.978878368106628,-10.152951018428523,0.17071685391324226,75,-14.15054582988017,-14.59827143050618,-14.948629326797876,-14.01763529842947,-14.085699475368553,-14.360156272196448,0.35765431716453183,19,-0.39867109634551495,-0.37541628822282774,-0.4205438066465257,-0.37812594154865925,-0.4204339963833635,-0.39863822582937825,0.019569994164868494,4,0.564044573211894,-1.5967501293901059,1.139836745590031,-1.4429955289949228,0.27634224641471683,-0.21190441863367743,1.1046328605962132,95,-13.235803731259997,-11.457602038023174,-13.776092260392096,-11.513235724829888,-12.195993548022157,-12.435745460505462,0.9275659035852989,11,10.152951018428523,14.360156272196448,0.39863822582937825,12.435745460505462,-0.21190441863367743,n200__poisson__boostrap_true__samples_1.0
11.540765523910522,0.16510607912891798,2.260339307785034,0.13805858707345223,True,poisson,26,0.875,1.0,1,8,200,"{'bootstrap': True, 'criterion': 'poisson', 'max_depth': 26, 'max_features': 0.875, 'max_samples': 1.0, 'min_samples_leaf': 1, 'min_samples_split': 8, 'n_estimators': 200}",-9.964333444358326,-10.233773644575434,-10.478331883718349,-10.232199885284546,-10.056518232835877,-10.193031418154506,0.1763684021962626,94,-14.13433134805635,-14.633089807145447,-14.986683819056285,-14.084773349091117,-14.167818550813445,-14.401339374832528,0.3528103432520129,63,-0.4025974025974026,-0.37935210414774445,-0.41842900302114805,-0.3808376016872552,-0.4228450874020494,-0.4008122397711199,0.018212672050013336,36,0.605077993701153,-1.6159326008332597,1.149924514576299,-1.4928102365195048,0.2571322463543115,-0.21932161654420018,1.1272775589956114,96,-13.126527108557742,-11.358630872897205,-13.895136706987465,-11.473905951048724,-12.195542512456536,-12.409948630389534,0.9743390833191334,4,10.193031418154506,14.401339374832528,0.4008122397711199,12.409948630389534,-0.21932161654420018,n200__poisson__boostrap_true__samples_1.0
12.126356077194213,0.3484822420939983,3.5942198276519775,0.46491729364509515,True,poisson,26,0.875,1.0,2,2,200,"{'bootstrap': True, 'criterion': 'poisson', 'max_depth': 26, 'max_features': 0.875, 'max_samples': 1.0, 'min_samples_leaf': 2, 'min_samples_split': 2, 'n_estimators': 200}",-9.891719753490639,-10.14372228355577,-10.387242767598783,-10.077310085232636,-9.961714492882143,-10.092341876551995,0.17154893537437568,22,-14.0961432596144,-14.562454557124308,-14.932988863106093,-13.935114109382555,-14.146763196880253,-14.334692797221521,0.3637911890299381,3,-0.40410752038659015,-0.3781410838631547,-0.4217522658610272,-0.3811388972582103,-0.4231464737793852,-0.4016572482296735,0.019212564092671396,63,0.7299080883041754,-1.5286484180167836,1.278051159594102,-1.2672352803075497,0.4390965369108404,-0.06976558270304312,1.1204732403364812,63,-13.142081384223705,-11.391348670086177,-13.82955691225231,-11.557564536579587,-12.289847221101539,-12.442079744848664,0.9300185881595513,13,10.092341876551995,14.334692797221521,0.4016572482296735,12.442079744848664,-0.06976558270304312,n200__poisson__boostrap_true__samples_1.0
12.720079278945922,0.41348411534508683,2.273783731460571,0.5489988779721549,True,poisson,26,0.875,1.0,2,4,200,"{'bootstrap': True, 'criterion': 'poisson', 'max_depth': 26, 'max_features': 0.875, 'max_samples': 1.0, 'min_samples_leaf': 2, 'min_samples_split': 4, 'n_estimators': 200}",-9.891719753490639,-10.14372228355577,-10.387242767598783,-10.077310085232636,-9.961714492882143,-10.092341876551995,0.17154893537437568,22,-14.0961432596144,-14.562454557124308,-14.932988863106093,-13.935114109382555,-14.146763196880253,-14.334692797221521,0.3637911890299381,3,-0.40410752038659015,-0.3781410838631547,-0.4217522658610272,-0.3811388972582103,-0.4231464737793852,-0.4016572482296735,0.019212564092671396,63,0.729908088304175,-1.528648418016784,1.278051159594102,-1.2672352803075502,0.43909653691084116,-0.06976558270304323,1.1204732403364814,64,-13.142081384223701,-11.391348670086177,-13.82955691225231,-11.557564536579587,-12.289847221101539,-12.442079744848664,0.9300185881595507,13,10.092341876551995,14.334692797221521,0.4016572482296735,12.442079744848664,-0.06976558270304323,n200__poisson__boostrap_true__samples_1.0
12.038196802139282,0.15366913212751543,1.6929876327514648,0.05670762625015589,True,poisson,26,0.875,1.0,2,8,200,"{'bootstrap': True, 'criterion': 'poisson', 'max_depth': 26, 'max_features': 0.875, 'max_samples': 1.0, 'min_samples_leaf': 2, 'min_samples_split': 8, 'n_estimators': 200}",-9.998194172296122,-10.217444567610427,-10.438826234933618,-10.174688825149259,-9.992272237049717,-10.16428520740783,0.16460961244719247,88,-14.218200133260233,-14.66120027745059,-14.954237107189998,-14.042603160112971,-14.148233411240996,-14.404894817850955,0.34625270183517964,65,-0.40652370884929023,-0.37723281864971236,-0.4214501510574018,-0.37812594154865925,-0.4207353827606992,-0.4008136005731526,0.019627190864078086,37,0.6876795296309663,-1.5257904970156855,1.2248263661320895,-1.2998557250087333,0.40669012027633056,-0.10129004119700646,1.1049762713261382,72,-13.142989534576744,-11.520278248464857,-13.837523336748205,-11.73528727464797,-12.358079191120282,-12.518831517111613,0.8678033033443855,65,10.16428520740783,14.404894817850955,0.4008136005731526,12.518831517111613,-0.10129004119700646,n200__poisson__boostrap_true__samples_1.0
10.025922203063965,1.275764858370369,3.0007068634033205,0.8497661210697965,True,poisson,26,0.875,1.0,3,2,200,"{'bootstrap': True, 'criterion': 'poisson', 'max_depth': 26, 'max_features': 0.875, 'max_samples': 1.0, 'min_samples_leaf': 3, 'min_samples_split': 2, 'n_estimators': 200}",-9.937234747688185,-10.144588037097991,-10.429385595809604,-10.082313501270773,-9.95977947066699,-10.11066027050671,0.17685128972477168,37,-14.151514241996098,-14.610803119644014,-14.993897731919128,-13.952778459952517,-14.11816852774842,-14.365432416252037,0.382716380251533,25,-0.40712775596496525,-0.3787465940054496,-0.41933534743202416,-0.380235010545345,-0.42917420132610007,-0.40292378185477673,0.020373581723738248,78,0.8046883853107362,-1.4884203913003375,1.3252541315336983,-1.2506955742835677,0.4805557469950118,-0.025723540348891794,1.1323499383761026,39,-13.192324737892964,-11.4273867842005,-14.0157988103409,-11.613367630614315,-12.163283796419423,-12.48243235189362,0.9823859054092172,34,10.11066027050671,14.365432416252037,0.40292378185477673,12.48243235189362,-0.025723540348891794,n200__poisson__boostrap_true__samples_1.0
9.999697017669678,0.6391385447041449,2.6443318843841555,0.5774754485838215,True,poisson,26,0.875,1.0,3,4,200,"{'bootstrap': True, 'criterion': 'poisson', 'max_depth': 26, 'max_features': 0.875, 'max_samples': 1.0, 'min_samples_leaf': 3, 'min_samples_split': 4, 'n_estimators': 200}",-9.937234747688185,-10.144588037097991,-10.429385595809608,-10.08231350127077,-9.95977947066699,-10.110660270506708,0.17685128972477307,36,-14.151514241996097,-14.610803119644014,-14.993897731919127,-13.952778459952514,-14.11816852774842,-14.365432416252034,0.3827163802515333,24,-0.40712775596496525,-0.3787465940054496,-0.41933534743202416,-0.380235010545345,-0.42917420132610007,-0.40292378185477673,0.020373581723738248,78,0.8046883853107364,-1.4884203913003367,1.3252541315336983,-1.2506955742835677,0.48055574699501097,-0.025723540348891738,1.1323499383761024,38,-13.192324737892964,-11.4273867842005,-14.0157988103409,-11.613367630614315,-12.163283796419423,-12.48243235189362,0.9823859054092172,34,10.110660270506708,14.365432416252034,0.40292378185477673,12.48243235189362,-0.025723540348891738,n200__poisson__boostrap_true__samples_1.0
10.756180477142333,0.14429707673517098,1.7478342056274414,0.059664154678597245,True,poisson,26,0.875,1.0,3,8,200,"{'bootstrap': True, 'criterion': 'poisson', 'max_depth': 26, 'max_features': 0.875, 'max_samples': 1.0, 'min_samples_leaf': 3, 'min_samples_split': 8, 'n_estimators': 200}",-9.967103219714263,-10.164991234804928,-10.455951309706881,-10.121143109523958,-9.974106718617058,-10.136659118473418,0.17785580914622678,65,-14.193040422986575,-14.59146233318957,-15.018233548687514,-13.985315873274377,-14.148445609927204,-14.387299557613048,0.3731323738861834,53,-0.4089398973119903,-0.37753557372085983,-0.4205438066465257,-0.3796324194034348,-0.4255575647980711,-0.40244185237617636,0.02022292978853302,74,0.7901972330838901,-1.4567106632211562,1.300477385540689,-1.2952742455538233,0.5020473476718693,-0.0318525884957062,1.1280401612840214,44,-13.152666838705569,-11.5330596342988,-13.977650496145637,-11.624229666474951,-12.30873909063267,-12.519269145251526,0.9323193202619702,66,10.136659118473418,14.387299557613048,0.40244185237617636,12.519269145251526,-0.0318525884957062,n200__poisson__boostrap_true__samples_1.0
9.370309257507325,1.262632467584267,2.5030160427093504,0.8318831882855986,True,poisson,26,0.875,1.0,4,2,200,"{'bootstrap': True, 'criterion': 'poisson', 'max_depth': 26, 'max_features': 0.875, 'max_samples': 1.0, 'min_samples_leaf': 4, 'min_samples_split': 2, 'n_estimators': 200}",-9.953642320026324,-10.209779608736827,-10.487278929139222,-10.144685005794981,-9.976309340115872,-10.154339040762645,0.1928676096535429,79,-14.215909170386038,-14.63272326928057,-15.053873822960313,-14.020400818496288,-14.157193490612155,-14.416020114347074,0.37877905149209584,82,-0.40682573240712777,-0.3802603693611868,-0.42084592145015104,-0.3817414884001205,-0.4279686558167571,-0.4035284334870687,0.019617165042034854,91,0.8277731988367476,-1.4954157133000003,1.3784758282254352,-1.2408267547941099,0.539607526346949,0.001922817063004323,1.1534713750305758,16,-13.250655821438615,-11.45841717620535,-14.097504754801513,-11.662156880454576,-12.285849353142128,-12.550916797208435,0.9935068569493204,77,10.154339040762645,14.416020114347074,0.4035284334870687,12.550916797208435,0.001922817063004323,n200__poisson__boostrap_true__samples_1.0
8.566111135482789,0.8632556582014428,3.225988531112671,0.3078441842598807,True,poisson,26,0.875,1.0,4,4,200,"{'bootstrap': True, 'criterion': 'poisson', 'max_depth': 26, 'max_features': 0.875, 'max_samples': 1.0, 'min_samples_leaf': 4, 'min_samples_split': 4, 'n_estimators': 200}",-9.953642320026324,-10.209779608736827,-10.487278929139222,-10.144685005794981,-9.976309340115872,-10.154339040762645,0.1928676096535429,79,-14.215909170386038,-14.632723269280572,-15.053873822960313,-14.02040081849629,-14.157193490612155,-14.416020114347074,0.37877905149209573,82,-0.40682573240712777,-0.3802603693611868,-0.42084592145015104,-0.3817414884001205,-0.4279686558167571,-0.4035284334870687,0.019617165042034854,91,0.8277731988367474,-1.495415713299999,1.3784758282254352,-1.2408267547941092,0.5396075263469504,0.0019228170630049668,1.1534713750305754,14,-13.250655821438615,-11.45841717620535,-14.097504754801514,-11.662156880454575,-12.285849353142128,-12.550916797208435,0.9935068569493213,77,10.154339040762645,14.416020114347074,0.4035284334870687,12.550916797208435,0.0019228170630049668,n200__poisson__boostrap_true__samples_1.0
10.54309015274048,0.16625773368412985,2.5868160724639893,0.0660548929060165,True,poisson,26,0.875,1.0,4,8,200,"{'bootstrap': True, 'criterion': 'poisson', 'max_depth': 26, 'max_features': 0.875, 'max_samples': 1.0, 'min_samples_leaf': 4, 'min_samples_split': 8, 'n_estimators': 200}",-9.953642320026324,-10.209779608736827,-10.487278929139222,-10.144685005794981,-9.97630934011587,-10.154339040762645,0.19286760965354324,79,-14.215909170386036,-14.63272326928057,-15.053873822960313,-14.02040081849629,-14.157193490612155,-14.416020114347072,0.37877905149209573,81,-0.40682573240712777,-0.3802603693611868,-0.42084592145015104,-0.3817414884001205,-0.4279686558167571,-0.4035284334870687,0.019617165042034854,91,0.8277731988367469,-1.4954157133000006,1.3784758282254352,-1.2408267547941099,0.5396075263469504,0.001922817063004434,1.1534713750305758,15,-13.250655821438615,-11.45841717620535,-14.097504754801514,-11.662156880454578,-12.285849353142128,-12.550916797208435,0.9935068569493207,77,10.154339040762645,14.416020114347072,0.4035284334870687,12.550916797208435,0.001922817063004434,n200__poisson__boostrap_true__samples_1.0
17.78252739906311,0.41334723909837123,3.5858286380767823,0.6907870914615296,True,poisson,26,1.0,1.0,1,2,200,"{'bootstrap': True, 'criterion': 'poisson', 'max_depth': 26, 'max_features': 1.0, 'max_samples': 1.0, 'min_samples_leaf': 1, 'min_samples_split': 2, 'n_estimators': 200}",-9.880165135972417,-10.107478555757206,-10.377748316929958,-10.1847398028177,-9.974745057119714,-10.1049753737194,0.17220527690808554,30,-14.048476729399441,-14.66400815391236,-14.874568140838061,-14.087427653347408,-14.170158435559557,-14.368927822611365,0.3359122060903426,28,-0.4013893083660526,-0.3745080230093854,-0.4202416918429003,-0.37842723711961435,-0.4234478601567209,-0.3996028240989348,0.020375940017724303,9,0.6014333185418574,-1.5075299464414664,1.1426929614263066,-1.404504349513262,0.29853756537069637,-0.17387409012317362,1.0817311985721434,85,-13.056648789652659,-11.481661380990255,-13.706923303867447,-11.600955999011719,-12.130516633958425,-12.395341221496102,0.859484270165725,2,10.1049753737194,14.368927822611365,0.3996028240989348,12.395341221496102,-0.17387409012317362,n200__poisson__boostrap_true__samples_1.0
15.699183940887451,0.14125184898467227,2.552302122116089,0.416450306120312,True,poisson,26,1.0,1.0,1,4,200,"{'bootstrap': True, 'criterion': 'poisson', 'max_depth': 26, 'max_features': 1.0, 'max_samples': 1.0, 'min_samples_leaf': 1, 'min_samples_split': 4, 'n_estimators': 200}",-9.928539903599157,-10.115944919240361,-10.40993997653948,-10.155128152318982,-9.984669475757457,-10.118844485491087,0.1674994113408803,47,-14.138706496717235,-14.589958836872771,-14.949504071099778,-14.000220909806803,-14.155869893374991,-14.366852041574315,0.3522051313926446,26,-0.40048323769254,-0.37693006357856496,-0.4169184290030212,-0.3763181681229286,-0.41983122362869196,-0.39809622440514936,0.018733251235031972,2,0.5123787498471242,-1.485961007784648,1.147696535365609,-1.4289662349456886,0.29112073967406576,-0.1927462435687075,1.070398024183106,91,-13.035400324872034,-11.447725646400894,-13.860788715364437,-11.594127863795821,-12.238001412348096,-12.435208792556256,0.9070764945969348,10,10.118844485491087,14.366852041574315,0.39809622440514936,12.435208792556256,-0.1927462435687075,n200__poisson__boostrap_true__samples_1.0
14.133561372756958,0.18052755949703644,2.176200103759766,0.10984154732966617,True,poisson,26,1.0,1.0,1,8,200,"{'bootstrap': True, 'criterion': 'poisson', 'max_depth': 26, 'max_features': 1.0, 'max_samples': 1.0, 'min_samples_leaf': 1, 'min_samples_split': 8, 'n_estimators': 200}",-9.885847802681539,-10.153514849707747,-10.432002112492155,-10.182592475829274,-10.013124561909446,-10.133416360524032,0.18315894655107384,63,-14.043471628608934,-14.672359232818796,-14.98866801247678,-14.053394750078814,-14.152183137693921,-14.382015352335449,0.3815110008845978,48,-0.4019933554817276,-0.37541628822282774,-0.41661631419939577,-0.377523350406749,-0.4228450874020494,-0.3988788791425499,0.019520489152952448,5,0.5545771094259135,-1.5015930254785348,1.1600050288147348,-1.431195088399129,0.2735260786162752,-0.18893597940414802,1.0819058116596303,90,-12.985817762579934,-11.523103945737533,-13.912089788878102,-11.590537880638728,-12.16361611734296,-12.43503309903545,0.9059265249550196,9,10.133416360524032,14.382015352335449,0.3988788791425499,12.43503309903545,-0.18893597940414802,n200__poisson__boostrap_true__samples_1.0
13.162521171569825,0.4879836252780143,3.698387050628662,0.5770473461018547,True,poisson,26,1.0,1.0,2,2,200,"{'bootstrap': True, 'criterion': 'poisson', 'max_depth': 26, 'max_features': 1.0, 'max_samples': 1.0, 'min_samples_leaf': 2, 'min_samples_split': 2, 'n_estimators': 200}",-9.88246096391059,-10.140860624424505,-10.3481815674694,-10.067249925562907,-9.946146211915105,-10.076979858656502,0.16289925366862293,12,-14.09503264542004,-14.642410733076774,-14.943982993699121,-13.965970011787162,-14.153290125637115,-14.360137301924045,0.37121103636365343,17,-0.40410752038659015,-0.3760217983651226,-0.4175226586102719,-0.3793311238324797,-0.4234478601567209,-0.4000861922702371,0.019369237902206744,22,0.7351122591349741,-1.3989901481429294,1.249377431196857,-1.3219531032799292,0.45487314905974896,-0.0563160824062557,1.095182132527242,57,-13.137064626869902,-11.624153857954125,-13.88853845354027,-11.527259790769339,-12.281345992780984,-12.491672544382926,0.9049511806995236,38,10.076979858656502,14.360137301924045,0.4000861922702371,12.491672544382926,-0.0563160824062557,n200__poisson__boostrap_true__samples_1.0
13.680027961730957,0.5244942043022425,2.457883834838867,0.6109112340757615,True,poisson,26,1.0,1.0,2,4,200,"{'bootstrap': True, 'criterion': 'poisson', 'max_depth': 26, 'max_features': 1.0, 'max_samples': 1.0, 'min_samples_leaf': 2, 'min_samples_split': 4, 'n_estimators': 200}",-9.88246096391059,-10.140860624424505,-10.348181567469402,-10.067249925562907,-9.946146211915107,-10.076979858656502,0.16289925366862326,12,-14.095032645420043,-14.642410733076774,-14.943982993699121,-13.965970011787162,-14.153290125637115,-14.360137301924045,0.3712110363636532,17,-0.40410752038659015,-0.3760217983651226,-0.4175226586102719,-0.3793311238324797,-0.4234478601567209,-0.4000861922702371,0.019369237902206744,22,0.7351122591349741,-1.3989901481429303,1.249377431196857,-1.3219531032799292,0.4548731490597495,-0.05631608240625576,1.0951821325272422,58,-13.137064626869902,-11.624153857954123,-13.88853845354027,-11.527259790769339,-12.281345992780984,-12.491672544382926,0.904951180699524,38,10.076979858656502,14.360137301924045,0.4000861922702371,12.491672544382926,-0.05631608240625576,n200__poisson__boostrap_true__samples_1.0
13.31445665359497,0.05962871284842336,1.7810873985290527,0.12184541866720051,True,poisson,26,1.0,1.0,2,8,200,"{'bootstrap': True, 'criterion': 'poisson', 'max_depth': 26, 'max_features': 1.0, 'max_samples': 1.0, 'min_samples_leaf': 2, 'min_samples_split': 8, 'n_estimators': 200}",-9.93213829229021,-10.15377432827817,-10.388553038654317,-10.12920133655284,-9.95016987659547,-10.110767374474202,0.16556218746090873,38,-14.146270035629113,-14.721773800317767,-14.958743621685235,-14.049021606964763,-14.172028202560863,-14.40956745343155,0.3618869989772847,70,-0.4019933554817276,-0.37753557372085983,-0.4178247734138973,-0.37872853269056944,-0.42224231464737794,-0.3996649099908864,0.01883072445330946,10,0.7334907716930271,-1.4378778959787764,1.2074759720985202,-1.313017172071338,0.3915274738574421,-0.08368017008022498,1.0868114631079835,70,-13.265927058921298,-11.543145916553687,-13.876665229787378,-11.639186651517148,-12.24616410021512,-12.514217791398925,0.9167161729222177,64,10.110767374474202,14.40956745343155,0.3996649099908864,12.514217791398925,-0.08368017008022498,n200__poisson__boostrap_true__samples_1.0
10.909699440002441,1.2189164286246303,2.5688844203948973,0.3627348997339628,True,poisson,26,1.0,1.0,3,2,200,"{'bootstrap': True, 'criterion': 'poisson', 'max_depth': 26, 'max_features': 1.0, 'max_samples': 1.0, 'min_samples_leaf': 3, 'min_samples_split': 2, 'n_estimators': 200}",-9.882050069901997,-10.082118174134093,-10.375066248741838,-10.069315033950787,-9.953152733225014,-10.072340451990746,0.1686201689260653,10,-14.154499643949622,-14.62492096588336,-14.945716740822082,-14.001123888071195,-14.17689934770308,-14.380632117285867,0.35090372076877485,45,-0.40652370884929023,-0.37783832879200724,-0.4217522658610272,-0.37481169026815303,-0.4243520192887282,-0.40105560261184114,0.021112838862577005,47,0.7798301769727247,-1.3798093116809005,1.3019781673984303,-1.2478951597550405,0.5052854213326116,-0.008122141146434881,1.0972129994461537,23,-13.113479010922067,-11.515915934568467,-13.843487470424174,-11.767802476871257,-12.3228330244397,-12.512703583445134,0.8621404726386797,62,10.072340451990746,14.380632117285867,0.40105560261184114,12.512703583445134,-0.008122141146434881,n200__poisson__boostrap_true__samples_1.0
9.886488676071167,0.2829047513995918,1.5237464904785156,0.6752280526626477,True,poisson,26,1.0,1.0,3,4,200,"{'bootstrap': True, 'criterion': 'poisson', 'max_depth': 26, 'max_features': 1.0, 'max_samples': 1.0, 'min_samples_leaf': 3, 'min_samples_split': 4, 'n_estimators': 200}",-9.882050069901998,-10.082118174134093,-10.375066248741838,-10.069315033950787,-9.95315273322501,-10.072340451990746,0.16862016892606538,10,-14.154499643949624,-14.62492096588336,-14.945716740822082,-14.001123888071197,-14.17689934770308,-14.380632117285867,0.35090372076877424,45,-0.40652370884929023,-0.37783832879200724,-0.4217522658610272,-0.37481169026815303,-0.4243520192887282,-0.40105560261184114,0.021112838862577005,47,0.7798301769727243,-1.3798093116808998,1.3019781673984314,-1.2478951597550405,0.5052854213326116,-0.008122141146434614,1.0972129994461537,22,-13.113479010922067,-11.515915934568467,-13.843487470424174,-11.767802476871257,-12.322833024439701,-12.512703583445134,0.8621404726386797,62,10.072340451990746,14.380632117285867,0.40105560261184114,12.512703583445134,-0.008122141146434614,n200__poisson__boostrap_true__samples_1.0
9.43857717514038,0.3996854093658431,0.23650617599487306,0.07393302036977875,True,poisson,26,1.0,1.0,3,8,200,"{'bootstrap': True, 'criterion': 'poisson', 'max_depth': 26, 'max_features': 1.0, 'max_samples': 1.0, 'min_samples_leaf': 3, 'min_samples_split': 8, 'n_estimators': 200}",-9.920868319228191,-10.05068184446929,-10.383421956999936,-10.097942130274461,-9.94290216304694,-10.079163282803762,0.1657477399642697,14,-14.137252618709926,-14.574920682085242,-14.960670383290616,-14.006090985843334,-14.157966796111554,-14.367380293208134,0.35281974631747853,27,-0.4044095439444277,-0.3763245534362701,-0.42114803625377645,-0.37872853269056944,-0.4243520192887282,-0.4009925371227544,0.02033608025365482,39,0.7927138246738349,-1.3656768244958677,1.254720264221662,-1.2788631750491066,0.4449680911629802,-0.030427563897299458,1.0859695923614898,43,-13.245956115929651,-11.539248423560823,-13.817163110560793,-11.64300837406243,-12.239685192993079,-12.497012243421356,0.8962774783037564,43,10.079163282803762,14.367380293208134,0.4009925371227544,12.497012243421356,-0.030427563897299458,n200__poisson__boostrap_true__samples_1.0
11.02788004875183,0.9943706377173447,1.881599235534668,0.8588661953564305,True,poisson,26,1.0,1.0,4,2,200,"{'bootstrap': True, 'criterion': 'poisson', 'max_depth': 26, 'max_features': 1.0, 'max_samples': 1.0, 'min_samples_leaf': 4, 'min_samples_split': 2, 'n_estimators': 200}",-9.930629034382514,-10.177191396941206,-10.443049702792585,-10.100516528267455,-9.94922376968758,-10.120122086414266,0.18603084742180487,51,-14.170765836267044,-14.755826979731475,-15.012857686266429,-13.987542042535855,-14.13814391719565,-14.413027292399292,0.39814502583452216,79,-0.4089398973119903,-0.3787465940054496,-0.4205438066465257,-0.3808376016872552,-0.4231464737793852,-0.4024428746861212,0.019114369441357713,75,0.8310061578481334,-1.3734507492450911,1.2901764663385753,-1.3346459694735329,0.512526933367616,-0.014877432232859866,1.121102184511943,33,-13.1579668099984,-11.622204380231922,-13.950064159419592,-11.508672620505152,-12.361854997413515,-12.520152593513718,0.9279994525349504,69,10.120122086414266,14.413027292399292,0.4024428746861212,12.520152593513718,-0.014877432232859866,n200__poisson__boostrap_true__samples_1.0
12.265477466583253,0.23058138889912216,0.7721730232238769,0.23203799909836378,True,poisson,26,1.0,1.0,4,4,200,"{'bootstrap': True, 'criterion': 'poisson', 'max_depth': 26, 'max_features': 1.0, 'max_samples': 1.0, 'min_samples_leaf': 4, 'min_samples_split': 4, 'n_estimators': 200}",-9.930629034382514,-10.177191396941206,-10.443049702792585,-10.100516528267455,-9.94922376968758,-10.120122086414266,0.18603084742180487,51,-14.170765836267046,-14.755826979731475,-15.012857686266429,-13.987542042535853,-14.138143917195649,-14.413027292399288,0.3981450258345225,77,-0.4089398973119903,-0.3787465940054496,-0.4205438066465257,-0.3808376016872552,-0.4231464737793852,-0.4024428746861212,0.019114369441357713,75,0.8310061578481329,-1.37345074924509,1.2901764663385753,-1.3346459694735338,0.5125269333676169,-0.014877432232859733,1.121102184511943,31,-13.1579668099984,-11.622204380231922,-13.950064159419592,-11.508672620505152,-12.36185499741351,-12.520152593513716,0.9279994525349506,68,10.120122086414266,14.413027292399288,0.4024428746861212,12.520152593513716,-0.014877432232859733,n200__poisson__boostrap_true__samples_1.0
12.727756547927857,0.10242741206781518,0.19252934455871581,0.045617564163510954,True,poisson,26,1.0,1.0,4,8,200,"{'bootstrap': True, 'criterion': 'poisson', 'max_depth': 26, 'max_features': 1.0, 'max_samples': 1.0, 'min_samples_leaf': 4, 'min_samples_split': 8, 'n_estimators': 200}",-9.930629034382514,-10.177191396941206,-10.443049702792585,-10.100516528267455,-9.94922376968758,-10.120122086414266,0.18603084742180487,51,-14.170765836267044,-14.755826979731475,-15.012857686266429,-13.987542042535855,-14.138143917195649,-14.413027292399288,0.3981450258345224,77,-0.4089398973119903,-0.3787465940054496,-0.4205438066465257,-0.3808376016872552,-0.4231464737793852,-0.4024428746861212,0.019114369441357713,75,0.8310061578481334,-1.37345074924509,1.2901764663385746,-1.3346459694735338,0.5125269333676169,-0.014877432232859778,1.121102184511943,32,-13.1579668099984,-11.622204380231919,-13.950064159419592,-11.508672620505152,-12.361854997413513,-12.520152593513714,0.9279994525349512,67,10.120122086414266,14.413027292399288,0.4024428746861212,12.520152593513714,-0.014877432232859778,n200__poisson__boostrap_true__samples_1.0
