mean_fit_time,std_fit_time,mean_score_time,std_score_time,param_bootstrap,param_criterion,param_max_depth,param_max_features,param_min_samples_leaf,param_min_samples_split,param_n_estimators,params,split0_test_MAE,split1_test_MAE,split2_test_MAE,split3_test_MAE,split4_test_MAE,mean_test_MAE,std_test_MAE,rank_test_MAE,split0_test_RMSE,split1_test_RMSE,split2_test_RMSE,split3_test_RMSE,split4_test_RMSE,mean_test_RMSE,std_test_RMSE,rank_test_RMSE,split0_test_overestimation_rate,split1_test_overestimation_rate,split2_test_overestimation_rate,split3_test_overestimation_rate,split4_test_overestimation_rate,mean_test_overestimation_rate,std_test_overestimation_rate,rank_test_overestimation_rate,split0_test_mean_signed_error,split1_test_mean_signed_error,split2_test_mean_signed_error,split3_test_mean_signed_error,split4_test_mean_signed_error,mean_test_mean_signed_error,std_test_mean_signed_error,rank_test_mean_signed_error,split0_test_mean_overestimation,split1_test_mean_overestimation,split2_test_mean_overestimation,split3_test_mean_overestimation,split4_test_mean_overestimation,mean_test_mean_overestimation,std_test_mean_overestimation,rank_test_mean_overestimation,mean_MAE,mean_RMSE,overestimation_rate,mean_overstimation,mean_signed_error,chunk_id
74.33880152702332,0.05707975125115165,2.963107109069824,0.5604844154835433,False,poisson,20,0.875,1,2,500,"{'bootstrap': False, 'criterion': 'poisson', 'max_depth': 20, 'max_features': 0.875, 'min_samples_leaf': 1, 'min_samples_split': 2, 'n_estimators': 500}",-9.758677075518412,-10.070163338339716,-10.253750396399928,-9.994245499702172,-9.893456795274433,-9.994058621046932,0.16658750278937043,92,-13.97281847730883,-14.621076514870726,-14.794756645494742,-13.843095526862975,-14.093734747086732,-14.265096382324803,0.3742025534255928,61,-0.3923286016309272,-0.37329700272479566,-0.42114803625377645,-0.3799337149743899,-0.4213381555153707,-0.39760910221985196,0.020241198424792994,56,0.5432677038193263,-1.4574382484766915,1.1732240193316077,-1.2695292252281418,0.3830616773574706,-0.12548281463928573,1.0464637274355801,79,-13.129229855422345,-11.536022291896824,-13.566458147801782,-11.481892670491398,-12.195095955719836,-12.381739784266436,0.8392970667383842,11,9.994058621046932,14.265096382324803,0.39760910221985196,12.381739784266436,-0.12548281463928573,n500__poisson__boostrap_false
72.00103411674499,0.35049820059232406,2.187087154388428,0.2644400294973095,False,poisson,20,0.875,1,4,500,"{'bootstrap': False, 'criterion': 'poisson', 'max_depth': 20, 'max_features': 0.875, 'min_samples_leaf': 1, 'min_samples_split': 4, 'n_estimators': 500}",-9.781094499533562,-10.050286873151954,-10.241612572531649,-10.022476890615778,-9.854240443040066,-9.989942255774602,0.16128874164901633,90,-14.024188869697332,-14.580100825401697,-14.764691462912364,-13.881923339323174,-14.058846578672513,-14.261950215201415,0.34530292321314776,55,-0.3950468136514648,-0.3726914925825008,-0.4202416918429003,-0.37782464597770415,-0.41742013261000604,-0.3966449553329152,0.01959051017003661,32,0.5686979870941592,-1.4509220061495116,1.1964523393031279,-1.2712555235116227,0.32546036498478814,-0.12631336765581183,1.0490309804452753,80,-13.099450658724919,-11.53684084309873,-13.608912601787605,-11.581062088284968,-12.193591076182837,-12.403971453615814,0.8257033023732597,16,9.989942255774602,14.261950215201415,0.3966449553329152,12.403971453615814,-0.12631336765581183,n500__poisson__boostrap_false
67.16212258338928,1.5662415713954698,4.901357173919678,0.7934699384823585,False,poisson,20,0.875,1,8,500,"{'bootstrap': False, 'criterion': 'poisson', 'max_depth': 20, 'max_features': 0.875, 'min_samples_leaf': 1, 'min_samples_split': 8, 'n_estimators': 500}",-9.776968904022036,-10.051030866804417,-10.27798007985756,-10.009016955031695,-9.86729281968871,-9.996457925080884,0.17160985615524008,93,-13.997555087232355,-14.599940996439427,-14.812170749434731,-13.855700761018568,-14.053996877434221,-14.26387289431186,0.37286724565861845,59,-0.39867109634551495,-0.37420526793823794,-0.41933534743202416,-0.3769207592648388,-0.41892706449668476,-0.39761190709546007,0.019510817677112883,57,0.57282374868419,-1.4132441085756497,1.20812514409972,-1.2696226639439512,0.38309271702184566,-0.10376503254276906,1.0478375971522176,74,-12.980364951935725,-11.541508763118781,-13.695608174098918,-11.59314534457243,-12.23409324129699,-12.408944095004568,0.8283200740559608,20,9.996457925080884,14.26387289431186,0.39761190709546007,12.408944095004568,-0.10376503254276906,n500__poisson__boostrap_false
63.263003540039065,4.928844923887226,3.3952234745025636,1.0847657376673883,False,poisson,20,0.875,2,2,500,"{'bootstrap': False, 'criterion': 'poisson', 'max_depth': 20, 'max_features': 0.875, 'min_samples_leaf': 2, 'min_samples_split': 2, 'n_estimators': 500}",-9.71020664632437,-9.989055110598633,-10.224414332943509,-9.936311387274491,-9.824430677620793,-9.93688363095236,0.1728723329002423,41,-13.978902606391232,-14.552665970956538,-14.798054288848466,-13.805942179170854,-14.063988631310231,-14.239910735335462,0.37329414716433584,12,-0.39806704922983993,-0.37783832879200724,-0.42114803625377645,-0.37872853269056944,-0.41742013261000604,-0.3986404159152398,0.01837829918153899,77,0.6796767730025811,-1.3553144423598904,1.3300347418894167,-1.1676593159848963,0.48829822705124365,-0.004992803280309033,1.0648538833460743,52,-13.050418816916364,-11.42517845640728,-13.717800013521156,-11.576434456885506,-12.352936644657694,-12.4245536776776,0.8703308914053096,25,9.93688363095236,14.239910735335462,0.3986404159152398,12.4245536776776,-0.004992803280309033,n500__poisson__boostrap_false
61.45131168365479,0.7154049583793592,2.672131633758545,0.6550529187587493,False,poisson,20,0.875,2,4,500,"{'bootstrap': False, 'criterion': 'poisson', 'max_depth': 20, 'max_features': 0.875, 'min_samples_leaf': 2, 'min_samples_split': 4, 'n_estimators': 500}",-9.710206646324371,-9.989055110598635,-10.224414332943509,-9.936311387274491,-9.824430677620793,-9.93688363095236,0.17287233290024193,41,-13.97890260639123,-14.552665970956538,-14.798054288848466,-13.805942179170854,-14.063988631310231,-14.239910735335462,0.37329414716433607,12,-0.39806704922983993,-0.37783832879200724,-0.42114803625377645,-0.37872853269056944,-0.41742013261000604,-0.3986404159152398,0.01837829918153899,77,0.6796767730025808,-1.3553144423598897,1.3300347418894167,-1.1676593159848965,0.4882982270512442,-0.0049928032803089,1.0648538833460743,51,-13.050418816916364,-11.42517845640728,-13.717800013521156,-11.576434456885506,-12.352936644657696,-12.4245536776776,0.8703308914053096,25,9.93688363095236,14.239910735335462,0.3986404159152398,12.4245536776776,-0.0049928032803089,n500__poisson__boostrap_false
60.993673753738406,1.4547510293578085,1.3473196983337403,0.37194675308407016,False,poisson,20,0.875,2,8,500,"{'bootstrap': False, 'criterion': 'poisson', 'max_depth': 20, 'max_features': 0.875, 'min_samples_leaf': 2, 'min_samples_split': 8, 'n_estimators': 500}",-9.744887872055392,-10.020903569977186,-10.232500168257252,-9.973072055591626,-9.849320239655448,-9.964136781107381,0.16527198027658532,68,-14.030006794990951,-14.57754481655764,-14.799680143168363,-13.857658198963584,-14.067901744051694,-14.266558339546446,0.3587622743585952,62,-0.39957716701902746,-0.37329700272479566,-0.4187311178247734,-0.3808376016872552,-0.4180229053646775,-0.39809315892410585,0.018643637191340816,67,0.7059033855837406,-1.3563971619138575,1.2914858869852877,-1.1750841348589545,0.47623989796332666,-0.011570425248091421,1.0595288044801763,58,-13.077312870008754,-11.605379021019129,-13.760603839412987,-11.550839362702428,-12.350471714714887,-12.468921361571635,0.8533690995713209,51,9.964136781107381,14.266558339546446,0.39809315892410585,12.468921361571635,-0.011570425248091421,n500__poisson__boostrap_false
53.920325660705565,4.011608624025022,4.058574151992798,2.4767365643082524,False,poisson,20,0.875,3,2,500,"{'bootstrap': False, 'criterion': 'poisson', 'max_depth': 20, 'max_features': 0.875, 'min_samples_leaf': 3, 'min_samples_split': 2, 'n_estimators': 500}",-9.750199646185838,-9.987222643117718,-10.2363736789249,-9.910484653105279,-9.81759027049843,-9.940374178366433,0.16849101306728412,45,-14.017343715167705,-14.560408478688416,-14.815991810127468,-13.801887126180304,-14.077710589792437,-14.254668343991264,0.37448869703089915,36,-0.3983690727876774,-0.3763245534362701,-0.41812688821752264,-0.37842723711961435,-0.41832429174201324,-0.39791440866061956,0.0182821556714724,64,0.7543625828069622,-1.3098493643204117,1.3659560340365116,-1.1088129516049852,0.5347849468512942,0.04728824955387423,1.0634739638342714,30,-13.184460022818485,-11.5291085840175,-13.874173175542726,-11.629278812611256,-12.373624269152158,-12.518128972828425,0.9024356480195457,77,9.940374178366433,14.254668343991264,0.39791440866061956,12.518128972828425,0.04728824955387423,n500__poisson__boostrap_false
54.74013438224792,3.180228294038415,4.099669599533081,2.1381253158487183,False,poisson,20,0.875,3,4,500,"{'bootstrap': False, 'criterion': 'poisson', 'max_depth': 20, 'max_features': 0.875, 'min_samples_leaf': 3, 'min_samples_split': 4, 'n_estimators': 500}",-9.750199646185838,-9.987222643117718,-10.2363736789249,-9.910484653105279,-9.817590270498432,-9.940374178366435,0.16849101306728384,46,-14.017343715167705,-14.560408478688416,-14.815991810127466,-13.801887126180304,-14.077710589792439,-14.254668343991266,0.37448869703089843,37,-0.3983690727876774,-0.3763245534362701,-0.41812688821752264,-0.37842723711961435,-0.41832429174201324,-0.39791440866061956,0.0182821556714724,64,0.7543625828069626,-1.3098493643204117,1.3659560340365113,-1.108812951604985,0.5347849468512944,0.04728824955387434,1.0634739638342714,29,-13.184460022818485,-11.5291085840175,-13.874173175542726,-11.629278812611256,-12.373624269152158,-12.518128972828425,0.9024356480195457,77,9.940374178366435,14.254668343991266,0.39791440866061956,12.518128972828425,0.04728824955387434,n500__poisson__boostrap_false
57.93100819587708,0.4454584499145069,1.8407259464263916,0.685621798219831,False,poisson,20,0.875,3,8,500,"{'bootstrap': False, 'criterion': 'poisson', 'max_depth': 20, 'max_features': 0.875, 'min_samples_leaf': 3, 'min_samples_split': 8, 'n_estimators': 500}",-9.747809058211503,-10.027855035681416,-10.250311405579431,-9.932633803764373,-9.819459453981278,-9.955613751443602,0.17567832634879882,64,-14.013498683005862,-14.597835779183933,-14.819283752447978,-13.819771091091248,-14.056081707914226,-14.26129420272865,0.380281478910453,54,-0.40169133192389006,-0.37723281864971236,-0.41842900302114805,-0.3766194636938837,-0.4177215189873418,-0.3983388272551952,0.018481003984670657,72,0.7741416334072208,-1.364762454726267,1.3529528158547708,-1.123786356030634,0.5388240682708835,0.03547394135519481,1.0806746315433204,40,-13.097059676672783,-11.482421667293279,-13.865272409006211,-11.69462587161131,-12.398551488756375,-12.507586222667992,0.8848215870711983,73,9.955613751443602,14.26129420272865,0.3983388272551952,12.507586222667992,0.03547394135519481,n500__poisson__boostrap_false
52.49412722587586,5.873083915404131,3.7026479244232178,2.093827460337754,False,poisson,20,0.875,4,2,500,"{'bootstrap': False, 'criterion': 'poisson', 'max_depth': 20, 'max_features': 0.875, 'min_samples_leaf': 4, 'min_samples_split': 2, 'n_estimators': 500}",-9.765109001567325,-10.022022626779997,-10.261376231167125,-9.942681961315769,-9.856975510316051,-9.969633066229253,0.16917855675522048,75,-14.039484655439676,-14.541928139810627,-14.845091405684855,-13.839128854796687,-14.108990765701003,-14.27492476428657,0.36585926610465597,77,-0.40018121413470253,-0.3799576142900394,-0.41933534743202416,-0.38053630611630007,-0.4231464737793852,-0.40063139115049023,0.01837491266874534,94,0.7946641157771996,-1.3286476868108619,1.3947115459092838,-1.1121102142448556,0.5854086429595888,0.06680528071807097,1.0862038214888494,14,-13.19373916661423,-11.439927261640658,-13.89828910018837,-11.602797952703233,-12.338971018721002,-12.494744899973501,0.9371237288337865,66,9.969633066229253,14.27492476428657,0.40063139115049023,12.494744899973501,0.06680528071807097,n500__poisson__boostrap_false
46.47752981185913,4.352372892948798,5.573103046417236,0.6485095940579355,False,poisson,20,0.875,4,4,500,"{'bootstrap': False, 'criterion': 'poisson', 'max_depth': 20, 'max_features': 0.875, 'min_samples_leaf': 4, 'min_samples_split': 4, 'n_estimators': 500}",-9.765109001567325,-10.022022626779997,-10.261376231167125,-9.942681961315769,-9.85697551031605,-9.969633066229253,0.16917855675522073,75,-14.039484655439676,-14.541928139810627,-14.845091405684855,-13.839128854796686,-14.108990765701003,-14.27492476428657,0.36585926610465636,77,-0.40018121413470253,-0.3799576142900394,-0.41933534743202416,-0.38053630611630007,-0.4231464737793852,-0.40063139115049023,0.01837491266874534,94,0.7946641157771991,-1.3286476868108619,1.394711545909284,-1.1121102142448551,0.5854086429595889,0.06680528071807101,1.0862038214888494,13,-13.19373916661423,-11.439927261640658,-13.89828910018837,-11.60279795270323,-12.338971018721002,-12.4947448999735,0.9371237288337867,64,9.969633066229253,14.27492476428657,0.40063139115049023,12.4947448999735,0.06680528071807101,n500__poisson__boostrap_false
55.21722059249878,0.4038539029957025,5.360578536987305,0.35524878966139517,False,poisson,20,0.875,4,8,500,"{'bootstrap': False, 'criterion': 'poisson', 'max_depth': 20, 'max_features': 0.875, 'min_samples_leaf': 4, 'min_samples_split': 8, 'n_estimators': 500}",-9.765109001567325,-10.022022626779997,-10.261376231167128,-9.942681961315769,-9.856975510316051,-9.969633066229255,0.16917855675522173,77,-14.039484655439676,-14.541928139810627,-14.845091405684855,-13.839128854796686,-14.108990765701005,-14.27492476428657,0.3658592661046562,77,-0.40018121413470253,-0.3799576142900394,-0.41933534743202416,-0.38053630611630007,-0.4231464737793852,-0.40063139115049023,0.01837491266874534,94,0.7946641157771994,-1.3286476868108623,1.3947115459092831,-1.1121102142448553,0.5854086429595888,0.06680528071807075,1.0862038214888492,15,-13.19373916661423,-11.439927261640657,-13.89828910018837,-11.60279795270323,-12.338971018721002,-12.4947448999735,0.9371237288337873,64,9.969633066229255,14.27492476428657,0.40063139115049023,12.4947448999735,0.06680528071807075,n500__poisson__boostrap_false
81.18269715309142,2.404908500123965,6.184871530532837,1.2445038182650532,False,poisson,20,1.0,1,2,500,"{'bootstrap': False, 'criterion': 'poisson', 'max_depth': 20, 'max_features': 1.0, 'min_samples_leaf': 1, 'min_samples_split': 2, 'n_estimators': 500}",-9.709598059632823,-9.984687234846449,-10.216871719222514,-9.96146290068087,-9.84385379419168,-9.943294741714867,0.168160889846924,51,-13.942862593621602,-14.611874797439135,-14.770242055558173,-13.850344006248378,-14.108853228830602,-14.256835336339577,0.36751932385348807,42,-0.39565086076713984,-0.37390251286709053,-0.4151057401812689,-0.37601687255197347,-0.4165159734779988,-0.3954383919690943,0.018287174063366416,9,0.5632122874950326,-1.357928218727105,1.1554306178028877,-1.2718529964880219,0.35699464154525584,-0.11082873367439013,1.017824859028837,75,-12.982166053183333,-11.536107299693194,-13.698078870288967,-11.554813810903871,-12.24544685592444,-12.403322577998761,0.8376643523002292,15,9.943294741714867,14.256835336339577,0.3954383919690943,12.403322577998761,-0.11082873367439013,n500__poisson__boostrap_false
77.59273443222045,1.3103238406783155,4.97629132270813,0.7280324610336034,False,poisson,20,1.0,1,4,500,"{'bootstrap': False, 'criterion': 'poisson', 'max_depth': 20, 'max_features': 1.0, 'min_samples_leaf': 1, 'min_samples_split': 4, 'n_estimators': 500}",-9.731690794928934,-9.971241510622878,-10.213369803911677,-9.943268097764888,-9.855171437058848,-9.942948328857444,0.15891060942080062,50,-13.955435665312608,-14.608215943315798,-14.74399891488181,-13.837828511899424,-14.10884407352477,-14.250864621786883,0.36025777730614267,31,-0.3938387194201148,-0.37117771722676357,-0.4169184290030212,-0.37872853269056944,-0.41500904159132007,-0.3951344879863578,0.018516474922546173,7,0.5155583961696506,-1.3717562034230555,1.1518555885457689,-1.2605969451436816,0.38810704119748873,-0.11536642453076577,1.0146399866299736,76,-13.009448647134745,-11.584053821240222,-13.630034800374695,-11.462921859805007,-12.34103049776853,-12.405497925264639,0.8284471180918582,17,9.942948328857444,14.250864621786883,0.3951344879863578,12.405497925264639,-0.11536642453076577,n500__poisson__boostrap_false
70.2745216846466,0.6920922461636373,3.5387458324432375,0.34084578999163295,False,poisson,20,1.0,1,8,500,"{'bootstrap': False, 'criterion': 'poisson', 'max_depth': 20, 'max_features': 1.0, 'min_samples_leaf': 1, 'min_samples_split': 8, 'n_estimators': 500}",-9.739555667963204,-9.996096503131675,-10.238595342858368,-9.958386815713938,-9.836822732640314,-9.953891412461498,0.1688210256318911,62,-13.98029575052276,-14.630408219267895,-14.789250618479715,-13.854785337022044,-14.087545041534783,-14.268456993365438,0.3712478862823767,65,-0.3968589549984899,-0.37329700272479566,-0.4199395770392749,-0.3814401928291654,-0.4159132007233273,-0.39748978566301063,0.018366782402356684,52,0.5678025037829634,-1.3637650157538914,1.166853649668412,-1.242667565877363,0.37684872035809375,-0.09898554156435703,1.0179439170569333,73,-12.986173099943516,-11.56228341557535,-13.579869124195554,-11.424752049845022,-12.278609377191563,-12.366337413350202,0.8243345835320759,8,9.953891412461498,14.268456993365438,0.39748978566301063,12.366337413350202,-0.09898554156435703,n500__poisson__boostrap_false
64.48380675315858,3.7741362611749287,6.169679594039917,1.3322765995916883,False,poisson,20,1.0,2,2,500,"{'bootstrap': False, 'criterion': 'poisson', 'max_depth': 20, 'max_features': 1.0, 'min_samples_leaf': 2, 'min_samples_split': 2, 'n_estimators': 500}",-9.656096829859791,-9.935527115782044,-10.181523435773284,-9.883831201363687,-9.805446533336681,-9.892485023223097,0.1725837715299066,7,-13.941149400074849,-14.601023254597662,-14.754008142829282,-13.793364076246014,-14.089603470768994,-14.23582966890336,0.37573119338584304,8,-0.3974630021141649,-0.37057220708446864,-0.4187311178247734,-0.37842723711961435,-0.4144062688366486,-0.395919966595934,0.019041940270431153,21,0.6804404136498331,-1.2782716395292035,1.271356893648384,-1.1352919236739067,0.4570323703759358,-0.0009467771057914964,1.0208905670615345,49,-13.003143926010775,-11.680929263914678,-13.6756976516543,-11.559077174622765,-12.38214727364308,-12.460199057969119,0.7996999565576123,41,9.892485023223097,14.23582966890336,0.395919966595934,12.460199057969119,-0.0009467771057914964,n500__poisson__boostrap_false
71.20308184623718,0.8836049743655127,3.7503875255584718,0.520260221862308,False,poisson,20,1.0,2,4,500,"{'bootstrap': False, 'criterion': 'poisson', 'max_depth': 20, 'max_features': 1.0, 'min_samples_leaf': 2, 'min_samples_split': 4, 'n_estimators': 500}",-9.65609682985979,-9.935527115782044,-10.181523435773283,-9.883831201363687,-9.805446533336683,-9.892485023223099,0.17258377152990628,8,-13.941149400074849,-14.601023254597662,-14.75400814282928,-13.793364076246014,-14.089603470768992,-14.235829668903358,0.37573119338584265,7,-0.3974630021141649,-0.37057220708446864,-0.4187311178247734,-0.37842723711961435,-0.4144062688366486,-0.395919966595934,0.019041940270431153,21,0.6804404136498333,-1.2782716395292053,1.2713568936483834,-1.1352919236739065,0.4570323703759355,-0.0009467771057919072,1.020890567061535,50,-13.003143926010775,-11.680929263914678,-13.6756976516543,-11.559077174622765,-12.38214727364308,-12.460199057969119,0.7996999565576123,41,9.892485023223099,14.235829668903358,0.395919966595934,12.460199057969119,-0.0009467771057919072,n500__poisson__boostrap_false
67.53769850730896,0.5620415652841053,4.223434352874756,1.1988412461093905,False,poisson,20,1.0,2,8,500,"{'bootstrap': False, 'criterion': 'poisson', 'max_depth': 20, 'max_features': 1.0, 'min_samples_leaf': 2, 'min_samples_split': 8, 'n_estimators': 500}",-9.699206830728658,-9.95704479157304,-10.216366647605494,-9.89295682988892,-9.815384596884599,-9.91619193933614,0.1729498996710024,23,-13.957662164759869,-14.614916770841937,-14.798523732695989,-13.795853285011086,-14.09905089225783,-14.253201369113341,0.38690763055998595,34,-0.39806704922983993,-0.3751135331516803,-0.41812688821752264,-0.3757155769810184,-0.41862567811934903,-0.39712974513988203,0.019220373978064153,41,0.6526915398605379,-1.3027676686522314,1.2712923034006467,-1.1357485492665322,0.4548154081656147,-0.011943393298392868,1.0232753847156981,59,-13.002706944241586,-11.535543719534882,-13.737048817857776,-11.654039407933322,-12.266567176658247,-12.439181213245162,0.8324452593068327,27,9.91619193933614,14.253201369113341,0.39712974513988203,12.439181213245162,-0.011943393298392868,n500__poisson__boostrap_false
58.95174531936645,7.1946131202293415,4.213614892959595,1.14900446921881,False,poisson,20,1.0,3,2,500,"{'bootstrap': False, 'criterion': 'poisson', 'max_depth': 20, 'max_features': 1.0, 'min_samples_leaf': 3, 'min_samples_split': 2, 'n_estimators': 500}",-9.68675039385492,-9.931542194420787,-10.1806229053018,-9.851624688374407,-9.81676473964707,-9.893460984319796,0.16387434530181752,9,-13.969340360457693,-14.59182285068565,-14.777154765678327,-13.748462008078238,-14.098011238796328,-14.236958244739247,0.38659936509725085,9,-0.3983690727876774,-0.37359975779594307,-0.42114803625377645,-0.3814401928291654,-0.41742013261000604,-0.39839543845531367,0.018878170054383633,73,0.7304439792329821,-1.227883365251396,1.345479069008121,-1.0737551258650435,0.5469222349377885,0.06424135841249042,1.027910417432877,19,-13.074803096775605,-11.648373222344613,-13.684145457304819,-11.50622001499549,-12.413975950062294,-12.465503548296564,0.8302910336021669,48,9.893460984319796,14.236958244739247,0.39839543845531367,12.465503548296564,0.06424135841249042,n500__poisson__boostrap_false
58.60208425521851,4.431927799963443,5.129745817184448,1.1778718741375631,False,poisson,20,1.0,3,4,500,"{'bootstrap': False, 'criterion': 'poisson', 'max_depth': 20, 'max_features': 1.0, 'min_samples_leaf': 3, 'min_samples_split': 4, 'n_estimators': 500}",-9.686750393854922,-9.931542194420787,-10.1806229053018,-9.851624688374407,-9.81676473964707,-9.893460984319796,0.16387434530181705,9,-13.969340360457693,-14.591822850685652,-14.777154765678326,-13.748462008078238,-14.098011238796328,-14.236958244739247,0.38659936509725074,9,-0.3983690727876774,-0.37359975779594307,-0.42114803625377645,-0.3814401928291654,-0.41742013261000604,-0.39839543845531367,0.018878170054383633,73,0.7304439792329814,-1.227883365251396,1.345479069008121,-1.0737551258650442,0.5469222349377885,0.06424135841249015,1.027910417432877,20,-13.074803096775605,-11.648373222344613,-13.684145457304817,-11.506220014995488,-12.413975950062296,-12.465503548296564,0.8302910336021668,48,9.893460984319796,14.236958244739247,0.39839543845531367,12.465503548296564,0.06424135841249015,n500__poisson__boostrap_false
62.28092708587646,0.5334604048345729,3.358866739273071,0.21123856579318626,False,poisson,20,1.0,3,8,500,"{'bootstrap': False, 'criterion': 'poisson', 'max_depth': 20, 'max_features': 1.0, 'min_samples_leaf': 3, 'min_samples_split': 8, 'n_estimators': 500}",-9.682959474227763,-9.956708191287188,-10.196152950274639,-9.891656628051075,-9.826563850598848,-9.910808218887903,0.16906056350292248,21,-13.976989635308916,-14.651087426729134,-14.780829221722193,-13.803357780406834,-14.131690016537318,-14.268790816140879,0.3818131732659298,67,-0.39897311990335244,-0.3726914925825008,-0.4190332326283988,-0.37782464597770415,-0.41742013261000604,-0.39718852474039246,0.01931195683963004,42,0.7535440208624827,-1.2565449707918088,1.3299867480064804,-1.1243940527126581,0.5275928603387505,0.04603692114064935,1.0438024551023155,31,-13.079206310463208,-11.672071128065083,-13.753252487855264,-11.602290465529588,-12.40256027685594,-12.501876133753816,0.8254631759097917,69,9.910808218887903,14.268790816140879,0.39718852474039246,12.501876133753816,0.04603692114064935,n500__poisson__boostrap_false
59.69499936103821,2.0910154363523006,3.194853115081787,0.12281295873285766,False,poisson,20,1.0,4,2,500,"{'bootstrap': False, 'criterion': 'poisson', 'max_depth': 20, 'max_features': 1.0, 'min_samples_leaf': 4, 'min_samples_split': 2, 'n_estimators': 500}",-9.714871064812742,-9.958416822864754,-10.240675613781923,-9.905965004752652,-9.802804182214528,-9.92454653768532,0.17900562414509288,31,-14.01528426302314,-14.618997353372343,-14.856185396818615,-13.852158950756778,-14.105473138729918,-14.289619820540159,0.38210682341195734,91,-0.40108728480821504,-0.3751135331516803,-0.4187311178247734,-0.37782464597770415,-0.4165159734779988,-0.39785451104807434,0.018508815667882008,60,0.767775037065524,-1.2525931055670758,1.3798667099112112,-1.0599408418599081,0.532510153015751,0.07352359051310045,1.043313298321668,3,-13.067786612695384,-11.604251710344727,-13.875900105131414,-11.706520812057823,-12.406864314144018,-12.532264710874674,0.854508765913515,88,9.92454653768532,14.289619820540159,0.39785451104807434,12.532264710874674,0.07352359051310045,n500__poisson__boostrap_false
58.18819961547852,2.8463148365043245,4.264976072311401,0.9286147492864363,False,poisson,20,1.0,4,4,500,"{'bootstrap': False, 'criterion': 'poisson', 'max_depth': 20, 'max_features': 1.0, 'min_samples_leaf': 4, 'min_samples_split': 4, 'n_estimators': 500}",-9.714871064812742,-9.958416822864754,-10.240675613781928,-9.905965004752652,-9.802804182214526,-9.924546537685321,0.179005624145095,33,-14.015284263023142,-14.618997353372343,-14.856185396818615,-13.852158950756778,-14.105473138729918,-14.289619820540159,0.3821068234119571,91,-0.40108728480821504,-0.3751135331516803,-0.4187311178247734,-0.37782464597770415,-0.4165159734779988,-0.39785451104807434,0.018508815667882008,60,0.7677750370655246,-1.2525931055670754,1.379866709911211,-1.0599408418599083,0.532510153015751,0.07352359051310058,1.043313298321668,1,-13.067786612695384,-11.604251710344728,-13.875900105131414,-11.706520812057823,-12.406864314144014,-12.532264710874674,0.8545087659135148,88,9.924546537685321,14.289619820540159,0.39785451104807434,12.532264710874674,0.07352359051310058,n500__poisson__boostrap_false
59.739184856414795,1.3388181333341829,4.928970432281494,0.328475029957512,False,poisson,20,1.0,4,8,500,"{'bootstrap': False, 'criterion': 'poisson', 'max_depth': 20, 'max_features': 1.0, 'min_samples_leaf': 4, 'min_samples_split': 8, 'n_estimators': 500}",-9.714871064812742,-9.958416822864754,-10.240675613781924,-9.905965004752652,-9.802804182214526,-9.92454653768532,0.17900562414509377,31,-14.015284263023142,-14.618997353372345,-14.856185396818617,-13.852158950756778,-14.105473138729918,-14.289619820540159,0.38210682341195795,91,-0.40108728480821504,-0.3751135331516803,-0.4187311178247734,-0.37782464597770415,-0.4165159734779988,-0.39785451104807434,0.018508815667882008,60,0.7677750370655246,-1.2525931055670758,1.379866709911211,-1.059940841859908,0.5325101530157508,0.07352359051310053,1.043313298321668,2,-13.067786612695384,-11.604251710344728,-13.875900105131414,-11.706520812057823,-12.406864314144018,-12.532264710874674,0.8545087659135147,88,9.92454653768532,14.289619820540159,0.39785451104807434,12.532264710874674,0.07352359051310053,n500__poisson__boostrap_false
74.69583806991577,1.9741173822403948,5.354016876220703,0.3057502911329147,False,poisson,22,0.875,1,2,500,"{'bootstrap': False, 'criterion': 'poisson', 'max_depth': 22, 'max_features': 0.875, 'min_samples_leaf': 1, 'min_samples_split': 2, 'n_estimators': 500}",-9.757663138316369,-10.004476583105426,-10.263015994155634,-10.002544154914382,-9.90236463831659,-9.986012901761681,0.16521837034560297,88,-13.988313678900573,-14.545322187475417,-14.77179076410436,-13.86751180989048,-14.112597078026655,-14.257107103679497,0.34435004007461445,43,-0.39595288432497733,-0.37571904329397515,-0.41842900302114805,-0.3772220548357939,-0.41742013261000604,-0.3969486236171801,0.018554317411890807,40,0.549861958817114,-1.4597555411123335,1.1418245775753102,-1.307836023188601,0.34060057010083034,-0.14706089156153598,1.04453885157861,88,-13.016100532650253,-11.37115777667332,-13.628166892573802,-11.524655067571036,-12.269371321851626,-12.361890318264006,0.8628465641027802,6,9.986012901761681,14.257107103679497,0.3969486236171801,12.361890318264006,-0.14706089156153598,n500__poisson__boostrap_false
68.65368185043334,2.899584011505193,5.301681232452393,0.6896330927899045,False,poisson,22,0.875,1,4,500,"{'bootstrap': False, 'criterion': 'poisson', 'max_depth': 22, 'max_features': 0.875, 'min_samples_leaf': 1, 'min_samples_split': 4, 'n_estimators': 500}",-9.777151035147241,-10.049504166108184,-10.234789362653382,-9.98982524143562,-9.873022247935943,-9.984858410656074,0.1564090182853778,86,-14.017583789603364,-14.592240534215298,-14.754986279476329,-13.829110636960376,-14.075297920116638,-14.2538438320744,0.356020173019688,35,-0.3953488372093023,-0.37178322736905844,-0.4178247734138973,-0.3754142814100633,-0.4168173598553345,-0.39543769585153116,0.01958953892076228,8,0.5664374936265413,-1.4442084651051557,1.1758075058600508,-1.3117176229290177,0.3285867265255384,-0.13701887240440858,1.0510770017349427,81,-13.08159725697861,-11.57300150668282,-13.654763425444493,-11.558041406831226,-12.23750490862733,-12.420981700912895,0.8313880382790952,23,9.984858410656074,14.2538438320744,0.39543769585153116,12.420981700912895,-0.13701887240440858,n500__poisson__boostrap_false
58.2671754360199,0.7318305742470947,5.4261252880096436,0.8264260083350624,False,poisson,22,0.875,1,8,500,"{'bootstrap': False, 'criterion': 'poisson', 'max_depth': 22, 'max_features': 0.875, 'min_samples_leaf': 1, 'min_samples_split': 8, 'n_estimators': 500}",-9.809938852215895,-10.044975043576683,-10.266896265723828,-10.031157041060153,-9.873107809217043,-10.005215002358721,0.1589440273431973,96,-14.051645001718336,-14.600980144844032,-14.791544793986887,-13.889411807865683,-14.065122355124728,-14.279740820707934,0.35087990455760537,81,-0.39655693144065235,-0.3729942476536482,-0.41842900302114805,-0.3772220548357939,-0.4180229053646775,-0.396645028463184,0.019329636659150176,33,0.5690873701510497,-1.4407430894852182,1.1716468366058164,-1.3158181464716232,0.32809379843627545,-0.13754664615273998,1.0504080093287838,82,-13.086426436503032,-11.534000870277639,-13.668439591592463,-11.552000715311234,-12.201725643184465,-12.408518651373766,0.847127784130178,19,10.005215002358721,14.279740820707934,0.396645028463184,12.408518651373766,-0.13754664615273998,n500__poisson__boostrap_false
62.08170566558838,0.5932051157768107,4.813849782943725,0.3417262771586799,False,poisson,22,0.875,2,2,500,"{'bootstrap': False, 'criterion': 'poisson', 'max_depth': 22, 'max_features': 0.875, 'min_samples_leaf': 2, 'min_samples_split': 2, 'n_estimators': 500}",-9.698895290109498,-9.98116447671576,-10.213393172117796,-9.934406430577873,-9.82938208755601,-9.931448291415387,0.17115593697506495,37,-13.9664219439866,-14.553992006912383,-14.772538874662924,-13.811326500707752,-14.065120037906668,-14.233879872835265,0.3663851188350461,5,-0.39716097855632737,-0.37208598244020585,-0.4172205438066465,-0.37902982826152454,-0.41862567811934903,-0.3968246022368106,0.01907903446958034,36,0.6527285394210722,-1.359415100090816,1.3186527632661245,-1.1719362467449717,0.48988314525444715,-0.014017379778828743,1.0606928583109096,64,-13.03202528500978,-11.585694951583479,-13.820084013801873,-11.559077321200876,-12.325169921693702,-12.464410298657942,0.8684692669859954,46,9.931448291415387,14.233879872835265,0.3968246022368106,12.464410298657942,-0.014017379778828743,n500__poisson__boostrap_false
61.036103582382204,2.4740558363434557,4.98759880065918,0.4031412779727281,False,poisson,22,0.875,2,4,500,"{'bootstrap': False, 'criterion': 'poisson', 'max_depth': 22, 'max_features': 0.875, 'min_samples_leaf': 2, 'min_samples_split': 4, 'n_estimators': 500}",-9.698895290109498,-9.98116447671576,-10.213393172117796,-9.934406430577875,-9.82938208755601,-9.931448291415387,0.17115593697506498,37,-13.9664219439866,-14.553992006912383,-14.772538874662924,-13.811326500707752,-14.065120037906668,-14.233879872835265,0.3663851188350461,5,-0.39716097855632737,-0.37208598244020585,-0.4172205438066465,-0.37902982826152454,-0.41862567811934903,-0.3968246022368106,0.01907903446958034,36,0.6527285394210727,-1.3594151000908161,1.3186527632661234,-1.171936246744971,0.48988314525444715,-0.014017379778828786,1.0606928583109092,65,-13.032025285009777,-11.585694951583482,-13.820084013801877,-11.559077321200874,-12.325169921693698,-12.464410298657942,0.8684692669859957,46,9.931448291415387,14.233879872835265,0.3968246022368106,12.464410298657942,-0.014017379778828786,n500__poisson__boostrap_false
53.35376811027527,2.291572368957675,5.559894561767578,0.857890039803579,False,poisson,22,0.875,2,8,500,"{'bootstrap': False, 'criterion': 'poisson', 'max_depth': 22, 'max_features': 0.875, 'min_samples_leaf': 2, 'min_samples_split': 8, 'n_estimators': 500}",-9.743743173055956,-10.036712686011839,-10.254945382397391,-9.96724104215008,-9.851975773673306,-9.970923611457716,0.17364888120636146,81,-14.009098292996041,-14.62416138713445,-14.816638564671253,-13.841737709718013,-14.091434658620319,-14.276614122628015,0.3761353869471332,80,-0.39867109634551495,-0.37178322736905844,-0.42235649546827797,-0.37872853269056944,-0.41892706449668476,-0.39809328327402105,0.020446497894967195,68,0.6575411648361462,-1.3788575867791275,1.301745513461809,-1.1771471504158146,0.4823395751671332,-0.02287569674597074,1.0624368594779456,69,-13.044944107106344,-11.64368704917168,-13.681204172136606,-11.604742094934775,-12.334265585414599,-12.4617686017528,0.8058691779189999,45,9.970923611457716,14.276614122628015,0.39809328327402105,12.4617686017528,-0.02287569674597074,n500__poisson__boostrap_false
55.43415675163269,0.37968201252925776,4.852400875091552,0.26490855047755996,False,poisson,22,0.875,3,2,500,"{'bootstrap': False, 'criterion': 'poisson', 'max_depth': 22, 'max_features': 0.875, 'min_samples_leaf': 3, 'min_samples_split': 2, 'n_estimators': 500}",-9.739377816714075,-9.994970026818821,-10.223218254016905,-9.94273152647717,-9.81228214339281,-9.942515953483957,0.16719521865580966,48,-14.024908775943848,-14.592289055205343,-14.808737339602693,-13.832776247643018,-14.076802351883911,-14.267102754055761,0.36949312171922344,63,-0.40018121413470253,-0.37481077808053287,-0.4199395770392749,-0.3811388972582103,-0.41983122362869196,-0.39918033802828257,0.018856170716686337,80,0.7510753508099429,-1.3029993771442205,1.352989520321881,-1.145967660009766,0.5361735031490189,0.03825426742537126,1.066387280486731,37,-13.107128467046044,-11.595145014489178,-13.783182637791862,-11.540102479369688,-12.324542654424189,-12.470020250624192,0.869668880160432,52,9.942515953483957,14.267102754055761,0.39918033802828257,12.470020250624192,0.03825426742537126,n500__poisson__boostrap_false
55.56813559532166,0.47320158291380593,4.631169319152832,0.16548453361854207,False,poisson,22,0.875,3,4,500,"{'bootstrap': False, 'criterion': 'poisson', 'max_depth': 22, 'max_features': 0.875, 'min_samples_leaf': 3, 'min_samples_split': 4, 'n_estimators': 500}",-9.739377816714075,-9.994970026818821,-10.223218254016905,-9.942731526477166,-9.81228214339281,-9.942515953483957,0.16719521865580966,48,-14.024908775943848,-14.592289055205345,-14.808737339602695,-13.832776247643016,-14.076802351883911,-14.267102754055761,0.3694931217192246,63,-0.40018121413470253,-0.37481077808053287,-0.4199395770392749,-0.3811388972582103,-0.41983122362869196,-0.39918033802828257,0.018856170716686337,80,0.7510753508099438,-1.30299937714422,1.3529895203218811,-1.1459676600097664,0.5361735031490189,0.03825426742537148,1.0663872804867311,36,-13.107128467046048,-11.59514501448918,-13.783182637791864,-11.540102479369686,-12.324542654424189,-12.470020250624193,0.869668880160433,53,9.942515953483957,14.267102754055761,0.39918033802828257,12.470020250624193,0.03825426742537148,n500__poisson__boostrap_false
50.12851915359497,2.3527351003082377,6.167748308181762,0.7960127293162746,False,poisson,22,0.875,3,8,500,"{'bootstrap': False, 'criterion': 'poisson', 'max_depth': 22, 'max_features': 0.875, 'min_samples_leaf': 3, 'min_samples_split': 8, 'n_estimators': 500}",-9.762276758012433,-9.992038964698159,-10.268771821139246,-9.949111038406736,-9.846700081754085,-9.963779732802132,0.1722469287212307,66,-14.053145516898244,-14.575380944753162,-14.816990620773241,-13.84749077455609,-14.07464037897966,-14.273529647192081,0.3622428087726466,73,-0.4025974025974026,-0.3781410838631547,-0.41933534743202416,-0.37842723711961435,-0.4213381555153707,-0.3999678453055133,0.01886324566302053,90,0.7522391886468444,-1.333822658282607,1.3441320251363742,-1.1504300816115776,0.5305198441915926,0.028527663616125333,1.0726144807415452,45,-13.058350449883296,-11.448394099315681,-13.846798174053427,-11.625327267357937,-12.314597894952703,-12.458693577112609,0.8969270587731585,38,9.963779732802132,14.273529647192081,0.3999678453055133,12.458693577112609,0.028527663616125333,n500__poisson__boostrap_false
50.173639631271364,0.8682573882941729,5.100216245651245,0.5257652493427803,False,poisson,22,0.875,4,2,500,"{'bootstrap': False, 'criterion': 'poisson', 'max_depth': 22, 'max_features': 0.875, 'min_samples_leaf': 4, 'min_samples_split': 2, 'n_estimators': 500}",-9.773424681006595,-10.052017759357527,-10.262846135338352,-9.948697850142016,-9.859945148326766,-9.979386314834251,0.16926486067967408,82,-14.058855029754676,-14.612069847515889,-14.852674029664852,-13.843797950234901,-14.104531022740812,-14.294385575982227,0.3760739001751034,94,-0.4013893083660526,-0.3760217983651226,-0.42235649546827797,-0.37872853269056944,-0.42224231464737794,-0.40014768990748006,0.020118568745451215,91,0.8058116156204218,-1.3433763942940007,1.392186243892729,-1.1242721816148142,0.5884353050273435,0.06375691772633589,1.0938093396991118,25,-13.17827365618211,-11.579968771660559,-13.797624168546093,-11.650067141544065,-12.372493341980347,-12.515685415982635,0.8634529225076542,74,9.979386314834251,14.294385575982227,0.40014768990748006,12.515685415982635,0.06375691772633589,n500__poisson__boostrap_false
49.225965881347655,0.6940416089040946,4.823463296890258,0.3728015393035125,False,poisson,22,0.875,4,4,500,"{'bootstrap': False, 'criterion': 'poisson', 'max_depth': 22, 'max_features': 0.875, 'min_samples_leaf': 4, 'min_samples_split': 4, 'n_estimators': 500}",-9.773424681006595,-10.052017759357527,-10.262846135338352,-9.948697850142016,-9.859945148326766,-9.979386314834251,0.16926486067967408,82,-14.058855029754675,-14.612069847515889,-14.852674029664852,-13.843797950234901,-14.104531022740812,-14.294385575982227,0.3760739001751036,94,-0.4013893083660526,-0.3760217983651226,-0.42235649546827797,-0.37872853269056944,-0.42224231464737794,-0.40014768990748006,0.020118568745451215,91,0.8058116156204214,-1.343376394294001,1.3921862438927293,-1.1242721816148142,0.5884353050273435,0.06375691772633581,1.0938093396991115,26,-13.17827365618211,-11.579968771660559,-13.797624168546095,-11.650067141544065,-12.372493341980347,-12.515685415982635,0.8634529225076546,74,9.979386314834251,14.294385575982227,0.40014768990748006,12.515685415982635,0.06375691772633581,n500__poisson__boostrap_false
48.733971405029294,1.894758501042071,6.601130962371826,0.846522715664461,False,poisson,22,0.875,4,8,500,"{'bootstrap': False, 'criterion': 'poisson', 'max_depth': 22, 'max_features': 0.875, 'min_samples_leaf': 4, 'min_samples_split': 8, 'n_estimators': 500}",-9.773424681006595,-10.052017759357527,-10.262846135338352,-9.948697850142016,-9.859945148326766,-9.979386314834251,0.16926486067967408,82,-14.058855029754676,-14.612069847515889,-14.852674029664852,-13.843797950234901,-14.10453102274081,-14.294385575982227,0.3760739001751036,94,-0.4013893083660526,-0.3760217983651226,-0.42235649546827797,-0.37872853269056944,-0.42224231464737794,-0.40014768990748006,0.020118568745451215,91,0.8058116156204213,-1.343376394294001,1.3921862438927293,-1.124272181614814,0.5884353050273444,0.063756917726336,1.0938093396991118,24,-13.17827365618211,-11.579968771660559,-13.797624168546093,-11.650067141544067,-12.372493341980347,-12.515685415982635,0.8634529225076537,74,9.979386314834251,14.294385575982227,0.40014768990748006,12.515685415982635,0.063756917726336,n500__poisson__boostrap_false
89.60726437568664,0.6993562961389524,5.242715644836426,0.7931270305273018,False,poisson,22,1.0,1,2,500,"{'bootstrap': False, 'criterion': 'poisson', 'max_depth': 22, 'max_features': 1.0, 'min_samples_leaf': 1, 'min_samples_split': 2, 'n_estimators': 500}",-9.707827011712869,-10.005011940649624,-10.237071098101197,-10.010276778494871,-9.872913132619047,-9.966619992315522,0.17451558077173057,70,-13.91364857378905,-14.654077969257418,-14.792189997900604,-13.881172988559339,-14.108435243456555,-14.269904954592594,0.3806505456592921,68,-0.3953488372093023,-0.3708749621556161,-0.4172205438066465,-0.377523350406749,-0.4116937914406269,-0.39453229700378817,0.01821490559217778,6,0.5112026985500048,-1.3942851218253138,1.134285249303583,-1.286900643541896,0.30393151609963653,-0.1463532602827971,1.0132475981304943,86,-12.92406698650893,-11.608665584725184,-13.627512494536505,-11.553425934520718,-12.359725675127596,-12.414679335083786,0.7905536721290538,21,9.966619992315522,14.269904954592594,0.39453229700378817,12.414679335083786,-0.1463532602827971,n500__poisson__boostrap_false
81.4655846118927,0.9853573807623055,3.732022428512573,0.33790922051571715,False,poisson,22,1.0,1,4,500,"{'bootstrap': False, 'criterion': 'poisson', 'max_depth': 22, 'max_features': 1.0, 'min_samples_leaf': 1, 'min_samples_split': 4, 'n_estimators': 500}",-9.719369138227785,-9.963589060550866,-10.229510128328576,-9.972892937361088,-9.84979322738372,-9.947030898370407,0.16853639063624304,55,-13.933687308672749,-14.604757759263682,-14.768498199701861,-13.841859898719688,-14.065581287264699,-14.242876890724535,0.3728490525662756,20,-0.39323467230443976,-0.3708749621556161,-0.4169184290030212,-0.37782464597770415,-0.4138034960819771,-0.3945312411045516,0.01850954855749842,5,0.514275715751379,-1.3542876853486125,1.148736707161126,-1.2650766071660602,0.33299653613653707,-0.12467106669312611,1.0051628534325765,78,-13.012134451430496,-11.60674385399716,-13.645651096185116,-11.52362137157787,-12.303895278718212,-12.418409210381771,0.8162342403868974,22,9.947030898370407,14.242876890724535,0.3945312411045516,12.418409210381771,-0.12467106669312611,n500__poisson__boostrap_false
66.08023815155029,8.096531194505886,5.240877723693847,1.2413302252648668,False,poisson,22,1.0,1,8,500,"{'bootstrap': False, 'criterion': 'poisson', 'max_depth': 22, 'max_features': 1.0, 'min_samples_leaf': 1, 'min_samples_split': 8, 'n_estimators': 500}",-9.72746052803585,-9.971204039217737,-10.227948910416917,-9.94438820282255,-9.87713340219307,-9.949627016537224,0.16283080938408498,60,-13.966525488409433,-14.603864724876557,-14.774211927104282,-13.831526543487406,-14.11315601239532,-14.2578569392546,0.3671277271001885,47,-0.39595288432497733,-0.3726914925825008,-0.41812688821752264,-0.3793311238324797,-0.4177215189873418,-0.39676478158896444,0.018866050384331493,35,0.5539006836526309,-1.4118607983047604,1.1605268797264536,-1.2638081894926085,0.34057707974114954,-0.124132868935427,1.0279239817254113,77,-12.983061392791974,-11.483148141647261,-13.618444676797164,-11.441955942907896,-12.2302898192849,-12.35137999468584,0.8485299976463813,4,9.949627016537224,14.2578569392546,0.39676478158896444,12.35137999468584,-0.124132868935427,n500__poisson__boostrap_false
69.48012585639954,5.646330654037588,4.810606670379639,1.0170591108930793,False,poisson,22,1.0,2,2,500,"{'bootstrap': False, 'criterion': 'poisson', 'max_depth': 22, 'max_features': 1.0, 'min_samples_leaf': 2, 'min_samples_split': 2, 'n_estimators': 500}",-9.666506081502007,-9.95850621551703,-10.179573130581513,-9.873002493057628,-9.823297666444066,-9.90017711742045,0.1689470207336882,16,-13.924227301591253,-14.640725585449884,-14.770948925229174,-13.7847869031872,-14.115039002181698,-14.247145543527841,0.39109565930104934,22,-0.3968589549984899,-0.3726914925825008,-0.41812688821752264,-0.377523350406749,-0.4141048824593128,-0.395861113732915,0.01845372811110633,18,0.6355677267352491,-1.2752726445615514,1.2722884448536185,-1.1586584889788711,0.46316212003483714,-0.012582568383343573,1.0203138319678728,60,-12.979515364944271,-11.649358442268863,-13.69424198507597,-11.541463587205666,-12.420114109001819,-12.456938697699318,0.8118672792186091,35,9.90017711742045,14.247145543527841,0.395861113732915,12.456938697699318,-0.012582568383343573,n500__poisson__boostrap_false
73.07276539802551,0.9712724394593756,3.2529266357421873,0.46371789926782686,False,poisson,22,1.0,2,4,500,"{'bootstrap': False, 'criterion': 'poisson', 'max_depth': 22, 'max_features': 1.0, 'min_samples_leaf': 2, 'min_samples_split': 4, 'n_estimators': 500}",-9.666506081502007,-9.95850621551703,-10.179573130581513,-9.873002493057628,-9.823297666444066,-9.90017711742045,0.1689470207336882,16,-13.924227301591252,-14.640725585449886,-14.770948925229174,-13.7847869031872,-14.115039002181698,-14.247145543527841,0.39109565930104995,22,-0.3968589549984899,-0.3726914925825008,-0.41812688821752264,-0.377523350406749,-0.4141048824593128,-0.395861113732915,0.01845372811110633,18,0.6355677267352486,-1.2752726445615514,1.2722884448536178,-1.1586584889788711,0.46316212003483737,-0.012582568383343751,1.0203138319678724,61,-12.979515364944271,-11.649358442268863,-13.69424198507597,-11.541463587205666,-12.42011410900182,-12.456938697699318,0.811867279218609,35,9.90017711742045,14.247145543527841,0.395861113732915,12.456938697699318,-0.012582568383343751,n500__poisson__boostrap_false
67.02720642089844,3.2702915204710745,3.1802117824554443,0.8497981422538192,False,poisson,22,1.0,2,8,500,"{'bootstrap': False, 'criterion': 'poisson', 'max_depth': 22, 'max_features': 1.0, 'min_samples_leaf': 2, 'min_samples_split': 8, 'n_estimators': 500}",-9.680308355100182,-9.985931421945674,-10.179883450860588,-9.913004177408476,-9.84256467838634,-9.920338416740252,0.16454971467824495,27,-13.94942468647029,-14.655130652126068,-14.761880952946456,-13.821924656191685,-14.106137078441458,-14.258899605235191,0.3794858362822525,48,-0.39625490788281487,-0.37178322736905844,-0.4190332326283988,-0.37390780355528774,-0.41742013261000604,-0.3956798608091131,0.020314633342867254,13,0.6529942142946786,-1.3156934785192296,1.2726762763578718,-1.1767141774729515,0.4490135413295135,-0.02354472480202342,1.0354374267098514,70,-13.038706100330174,-11.660340361212356,-13.665455190011933,-11.682411970099118,-12.327601636468305,-12.474903051624377,0.7808380715314105,56,9.920338416740252,14.258899605235191,0.3956798608091131,12.474903051624377,-0.02354472480202342,n500__poisson__boostrap_false
61.86913146972656,4.553752972874023,3.415211391448975,0.6926323809481844,False,poisson,22,1.0,3,2,500,"{'bootstrap': False, 'criterion': 'poisson', 'max_depth': 22, 'max_features': 1.0, 'min_samples_leaf': 3, 'min_samples_split': 2, 'n_estimators': 500}",-9.690697247607021,-9.93584511466368,-10.186507813252062,-9.883205403219222,-9.800337444794513,-9.8993186047073,0.16576586099218282,14,-13.977039373246829,-14.616137695823054,-14.77074845071161,-13.799364484946,-14.088884682298197,-14.250434937405137,0.3765030762562362,28,-0.3983690727876774,-0.37390251286709053,-0.4178247734138973,-0.3763181681229286,-0.41500904159132007,-0.3962847137565828,0.01853939069480048,28,0.7277409153928293,-1.2413280919770948,1.3717410746541403,-1.1303414871463937,0.5253167373571617,0.05062582965612854,1.048140308043882,28,-13.076364199276915,-11.626716488232303,-13.831454742939092,-11.629605819633998,-12.440276171524784,-12.52088348432142,0.851652966876083,82,9.8993186047073,14.250434937405137,0.3962847137565828,12.52088348432142,0.05062582965612854,n500__poisson__boostrap_false
64.62501363754272,0.8071379621937376,2.3488595485687256,0.4774042334678712,False,poisson,22,1.0,3,4,500,"{'bootstrap': False, 'criterion': 'poisson', 'max_depth': 22, 'max_features': 1.0, 'min_samples_leaf': 3, 'min_samples_split': 4, 'n_estimators': 500}",-9.690697247607021,-9.93584511466368,-10.186507813252062,-9.883205403219225,-9.800337444794513,-9.8993186047073,0.16576586099218277,14,-13.977039373246829,-14.616137695823054,-14.77074845071161,-13.799364484946,-14.088884682298197,-14.250434937405137,0.3765030762562362,28,-0.3983690727876774,-0.37390251286709053,-0.4178247734138973,-0.3763181681229286,-0.41500904159132007,-0.3962847137565828,0.01853939069480048,28,0.7277409153928289,-1.2413280919770953,1.37174107465414,-1.1303414871463924,0.525316737357162,0.050625829656128676,1.0481403080438818,27,-13.076364199276918,-11.626716488232303,-13.831454742939092,-11.629605819633998,-12.440276171524784,-12.52088348432142,0.8516529668760835,82,9.8993186047073,14.250434937405137,0.3962847137565828,12.52088348432142,0.050625829656128676,n500__poisson__boostrap_false
63.39418940544128,0.8072930892413007,1.9515894412994386,0.7672400552711754,False,poisson,22,1.0,3,8,500,"{'bootstrap': False, 'criterion': 'poisson', 'max_depth': 22, 'max_features': 1.0, 'min_samples_leaf': 3, 'min_samples_split': 8, 'n_estimators': 500}",-9.666917972098808,-9.936895389456872,-10.230550353429548,-9.877904281373018,-9.832675438655347,-9.908988687002719,0.18415692901318356,20,-13.93930957090072,-14.613425589813131,-14.817044158814943,-13.776385538955378,-14.134117169710445,-14.256056405638924,0.3969135593378621,40,-0.39625490788281487,-0.37117771722676357,-0.4175226586102719,-0.37902982826152454,-0.41561181434599154,-0.39591938526547327,0.018719043943831202,20,0.7298313076046661,-1.2561749536652744,1.3077516068367685,-1.1263428755531943,0.5221809908086301,0.03544921520631918,1.0349764773305377,41,-13.11876404919901,-11.693482707756788,-13.817575791780575,-11.544686926039747,-12.457365349152091,-12.526374964785642,0.8579402831490988,84,9.908988687002719,14.256056405638924,0.39591938526547327,12.526374964785642,0.03544921520631918,n500__poisson__boostrap_false
60.75111546516418,0.8738726154356079,2.1618369102478026,1.289043545905055,False,poisson,22,1.0,4,2,500,"{'bootstrap': False, 'criterion': 'poisson', 'max_depth': 22, 'max_features': 1.0, 'min_samples_leaf': 4, 'min_samples_split': 2, 'n_estimators': 500}",-9.699727426338695,-9.98457997293607,-10.228782317409792,-9.887356443813594,-9.827351205146455,-9.925559473128923,0.17750040078699153,34,-13.981101159219458,-14.645317148024615,-14.830437979030355,-13.815521783848801,-14.130222401648128,-14.280520094354273,0.3908838943154808,82,-0.40018121413470253,-0.37420526793823794,-0.4199395770392749,-0.3769207592648388,-0.4165159734779988,-0.39755255837101056,0.01917533130564801,53,0.7762657058678967,-1.263279241059525,1.3575648992411198,-1.0866049724844142,0.5671194242546286,0.07021316316394115,1.0506313062951618,9,-13.089061607824917,-11.653097215771936,-13.795255139249827,-11.674538022918284,-12.47787755005528,-12.537965907164049,0.8266309463557333,91,9.925559473128923,14.280520094354273,0.39755255837101056,12.537965907164049,0.07021316316394115,n500__poisson__boostrap_false
60.199562549591064,0.47520752507713726,3.445489263534546,0.11070533414079022,False,poisson,22,1.0,4,4,500,"{'bootstrap': False, 'criterion': 'poisson', 'max_depth': 22, 'max_features': 1.0, 'min_samples_leaf': 4, 'min_samples_split': 4, 'n_estimators': 500}",-9.699727426338693,-9.984579972936071,-10.228782317409792,-9.887356443813594,-9.827351205146455,-9.925559473128923,0.17750040078699206,34,-13.981101159219458,-14.645317148024615,-14.830437979030354,-13.815521783848801,-14.130222401648128,-14.280520094354273,0.3908838943154804,82,-0.40018121413470253,-0.37420526793823794,-0.4199395770392749,-0.3769207592648388,-0.4165159734779988,-0.39755255837101056,0.01917533130564801,53,0.776265705867896,-1.263279241059525,1.35756489924112,-1.086604972484414,0.5671194242546297,0.07021316316394133,1.0506313062951618,7,-13.089061607824913,-11.653097215771936,-13.795255139249827,-11.674538022918284,-12.47787755005528,-12.537965907164049,0.8266309463557329,91,9.925559473128923,14.280520094354273,0.39755255837101056,12.537965907164049,0.07021316316394133,n500__poisson__boostrap_false
62.05238442420959,1.096683043328269,3.2541982650756838,0.28976743927975,False,poisson,22,1.0,4,8,500,"{'bootstrap': False, 'criterion': 'poisson', 'max_depth': 22, 'max_features': 1.0, 'min_samples_leaf': 4, 'min_samples_split': 8, 'n_estimators': 500}",-9.699727426338695,-9.98457997293607,-10.228782317409793,-9.887356443813594,-9.827351205146456,-9.925559473128923,0.17750040078699192,34,-13.981101159219458,-14.645317148024615,-14.830437979030355,-13.815521783848801,-14.130222401648128,-14.280520094354273,0.3908838943154808,82,-0.40018121413470253,-0.37420526793823794,-0.4199395770392749,-0.3769207592648388,-0.4165159734779988,-0.39755255837101056,0.01917533130564801,53,0.776265705867896,-1.263279241059525,1.3575648992411198,-1.086604972484414,0.5671194242546295,0.07021316316394124,1.0506313062951618,8,-13.089061607824917,-11.653097215771936,-13.795255139249825,-11.674538022918284,-12.47787755005528,-12.537965907164049,0.8266309463557328,91,9.925559473128923,14.280520094354273,0.39755255837101056,12.537965907164049,0.07021316316394124,n500__poisson__boostrap_false
73.11017456054688,2.0864382598888818,5.973357200622559,1.3625176493365732,False,poisson,24,0.875,1,2,500,"{'bootstrap': False, 'criterion': 'poisson', 'max_depth': 24, 'max_features': 0.875, 'min_samples_leaf': 1, 'min_samples_split': 2, 'n_estimators': 500}",-9.749524991661028,-10.026101116856916,-10.266283394447985,-9.995217894026531,-9.887755153337205,-9.984976510065932,0.17077417378118304,87,-13.96893415967271,-14.553296227151286,-14.799620106868673,-13.843431134123543,-14.07914651792072,-14.248885629147384,0.3653906993354153,25,-0.39806704922983993,-0.37329700272479566,-0.416012084592145,-0.3769207592648388,-0.4165159734779988,-0.39616257385792364,0.0184660377504405,26,0.5386017440067158,-1.4947842081843374,1.1718752935255135,-1.3436937854904523,0.297291914238189,-0.16614180838087428,1.0633572626579078,93,-12.922605319345942,-11.426982866725679,-13.747387529844687,-11.476582140779875,-12.226478353912864,-12.36000724212181,0.884324037670465,5,9.984976510065932,14.248885629147384,0.39616257385792364,12.36000724212181,-0.16614180838087428,n500__poisson__boostrap_false
70.42803535461425,0.20182008722742295,3.6340803146362304,0.27117358101422406,False,poisson,24,0.875,1,4,500,"{'bootstrap': False, 'criterion': 'poisson', 'max_depth': 24, 'max_features': 0.875, 'min_samples_leaf': 1, 'min_samples_split': 4, 'n_estimators': 500}",-9.747460183105344,-10.0576858181197,-10.273538670195878,-10.007309232028481,-9.866389514004076,-9.990476683490696,0.17853802725250748,91,-13.98592021452457,-14.612280563140025,-14.797047590779465,-13.844957432378264,-14.070438475727864,-14.262128855310038,0.3730449525277893,56,-0.3968589549984899,-0.371480472297911,-0.41812688821752264,-0.3766194636938837,-0.41742013261000604,-0.3961011823635626,0.019626106612383103,24,0.5385423629633371,-1.4628917453267076,1.1609719756112957,-1.3366728239442094,0.3070336538976631,-0.15860331535972425,1.0519624430641246,91,-12.959267286922907,-11.568298623649246,-13.673493582955832,-11.511136895372678,-12.186071505811542,-12.379653578942442,0.8318733219210404,10,9.990476683490696,14.262128855310038,0.3961011823635626,12.379653578942442,-0.15860331535972425,n500__poisson__boostrap_false
64.77071642875671,1.0648646777992339,5.061365556716919,0.6915718799033329,False,poisson,24,0.875,1,8,500,"{'bootstrap': False, 'criterion': 'poisson', 'max_depth': 24, 'max_features': 0.875, 'min_samples_leaf': 1, 'min_samples_split': 8, 'n_estimators': 500}",-9.794679030603179,-10.031957481692361,-10.273937087770276,-10.032812241953064,-9.870995698911212,-10.000876308186019,0.16488445803497467,95,-13.997089260232837,-14.559910965535215,-14.805451379047316,-13.881132035750264,-14.058611246982482,-14.260438977509622,0.3579618001709738,53,-0.39716097855632737,-0.37420526793823794,-0.4187311178247734,-0.3727026212714673,-0.42163954189270647,-0.3968879054967025,0.020924980371073935,39,0.5565348539726823,-1.488311292649532,1.1847295280501615,-1.3186848653327705,0.36007883357363585,-0.14113058847716461,1.0674626857716738,83,-13.031509190810144,-11.415721424922518,-13.682606961892372,-11.690456250203214,-12.132489384840861,-12.390556642533822,0.8470250488889165,13,10.000876308186019,14.260438977509622,0.3968879054967025,12.390556642533822,-0.14113058847716461,n500__poisson__boostrap_false
60.9693859577179,3.3334219260684157,4.610129737854004,0.8236433101092745,False,poisson,24,0.875,2,2,500,"{'bootstrap': False, 'criterion': 'poisson', 'max_depth': 24, 'max_features': 0.875, 'min_samples_leaf': 2, 'min_samples_split': 2, 'n_estimators': 500}",-9.716703870762043,-10.001262950038626,-10.250620041227807,-9.94029376314122,-9.832095626024593,-9.948195250238857,0.17967011436511868,56,-13.991554538965826,-14.575060547636124,-14.809719865802025,-13.807930483556257,-14.10461548661795,-14.257776184515635,0.37470108433366844,44,-0.4013893083660526,-0.3723887375113533,-0.4175226586102719,-0.3793311238324797,-0.4159132007233273,-0.39730900580869694,0.018523394447703838,48,0.6943590526184208,-1.3427151077307913,1.3048442865660907,-1.1850285885267657,0.4914613673760283,-0.007415797939403434,1.0614319599125792,54,-12.96878455203639,-11.625684359001129,-13.838128409912374,-11.540399171781322,-12.41071090728379,-12.476741480003,0.8603343461203493,58,9.948195250238857,14.257776184515635,0.39730900580869694,12.476741480003,-0.007415797939403434,n500__poisson__boostrap_false
65.19713678359986,1.096884985762662,2.811921739578247,0.18710256069779393,False,poisson,24,0.875,2,4,500,"{'bootstrap': False, 'criterion': 'poisson', 'max_depth': 24, 'max_features': 0.875, 'min_samples_leaf': 2, 'min_samples_split': 4, 'n_estimators': 500}",-9.716703870762043,-10.001262950038626,-10.250620041227805,-9.94029376314122,-9.832095626024591,-9.948195250238857,0.17967011436511832,56,-13.991554538965826,-14.575060547636122,-14.809719865802025,-13.807930483556257,-14.104615486617949,-14.257776184515635,0.3747010843336683,44,-0.4013893083660526,-0.3723887375113533,-0.4175226586102719,-0.3793311238324797,-0.4159132007233273,-0.39730900580869694,0.018523394447703838,48,0.6943590526184207,-1.3427151077307904,1.3048442865660914,-1.1850285885267662,0.491461367376028,-0.00741579793940329,1.0614319599125792,53,-12.96878455203639,-11.625684359001127,-13.838128409912374,-11.540399171781322,-12.41071090728379,-12.476741480003,0.8603343461203496,58,9.948195250238857,14.257776184515635,0.39730900580869694,12.476741480003,-0.00741579793940329,n500__poisson__boostrap_false
59.032571363449094,0.4836386915899506,3.614669132232666,0.11392759747035341,False,poisson,24,0.875,2,8,500,"{'bootstrap': False, 'criterion': 'poisson', 'max_depth': 24, 'max_features': 0.875, 'min_samples_leaf': 2, 'min_samples_split': 8, 'n_estimators': 500}",-9.740140188231047,-10.00268994469035,-10.241595018660506,-9.990493632166386,-9.845535605497846,-9.964090877849227,0.1693545426297816,67,-14.002524865782252,-14.58276081928207,-14.790511208288029,-13.869000400625012,-14.06963011486956,-14.262885481769384,0.35804745025598933,57,-0.39565086076713984,-0.37390251286709053,-0.41812688821752264,-0.3769207592648388,-0.41952983725135623,-0.3968261716735896,0.019453934758388084,38,0.6522408094311987,-1.3912005329650927,1.320809300153344,-1.2153275308528781,0.4502974532034513,-0.03663610020599536,1.0750322774875496,72,-13.133272321854845,-11.515688067582397,-13.826430019968875,-11.640598037673673,-12.270680347978058,-12.477333759011568,0.8852017685310857,60,9.964090877849227,14.262885481769384,0.3968261716735896,12.477333759011568,-0.03663610020599536,n500__poisson__boostrap_false
57.92555856704712,1.2363095034209965,3.4301312446594237,0.5663911135544275,False,poisson,24,0.875,3,2,500,"{'bootstrap': False, 'criterion': 'poisson', 'max_depth': 24, 'max_features': 0.875, 'min_samples_leaf': 3, 'min_samples_split': 2, 'n_estimators': 500}",-9.72453899828269,-9.968655254013298,-10.24958028011486,-9.941889552467325,-9.813850175917874,-9.93970285215921,0.1783263433819411,43,-14.00753491059312,-14.560087503625308,-14.831630425864057,-13.82974909222895,-14.072851882924121,-14.260370763047112,0.374350650863997,51,-0.399879190576865,-0.3751135331516803,-0.41933534743202416,-0.3799337149743899,-0.4177215189873418,-0.3983966610244602,0.01842314326070138,75,0.7498573727979895,-1.323424386068817,1.3575759704687858,-1.1615929438571042,0.5498699388085037,0.03445719042987152,1.077262208353906,43,-13.09695105160428,-11.52348569686062,-13.839944952965368,-11.555037448048106,-12.405058925202786,-12.484095614936232,0.8951074241875565,62,9.93970285215921,14.260370763047112,0.3983966610244602,12.484095614936232,0.03445719042987152,n500__poisson__boostrap_false
54.29524927139282,1.3706336303073408,4.463538265228271,0.7508155724558256,False,poisson,24,0.875,3,4,500,"{'bootstrap': False, 'criterion': 'poisson', 'max_depth': 24, 'max_features': 0.875, 'min_samples_leaf': 3, 'min_samples_split': 4, 'n_estimators': 500}",-9.724538998282691,-9.968655254013298,-10.249580280114861,-9.941889552467325,-9.813850175917874,-9.93970285215921,0.17832634338194128,43,-14.00753491059312,-14.56008750362531,-14.831630425864057,-13.82974909222895,-14.072851882924123,-14.260370763047112,0.3743506508639971,51,-0.399879190576865,-0.3751135331516803,-0.41933534743202416,-0.3799337149743899,-0.4177215189873418,-0.3983966610244602,0.01842314326070138,75,0.7498573727979898,-1.323424386068817,1.3575759704687855,-1.161592943857104,0.5498699388085037,0.03445719042987159,1.077262208353906,42,-13.09695105160428,-11.523485696860623,-13.839944952965368,-11.555037448048106,-12.405058925202788,-12.484095614936233,0.8951074241875557,63,9.93970285215921,14.260370763047112,0.3983966610244602,12.484095614936233,0.03445719042987159,n500__poisson__boostrap_false
51.8454891204834,1.2564971303711394,4.16310749053955,0.40232200499923115,False,poisson,24,0.875,3,8,500,"{'bootstrap': False, 'criterion': 'poisson', 'max_depth': 24, 'max_features': 0.875, 'min_samples_leaf': 3, 'min_samples_split': 8, 'n_estimators': 500}",-9.736209280723136,-9.994280343200794,-10.251024148556313,-9.94940848667666,-9.850117271152717,-9.956207906061923,0.17208543074797206,65,-14.001723444550235,-14.574957614061427,-14.822002465757699,-13.83862746218008,-14.079288212805732,-14.263319839871034,0.3719968570415334,58,-0.399879190576865,-0.3745080230093854,-0.41933534743202416,-0.3772220548357939,-0.41862567811934903,-0.39791405879468356,0.019327214304564518,63,0.7355132951513093,-1.3378559323810677,1.325993199398707,-1.1640131509830323,0.5175392627698582,0.01543533479115491,1.0687074926632087,48,-13.093607797855094,-11.557061369821163,-13.804008437223025,-11.644859073149822,-12.382967739220701,-12.496500883453962,0.8587016732324485,68,9.956207906061923,14.263319839871034,0.39791405879468356,12.496500883453962,0.01543533479115491,n500__poisson__boostrap_false
54.53446311950684,0.9029907306183762,3.395235300064087,1.0567584418229992,False,poisson,24,0.875,4,2,500,"{'bootstrap': False, 'criterion': 'poisson', 'max_depth': 24, 'max_features': 0.875, 'min_samples_leaf': 4, 'min_samples_split': 2, 'n_estimators': 500}",-9.76080806940524,-10.03027381164803,-10.25090020810116,-9.943486581622967,-9.85457009581104,-9.968007753317687,0.16751495575542674,72,-14.042992989039137,-14.580130409652673,-14.831731922126892,-13.845974718311286,-14.105996438616149,-14.281365295549227,0.3658700764742222,85,-0.40380549682875266,-0.37541628822282774,-0.4217522658610272,-0.37902982826152454,-0.41983122362869196,-0.3999670205605648,0.019621528258934127,87,0.8042560277360529,-1.3386598477625387,1.4085073093374922,-1.1371766844467939,0.5887927990090637,0.06514392077465525,1.0992142563088778,16,-13.081872560072856,-11.575968113997492,-13.822578396390378,-11.61690880315092,-12.437572894836,-12.506980153689529,0.8631486326001433,70,9.968007753317687,14.281365295549227,0.3999670205605648,12.506980153689529,0.06514392077465525,n500__poisson__boostrap_false
51.14044270515442,1.3235940345576436,4.512352657318115,0.41118841932456524,False,poisson,24,0.875,4,4,500,"{'bootstrap': False, 'criterion': 'poisson', 'max_depth': 24, 'max_features': 0.875, 'min_samples_leaf': 4, 'min_samples_split': 4, 'n_estimators': 500}",-9.760808069405238,-10.03027381164803,-10.25090020810116,-9.943486581622967,-9.854570095811036,-9.968007753317686,0.16751495575542766,71,-14.042992989039137,-14.580130409652673,-14.831731922126894,-13.845974718311286,-14.105996438616147,-14.281365295549227,0.3658700764742229,85,-0.40380549682875266,-0.37541628822282774,-0.4217522658610272,-0.37902982826152454,-0.41983122362869196,-0.3999670205605648,0.019621528258934127,87,0.8042560277360531,-1.3386598477625389,1.408507309337492,-1.137176684446794,0.5887927990090638,0.06514392077465518,1.099214256308878,17,-13.081872560072856,-11.575968113997492,-13.822578396390378,-11.61690880315092,-12.437572894836,-12.506980153689529,0.8631486326001433,70,9.968007753317686,14.281365295549227,0.3999670205605648,12.506980153689529,0.06514392077465518,n500__poisson__boostrap_false
49.75240688323974,0.9878491797425576,4.815642356872559,0.2501564638886294,False,poisson,24,0.875,4,8,500,"{'bootstrap': False, 'criterion': 'poisson', 'max_depth': 24, 'max_features': 0.875, 'min_samples_leaf': 4, 'min_samples_split': 8, 'n_estimators': 500}",-9.76080806940524,-10.030273811648028,-10.25090020810116,-9.943486581622967,-9.85457009581104,-9.968007753317687,0.1675149557554266,72,-14.042992989039139,-14.580130409652673,-14.831731922126895,-13.845974718311286,-14.105996438616147,-14.281365295549227,0.36587007647422326,85,-0.40380549682875266,-0.37541628822282774,-0.4217522658610272,-0.37902982826152454,-0.41983122362869196,-0.3999670205605648,0.019621528258934127,87,0.8042560277360528,-1.3386598477625389,1.4085073093374916,-1.1371766844467945,0.5887927990090643,0.06514392077465506,1.099214256308878,18,-13.081872560072856,-11.575968113997492,-13.822578396390378,-11.61690880315092,-12.437572894836,-12.506980153689529,0.8631486326001433,70,9.968007753317687,14.281365295549227,0.3999670205605648,12.506980153689529,0.06514392077465506,n500__poisson__boostrap_false
90.64877619743348,3.6813182082083045,5.603183889389038,0.9530076067898098,False,poisson,24,1.0,1,2,500,"{'bootstrap': False, 'criterion': 'poisson', 'max_depth': 24, 'max_features': 1.0, 'min_samples_leaf': 1, 'min_samples_split': 2, 'n_estimators': 500}",-9.71048363031769,-9.971895053917745,-10.206224689023424,-9.963921211048483,-9.875818397114728,-9.945668596284415,0.16068695095119087,52,-13.932376690315895,-14.593314051647106,-14.764301914743953,-13.84125298507069,-14.121201194251263,-14.250489367205782,0.36521709204169084,30,-0.39323467230443976,-0.37026945201332123,-0.4163141993957704,-0.37601687255197347,-0.4165159734779988,-0.39447023394870073,0.01944687359729174,3,0.4909886144705541,-1.389397707288918,1.1008570379260925,-1.3080226953998384,0.27107933979005405,-0.1668990821004112,1.0028472354873497,94,-12.971226805873222,-11.589529327847513,-13.57998567351339,-11.509986848332472,-12.18068259444648,-12.366282250002616,0.8012575197849612,7,9.945668596284415,14.250489367205782,0.39447023394870073,12.366282250002616,-0.1668990821004112,n500__poisson__boostrap_false
79.97280426025391,2.8430927674424176,5.680282926559448,0.773708109759105,False,poisson,24,1.0,1,4,500,"{'bootstrap': False, 'criterion': 'poisson', 'max_depth': 24, 'max_features': 1.0, 'min_samples_leaf': 1, 'min_samples_split': 4, 'n_estimators': 500}",-9.7100881345328,-9.981767847672451,-10.1981688959058,-9.960750024619465,-9.856171678318209,-9.941389316209746,0.16043895900625751,47,-13.921682069766826,-14.62892654393992,-14.72791133267707,-13.839599731430472,-14.090406625112537,-14.241705260585366,0.36696911127672566,14,-0.3923286016309272,-0.37117771722676357,-0.4151057401812689,-0.377523350406749,-0.41139240506329117,-0.39350556290179994,0.017560500149898486,1,0.49809169097788797,-1.342649303281542,1.126087316700939,-1.2959396938144743,0.3086895673617917,-0.14114408441107948,0.9994014013637461,84,-13.009731871541911,-11.637442313263938,-13.640206718969544,-11.475860130862635,-12.35421597551877,-12.42349140203136,0.8178937988921773,24,9.941389316209746,14.241705260585366,0.39350556290179994,12.42349140203136,-0.14114408441107948,n500__poisson__boostrap_false
68.53855452537536,0.3306592066771383,5.187675523757934,0.33426764238171225,False,poisson,24,1.0,1,8,500,"{'bootstrap': False, 'criterion': 'poisson', 'max_depth': 24, 'max_features': 1.0, 'min_samples_leaf': 1, 'min_samples_split': 8, 'n_estimators': 500}",-9.716718709498952,-9.989680671542244,-10.225970230216582,-9.960314463879307,-9.85349874116498,-9.949236563260413,0.1682677931757918,59,-13.926513735531762,-14.614662915758498,-14.788782720269127,-13.851083773294846,-14.095682631227731,-14.255345155216393,0.37701840217733207,39,-0.3968589549984899,-0.371480472297911,-0.4175226586102719,-0.37842723711961435,-0.41561181434599154,-0.3959802274744557,0.01875416315651178,23,0.5273782457740157,-1.426437542055004,1.1693910583030143,-1.2966623435644862,0.29427847492260445,-0.14641042132397114,1.0335453854957941,87,-12.906470707347335,-11.525832133943096,-13.646398648697492,-11.446919342087932,-12.208239594988617,-12.346772085412894,0.8372765810509801,3,9.949236563260413,14.255345155216393,0.3959802274744557,12.346772085412894,-0.14641042132397114,n500__poisson__boostrap_false
69.84657487869262,1.0275306551094991,5.912407922744751,0.6662224137646671,False,poisson,24,1.0,2,2,500,"{'bootstrap': False, 'criterion': 'poisson', 'max_depth': 24, 'max_features': 1.0, 'min_samples_leaf': 2, 'min_samples_split': 2, 'n_estimators': 500}",-9.63086585835467,-9.93675288359522,-10.144477900290225,-9.904936698290994,-9.796646802137179,-9.882736028533657,0.1689789545041537,1,-13.898782066663848,-14.588469561453982,-14.733984925829775,-13.803085108149835,-14.083752780035738,-14.221614888426638,0.3729610100443074,1,-0.3953488372093023,-0.3723887375113533,-0.4175226586102719,-0.377523350406749,-0.41621458710066306,-0.3957996341676679,0.018819967813204774,14,0.6544170408224156,-1.2899360876310118,1.285129582751024,-1.143970833937719,0.4524513851397864,-0.008381782571100949,1.025357017957464,55,-13.00785778425337,-11.609933283361698,-13.687409829546503,-11.603210576132689,-12.312276533448578,-12.444137601348567,0.8104256566936382,30,9.882736028533657,14.221614888426638,0.3957996341676679,12.444137601348567,-0.008381782571100949,n500__poisson__boostrap_false
69.55003795623779,1.5244297640174096,4.958176183700561,0.23983841699885158,False,poisson,24,1.0,2,4,500,"{'bootstrap': False, 'criterion': 'poisson', 'max_depth': 24, 'max_features': 1.0, 'min_samples_leaf': 2, 'min_samples_split': 4, 'n_estimators': 500}",-9.630865858354667,-9.936752883595219,-10.144477900290223,-9.904936698290994,-9.796646802137179,-9.882736028533657,0.16897895450415357,1,-13.898782066663848,-14.588469561453982,-14.733984925829775,-13.803085108149835,-14.083752780035738,-14.221614888426638,0.3729610100443074,1,-0.3953488372093023,-0.3723887375113533,-0.4175226586102719,-0.377523350406749,-0.41621458710066306,-0.3957996341676679,0.018819967813204774,14,0.6544170408224156,-1.2899360876310129,1.2851295827510243,-1.1439708339377186,0.45245138513978583,-0.008381782571101148,1.025357017957464,56,-13.00785778425337,-11.609933283361698,-13.687409829546503,-11.60321057613269,-12.312276533448575,-12.444137601348567,0.8104256566936379,30,9.882736028533657,14.221614888426638,0.3957996341676679,12.444137601348567,-0.008381782571101148,n500__poisson__boostrap_false
63.01023631095886,0.594337218104059,5.055025482177735,0.4407017809284964,False,poisson,24,1.0,2,8,500,"{'bootstrap': False, 'criterion': 'poisson', 'max_depth': 24, 'max_features': 1.0, 'min_samples_leaf': 2, 'min_samples_split': 8, 'n_estimators': 500}",-9.704462893088566,-9.972470343577633,-10.164971003853443,-9.922748248748723,-9.807203006802771,-9.914371099214229,0.15607207698054748,22,-13.973030884741322,-14.61572452931527,-14.736654063202607,-13.82394956738872,-14.087500181249153,-14.247371845179416,0.36199147106393853,24,-0.3974630021141649,-0.3723887375113533,-0.4175226586102719,-0.3766194636938837,-0.4153104279686558,-0.39586085797966597,0.01882157240234916,17,0.6585092083580517,-1.2880395142556438,1.244025728334822,-1.1793950802572926,0.4644292199196708,-0.020094087580078378,1.0242000365560595,68,-13.036398414851726,-11.660437003760375,-13.66272763514586,-11.607675666489222,-12.366210351329846,-12.466689814315407,0.7941183012067172,50,9.914371099214229,14.247371845179416,0.39586085797966597,12.466689814315407,-0.020094087580078378,n500__poisson__boostrap_false
61.5140540599823,1.2684914808692622,5.449630355834961,0.8006874556235741,False,poisson,24,1.0,3,2,500,"{'bootstrap': False, 'criterion': 'poisson', 'max_depth': 24, 'max_features': 1.0, 'min_samples_leaf': 3, 'min_samples_split': 2, 'n_estimators': 500}",-9.665318492430565,-9.945589850490801,-10.158105891329972,-9.87519946580984,-9.81113164795596,-9.891069069603429,0.1624107992126598,5,-13.947407231985828,-14.632306016790396,-14.753407211769552,-13.776638600424638,-14.099560654777573,-14.241863943149596,0.3840601850449341,15,-0.39957716701902746,-0.37390251286709053,-0.4172205438066465,-0.3796324194034348,-0.4159132007233273,-0.3972491687639053,0.01793341955986041,46,0.7081198251722212,-1.2543732190640704,1.3627029913472477,-1.1218845140767733,0.5231501855884496,0.043543053793414964,1.04447846259002,32,-12.980519376259572,-11.622303050041497,-13.806617451723971,-11.528671557461129,-12.423604030326217,-12.472343093162477,0.8548673273748718,54,9.891069069603429,14.241863943149596,0.3972491687639053,12.472343093162477,0.043543053793414964,n500__poisson__boostrap_false
61.19057188034058,0.4149467333969097,5.287930488586426,0.31966279168034933,False,poisson,24,1.0,3,4,500,"{'bootstrap': False, 'criterion': 'poisson', 'max_depth': 24, 'max_features': 1.0, 'min_samples_leaf': 3, 'min_samples_split': 4, 'n_estimators': 500}",-9.665318492430565,-9.945589850490801,-10.158105891329972,-9.87519946580984,-9.81113164795596,-9.891069069603429,0.1624107992126598,5,-13.947407231985828,-14.632306016790396,-14.753407211769552,-13.776638600424638,-14.099560654777573,-14.241863943149596,0.3840601850449341,15,-0.39957716701902746,-0.37390251286709053,-0.4172205438066465,-0.3796324194034348,-0.4159132007233273,-0.3972491687639053,0.01793341955986041,46,0.70811982517222,-1.254373219064071,1.3627029913472477,-1.1218845140767733,0.5231501855884493,0.04354305379341454,1.0444784625900199,33,-12.980519376259572,-11.622303050041497,-13.806617451723971,-11.528671557461129,-12.423604030326217,-12.472343093162477,0.8548673273748718,54,9.891069069603429,14.241863943149596,0.3972491687639053,12.472343093162477,0.04354305379341454,n500__poisson__boostrap_false
58.62020788192749,0.8481842252653898,5.125544309616089,0.2775577524123213,False,poisson,24,1.0,3,8,500,"{'bootstrap': False, 'criterion': 'poisson', 'max_depth': 24, 'max_features': 1.0, 'min_samples_leaf': 3, 'min_samples_split': 8, 'n_estimators': 500}",-9.689153256469819,-9.9374279359378,-10.196127108659864,-9.908294583947518,-9.808772238065762,-9.907955024616154,0.16829935039462948,18,-13.982349340323879,-14.587334086308353,-14.794710068933012,-13.81139666671342,-14.106442704998724,-14.256446573455477,0.3728039726127281,41,-0.3983690727876774,-0.3723887375113533,-0.4178247734138973,-0.377523350406749,-0.41742013261000604,-0.3967052133459366,0.019168447973973463,34,0.7292140265312165,-1.2720482481858348,1.291546773427401,-1.117375530150186,0.5266183168435135,0.03159106769322204,1.0333264594867169,44,-13.076275236549062,-11.634857361237696,-13.746999475672034,-11.6428812208912,-12.38008153833537,-12.496218966537072,0.8227434817571441,67,9.907955024616154,14.256446573455477,0.3967052133459366,12.496218966537072,0.03159106769322204,n500__poisson__boostrap_false
56.32917652130127,2.4056911906262735,5.5420972347259525,1.1603017605053858,False,poisson,24,1.0,4,2,500,"{'bootstrap': False, 'criterion': 'poisson', 'max_depth': 24, 'max_features': 1.0, 'min_samples_leaf': 4, 'min_samples_split': 2, 'n_estimators': 500}",-9.719351755018149,-9.977640932025276,-10.226570550285285,-9.869492232933428,-9.819580066994465,-9.922527107451321,0.1733037585742422,28,-13.99938182498531,-14.653742452323677,-14.815132266451462,-13.787798357941616,-14.114926685414463,-14.274196317423307,0.39348183322510305,74,-0.40320144971307764,-0.3745080230093854,-0.4172205438066465,-0.3793311238324797,-0.4165159734779988,-0.3981554227679176,0.018108587997304956,69,0.7938265975501644,-1.242771875180857,1.3445851873083943,-1.0713726638841206,0.5348304896409962,0.07181954708691547,1.0383298827922367,4,-13.037128661181153,-11.66179163086383,-13.866953472641232,-11.596885960951013,-12.429788070519704,-12.518509559231386,0.8577288532831479,79,9.922527107451321,14.274196317423307,0.3981554227679176,12.518509559231386,0.07181954708691547,n500__poisson__boostrap_false
56.253049659729,0.35213812025794516,5.498508024215698,0.3812693143334482,False,poisson,24,1.0,4,4,500,"{'bootstrap': False, 'criterion': 'poisson', 'max_depth': 24, 'max_features': 1.0, 'min_samples_leaf': 4, 'min_samples_split': 4, 'n_estimators': 500}",-9.719351755018149,-9.977640932025276,-10.226570550285285,-9.869492232933428,-9.819580066994465,-9.922527107451321,0.1733037585742422,28,-13.999381824985312,-14.653742452323677,-14.815132266451462,-13.787798357941616,-14.114926685414463,-14.274196317423307,0.3934818332251028,74,-0.40320144971307764,-0.3745080230093854,-0.4172205438066465,-0.3793311238324797,-0.4165159734779988,-0.3981554227679176,0.018108587997304956,69,0.7938265975501645,-1.2427718751808576,1.3445851873083943,-1.0713726638841214,0.5348304896409962,0.07181954708691518,1.0383298827922371,5,-13.037128661181157,-11.661791630863828,-13.866953472641232,-11.596885960951017,-12.429788070519702,-12.518509559231386,0.8577288532831479,79,9.922527107451321,14.274196317423307,0.3981554227679176,12.518509559231386,0.07181954708691518,n500__poisson__boostrap_false
56.50295329093933,1.525384597283882,6.0970673084259035,0.51657428884418,False,poisson,24,1.0,4,8,500,"{'bootstrap': False, 'criterion': 'poisson', 'max_depth': 24, 'max_features': 1.0, 'min_samples_leaf': 4, 'min_samples_split': 8, 'n_estimators': 500}",-9.719351755018149,-9.977640932025276,-10.226570550285285,-9.869492232933428,-9.819580066994465,-9.922527107451321,0.1733037585742422,28,-13.99938182498531,-14.653742452323677,-14.815132266451464,-13.787798357941616,-14.114926685414462,-14.274196317423307,0.39348183322510366,74,-0.40320144971307764,-0.3745080230093854,-0.4172205438066465,-0.3793311238324797,-0.4165159734779988,-0.3981554227679176,0.018108587997304956,69,0.7938265975501638,-1.242771875180857,1.3445851873083945,-1.0713726638841212,0.5348304896409957,0.07181954708691515,1.0383298827922367,6,-13.037128661181153,-11.661791630863828,-13.866953472641232,-11.596885960951013,-12.429788070519702,-12.518509559231386,0.8577288532831483,79,9.922527107451321,14.274196317423307,0.3981554227679176,12.518509559231386,0.07181954708691515,n500__poisson__boostrap_false
80.00846910476685,0.23925244709001223,6.924916410446167,0.6530299026633163,False,poisson,26,0.875,1,2,500,"{'bootstrap': False, 'criterion': 'poisson', 'max_depth': 26, 'max_features': 0.875, 'min_samples_leaf': 1, 'min_samples_split': 2, 'n_estimators': 500}",-9.763044357614218,-10.036184670449257,-10.237106160346716,-10.009225111148965,-9.866528856227642,-9.98241783115736,0.1612641458588357,85,-13.96583559563685,-14.593097546389195,-14.759891211480479,-13.852156129431586,-14.064536838515012,-14.247103464290626,0.3608569696186192,21,-0.39565086076713984,-0.371480472297911,-0.4187311178247734,-0.377523350406749,-0.41832429174201324,-0.39634201860771734,0.01978488591240972,30,0.5123631822187694,-1.491573267136278,1.1431246955973544,-1.3613600564948196,0.30152671390848357,-0.17918374638129805,1.0561937700249249,96,-12.985448230682069,-11.500754468273339,-13.588948099990937,-11.45341744469158,-12.153317140386045,-12.336377076804794,0.8368537897474337,1,9.98241783115736,14.247103464290626,0.39634201860771734,12.336377076804794,-0.17918374638129805,n500__poisson__boostrap_false
71.26053276062012,0.37622613659350296,4.821927881240844,0.24314347699428104,False,poisson,26,0.875,1,4,500,"{'bootstrap': False, 'criterion': 'poisson', 'max_depth': 26, 'max_features': 0.875, 'min_samples_leaf': 1, 'min_samples_split': 4, 'n_estimators': 500}",-9.769721655723881,-10.02898222044537,-10.263256108585106,-9.990393117288608,-9.889359504192125,-9.988342521247016,0.16421083466417755,89,-13.985958723081401,-14.598734344803331,-14.77069241706953,-13.85360973868369,-14.087423651465663,-14.259283775020725,0.3593269815451979,50,-0.3968589549984899,-0.37208598244020585,-0.4169184290030212,-0.3763181681229286,-0.41561181434599154,-0.3955586697821274,0.0188744410124746,10,0.526145731818217,-1.4873821938306302,1.1738337337031781,-1.3543108976309424,0.2795626093116598,-0.17243020332570352,1.0611949058383991,95,-12.971695936130857,-11.477992224535592,-13.716220064483412,-11.474442308664448,-12.23367787259085,-12.374805681281032,0.8706912381702043,9,9.988342521247016,14.259283775020725,0.3955586697821274,12.374805681281032,-0.17243020332570352,n500__poisson__boostrap_false
60.253314876556395,1.94768570500753,4.831670093536377,0.6004076826221062,False,poisson,26,0.875,1,8,500,"{'bootstrap': False, 'criterion': 'poisson', 'max_depth': 26, 'max_features': 0.875, 'min_samples_leaf': 1, 'min_samples_split': 8, 'n_estimators': 500}",-9.811627708962773,-10.044849732739065,-10.260791689718964,-10.006545964813542,-9.86533156578713,-9.997829332404295,0.1572658906587711,94,-14.042455745193493,-14.60301888566987,-14.772812978944255,-13.85917039146735,-14.066159262766313,-14.268723452808256,0.3537860153941778,66,-0.3983690727876774,-0.36996669694217377,-0.4169184290030212,-0.3769207592648388,-0.41862567811934903,-0.39616012722341204,0.019983676236771906,25,0.5486464259725213,-1.452543580853467,1.142836911118707,-1.3335760871885978,0.3043396385510774,-0.15805933847995182,1.0452852226964116,90,-13.003361509010903,-11.612269729819202,-13.676090822019093,-11.50503078490695,-12.146497140386671,-12.388649997228564,0.833973783537377,12,9.997829332404295,14.268723452808256,0.39616012722341204,12.388649997228564,-0.15805933847995182,n500__poisson__boostrap_false
58.431114482879636,0.9235476387680194,6.6941102027893065,0.3845765037873838,False,poisson,26,0.875,2,2,500,"{'bootstrap': False, 'criterion': 'poisson', 'max_depth': 26, 'max_features': 0.875, 'min_samples_leaf': 2, 'min_samples_split': 2, 'n_estimators': 500}",-9.708713029025569,-9.98322987457553,-10.222870469267727,-9.96746474858796,-9.846131244393206,-9.945681873169999,0.17016605105758062,53,-13.984568366296907,-14.581405076675598,-14.784697988959136,-13.830964111599968,-14.079555962907484,-14.252238301287822,0.3662792410164463,32,-0.40078526125037756,-0.37178322736905844,-0.4178247734138973,-0.3793311238324797,-0.4177215189873418,-0.39748918097063096,0.019101094505028615,50,0.6679039424507962,-1.3649718004209883,1.3341824496016308,-1.1818717977403468,0.4765743260356801,-0.013636576014645596,1.0688592755469903,62,-12.945357495312075,-11.590434209663048,-13.830023558010692,-11.580374505108507,-12.355965758543665,-12.460431105327597,0.8547800087605815,43,9.945681873169999,14.252238301287822,0.39748918097063096,12.460431105327597,-0.013636576014645596,n500__poisson__boostrap_false
64.5774076461792,0.6688969480745263,4.289952135086059,0.3635940392639472,False,poisson,26,0.875,2,4,500,"{'bootstrap': False, 'criterion': 'poisson', 'max_depth': 26, 'max_features': 0.875, 'min_samples_leaf': 2, 'min_samples_split': 4, 'n_estimators': 500}",-9.70871302902557,-9.98322987457553,-10.222870469267725,-9.967464748587958,-9.846131244393206,-9.945681873169999,0.1701660510575795,53,-13.984568366296907,-14.581405076675598,-14.784697988959136,-13.830964111599968,-14.079555962907484,-14.252238301287822,0.3662792410164463,32,-0.40078526125037756,-0.37178322736905844,-0.4178247734138973,-0.3793311238324797,-0.4177215189873418,-0.39748918097063096,0.019101094505028615,50,0.6679039424507957,-1.364971800420989,1.3341824496016306,-1.1818717977403463,0.4765743260356796,-0.013636576014645897,1.0688592755469901,63,-12.945357495312075,-11.59043420966305,-13.830023558010692,-11.580374505108507,-12.355965758543665,-12.460431105327597,0.8547800087605811,43,9.945681873169999,14.252238301287822,0.39748918097063096,12.460431105327597,-0.013636576014645897,n500__poisson__boostrap_false
59.862569618225095,0.5965319842291686,4.09720778465271,1.1273643321766345,False,poisson,26,0.875,2,8,500,"{'bootstrap': False, 'criterion': 'poisson', 'max_depth': 26, 'max_features': 0.875, 'min_samples_leaf': 2, 'min_samples_split': 8, 'n_estimators': 500}",-9.73140551330019,-10.018070030759452,-10.255352037691537,-9.973894262060613,-9.863964275090563,-9.96853722378047,0.17430541243357714,74,-13.990706741877371,-14.573172072873897,-14.814366863746418,-13.850998218664534,-14.09603999033418,-14.265056777499282,0.3665939750269465,60,-0.39655693144065235,-0.37571904329397515,-0.41812688821752264,-0.3808376016872552,-0.41862567811934903,-0.3979732285517509,0.01801986702558859,66,0.6641362730624155,-1.4036283916173733,1.333476374168404,-1.2011445810954677,0.4618411112274566,-0.029063842850913003,1.0808543725521425,71,-13.107250135052011,-11.46394066643283,-13.858028194818065,-11.51770418952663,-12.3329813793388,-12.455980913033667,0.9240697079709415,34,9.96853722378047,14.265056777499282,0.3979732285517509,12.455980913033667,-0.029063842850913003,n500__poisson__boostrap_false
50.546868896484376,5.834557969358661,4.737885046005249,1.7373436855072344,False,poisson,26,0.875,3,2,500,"{'bootstrap': False, 'criterion': 'poisson', 'max_depth': 26, 'max_features': 0.875, 'min_samples_leaf': 3, 'min_samples_split': 2, 'n_estimators': 500}",-9.718782230693213,-9.97503533105147,-10.226268436715817,-9.92559884458512,-9.81301460442621,-9.931739889494365,0.1721080652248253,39,-13.99700698556458,-14.555165750436872,-14.810824130357094,-13.810348009491006,-14.073525782285632,-14.249374131627036,0.37311938290684604,26,-0.399879190576865,-0.37844383893430217,-0.41842900302114805,-0.3799337149743899,-0.4192284508740205,-0.3991828396761451,0.017739003297421986,82,0.7401924884584187,-1.3090848212736343,1.346373696575994,-1.118817300043709,0.5417468090764874,0.04008217455871137,1.0593884058763219,34,-13.077668162806289,-11.449453813518474,-13.828680671911876,-11.589892127808465,-12.349783741912992,-12.459095703591618,0.8994704642241907,39,9.931739889494365,14.249374131627036,0.3991828396761451,12.459095703591618,0.04008217455871137,n500__poisson__boostrap_false
55.21155023574829,4.489519211746929,4.506493043899536,1.045477289946209,False,poisson,26,0.875,3,4,500,"{'bootstrap': False, 'criterion': 'poisson', 'max_depth': 26, 'max_features': 0.875, 'min_samples_leaf': 3, 'min_samples_split': 4, 'n_estimators': 500}",-9.718782230693215,-9.97503533105147,-10.226268436715817,-9.92559884458512,-9.81301460442621,-9.931739889494366,0.17210806522482486,40,-13.99700698556458,-14.555165750436876,-14.810824130357098,-13.810348009491006,-14.07352578228563,-14.24937413162704,0.3731193829068479,27,-0.399879190576865,-0.37844383893430217,-0.41842900302114805,-0.3799337149743899,-0.4192284508740205,-0.3991828396761451,0.017739003297421986,82,0.7401924884584188,-1.309084821273635,1.3463736965759936,-1.1188173000437085,0.5417468090764876,0.040082174558711305,1.0593884058763219,35,-13.077668162806289,-11.449453813518476,-13.828680671911876,-11.589892127808463,-12.349783741912992,-12.459095703591618,0.8994704642241906,39,9.931739889494366,14.24937413162704,0.3991828396761451,12.459095703591618,0.040082174558711305,n500__poisson__boostrap_false
56.274619007110594,0.8487071987474724,3.640295314788818,0.8563807506936565,False,poisson,26,0.875,3,8,500,"{'bootstrap': False, 'criterion': 'poisson', 'max_depth': 26, 'max_features': 0.875, 'min_samples_leaf': 3, 'min_samples_split': 8, 'n_estimators': 500}",-9.736797247795558,-10.013837108535583,-10.27094927583073,-9.945309431551083,-9.85379894419182,-9.964138401580954,0.17934112757795634,69,-14.021580164135962,-14.585366319860672,-14.838605214661037,-13.819394101308914,-14.08955350501753,-14.270899860996824,0.3794951344695988,72,-0.40078526125037756,-0.37753557372085983,-0.42205438066465256,-0.3766194636938837,-0.4180229053646775,-0.39900351693889025,0.019277824011407606,79,0.7468386705327867,-1.3473323352072497,1.331632193996343,-1.1587280247954306,0.5426393251186238,0.02300996592901463,1.0752467159993522,47,-13.07886907520164,-11.477732664917196,-13.74536315859972,-11.665065475608804,-12.435249523277596,-12.480455979520992,0.8521088836496519,61,9.964138401580954,14.270899860996824,0.39900351693889025,12.480455979520992,0.02300996592901463,n500__poisson__boostrap_false
50.67428283691406,5.809228268936727,3.402358388900757,0.7907557299565009,False,poisson,26,0.875,4,2,500,"{'bootstrap': False, 'criterion': 'poisson', 'max_depth': 26, 'max_features': 0.875, 'min_samples_leaf': 4, 'min_samples_split': 2, 'n_estimators': 500}",-9.754508647728827,-10.03243662217368,-10.253470588248183,-9.961328227902198,-9.848421136463202,-9.970033044503218,0.17061479614875627,78,-14.03590325303781,-14.599180088729488,-14.833153127925947,-13.868973705251396,-14.09784707635919,-14.287011450260767,0.3658726648015702,88,-0.39957716701902746,-0.37693006357856496,-0.4199395770392749,-0.37902982826152454,-0.42103676913803495,-0.3993026810072854,0.019025509067271577,84,0.7883643633334547,-1.3040257000262585,1.3934450128446882,-1.1409143216095885,0.5828358168466959,0.06394103427779838,1.084862313738985,23,-13.192536863048831,-11.578289669017243,-13.867370733675326,-11.63551421104339,-12.387584313200513,-12.532259157997059,0.8892277170451667,85,9.970033044503218,14.287011450260767,0.3993026810072854,12.532259157997059,0.06394103427779838,n500__poisson__boostrap_false
48.20985922813416,5.184447205164099,5.331194686889648,0.27881663930714506,False,poisson,26,0.875,4,4,500,"{'bootstrap': False, 'criterion': 'poisson', 'max_depth': 26, 'max_features': 0.875, 'min_samples_leaf': 4, 'min_samples_split': 4, 'n_estimators': 500}",-9.754508647728827,-10.03243662217368,-10.253470588248186,-9.961328227902197,-9.848421136463202,-9.97003304450322,0.17061479614875746,79,-14.03590325303781,-14.599180088729488,-14.833153127925947,-13.868973705251396,-14.09784707635919,-14.287011450260767,0.3658726648015702,88,-0.39957716701902746,-0.37693006357856496,-0.4199395770392749,-0.37902982826152454,-0.42103676913803495,-0.3993026810072854,0.019025509067271577,84,0.7883643633334548,-1.3040257000262574,1.3934450128446885,-1.1409143216095887,0.5828358168466959,0.06394103427779863,1.084862313738985,22,-13.192536863048835,-11.578289669017243,-13.867370733675326,-11.63551421104339,-12.387584313200513,-12.532259157997062,0.8892277170451672,87,9.97003304450322,14.287011450260767,0.3993026810072854,12.532259157997062,0.06394103427779863,n500__poisson__boostrap_false
53.90137414932251,0.3366737027747345,4.8415751457214355,0.2105927645496787,False,poisson,26,0.875,4,8,500,"{'bootstrap': False, 'criterion': 'poisson', 'max_depth': 26, 'max_features': 0.875, 'min_samples_leaf': 4, 'min_samples_split': 8, 'n_estimators': 500}",-9.754508647728827,-10.03243662217368,-10.253470588248186,-9.961328227902198,-9.848421136463202,-9.97003304450322,0.17061479614875744,79,-14.035903253037809,-14.599180088729488,-14.833153127925947,-13.868973705251397,-14.097847076359193,-14.287011450260767,0.3658726648015699,88,-0.39957716701902746,-0.37693006357856496,-0.4199395770392749,-0.37902982826152454,-0.42103676913803495,-0.3993026810072854,0.019025509067271577,84,0.7883643633334549,-1.304025700026258,1.3934450128446891,-1.1409143216095885,0.5828358168466962,0.06394103427779874,1.0848623137389855,21,-13.192536863048831,-11.578289669017243,-13.867370733675326,-11.63551421104339,-12.387584313200513,-12.532259157997059,0.8892277170451667,85,9.97003304450322,14.287011450260767,0.3993026810072854,12.532259157997059,0.06394103427779874,n500__poisson__boostrap_false
93.53389496803284,1.4402577382446957,5.48801064491272,0.4500048509816793,False,poisson,26,1.0,1,2,500,"{'bootstrap': False, 'criterion': 'poisson', 'max_depth': 26, 'max_features': 1.0, 'min_samples_leaf': 1, 'min_samples_split': 2, 'n_estimators': 500}",-9.725544103012442,-9.993280281849378,-10.240691441006753,-9.959762174871157,-9.855678366736385,-9.954991273495223,0.17065898913813105,63,-13.94275000436699,-14.628608985417346,-14.773033970893417,-13.831407152703056,-14.113196684464983,-14.257799359569159,0.375484441026486,46,-0.3950468136514648,-0.37026945201332123,-0.41540785498489424,-0.3772220548357939,-0.41229656419529837,-0.3940485479361545,0.01810404873169797,2,0.5025075032977223,-1.3950546146543779,1.1253727962439335,-1.2886236557420931,0.2863867839618193,-0.1538822373785992,1.008892927968847,89,-12.94536653994379,-11.610768347810748,-13.680608227381736,-11.493414035538882,-12.299478132316022,-12.405927056598236,0.8236620426590517,18,9.954991273495223,14.257799359569159,0.3940485479361545,12.405927056598236,-0.1538822373785992,n500__poisson__boostrap_false
81.28900361061096,4.58572622371182,4.919163942337036,0.40354590006578933,False,poisson,26,1.0,1,4,500,"{'bootstrap': False, 'criterion': 'poisson', 'max_depth': 26, 'max_features': 1.0, 'min_samples_leaf': 1, 'min_samples_split': 4, 'n_estimators': 500}",-9.725127847196001,-9.98973060530286,-10.198951804367596,-9.966558163529422,-9.869517351933267,-9.949977154465829,0.1554828825382569,61,-13.967261823275296,-14.619600480501578,-14.750862291323807,-13.858361594312594,-14.09842252355927,-14.258901742594508,0.3587111912673372,49,-0.39716097855632737,-0.37390251286709053,-0.416012084592145,-0.3769207592648388,-0.41500904159132007,-0.39580107537434434,0.017973834163793924,16,0.5179982043324078,-1.406030183093965,1.1146353567199647,-1.3209400131435234,0.29424809452454365,-0.16001770813211444,1.018929940554183,92,-12.895433595669417,-11.478527325731164,-13.597666486274445,-11.46874765832566,-12.245233751396881,-12.337121763479514,0.8246679940349395,2,9.949977154465829,14.258901742594508,0.39580107537434434,12.337121763479514,-0.16001770813211444,n500__poisson__boostrap_false
66.85592684745788,0.9229922362122689,5.859767007827759,0.11099551919852169,False,poisson,26,1.0,1,8,500,"{'bootstrap': False, 'criterion': 'poisson', 'max_depth': 26, 'max_features': 1.0, 'min_samples_leaf': 1, 'min_samples_split': 8, 'n_estimators': 500}",-9.71871559827642,-9.956809535323757,-10.218640421597868,-9.973535843488195,-9.874190713844236,-9.948378422506094,0.16247729478086714,58,-13.939340151868674,-14.591957671922396,-14.76049408025566,-13.862660430122732,-14.119208445343512,-14.254732155902596,0.3580712787332631,38,-0.39353669586227724,-0.3693611867998789,-0.4187311178247734,-0.37782464597770415,-0.4128993369499699,-0.3944705966829207,0.01916576982123357,4,0.5199363202398294,-1.411465464640524,1.1774126523160544,-1.2874122513094783,0.29499060781757774,-0.1413076271153082,1.028929504381022,85,-13.008509785958289,-11.567734207158491,-13.607841152472972,-11.494913956316253,-12.31435898732624,-12.39867161784645,0.8183320922065197,14,9.948378422506094,14.254732155902596,0.3944705966829207,12.39867161784645,-0.1413076271153082,n500__poisson__boostrap_false
72.67898907661439,0.9548465252272854,4.9198644161224365,0.33326069920841506,False,poisson,26,1.0,2,2,500,"{'bootstrap': False, 'criterion': 'poisson', 'max_depth': 26, 'max_features': 1.0, 'min_samples_leaf': 2, 'min_samples_split': 2, 'n_estimators': 500}",-9.643017834404766,-9.965034315820617,-10.171103426828616,-9.865064172572438,-9.794955642053676,-9.887835078336021,0.17622784472689937,3,-13.901012253144636,-14.645327719603214,-14.761682929656073,-13.775013949618241,-14.076947433018276,-14.23199685700809,0.3984555802223315,4,-0.3944427665357898,-0.371480472297911,-0.41963746223564957,-0.3799337149743899,-0.4125979505726341,-0.3956184733232748,0.018413318551786424,11,0.6419502785380263,-1.296670011033707,1.2699526533726078,-1.169508672584728,0.4638673242387117,-0.018081685493817834,1.0283503014472373,67,-13.037338982371205,-11.66732163761661,-13.632071859419023,-11.443516536264553,-12.431984880262286,-12.442446779186735,0.8207185426898957,28,9.887835078336021,14.23199685700809,0.3956184733232748,12.442446779186735,-0.018081685493817834,n500__poisson__boostrap_false
72.12426595687866,2.7210170746541493,5.089650869369507,0.1885058608483636,False,poisson,26,1.0,2,4,500,"{'bootstrap': False, 'criterion': 'poisson', 'max_depth': 26, 'max_features': 1.0, 'min_samples_leaf': 2, 'min_samples_split': 4, 'n_estimators': 500}",-9.643017834404766,-9.965034315820617,-10.171103426828616,-9.865064172572438,-9.794955642053676,-9.887835078336021,0.17622784472689937,3,-13.901012253144636,-14.64532771960321,-14.761682929656073,-13.775013949618241,-14.076947433018276,-14.231996857008088,0.39845558022233074,3,-0.3944427665357898,-0.371480472297911,-0.41963746223564957,-0.3799337149743899,-0.4125979505726341,-0.3956184733232748,0.018413318551786424,11,0.6419502785380267,-1.296670011033707,1.2699526533726078,-1.1695086725847275,0.46386732423871196,-0.018081685493817622,1.028350301447237,66,-13.037338982371205,-11.66732163761661,-13.632071859419023,-11.443516536264555,-12.431984880262286,-12.442446779186735,0.8207185426898953,28,9.887835078336021,14.231996857008088,0.3956184733232748,12.442446779186735,-0.018081685493817622,n500__poisson__boostrap_false
60.24719710350037,0.546164406757455,5.892384433746338,1.0110200396677795,False,poisson,26,1.0,2,8,500,"{'bootstrap': False, 'criterion': 'poisson', 'max_depth': 26, 'max_features': 1.0, 'min_samples_leaf': 2, 'min_samples_split': 8, 'n_estimators': 500}",-9.695513717298802,-9.947133585758442,-10.184135290031904,-9.91117344374809,-9.806564256856,-9.908904058738647,0.16323464729822146,19,-13.9507704043096,-14.597096633949032,-14.756464056283656,-13.801005985895134,-14.089696403654724,-14.23900669681843,0.3723463088771268,11,-0.39867109634551495,-0.37117771722676357,-0.41812688821752264,-0.3772220548357939,-0.41621458710066306,-0.39628246874525164,0.019358313321321565,27,0.6716483509085087,-1.2813814774837047,1.2574436781230105,-1.1416663201808017,0.4409877410094259,-0.010593605524712257,1.0170079305230288,57,-13.002149093876668,-11.673319418283628,-13.681945948191029,-11.623799577923256,-12.310419090846302,-12.458326625824176,0.7908900645855002,37,9.908904058738647,14.23900669681843,0.39628246874525164,12.458326625824176,-0.010593605524712257,n500__poisson__boostrap_false
62.48491463661194,1.1987282466326639,5.036062526702881,0.37644059736448476,False,poisson,26,1.0,3,2,500,"{'bootstrap': False, 'criterion': 'poisson', 'max_depth': 26, 'max_features': 1.0, 'min_samples_leaf': 3, 'min_samples_split': 2, 'n_estimators': 500}",-9.668546978877968,-9.931077992282892,-10.173360038215149,-9.873543085222819,-9.823621634143105,-9.894029945748386,0.16469211787787516,11,-13.939354557041298,-14.608508460823462,-14.767745201084834,-13.78800363984755,-14.105817607564536,-14.241885893272336,0.38131063620150346,17,-0.3968589549984899,-0.37571904329397515,-0.41933534743202416,-0.37902982826152454,-0.4177215189873418,-0.39773293859467107,0.018446621281203012,58,0.7150372090996171,-1.2650170346289435,1.3184682748357905,-1.13234204986715,0.5425655882846467,0.03574239754479218,1.041162162261345,39,-13.082209758901744,-11.532634707143833,-13.702432174423132,-11.531019966750982,-12.408011978360491,-12.451261717116036,0.8551156585093151,32,9.894029945748386,14.241885893272336,0.39773293859467107,12.451261717116036,0.03574239754479218,n500__poisson__boostrap_false
63.30599989891052,0.5032881130769741,5.421553707122802,1.0024558526534113,False,poisson,26,1.0,3,4,500,"{'bootstrap': False, 'criterion': 'poisson', 'max_depth': 26, 'max_features': 1.0, 'min_samples_leaf': 3, 'min_samples_split': 4, 'n_estimators': 500}",-9.668546978877968,-9.931077992282892,-10.17336003821515,-9.873543085222819,-9.823621634143105,-9.894029945748386,0.16469211787787577,11,-13.939354557041298,-14.608508460823462,-14.767745201084834,-13.78800363984755,-14.105817607564536,-14.241885893272336,0.38131063620150346,17,-0.3968589549984899,-0.37571904329397515,-0.41933534743202416,-0.37902982826152454,-0.4177215189873418,-0.39773293859467107,0.018446621281203012,58,0.7150372090996167,-1.2650170346289435,1.3184682748357908,-1.1323420498671497,0.542565588284647,0.03574239754479223,1.0411621622613447,38,-13.082209758901744,-11.532634707143833,-13.70243217442313,-11.531019966750982,-12.408011978360491,-12.451261717116036,0.8551156585093146,32,9.894029945748386,14.241885893272336,0.39773293859467107,12.451261717116036,0.03574239754479223,n500__poisson__boostrap_false
59.42494020462036,1.1967999140598915,4.504480314254761,0.21380773436528688,False,poisson,26,1.0,3,8,500,"{'bootstrap': False, 'criterion': 'poisson', 'max_depth': 26, 'max_features': 1.0, 'min_samples_leaf': 3, 'min_samples_split': 8, 'n_estimators': 500}",-9.655303542844122,-9.931871310096254,-10.193350313062208,-9.899278605729585,-9.815661738134624,-9.899093101973358,0.17553113298192888,13,-13.92850842231615,-14.58545953844864,-14.772520059859511,-13.818174233422088,-14.105762988553462,-14.242085048519971,0.37306345982430034,19,-0.39806704922983993,-0.37208598244020585,-0.4175226586102719,-0.37872853269056944,-0.4168173598553345,-0.3966443165652443,0.018809402421177637,31,0.7208328055303312,-1.2788181047459661,1.2926048133280055,-1.1419642292197445,0.5230715746171417,0.02314537190195356,1.0393084733399438,46,-13.033151536216925,-11.62776026740114,-13.75488837494631,-11.561466354668324,-12.401994624624134,-12.475852231571366,0.8375359608627801,57,9.899093101973358,14.242085048519971,0.3966443165652443,12.475852231571366,0.02314537190195356,n500__poisson__boostrap_false
52.389212465286256,4.315435328928588,4.334746313095093,0.6503661955357514,False,poisson,26,1.0,4,2,500,"{'bootstrap': False, 'criterion': 'poisson', 'max_depth': 26, 'max_features': 1.0, 'min_samples_leaf': 4, 'min_samples_split': 2, 'n_estimators': 500}",-9.697864408320882,-9.960826928255187,-10.229229493793737,-9.896875995609467,-9.812338056596982,-9.91942697651525,0.17818984867276497,24,-13.982168121821562,-14.61324799689323,-14.826186950404134,-13.824746460483517,-14.105019478727819,-14.270273801666054,0.3835307584226402,69,-0.399879190576865,-0.37390251286709053,-0.4175226586102719,-0.37842723711961435,-0.41621458710066306,-0.39718923725490096,0.018313557772499475,43,0.7838075717591751,-1.2449014320582366,1.3245952320303669,-1.0671948604302186,0.5483632722444066,0.0689339567090987,1.0329118171792453,10,-13.10604831043998,-11.655344904428551,-13.836164921301656,-11.666286499864617,-12.44634576723234,-12.54203808065343,0.8432312207047109,94,9.91942697651525,14.270273801666054,0.39718923725490096,12.54203808065343,0.0689339567090987,n500__poisson__boostrap_false
46.84498696327209,0.3933849805398997,2.9149102210998534,0.21656233226579832,False,poisson,26,1.0,4,4,500,"{'bootstrap': False, 'criterion': 'poisson', 'max_depth': 26, 'max_features': 1.0, 'min_samples_leaf': 4, 'min_samples_split': 4, 'n_estimators': 500}",-9.697864408320882,-9.960826928255187,-10.229229493793735,-9.896875995609467,-9.812338056596982,-9.91942697651525,0.17818984867276433,24,-13.982168121821562,-14.61324799689323,-14.826186950404134,-13.824746460483517,-14.105019478727819,-14.270273801666054,0.3835307584226402,69,-0.399879190576865,-0.37390251286709053,-0.4175226586102719,-0.37842723711961435,-0.41621458710066306,-0.39718923725490096,0.018313557772499475,43,0.783807571759175,-1.2449014320582366,1.3245952320303667,-1.067194860430219,0.5483632722444061,0.06893395670909844,1.0329118171792453,12,-13.10604831043998,-11.655344904428551,-13.836164921301656,-11.666286499864617,-12.44634576723234,-12.54203808065343,0.8432312207047109,94,9.91942697651525,14.270273801666054,0.39718923725490096,12.54203808065343,0.06893395670909844,n500__poisson__boostrap_false
41.82705602645874,1.8198858028234923,0.7393482208251954,0.7616920462487922,False,poisson,26,1.0,4,8,500,"{'bootstrap': False, 'criterion': 'poisson', 'max_depth': 26, 'max_features': 1.0, 'min_samples_leaf': 4, 'min_samples_split': 8, 'n_estimators': 500}",-9.697864408320882,-9.960826928255187,-10.229229493793735,-9.896875995609467,-9.812338056596982,-9.91942697651525,0.17818984867276433,24,-13.982168121821564,-14.61324799689323,-14.826186950404134,-13.824746460483517,-14.105019478727819,-14.270273801666054,0.3835307584226399,69,-0.399879190576865,-0.37390251286709053,-0.4175226586102719,-0.37842723711961435,-0.41621458710066306,-0.39718923725490096,0.018313557772499475,43,0.7838075717591754,-1.2449014320582366,1.324595232030367,-1.0671948604302188,0.5483632722444064,0.0689339567090987,1.0329118171792453,10,-13.10604831043998,-11.655344904428551,-13.836164921301656,-11.666286499864617,-12.44634576723234,-12.54203808065343,0.8432312207047109,94,9.91942697651525,14.270273801666054,0.39718923725490096,12.54203808065343,0.0689339567090987,n500__poisson__boostrap_false
