mean_fit_time,std_fit_time,mean_score_time,std_score_time,param_bootstrap,param_criterion,param_max_depth,param_max_features,param_max_samples,param_min_samples_leaf,param_min_samples_split,param_n_estimators,params,split0_test_MAE,split1_test_MAE,split2_test_MAE,split3_test_MAE,split4_test_MAE,mean_test_MAE,std_test_MAE,rank_test_MAE,split0_test_RMSE,split1_test_RMSE,split2_test_RMSE,split3_test_RMSE,split4_test_RMSE,mean_test_RMSE,std_test_RMSE,rank_test_RMSE,split0_test_overestimation_rate,split1_test_overestimation_rate,split2_test_overestimation_rate,split3_test_overestimation_rate,split4_test_overestimation_rate,mean_test_overestimation_rate,std_test_overestimation_rate,rank_test_overestimation_rate,split0_test_mean_signed_error,split1_test_mean_signed_error,split2_test_mean_signed_error,split3_test_mean_signed_error,split4_test_mean_signed_error,mean_test_mean_signed_error,std_test_mean_signed_error,rank_test_mean_signed_error,split0_test_mean_overestimation,split1_test_mean_overestimation,split2_test_mean_overestimation,split3_test_mean_overestimation,split4_test_mean_overestimation,mean_test_mean_overestimation,std_test_mean_overestimation,rank_test_mean_overestimation,mean_MAE,mean_RMSE,overestimation_rate,mean_overstimation,mean_signed_error,chunk_id
690.9638574600219,1.6179474540633398,5.240120458602905,0.5983507788421231,True,absolute_error,20,0.875,1.0,1,2,500,"{'bootstrap': True, 'criterion': 'absolute_error', 'max_depth': 20, 'max_features': 0.875, 'max_samples': 1.0, 'min_samples_leaf': 1, 'min_samples_split': 2, 'n_estimators': 500}",-9.526607973421928,-9.656606115652437,-10.228492749244714,-9.72467188912323,-9.631490054249548,-9.75357375633837,0.24584710208683724,32,-14.33101851807218,-14.539786750569748,-15.408960309398434,-14.115696297627597,-14.348876086500658,-14.548867592433723,0.4505405943429005,94,-0.42766535789791604,-0.4014532243415077,-0.4380664652567976,-0.40042181379933717,-0.45328511151295964,-0.4241783945617036,0.02065452436477912,94,2.343402899426155,-0.2230239176506204,2.5943314199395773,0.10132811087677025,2.01711874623267,1.3666314517649105,1.1842685616920365,3,-13.877685734463277,-11.74929185520362,-14.63570620689655,-12.269561324303988,-12.849097074468085,-13.076268439067103,1.0523655149346371,93,9.75357375633837,14.548867592433723,0.4241783945617036,13.076268439067103,1.3666314517649105,n500__absolute_error__boostrap_true__samples_1.0
684.6626036167145,2.8113552422749124,3.059949016571045,1.0051996255674465,True,absolute_error,20,0.875,1.0,1,4,500,"{'bootstrap': True, 'criterion': 'absolute_error', 'max_depth': 20, 'max_features': 0.875, 'max_samples': 1.0, 'min_samples_leaf': 1, 'min_samples_split': 4, 'n_estimators': 500}",-9.557543944427666,-9.68627732364517,-10.237810876132931,-9.760884001205183,-9.66437432188065,-9.78137809345832,0.23731272960888522,55,-14.354799489767265,-14.510563709394477,-15.378587233052071,-14.104944656103138,-14.376986312393955,-14.545176280142181,0.43683106960302037,93,-0.4297795228027786,-0.4011504692703603,-0.4389728096676737,-0.4019282916541127,-0.45449065702230257,-0.42526435008344554,0.0209214556712817,95,2.359311990335246,-0.2294520133212229,2.5839891238670694,0.1151913226875564,2.032635322483425,1.3723351492104148,1.1852727679870214,2,-13.863917779339424,-11.787129811320755,-14.60432140399174,-12.28586731634183,-12.868261936339522,-13.081899649466653,1.0281106784508802,96,9.78137809345832,14.545176280142181,0.42526435008344554,13.081899649466653,1.3723351492104148,n500__absolute_error__boostrap_true__samples_1.0
676.8227678775787,2.234582090984636,3.597774314880371,0.849908580771039,True,absolute_error,20,0.875,1.0,1,8,500,"{'bootstrap': True, 'criterion': 'absolute_error', 'max_depth': 20, 'max_features': 0.875, 'max_samples': 1.0, 'min_samples_leaf': 1, 'min_samples_split': 8, 'n_estimators': 500}",-9.516406221685292,-9.648530124129579,-10.250047432024171,-9.731945766797228,-9.66029294755877,-9.761444498439008,0.25401891706016677,37,-14.322371902081734,-14.43636648567811,-15.400279507576489,-14.067807468306887,-14.378711093259916,-14.521107291380627,0.4572478434458831,79,-0.4315916641498037,-0.4011504692703603,-0.44138972809667676,-0.4019282916541127,-0.45479204339963836,-0.42617043931411835,0.021419118909769764,96,2.410262458471761,-0.24762367544656314,2.6230564954682776,0.08275805965652325,2.076210970464135,1.388932861722827,1.2184364078789058,1,-13.81707487753674,-11.71743169811321,-14.582468856947298,-12.209520989505247,-12.903154406891982,-13.045930165798897,1.0431192378630707,82,9.761444498439008,14.521107291380627,0.42617043931411835,13.045930165798897,1.388932861722827,n500__absolute_error__boostrap_true__samples_1.0
532.6594843864441,35.758559452082174,5.843240690231323,1.903107647617557,True,absolute_error,20,0.875,1.0,2,2,500,"{'bootstrap': True, 'criterion': 'absolute_error', 'max_depth': 20, 'max_features': 0.875, 'max_samples': 1.0, 'min_samples_leaf': 2, 'min_samples_split': 2, 'n_estimators': 500}",-9.513923890063426,-9.67690221011202,-10.198569788519638,-9.783235613136487,-9.700546112115733,-9.774635522789461,0.22926221661395635,45,-14.296676970917124,-14.499112464135646,-15.339081226025575,-14.094154150374631,-14.413888005587285,-14.528582563408051,0.42742008851454916,87,-0.4279673814557535,-0.3993339388434756,-0.4341389728096677,-0.3949984935221452,-0.45449065702230257,-0.422185888730669,0.022276741249012206,85,2.18201389308366,-0.31268967605207343,2.4656030211480364,-0.047312744802651456,1.890475587703436,1.2356180162160815,1.1730758504503087,11,-13.664520112914609,-11.724789234268385,-14.585390396659706,-12.324,-12.751661140583552,-13.01007217688525,1.0098864423970548,68,9.774635522789461,14.528582563408051,0.422185888730669,13.01007217688525,1.2356180162160815,n500__absolute_error__boostrap_true__samples_1.0
535.684309720993,1.5244730806464262,3.5815985202789307,0.8284902465548416,True,absolute_error,20,0.875,1.0,2,4,500,"{'bootstrap': True, 'criterion': 'absolute_error', 'max_depth': 20, 'max_features': 0.875, 'max_samples': 1.0, 'min_samples_leaf': 2, 'min_samples_split': 4, 'n_estimators': 500}",-9.513923890063426,-9.67690221011202,-10.198569788519638,-9.783235613136487,-9.700546112115733,-9.774635522789461,0.22926221661395635,45,-14.296676970917124,-14.499112464135646,-15.339081226025575,-14.094154150374631,-14.413888005587285,-14.528582563408051,0.42742008851454916,87,-0.4279673814557535,-0.3993339388434756,-0.4341389728096677,-0.3949984935221452,-0.45449065702230257,-0.422185888730669,0.022276741249012206,85,2.18201389308366,-0.31268967605207343,2.4656030211480364,-0.047312744802651456,1.890475587703436,1.2356180162160815,1.1730758504503087,11,-13.664520112914609,-11.724789234268385,-14.585390396659706,-12.324,-12.751661140583552,-13.01007217688525,1.0098864423970548,68,9.774635522789461,14.528582563408051,0.422185888730669,13.01007217688525,1.2356180162160815,n500__absolute_error__boostrap_true__samples_1.0
528.1079923152923,1.855108260810223,3.5733856201171874,0.19424152210262258,True,absolute_error,20,0.875,1.0,2,8,500,"{'bootstrap': True, 'criterion': 'absolute_error', 'max_depth': 20, 'max_features': 0.875, 'max_samples': 1.0, 'min_samples_leaf': 2, 'min_samples_split': 8, 'n_estimators': 500}",-9.503974932044699,-9.6274144716924,-10.193007250755286,-9.669941548659233,-9.672588004822181,-9.73338524159476,0.23783720973758132,23,-14.326622472408785,-14.451591639585859,-15.33053513252381,-13.988574968347342,-14.400915801062192,-14.499648002785596,0.44577222092854674,62,-0.4318936877076412,-0.39358159249167424,-0.43595166163141996,-0.39439590238023503,-0.4463532248342375,-0.4204352138090416,0.02210412988631128,76,2.309983388704319,-0.3795283075991524,2.5145341389728095,0.0015498644169930033,1.9379972875226044,1.2769072744035146,1.2170720504407546,7,-13.676928671328673,-11.748372307692307,-14.574484407484407,-12.261145912910617,-13.006050641458476,-13.053396388174894,1.0035428796568617,87,9.73338524159476,14.499648002785596,0.4204352138090416,13.053396388174894,1.2769072744035146,n500__absolute_error__boostrap_true__samples_1.0
476.53501000404356,16.630702914713225,6.878150749206543,0.6412470658922335,True,absolute_error,20,0.875,1.0,3,2,500,"{'bootstrap': True, 'criterion': 'absolute_error', 'max_depth': 20, 'max_features': 0.875, 'max_samples': 1.0, 'min_samples_leaf': 3, 'min_samples_split': 2, 'n_estimators': 500}",-9.509951978254303,-9.648107780805327,-10.153963141993959,-9.711178969569147,-9.668043701024713,-9.738249114329491,0.21850619576629943,28,-14.299026314953174,-14.438989121917501,-15.291327142871946,-14.055950958047651,-14.368680211746176,-14.49079474990729,0.42055015198453016,55,-0.427061310782241,-0.3938843475628217,-0.43202416918429004,-0.3952997890931003,-0.4448462929475588,-0.4186231819140024,0.020466707642544293,62,2.2723760193295077,-0.40447714199212875,2.4613232628398785,-0.09689273877674011,1.8958345388788425,1.2256327880558722,1.2229558358060397,14,-13.794656294200848,-11.73394004611837,-14.60020909090909,-12.160753048780489,-12.997611111111112,-13.057433918223982,1.047177486816103,88,9.738249114329491,14.49079474990729,0.4186231819140024,13.057433918223982,1.2256327880558722,n500__absolute_error__boostrap_true__samples_1.0
471.43003549575803,1.8537119857077813,4.558867025375366,0.7502431428646917,True,absolute_error,20,0.875,1.0,3,4,500,"{'bootstrap': True, 'criterion': 'absolute_error', 'max_depth': 20, 'max_features': 0.875, 'max_samples': 1.0, 'min_samples_leaf': 3, 'min_samples_split': 4, 'n_estimators': 500}",-9.509951978254303,-9.648107780805327,-10.153963141993959,-9.711178969569147,-9.668043701024713,-9.738249114329491,0.21850619576629943,28,-14.299026314953174,-14.438989121917501,-15.291327142871946,-14.055950958047651,-14.368680211746176,-14.49079474990729,0.42055015198453016,55,-0.427061310782241,-0.3938843475628217,-0.43202416918429004,-0.3952997890931003,-0.4448462929475588,-0.4186231819140024,0.020466707642544293,62,2.2723760193295077,-0.40447714199212875,2.4613232628398785,-0.09689273877674011,1.8958345388788425,1.2256327880558722,1.2229558358060397,14,-13.794656294200848,-11.73394004611837,-14.60020909090909,-12.160753048780489,-12.997611111111112,-13.057433918223982,1.047177486816103,88,9.738249114329491,14.49079474990729,0.4186231819140024,13.057433918223982,1.2256327880558722,n500__absolute_error__boostrap_true__samples_1.0
471.2021540164948,4.0990892096976115,4.96900315284729,0.6781110507099284,True,absolute_error,20,0.875,1.0,3,8,500,"{'bootstrap': True, 'criterion': 'absolute_error', 'max_depth': 20, 'max_features': 0.875, 'max_samples': 1.0, 'min_samples_leaf': 3, 'min_samples_split': 8, 'n_estimators': 500}",-9.515606463304138,-9.622841053587647,-10.15228580060423,-9.707342271768605,-9.672906570223025,-9.73419643189753,0.21884145308148234,24,-14.294914175908408,-14.448958987609213,-15.289094004365342,-14.07881930587948,-14.432742728736626,-14.508905840499812,0.4120327354900658,71,-0.4267592872244035,-0.3923705722070845,-0.43293051359516616,-0.3949984935221452,-0.4490657022302592,-0.4192249137558117,0.022105013027145463,69,2.202265478707339,-0.41203088101725704,2.4343957703927495,-0.04711087677011185,1.9800578661844486,1.2315154714994336,1.20712238467859,13,-13.728900920028307,-11.737386574074074,-14.536607117934402,-12.228187643020593,-12.974676510067114,-13.041151753024897,1.0074243305654833,80,9.73419643189753,14.508905840499812,0.4192249137558117,13.041151753024897,1.2315154714994336,n500__absolute_error__boostrap_true__samples_1.0
423.9360193252563,32.51490689787477,6.14650330543518,1.5043040809191857,True,absolute_error,20,0.875,1.0,4,2,500,"{'bootstrap': True, 'criterion': 'absolute_error', 'max_depth': 20, 'max_features': 0.875, 'max_samples': 1.0, 'min_samples_leaf': 4, 'min_samples_split': 2, 'n_estimators': 500}",-9.489024463908184,-9.648038449894035,-10.151061329305136,-9.65443898764688,-9.622086196503918,-9.71292988545163,0.2271464106016498,14,-14.315328595042908,-14.486773313193435,-15.291062551575457,-14.007881112786503,-14.389247761116689,-14.498058666743,0.4276649733736962,57,-0.42615524010872846,-0.3890402664244626,-0.4350453172205438,-0.3907803555287737,-0.4430379746835443,-0.41681183079321055,0.022611799752430318,38,2.240181818181818,-0.4565289131092943,2.4379984894259823,-0.06227930099427557,1.9321585292344785,1.2183061245477418,1.223636881540738,17,-13.761659107016301,-11.813056809338523,-14.46867638888889,-12.2730832690825,-13.039790476190475,-13.07125321010334,0.9644247180958525,90,9.71292988545163,14.498058666743,0.41681183079321055,13.07125321010334,1.2183061245477418,n500__absolute_error__boostrap_true__samples_1.0
382.04241676330565,4.835304410015243,5.058813142776489,0.6423072506962308,True,absolute_error,20,0.875,1.0,4,4,500,"{'bootstrap': True, 'criterion': 'absolute_error', 'max_depth': 20, 'max_features': 0.875, 'max_samples': 1.0, 'min_samples_leaf': 4, 'min_samples_split': 4, 'n_estimators': 500}",-9.489024463908184,-9.648038449894035,-10.151061329305136,-9.65443898764688,-9.622086196503918,-9.71292988545163,0.2271464106016498,14,-14.315328595042908,-14.486773313193435,-15.291062551575457,-14.007881112786503,-14.389247761116689,-14.498058666743,0.4276649733736962,57,-0.42615524010872846,-0.3890402664244626,-0.4350453172205438,-0.3907803555287737,-0.4430379746835443,-0.41681183079321055,0.022611799752430318,38,2.240181818181818,-0.4565289131092943,2.4379984894259823,-0.06227930099427557,1.9321585292344785,1.2183061245477418,1.223636881540738,17,-13.761659107016301,-11.813056809338523,-14.46867638888889,-12.2730832690825,-13.039790476190475,-13.07125321010334,0.9644247180958525,90,9.71292988545163,14.498058666743,0.41681183079321055,13.07125321010334,1.2183061245477418,n500__absolute_error__boostrap_true__samples_1.0
387.0377094745636,1.9811734994760501,4.32203860282898,0.3423410546127525,True,absolute_error,20,0.875,1.0,4,8,500,"{'bootstrap': True, 'criterion': 'absolute_error', 'max_depth': 20, 'max_features': 0.875, 'max_samples': 1.0, 'min_samples_leaf': 4, 'min_samples_split': 8, 'n_estimators': 500}",-9.489024463908184,-9.648038449894035,-10.151061329305136,-9.65443898764688,-9.622086196503918,-9.71292988545163,0.2271464106016498,14,-14.315328595042908,-14.486773313193435,-15.291062551575457,-14.007881112786503,-14.389247761116689,-14.498058666743,0.4276649733736962,57,-0.42615524010872846,-0.3890402664244626,-0.4350453172205438,-0.3907803555287737,-0.4430379746835443,-0.41681183079321055,0.022611799752430318,38,2.240181818181818,-0.4565289131092943,2.4379984894259823,-0.06227930099427557,1.9321585292344785,1.2183061245477418,1.223636881540738,17,-13.761659107016301,-11.813056809338523,-14.46867638888889,-12.2730832690825,-13.039790476190475,-13.07125321010334,0.9644247180958525,90,9.71292988545163,14.498058666743,0.41681183079321055,13.07125321010334,1.2183061245477418,n500__absolute_error__boostrap_true__samples_1.0
694.5006222248078,6.853738040777346,6.4139257907867435,0.5487866532712187,True,absolute_error,20,1.0,1.0,1,2,500,"{'bootstrap': True, 'criterion': 'absolute_error', 'max_depth': 20, 'max_features': 1.0, 'max_samples': 1.0, 'min_samples_leaf': 1, 'min_samples_split': 2, 'n_estimators': 500}",-9.462654183026276,-9.617342415985469,-10.157222658610271,-9.670332630310334,-9.605908077154911,-9.702691993017453,0.23745108178892257,11,-14.267843612877252,-14.592958293214652,-15.3290280536171,-14.044001173302057,-14.395089872268292,-14.52578420105587,0.4394183168174856,83,-0.42555119299305344,-0.40084771419921283,-0.43564954682779455,-0.40162699608315755,-0.4484629294755877,-0.4224276759157612,0.018765775691173787,88,2.2549386892177585,-0.1561162579473201,2.52328247734139,0.10186381440192843,1.9685235081374322,1.3384984462302376,1.131693052426769,6,-13.767547906316535,-11.801521903323263,-14.553561719833562,-12.16576144036009,-12.904557795698924,-13.038590153106474,1.0135729616761706,79,9.702691993017453,14.52578420105587,0.4224276759157612,13.038590153106474,1.3384984462302376,n500__absolute_error__boostrap_true__samples_1.0
698.0118049621582,4.715050670772299,5.314333391189575,0.5439161621956361,True,absolute_error,20,1.0,1.0,1,4,500,"{'bootstrap': True, 'criterion': 'absolute_error', 'max_depth': 20, 'max_features': 1.0, 'max_samples': 1.0, 'min_samples_leaf': 1, 'min_samples_split': 4, 'n_estimators': 500}",-9.496483539716099,-9.64282833787466,-10.161182779456194,-9.673713467912021,-9.628495780590718,-9.720540781109937,0.22850440754747564,20,-14.302301521339457,-14.58906866666623,-15.309160252849665,-14.041280692890343,-14.386389896770654,-14.52564020610327,0.42937205033955883,82,-0.4279673814557535,-0.3999394489857705,-0.44018126888217524,-0.3995179270864718,-0.4499698613622664,-0.4235151775544875,0.02063547441984959,93,2.306440048323769,-0.17899727520435943,2.5402540785498484,0.100888520638747,1.9615204942736595,1.3460211733163328,1.1492147451720538,5,-13.78951305575159,-11.831579863739591,-14.427507206588881,-12.232995475113121,-12.878658405894173,-13.032050801417473,0.9616856824538643,75,9.720540781109937,14.52564020610327,0.4235151775544875,13.032050801417473,1.3460211733163328,n500__absolute_error__boostrap_true__samples_1.0
683.6671125888824,5.384864100979524,5.01928482055664,0.35615196257605863,True,absolute_error,20,1.0,1.0,1,8,500,"{'bootstrap': True, 'criterion': 'absolute_error', 'max_depth': 20, 'max_features': 1.0, 'max_samples': 1.0, 'min_samples_leaf': 1, 'min_samples_split': 8, 'n_estimators': 500}",-9.483502567200242,-9.647861035422341,-10.159601208459215,-9.685229888520638,-9.610465641952983,-9.717332068311084,0.23132463567791064,19,-14.27319284637815,-14.580026050026005,-15.344118782874457,-14.035423351857371,-14.384379112341232,-14.523428028695443,0.44650587056340774,81,-0.42766535789791604,-0.3990311837723282,-0.4404833836858006,-0.3983127448026514,-0.45027124773960214,-0.4231527835796597,0.02123677578691818,92,2.281180006040471,-0.14404450499545882,2.544546223564955,0.11494606809279899,1.9344614225437007,1.3462178430492933,1.1307597191618737,4,-13.754542372881357,-11.908613808801213,-14.420688614540467,-12.302111951588504,-12.81996921017403,-13.041185191597112,0.926260423818728,81,9.717332068311084,14.523428028695443,0.4231527835796597,13.041185191597112,1.3462178430492933,n500__absolute_error__boostrap_true__samples_1.0
587.6545066356659,7.7467642232238,6.449363708496094,0.3826433839042573,True,absolute_error,20,1.0,1.0,2,2,500,"{'bootstrap': True, 'criterion': 'absolute_error', 'max_depth': 20, 'max_features': 1.0, 'max_samples': 1.0, 'min_samples_leaf': 2, 'min_samples_split': 2, 'n_estimators': 500}",-9.490644518272424,-9.64150953678474,-10.130301812688822,-9.673935522747817,-9.598559071729959,-9.706990092444752,0.2205156747084405,12,-14.257267866375768,-14.552333000262529,-15.252651402227915,-14.04247204105468,-14.336828777302621,-14.488310617444705,0.41555149805926694,51,-0.4216248867411658,-0.3938843475628217,-0.43444108761329303,-0.3949984935221452,-0.44454490657022305,-0.4178987444019297,0.020487381286328443,57,2.1386632437330113,-0.30734665455646415,2.3619864048338366,-0.01870503163603505,1.8064270644966849,1.1962050053742068,1.127503326462908,25,-13.791059455587392,-11.848862413528057,-14.377424895688456,-12.221857360793287,-12.827709830508475,-13.013382791221133,0.9468354157376764,72,9.706990092444752,14.488310617444705,0.4178987444019297,13.013382791221133,1.1962050053742068,n500__absolute_error__boostrap_true__samples_1.0
584.4449131011963,4.678609917944418,5.590297746658325,1.3716639493491722,True,absolute_error,20,1.0,1.0,2,4,500,"{'bootstrap': True, 'criterion': 'absolute_error', 'max_depth': 20, 'max_features': 1.0, 'max_samples': 1.0, 'min_samples_leaf': 2, 'min_samples_split': 4, 'n_estimators': 500}",-9.490644518272424,-9.64150953678474,-10.130301812688822,-9.673935522747817,-9.598559071729959,-9.706990092444752,0.2205156747084405,12,-14.257267866375768,-14.552333000262529,-15.252651402227915,-14.04247204105468,-14.336828777302621,-14.488310617444705,0.41555149805926694,51,-0.4216248867411658,-0.3938843475628217,-0.43444108761329303,-0.3949984935221452,-0.44454490657022305,-0.4178987444019297,0.020487381286328443,57,2.1386632437330113,-0.30734665455646415,2.3619864048338366,-0.01870503163603505,1.8064270644966849,1.1962050053742068,1.127503326462908,25,-13.791059455587392,-11.848862413528057,-14.377424895688456,-12.221857360793287,-12.827709830508475,-13.013382791221133,0.9468354157376764,72,9.706990092444752,14.488310617444705,0.4178987444019297,13.013382791221133,1.1962050053742068,n500__absolute_error__boostrap_true__samples_1.0
574.5922333717347,3.001663775964125,4.8768883228302,0.5204013693177659,True,absolute_error,20,1.0,1.0,2,8,500,"{'bootstrap': True, 'criterion': 'absolute_error', 'max_depth': 20, 'max_features': 1.0, 'max_samples': 1.0, 'min_samples_leaf': 2, 'min_samples_split': 8, 'n_estimators': 500}",-9.426704922983992,-9.611806236754465,-10.12189577039275,-9.668504067490208,-9.583197709463533,-9.68242174141699,0.23390347284170815,5,-14.202286060065257,-14.604241523846083,-15.288906242367876,-14.013813692460381,-14.330644534218417,-14.487978410591603,0.4441190720835592,48,-0.42464512231954094,-0.394792612776264,-0.4350453172205438,-0.39680626694787585,-0.4448462929475588,-0.41922712244235666,0.020177472239164253,70,2.1822210812443377,-0.2552007266121702,2.4540945619335353,-0.008957216028924388,1.836858951175407,1.2418033303424372,1.1413632076763909,9,-13.668973684210528,-11.850026073619633,-14.453655555555558,-12.171615793470007,-12.835957994579948,-12.996045820287133,0.9587629833491669,64,9.68242174141699,14.487978410591603,0.41922712244235666,12.996045820287133,1.2418033303424372,n500__absolute_error__boostrap_true__samples_1.0
522.5998638629914,8.90068015144458,6.461833477020264,0.37093121030010445,True,absolute_error,20,1.0,1.0,3,2,500,"{'bootstrap': True, 'criterion': 'absolute_error', 'max_depth': 20, 'max_features': 1.0, 'max_samples': 1.0, 'min_samples_leaf': 3, 'min_samples_split': 2, 'n_estimators': 500}",-9.479644820295983,-9.625208598244022,-10.12179425981873,-9.638484784573667,-9.603722423146474,-9.693770977215774,0.22132331396603783,6,-14.24729338074909,-14.604351249041809,-15.263310753305252,-14.012257719103022,-14.382018681573976,-14.50184635675463,0.42642424968733733,66,-0.4219269102990033,-0.3938843475628217,-0.43293051359516616,-0.39439590238023503,-0.4463532248342375,-0.4178981797342928,0.02088498263965913,55,2.16764663243733,-0.29267151074780545,2.3514788519637464,-0.014034648990660151,1.826059373116335,1.2076957395557892,1.1274614083298222,23,-13.80249892627058,-11.846798616448885,-14.405629448709002,-12.201508785332315,-12.803516542876435,-13.011990463927443,0.9617845099050346,70,9.693770977215774,14.50184635675463,0.4178981797342928,13.011990463927443,1.2076957395557892,n500__absolute_error__boostrap_true__samples_1.0
517.1684496879577,2.9104220735933075,6.58821702003479,0.8945430342826897,True,absolute_error,20,1.0,1.0,3,4,500,"{'bootstrap': True, 'criterion': 'absolute_error', 'max_depth': 20, 'max_features': 1.0, 'max_samples': 1.0, 'min_samples_leaf': 3, 'min_samples_split': 4, 'n_estimators': 500}",-9.479644820295983,-9.625208598244022,-10.12179425981873,-9.638484784573667,-9.603722423146474,-9.693770977215774,0.22132331396603783,6,-14.24729338074909,-14.604351249041809,-15.263310753305252,-14.012257719103022,-14.382018681573976,-14.50184635675463,0.42642424968733733,66,-0.4219269102990033,-0.3938843475628217,-0.43293051359516616,-0.39439590238023503,-0.4463532248342375,-0.4178981797342928,0.02088498263965913,55,2.16764663243733,-0.29267151074780545,2.3514788519637464,-0.014034648990660151,1.826059373116335,1.2076957395557892,1.1274614083298222,23,-13.80249892627058,-11.846798616448885,-14.405629448709002,-12.201508785332315,-12.803516542876435,-13.011990463927443,0.9617845099050346,70,9.693770977215774,14.50184635675463,0.4178981797342928,13.011990463927443,1.2076957395557892,n500__absolute_error__boostrap_true__samples_1.0
525.3489795684815,10.589049750310199,6.781548357009887,0.8503099451646665,True,absolute_error,20,1.0,1.0,3,8,500,"{'bootstrap': True, 'criterion': 'absolute_error', 'max_depth': 20, 'max_features': 1.0, 'max_samples': 1.0, 'min_samples_leaf': 3, 'min_samples_split': 8, 'n_estimators': 500}",-9.445392932648746,-9.583305479866787,-10.101006344410875,-9.617724917143718,-9.576191078963232,-9.664724150606672,0.22588686038249006,4,-14.214040232098759,-14.555898966230409,-15.240867553997358,-13.97983900957571,-14.344647017289512,-14.467058555838353,0.4296646895728661,20,-0.42222893385684085,-0.3923705722070845,-0.4326283987915408,-0.39439590238023503,-0.4436407474382158,-0.4170529109347834,0.02048832822320385,47,2.110309272123226,-0.3214399031183768,2.3873271903323263,-0.05274028321783706,1.823194695599759,1.1893301943438197,1.1410827164297521,27,-13.684166666666666,-11.80244675925926,-14.43309497206704,-12.126120702826583,-12.84754144021739,-12.978674108207386,0.9737159402336804,57,9.664724150606672,14.467058555838353,0.4170529109347834,12.978674108207386,1.1893301943438197,n500__absolute_error__boostrap_true__samples_1.0
471.2723919391632,22.18575605268286,5.162304496765136,0.3993312832185372,True,absolute_error,20,1.0,1.0,4,2,500,"{'bootstrap': True, 'criterion': 'absolute_error', 'max_depth': 20, 'max_features': 1.0, 'max_samples': 1.0, 'min_samples_leaf': 4, 'min_samples_split': 2, 'n_estimators': 500}",-9.464720628209001,-9.601257947320617,-10.086027190332326,-9.600209099126243,-9.552008438818564,-9.66084466076135,0.21831966954776222,1,-14.265608832253802,-14.570920082519345,-15.263624992899526,-13.99062844104417,-14.316847032934186,-14.481525876330206,0.43229386662178054,38,-0.4210208396254908,-0.3926733272782319,-0.4287009063444109,-0.388671286532088,-0.44062688366485836,-0.414338648689016,0.02034795837790139,14,2.1179613409845968,-0.3066033908567978,2.3556809667673724,-0.07648508586923787,1.7426118143459919,1.166633129074385,1.1283953485343174,28,-13.755473457675752,-11.835097918272938,-14.510942212825933,-12.251643410852713,-12.816535567715459,-13.03393851346856,0.9796551479694574,76,9.66084466076135,14.481525876330206,0.414338648689016,13.03393851346856,1.166633129074385,n500__absolute_error__boostrap_true__samples_1.0
403.86885342597964,30.14050793579142,5.081598091125488,0.16027246561313224,True,absolute_error,20,1.0,1.0,4,4,500,"{'bootstrap': True, 'criterion': 'absolute_error', 'max_depth': 20, 'max_features': 1.0, 'max_samples': 1.0, 'min_samples_leaf': 4, 'min_samples_split': 4, 'n_estimators': 500}",-9.464720628209001,-9.601257947320617,-10.086027190332326,-9.600209099126243,-9.552008438818564,-9.66084466076135,0.21831966954776222,1,-14.265608832253802,-14.570920082519345,-15.263624992899526,-13.99062844104417,-14.316847032934186,-14.481525876330206,0.43229386662178054,38,-0.4210208396254908,-0.3926733272782319,-0.4287009063444109,-0.388671286532088,-0.44062688366485836,-0.414338648689016,0.02034795837790139,14,2.1179613409845968,-0.3066033908567978,2.3556809667673724,-0.07648508586923787,1.7426118143459919,1.166633129074385,1.1283953485343174,28,-13.755473457675752,-11.835097918272938,-14.510942212825933,-12.251643410852713,-12.816535567715459,-13.03393851346856,0.9796551479694574,76,9.66084466076135,14.481525876330206,0.414338648689016,13.03393851346856,1.166633129074385,n500__absolute_error__boostrap_true__samples_1.0
386.4888453960419,1.4877910537231223,4.076587533950805,0.17815127351566043,True,absolute_error,20,1.0,1.0,4,8,500,"{'bootstrap': True, 'criterion': 'absolute_error', 'max_depth': 20, 'max_features': 1.0, 'max_samples': 1.0, 'min_samples_leaf': 4, 'min_samples_split': 8, 'n_estimators': 500}",-9.464720628209001,-9.601257947320617,-10.086027190332326,-9.600209099126243,-9.552008438818564,-9.66084466076135,0.21831966954776222,1,-14.265608832253802,-14.570920082519345,-15.263624992899526,-13.99062844104417,-14.316847032934186,-14.481525876330206,0.43229386662178054,38,-0.4210208396254908,-0.3926733272782319,-0.4287009063444109,-0.388671286532088,-0.44062688366485836,-0.414338648689016,0.02034795837790139,14,2.1179613409845968,-0.3066033908567978,2.3556809667673724,-0.07648508586923787,1.7426118143459919,1.166633129074385,1.1283953485343174,28,-13.755473457675752,-11.835097918272938,-14.510942212825933,-12.251643410852713,-12.816535567715459,-13.03393851346856,0.9796551479694574,76,9.66084466076135,14.481525876330206,0.414338648689016,13.03393851346856,1.166633129074385,n500__absolute_error__boostrap_true__samples_1.0
530.0598843097687,6.178508959152443,4.481627750396728,0.1380760639259352,True,absolute_error,22,0.875,1.0,1,2,500,"{'bootstrap': True, 'criterion': 'absolute_error', 'max_depth': 22, 'max_features': 0.875, 'max_samples': 1.0, 'min_samples_leaf': 1, 'min_samples_split': 2, 'n_estimators': 500}",-9.5530924192087,-9.717890705419316,-10.270883081570997,-9.833289243748116,-9.690618143459917,-9.813154718681409,0.24561901285938342,70,-14.331441709779986,-14.546680870760078,-15.399887499618508,-14.140605480854425,-14.347998271996017,-14.553322766601804,0.44236656098403,95,-0.427061310782241,-0.3960036330608538,-0.43655589123867067,-0.3974088580897861,-0.4496684749849307,-0.42133963363129645,0.021360666096152583,82,2.221399879190577,-0.32534695731153473,2.477087311178248,-0.038660741187104906,1.856569921639542,1.2382098827019454,1.1797421389305403,10,-13.785482319660536,-11.85916360856269,-14.600616608996539,-12.323112964366945,-12.839668230563003,-13.081608746429945,0.9930806687628297,95,9.813154718681409,14.553322766601804,0.42133963363129645,13.081608746429945,1.2382098827019454,n500__absolute_error__boostrap_true__samples_1.0
505.5105836868286,3.6213719309882113,4.61220874786377,0.2367321116835452,True,absolute_error,22,0.875,1.0,1,4,500,"{'bootstrap': True, 'criterion': 'absolute_error', 'max_depth': 22, 'max_features': 0.875, 'max_samples': 1.0, 'min_samples_leaf': 1, 'min_samples_split': 4, 'n_estimators': 500}",-9.598858048927818,-9.743264305177112,-10.29355921450151,-9.837563422717686,-9.735977998794453,-9.841844598023716,0.23834122480733633,78,-14.357504955638811,-14.539478358313964,-15.379230197469813,-14.12654048871382,-14.405404493576999,-14.561631698742682,0.42996211543378143,96,-0.4273633343400785,-0.4011504692703603,-0.4362537764350453,-0.40042181379933717,-0.4487643158529234,-0.4227907419395489,0.019211760920127153,91,2.2095961945031712,-0.29374023614895556,2.440111480362538,-0.0019032841217232759,1.875791742013261,1.2459711793216584,1.1557785332049881,8,-13.815474204946996,-11.778029433962265,-14.59433864265928,-12.281623777276147,-12.93749227669577,-13.08139166710809,1.0185258510364523,94,9.841844598023716,14.561631698742682,0.4227907419395489,13.08139166710809,1.2459711793216584,n500__absolute_error__boostrap_true__samples_1.0
489.4846019744873,1.7012471891068355,4.020761108398437,0.23389919949252214,True,absolute_error,22,0.875,1.0,1,8,500,"{'bootstrap': True, 'criterion': 'absolute_error', 'max_depth': 22, 'max_features': 0.875, 'max_samples': 1.0, 'min_samples_leaf': 1, 'min_samples_split': 8, 'n_estimators': 500}",-9.55847629115071,-9.678455343627006,-10.251263444108762,-9.829089786080146,-9.670653707052441,-9.797587714403813,0.24260794915357758,59,-14.293121538555413,-14.429577634926588,-15.34991403107292,-14.116542705204978,-14.369073444824084,-14.511645870916798,0.4321145671604994,72,-0.426457263666566,-0.3999394489857705,-0.43655589123867067,-0.3983127448026514,-0.4496684749849307,-0.4221867647357179,0.02022308206797488,87,2.2041688311688308,-0.33645473811686333,2.4319238670694863,-0.0607167821633024,1.8741708860759494,1.22261841280682,1.1771185024031605,16,-13.791118271954675,-11.679268735806208,-14.526418685121106,-12.262189863842663,-12.837040214477213,-13.019207154240373,1.0265698524280171,74,9.797587714403813,14.511645870916798,0.4221867647357179,13.019207154240373,1.22261841280682,n500__absolute_error__boostrap_true__samples_1.0
409.22151646614077,7.416096694071716,4.353206777572632,0.2662185877158859,True,absolute_error,22,0.875,1.0,2,2,500,"{'bootstrap': True, 'criterion': 'absolute_error', 'max_depth': 22, 'max_features': 0.875, 'max_samples': 1.0, 'min_samples_leaf': 2, 'min_samples_split': 2, 'n_estimators': 500}",-9.601120205376018,-9.709992733878293,-10.243952870090633,-9.842600180777342,-9.717954792043399,-9.823124156433138,0.22388443001837993,73,-14.337704005105724,-14.51810200132441,-15.268373900483137,-14.103658692032923,-14.35448006786334,-14.516463733361906,0.3984904851620409,76,-0.4243430987617034,-0.39691189827429607,-0.43323262839879156,-0.39650497137692076,-0.44695599758890897,-0.4195897188801241,0.020024115089145957,72,2.07915221987315,-0.41859037238873786,2.2853226586102724,-0.18056402530882787,1.785077757685353,1.110079647694242,1.1643464565421537,42,-13.762769395017795,-11.704615560640732,-14.460216875871689,-12.184003799392096,-12.868193526635201,-12.995959831511502,1.0074931713228368,62,9.823124156433138,14.516463733361906,0.4195897188801241,12.995959831511502,1.110079647694242,n500__absolute_error__boostrap_true__samples_1.0
401.9985966682434,5.223213344445628,4.615446901321411,0.5106258613440038,True,absolute_error,22,0.875,1.0,2,4,500,"{'bootstrap': True, 'criterion': 'absolute_error', 'max_depth': 22, 'max_features': 0.875, 'max_samples': 1.0, 'min_samples_leaf': 2, 'min_samples_split': 4, 'n_estimators': 500}",-9.601120205376018,-9.709992733878293,-10.243952870090633,-9.842600180777342,-9.717954792043399,-9.823124156433138,0.22388443001837993,73,-14.337704005105724,-14.51810200132441,-15.268373900483137,-14.103658692032923,-14.35448006786334,-14.516463733361906,0.3984904851620409,76,-0.4243430987617034,-0.39691189827429607,-0.43323262839879156,-0.39650497137692076,-0.44695599758890897,-0.4195897188801241,0.020024115089145957,72,2.07915221987315,-0.41859037238873786,2.2853226586102724,-0.18056402530882787,1.785077757685353,1.110079647694242,1.1643464565421537,42,-13.762769395017795,-11.704615560640732,-14.460216875871689,-12.184003799392096,-12.868193526635201,-12.995959831511502,1.0074931713228368,62,9.823124156433138,14.516463733361906,0.4195897188801241,12.995959831511502,1.110079647694242,n500__absolute_error__boostrap_true__samples_1.0
394.8917248725891,3.394101646510665,5.112382125854492,0.19875174261856302,True,absolute_error,22,0.875,1.0,2,8,500,"{'bootstrap': True, 'criterion': 'absolute_error', 'max_depth': 22, 'max_features': 0.875, 'max_samples': 1.0, 'min_samples_leaf': 2, 'min_samples_split': 8, 'n_estimators': 500}",-9.540191482935668,-9.687932182864063,-10.212748036253775,-9.786497137692075,-9.690510849909584,-9.783575937931033,0.2285791131367562,57,-14.263277170242313,-14.486744965416017,-15.270562203378457,-14.05729438038402,-14.332305220851277,-14.482036788054419,0.4177262077059734,41,-0.42555119299305344,-0.3938843475628217,-0.43323262839879156,-0.39590238023501056,-0.4487643158529234,-0.41946697300852015,0.02142244643434847,71,2.1501872546058594,-0.44030033303057825,2.3365353474320245,-0.18115938535703485,1.775727848101266,1.1281981463503072,1.1915065983216002,35,-13.735572746628817,-11.739019215987701,-14.483308228730822,-12.130942161339421,-12.775345869711215,-12.972837644479593,1.0132507233708765,53,9.783575937931033,14.482036788054419,0.41946697300852015,12.972837644479593,1.1281981463503072,n500__absolute_error__boostrap_true__samples_1.0
357.8862469673157,4.013942832078716,5.293812227249146,0.10816115534999092,True,absolute_error,22,0.875,1.0,3,2,500,"{'bootstrap': True, 'criterion': 'absolute_error', 'max_depth': 22, 'max_features': 0.875, 'max_samples': 1.0, 'min_samples_leaf': 3, 'min_samples_split': 2, 'n_estimators': 500}",-9.559091513138025,-9.707659097789888,-10.192854380664652,-9.765775836095209,-9.681499698613623,-9.781376105260279,0.2165075856489905,53,-14.2908897458971,-14.478444464074988,-15.254338296935117,-14.058167884970382,-14.35910145833567,-14.48818837004265,0.406838653430669,49,-0.42615524010872846,-0.3963063881320012,-0.4353474320241692,-0.3931907200964146,-0.44333936106088007,-0.41886782828443875,0.020454202959760106,66,2.1183521594684382,-0.470510445049955,2.3508634441087612,-0.18322988852063843,1.8061693791440623,1.1243289298301335,1.2008828576686965,36,-13.700927002126154,-11.654049656226125,-14.406560027758504,-12.185620689655172,-12.955841604350782,-12.980599796023347,0.994441942735213,58,9.781376105260279,14.48818837004265,0.41886782828443875,12.980599796023347,1.1243289298301335,n500__absolute_error__boostrap_true__samples_1.0
367.00419144630433,1.1555569065647542,4.973937511444092,0.17583120737601354,True,absolute_error,22,0.875,1.0,3,4,500,"{'bootstrap': True, 'criterion': 'absolute_error', 'max_depth': 22, 'max_features': 0.875, 'max_samples': 1.0, 'min_samples_leaf': 3, 'min_samples_split': 4, 'n_estimators': 500}",-9.559091513138025,-9.707659097789888,-10.192854380664652,-9.765775836095209,-9.681499698613623,-9.781376105260279,0.2165075856489905,53,-14.2908897458971,-14.478444464074988,-15.254338296935117,-14.058167884970382,-14.35910145833567,-14.48818837004265,0.406838653430669,49,-0.42615524010872846,-0.3963063881320012,-0.4353474320241692,-0.3931907200964146,-0.44333936106088007,-0.41886782828443875,0.020454202959760106,66,2.1183521594684382,-0.470510445049955,2.3508634441087612,-0.18322988852063843,1.8061693791440623,1.1243289298301335,1.2008828576686965,36,-13.700927002126154,-11.654049656226125,-14.406560027758504,-12.185620689655172,-12.955841604350782,-12.980599796023347,0.994441942735213,58,9.781376105260279,14.48818837004265,0.41886782828443875,12.980599796023347,1.1243289298301335,n500__absolute_error__boostrap_true__samples_1.0
378.59081077575684,2.775280708719233,4.249627733230591,0.3379590412768179,True,absolute_error,22,0.875,1.0,3,8,500,"{'bootstrap': True, 'criterion': 'absolute_error', 'max_depth': 22, 'max_features': 0.875, 'max_samples': 1.0, 'min_samples_leaf': 3, 'min_samples_split': 8, 'n_estimators': 500}",-9.571931138628813,-9.718510142294884,-10.175866163141993,-9.727959927689064,-9.660189873417721,-9.770891449034494,0.2099673688209643,43,-14.340792961798881,-14.500340853761505,-15.242752660876729,-14.006836298579683,-14.347152863041057,-14.487575127611573,0.4105677310357719,47,-0.4216248867411658,-0.39358159249167424,-0.43323262839879156,-0.39258812895450435,-0.4472573839662447,-0.41765692411047617,0.021645325584596416,50,2.0855487768045906,-0.5286524371783226,2.331267975830815,-0.18878788791804774,1.8081525015069322,1.1015057858091937,1.2084931799041896,45,-13.824468481375357,-11.674653846153847,-14.434663179916319,-12.149083653108212,-12.820741239892186,-12.980722080089185,1.024586090634301,60,9.770891449034494,14.487575127611573,0.41765692411047617,12.980722080089185,1.1015057858091937,n500__absolute_error__boostrap_true__samples_1.0
340.85899739265443,4.339630114472153,4.440047931671143,0.6309285672504235,True,absolute_error,22,0.875,1.0,4,2,500,"{'bootstrap': True, 'criterion': 'absolute_error', 'max_depth': 22, 'max_features': 0.875, 'max_samples': 1.0, 'min_samples_leaf': 4, 'min_samples_split': 2, 'n_estimators': 500}",-9.539523104802173,-9.691845594913715,-10.168017522658612,-9.706908707442,-9.663165762507534,-9.753892138464806,0.21528697502578786,34,-14.328385795805474,-14.511400559845887,-15.23666189137716,-14.043376558105848,-14.380665827448583,-14.50009812651659,0.39874746753684154,63,-0.4219269102990033,-0.38782924613987285,-0.4323262839879154,-0.39198553781259415,-0.44424352019288726,-0.41566229968645463,0.022222006242110074,21,2.121338266384778,-0.5042125340599457,2.3573051359516612,-0.17271467309430544,1.8422688366485835,1.1287970063661543,1.2135950923432615,32,-13.8185798138869,-11.84494613583138,-14.485960167714884,-12.16141045349731,-12.949468113975579,-13.05207293698121,0.9904067756279483,84,9.753892138464806,14.50009812651659,0.41566229968645463,13.05207293698121,1.1287970063661543,n500__absolute_error__boostrap_true__samples_1.0
331.9060531139374,3.3179110923791875,4.273190927505493,0.1598208674852745,True,absolute_error,22,0.875,1.0,4,4,500,"{'bootstrap': True, 'criterion': 'absolute_error', 'max_depth': 22, 'max_features': 0.875, 'max_samples': 1.0, 'min_samples_leaf': 4, 'min_samples_split': 4, 'n_estimators': 500}",-9.539523104802173,-9.691845594913715,-10.168017522658612,-9.706908707442,-9.663165762507534,-9.753892138464806,0.21528697502578786,34,-14.328385795805474,-14.511400559845887,-15.23666189137716,-14.043376558105848,-14.380665827448583,-14.50009812651659,0.39874746753684154,63,-0.4219269102990033,-0.38782924613987285,-0.4323262839879154,-0.39198553781259415,-0.44424352019288726,-0.41566229968645463,0.022222006242110074,21,2.121338266384778,-0.5042125340599457,2.3573051359516612,-0.17271467309430544,1.8422688366485835,1.1287970063661543,1.2135950923432615,32,-13.8185798138869,-11.84494613583138,-14.485960167714884,-12.16141045349731,-12.949468113975579,-13.05207293698121,0.9904067756279483,84,9.753892138464806,14.50009812651659,0.41566229968645463,13.05207293698121,1.1287970063661543,n500__absolute_error__boostrap_true__samples_1.0
317.9275727748871,6.5668336992675576,4.851481485366821,0.45716236669030996,True,absolute_error,22,0.875,1.0,4,8,500,"{'bootstrap': True, 'criterion': 'absolute_error', 'max_depth': 22, 'max_features': 0.875, 'max_samples': 1.0, 'min_samples_leaf': 4, 'min_samples_split': 8, 'n_estimators': 500}",-9.539523104802173,-9.691845594913715,-10.168017522658612,-9.706908707442,-9.663165762507534,-9.753892138464806,0.21528697502578786,34,-14.328385795805474,-14.511400559845887,-15.23666189137716,-14.043376558105848,-14.380665827448583,-14.50009812651659,0.39874746753684154,63,-0.4219269102990033,-0.38782924613987285,-0.4323262839879154,-0.39198553781259415,-0.44424352019288726,-0.41566229968645463,0.022222006242110074,21,2.121338266384778,-0.5042125340599457,2.3573051359516612,-0.17271467309430544,1.8422688366485835,1.1287970063661543,1.2135950923432615,32,-13.8185798138869,-11.84494613583138,-14.485960167714884,-12.16141045349731,-12.949468113975579,-13.05207293698121,0.9904067756279483,84,9.753892138464806,14.50009812651659,0.41566229968645463,13.05207293698121,1.1287970063661543,n500__absolute_error__boostrap_true__samples_1.0
575.4991730213166,2.1928651987665684,4.507019758224487,0.31476982884074944,True,absolute_error,22,1.0,1.0,1,2,500,"{'bootstrap': True, 'criterion': 'absolute_error', 'max_depth': 22, 'max_features': 1.0, 'max_samples': 1.0, 'min_samples_leaf': 1, 'min_samples_split': 2, 'n_estimators': 500}",-9.519485351857446,-9.657909173478656,-10.188373111782477,-9.742568544742392,-9.64922423146474,-9.75151208266514,0.22977739599565017,31,-14.267325973888125,-14.610245760553529,-15.302226930059339,-14.105626425699926,-14.36074628071255,-14.529234274182693,0.4196446777849627,89,-0.42615524010872846,-0.39660914320314866,-0.4350453172205438,-0.3974088580897861,-0.4475587703435805,-0.4205554657931575,0.02039452640869354,78,2.1662222893385685,-0.27038692098092637,2.3462957703927496,-0.023457969267852027,1.8198474984930684,1.2077041335951215,1.121639938537106,22,-13.710622962437986,-11.83472748091603,-14.406164583333334,-12.228100075815009,-12.81292255892256,-12.998507532284984,0.945617279718907,65,9.75151208266514,14.529234274182693,0.4205554657931575,12.998507532284984,1.2077041335951215,n500__absolute_error__boostrap_true__samples_1.0
562.7294111728668,3.7236703686803234,4.591780138015747,0.2924012017439738,True,absolute_error,22,1.0,1.0,1,4,500,"{'bootstrap': True, 'criterion': 'absolute_error', 'max_depth': 22, 'max_features': 1.0, 'max_samples': 1.0, 'min_samples_leaf': 1, 'min_samples_split': 4, 'n_estimators': 500}",-9.53728903654485,-9.671440205873449,-10.193187311178248,-9.79405965652305,-9.679011452682339,-9.774997532560388,0.22436079516229748,47,-14.280895880134162,-14.569911898205334,-15.285435592009218,-14.138757951963962,-14.37689842195045,-14.530379948852623,0.402700500961657,90,-0.426457263666566,-0.39539812291855886,-0.43293051359516616,-0.39921663151551673,-0.44665461121157324,-0.42013142858147623,0.01978118868453796,75,2.175643008154636,-0.30558007871631854,2.4032308157099695,-0.0044706236818319355,1.8023164556962028,1.2142279154325315,1.1383266206928224,20,-13.732832152974503,-11.843581929555896,-14.547852058618284,-12.260998490566038,-12.852579622132254,-13.047568850769395,0.9825206088821251,83,9.774997532560388,14.530379948852623,0.42013142858147623,13.047568850769395,1.2142279154325315,n500__absolute_error__boostrap_true__samples_1.0
551.1666964530945,4.417179490224783,5.950835657119751,1.3722986591720192,True,absolute_error,22,1.0,1.0,1,8,500,"{'bootstrap': True, 'criterion': 'absolute_error', 'max_depth': 22, 'max_features': 1.0, 'max_samples': 1.0, 'min_samples_leaf': 1, 'min_samples_split': 8, 'n_estimators': 500}",-9.532792509815765,-9.655229185588858,-10.191934441087612,-9.722513106357336,-9.666618143459916,-9.753817477261896,0.2276408789891107,33,-14.307899282641419,-14.540901460323477,-15.298260710066756,-14.047987859861516,-14.378374938661635,-14.51468485031096,0.4228061453047752,75,-0.425853216550891,-0.3981229185588859,-0.43655589123867067,-0.3980114492316963,-0.4463532248342375,-0.42097934008287624,0.0197997861611885,80,2.1586481425551187,-0.285205570693309,2.376484894259819,-0.018432359144320894,1.8211889692585894,1.2105368152471794,1.1295004720517061,21,-13.727078014184398,-11.767752091254753,-14.394971626297577,-12.19070552611658,-12.868515867656988,-12.989804625102058,0.9658932735724333,61,9.753817477261896,14.51468485031096,0.42097934008287624,12.989804625102058,1.2105368152471794,n500__absolute_error__boostrap_true__samples_1.0
526.6886872291565,29.68915788808367,6.636750793457031,0.7893579607159115,True,absolute_error,22,1.0,1.0,2,2,500,"{'bootstrap': True, 'criterion': 'absolute_error', 'max_depth': 22, 'max_features': 1.0, 'max_samples': 1.0, 'min_samples_leaf': 2, 'min_samples_split': 2, 'n_estimators': 500}",-9.518794321957113,-9.685725098395396,-10.179715105740181,-9.771305815004519,-9.673270946353226,-9.765762257490087,0.22241467678975896,38,-14.243491577903564,-14.574578659461048,-15.236368539326001,-14.066175987685535,-14.373447185182547,-14.49881238991174,0.4044277461482465,60,-0.42283298097251587,-0.394792612776264,-0.43293051359516616,-0.39590238023501056,-0.44273658830620854,-0.417839015177033,0.019416151950329107,53,1.9860120809423134,-0.37490644868301565,2.2655688821752267,-0.1764435070804455,1.7127236286919834,1.0825909272092127,1.1244678876593859,47,-13.604433571428572,-11.792037576687116,-14.373304256803907,-12.117712328767125,-12.85865554799183,-12.949228656335709,0.9482614494322963,40,9.765762257490087,14.49881238991174,0.417839015177033,12.949228656335709,1.0825909272092127,n500__absolute_error__boostrap_true__samples_1.0
548.6409453868866,6.7482030178249754,7.169645595550537,0.7505809145915331,True,absolute_error,22,1.0,1.0,2,4,500,"{'bootstrap': True, 'criterion': 'absolute_error', 'max_depth': 22, 'max_features': 1.0, 'max_samples': 1.0, 'min_samples_leaf': 2, 'min_samples_split': 4, 'n_estimators': 500}",-9.518794321957113,-9.685725098395396,-10.179715105740181,-9.771305815004519,-9.673270946353226,-9.765762257490087,0.22241467678975896,38,-14.243491577903564,-14.574578659461048,-15.236368539326001,-14.066175987685535,-14.373447185182547,-14.49881238991174,0.4044277461482465,60,-0.42283298097251587,-0.394792612776264,-0.43293051359516616,-0.39590238023501056,-0.44273658830620854,-0.417839015177033,0.019416151950329107,53,1.9860120809423134,-0.37490644868301565,2.2655688821752267,-0.1764435070804455,1.7127236286919834,1.0825909272092127,1.1244678876593859,47,-13.604433571428572,-11.792037576687116,-14.373304256803907,-12.117712328767125,-12.85865554799183,-12.949228656335709,0.9482614494322963,40,9.765762257490087,14.49881238991174,0.417839015177033,12.949228656335709,1.0825909272092127,n500__absolute_error__boostrap_true__samples_1.0
562.0826679229737,20.613055002519527,7.083885669708252,0.5983824656527719,True,absolute_error,22,1.0,1.0,2,8,500,"{'bootstrap': True, 'criterion': 'absolute_error', 'max_depth': 22, 'max_features': 1.0, 'max_samples': 1.0, 'min_samples_leaf': 2, 'min_samples_split': 8, 'n_estimators': 500}",-9.490008758683176,-9.644799273387829,-10.132846525679756,-9.699733654715276,-9.6139095840868,-9.716259559310569,0.21935784496952798,18,-14.236231596011296,-14.57891972110185,-15.20357603863439,-13.99984922333047,-14.282238846474725,-14.460163085110546,0.41483904249967773,8,-0.4219269102990033,-0.3926733272782319,-0.43444108761329303,-0.3934920156673697,-0.44183242917420135,-0.4168731540064199,0.020442345288569443,44,2.065273633343401,-0.3244438389343024,2.2677111782477337,-0.1369123229888521,1.7068360458107292,1.115692939095742,1.1154652457947887,40,-13.693464566929132,-11.867823438704706,-14.27185187760779,-12.151226646248086,-12.81113028649386,-12.959099363196714,0.90863058878421,45,9.716259559310569,14.460163085110546,0.4168731540064199,12.959099363196714,1.115692939095742,n500__absolute_error__boostrap_true__samples_1.0
539.2632533073426,4.9938873517799856,7.111410236358642,0.10743583015690754,True,absolute_error,22,1.0,1.0,3,2,500,"{'bootstrap': True, 'criterion': 'absolute_error', 'max_depth': 22, 'max_features': 1.0, 'max_samples': 1.0, 'min_samples_leaf': 3, 'min_samples_split': 2, 'n_estimators': 500}",-9.508817275747509,-9.650046624280957,-10.133419335347433,-9.701092497740284,-9.648251959011453,-9.728325538425526,0.21239861897541965,21,-14.224557030225267,-14.57458358191183,-15.210610734603573,-14.000790086150737,-14.34195705250301,-14.470499697078884,0.41382023353134645,27,-0.4210208396254908,-0.39358159249167424,-0.43172205438066463,-0.3946971979511901,-0.4430379746835443,-0.41681193182651277,0.01978151714791901,41,2.0147484143763212,-0.40406902815622253,2.2670996978851963,-0.18774329617354615,1.688811332127788,1.0757694240119073,1.1369393990433219,49,-13.685267575322811,-11.745947692307693,-14.36169279216235,-12.051452671755726,-12.794685714285716,-12.92780928916686,0.9810488873271145,17,9.728325538425526,14.470499697078884,0.41681193182651277,12.92780928916686,1.0757694240119073,n500__absolute_error__boostrap_true__samples_1.0
544.8966927528381,3.3754069575047625,7.289601039886475,0.35010378017318305,True,absolute_error,22,1.0,1.0,3,4,500,"{'bootstrap': True, 'criterion': 'absolute_error', 'max_depth': 22, 'max_features': 1.0, 'max_samples': 1.0, 'min_samples_leaf': 3, 'min_samples_split': 4, 'n_estimators': 500}",-9.508817275747509,-9.650046624280957,-10.133419335347433,-9.701092497740284,-9.648251959011453,-9.728325538425526,0.21239861897541965,21,-14.224557030225267,-14.57458358191183,-15.210610734603573,-14.000790086150737,-14.34195705250301,-14.470499697078884,0.41382023353134645,27,-0.4210208396254908,-0.39358159249167424,-0.43172205438066463,-0.3946971979511901,-0.4430379746835443,-0.41681193182651277,0.01978151714791901,41,2.0147484143763212,-0.40406902815622253,2.2670996978851963,-0.18774329617354615,1.688811332127788,1.0757694240119073,1.1369393990433219,49,-13.685267575322811,-11.745947692307693,-14.36169279216235,-12.051452671755726,-12.794685714285716,-12.92780928916686,0.9810488873271145,17,9.728325538425526,14.470499697078884,0.41681193182651277,12.92780928916686,1.0757694240119073,n500__absolute_error__boostrap_true__samples_1.0
545.0781270503998,4.817827457199742,6.847391176223755,0.43592242655245544,True,absolute_error,22,1.0,1.0,3,8,500,"{'bootstrap': True, 'criterion': 'absolute_error', 'max_depth': 22, 'max_features': 1.0, 'max_samples': 1.0, 'min_samples_leaf': 3, 'min_samples_split': 8, 'n_estimators': 500}",-9.516860163092721,-9.636399031183771,-10.105430513595167,-9.689356131364868,-9.625147980711272,-9.71463876398956,0.2032751013411333,17,-14.240796872650993,-14.551802641968115,-15.17662372440608,-13.99819204439992,-14.35678306355558,-14.464839669396136,0.39845464241710843,12,-0.4219269102990033,-0.3923705722070845,-0.4287009063444109,-0.39168424224163906,-0.44153104279686556,-0.41524273477780066,0.019975055013979028,19,2.0112177589852007,-0.4226563729942476,2.280096374622356,-0.2244829768002413,1.6912438215792647,1.0670837210784665,1.1523744784752843,54,-13.661226198997852,-11.741123456790122,-14.445417195207892,-12.082274615384618,-12.814944709897611,-12.948997235255622,0.9974647900946001,38,9.71463876398956,14.464839669396136,0.41524273477780066,12.948997235255622,1.0670837210784665,n500__absolute_error__boostrap_true__samples_1.0
498.64413914680483,4.948372192097875,7.359822368621826,0.47674517566676744,True,absolute_error,22,1.0,1.0,4,2,500,"{'bootstrap': True, 'criterion': 'absolute_error', 'max_depth': 22, 'max_features': 1.0, 'max_samples': 1.0, 'min_samples_leaf': 4, 'min_samples_split': 2, 'n_estimators': 500}",-9.505023255813953,-9.647771722676355,-10.114587009063445,-9.645421211208195,-9.59553978300181,-9.701668596352752,0.21283936283596963,8,-14.274609226490663,-14.600379239617714,-15.231031524945948,-14.000941309862618,-14.325593527842216,-14.48651096575183,0.41805538066184195,44,-0.41981274539414076,-0.3905540417801998,-0.43021148036253776,-0.38806869539017774,-0.4412296564195298,-0.4139753238693172,0.02126121710694179,9,2.0001485955904563,-0.3925195277020891,2.26386495468278,-0.17895962639349156,1.660660337552742,1.0706389467460795,1.125897957211285,51,-13.702742446043167,-11.84887519379845,-14.386473314606741,-12.19688897515528,-12.755489071038252,-12.978093800128377,0.942721276060394,54,9.701668596352752,14.48651096575183,0.4139753238693172,12.978093800128377,1.0706389467460795,n500__absolute_error__boostrap_true__samples_1.0
501.32478709220885,5.056345804542363,6.957248687744141,0.23075093762988513,True,absolute_error,22,1.0,1.0,4,4,500,"{'bootstrap': True, 'criterion': 'absolute_error', 'max_depth': 22, 'max_features': 1.0, 'max_samples': 1.0, 'min_samples_leaf': 4, 'min_samples_split': 4, 'n_estimators': 500}",-9.505023255813953,-9.647771722676355,-10.114587009063445,-9.645421211208195,-9.59553978300181,-9.701668596352752,0.21283936283596963,8,-14.274609226490663,-14.600379239617714,-15.231031524945948,-14.000941309862618,-14.325593527842216,-14.48651096575183,0.41805538066184195,44,-0.41981274539414076,-0.3905540417801998,-0.43021148036253776,-0.38806869539017774,-0.4412296564195298,-0.4139753238693172,0.02126121710694179,9,2.0001485955904563,-0.3925195277020891,2.26386495468278,-0.17895962639349156,1.660660337552742,1.0706389467460795,1.125897957211285,51,-13.702742446043167,-11.84887519379845,-14.386473314606741,-12.19688897515528,-12.755489071038252,-12.978093800128377,0.942721276060394,54,9.701668596352752,14.48651096575183,0.4139753238693172,12.978093800128377,1.0706389467460795,n500__absolute_error__boostrap_true__samples_1.0
501.6842072963715,3.7553746086019424,6.73692216873169,0.5530002193518346,True,absolute_error,22,1.0,1.0,4,8,500,"{'bootstrap': True, 'criterion': 'absolute_error', 'max_depth': 22, 'max_features': 1.0, 'max_samples': 1.0, 'min_samples_leaf': 4, 'min_samples_split': 8, 'n_estimators': 500}",-9.505023255813953,-9.647771722676355,-10.114587009063445,-9.645421211208195,-9.59553978300181,-9.701668596352752,0.21283936283596963,8,-14.274609226490663,-14.600379239617714,-15.231031524945948,-14.000941309862618,-14.325593527842216,-14.48651096575183,0.41805538066184195,44,-0.41981274539414076,-0.3905540417801998,-0.43021148036253776,-0.38806869539017774,-0.4412296564195298,-0.4139753238693172,0.02126121710694179,9,2.0001485955904563,-0.3925195277020891,2.26386495468278,-0.17895962639349156,1.660660337552742,1.0706389467460795,1.125897957211285,51,-13.702742446043167,-11.84887519379845,-14.386473314606741,-12.19688897515528,-12.755489071038252,-12.978093800128377,0.942721276060394,54,9.701668596352752,14.48651096575183,0.4139753238693172,12.978093800128377,1.0706389467460795,n500__absolute_error__boostrap_true__samples_1.0
697.5585610866547,6.152077928160902,6.921822500228882,0.3801492871122545,True,absolute_error,24,0.875,1.0,1,2,500,"{'bootstrap': True, 'criterion': 'absolute_error', 'max_depth': 24, 'max_features': 0.875, 'max_samples': 1.0, 'min_samples_leaf': 1, 'min_samples_split': 2, 'n_estimators': 500}",-9.565658713379644,-9.759158946412354,-10.27063746223565,-9.871578186200663,-9.74620132610006,-9.842646926865674,0.23537518277438818,80,-14.266841806573607,-14.515943070338695,-15.331744882635622,-14.140546350118276,-14.384610835636341,-14.527937389060508,0.42072213432917305,86,-0.42555119299305344,-0.3978201634877384,-0.4404833836858006,-0.3995179270864718,-0.45027124773960214,-0.4227287829985332,0.02117055675157614,90,2.071903352461492,-0.43680956706024804,2.3664271903323257,-0.12634227176860513,1.8052121760096453,1.136078175994922,1.175155224398042,31,-13.673515968772179,-11.716788432267885,-14.34454183813443,-12.19624358974359,-12.827172021419008,-12.951652370067418,0.9562692981430206,42,9.842646926865674,14.527937389060508,0.4227287829985332,12.951652370067418,1.136078175994922,n500__absolute_error__boostrap_true__samples_1.0
679.3458177089691,6.622721525047422,6.006949949264526,0.3474863932329957,True,absolute_error,24,0.875,1.0,1,4,500,"{'bootstrap': True, 'criterion': 'absolute_error', 'max_depth': 24, 'max_features': 0.875, 'max_samples': 1.0, 'min_samples_leaf': 1, 'min_samples_split': 4, 'n_estimators': 500}",-9.631742675928722,-9.808434453527097,-10.312604531722055,-9.898122627297381,-9.749449367088607,-9.880070731112772,0.23292568755838375,91,-14.311404892201294,-14.555016147829535,-15.359410570192667,-14.145119582460556,-14.342994651541256,-14.542789168845061,0.4286298274063199,92,-0.42857142857142855,-0.3960036330608538,-0.4398791540785498,-0.39710756251883095,-0.44544906570223025,-0.4214021687863786,0.02100649439259282,83,2.066278465720327,-0.44280442022403893,2.359864350453172,-0.11330129557095532,1.6920479204339962,1.1124170041625003,1.1595729901893175,41,-13.647691331923891,-11.825181957186544,-14.404489010989012,-12.320114567526556,-12.8426549391069,-13.008026361346584,0.9229269130600758,67,9.880070731112772,14.542789168845061,0.4214021687863786,13.008026361346584,1.1124170041625003,n500__absolute_error__boostrap_true__samples_1.0
658.4464100360871,3.234609930371715,6.433945941925049,0.43814468674804946,True,absolute_error,24,0.875,1.0,1,8,500,"{'bootstrap': True, 'criterion': 'absolute_error', 'max_depth': 24, 'max_features': 0.875, 'max_samples': 1.0, 'min_samples_leaf': 1, 'min_samples_split': 8, 'n_estimators': 500}",-9.609024161884626,-9.732417196488042,-10.257208157099699,-9.868482374209098,-9.745811030741411,-9.842588584084575,0.22299589569670866,79,-14.307469121635943,-14.470268134082291,-15.288821908431471,-14.099861612309924,-14.347765822375662,-14.502837319767059,0.4107159233384849,68,-0.427061310782241,-0.3990311837723282,-0.43716012084592143,-0.3998192226574269,-0.4496684749849307,-0.42254806260856964,0.0201942673954561,89,2.105697070371489,-0.42478050257341843,2.364829909365559,-0.20909882494727322,1.7497284508740205,1.1172752206180754,1.1891653800144033,39,-13.715502828854312,-11.662793626707131,-14.436401520387006,-12.07968877166541,-12.782238605898122,-12.935325070702396,1.0234053996345103,26,9.842588584084575,14.502837319767059,0.42254806260856964,12.935325070702396,1.1172752206180754,n500__absolute_error__boostrap_true__samples_1.0
549.8879288196564,11.872942555473239,6.671037197113037,0.47188522833590224,True,absolute_error,24,0.875,1.0,2,2,500,"{'bootstrap': True, 'criterion': 'absolute_error', 'max_depth': 24, 'max_features': 0.875, 'max_samples': 1.0, 'min_samples_leaf': 2, 'min_samples_split': 2, 'n_estimators': 500}",-9.618199033524615,-9.774046927036029,-10.276754078549848,-9.90468785778849,-9.743828209764917,-9.863503221332781,0.22581901018733083,88,-14.264443824283092,-14.490582811086833,-15.272204815984812,-14.111929532005894,-14.314185387699917,-14.49066927421211,0.4090393915627908,53,-0.4243430987617034,-0.3960036330608538,-0.4326283987915408,-0.39650497137692076,-0.44183242917420135,-0.418262506233044,0.018802880097820253,60,1.9469474479009357,-0.5101008174386925,2.2223425981873115,-0.36689635432359163,1.651446051838457,0.9887477852328841,1.1801177835700658,70,-13.627117437722418,-11.696794342507644,-14.445534217877096,-12.027329027355623,-12.895470668485677,-12.93844913878969,1.0118560274132185,32,9.863503221332781,14.49066927421211,0.418262506233044,12.93844913878969,0.9887477852328841,n500__absolute_error__boostrap_true__samples_1.0
551.1588646888733,5.7113003715746204,6.817682075500488,0.7655908877151274,True,absolute_error,24,0.875,1.0,2,4,500,"{'bootstrap': True, 'criterion': 'absolute_error', 'max_depth': 24, 'max_features': 0.875, 'max_samples': 1.0, 'min_samples_leaf': 2, 'min_samples_split': 4, 'n_estimators': 500}",-9.618199033524615,-9.774046927036029,-10.276754078549848,-9.90468785778849,-9.743828209764917,-9.863503221332781,0.22581901018733083,88,-14.264443824283092,-14.490582811086833,-15.272204815984812,-14.111929532005894,-14.314185387699917,-14.49066927421211,0.4090393915627908,53,-0.4243430987617034,-0.3960036330608538,-0.4326283987915408,-0.39650497137692076,-0.44183242917420135,-0.418262506233044,0.018802880097820253,60,1.9469474479009357,-0.5101008174386925,2.2223425981873115,-0.36689635432359163,1.651446051838457,0.9887477852328841,1.1801177835700658,70,-13.627117437722418,-11.696794342507644,-14.445534217877096,-12.027329027355623,-12.895470668485677,-12.93844913878969,1.0118560274132185,32,9.863503221332781,14.49066927421211,0.418262506233044,12.93844913878969,0.9887477852328841,n500__absolute_error__boostrap_true__samples_1.0
536.747924900055,5.722205333411852,7.020656394958496,0.7249084086818053,True,absolute_error,24,0.875,1.0,2,8,500,"{'bootstrap': True, 'criterion': 'absolute_error', 'max_depth': 24, 'max_features': 0.875, 'max_samples': 1.0, 'min_samples_leaf': 2, 'min_samples_split': 8, 'n_estimators': 500}",-9.60429205678043,-9.73799243112322,-10.265115407854985,-9.79599005724616,-9.733748643761302,-9.82742771935322,0.22765008375184623,76,-14.2880232335259,-14.47663169181555,-15.289504569990827,-14.01764756092161,-14.331509798366083,-14.480663370923995,0.4308087721483893,37,-0.4219269102990033,-0.3926733272782319,-0.43172205438066463,-0.3956010846640554,-0.4451476793248945,-0.41741421118936994,0.020406606334119892,49,1.9967148897614015,-0.532398122918559,2.213243504531723,-0.22722356131364874,1.6801494876431582,1.026097239540815,1.1643813847113131,60,-13.74764996420902,-11.721695451040864,-14.451843247025893,-12.093958872810358,-12.820350033852403,-12.967099513787707,1.0147575303822032,49,9.82742771935322,14.480663370923995,0.41741421118936994,12.967099513787707,1.026097239540815,n500__absolute_error__boostrap_true__samples_1.0
468.240291595459,18.025072400960354,6.458215236663818,0.5093314227379199,True,absolute_error,24,0.875,1.0,3,2,500,"{'bootstrap': True, 'criterion': 'absolute_error', 'max_depth': 24, 'max_features': 0.875, 'max_samples': 1.0, 'min_samples_leaf': 3, 'min_samples_split': 2, 'n_estimators': 500}",-9.575193295077016,-9.722389040266425,-10.237049244712992,-9.823595058752636,-9.746351416515974,-9.82091561106501,0.22307897315953484,71,-14.247357268741426,-14.425306417766057,-15.249083898520224,-14.065381244490936,-14.340305665181122,-14.465486898939954,0.4096276700606477,15,-0.42313500453035335,-0.3938843475628217,-0.4326283987915408,-0.3928894245254595,-0.4421338155515371,-0.41693419819234245,0.020145597044883348,45,1.982970401691332,-0.5422564335452609,2.2564583081570997,-0.31279240735161223,1.6451078963230865,1.005897553054929,1.1885190275791322,67,-13.65777301927195,-11.65333512682552,-14.439074720670389,-12.103663343558283,-12.882366053169736,-12.947242452699175,1.0119731251706958,36,9.82091561106501,14.465486898939954,0.41693419819234245,12.947242452699175,1.005897553054929,n500__absolute_error__boostrap_true__samples_1.0
452.013164806366,6.349691427239504,6.108589935302734,1.5889295990170254,True,absolute_error,24,0.875,1.0,3,4,500,"{'bootstrap': True, 'criterion': 'absolute_error', 'max_depth': 24, 'max_features': 0.875, 'max_samples': 1.0, 'min_samples_leaf': 3, 'min_samples_split': 4, 'n_estimators': 500}",-9.575193295077016,-9.722389040266425,-10.237049244712992,-9.823595058752636,-9.746351416515974,-9.82091561106501,0.22307897315953484,71,-14.247357268741426,-14.425306417766057,-15.249083898520224,-14.065381244490936,-14.340305665181122,-14.465486898939954,0.4096276700606477,15,-0.42313500453035335,-0.3938843475628217,-0.4326283987915408,-0.3928894245254595,-0.4421338155515371,-0.41693419819234245,0.020145597044883348,45,1.982970401691332,-0.5422564335452609,2.2564583081570997,-0.31279240735161223,1.6451078963230865,1.005897553054929,1.1885190275791322,67,-13.65777301927195,-11.65333512682552,-14.439074720670389,-12.103663343558283,-12.882366053169736,-12.947242452699175,1.0119731251706958,36,9.82091561106501,14.465486898939954,0.41693419819234245,12.947242452699175,1.005897553054929,n500__absolute_error__boostrap_true__samples_1.0
451.59848341941836,2.2297371169352247,4.589741039276123,0.7752618367502397,True,absolute_error,24,0.875,1.0,3,8,500,"{'bootstrap': True, 'criterion': 'absolute_error', 'max_depth': 24, 'max_features': 0.875, 'max_samples': 1.0, 'min_samples_leaf': 3, 'min_samples_split': 8, 'n_estimators': 500}",-9.599436424041075,-9.714422040569179,-10.208377039274925,-9.802595058752637,-9.69197619047619,-9.8033613506228,0.2125749400623919,60,-14.289686372653986,-14.46047109483608,-15.240547238293598,-14.042090646449672,-14.325838384430329,-14.471726747332733,0.4074851969482946,29,-0.4213228631833283,-0.39297608234937936,-0.43111782477341387,-0.3940946068092799,-0.4472573839662447,-0.41735375221632925,0.02114090518529354,48,1.9817916037450924,-0.586498940357251,2.2475238670694857,-0.25981831877071393,1.7063722121760099,1.0178740847725245,1.1934584972892408,62,-13.743887455197134,-11.613840523882896,-14.446051857042747,-12.107215596330274,-12.742493261455525,-12.930697738781713,1.039733841640982,20,9.8033613506228,14.471726747332733,0.41735375221632925,12.930697738781713,1.0178740847725245,n500__absolute_error__boostrap_true__samples_1.0
413.95543975830077,10.073730739967482,5.254747581481934,1.5076463856460292,True,absolute_error,24,0.875,1.0,4,2,500,"{'bootstrap': True, 'criterion': 'absolute_error', 'max_depth': 24, 'max_features': 0.875, 'max_samples': 1.0, 'min_samples_leaf': 4, 'min_samples_split': 2, 'n_estimators': 500}",-9.577051948051947,-9.739071147441718,-10.19260996978852,-9.726064778547755,-9.65350331525015,-9.777660231816018,0.21540339677923498,48,-14.317909116323658,-14.515702407047572,-15.216728990432797,-14.002025267436734,-14.319802547521387,-14.474433665752432,0.4060260755539921,32,-0.4237390516460284,-0.3932788374205268,-0.42930513595166164,-0.39198553781259415,-0.44002411091018684,-0.41566653474819953,0.019526736009069512,24,2.024925702204772,-0.5856663639115961,2.248302416918429,-0.2249355227478153,1.7027396021699819,1.0330731669267543,1.192636595804407,56,-13.6900028510335,-11.63729638183218,-14.489591836734693,-12.119234435049961,-12.904114383561645,-12.968047977642396,1.0326457571351837,50,9.777660231816018,14.474433665752432,0.41566653474819953,12.968047977642396,1.0330731669267543,n500__absolute_error__boostrap_true__samples_1.0
403.93386054039,4.448609094539315,6.088312339782715,0.5009456744616547,True,absolute_error,24,0.875,1.0,4,4,500,"{'bootstrap': True, 'criterion': 'absolute_error', 'max_depth': 24, 'max_features': 0.875, 'max_samples': 1.0, 'min_samples_leaf': 4, 'min_samples_split': 4, 'n_estimators': 500}",-9.577051948051947,-9.739071147441718,-10.19260996978852,-9.726064778547755,-9.65350331525015,-9.777660231816018,0.21540339677923498,48,-14.317909116323658,-14.515702407047572,-15.216728990432797,-14.002025267436734,-14.319802547521387,-14.474433665752432,0.4060260755539921,32,-0.4237390516460284,-0.3932788374205268,-0.42930513595166164,-0.39198553781259415,-0.44002411091018684,-0.41566653474819953,0.019526736009069512,24,2.024925702204772,-0.5856663639115961,2.248302416918429,-0.2249355227478153,1.7027396021699819,1.0330731669267543,1.192636595804407,56,-13.6900028510335,-11.63729638183218,-14.489591836734693,-12.119234435049961,-12.904114383561645,-12.968047977642396,1.0326457571351837,50,9.777660231816018,14.474433665752432,0.41566653474819953,12.968047977642396,1.0330731669267543,n500__absolute_error__boostrap_true__samples_1.0
404.7895941734314,2.5579491537948718,5.038760375976563,0.19813748105187093,True,absolute_error,24,0.875,1.0,4,8,500,"{'bootstrap': True, 'criterion': 'absolute_error', 'max_depth': 24, 'max_features': 0.875, 'max_samples': 1.0, 'min_samples_leaf': 4, 'min_samples_split': 8, 'n_estimators': 500}",-9.577051948051947,-9.739071147441718,-10.19260996978852,-9.726064778547755,-9.65350331525015,-9.777660231816018,0.21540339677923498,48,-14.317909116323658,-14.515702407047572,-15.216728990432797,-14.002025267436734,-14.319802547521387,-14.474433665752432,0.4060260755539921,32,-0.4237390516460284,-0.3932788374205268,-0.42930513595166164,-0.39198553781259415,-0.44002411091018684,-0.41566653474819953,0.019526736009069512,24,2.024925702204772,-0.5856663639115961,2.248302416918429,-0.2249355227478153,1.7027396021699819,1.0330731669267543,1.192636595804407,56,-13.6900028510335,-11.63729638183218,-14.489591836734693,-12.119234435049961,-12.904114383561645,-12.968047977642396,1.0326457571351837,50,9.777660231816018,14.474433665752432,0.41566653474819953,12.968047977642396,1.0330731669267543,n500__absolute_error__boostrap_true__samples_1.0
737.1898386955261,4.172393012714171,6.042014169692993,0.39096995738526075,True,absolute_error,24,1.0,1.0,1,2,500,"{'bootstrap': True, 'criterion': 'absolute_error', 'max_depth': 24, 'max_features': 1.0, 'max_samples': 1.0, 'min_samples_leaf': 1, 'min_samples_split': 2, 'n_estimators': 500}",-9.573319238900634,-9.706069633666365,-10.205754380664652,-9.752720699005724,-9.675407775768536,-9.782654345601182,0.21958956924660566,56,-14.301931568355572,-14.620384347004446,-15.249536706062477,-14.009822163192881,-14.377301033844349,-14.511795163691946,0.41717202372947576,73,-0.4237390516460284,-0.39660914320314866,-0.43474320241691844,-0.39891533594456163,-0.44454490657022305,-0.4197103279561761,0.019105342989936148,74,2.056430685593476,-0.336739933393885,2.2730468277945617,-0.17552395299789053,1.717854430379747,1.1070136114752018,1.1281382584447686,44,-13.722773342836778,-11.811792366412215,-14.35192216817234,-12.004046827794562,-12.814523389830507,-12.941011619009279,0.9768171152384714,35,9.782654345601182,14.511795163691946,0.4197103279561761,12.941011619009279,1.1070136114752018,n500__absolute_error__boostrap_true__samples_1.0
717.3519986152648,5.1421336914289615,5.989661502838135,0.8259546579138579,True,absolute_error,24,1.0,1.0,1,4,500,"{'bootstrap': True, 'criterion': 'absolute_error', 'max_depth': 24, 'max_features': 1.0, 'max_samples': 1.0, 'min_samples_leaf': 1, 'min_samples_split': 4, 'n_estimators': 500}",-9.537763515554213,-9.741486224644262,-10.262508459214501,-9.811528171135885,-9.695427064496686,-9.80974268700911,0.24359790982049528,67,-14.21570994243063,-14.61154940991341,-15.30033837187785,-14.07979407255803,-14.331356851486232,-14.50774972965323,0.4332479333209621,70,-0.42253095741467833,-0.39691189827429607,-0.43323262839879156,-0.40042181379933717,-0.44936708860759494,-0.4204928772989396,0.01979436924535349,77,2.0095430383569917,-0.361799273387829,2.2788093655589123,-0.12917445013558315,1.677811633514165,1.0950380627813314,1.1134029084941235,46,-13.664450321658327,-11.815829900839056,-14.474115062761507,-12.090192626034614,-12.654730382293764,-12.939863658717453,0.9945498419765201,34,9.80974268700911,14.50774972965323,0.4204928772989396,12.939863658717453,1.0950380627813314,n500__absolute_error__boostrap_true__samples_1.0
702.2271408557892,4.557503813711191,5.2877813339233395,0.3873675858867744,True,absolute_error,24,1.0,1.0,1,8,500,"{'bootstrap': True, 'criterion': 'absolute_error', 'max_depth': 24, 'max_features': 1.0, 'max_samples': 1.0, 'min_samples_leaf': 1, 'min_samples_split': 8, 'n_estimators': 500}",-9.552828450619149,-9.723091129276416,-10.21610755287009,-9.804335944561615,-9.722759493670885,-9.803824514199631,0.2218404861443221,61,-14.255779361111443,-14.603699334915381,-15.260605638498637,-14.07239661574019,-14.407055015450025,-14.519907193143135,0.40949240591888714,78,-0.4240410752038659,-0.3960036330608538,-0.4335347432024169,-0.3977101536607412,-0.4436407474382158,-0.4189860705132188,0.019109825289003946,68,2.084005134400483,-0.31036633363608823,2.2977480362537763,-0.15293009942753835,1.6796968053044004,1.1196307085790065,1.1221368057830963,38,-13.721351851851853,-11.884644495412845,-14.432356097560978,-12.133718181818184,-12.851002038043475,-13.004614532937467,0.9579716590391928,66,9.803824514199631,14.519907193143135,0.4189860705132188,13.004614532937467,1.1196307085790065,n500__absolute_error__boostrap_true__samples_1.0
590.9007116317749,7.909054048788587,6.0649350643157955,0.41559904711514273,True,absolute_error,24,1.0,1.0,2,2,500,"{'bootstrap': True, 'criterion': 'absolute_error', 'max_depth': 24, 'max_features': 1.0, 'max_samples': 1.0, 'min_samples_leaf': 2, 'min_samples_split': 2, 'n_estimators': 500}",-9.57834762911507,-9.732610354223432,-10.199326888217522,-9.854507984332631,-9.696470464135022,-9.812252664004735,0.2126367549633179,68,-14.231424117206455,-14.55834181588328,-15.21750634503989,-14.091469026381969,-14.320634974954675,-14.483875255893253,0.3970192587831625,42,-0.4210208396254908,-0.3908567968513473,-0.4326283987915408,-0.3952997890931003,-0.44333936106088007,-0.41662903708447185,0.020532189839512608,35,1.8612965871337963,-0.49695065092340296,2.1492682779456196,-0.23143175655317869,1.5961654611211578,0.9756695837447985,1.111070494550738,77,-13.585603299856526,-11.814633617350891,-14.271595670391061,-12.17187118902439,-12.73588239292998,-12.915917233910568,0.9039011135119593,10,9.812252664004735,14.483875255893253,0.41662903708447185,12.915917233910568,0.9756695837447985,n500__absolute_error__boostrap_true__samples_1.0
583.9553317070007,3.6261952569065676,6.6969891548156735,1.0322634719372956,True,absolute_error,24,1.0,1.0,2,4,500,"{'bootstrap': True, 'criterion': 'absolute_error', 'max_depth': 24, 'max_features': 1.0, 'max_samples': 1.0, 'min_samples_leaf': 2, 'min_samples_split': 4, 'n_estimators': 500}",-9.57834762911507,-9.732610354223432,-10.199326888217522,-9.854507984332631,-9.696470464135022,-9.812252664004735,0.2126367549633179,68,-14.231424117206455,-14.55834181588328,-15.21750634503989,-14.091469026381969,-14.320634974954675,-14.483875255893253,0.3970192587831625,42,-0.4210208396254908,-0.3908567968513473,-0.4326283987915408,-0.3952997890931003,-0.44333936106088007,-0.41662903708447185,0.020532189839512608,35,1.8612965871337963,-0.49695065092340296,2.1492682779456196,-0.23143175655317869,1.5961654611211578,0.9756695837447985,1.111070494550738,77,-13.585603299856526,-11.814633617350891,-14.271595670391061,-12.17187118902439,-12.73588239292998,-12.915917233910568,0.9039011135119593,10,9.812252664004735,14.483875255893253,0.41662903708447185,12.915917233910568,0.9756695837447985,n500__absolute_error__boostrap_true__samples_1.0
564.5137139320374,2.9636658461918475,4.748997163772583,0.13200995195265758,True,absolute_error,24,1.0,1.0,2,8,500,"{'bootstrap': True, 'criterion': 'absolute_error', 'max_depth': 24, 'max_features': 1.0, 'max_samples': 1.0, 'min_samples_leaf': 2, 'min_samples_split': 8, 'n_estimators': 500}",-9.519555723346421,-9.695909778988797,-10.190781873111781,-9.765646278999698,-9.691551537070524,-9.772689038303444,0.22423471759968006,44,-14.169197865188316,-14.577649740552138,-15.240123831280021,-14.029065407628176,-14.3360128341009,-14.47040993574991,0.4260366513793883,26,-0.42283298097251587,-0.39297608234937936,-0.43293051359516616,-0.3934920156673697,-0.44183242917420135,-0.41681280435172646,0.0201695473659503,43,1.9376282090003023,-0.4274889494399034,2.247051963746223,-0.22248568846037953,1.5665569620253166,1.0202524993743118,1.1211973234381838,61,-13.54812,-11.792601694915254,-14.36469993021633,-12.12624425727412,-12.74024693042292,-12.914382562565725,0.939672403360989,9,9.772689038303444,14.47040993574991,0.41681280435172646,12.914382562565725,1.0202524993743118,n500__absolute_error__boostrap_true__samples_1.0
502.4220375537872,9.319773919362923,6.667658710479737,0.966168156573027,True,absolute_error,24,1.0,1.0,3,2,500,"{'bootstrap': True, 'criterion': 'absolute_error', 'max_depth': 24, 'max_features': 1.0, 'max_samples': 1.0, 'min_samples_leaf': 3, 'min_samples_split': 2, 'n_estimators': 500}",-9.558318634853519,-9.707847108689071,-10.167074622356495,-9.756997589635432,-9.703716998191682,-9.77879099074524,0.20519080358570385,51,-14.238964130505272,-14.585155074827506,-15.185430923965434,-13.998388611898795,-14.360518371445526,-14.473691422528507,0.4031910382421747,30,-0.42011476895197825,-0.3926733272782319,-0.42779456193353477,-0.3928894245254595,-0.4412296564195298,-0.4149403478217469,0.01931422596491096,17,1.9135460585925703,-0.4658513472600667,2.1371990936555894,-0.28560801446218725,1.5899080771549132,0.9778387735361639,1.1202528516897756,75,-13.653250898634075,-11.768046260601388,-14.381054378531074,-12.05350536809816,-12.797898907103825,-12.930751162593705,0.9761637036483699,21,9.77879099074524,14.473691422528507,0.4149403478217469,12.930751162593705,0.9778387735361639,n500__absolute_error__boostrap_true__samples_1.0
485.3680334568024,7.797493137965184,6.312250852584839,0.27637348325252437,True,absolute_error,24,1.0,1.0,3,4,500,"{'bootstrap': True, 'criterion': 'absolute_error', 'max_depth': 24, 'max_features': 1.0, 'max_samples': 1.0, 'min_samples_leaf': 3, 'min_samples_split': 4, 'n_estimators': 500}",-9.558318634853519,-9.707847108689071,-10.167074622356495,-9.756997589635432,-9.703716998191682,-9.77879099074524,0.20519080358570385,51,-14.238964130505272,-14.585155074827506,-15.185430923965434,-13.998388611898795,-14.360518371445526,-14.473691422528507,0.4031910382421747,30,-0.42011476895197825,-0.3926733272782319,-0.42779456193353477,-0.3928894245254595,-0.4412296564195298,-0.4149403478217469,0.01931422596491096,17,1.9135460585925703,-0.4658513472600667,2.1371990936555894,-0.28560801446218725,1.5899080771549132,0.9778387735361639,1.1202528516897756,75,-13.653250898634075,-11.768046260601388,-14.381054378531074,-12.05350536809816,-12.797898907103825,-12.930751162593705,0.9761637036483699,21,9.77879099074524,14.473691422528507,0.4149403478217469,12.930751162593705,0.9778387735361639,n500__absolute_error__boostrap_true__samples_1.0
472.43486657142637,3.084037123663568,6.315625429153442,1.4383258077492798,True,absolute_error,24,1.0,1.0,3,8,500,"{'bootstrap': True, 'criterion': 'absolute_error', 'max_depth': 24, 'max_features': 1.0, 'max_samples': 1.0, 'min_samples_leaf': 3, 'min_samples_split': 8, 'n_estimators': 500}",-9.523838719420114,-9.714481077808053,-10.130762839879154,-9.707457065381139,-9.635489752863169,-9.742405891070325,0.20592474568793012,30,-14.172803697829279,-14.617448654298935,-15.16690988234433,-13.987882421537101,-14.326429320828325,-14.454294795367593,0.4117199931763628,4,-0.42253095741467833,-0.3905540417801998,-0.4283987915407855,-0.3907803555287737,-0.43731163351416513,-0.4139151559557204,0.019556909484886992,8,1.9298151615826036,-0.4506082349379359,2.208415407854985,-0.28983308225369075,1.5828477998794452,0.9961274104250813,1.1342305089416571,69,-13.55362687634024,-11.859911627906977,-14.40150916784203,-12.049766383962993,-12.826479669193661,-12.938258745049179,0.9470507356386595,31,9.742405891070325,14.454294795367593,0.4139151559557204,12.938258745049179,0.9961274104250813,n500__absolute_error__boostrap_true__samples_1.0
433.8133574008942,4.739176406344413,5.806452989578247,0.6300755554490983,True,absolute_error,24,1.0,1.0,4,2,500,"{'bootstrap': True, 'criterion': 'absolute_error', 'max_depth': 24, 'max_features': 1.0, 'max_samples': 1.0, 'min_samples_leaf': 4, 'min_samples_split': 2, 'n_estimators': 500}",-9.539065841135608,-9.668990009082652,-10.112592447129908,-9.696648388068695,-9.664696503918023,-9.736398637866976,0.19581992564599773,25,-14.219910120531747,-14.55248862212867,-15.167761559723585,-13.979359894025936,-14.368828032558342,-14.457669645793654,0.40160274083551994,5,-0.42011476895197825,-0.392067817135937,-0.4287009063444109,-0.3910816510997288,-0.43670886075949367,-0.4137348008583097,0.01884207585299869,5,1.8817031108426456,-0.48342294883439274,2.201222054380664,-0.2708472431455257,1.5986717902350813,0.9854653526956945,1.1307769711752345,72,-13.592439252336447,-11.714257915057916,-14.361778012684988,-12.050937596302003,-12.895740510697033,-12.923030657415676,0.9737067752938648,12,9.736398637866976,14.457669645793654,0.4137348008583097,12.923030657415676,0.9854653526956945,n500__absolute_error__boostrap_true__samples_1.0
430.4295305252075,3.2061082312052007,5.903235673904419,0.29891546604944214,True,absolute_error,24,1.0,1.0,4,4,500,"{'bootstrap': True, 'criterion': 'absolute_error', 'max_depth': 24, 'max_features': 1.0, 'max_samples': 1.0, 'min_samples_leaf': 4, 'min_samples_split': 4, 'n_estimators': 500}",-9.539065841135608,-9.668990009082652,-10.112592447129908,-9.696648388068695,-9.664696503918023,-9.736398637866976,0.19581992564599773,25,-14.219910120531747,-14.55248862212867,-15.167761559723585,-13.979359894025936,-14.368828032558342,-14.457669645793654,0.40160274083551994,5,-0.42011476895197825,-0.392067817135937,-0.4287009063444109,-0.3910816510997288,-0.43670886075949367,-0.4137348008583097,0.01884207585299869,5,1.8817031108426456,-0.48342294883439274,2.201222054380664,-0.2708472431455257,1.5986717902350813,0.9854653526956945,1.1307769711752345,72,-13.592439252336447,-11.714257915057916,-14.361778012684988,-12.050937596302003,-12.895740510697033,-12.923030657415676,0.9737067752938648,12,9.736398637866976,14.457669645793654,0.4137348008583097,12.923030657415676,0.9854653526956945,n500__absolute_error__boostrap_true__samples_1.0
432.3128900527954,5.3531691847136145,5.965963745117188,0.3473152074448347,True,absolute_error,24,1.0,1.0,4,8,500,"{'bootstrap': True, 'criterion': 'absolute_error', 'max_depth': 24, 'max_features': 1.0, 'max_samples': 1.0, 'min_samples_leaf': 4, 'min_samples_split': 8, 'n_estimators': 500}",-9.539065841135608,-9.668990009082652,-10.112592447129908,-9.696648388068695,-9.664696503918023,-9.736398637866976,0.19581992564599773,25,-14.219910120531747,-14.55248862212867,-15.167761559723585,-13.979359894025936,-14.368828032558342,-14.457669645793654,0.40160274083551994,5,-0.42011476895197825,-0.392067817135937,-0.4287009063444109,-0.3910816510997288,-0.43670886075949367,-0.4137348008583097,0.01884207585299869,5,1.8817031108426456,-0.48342294883439274,2.201222054380664,-0.2708472431455257,1.5986717902350813,0.9854653526956945,1.1307769711752345,72,-13.592439252336447,-11.714257915057916,-14.361778012684988,-12.050937596302003,-12.895740510697033,-12.923030657415676,0.9737067752938648,12,9.736398637866976,14.457669645793654,0.4137348008583097,12.923030657415676,0.9854653526956945,n500__absolute_error__boostrap_true__samples_1.0
609.7976658344269,4.901946521217308,6.3876889705657955,0.36772762747891247,True,absolute_error,26,0.875,1.0,1,2,500,"{'bootstrap': True, 'criterion': 'absolute_error', 'max_depth': 26, 'max_features': 0.875, 'max_samples': 1.0, 'min_samples_leaf': 1, 'min_samples_split': 2, 'n_estimators': 500}",-9.649254605859257,-9.800796245837118,-10.304142296072506,-9.941273275082855,-9.792411392405063,-9.89757556305136,0.22329130535927985,92,-14.323397957785104,-14.563009443499938,-15.302288428083354,-14.161956418790208,-14.36242175007839,-14.542614799647401,0.40073590431225353,91,-0.425853216550891,-0.3957008779897063,-0.4353474320241692,-0.3974088580897861,-0.4499698613622664,-0.42085604920336384,0.02128445125384843,79,1.9793434007852608,-0.4678007871631852,2.269205135951662,-0.2620120518228381,1.6868990355635929,1.0411269466628985,1.1645155129820988,55,-13.653293617021276,-11.79299311400153,-14.44058986814712,-12.17796360879454,-12.755643670462156,-12.964096775685324,0.96829396133271,48,9.89757556305136,14.542614799647401,0.42085604920336384,12.964096775685324,1.0411269466628985,n500__absolute_error__boostrap_true__samples_1.0
600.5578350543976,3.6610951042182376,6.000990724563598,0.1867208497941245,True,absolute_error,26,0.875,1.0,1,4,500,"{'bootstrap': True, 'criterion': 'absolute_error', 'max_depth': 26, 'max_features': 0.875, 'max_samples': 1.0, 'min_samples_leaf': 1, 'min_samples_split': 4, 'n_estimators': 500}",-9.66998459679855,-9.81840871934605,-10.35754833836858,-9.96186742994878,-9.791147679324894,-9.91979135275737,0.23775307489810382,96,-14.276568780342037,-14.50887066212952,-15.336245039043392,-14.164662039043693,-14.349929706548433,-14.527255245421415,0.4196580424367466,85,-0.42524916943521596,-0.3981229185588859,-0.4380664652567976,-0.3998192226574269,-0.4460518384569018,-0.42146192287304557,0.01953373291369147,84,1.9518674116581092,-0.561398122918558,2.2704287009063444,-0.22752274781560744,1.637978300180832,1.014270708402224,1.1722469785870027,64,-13.66475568181818,-11.625819771863117,-14.41331172413793,-12.173432554634514,-12.811432432432431,-12.937750432977234,1.0027081202225683,30,9.91979135275737,14.527255245421415,0.42146192287304557,12.937750432977234,1.014270708402224,n500__absolute_error__boostrap_true__samples_1.0
579.8523110866547,2.137189644055883,6.169921207427978,0.35644200082747324,True,absolute_error,26,0.875,1.0,1,8,500,"{'bootstrap': True, 'criterion': 'absolute_error', 'max_depth': 26, 'max_features': 0.875, 'max_samples': 1.0, 'min_samples_leaf': 1, 'min_samples_split': 8, 'n_estimators': 500}",-9.685693748112353,-9.831413866182258,-10.302908761329306,-9.944027719192528,-9.795554852320677,-9.911919789427424,0.2121808282278082,95,-14.318866407400868,-14.520325447128371,-15.293493874442598,-14.123213876027242,-14.350047543958304,-14.521189429791477,0.40621757558325167,80,-0.42766535789791604,-0.3957008779897063,-0.43836858006042295,-0.39891533594456163,-0.44454490657022305,-0.42103901169256597,0.02014064321711538,81,1.9801401389308364,-0.5494338480169545,2.236694864048338,-0.2592997890931008,1.6230322483423747,1.0062267228422987,1.1717205647239646,66,-13.638974576271186,-11.728530986993114,-14.302580289455548,-12.138826283987916,-12.843007457627117,-12.930383918866976,0.9448462525072437,19,9.911919789427424,14.521189429791477,0.42103901169256597,12.930383918866976,1.0062267228422987,n500__absolute_error__boostrap_true__samples_1.0
483.3630433559418,7.402983231260868,6.309624242782593,0.35510957402343885,True,absolute_error,26,0.875,1.0,2,2,500,"{'bootstrap': True, 'criterion': 'absolute_error', 'max_depth': 26, 'max_features': 0.875, 'max_samples': 1.0, 'min_samples_leaf': 2, 'min_samples_split': 2, 'n_estimators': 500}",-9.659574448807009,-9.843234937935213,-10.31167341389728,-9.928576077131668,-9.798763411693791,-9.908364457892992,0.2196439554663008,93,-14.252201373663986,-14.499046487560511,-15.212380737611134,-14.061362441676112,-14.316454700475868,-14.468289148197522,0.39748088700185924,24,-0.4234370280881909,-0.3932788374205268,-0.43323262839879156,-0.3931907200964146,-0.4460518384569018,-0.4178382104921651,0.021330753632117776,51,1.8424001812141348,-0.650091129276416,2.0524141993957703,-0.4073028020488096,1.5271883664858352,0.872921763154103,1.159111625886764,95,-13.581682596291014,-11.687819091608931,-14.269571129707115,-12.107703448275862,-12.69577972972973,-12.868511199122532,0.9459683734502751,1,9.908364457892992,14.468289148197522,0.4178382104921651,12.868511199122532,0.872921763154103,n500__absolute_error__boostrap_true__samples_1.0
486.087625169754,4.558630221696518,5.921035957336426,0.4224330591797005,True,absolute_error,26,0.875,1.0,2,4,500,"{'bootstrap': True, 'criterion': 'absolute_error', 'max_depth': 26, 'max_features': 0.875, 'max_samples': 1.0, 'min_samples_leaf': 2, 'min_samples_split': 4, 'n_estimators': 500}",-9.659574448807009,-9.843234937935213,-10.31167341389728,-9.928576077131668,-9.798763411693791,-9.908364457892992,0.2196439554663008,93,-14.252201373663986,-14.499046487560511,-15.212380737611134,-14.061362441676112,-14.316454700475868,-14.468289148197522,0.39748088700185924,24,-0.4234370280881909,-0.3932788374205268,-0.43323262839879156,-0.3931907200964146,-0.4460518384569018,-0.4178382104921651,0.021330753632117776,51,1.8424001812141348,-0.650091129276416,2.0524141993957703,-0.4073028020488096,1.5271883664858352,0.872921763154103,1.159111625886764,95,-13.581682596291014,-11.687819091608931,-14.269571129707115,-12.107703448275862,-12.69577972972973,-12.868511199122532,0.9459683734502751,1,9.908364457892992,14.468289148197522,0.4178382104921651,12.868511199122532,0.872921763154103,n500__absolute_error__boostrap_true__samples_1.0
474.436452293396,2.5607598900312287,6.246822214126587,0.4025248427490647,True,absolute_error,26,0.875,1.0,2,8,500,"{'bootstrap': True, 'criterion': 'absolute_error', 'max_depth': 26, 'max_features': 0.875, 'max_samples': 1.0, 'min_samples_leaf': 2, 'min_samples_split': 8, 'n_estimators': 500}",-9.627348233162188,-9.766693611867998,-10.271793051359516,-9.867162699608317,-9.763962929475587,-9.859392105094722,0.21985405128243032,85,-14.247555941735987,-14.469864751323229,-15.230999810203828,-14.07703229845433,-14.303590129313761,-14.465808586206228,0.4026487571696638,17,-0.4216248867411658,-0.3896457765667575,-0.4323262839879154,-0.3937933112383248,-0.44454490657022305,-0.4163870330208773,0.021447292307136132,34,1.9327453941407429,-0.6203739025128668,2.1933918429003016,-0.3009168424224166,1.582037070524412,0.9573767125260346,1.178293486710678,82,-13.708979226361032,-11.736710955710956,-14.416408805031448,-12.146277735271616,-12.761365423728815,-12.953948429220773,0.9879219692092841,43,9.859392105094722,14.465808586206228,0.4163870330208773,12.953948429220773,0.9573767125260346,n500__absolute_error__boostrap_true__samples_1.0
420.53114652633667,2.5526275056771737,6.3686936378479,0.3189671640527296,True,absolute_error,26,0.875,1.0,3,2,500,"{'bootstrap': True, 'criterion': 'absolute_error', 'max_depth': 26, 'max_features': 0.875, 'max_samples': 1.0, 'min_samples_leaf': 3, 'min_samples_split': 2, 'n_estimators': 500}",-9.621449411054064,-9.807970935513168,-10.269307854984895,-9.86068785778849,-9.739010849909585,-9.85968538185004,0.21990210542657404,86,-14.2712178839005,-14.509374089799584,-15.200834441249333,-14.063788034558408,-14.282010813841262,-14.465445052669818,0.39380908735056047,13,-0.4243430987617034,-0.392067817135937,-0.43293051359516616,-0.39168424224163906,-0.4394213381555154,-0.41608940197799227,0.020340964367367338,32,1.9434125641800057,-0.6364359673024521,2.158611782477341,-0.38169539017776427,1.5472610006027727,0.9262307979559807,1.190940677111778,88,-13.626782206405695,-11.696362934362934,-14.353249825540825,-12.100298461538463,-12.842198216735255,-12.923778328916637,0.9725149015715666,15,9.85968538185004,14.465445052669818,0.41608940197799227,12.923778328916637,0.9262307979559807,n500__absolute_error__boostrap_true__samples_1.0
421.14622616767883,4.702359832834927,6.106329345703125,0.16739105762598913,True,absolute_error,26,0.875,1.0,3,4,500,"{'bootstrap': True, 'criterion': 'absolute_error', 'max_depth': 26, 'max_features': 0.875, 'max_samples': 1.0, 'min_samples_leaf': 3, 'min_samples_split': 4, 'n_estimators': 500}",-9.621449411054064,-9.807970935513168,-10.269307854984895,-9.86068785778849,-9.739010849909585,-9.85968538185004,0.21990210542657404,86,-14.2712178839005,-14.509374089799584,-15.200834441249333,-14.063788034558408,-14.282010813841262,-14.465445052669818,0.39380908735056047,13,-0.4243430987617034,-0.392067817135937,-0.43293051359516616,-0.39168424224163906,-0.4394213381555154,-0.41608940197799227,0.020340964367367338,32,1.9434125641800057,-0.6364359673024521,2.158611782477341,-0.38169539017776427,1.5472610006027727,0.9262307979559807,1.190940677111778,88,-13.626782206405695,-11.696362934362934,-14.353249825540825,-12.100298461538463,-12.842198216735255,-12.923778328916637,0.9725149015715666,15,9.85968538185004,14.465445052669818,0.41608940197799227,12.923778328916637,0.9262307979559807,n500__absolute_error__boostrap_true__samples_1.0
416.2360936164856,4.846625467924825,5.786565732955933,0.30141137881764596,True,absolute_error,26,0.875,1.0,3,8,500,"{'bootstrap': True, 'criterion': 'absolute_error', 'max_depth': 26, 'max_features': 0.875, 'max_samples': 1.0, 'min_samples_leaf': 3, 'min_samples_split': 8, 'n_estimators': 500}",-9.619928420416793,-9.775734786557676,-10.261441993957703,-9.843106357336547,-9.743881856540083,-9.84881868296176,0.21864783245313155,81,-14.263076763835569,-14.51023125700271,-15.223905790146324,-14.043556923821408,-14.3383054561068,-14.475815238182562,0.4029485786690979,35,-0.42011476895197825,-0.39297608234937936,-0.43172205438066463,-0.3892738776739982,-0.4436407474382158,-0.4155455061588473,0.021314215030015616,20,1.8766266988825135,-0.5861108083560402,2.1592462235649545,-0.3346749020789394,1.619903556359252,0.946998153674348,1.164445379335909,84,-13.682636232925955,-11.692345146379044,-14.385051784464661,-12.213035603715172,-12.80741847826087,-12.95609744914914,0.9737643782794446,44,9.84881868296176,14.475815238182562,0.4155455061588473,12.95609744914914,0.946998153674348,n500__absolute_error__boostrap_true__samples_1.0
378.24493021965026,3.480066448143582,5.7719810009002686,0.28694153145046764,True,absolute_error,26,0.875,1.0,4,2,500,"{'bootstrap': True, 'criterion': 'absolute_error', 'max_depth': 26, 'max_features': 0.875, 'max_samples': 1.0, 'min_samples_leaf': 4, 'min_samples_split': 2, 'n_estimators': 500}",-9.600593174267592,-9.776599455040873,-10.222801812688822,-9.758649291955408,-9.685899336949971,-9.808908614180535,0.2160574302342642,64,-14.276141759562073,-14.504677915737998,-15.211993473548263,-14.005294505525471,-14.325849569287557,-14.464791444732274,0.4064314919007513,9,-0.42313500453035335,-0.3941871026339691,-0.4299093655589124,-0.388671286532088,-0.4424352019288728,-0.41566759223683913,0.020810128484116033,27,1.978870431893688,-0.6481877081441114,2.1677232628398793,-0.26958632118107867,1.6400910186859554,0.9737821368188666,1.187974471078743,79,-13.682942184154175,-11.578780337941629,-14.410624736472242,-12.20705426356589,-12.799603542234331,-12.935801012873654,1.012368671318881,27,9.808908614180535,14.464791444732274,0.41566759223683913,12.935801012873654,0.9737821368188666,n500__absolute_error__boostrap_true__samples_1.0
377.5464805603027,3.048688276201175,5.94193468093872,0.31910163815320175,True,absolute_error,26,0.875,1.0,4,4,500,"{'bootstrap': True, 'criterion': 'absolute_error', 'max_depth': 26, 'max_features': 0.875, 'max_samples': 1.0, 'min_samples_leaf': 4, 'min_samples_split': 4, 'n_estimators': 500}",-9.600593174267592,-9.776599455040873,-10.222801812688822,-9.758649291955408,-9.685899336949971,-9.808908614180535,0.2160574302342642,64,-14.276141759562073,-14.504677915737998,-15.211993473548263,-14.005294505525471,-14.325849569287557,-14.464791444732274,0.4064314919007513,9,-0.42313500453035335,-0.3941871026339691,-0.4299093655589124,-0.388671286532088,-0.4424352019288728,-0.41566759223683913,0.020810128484116033,27,1.978870431893688,-0.6481877081441114,2.1677232628398793,-0.26958632118107867,1.6400910186859554,0.9737821368188666,1.187974471078743,79,-13.682942184154175,-11.578780337941629,-14.410624736472242,-12.20705426356589,-12.799603542234331,-12.935801012873654,1.012368671318881,27,9.808908614180535,14.464791444732274,0.41566759223683913,12.935801012873654,0.9737821368188666,n500__absolute_error__boostrap_true__samples_1.0
376.9894049167633,2.338020929743642,6.0722973346710205,0.1343247693559207,True,absolute_error,26,0.875,1.0,4,8,500,"{'bootstrap': True, 'criterion': 'absolute_error', 'max_depth': 26, 'max_features': 0.875, 'max_samples': 1.0, 'min_samples_leaf': 4, 'min_samples_split': 8, 'n_estimators': 500}",-9.600593174267592,-9.776599455040873,-10.222801812688822,-9.758649291955408,-9.685899336949971,-9.808908614180535,0.2160574302342642,64,-14.276141759562073,-14.504677915737998,-15.211993473548263,-14.005294505525471,-14.325849569287557,-14.464791444732274,0.4064314919007513,9,-0.42313500453035335,-0.3941871026339691,-0.4299093655589124,-0.388671286532088,-0.4424352019288728,-0.41566759223683913,0.020810128484116033,27,1.978870431893688,-0.6481877081441114,2.1677232628398793,-0.26958632118107867,1.6400910186859554,0.9737821368188666,1.187974471078743,79,-13.682942184154175,-11.578780337941629,-14.410624736472242,-12.20705426356589,-12.799603542234331,-12.935801012873654,1.012368671318881,27,9.808908614180535,14.464791444732274,0.41566759223683913,12.935801012873654,0.9737821368188666,n500__absolute_error__boostrap_true__samples_1.0
711.1507165908813,6.143749041544485,6.026231288909912,0.4416484984942899,True,absolute_error,26,1.0,1.0,1,2,500,"{'bootstrap': True, 'criterion': 'absolute_error', 'max_depth': 26, 'max_features': 1.0, 'max_samples': 1.0, 'min_samples_leaf': 1, 'min_samples_split': 2, 'n_estimators': 500}",-9.56276260948354,-9.757805933999395,-10.287517824773412,-9.859373606507983,-9.691597649186258,-9.831811524790115,0.24736692479022757,77,-14.24581718251092,-14.612501920572896,-15.280075277076085,-14.117651362989871,-14.308082988429913,-14.512825746315936,0.4166492878801785,74,-0.4219269102990033,-0.3944898577051166,-0.43564954682779455,-0.3928894245254595,-0.4451476793248945,-0.4180206837364537,0.021199949399721356,59,1.9334663243733012,-0.4195473811686344,2.2295160120845923,-0.19795088882193468,1.593237191078963,1.0277442515092574,1.1118769490859683,59,-13.623483894058696,-11.835866462010744,-14.365943828016643,-12.295345858895704,-12.675383209207855,-12.959204650437929,0.9168788162487894,46,9.831811524790115,14.512825746315936,0.4180206837364537,12.959204650437929,1.0277442515092574,n500__absolute_error__boostrap_true__samples_1.0
688.953974866867,4.93166608865269,5.772723770141601,0.27029727543850945,True,absolute_error,26,1.0,1.0,1,4,500,"{'bootstrap': True, 'criterion': 'absolute_error', 'max_depth': 26, 'max_features': 1.0, 'max_samples': 1.0, 'min_samples_leaf': 1, 'min_samples_split': 4, 'n_estimators': 500}",-9.602764119601328,-9.80281562216167,-10.305033534743202,-9.90044410967159,-9.740197408077156,-9.87025095885099,0.23788996386186673,90,-14.235860623634956,-14.605531954158394,-15.30622812469277,-14.140991995956568,-14.346321586826155,-14.526986857053767,0.4194693652497885,84,-0.42283298097251587,-0.3957008779897063,-0.4353474320241692,-0.39680626694787585,-0.4424352019288728,-0.41862455197262805,0.019317582837926475,64,1.9296013289036544,-0.44447350893127446,2.221309667673716,-0.2482832178366977,1.5885964436407474,1.009350142690029,1.1266303113812097,65,-13.637022142857141,-11.82502065799541,-14.386605135322695,-12.162309035687167,-12.802771798365121,-12.962745754045505,0.9426275178387712,47,9.87025095885099,14.526986857053767,0.41862455197262805,12.962745754045505,1.009350142690029,n500__absolute_error__boostrap_true__samples_1.0
669.477368402481,4.255093387349527,5.478287553787231,0.1579009827631671,True,absolute_error,26,1.0,1.0,1,8,500,"{'bootstrap': True, 'criterion': 'absolute_error', 'max_depth': 26, 'max_features': 1.0, 'max_samples': 1.0, 'min_samples_leaf': 1, 'min_samples_split': 8, 'n_estimators': 500}",-9.624542132286319,-9.728309112927642,-10.289997280966768,-9.863954203073215,-9.740609403254972,-9.849482426501783,0.23297948939622026,82,-14.25935960429764,-14.563634507544156,-15.282108009663892,-14.068043863645102,-14.353889561792643,-14.505407109388688,0.41986623324641903,69,-0.42464512231954094,-0.39660914320314866,-0.4326283987915408,-0.39620367580596566,-0.4430379746835443,-0.4186248629607481,0.019056464060135034,65,1.945555119299306,-0.4000493490765974,2.194359818731118,-0.22312142211509498,1.572546714888487,1.017858176345444,1.1048030794432901,63,-13.623254623044096,-11.76001603053435,-14.428499301675979,-12.16651102661597,-12.767704761904763,-12.949197148755033,0.9697811219535862,39,9.849482426501783,14.505407109388688,0.4186248629607481,12.949197148755033,1.017858176345444,n500__absolute_error__boostrap_true__samples_1.0
559.0281529426575,5.4279252666493285,6.1459414005279545,0.3507167682239456,True,absolute_error,26,1.0,1.0,2,2,500,"{'bootstrap': True, 'criterion': 'absolute_error', 'max_depth': 26, 'max_features': 1.0, 'max_samples': 1.0, 'min_samples_leaf': 2, 'min_samples_split': 2, 'n_estimators': 500}",-9.60884204167925,-9.796596124735089,-10.23097250755287,-9.859640855679421,-9.776011151295961,-9.854412536188518,0.20572755270919377,83,-14.187122085339613,-14.592244130864525,-15.17631459608476,-14.031449371540498,-14.345415450167847,-14.466509126799448,0.4004075133102281,18,-0.41920869827846574,-0.3923705722070845,-0.43202416918429004,-0.3928894245254595,-0.4421338155515371,-0.4157253359493674,0.020209489913663,30,1.7742615524010872,-0.5240305782621858,2.091950151057402,-0.39438144019282895,1.4447218203737189,0.8785043010754385,1.1120050684582243,93,-13.576893371757924,-11.816081790123457,-14.261844055944055,-12.04570398773006,-12.689295160190866,-12.87796367314927,0.9229813392193679,5,9.854412536188518,14.466509126799448,0.4157253359493674,12.87796367314927,0.8785043010754385,n500__absolute_error__boostrap_true__samples_1.0
561.0221343517303,5.249177080385082,5.921853017807007,0.26740707418853465,True,absolute_error,26,1.0,1.0,2,4,500,"{'bootstrap': True, 'criterion': 'absolute_error', 'max_depth': 26, 'max_features': 1.0, 'max_samples': 1.0, 'min_samples_leaf': 2, 'min_samples_split': 4, 'n_estimators': 500}",-9.60884204167925,-9.796596124735089,-10.23097250755287,-9.859640855679421,-9.776011151295961,-9.854412536188518,0.20572755270919377,83,-14.187122085339613,-14.592244130864525,-15.17631459608476,-14.031449371540498,-14.345415450167847,-14.466509126799448,0.4004075133102281,18,-0.41920869827846574,-0.3923705722070845,-0.43202416918429004,-0.3928894245254595,-0.4421338155515371,-0.4157253359493674,0.020209489913663,30,1.7742615524010872,-0.5240305782621858,2.091950151057402,-0.39438144019282895,1.4447218203737189,0.8785043010754385,1.1120050684582243,93,-13.576893371757924,-11.816081790123457,-14.261844055944055,-12.04570398773006,-12.689295160190866,-12.87796367314927,0.9229813392193679,5,9.854412536188518,14.466509126799448,0.4157253359493674,12.87796367314927,0.8785043010754385,n500__absolute_error__boostrap_true__samples_1.0
549.3050436019897,5.223078979408088,5.618608617782593,0.47290560126533726,True,absolute_error,26,1.0,1.0,2,8,500,"{'bootstrap': True, 'criterion': 'absolute_error', 'max_depth': 26, 'max_features': 1.0, 'max_samples': 1.0, 'min_samples_leaf': 2, 'min_samples_split': 8, 'n_estimators': 500}",-9.576393234672304,-9.774383287920072,-10.262361933534745,-9.79623983127448,-9.715088004822183,-9.824893258444757,0.23175874233090912,75,-14.204948472678339,-14.603762196103823,-15.23292848918078,-14.028815462529664,-14.311226744099779,-14.476336272918477,0.42186645232000025,36,-0.4210208396254908,-0.3905540417801998,-0.4341389728096677,-0.39620367580596566,-0.44183242917420135,-0.41674999183910505,0.020288540433951358,37,1.8602881304741767,-0.4766491068725399,2.128730513595166,-0.2848484483278095,1.5137546714888488,0.9482551520715685,1.1041750382791982,83,-13.582084648493543,-11.903262015503875,-14.270882393876132,-12.003158935361217,-12.707128240109142,-12.893303246668783,0.91425858418146,7,9.824893258444757,14.476336272918477,0.41674999183910505,12.893303246668783,0.9482551520715685,n500__absolute_error__boostrap_true__samples_1.0
488.81482872962954,3.537427976477607,5.755595064163208,0.32485579178011403,True,absolute_error,26,1.0,1.0,3,2,500,"{'bootstrap': True, 'criterion': 'absolute_error', 'max_depth': 26, 'max_features': 1.0, 'max_samples': 1.0, 'min_samples_leaf': 3, 'min_samples_split': 2, 'n_estimators': 500}",-9.558054666263967,-9.748958522555252,-10.229599395770393,-9.805300994275385,-9.694562688366487,-9.807295253446297,0.22652922168817485,62,-14.16509990978685,-14.585831143245398,-15.19824344696162,-14.019413369784823,-14.287536401094414,-14.45122485417462,0.4174393806411872,2,-0.4173965569314407,-0.39146230699364215,-0.429607250755287,-0.39138294667068396,-0.4403254972875226,-0.4140349117277153,0.019837476128623733,12,1.7976608275445485,-0.5340744777475019,2.0568549848942594,-0.4010003012955709,1.4872817962628095,0.881344565931709,1.116820450314274,91,-13.603029667149059,-11.769822892498068,-14.299635724331926,-12.014193225558122,-12.697248459958933,-12.876785993899222,0.9543163570094793,3,9.807295253446297,14.45122485417462,0.4140349117277153,12.876785993899222,0.881344565931709,n500__absolute_error__boostrap_true__samples_1.0
485.9260458469391,2.894022842645256,6.086625051498413,0.3645270145805216,True,absolute_error,26,1.0,1.0,3,4,500,"{'bootstrap': True, 'criterion': 'absolute_error', 'max_depth': 26, 'max_features': 1.0, 'max_samples': 1.0, 'min_samples_leaf': 3, 'min_samples_split': 4, 'n_estimators': 500}",-9.558054666263967,-9.748958522555252,-10.229599395770393,-9.805300994275385,-9.694562688366487,-9.807295253446297,0.22652922168817485,62,-14.16509990978685,-14.585831143245398,-15.19824344696162,-14.019413369784823,-14.287536401094414,-14.45122485417462,0.4174393806411872,2,-0.4173965569314407,-0.39146230699364215,-0.429607250755287,-0.39138294667068396,-0.4403254972875226,-0.4140349117277153,0.019837476128623733,12,1.7976608275445485,-0.5340744777475019,2.0568549848942594,-0.4010003012955709,1.4872817962628095,0.881344565931709,1.116820450314274,91,-13.603029667149059,-11.769822892498068,-14.299635724331926,-12.014193225558122,-12.697248459958933,-12.876785993899222,0.9543163570094793,3,9.807295253446297,14.45122485417462,0.4140349117277153,12.876785993899222,0.881344565931709,n500__absolute_error__boostrap_true__samples_1.0
482.77047739028933,4.397409755508142,5.1026050567626955,0.18728726368104398,True,absolute_error,26,1.0,1.0,3,8,500,"{'bootstrap': True, 'criterion': 'absolute_error', 'max_depth': 26, 'max_features': 1.0, 'max_samples': 1.0, 'min_samples_leaf': 3, 'min_samples_split': 8, 'n_estimators': 500}",-9.566364240410753,-9.745773841961853,-10.184360725075528,-9.76440705031636,-9.684211874623266,-9.789023546477551,0.20944242490039916,58,-14.192983723351047,-14.58461994136598,-15.155783629817261,-13.99885915819368,-14.2979512878537,-14.446039548116335,0.40221359283578406,1,-0.4180006040471157,-0.39297608234937936,-0.4280966767371601,-0.3907803555287737,-0.43791440626883665,-0.4135536249862531,0.01879776957221523,4,1.8257964361220171,-0.5213300030275495,2.1022803625377646,-0.3855477553479962,1.5216735985533456,0.9085745277675163,1.1279627272718562,90,-13.62696676300578,-11.736647919876733,-14.350311220889205,-12.00016730917502,-12.794607019958706,-12.901740046581088,0.9804144824703642,8,9.789023546477551,14.446039548116335,0.4135536249862531,12.901740046581088,0.9085745277675163,n500__absolute_error__boostrap_true__samples_1.0
418.441871213913,30.665972116051645,4.966910028457642,0.5961904731744702,True,absolute_error,26,1.0,1.0,4,2,500,"{'bootstrap': True, 'criterion': 'absolute_error', 'max_depth': 26, 'max_features': 1.0, 'max_samples': 1.0, 'min_samples_leaf': 4, 'min_samples_split': 2, 'n_estimators': 500}",-9.561160072485654,-9.709515591886163,-10.159491540785499,-9.714991262428443,-9.69998191681736,-9.769028076880625,0.20342070165132067,40,-14.23490909064002,-14.599917904641888,-15.177068699232025,-13.971329290752823,-14.356939935754653,-14.468032984204282,0.40829603272048837,21,-0.4186046511627907,-0.38782924613987285,-0.429607250755287,-0.3889725821030431,-0.4385171790235081,-0.41270618183690033,0.020826864059385365,1,1.8382709151313803,-0.5303493793521038,2.1434879154078548,-0.32152576077131706,1.5509240506329114,0.9361615482097452,1.1297612906305006,85,-13.615987012987015,-11.83403044496487,-14.318868495077357,-12.074714175058094,-12.828352577319588,-12.934390541081385,0.9319262632631808,23,9.769028076880625,14.468032984204282,0.41270618183690033,12.934390541081385,0.9361615482097452,n500__absolute_error__boostrap_true__samples_1.0
356.2934438228607,15.107919769552005,2.944701147079468,0.5667516965005988,True,absolute_error,26,1.0,1.0,4,4,500,"{'bootstrap': True, 'criterion': 'absolute_error', 'max_depth': 26, 'max_features': 1.0, 'max_samples': 1.0, 'min_samples_leaf': 4, 'min_samples_split': 4, 'n_estimators': 500}",-9.561160072485654,-9.709515591886163,-10.159491540785499,-9.714991262428443,-9.69998191681736,-9.769028076880625,0.20342070165132067,40,-14.23490909064002,-14.599917904641888,-15.177068699232025,-13.971329290752823,-14.356939935754653,-14.468032984204282,0.40829603272048837,21,-0.4186046511627907,-0.38782924613987285,-0.429607250755287,-0.3889725821030431,-0.4385171790235081,-0.41270618183690033,0.020826864059385365,1,1.8382709151313803,-0.5303493793521038,2.1434879154078548,-0.32152576077131706,1.5509240506329114,0.9361615482097452,1.1297612906305006,85,-13.615987012987015,-11.83403044496487,-14.318868495077357,-12.074714175058094,-12.828352577319588,-12.934390541081385,0.9319262632631808,23,9.769028076880625,14.468032984204282,0.41270618183690033,12.934390541081385,0.9361615482097452,n500__absolute_error__boostrap_true__samples_1.0
277.29875388145445,29.06015279509965,0.7665578842163085,0.6326729858204762,True,absolute_error,26,1.0,1.0,4,8,500,"{'bootstrap': True, 'criterion': 'absolute_error', 'max_depth': 26, 'max_features': 1.0, 'max_samples': 1.0, 'min_samples_leaf': 4, 'min_samples_split': 8, 'n_estimators': 500}",-9.561160072485654,-9.709515591886163,-10.159491540785499,-9.714991262428443,-9.69998191681736,-9.769028076880625,0.20342070165132067,40,-14.23490909064002,-14.599917904641888,-15.177068699232025,-13.971329290752823,-14.356939935754653,-14.468032984204282,0.40829603272048837,21,-0.4186046511627907,-0.38782924613987285,-0.429607250755287,-0.3889725821030431,-0.4385171790235081,-0.41270618183690033,0.020826864059385365,1,1.8382709151313803,-0.5303493793521038,2.1434879154078548,-0.32152576077131706,1.5509240506329114,0.9361615482097452,1.1297612906305006,85,-13.615987012987015,-11.83403044496487,-14.318868495077357,-12.074714175058094,-12.828352577319588,-12.934390541081385,0.9319262632631808,23,9.769028076880625,14.468032984204282,0.41270618183690033,12.934390541081385,0.9361615482097452,n500__absolute_error__boostrap_true__samples_1.0
