mean_fit_time,std_fit_time,mean_score_time,std_score_time,param_bootstrap,param_criterion,param_max_depth,param_max_features,param_max_samples,param_min_samples_leaf,param_min_samples_split,param_n_estimators,params,split0_test_MAE,split1_test_MAE,split2_test_MAE,split3_test_MAE,split4_test_MAE,mean_test_MAE,std_test_MAE,rank_test_MAE,split0_test_RMSE,split1_test_RMSE,split2_test_RMSE,split3_test_RMSE,split4_test_RMSE,mean_test_RMSE,std_test_RMSE,rank_test_RMSE,split0_test_overestimation_rate,split1_test_overestimation_rate,split2_test_overestimation_rate,split3_test_overestimation_rate,split4_test_overestimation_rate,mean_test_overestimation_rate,std_test_overestimation_rate,rank_test_overestimation_rate,split0_test_mean_signed_error,split1_test_mean_signed_error,split2_test_mean_signed_error,split3_test_mean_signed_error,split4_test_mean_signed_error,mean_test_mean_signed_error,std_test_mean_signed_error,rank_test_mean_signed_error,split0_test_mean_overestimation,split1_test_mean_overestimation,split2_test_mean_overestimation,split3_test_mean_overestimation,split4_test_mean_overestimation,mean_test_mean_overestimation,std_test_mean_overestimation,rank_test_mean_overestimation,mean_MAE,mean_RMSE,overestimation_rate,mean_overstimation,mean_signed_error,chunk_id
41.42450180053711,0.034168885169785154,1.0746551513671876,0.15747716619737667,True,squared_error,20,0.875,0.85,1,2,500,"{'bootstrap': True, 'criterion': 'squared_error', 'max_depth': 20, 'max_features': 0.875, 'max_samples': 0.85, 'min_samples_leaf': 1, 'min_samples_split': 2, 'n_estimators': 500}",-9.997999248789538,-10.238038310899462,-10.530839013772399,-10.21688621031547,-10.051836936692325,-10.20711994409384,0.1863811358628355,73,-14.138812584655225,-14.63139386172728,-15.029004207348612,-14.049673467033783,-14.142516146441608,-14.398280053441301,0.37587766666946015,44,-0.41256418000604045,-0.3848016954283984,-0.427190332326284,-0.3862609219644471,-0.43399638336347196,-0.4089627026177284,0.02035203876314658,90,0.8662190369328295,-1.3053347809649913,1.3773266227783005,-1.260529297369494,0.5464524094205884,0.04482679815944664,1.116132615084596,73,-13.166700857989294,-11.606892116197306,-13.937775196952904,-11.59366169815433,-12.210112517500917,-12.50302847735895,0.9181249647682749,32,10.20711994409384,14.398280053441301,0.4089627026177284,12.50302847735895,0.04482679815944664,n500__squared_error__boostrap_true__samples_0.85
40.11094279289246,0.8017564750343963,1.978870677947998,0.6168591866198667,True,squared_error,20,0.875,0.85,1,4,500,"{'bootstrap': True, 'criterion': 'squared_error', 'max_depth': 20, 'max_features': 0.875, 'max_samples': 0.85, 'min_samples_leaf': 1, 'min_samples_split': 4, 'n_estimators': 500}",-10.053656888585499,-10.247919405401394,-10.527199139957474,-10.200977765292674,-10.081661018163452,-10.222282843480098,0.16869753877321203,88,-14.206597690064097,-14.624930600500324,-15.030686785338945,-14.02080845629811,-14.157801893968243,-14.408165085233943,0.37091154094397166,59,-0.41165810933252794,-0.38086587950348166,-0.42930513595166164,-0.385959626393492,-0.4342977697408077,-0.40841730418439415,0.021817566890331836,84,0.8979482673103723,-1.3893362167999759,1.3325369555404711,-1.2557660130097226,0.5696818101672213,0.03101296064167325,1.1321570189320704,76,-13.301821229336474,-11.629531109678254,-13.812711638317452,-11.588273928894267,-12.262718773213455,-12.519011335887981,0.8954981711946385,55,10.222282843480098,14.408165085233943,0.40841730418439415,12.519011335887981,0.03101296064167325,n500__squared_error__boostrap_true__samples_0.85
36.94005665779114,0.6423866652559468,4.285537004470825,0.44586549964963157,True,squared_error,20,0.875,0.85,1,8,500,"{'bootstrap': True, 'criterion': 'squared_error', 'max_depth': 20, 'max_features': 0.875, 'max_samples': 0.85, 'min_samples_leaf': 1, 'min_samples_split': 8, 'n_estimators': 500}",-10.082676763265853,-10.264236447029992,-10.573798962384075,-10.20113782299515,-10.103957845809472,-10.245161568296908,0.17699959381409233,94,-14.243018683732341,-14.678403818575767,-15.072105945507603,-14.001777066609575,-14.199234371907941,-14.438907977266647,0.3860563198466589,84,-0.412866203563878,-0.3860127157129882,-0.42900302114803623,-0.3838505573968063,-0.4349005424954792,-0.40932660806343757,0.021195673259483766,95,0.8559686868435402,-1.406034396974577,1.3567522893284607,-1.2447938637731417,0.5151333018097649,0.015405203446809424,1.1281914175692744,84,-13.247203762001536,-11.473977008365896,-13.9049734659044,-11.66644646807608,-12.208643252876168,-12.500248791444815,0.9343111918839433,30,10.245161568296908,14.438907977266647,0.40932660806343757,12.500248791444815,0.015405203446809424,n500__squared_error__boostrap_true__samples_0.85
34.933972692489625,2.901987472051508,3.529218339920044,1.7146923678731163,True,squared_error,20,0.875,0.85,2,2,500,"{'bootstrap': True, 'criterion': 'squared_error', 'max_depth': 20, 'max_features': 0.875, 'max_samples': 0.85, 'min_samples_leaf': 2, 'min_samples_split': 2, 'n_estimators': 500}",-9.981428943813311,-10.21188277628118,-10.485564134144813,-10.100962926077983,-10.036042404023261,-10.163176236868111,0.1785339571723702,48,-14.161343449481633,-14.636311304405673,-14.996253514555042,-13.945989190801612,-14.157668013763642,-14.37951309460152,0.3823794647395904,11,-0.4137722742373905,-0.3854072055706933,-0.4287009063444109,-0.3850557396806267,-0.4321880650994575,-0.4090248381865158,0.02038887511263279,91,0.9325268295499499,-1.3454869581322209,1.374062881746002,-1.1951907262825974,0.5840575021279271,0.06999390580181217,1.123663521616981,46,-13.18836042540356,-11.502633694951303,-13.832052650668992,-11.564263666322724,-12.286433573434325,-12.474748802156181,0.9122465539117846,12,10.163176236868111,14.37951309460152,0.4090248381865158,12.474748802156181,0.06999390580181217,n500__squared_error__boostrap_true__samples_0.85
35.13876113891602,1.1225657117118213,2.3726158142089844,0.9078653402117182,True,squared_error,20,0.875,0.85,2,4,500,"{'bootstrap': True, 'criterion': 'squared_error', 'max_depth': 20, 'max_features': 0.875, 'max_samples': 0.85, 'min_samples_leaf': 2, 'min_samples_split': 4, 'n_estimators': 500}",-9.98142894381331,-10.21188277628118,-10.485564134144814,-10.100962926077983,-10.036042404023261,-10.163176236868111,0.17853395717237122,48,-14.161343449481633,-14.636311304405675,-14.996253514555042,-13.945989190801612,-14.157668013763642,-14.37951309460152,0.3823794647395906,11,-0.4137722742373905,-0.3854072055706933,-0.4287009063444109,-0.3850557396806267,-0.4321880650994575,-0.4090248381865158,0.02038887511263279,91,0.9325268295499501,-1.3454869581322204,1.3740628817460014,-1.1951907262825971,0.5840575021279274,0.06999390580181228,1.1236635216169806,45,-13.18836042540356,-11.502633694951303,-13.832052650668992,-11.564263666322724,-12.286433573434325,-12.474748802156181,0.9122465539117846,12,10.163176236868111,14.37951309460152,0.4090248381865158,12.474748802156181,0.06999390580181228,n500__squared_error__boostrap_true__samples_0.85
35.53413329124451,1.8320416244210493,1.9512313842773437,1.586942946486235,True,squared_error,20,0.875,0.85,2,8,500,"{'bootstrap': True, 'criterion': 'squared_error', 'max_depth': 20, 'max_features': 0.875, 'max_samples': 0.85, 'min_samples_leaf': 2, 'min_samples_split': 8, 'n_estimators': 500}",-10.00226757128612,-10.23071367396133,-10.497820953012061,-10.144402203963578,-10.06380793363253,-10.187802467171124,0.1729937906494311,65,-14.185383684930123,-14.626812254232645,-15.030402840655443,-13.989781902962928,-14.168337741333096,-14.400143684822845,0.37864439488032686,47,-0.413470250679553,-0.3832879200726612,-0.42658610271903324,-0.38354926182585114,-0.4361060880048222,-0.40859992466038414,0.021780931951226015,85,0.9041038894442645,-1.386637290037166,1.3793597506369712,-1.2322949345856395,0.5972514586508877,0.05235657482186358,1.1405572493073552,71,-13.188822464016914,-11.537118600356047,-13.921199762421493,-11.61794345132183,-12.223011424877809,-12.497619140598818,0.9247857940927038,26,10.187802467171124,14.400143684822845,0.40859992466038414,12.497619140598818,0.05235657482186358,n500__squared_error__boostrap_true__samples_0.85
29.467342710494997,5.845462234772237,4.2690673828125,2.5763211389702048,True,squared_error,20,0.875,0.85,3,2,500,"{'bootstrap': True, 'criterion': 'squared_error', 'max_depth': 20, 'max_features': 0.875, 'max_samples': 0.85, 'min_samples_leaf': 3, 'min_samples_split': 2, 'n_estimators': 500}",-9.988067634367978,-10.243288375642308,-10.503302699163171,-10.128399166615429,-9.997278609172284,-10.172067296992235,0.19031720917546502,55,-14.194022813499428,-14.67513809883853,-15.066162767078055,-13.967675653262074,-14.113060790492227,-14.403212024634064,0.40769774889158616,53,-0.41407429779522803,-0.3832879200726612,-0.4253776435045317,-0.3817414884001205,-0.4336949969861362,-0.40763526935173555,0.02144128560110389,60,0.9493578122703032,-1.3321340318875223,1.4170573407877307,-1.1954191325451664,0.6255814017307644,0.09288867807122192,1.1367629745720371,4,-13.207080836549727,-11.624621957907605,-14.011502745822973,-11.70030021037064,-12.246924779769394,-12.558086106084069,0.9206071277859768,81,10.172067296992235,14.403212024634064,0.40763526935173555,12.558086106084069,0.09288867807122192,n500__squared_error__boostrap_true__samples_0.85
29.83833932876587,2.2746852763481957,4.088183641433716,1.9330588186588067,True,squared_error,20,0.875,0.85,3,4,500,"{'bootstrap': True, 'criterion': 'squared_error', 'max_depth': 20, 'max_features': 0.875, 'max_samples': 0.85, 'min_samples_leaf': 3, 'min_samples_split': 4, 'n_estimators': 500}",-9.988067634367978,-10.243288375642308,-10.503302699163171,-10.128399166615429,-9.997278609172284,-10.172067296992235,0.19031720917546502,55,-14.194022813499428,-14.675138098838529,-15.066162767078055,-13.967675653262074,-14.113060790492225,-14.403212024634064,0.40769774889158616,53,-0.41407429779522803,-0.3832879200726612,-0.4253776435045317,-0.3817414884001205,-0.4336949969861362,-0.40763526935173555,0.02144128560110389,60,0.949357812270304,-1.3321340318875217,1.4170573407877312,-1.1954191325451657,0.6255814017307653,0.09288867807122263,1.1367629745720371,3,-13.207080836549727,-11.624621957907605,-14.01150274582297,-11.70030021037064,-12.246924779769397,-12.558086106084067,0.9206071277859753,80,10.172067296992235,14.403212024634064,0.40763526935173555,12.558086106084067,0.09288867807122263,n500__squared_error__boostrap_true__samples_0.85
32.522161149978636,0.4292400047930542,1.8472135543823243,0.5267366232767032,True,squared_error,20,0.875,0.85,3,8,500,"{'bootstrap': True, 'criterion': 'squared_error', 'max_depth': 20, 'max_features': 0.875, 'max_samples': 0.85, 'min_samples_leaf': 3, 'min_samples_split': 8, 'n_estimators': 500}",-10.022309480740311,-10.23184975497152,-10.535961359391417,-10.14921844941425,-10.060426421199832,-10.199953093143467,0.18303983244549044,71,-14.213346273194219,-14.665034807078404,-15.085214464051582,-14.004382977939954,-14.21545578392708,-14.436686861238249,0.3894718709563312,83,-0.41498036846874053,-0.3823796548592189,-0.42477341389728096,-0.3808376016872552,-0.4318866787221218,-0.40697154352692344,0.021398858529139506,38,0.9653876184809304,-1.4154070530385952,1.394078107500334,-1.21753844234186,0.5993320037471629,0.06517044686959439,1.1575117211578736,58,-13.238815536943788,-11.528388853715143,-14.042827395238866,-11.726363110551134,-12.340920605015397,-12.575463100292867,0.9450439018172422,84,10.199953093143467,14.436686861238249,0.40697154352692344,12.575463100292867,0.06517044686959439,n500__squared_error__boostrap_true__samples_0.85
27.150621223449708,6.208603911016951,3.6946576595306397,2.53251901501745,True,squared_error,20,0.875,0.85,4,2,500,"{'bootstrap': True, 'criterion': 'squared_error', 'max_depth': 20, 'max_features': 0.875, 'max_samples': 0.85, 'min_samples_leaf': 4, 'min_samples_split': 2, 'n_estimators': 500}",-10.052606963352394,-10.287784911123666,-10.553535705863204,-10.175316603103292,-10.052347041143472,-10.224318244917205,0.18647904673478385,89,-14.262722807316925,-14.688320641801754,-15.127088510110012,-14.030067080389228,-14.197083451546252,-14.461056498232836,0.39749654902143977,94,-0.413470250679553,-0.38268240993036634,-0.42386706948640485,-0.3808376016872552,-0.4345991561181435,-0.40709129758034457,0.021743275702514078,40,0.9545244252563684,-1.408738938522728,1.4087796019320082,-1.2325803482434476,0.6203636634110861,0.06846968076665741,1.1628402423356505,49,-13.310669111644856,-11.601063626384848,-14.11092789337211,-11.740878809287903,-12.278798237764228,-12.60846753569079,0.9619489446262652,94,10.224318244917205,14.461056498232836,0.40709129758034457,12.60846753569079,0.06846968076665741,n500__squared_error__boostrap_true__samples_0.85
27.886170864105225,2.428279552884652,5.088796520233155,0.5058595169325651,True,squared_error,20,0.875,0.85,4,4,500,"{'bootstrap': True, 'criterion': 'squared_error', 'max_depth': 20, 'max_features': 0.875, 'max_samples': 0.85, 'min_samples_leaf': 4, 'min_samples_split': 4, 'n_estimators': 500}",-10.052606963352394,-10.287784911123666,-10.553535705863201,-10.17531660310329,-10.052347041143474,-10.224318244917205,0.18647904673478236,89,-14.262722807316925,-14.688320641801756,-15.127088510110012,-14.030067080389228,-14.19708345154625,-14.461056498232836,0.39749654902144027,94,-0.413470250679553,-0.38268240993036634,-0.42386706948640485,-0.3808376016872552,-0.4345991561181435,-0.40709129758034457,0.021743275702514078,40,0.9545244252563689,-1.4087389385227278,1.4087796019320082,-1.2325803482434476,0.6203636634110864,0.06846968076665763,1.1628402423356508,48,-13.310669111644856,-11.601063626384848,-14.11092789337211,-11.740878809287903,-12.278798237764228,-12.60846753569079,0.9619489446262652,94,10.224318244917205,14.461056498232836,0.40709129758034457,12.60846753569079,0.06846968076665763,n500__squared_error__boostrap_true__samples_0.85
31.75991544723511,0.356485911329849,3.8451272010803224,0.27455737864829927,True,squared_error,20,0.875,0.85,4,8,500,"{'bootstrap': True, 'criterion': 'squared_error', 'max_depth': 20, 'max_features': 0.875, 'max_samples': 0.85, 'min_samples_leaf': 4, 'min_samples_split': 8, 'n_estimators': 500}",-10.052606963352394,-10.287784911123666,-10.553535705863204,-10.17531660310329,-10.052347041143474,-10.224318244917205,0.1864790467347836,89,-14.262722807316925,-14.688320641801754,-15.127088510110012,-14.030067080389228,-14.197083451546252,-14.461056498232836,0.39749654902143977,94,-0.413470250679553,-0.38268240993036634,-0.42386706948640485,-0.3808376016872552,-0.4345991561181435,-0.40709129758034457,0.021743275702514078,40,0.9545244252563689,-1.4087389385227274,1.4087796019320087,-1.2325803482434474,0.620363663411087,0.06846968076665796,1.1628402423356508,47,-13.310669111644856,-11.60106362638485,-14.110927893372114,-11.740878809287903,-12.278798237764228,-12.60846753569079,0.9619489446262659,94,10.224318244917205,14.461056498232836,0.40709129758034457,12.60846753569079,0.06846968076665796,n500__squared_error__boostrap_true__samples_0.85
45.25445733070374,1.7926527482645718,6.889207077026367,0.37615270434073755,True,squared_error,20,1.0,0.85,1,2,500,"{'bootstrap': True, 'criterion': 'squared_error', 'max_depth': 20, 'max_features': 1.0, 'max_samples': 0.85, 'min_samples_leaf': 1, 'min_samples_split': 2, 'n_estimators': 500}",-9.929260938694645,-10.179931164458177,-10.473410679831442,-10.110624767685861,-10.005710995733699,-10.139787709280764,0.18765092426316984,25,-14.076269647594046,-14.699588826052002,-14.991867811817492,-13.961158772073077,-14.15547752608424,-14.376872516724172,0.39863787416517543,10,-0.4110540622168529,-0.38268240993036634,-0.427190332326284,-0.3862609219644471,-0.4318866787221218,-0.4078148810320144,0.020305497318705717,69,0.8621633014086296,-1.2535929535103594,1.3270182261661159,-1.1680674796288328,0.5139871705135685,0.05630165298982435,1.06663145385234,70,-13.126526693233634,-11.662854078623672,-13.811675982620905,-11.575798611178346,-12.178771289465606,-12.471125331024432,0.8679873539891038,11,10.139787709280764,14.376872516724172,0.4078148810320144,12.471125331024432,0.05630165298982435,n500__squared_error__boostrap_true__samples_0.85
41.5039767742157,1.4752057559353535,4.668460416793823,1.5211377048438486,True,squared_error,20,1.0,0.85,1,4,500,"{'bootstrap': True, 'criterion': 'squared_error', 'max_depth': 20, 'max_features': 1.0, 'max_samples': 0.85, 'min_samples_leaf': 1, 'min_samples_split': 4, 'n_estimators': 500}",-9.956468514728844,-10.177986249594843,-10.452339579755005,-10.152188182777994,-10.028934436831234,-10.153583392737584,0.16984954674991593,39,-14.102858820432298,-14.688186889289085,-14.947803670457553,-13.989343907071644,-14.175024165537167,-14.38064349055755,0.3711637389568718,13,-0.41256418000604045,-0.38207689978807147,-0.43051359516616317,-0.38324796625489604,-0.4318866787221218,-0.4080578639874585,0.021830807061208348,79,0.8665013464324192,-1.2644472287416273,1.3452189210225565,-1.1788051686033216,0.5266891029017755,0.05903139460236044,1.0778520150759614,66,-13.116710545499611,-11.664587712313065,-13.701725837745165,-11.707019742156342,-12.220362492963755,-12.482081266135586,0.8034674848440089,19,10.153583392737584,14.38064349055755,0.4080578639874585,12.482081266135586,0.05903139460236044,n500__squared_error__boostrap_true__samples_0.85
39.30553407669068,0.10769369433028876,3.3097661972045898,0.16024398506890955,True,squared_error,20,1.0,0.85,1,8,500,"{'bootstrap': True, 'criterion': 'squared_error', 'max_depth': 20, 'max_features': 1.0, 'max_samples': 0.85, 'min_samples_leaf': 1, 'min_samples_split': 8, 'n_estimators': 500}",-9.998808432655112,-10.213048506906635,-10.498678589161905,-10.121742303484535,-10.054204695528917,-10.177296505547421,0.17587524242761524,62,-14.134917925996863,-14.724169481748081,-15.044300621006162,-13.964644424970803,-14.17614703012753,-14.408835896769887,0.4073651709595795,60,-0.41407429779522803,-0.3838934302149561,-0.429607250755287,-0.3862609219644471,-0.4342977697408077,-0.4096267340941452,0.021146280873095776,96,0.8605198918649306,-1.328329586365487,1.2991805695255956,-1.2345619847093163,0.4859460525471215,0.01655098857256888,1.0910308254585548,82,-13.112777564728615,-11.571855912676423,-13.73098235416865,-11.50411524103547,-12.134705129117382,-12.410887240345309,0.8761035010896439,1,10.177296505547421,14.408835896769887,0.4096267340941452,12.410887240345309,0.01655098857256888,n500__squared_error__boostrap_true__samples_0.85
35.981285095214844,2.2869374596387657,5.667895078659058,1.270896037196709,True,squared_error,20,1.0,0.85,2,2,500,"{'bootstrap': True, 'criterion': 'squared_error', 'max_depth': 20, 'max_features': 1.0, 'max_samples': 0.85, 'min_samples_leaf': 2, 'min_samples_split': 2, 'n_estimators': 500}",-9.90007655638368,-10.160742690363767,-10.438384734165734,-10.00315048419722,-9.988598720090357,-10.098190637040151,0.1897034480243242,1,-14.097178725253078,-14.709716583799175,-14.993632474961826,-13.842781561441495,-14.175968641469163,-14.36385559738495,0.42288886263926145,2,-0.40712775596496525,-0.3796548592188919,-0.42628398791540784,-0.3847544441096716,-0.4318866787221218,-0.4059415451862116,0.02111044830206349,9,0.9066363078997113,-1.2634906911827706,1.3697157761261523,-1.1459497705946526,0.5953398586543025,0.09245029618054856,1.0880638369678048,6,-13.271894025831717,-11.717553171170188,-13.850039932340945,-11.51019936117734,-12.253143127799994,-12.520565923664037,0.9021286027902016,59,10.098190637040151,14.36385559738495,0.4059415451862116,12.520565923664037,0.09245029618054856,n500__squared_error__boostrap_true__samples_0.85
37.50303053855896,2.3961605610125236,4.92213134765625,1.8536052171170554,True,squared_error,20,1.0,0.85,2,4,500,"{'bootstrap': True, 'criterion': 'squared_error', 'max_depth': 20, 'max_features': 1.0, 'max_samples': 0.85, 'min_samples_leaf': 2, 'min_samples_split': 4, 'n_estimators': 500}",-9.90007655638368,-10.160742690363767,-10.438384734165734,-10.00315048419722,-9.988598720090357,-10.098190637040151,0.1897034480243242,1,-14.097178725253078,-14.709716583799175,-14.993632474961826,-13.842781561441493,-14.17596864146916,-14.363855597384946,0.4228888626392623,1,-0.40712775596496525,-0.3796548592188919,-0.42628398791540784,-0.3847544441096716,-0.4318866787221218,-0.4059415451862116,0.02111044830206349,9,0.9066363078997122,-1.2634906911827706,1.3697157761261518,-1.1459497705946526,0.5953398586543033,0.09245029618054881,1.088063836967805,5,-13.271894025831717,-11.717553171170188,-13.850039932340941,-11.510199361177342,-12.253143127799994,-12.520565923664035,0.9021286027902001,58,10.098190637040151,14.363855597384946,0.4059415451862116,12.520565923664035,0.09245029618054881,n500__squared_error__boostrap_true__samples_0.85
37.38297915458679,0.21818151898540178,3.0688316345214846,0.2912022587898047,True,squared_error,20,1.0,0.85,2,8,500,"{'bootstrap': True, 'criterion': 'squared_error', 'max_depth': 20, 'max_features': 1.0, 'max_samples': 0.85, 'min_samples_leaf': 2, 'min_samples_split': 8, 'n_estimators': 500}",-9.954270864152933,-10.171395124107951,-10.448205722007517,-10.098962572083769,-10.0068664659049,-10.135940149651415,0.17308837584586265,22,-14.13432478919098,-14.676880538158033,-15.014385529042555,-13.966805409525513,-14.180355713056805,-14.394550395794777,0.38999189822845637,37,-0.413470250679553,-0.3802603693611868,-0.427190332326284,-0.3841518529677614,-0.4318866787221218,-0.4073918968113814,0.021471554182560942,49,0.9193360731403286,-1.279314242893018,1.3417855202361024,-1.1757115321625056,0.5616233278403733,0.07354382923225615,1.0911358325071143,33,-13.149201084506208,-11.692095203285398,-13.799459339401126,-11.614223608430855,-12.235257897992605,-12.498047426723238,0.8505804979142016,27,10.135940149651415,14.394550395794777,0.4073918968113814,12.498047426723238,0.07354382923225615,n500__squared_error__boostrap_true__samples_0.85
32.50799818038941,3.698118595515628,4.181619548797608,1.0480760824850264,True,squared_error,20,1.0,0.85,3,2,500,"{'bootstrap': True, 'criterion': 'squared_error', 'max_depth': 20, 'max_features': 1.0, 'max_samples': 0.85, 'min_samples_leaf': 3, 'min_samples_split': 2, 'n_estimators': 500}",-9.91792794052406,-10.171853685068442,-10.427518631943673,-10.067187797418379,-9.96999358671982,-10.110896328334874,0.18053603487742167,11,-14.135081745131728,-14.697837287508275,-14.986196227318949,-13.947164749423647,-14.175753303610849,-14.388406662598689,0.3891501165774461,25,-0.4158864391422531,-0.3781410838631547,-0.4253776435045317,-0.3844531485387165,-0.43007836045810727,-0.4067873351013526,0.021402283627959064,30,0.9374875859751864,-1.2888640682699246,1.3532090217536465,-1.1711774497227079,0.6161939561454391,0.08936980917632795,1.1029637358733453,8,-13.050937112650326,-11.745602363605085,-13.847375189537688,-11.569693708464706,-12.307277598888204,-12.504177194629202,0.8474186536135522,33,10.110896328334874,14.388406662598689,0.4067873351013526,12.504177194629202,0.08936980917632795,n500__squared_error__boostrap_true__samples_0.85
33.74359884262085,3.958942187912892,4.950016641616822,1.488096013124266,True,squared_error,20,1.0,0.85,3,4,500,"{'bootstrap': True, 'criterion': 'squared_error', 'max_depth': 20, 'max_features': 1.0, 'max_samples': 0.85, 'min_samples_leaf': 3, 'min_samples_split': 4, 'n_estimators': 500}",-9.917927940524057,-10.171853685068442,-10.427518631943673,-10.067187797418379,-9.96999358671982,-10.110896328334874,0.18053603487742204,11,-14.135081745131728,-14.697837287508273,-14.986196227318949,-13.947164749423647,-14.175753303610849,-14.388406662598689,0.3891501165774458,25,-0.4158864391422531,-0.3781410838631547,-0.4253776435045317,-0.3844531485387165,-0.43007836045810727,-0.4067873351013526,0.021402283627959064,30,0.937487585975187,-1.2888640682699228,1.3532090217536468,-1.1711774497227085,0.616193956145438,0.08936980917632809,1.102963735873345,7,-13.050937112650328,-11.745602363605085,-13.847375189537688,-11.569693708464706,-12.307277598888204,-12.504177194629202,0.8474186536135525,33,10.110896328334874,14.388406662598689,0.4067873351013526,12.504177194629202,0.08936980917632809,n500__squared_error__boostrap_true__samples_0.85
36.064839601516724,0.26766704935736224,3.598411464691162,0.13166478336343382,True,squared_error,20,1.0,0.85,3,8,500,"{'bootstrap': True, 'criterion': 'squared_error', 'max_depth': 20, 'max_features': 1.0, 'max_samples': 0.85, 'min_samples_leaf': 3, 'min_samples_split': 8, 'n_estimators': 500}",-9.939890233961501,-10.17315261119432,-10.446856262205227,-10.056018926964564,-9.97875938416173,-10.118935483697467,0.1822836072368205,15,-14.13967317863381,-14.701954270372214,-15.005829875829418,-13.936465794250218,-14.166365730808142,-14.390057769978762,0.3987307276140246,34,-0.41498036846874053,-0.38207689978807147,-0.42658610271903324,-0.3817414884001205,-0.43007836045810727,-0.40709264396681455,0.021161393337603564,43,0.9410078520429576,-1.2558058406195727,1.3587614715684202,-1.215353954918442,0.605594898113988,0.0868408852374702,1.1058843106919425,11,-13.110135939869275,-11.669570674805227,-13.837321068976904,-11.579387151626312,-12.30514628892461,-12.500312224840467,0.864384390035122,31,10.118935483697467,14.390057769978762,0.40709264396681455,12.500312224840467,0.0868408852374702,n500__squared_error__boostrap_true__samples_0.85
34.238459539413455,1.67630953134085,2.621697425842285,0.8903402687461648,True,squared_error,20,1.0,0.85,4,2,500,"{'bootstrap': True, 'criterion': 'squared_error', 'max_depth': 20, 'max_features': 1.0, 'max_samples': 0.85, 'min_samples_leaf': 4, 'min_samples_split': 2, 'n_estimators': 500}",-9.96162905957286,-10.177906904512938,-10.478299074893235,-10.098996483503852,-9.992453408330602,-10.141856986162697,0.18500455830194937,29,-14.185676975778053,-14.713156688228642,-15.05835743472729,-13.977813536344215,-14.18983868599829,-14.4249686642153,0.39918116162672096,72,-0.41256418000604045,-0.37904934907659704,-0.42477341389728096,-0.38354926182585114,-0.43158529234478604,-0.4063042994301112,0.021354376375450377,17,0.9410880534452745,-1.3468110925933912,1.3754872646670497,-1.17915605103247,0.5910941844163172,0.07634047178055607,1.1226908789252856,21,-13.213358843778568,-11.64900537810314,-13.953069980065624,-11.62802450721623,-12.261246827072027,-12.540941107247118,0.9114218035298433,74,10.141856986162697,14.4249686642153,0.4063042994301112,12.540941107247118,0.07634047178055607,n500__squared_error__boostrap_true__samples_0.85
28.775935077667235,5.845075991909158,4.457581281661987,1.2890456028383268,True,squared_error,20,1.0,0.85,4,4,500,"{'bootstrap': True, 'criterion': 'squared_error', 'max_depth': 20, 'max_features': 1.0, 'max_samples': 0.85, 'min_samples_leaf': 4, 'min_samples_split': 4, 'n_estimators': 500}",-9.96162905957286,-10.177906904512936,-10.478299074893233,-10.098996483503852,-9.992453408330602,-10.141856986162697,0.18500455830194865,29,-14.185676975778051,-14.713156688228642,-15.05835743472729,-13.977813536344215,-14.18983868599829,-14.4249686642153,0.3991811616267211,72,-0.41256418000604045,-0.37904934907659704,-0.42477341389728096,-0.38354926182585114,-0.43158529234478604,-0.4063042994301112,0.021354376375450377,17,0.9410880534452739,-1.3468110925933912,1.3754872646670495,-1.1791560510324692,0.5910941844163172,0.07634047178055606,1.1226908789252856,23,-13.213358843778567,-11.649005378103139,-13.953069980065624,-11.628024507216228,-12.261246827072027,-12.540941107247116,0.9114218035298437,72,10.141856986162697,14.4249686642153,0.4063042994301112,12.540941107247116,0.07634047178055606,n500__squared_error__boostrap_true__samples_0.85
34.21567106246948,0.8054164406102433,5.248653268814087,0.18324309719718276,True,squared_error,20,1.0,0.85,4,8,500,"{'bootstrap': True, 'criterion': 'squared_error', 'max_depth': 20, 'max_features': 1.0, 'max_samples': 0.85, 'min_samples_leaf': 4, 'min_samples_split': 8, 'n_estimators': 500}",-9.96162905957286,-10.177906904512936,-10.478299074893236,-10.098996483503853,-9.992453408330602,-10.141856986162697,0.18500455830194987,29,-14.185676975778053,-14.713156688228642,-15.058357434727288,-13.977813536344213,-14.18983868599829,-14.4249686642153,0.3991811616267208,72,-0.41256418000604045,-0.37904934907659704,-0.42477341389728096,-0.38354926182585114,-0.43158529234478604,-0.4063042994301112,0.021354376375450377,17,0.9410880534452741,-1.3468110925933912,1.3754872646670497,-1.1791560510324692,0.5910941844163169,0.07634047178055607,1.1226908789252856,21,-13.213358843778567,-11.64900537810314,-13.953069980065624,-11.628024507216228,-12.261246827072027,-12.540941107247116,0.9114218035298434,72,10.141856986162697,14.4249686642153,0.4063042994301112,12.540941107247116,0.07634047178055607,n500__squared_error__boostrap_true__samples_0.85
43.149538898468016,0.3156244445776525,4.428417730331421,0.27451674527845105,True,squared_error,22,0.875,0.85,1,2,500,"{'bootstrap': True, 'criterion': 'squared_error', 'max_depth': 22, 'max_features': 0.875, 'max_samples': 0.85, 'min_samples_leaf': 1, 'min_samples_split': 2, 'n_estimators': 500}",-10.028632184463115,-10.238471173129492,-10.543207834805866,-10.18172295320748,-10.069575372895187,-10.212321903700229,0.18178232283523654,76,-14.163332871452624,-14.627583818616802,-15.04916735143198,-13.990956680904059,-14.158752412833387,-14.397958627047768,0.3885151151729782,42,-0.41316822712171547,-0.38116863457462913,-0.4280966767371601,-0.3841518529677614,-0.432790837854129,-0.407875245851079,0.02160440278481197,73,0.8496413211041562,-1.385916587320747,1.3410610662627902,-1.2785109268352641,0.49851900072373767,0.0049587747869345835,1.124641132261053,89,-13.164460371686122,-11.612385940002495,-13.880356408799313,-11.588141457070348,-12.209239948352227,-12.4909168251821,0.9000405557511274,22,10.212321903700229,14.397958627047768,0.407875245851079,12.4909168251821,0.0049587747869345835,n500__squared_error__boostrap_true__samples_0.85
38.23721833229065,2.1848783106137346,4.901612138748169,0.3420139340648203,True,squared_error,22,0.875,0.85,1,4,500,"{'bootstrap': True, 'criterion': 'squared_error', 'max_depth': 22, 'max_features': 0.875, 'max_samples': 0.85, 'min_samples_leaf': 1, 'min_samples_split': 4, 'n_estimators': 500}",-10.000541598818833,-10.257698495333623,-10.52414171286229,-10.195931058768302,-10.076775699322218,-10.211017713021054,0.1804297396451123,74,-14.168910533154598,-14.627743511908,-15.032168476138793,-14.005075416184583,-14.157036147382135,-14.39818681695362,0.37944350133942784,43,-0.412866203563878,-0.387223735997578,-0.4268882175226586,-0.3841518529677614,-0.4349005424954792,-0.409206110509471,0.020480222825075785,93,0.8846554555033646,-1.3818565968559788,1.328822785354345,-1.275718815771352,0.527876202420393,0.01675580613015437,1.1280621366664705,81,-13.18247529146335,-11.46087012926961,-13.882983895646522,-11.610268405688968,-12.192042623001383,-12.465728069013966,0.9315358390330811,7,10.211017713021054,14.39818681695362,0.409206110509471,12.465728069013966,0.01675580613015437,n500__squared_error__boostrap_true__samples_0.85
29.840632677078247,0.7445814283590707,5.681058263778686,0.6067873842683043,True,squared_error,22,0.875,0.85,1,8,500,"{'bootstrap': True, 'criterion': 'squared_error', 'max_depth': 22, 'max_features': 0.875, 'max_samples': 0.85, 'min_samples_leaf': 1, 'min_samples_split': 8, 'n_estimators': 500}",-10.08618201228456,-10.278554592197013,-10.569840026964174,-10.222626927468253,-10.089757330804071,-10.249392177943614,0.17684710434480996,96,-14.218862808283205,-14.673199536667516,-15.077168046416157,-14.024928940709325,-14.165482168207145,-14.431928300056668,0.38899487486833906,80,-0.412866203563878,-0.38570996064184077,-0.427190332326284,-0.3841518529677614,-0.43399638336347196,-0.40878294657264724,0.020641103093974315,87,0.8497313729430576,-1.432586545764135,1.3429547404719657,-1.3246296730742364,0.5037884113802978,-0.012148338808610038,1.147657063392635,94,-13.243895105518892,-11.46712419833901,-13.94319330983509,-11.581354073464212,-12.204647490474908,-12.488042835526423,0.9626471683370689,21,10.249392177943614,14.431928300056668,0.40878294657264724,12.488042835526423,-0.012148338808610038,n500__squared_error__boostrap_true__samples_0.85
34.93567452430725,1.3811352846184244,4.8886865139007565,0.20730165005790585,True,squared_error,22,0.875,0.85,2,2,500,"{'bootstrap': True, 'criterion': 'squared_error', 'max_depth': 22, 'max_features': 0.875, 'max_samples': 0.85, 'min_samples_leaf': 2, 'min_samples_split': 2, 'n_estimators': 500}",-9.999675934103532,-10.19417105384564,-10.503304452552804,-10.152179090985396,-10.019343959398793,-10.173734898177234,0.18090409912702674,60,-14.183772374191532,-14.633641564568858,-15.040157791953138,-13.992183448394544,-14.151942193280657,-14.400339474477747,0.3844453678946958,51,-0.41165810933252794,-0.38116863457462913,-0.42779456193353477,-0.3820427839710756,-0.4318866787221218,-0.40691015370677786,0.021741850317996966,36,0.9090999516794325,-1.3473500636706883,1.393001189220382,-1.25536377465381,0.6169212973865077,0.06326171999236477,1.1418219736181736,63,-13.24980079157278,-11.604864865189782,-13.90422728611202,-11.643742127328286,-12.313722303563722,-12.543271474753318,0.9048576937553952,75,10.173734898177234,14.400339474477747,0.40691015370677786,12.543271474753318,0.06326171999236477,n500__squared_error__boostrap_true__samples_0.85
35.82807803153992,0.20921861304578937,4.814386796951294,0.3020286002045165,True,squared_error,22,0.875,0.85,2,4,500,"{'bootstrap': True, 'criterion': 'squared_error', 'max_depth': 22, 'max_features': 0.875, 'max_samples': 0.85, 'min_samples_leaf': 2, 'min_samples_split': 4, 'n_estimators': 500}",-9.999675934103534,-10.19417105384564,-10.503304452552806,-10.152179090985399,-10.019343959398793,-10.173734898177234,0.18090409912702696,60,-14.183772374191532,-14.633641564568858,-15.040157791953135,-13.992183448394544,-14.151942193280657,-14.400339474477743,0.3844453678946946,50,-0.41165810933252794,-0.38116863457462913,-0.42779456193353477,-0.3820427839710756,-0.4318866787221218,-0.40691015370677786,0.021741850317996966,36,0.909099951679433,-1.3473500636706883,1.393001189220382,-1.2553637746538102,0.6169212973865082,0.06326171999236493,1.1418219736181736,62,-13.24980079157278,-11.60486486518978,-13.904227286112024,-11.643742127328286,-12.313722303563722,-12.543271474753318,0.9048576937553966,75,10.173734898177234,14.400339474477743,0.40691015370677786,12.543271474753318,0.06326171999236493,n500__squared_error__boostrap_true__samples_0.85
28.194335842132567,0.4378814879907166,5.557923936843872,0.2879759672976796,True,squared_error,22,0.875,0.85,2,8,500,"{'bootstrap': True, 'criterion': 'squared_error', 'max_depth': 22, 'max_features': 0.875, 'max_samples': 0.85, 'min_samples_leaf': 2, 'min_samples_split': 8, 'n_estimators': 500}",-10.010562878603373,-10.23073083416603,-10.534973452596502,-10.16426551722178,-10.057026924294195,-10.199511921376375,0.1847999370175712,70,-14.1820138088617,-14.648401205293677,-15.053864757246316,-14.005613908902756,-14.173970170613154,-14.412772770183523,0.3853762871324398,62,-0.41407429779522803,-0.38116863457462913,-0.4253776435045317,-0.38264537511298585,-0.4342977697408077,-0.4075127441456365,0.021872559810087035,53,0.9202173546737717,-1.371824101178173,1.3632180935732257,-1.2593724181977857,0.5736540188158373,0.04517858953737519,1.1394698075262446,72,-13.199056656593958,-11.620718403121085,-13.985445318828765,-11.635960706953005,-12.238931078847706,-12.536022432868904,0.924834788936959,68,10.199511921376375,14.412772770183523,0.4075127441456365,12.536022432868904,0.04517858953737519,n500__squared_error__boostrap_true__samples_0.85
29.587835788726807,1.1249076317784539,5.200824737548828,0.25822635588826326,True,squared_error,22,0.875,0.85,3,2,500,"{'bootstrap': True, 'criterion': 'squared_error', 'max_depth': 22, 'max_features': 0.875, 'max_samples': 0.85, 'min_samples_leaf': 3, 'min_samples_split': 2, 'n_estimators': 500}",-9.961030823069434,-10.212717827902717,-10.484003393635946,-10.119822601331984,-10.01220021157949,-10.157954971503914,0.18481568761766118,41,-14.154011036781107,-14.628543942616929,-15.047527618405962,-13.970654894088131,-14.128707369392876,-14.385888972256998,0.39723449653908,18,-0.41407429779522803,-0.3832879200726612,-0.4283987915407855,-0.38264537511298585,-0.43158529234478604,-0.40799833537328933,0.021273540789722916,76,0.9621656444329362,-1.387926187078137,1.3615752971705877,-1.1854859480203896,0.6280137115931216,0.07566850361962377,1.1381685868685782,27,-13.189899162618655,-11.511961607284196,-13.825410954361644,-11.674434390685507,-12.326895878871062,-12.505720398764213,0.8854665341195814,35,10.157954971503914,14.385888972256998,0.40799833537328933,12.505720398764213,0.07566850361962377,n500__squared_error__boostrap_true__samples_0.85
30.771746349334716,0.2967786809533246,4.69786581993103,0.30716951626404765,True,squared_error,22,0.875,0.85,3,4,500,"{'bootstrap': True, 'criterion': 'squared_error', 'max_depth': 22, 'max_features': 0.875, 'max_samples': 0.85, 'min_samples_leaf': 3, 'min_samples_split': 4, 'n_estimators': 500}",-9.961030823069434,-10.212717827902717,-10.484003393635946,-10.119822601331984,-10.01220021157949,-10.157954971503914,0.18481568761766118,41,-14.154011036781107,-14.62854394261693,-15.047527618405962,-13.970654894088131,-14.128707369392876,-14.385888972256998,0.3972344965390802,18,-0.41407429779522803,-0.3832879200726612,-0.4283987915407855,-0.38264537511298585,-0.43158529234478604,-0.40799833537328933,0.021273540789722916,76,0.9621656444329362,-1.3879261870781379,1.361575297170587,-1.1854859480203896,0.6280137115931214,0.0756685036196234,1.1381685868685785,28,-13.189899162618655,-11.511961607284196,-13.825410954361644,-11.674434390685507,-12.326895878871062,-12.505720398764213,0.8854665341195814,35,10.157954971503914,14.385888972256998,0.40799833537328933,12.505720398764213,0.0756685036196234,n500__squared_error__boostrap_true__samples_0.85
27.23809838294983,1.255308235258354,5.122283411026001,0.5549223772192836,True,squared_error,22,0.875,0.85,3,8,500,"{'bootstrap': True, 'criterion': 'squared_error', 'max_depth': 22, 'max_features': 0.875, 'max_samples': 0.85, 'min_samples_leaf': 3, 'min_samples_split': 8, 'n_estimators': 500}",-10.036384429461789,-10.239248712490589,-10.514545796615609,-10.144310378189136,-10.060015113320253,-10.198900886015476,0.17317080397208143,69,-14.234661537317328,-14.670833468782714,-15.06467413178222,-13.988476662694504,-14.208444494798917,-14.433418059075134,0.3854712471439976,81,-0.41316822712171547,-0.3838934302149561,-0.4268882175226586,-0.3841518529677614,-0.4333936106088005,-0.4082990676871784,0.02086971206692215,82,0.9135051656951677,-1.382065923107304,1.4139714150643385,-1.2265397527655453,0.5907230249465555,0.061918785966642485,1.1470045198885233,64,-13.25112735729703,-11.535991621976734,-13.971476281196258,-11.607090472855251,-12.287604013480273,-12.53065794936111,0.9483086876500333,66,10.198900886015476,14.433418059075134,0.4082990676871784,12.53065794936111,0.061918785966642485,n500__squared_error__boostrap_true__samples_0.85
26.208642530441285,0.7486212784704135,5.237955808639526,0.12787398058497781,True,squared_error,22,0.875,0.85,4,2,500,"{'bootstrap': True, 'criterion': 'squared_error', 'max_depth': 22, 'max_features': 0.875, 'max_samples': 0.85, 'min_samples_leaf': 4, 'min_samples_split': 2, 'n_estimators': 500}",-10.036674143470519,-10.267329410291907,-10.567813639349742,-10.171039340589534,-10.04289358754706,-10.217150024249753,0.19521577096204804,80,-14.259433635286397,-14.679779400315278,-15.132478981022581,-14.020945469756636,-14.167687621149414,-14.452065021506062,0.4046377192780118,85,-0.4113560857746904,-0.38207689978807147,-0.4287009063444109,-0.38053630611630007,-0.43640747438215793,-0.4078155344811261,0.02312084299794066,70,0.9347218432347616,-1.417095139721492,1.4290975718064143,-1.2235721641590034,0.6449368880128722,0.07361779983471055,1.1670610915583992,32,-13.335643212915265,-11.581744768500032,-13.992169171573952,-11.75639095747147,-12.245242236846636,-12.582238069461471,0.9329631838113929,85,10.217150024249753,14.452065021506062,0.4078155344811261,12.582238069461471,0.07361779983471055,n500__squared_error__boostrap_true__samples_0.85
27.22116084098816,0.5097565627660567,4.748815393447876,0.3007203123169567,True,squared_error,22,0.875,0.85,4,4,500,"{'bootstrap': True, 'criterion': 'squared_error', 'max_depth': 22, 'max_features': 0.875, 'max_samples': 0.85, 'min_samples_leaf': 4, 'min_samples_split': 4, 'n_estimators': 500}",-10.036674143470519,-10.267329410291907,-10.56781363934974,-10.171039340589534,-10.042893587547058,-10.21715002424975,0.19521577096204773,79,-14.259433635286397,-14.679779400315278,-15.132478981022581,-14.020945469756636,-14.167687621149412,-14.452065021506062,0.404637719278012,85,-0.4113560857746904,-0.38207689978807147,-0.4287009063444109,-0.38053630611630007,-0.43640747438215793,-0.4078155344811261,0.02312084299794066,70,0.934721843234762,-1.417095139721492,1.429097571806414,-1.2235721641590034,0.6449368880128725,0.07361779983471066,1.1670610915583992,30,-13.335643212915265,-11.581744768500032,-13.992169171573952,-11.75639095747147,-12.245242236846636,-12.582238069461471,0.9329631838113929,85,10.21715002424975,14.452065021506062,0.4078155344811261,12.582238069461471,0.07361779983471066,n500__squared_error__boostrap_true__samples_0.85
27.12780628204346,0.6274084297882367,5.264188480377197,0.5302728189565072,True,squared_error,22,0.875,0.85,4,8,500,"{'bootstrap': True, 'criterion': 'squared_error', 'max_depth': 22, 'max_features': 0.875, 'max_samples': 0.85, 'min_samples_leaf': 4, 'min_samples_split': 8, 'n_estimators': 500}",-10.036674143470519,-10.267329410291907,-10.567813639349742,-10.171039340589534,-10.04289358754706,-10.217150024249753,0.19521577096204804,80,-14.259433635286397,-14.679779400315278,-15.132478981022581,-14.020945469756638,-14.167687621149414,-14.452065021506062,0.4046377192780114,85,-0.4113560857746904,-0.38207689978807147,-0.4287009063444109,-0.38053630611630007,-0.43640747438215793,-0.4078155344811261,0.02312084299794066,70,0.9347218432347609,-1.4170951397214917,1.4290975718064147,-1.2235721641590032,0.6449368880128722,0.07361779983471059,1.1670610915583992,31,-13.335643212915265,-11.581744768500032,-13.992169171573952,-11.75639095747147,-12.245242236846636,-12.582238069461471,0.9329631838113929,85,10.217150024249753,14.452065021506062,0.4078155344811261,12.582238069461471,0.07361779983471059,n500__squared_error__boostrap_true__samples_0.85
48.32245669364929,0.5061547145519327,6.0539319038391115,0.9031954850422627,True,squared_error,22,1.0,0.85,1,2,500,"{'bootstrap': True, 'criterion': 'squared_error', 'max_depth': 22, 'max_features': 1.0, 'max_samples': 0.85, 'min_samples_leaf': 1, 'min_samples_split': 2, 'n_estimators': 500}",-9.953560250973123,-10.181027787572429,-10.472107649975742,-10.130990010174985,-10.033649912470352,-10.154267122233325,0.17726382467543148,40,-14.111307735225315,-14.67786793267213,-15.011123157292955,-13.970700825863068,-14.162959717539655,-14.386791873718625,0.39335452928678444,23,-0.41256418000604045,-0.38056312443233425,-0.4287009063444109,-0.3865622175354022,-0.4318866787221218,-0.40805542140806195,0.021129495891923724,78,0.8547194470214042,-1.26886769740238,1.2989701399122369,-1.2135626886579312,0.4828971708750318,0.030831274349672345,1.0704265720322026,77,-13.09890705712294,-11.709174533743703,-13.728776421610013,-11.534271738158653,-12.175123245826931,-12.449250599292448,0.8389618046390572,4,10.154267122233325,14.386791873718625,0.40805542140806195,12.449250599292448,0.030831274349672345,n500__squared_error__boostrap_true__samples_0.85
44.6243191242218,0.3284366513524782,3.565919542312622,0.3283618951536855,True,squared_error,22,1.0,0.85,1,4,500,"{'bootstrap': True, 'criterion': 'squared_error', 'max_depth': 22, 'max_features': 1.0, 'max_samples': 0.85, 'min_samples_leaf': 1, 'min_samples_split': 4, 'n_estimators': 500}",-9.989431117670312,-10.169178816347484,-10.501883684446394,-10.12572793801014,-10.033371408312183,-10.163918592957303,0.18066269431813134,52,-14.130993534701364,-14.655583982892301,-15.015057197125683,-13.967367680392844,-14.168390709831128,-14.387478620988665,0.388847700010976,24,-0.4104500151011779,-0.38268240993036634,-0.4259818731117825,-0.3844531485387165,-0.4333936106088005,-0.4073922114581688,0.02082197560497796,50,0.846215372098703,-1.2715673615049305,1.291636190390064,-1.2408980337815179,0.5140071151872133,0.027878656477906372,1.0771660230825113,78,-13.199715057993084,-11.625320662715566,-13.842748505570453,-11.55515299848542,-12.168359506596314,-12.478259346272168,0.9008880782516606,17,10.163918592957303,14.387478620988665,0.4073922114581688,12.478259346272168,0.027878656477906372,n500__squared_error__boostrap_true__samples_0.85
39.45321407318115,2.246297910643235,3.7744486331939697,0.5856900734735525,True,squared_error,22,1.0,0.85,1,8,500,"{'bootstrap': True, 'criterion': 'squared_error', 'max_depth': 22, 'max_features': 1.0, 'max_samples': 0.85, 'min_samples_leaf': 1, 'min_samples_split': 8, 'n_estimators': 500}",-9.97909027501735,-10.198605280479812,-10.495984276806851,-10.139748108081502,-10.047280561538932,-10.17214170038489,0.17859610131675366,57,-14.122838407689772,-14.70138817614188,-15.031417358483433,-13.984291801296099,-14.173721749474726,-14.40273149861718,0.39757241083133726,52,-0.4110540622168529,-0.38419618528610355,-0.4256797583081571,-0.38354926182585114,-0.43399638336347196,-0.40769513020008735,0.020792828388940542,65,0.8130992953272513,-1.306081337934078,1.2529973334038182,-1.2385081853698088,0.48084712013825576,0.00047084511308769227,1.0679041729084207,90,-13.127457629467662,-11.572894634447813,-13.800258740169378,-11.60377663137475,-12.129280433265594,-12.446733613745039,0.8798139588692728,2,10.17214170038489,14.40273149861718,0.40769513020008735,12.446733613745039,0.00047084511308769227,n500__squared_error__boostrap_true__samples_0.85
35.091729688644406,1.769603801896958,6.124572277069092,0.8831284938775966,True,squared_error,22,1.0,0.85,2,2,500,"{'bootstrap': True, 'criterion': 'squared_error', 'max_depth': 22, 'max_features': 1.0, 'max_samples': 0.85, 'min_samples_leaf': 2, 'min_samples_split': 2, 'n_estimators': 500}",-9.906298004939485,-10.144028794227031,-10.428102998561178,-10.064665188298548,-10.003545086046284,-10.109328014414505,0.17732885572041346,9,-14.114729890370173,-14.674776575267389,-14.96391800300929,-13.943959177493571,-14.173523641131245,-14.374181457454332,0.3823130924006531,8,-0.4083358501963153,-0.38298516500151375,-0.42658610271903324,-0.3838505573968063,-0.4318866787221218,-0.406728870807158,0.020576628153964636,28,0.9141038068403871,-1.211867727991152,1.3400855428527578,-1.1415283036130717,0.5941108924792373,0.0989808421136317,1.0683732500370917,2,-13.249389940385784,-11.661236364338782,-13.793450450453305,-11.623191255993365,-12.269023913729129,-12.519258384980073,0.866996295963505,56,10.109328014414505,14.374181457454332,0.406728870807158,12.519258384980073,0.0989808421136317,n500__squared_error__boostrap_true__samples_0.85
41.666900110244754,0.2602770061745049,3.7041622161865235,0.13970228146849786,True,squared_error,22,1.0,0.85,2,4,500,"{'bootstrap': True, 'criterion': 'squared_error', 'max_depth': 22, 'max_features': 1.0, 'max_samples': 0.85, 'min_samples_leaf': 2, 'min_samples_split': 4, 'n_estimators': 500}",-9.906298004939485,-10.144028794227033,-10.428102998561178,-10.064665188298548,-10.003545086046284,-10.109328014414507,0.17732885572041354,10,-14.114729890370173,-14.674776575267389,-14.963918003009288,-13.943959177493571,-14.173523641131245,-14.374181457454332,0.38231309240065253,8,-0.4083358501963153,-0.38298516500151375,-0.42658610271903324,-0.3838505573968063,-0.4318866787221218,-0.406728870807158,0.020576628153964636,28,0.9141038068403867,-1.211867727991152,1.3400855428527583,-1.1415283036130717,0.5941108924792379,0.09898084211363181,1.0683732500370917,1,-13.249389940385784,-11.661236364338782,-13.793450450453305,-11.623191255993365,-12.269023913729129,-12.519258384980073,0.866996295963505,56,10.109328014414507,14.374181457454332,0.406728870807158,12.519258384980073,0.09898084211363181,n500__squared_error__boostrap_true__samples_0.85
38.68830547332764,0.31627422779749514,4.07460355758667,0.48227844301589945,True,squared_error,22,1.0,0.85,2,8,500,"{'bootstrap': True, 'criterion': 'squared_error', 'max_depth': 22, 'max_features': 1.0, 'max_samples': 0.85, 'min_samples_leaf': 2, 'min_samples_split': 8, 'n_estimators': 500}",-9.942019507389796,-10.147610970034332,-10.446472310340818,-10.092562448689545,-9.98054782420953,-10.121842612132806,0.17844121905688104,18,-14.124798035352374,-14.6515222982504,-14.997641197030651,-13.953399368885501,-14.141524496573297,-14.373777079218446,0.38961470453854385,7,-0.4113560857746904,-0.37844383893430217,-0.4244712990936556,-0.3856583308225369,-0.4309825195901145,-0.40618241484306,0.020818078546459416,16,0.8992110690015299,-1.2899952852414363,1.3313495571385463,-1.1825304001724208,0.5654232242355973,0.06469163299236329,1.0901666440314384,59,-13.177428207941146,-11.702681842748374,-13.873519708667864,-11.551717331651696,-12.234801377182146,-12.508029693638244,0.8888677696520647,39,10.121842612132806,14.373777079218446,0.40618241484306,12.508029693638244,0.06469163299236329,n500__squared_error__boostrap_true__samples_0.85
31.005330276489257,4.772093725819295,5.442037630081177,2.2055788390189153,True,squared_error,22,1.0,0.85,3,2,500,"{'bootstrap': True, 'criterion': 'squared_error', 'max_depth': 22, 'max_features': 1.0, 'max_samples': 0.85, 'min_samples_leaf': 3, 'min_samples_split': 2, 'n_estimators': 500}",-9.92140628337752,-10.167939786732418,-10.429429734352444,-10.02942605085505,-9.965238486814943,-10.102688068426477,0.1833797694885193,5,-14.13837439986851,-14.698030209983406,-14.986367705670386,-13.921964743900599,-14.168083383152384,-14.382564088515057,0.39544405803035587,14,-0.41256418000604045,-0.38116863457462913,-0.4268882175226586,-0.3817414884001205,-0.4306811332127788,-0.4066087307432455,0.02140926787834402,25,0.9181780908012392,-1.2758509747669966,1.3702224095223448,-1.141339979789964,0.5693331908502187,0.08810854732336845,1.0896180816150216,10,-13.136846216290584,-11.664245173122232,-13.820540904538412,-11.641498685818876,-12.230129050557386,-12.498652006065498,0.8553050058052725,28,10.102688068426477,14.382564088515057,0.4066087307432455,12.498652006065498,0.08810854732336845,n500__squared_error__boostrap_true__samples_0.85
34.376185178756714,3.117519455019425,4.4056236743927,1.1403153204683272,True,squared_error,22,1.0,0.85,3,4,500,"{'bootstrap': True, 'criterion': 'squared_error', 'max_depth': 22, 'max_features': 1.0, 'max_samples': 0.85, 'min_samples_leaf': 3, 'min_samples_split': 4, 'n_estimators': 500}",-9.92140628337752,-10.167939786732418,-10.429429734352444,-10.02942605085505,-9.965238486814943,-10.102688068426477,0.1833797694885193,5,-14.13837439986851,-14.698030209983406,-14.986367705670386,-13.921964743900599,-14.168083383152384,-14.382564088515057,0.39544405803035587,14,-0.41256418000604045,-0.38116863457462913,-0.4268882175226586,-0.3817414884001205,-0.4306811332127788,-0.4066087307432455,0.02140926787834402,25,0.91817809080124,-1.275850974766996,1.3702224095223445,-1.1413399797899635,0.5693331908502187,0.08810854732336877,1.0896180816150214,9,-13.136846216290582,-11.664245173122234,-13.820540904538412,-11.641498685818874,-12.230129050557386,-12.498652006065498,0.8553050058052721,28,10.102688068426477,14.382564088515057,0.4066087307432455,12.498652006065498,0.08810854732336877,n500__squared_error__boostrap_true__samples_0.85
36.10427584648132,0.6433327790987209,3.626921367645264,0.41149483337160314,True,squared_error,22,1.0,0.85,3,8,500,"{'bootstrap': True, 'criterion': 'squared_error', 'max_depth': 22, 'max_features': 1.0, 'max_samples': 0.85, 'min_samples_leaf': 3, 'min_samples_split': 8, 'n_estimators': 500}",-9.948396050817161,-10.19923471183459,-10.460632914047585,-10.058472446394692,-9.989707911056765,-10.13128880683016,0.18540837066476196,21,-14.170022354419055,-14.72492695629448,-15.035016689392764,-13.935835938316755,-14.163448273279808,-14.405850042340571,0.4081537261367963,56,-0.412866203563878,-0.38207689978807147,-0.4241691842900302,-0.3814401928291654,-0.43007836045810727,-0.40612616818585046,0.020651637762943566,13,0.9234669227520256,-1.286258501276919,1.3493373379964748,-1.2017328003282135,0.584910788126086,0.07394474945389078,1.1033500409958419,29,-13.166327105152734,-11.663851197889063,-13.921296842687266,-11.609604615045278,-12.293827906057706,-12.53098153336641,0.8937262379706792,67,10.13128880683016,14.405850042340571,0.40612616818585046,12.53098153336641,0.07394474945389078,n500__squared_error__boostrap_true__samples_0.85
31.014538192749022,5.418739854518854,4.08444356918335,1.2141025391601863,True,squared_error,22,1.0,0.85,4,2,500,"{'bootstrap': True, 'criterion': 'squared_error', 'max_depth': 22, 'max_features': 1.0, 'max_samples': 0.85, 'min_samples_leaf': 4, 'min_samples_split': 2, 'n_estimators': 500}",-9.950783605412157,-10.183065453750373,-10.461338101895265,-10.100851160621426,-10.008163226063795,-10.140840309548603,0.17878796883633286,26,-14.187308206440244,-14.70717440111476,-15.0455525811763,-13.9897692668357,-14.180998386474242,-14.42216056840825,0.39246083983240493,66,-0.41467834491090305,-0.381774144716924,-0.42658610271903324,-0.3838505573968063,-0.43158529234478604,-0.4076948884176906,0.021056282283470455,62,0.9413393442866095,-1.3414940972394656,1.3793343086202843,-1.19993448697328,0.6021038555628936,0.07626978485140837,1.1279694795935216,25,-13.133218895285001,-11.579583739316229,-13.87840852648954,-11.594247425368208,-12.292201877387345,-12.495532092769263,0.8957243218105078,23,10.140840309548603,14.42216056840825,0.4076948884176906,12.495532092769263,0.07626978485140837,n500__squared_error__boostrap_true__samples_0.85
29.553191900253296,5.459909988769147,5.109689664840698,0.6486366175601213,True,squared_error,22,1.0,0.85,4,4,500,"{'bootstrap': True, 'criterion': 'squared_error', 'max_depth': 22, 'max_features': 1.0, 'max_samples': 0.85, 'min_samples_leaf': 4, 'min_samples_split': 4, 'n_estimators': 500}",-9.950783605412154,-10.183065453750373,-10.461338101895265,-10.100851160621426,-10.008163226063795,-10.140840309548603,0.17878796883633358,26,-14.187308206440244,-14.70717440111476,-15.0455525811763,-13.9897692668357,-14.180998386474242,-14.42216056840825,0.39246083983240493,66,-0.41467834491090305,-0.381774144716924,-0.42658610271903324,-0.3838505573968063,-0.43158529234478604,-0.4076948884176906,0.021056282283470455,62,0.9413393442866098,-1.341494097239466,1.3793343086202838,-1.1999344869732795,0.6021038555628928,0.07626978485140819,1.1279694795935216,26,-13.133218895285001,-11.579583739316229,-13.87840852648954,-11.594247425368208,-12.292201877387345,-12.495532092769263,0.8957243218105078,23,10.140840309548603,14.42216056840825,0.4076948884176906,12.495532092769263,0.07626978485140819,n500__squared_error__boostrap_true__samples_0.85
33.95190253257751,0.18919364466576463,4.391102695465088,0.13166447205204626,True,squared_error,22,1.0,0.85,4,8,500,"{'bootstrap': True, 'criterion': 'squared_error', 'max_depth': 22, 'max_features': 1.0, 'max_samples': 0.85, 'min_samples_leaf': 4, 'min_samples_split': 8, 'n_estimators': 500}",-9.950783605412157,-10.183065453750373,-10.461338101895265,-10.100851160621426,-10.008163226063795,-10.140840309548603,0.17878796883633286,26,-14.187308206440242,-14.70717440111476,-15.0455525811763,-13.9897692668357,-14.18099838647424,-14.422160568408248,0.3924608398324054,65,-0.41467834491090305,-0.381774144716924,-0.42658610271903324,-0.3838505573968063,-0.43158529234478604,-0.4076948884176906,0.021056282283470455,62,0.9413393442866098,-1.341494097239466,1.3793343086202847,-1.1999344869732795,0.602103855562893,0.07626978485140841,1.1279694795935216,24,-13.133218895285001,-11.579583739316229,-13.87840852648954,-11.594247425368208,-12.292201877387345,-12.495532092769263,0.8957243218105078,23,10.140840309548603,14.422160568408248,0.4076948884176906,12.495532092769263,0.07626978485140841,n500__squared_error__boostrap_true__samples_0.85
41.392591905593875,0.3083032435412956,5.119296026229859,0.6018000947378187,True,squared_error,24,0.875,0.85,1,2,500,"{'bootstrap': True, 'criterion': 'squared_error', 'max_depth': 24, 'max_features': 0.875, 'max_samples': 0.85, 'min_samples_leaf': 1, 'min_samples_split': 2, 'n_estimators': 500}",-10.013937502003051,-10.225320963963558,-10.54549273914062,-10.199246683684661,-10.0723405383417,-10.211267685426717,0.18454719674802836,75,-14.159088647214034,-14.611815813523306,-15.037801111910394,-14.00007012239732,-14.15564154103871,-14.392883447216752,0.38186285861850616,36,-0.412866203563878,-0.38086587950348166,-0.4259818731117825,-0.38354926182585114,-0.4345991561181435,-0.40757247482462733,0.02185281678609503,54,0.8653430025435762,-1.3788969687264487,1.3195058079538637,-1.2608376533349983,0.5062187835234112,0.010266594391880823,1.1168449283311708,88,-13.175310077013126,-11.613568543826778,-13.926647230809484,-11.652230782297933,-12.170478443116657,-12.507647015412797,0.905994643085223,38,10.211267685426717,14.392883447216752,0.40757247482462733,12.507647015412797,0.010266594391880823,n500__squared_error__boostrap_true__samples_0.85
36.321481704711914,0.24006631480352175,5.147149658203125,0.5089511935613434,True,squared_error,24,0.875,0.85,1,4,500,"{'bootstrap': True, 'criterion': 'squared_error', 'max_depth': 24, 'max_features': 0.875, 'max_samples': 0.85, 'min_samples_leaf': 1, 'min_samples_split': 4, 'n_estimators': 500}",-10.029476956335559,-10.260353323359148,-10.510667418703934,-10.173689418876178,-10.095297841163317,-10.213896991687626,0.16728660075424398,77,-14.179246591013232,-14.643715972636471,-15.00624137930155,-13.973714505125178,-14.183815850323176,-14.397346859679923,0.3752540117891448,41,-0.4098459679855029,-0.3838934302149561,-0.43021148036253776,-0.3838505573968063,-0.4355033152501507,-0.4086609502419908,0.02197875254049817,86,0.8438420205059688,-1.3874768126572654,1.313763998923104,-1.2423936967804474,0.5329260400675949,0.012132310011790982,1.1126502957668587,87,-13.265128641238869,-11.556431827621573,-13.742580053492096,-11.633818878192988,-12.202230739766147,-12.480038028062335,0.8782587078307726,18,10.213896991687626,14.397346859679923,0.4086609502419908,12.480038028062335,0.012132310011790982,n500__squared_error__boostrap_true__samples_0.85
32.13124032020569,0.5044350108572425,5.0736494064331055,0.18974341779400777,True,squared_error,24,0.875,0.85,1,8,500,"{'bootstrap': True, 'criterion': 'squared_error', 'max_depth': 24, 'max_features': 0.875, 'max_samples': 0.85, 'min_samples_leaf': 1, 'min_samples_split': 8, 'n_estimators': 500}",-10.062190838211428,-10.277485433307481,-10.561047840518246,-10.202853068389832,-10.116052731809114,-10.24392598244722,0.17479057454953756,93,-14.204828361155618,-14.649865667204175,-15.065120870561133,-14.002831960070752,-14.213375544300817,-14.427204480658498,0.3825653704347407,79,-0.412866203563878,-0.3823796548592189,-0.43111782477341387,-0.3838505573968063,-0.4361060880048222,-0.4092640657196278,0.022714199500639156,94,0.8296155495398787,-1.4261899489212422,1.3178010604537176,-1.3278298727896396,0.5049343073609392,-0.020333780871269247,1.1379721330485462,95,-13.19047949884586,-11.573962385165382,-13.776800932802102,-11.56051883288738,-12.177068070479004,-12.455765944035946,0.8878800437387502,5,10.24392598244722,14.427204480658498,0.4092640657196278,12.455765944035946,-0.020333780871269247,n500__squared_error__boostrap_true__samples_0.85
34.0206202507019,0.2618183174269017,5.294354486465454,0.4470038363358712,True,squared_error,24,0.875,0.85,2,2,500,"{'bootstrap': True, 'criterion': 'squared_error', 'max_depth': 24, 'max_features': 0.875, 'max_samples': 0.85, 'min_samples_leaf': 2, 'min_samples_split': 2, 'n_estimators': 500}",-9.968621974289015,-10.210075273609615,-10.492587775542267,-10.130609554333786,-10.026958522861158,-10.165770620127168,0.18338213808588302,53,-14.151597239749176,-14.65099975497908,-15.026996856488772,-13.967760368339986,-14.13506755724309,-14.386484355360022,0.39343024832850493,22,-0.4137722742373905,-0.3838934302149561,-0.42930513595166164,-0.38324796625489604,-0.43399638336347196,-0.4088430380044753,0.02169459025520435,88,0.931811735269194,-1.3489000215519902,1.3679427293554862,-1.242404149791558,0.6190304906971198,0.06549615679565035,1.1370479124453712,56,-13.17202044246249,-11.541191584205967,-13.813636865310192,-11.595893764809611,-12.265066509370268,-12.477561833231707,0.8906908936412151,16,10.165770620127168,14.386484355360022,0.4088430380044753,12.477561833231707,0.06549615679565035,n500__squared_error__boostrap_true__samples_0.85
33.47957863807678,0.26694801056189044,4.774352264404297,0.3558597844251035,True,squared_error,24,0.875,0.85,2,4,500,"{'bootstrap': True, 'criterion': 'squared_error', 'max_depth': 24, 'max_features': 0.875, 'max_samples': 0.85, 'min_samples_leaf': 2, 'min_samples_split': 4, 'n_estimators': 500}",-9.968621974289015,-10.210075273609615,-10.492587775542267,-10.130609554333786,-10.02695852286116,-10.165770620127168,0.18338213808588275,53,-14.151597239749176,-14.65099975497908,-15.026996856488774,-13.967760368339986,-14.135067557243087,-14.38648435536002,0.393430248328506,21,-0.4137722742373905,-0.3838934302149561,-0.42930513595166164,-0.38324796625489604,-0.43399638336347196,-0.4088430380044753,0.02169459025520435,88,0.931811735269194,-1.3489000215519904,1.3679427293554856,-1.2424041497915586,0.6190304906971198,0.06549615679565009,1.1370479124453712,57,-13.172020442462495,-11.541191584205967,-13.81363686531019,-11.59589376480961,-12.265066509370266,-12.477561833231706,0.8906908936412158,15,10.165770620127168,14.38648435536002,0.4088430380044753,12.477561833231706,0.06549615679565009,n500__squared_error__boostrap_true__samples_0.85
30.025713205337524,0.38914831901277785,4.837570142745972,0.27145826697283537,True,squared_error,24,0.875,0.85,2,8,500,"{'bootstrap': True, 'criterion': 'squared_error', 'max_depth': 24, 'max_features': 0.875, 'max_samples': 0.85, 'min_samples_leaf': 2, 'min_samples_split': 8, 'n_estimators': 500}",-10.008086008271263,-10.250764258749774,-10.499263592273197,-10.149353818658566,-10.034599745314791,-10.18841348465352,0.17788632948765892,66,-14.185905606831252,-14.679071638718602,-15.018605743695057,-13.975527650179506,-14.138081238155337,-14.39943837551595,0.3886301818731947,45,-0.4137722742373905,-0.38116863457462913,-0.4244712990936556,-0.3820427839710756,-0.4345991561181435,-0.4072108295989789,0.02192132858589766,45,0.8981872018767247,-1.3737558210760688,1.3426912796649637,-1.254829227696557,0.5793437483444461,0.03832743622270178,1.1313404249503476,75,-13.179076860875908,-11.644463411293192,-13.949064279756339,-11.640744131468024,-12.211187417462325,-12.524907220171158,0.9068083625347052,65,10.18841348465352,14.39943837551595,0.4072108295989789,12.524907220171158,0.03832743622270178,n500__squared_error__boostrap_true__samples_0.85
29.301985597610475,0.939233776362443,4.697514963150025,0.4393518193613597,True,squared_error,24,0.875,0.85,3,2,500,"{'bootstrap': True, 'criterion': 'squared_error', 'max_depth': 24, 'max_features': 0.875, 'max_samples': 0.85, 'min_samples_leaf': 3, 'min_samples_split': 2, 'n_estimators': 500}",-9.97579746654372,-10.229491964909375,-10.472690123947844,-10.131413836481402,-10.00009767872859,-10.161898214122186,0.18050081725112774,45,-14.171787030297004,-14.638282731809118,-15.020567810736699,-13.98726882679928,-14.127275097107935,-14.389036299350007,0.3842106473982812,27,-0.41498036846874053,-0.3802603693611868,-0.427190332326284,-0.38324796625489604,-0.43309222423146476,-0.4077542521285144,0.022038432058790237,67,0.9814242269885867,-1.3808902552889604,1.3677371711537687,-1.20065702798012,0.5992318027324404,0.07336918352114305,1.1414462095621587,34,-13.202096443699226,-11.634924939043085,-13.858491636063063,-11.65140795888984,-12.236804182146033,-12.516745031968249,0.880314979185433,50,10.161898214122186,14.389036299350007,0.4077542521285144,12.516745031968249,0.07336918352114305,n500__squared_error__boostrap_true__samples_0.85
27.29354033470154,0.4023263841846917,5.000792455673218,0.3248280011477998,True,squared_error,24,0.875,0.85,3,4,500,"{'bootstrap': True, 'criterion': 'squared_error', 'max_depth': 24, 'max_features': 0.875, 'max_samples': 0.85, 'min_samples_leaf': 3, 'min_samples_split': 4, 'n_estimators': 500}",-9.975797466543721,-10.229491964909373,-10.472690123947842,-10.1314138364814,-10.00009767872859,-10.161898214122186,0.18050081725112668,45,-14.171787030297004,-14.638282731809118,-15.020567810736699,-13.98726882679928,-14.127275097107935,-14.389036299350007,0.3842106473982812,27,-0.41498036846874053,-0.3802603693611868,-0.427190332326284,-0.38324796625489604,-0.43309222423146476,-0.4077542521285144,0.022038432058790237,67,0.9814242269885866,-1.38089025528896,1.3677371711537682,-1.2006570279801205,0.5992318027324396,0.07336918352114279,1.1414462095621587,35,-13.202096443699226,-11.634924939043085,-13.858491636063057,-11.651407958889838,-12.236804182146031,-12.516745031968247,0.8803149791854318,49,10.161898214122186,14.389036299350007,0.4077542521285144,12.516745031968247,0.07336918352114279,n500__squared_error__boostrap_true__samples_0.85
27.527453565597533,0.4694310065872931,5.083763217926025,0.6799115448100217,True,squared_error,24,0.875,0.85,3,8,500,"{'bootstrap': True, 'criterion': 'squared_error', 'max_depth': 24, 'max_features': 0.875, 'max_samples': 0.85, 'min_samples_leaf': 3, 'min_samples_split': 8, 'n_estimators': 500}",-10.025418402786572,-10.228828113350474,-10.507295362610828,-10.156868636266429,-10.056147032433964,-10.194911509489653,0.1721422442189961,67,-14.228095133169642,-14.652718601495561,-15.058589135082729,-13.996440146987592,-14.196444823294348,-14.426457568005972,0.3815633300079985,78,-0.41467834491090305,-0.38268240993036634,-0.42779456193353477,-0.38234407954203076,-0.4318866787221218,-0.40787721500779134,0.02147617113906244,74,0.9504991915055344,-1.4098565571411823,1.4165071465825005,-1.2119669990328314,0.5923826418513974,0.06751308475308374,1.157119513199312,53,-13.234254608412659,-11.522572409081999,-13.936365220843895,-11.697450170992242,-12.327920955784657,-12.54371267302309,0.9188887864912982,77,10.194911509489653,14.426457568005972,0.40787721500779134,12.54371267302309,0.06751308475308374,n500__squared_error__boostrap_true__samples_0.85
27.11784224510193,0.38107810580308316,4.29086217880249,0.4197015739639385,True,squared_error,24,0.875,0.85,4,2,500,"{'bootstrap': True, 'criterion': 'squared_error', 'max_depth': 24, 'max_features': 0.875, 'max_samples': 0.85, 'min_samples_leaf': 4, 'min_samples_split': 2, 'n_estimators': 500}",-10.044990189094118,-10.26511969356931,-10.560107194125305,-10.188079128678975,-10.047164592607617,-10.221092159615065,0.18932626873635322,85,-14.270953730418599,-14.668031269548184,-15.130018944529398,-14.03929613252072,-14.182710946325601,-14.4582022046685,0.3954252622785144,91,-0.41165810933252794,-0.3802603693611868,-0.4283987915407855,-0.380235010545345,-0.4358047016274864,-0.4072713964814663,0.023410772412568902,46,0.9377455631555781,-1.427609952061195,1.42259907317166,-1.2139044673081927,0.6358977730568378,0.07094559800293768,1.1656747988680605,39,-13.339632456235783,-11.620340237341285,-13.98545759688045,-11.80082634749985,-12.256708481768555,-12.600593023945184,0.914637415438133,91,10.221092159615065,14.4582022046685,0.4072713964814663,12.600593023945184,0.07094559800293768,n500__squared_error__boostrap_true__samples_0.85
25.843133783340456,0.7428086938459005,4.896626043319702,0.7116814594417574,True,squared_error,24,0.875,0.85,4,4,500,"{'bootstrap': True, 'criterion': 'squared_error', 'max_depth': 24, 'max_features': 0.875, 'max_samples': 0.85, 'min_samples_leaf': 4, 'min_samples_split': 4, 'n_estimators': 500}",-10.044990189094118,-10.265119693569313,-10.560107194125305,-10.188079128678973,-10.047164592607617,-10.221092159615065,0.18932626873635336,85,-14.270953730418599,-14.668031269548184,-15.1300189445294,-14.03929613252072,-14.182710946325601,-14.4582022046685,0.395425262278515,91,-0.41165810933252794,-0.3802603693611868,-0.4283987915407855,-0.380235010545345,-0.4358047016274864,-0.4072713964814663,0.023410772412568902,46,0.9377455631555776,-1.427609952061195,1.4225990731716605,-1.2139044673081933,0.6358977730568369,0.07094559800293734,1.1656747988680607,40,-13.339632456235783,-11.620340237341285,-13.98545759688045,-11.80082634749985,-12.256708481768555,-12.600593023945184,0.914637415438133,91,10.221092159615065,14.4582022046685,0.4072713964814663,12.600593023945184,0.07094559800293734,n500__squared_error__boostrap_true__samples_0.85
27.186763286590576,1.4501380717016488,6.42267107963562,1.089125319958854,True,squared_error,24,0.875,0.85,4,8,500,"{'bootstrap': True, 'criterion': 'squared_error', 'max_depth': 24, 'max_features': 0.875, 'max_samples': 0.85, 'min_samples_leaf': 4, 'min_samples_split': 8, 'n_estimators': 500}",-10.044990189094118,-10.26511969356931,-10.560107194125305,-10.188079128678973,-10.047164592607617,-10.221092159615065,0.18932626873635328,85,-14.270953730418599,-14.668031269548184,-15.130018944529398,-14.03929613252072,-14.182710946325601,-14.4582022046685,0.3954252622785144,91,-0.41165810933252794,-0.3802603693611868,-0.4283987915407855,-0.380235010545345,-0.4358047016274864,-0.4072713964814663,0.023410772412568902,46,0.9377455631555784,-1.427609952061196,1.4225990731716596,-1.2139044673081933,0.6358977730568373,0.07094559800293718,1.1656747988680607,41,-13.339632456235783,-11.620340237341285,-13.98545759688045,-11.800826347499848,-12.256708481768555,-12.600593023945184,0.9146374154381335,91,10.221092159615065,14.4582022046685,0.4072713964814663,12.600593023945184,0.07094559800293718,n500__squared_error__boostrap_true__samples_0.85
48.11124634742737,0.7908875474606948,5.196121454238892,1.1424568098155055,True,squared_error,24,1.0,0.85,1,2,500,"{'bootstrap': True, 'criterion': 'squared_error', 'max_depth': 24, 'max_features': 1.0, 'max_samples': 0.85, 'min_samples_leaf': 1, 'min_samples_split': 2, 'n_estimators': 500}",-9.99662793535659,-10.164744822024748,-10.483352434540535,-10.144740931466638,-10.028514372614742,-10.16359609920065,0.17246819503855432,50,-14.157637108612198,-14.66294695456772,-15.016382693245166,-13.991497075503293,-14.150029177939015,-14.395698601973479,0.38394688113064634,38,-0.4089398973119903,-0.3823796548592189,-0.42356495468277944,-0.3844531485387165,-0.43128390596745025,-0.40612431227203116,0.019892494941275516,12,0.8234125830005007,-1.2775038586477163,1.2902778747892318,-1.2362253026116115,0.5152716082778175,0.02304658096164445,1.0738662383666087,79,-13.22937745800603,-11.620964727646212,-13.898258318074724,-11.585957434235826,-12.22371833843519,-12.511655255279598,0.9133396908075544,42,10.16359609920065,14.395698601973479,0.40612431227203116,12.511655255279598,0.02304658096164445,n500__squared_error__boostrap_true__samples_0.85
44.84779815673828,0.3888821785344661,3.3756729125976563,0.4280338130913027,True,squared_error,24,1.0,0.85,1,4,500,"{'bootstrap': True, 'criterion': 'squared_error', 'max_depth': 24, 'max_features': 1.0, 'max_samples': 0.85, 'min_samples_leaf': 1, 'min_samples_split': 4, 'n_estimators': 500}",-9.974673852495766,-10.196464291939778,-10.478135033505051,-10.149462127346759,-10.02057679974764,-10.163862421007,0.17683925419837052,51,-14.112614001618251,-14.708907600460057,-15.005840093264913,-13.988786654093127,-14.148193162112111,-14.39286830230969,0.3942855894385176,35,-0.4113560857746904,-0.38268240993036634,-0.4256797583081571,-0.3856583308225369,-0.43037974683544306,-0.40715126633423876,0.019805145989730478,44,0.8247751535563494,-1.2793593143545219,1.2845561581345297,-1.2449625693196744,0.4893555942811954,0.014873004459575656,1.0728833578636578,85,-13.126643046636772,-11.650790245634536,-13.816361903593688,-11.544544544176523,-12.210068516592324,-12.46968165132677,0.876242746942071,10,10.163862421007,14.39286830230969,0.40715126633423876,12.46968165132677,0.014873004459575656,n500__squared_error__boostrap_true__samples_0.85
35.0255844116211,4.495477407110238,4.86891803741455,1.572232877128549,True,squared_error,24,1.0,0.85,1,8,500,"{'bootstrap': True, 'criterion': 'squared_error', 'max_depth': 24, 'max_features': 1.0, 'max_samples': 0.85, 'min_samples_leaf': 1, 'min_samples_split': 8, 'n_estimators': 500}",-10.003666105392544,-10.206978339152784,-10.516903966004879,-10.15628213645009,-10.05492381796386,-10.187750872992831,0.17957280622858648,64,-14.150870923919006,-14.704030153192235,-15.030446425996237,-14.011459950150089,-14.169483202148161,-14.413258131081147,0.3886347387665969,63,-0.4104500151011779,-0.381774144716924,-0.42930513595166164,-0.3841518529677614,-0.43399638336347196,-0.40793550642019943,0.02187341831989836,75,0.8293182714260832,-1.3197495608276022,1.2424849739877455,-1.2840303654142673,0.4957530823921955,-0.007244719687169066,1.0832838296034566,92,-13.196472138206943,-11.639380116894557,-13.695840039189157,-11.547844560026626,-12.155259012285205,-12.446959173320497,0.8564056405501005,3,10.187750872992831,14.413258131081147,0.40793550642019943,12.446959173320497,-0.007244719687169066,n500__squared_error__boostrap_true__samples_0.85
37.6831253528595,1.9478004152416768,5.55244927406311,0.9091123172938715,True,squared_error,24,1.0,0.85,2,2,500,"{'bootstrap': True, 'criterion': 'squared_error', 'max_depth': 24, 'max_features': 1.0, 'max_samples': 0.85, 'min_samples_leaf': 2, 'min_samples_split': 2, 'n_estimators': 500}",-9.901879034703207,-10.145753036325718,-10.428203938711608,-10.062724229592002,-9.98616814781238,-10.104945677428983,0.18071411545022417,7,-14.079774080778549,-14.69086802107736,-14.970888714043728,-13.922129892909947,-14.164454404576448,-14.365623022677207,0.3977424927697868,3,-0.40924192086982786,-0.3835906751438087,-0.4259818731117825,-0.3817414884001205,-0.43007836045810727,-0.40612686359672934,0.020396693359577042,14,0.9223228123082514,-1.2361439297225028,1.3370170946133197,-1.1845910260005161,0.5870450422240892,0.08512999868452828,1.0842497953408095,13,-13.224698271385584,-11.613432864684459,-13.809532489470042,-11.628462550402583,-12.292193890869308,-12.513664013362394,0.8749733241288483,43,10.104945677428983,14.365623022677207,0.40612686359672934,12.513664013362394,0.08512999868452828,n500__squared_error__boostrap_true__samples_0.85
40.82727227210999,0.2734846739900497,3.132496547698975,0.15512325445187866,True,squared_error,24,1.0,0.85,2,4,500,"{'bootstrap': True, 'criterion': 'squared_error', 'max_depth': 24, 'max_features': 1.0, 'max_samples': 0.85, 'min_samples_leaf': 2, 'min_samples_split': 4, 'n_estimators': 500}",-9.901879034703207,-10.145753036325715,-10.42820393871161,-10.062724229592003,-9.98616814781238,-10.104945677428983,0.18071411545022456,7,-14.079774080778549,-14.69086802107736,-14.970888714043728,-13.922129892909947,-14.164454404576448,-14.365623022677207,0.3977424927697868,3,-0.40924192086982786,-0.3835906751438087,-0.4259818731117825,-0.3817414884001205,-0.43007836045810727,-0.40612686359672934,0.020396693359577042,14,0.9223228123082523,-1.2361439297225016,1.3370170946133197,-1.1845910260005164,0.5870450422240892,0.08512999868452864,1.0842497953408092,12,-13.224698271385584,-11.61343286468446,-13.809532489470042,-11.628462550402585,-12.292193890869308,-12.513664013362398,0.8749733241288478,44,10.104945677428983,14.365623022677207,0.40612686359672934,12.513664013362398,0.08512999868452864,n500__squared_error__boostrap_true__samples_0.85
36.034762668609616,3.0239220547496535,3.305145263671875,0.5218983489637067,True,squared_error,24,1.0,0.85,2,8,500,"{'bootstrap': True, 'criterion': 'squared_error', 'max_depth': 24, 'max_features': 1.0, 'max_samples': 0.85, 'min_samples_leaf': 2, 'min_samples_split': 8, 'n_estimators': 500}",-9.943164457759652,-10.167212806661334,-10.456393312692452,-10.080812891208177,-10.006845312955658,-10.130885756255456,0.1791130554626208,20,-14.124586455190844,-14.673257493398431,-15.018147620966117,-13.947393029640798,-14.186237973536263,-14.38992451454649,0.39564338897770235,33,-0.4107520386590154,-0.38268240993036634,-0.42356495468277944,-0.3844531485387165,-0.43037974683544306,-0.4063664597292641,0.019661062591169377,20,0.9045333092609689,-1.2775782841765342,1.3389490106061233,-1.240416392913228,0.5769787633665099,0.06049328122876798,1.1042111544971704,65,-13.204679156840177,-11.61489827047757,-13.923888405890969,-11.497365195078737,-12.29591326513899,-12.507348858685289,0.9331767139063372,37,10.130885756255456,14.38992451454649,0.4063664597292641,12.507348858685289,0.06049328122876798,n500__squared_error__boostrap_true__samples_0.85
32.17305383682251,2.4192636900199602,5.751796627044678,0.5325878962103487,True,squared_error,24,1.0,0.85,3,2,500,"{'bootstrap': True, 'criterion': 'squared_error', 'max_depth': 24, 'max_features': 1.0, 'max_samples': 0.85, 'min_samples_leaf': 3, 'min_samples_split': 2, 'n_estimators': 500}",-9.926640486614708,-10.166716075896167,-10.435106479593355,-10.040877942071917,-9.989951613590954,-10.11185851955342,0.17983539750811664,14,-14.140354798097277,-14.695501765733896,-14.998786613868177,-13.931843725658943,-14.179216741204097,-14.389140728912476,0.39512232513421675,29,-0.41014799154334036,-0.3814713896457766,-0.4268882175226586,-0.3817414884001205,-0.4279686558167571,-0.4056435485857306,0.020618623263495502,3,0.9191715951287439,-1.2966904601701352,1.3595154716932891,-1.163755399385481,0.5643925171784114,0.07652674488896564,1.0971006078013559,17,-13.221827615115084,-11.626069289183762,-13.814649206921015,-11.627138799990641,-12.330744304891814,-12.524085843220464,0.8718630690766396,63,10.11185851955342,14.389140728912476,0.4056435485857306,12.524085843220464,0.07652674488896564,n500__squared_error__boostrap_true__samples_0.85
37.80277633666992,1.2108747902137305,3.205396127700806,1.1427322456476843,True,squared_error,24,1.0,0.85,3,4,500,"{'bootstrap': True, 'criterion': 'squared_error', 'max_depth': 24, 'max_features': 1.0, 'max_samples': 0.85, 'min_samples_leaf': 3, 'min_samples_split': 4, 'n_estimators': 500}",-9.926640486614708,-10.166716075896167,-10.435106479593351,-10.040877942071917,-9.989951613590954,-10.111858519553419,0.17983539750811536,13,-14.140354798097277,-14.695501765733896,-14.998786613868177,-13.931843725658943,-14.179216741204097,-14.389140728912476,0.39512232513421675,29,-0.41014799154334036,-0.3814713896457766,-0.4268882175226586,-0.3817414884001205,-0.4279686558167571,-0.4056435485857306,0.020618623263495502,3,0.9191715951287446,-1.2966904601701352,1.3595154716932891,-1.163755399385481,0.5643925171784122,0.07652674488896594,1.097100607801356,16,-13.221827615115087,-11.626069289183764,-13.814649206921015,-11.627138799990641,-12.330744304891814,-12.524085843220465,0.8718630690766397,64,10.111858519553419,14.389140728912476,0.4056435485857306,12.524085843220465,0.07652674488896594,n500__squared_error__boostrap_true__samples_0.85
37.30821681022644,0.9816178703142913,2.503165531158447,0.6252926692896815,True,squared_error,24,1.0,0.85,3,8,500,"{'bootstrap': True, 'criterion': 'squared_error', 'max_depth': 24, 'max_features': 1.0, 'max_samples': 0.85, 'min_samples_leaf': 3, 'min_samples_split': 8, 'n_estimators': 500}",-9.961508626017643,-10.208950891163024,-10.455823900790133,-10.075990124840756,-9.98531030598644,-10.137516769759598,0.18130276648653604,24,-14.178002325915125,-14.721246527182688,-15.021548604806934,-13.932677367536483,-14.164143606382147,-14.403523686364675,0.4031777687468757,55,-0.41256418000604045,-0.3787465940054496,-0.4232628398791541,-0.3808376016872552,-0.43037974683544306,-0.40515819248266843,0.02148402840845798,1,0.9155380063176686,-1.2969592018739835,1.3334681828538186,-1.2176726597812153,0.5821823918192001,0.06331134386709769,1.1045426039255246,61,-13.182247950095983,-11.765111330824023,-13.926679799022654,-11.630045754166384,-12.276940045980083,-12.556204976017826,0.8754107614963632,78,10.137516769759598,14.403523686364675,0.40515819248266843,12.556204976017826,0.06331134386709769,n500__squared_error__boostrap_true__samples_0.85
30.747303342819215,3.2817085822639647,3.948538875579834,2.3726887736049593,True,squared_error,24,1.0,0.85,4,2,500,"{'bootstrap': True, 'criterion': 'squared_error', 'max_depth': 24, 'max_features': 1.0, 'max_samples': 0.85, 'min_samples_leaf': 4, 'min_samples_split': 2, 'n_estimators': 500}",-9.951295231176337,-10.191691996554894,-10.477065900524083,-10.112564892714692,-9.99665952192623,-10.145855508579249,0.18602296441208538,35,-14.17749986835327,-14.710000625757797,-15.057602230879786,-14.000300056785278,-14.184274565301257,-14.425935469415478,0.3952168153112711,75,-0.41467834491090305,-0.38207689978807147,-0.42386706948640485,-0.3820427839710756,-0.43007836045810727,-0.40654869172291247,0.02058674765643045,21,0.9505653168493222,-1.3498629836281784,1.387787043628996,-1.1977894009398438,0.5914613608148952,0.07643226734503827,1.1319870942298105,18,-13.14496004170173,-11.57074533664697,-13.995959816516995,-11.667247577760538,-12.309525258912071,-12.537687606307662,0.9208733792200762,70,10.145855508579249,14.425935469415478,0.40654869172291247,12.537687606307662,0.07643226734503827,n500__squared_error__boostrap_true__samples_0.85
33.612318229675296,1.3525565340916132,4.350030088424683,0.9670934741366114,True,squared_error,24,1.0,0.85,4,4,500,"{'bootstrap': True, 'criterion': 'squared_error', 'max_depth': 24, 'max_features': 1.0, 'max_samples': 0.85, 'min_samples_leaf': 4, 'min_samples_split': 4, 'n_estimators': 500}",-9.951295231176335,-10.191691996554894,-10.477065900524083,-10.112564892714692,-9.99665952192623,-10.145855508579249,0.18602296441208574,35,-14.17749986835327,-14.710000625757797,-15.057602230879786,-14.000300056785278,-14.184274565301259,-14.425935469415478,0.3952168153112709,75,-0.41467834491090305,-0.38207689978807147,-0.42386706948640485,-0.3820427839710756,-0.43007836045810727,-0.40654869172291247,0.02058674765643045,21,0.9505653168493217,-1.3498629836281784,1.387787043628996,-1.1977894009398442,0.5914613608148952,0.07643226734503808,1.1319870942298105,20,-13.144960041701728,-11.570745336646969,-13.995959816516997,-11.667247577760536,-12.309525258912071,-12.53768760630766,0.9208733792200773,69,10.145855508579249,14.425935469415478,0.40654869172291247,12.53768760630766,0.07643226734503808,n500__squared_error__boostrap_true__samples_0.85
34.76704168319702,0.1233247228106505,3.2808014869689943,0.1414678793505216,True,squared_error,24,1.0,0.85,4,8,500,"{'bootstrap': True, 'criterion': 'squared_error', 'max_depth': 24, 'max_features': 1.0, 'max_samples': 0.85, 'min_samples_leaf': 4, 'min_samples_split': 8, 'n_estimators': 500}",-9.951295231176335,-10.191691996554894,-10.477065900524083,-10.112564892714692,-9.99665952192623,-10.145855508579249,0.18602296441208574,35,-14.177499868353271,-14.710000625757797,-15.057602230879786,-14.000300056785278,-14.184274565301259,-14.425935469415478,0.3952168153112706,75,-0.41467834491090305,-0.38207689978807147,-0.42386706948640485,-0.3820427839710756,-0.43007836045810727,-0.40654869172291247,0.02058674765643045,21,0.9505653168493219,-1.349862983628179,1.387787043628996,-1.1977894009398433,0.591461360814895,0.07643226734503812,1.1319870942298107,19,-13.14496004170173,-11.570745336646969,-13.995959816516995,-11.667247577760538,-12.309525258912073,-12.537687606307662,0.9208733792200765,70,10.145855508579249,14.425935469415478,0.40654869172291247,12.537687606307662,0.07643226734503812,n500__squared_error__boostrap_true__samples_0.85
40.245836877822875,1.0644997618191836,5.998291158676148,0.9056110407704071,True,squared_error,26,0.875,0.85,1,2,500,"{'bootstrap': True, 'criterion': 'squared_error', 'max_depth': 26, 'max_features': 0.875, 'max_samples': 0.85, 'min_samples_leaf': 1, 'min_samples_split': 2, 'n_estimators': 500}",-10.04607223288838,-10.251280445056882,-10.564088671691168,-10.192357880327043,-10.087229726970286,-10.228205791386753,0.18312930159893473,92,-14.194665959474431,-14.628258414220014,-15.069693092865746,-13.999218216171693,-14.166779272537298,-14.411722991053836,0.38912301753133816,61,-0.413470250679553,-0.38116863457462913,-0.4244712990936556,-0.3841518529677614,-0.42977697408077153,-0.4066078022792741,0.020270318948834982,24,0.8553301795488486,-1.377840904937891,1.3482513133058913,-1.2436665218170229,0.5087505160297199,0.018164916425909183,1.1181860814107238,80,-13.182813508977233,-11.639781890791513,-14.031973434284794,-11.647335928978336,-12.327300997992293,-12.565841152204834,0.9261034244072059,83,10.228205791386753,14.411722991053836,0.4066078022792741,12.565841152204834,0.018164916425909183,n500__squared_error__boostrap_true__samples_0.85
38.14964113235474,0.7175316668799798,3.9335257530212404,1.1331094754903746,True,squared_error,26,0.875,0.85,1,4,500,"{'bootstrap': True, 'criterion': 'squared_error', 'max_depth': 26, 'max_features': 0.875, 'max_samples': 0.85, 'min_samples_leaf': 1, 'min_samples_split': 4, 'n_estimators': 500}",-10.003214668651383,-10.246741165935003,-10.537989852598164,-10.192172825899851,-10.091312604202516,-10.214286223457384,0.1822087140849958,78,-14.15770925565522,-14.649093589868714,-15.046624563027999,-14.007572522775734,-14.169447181808891,-14.406089422627309,0.386223838812877,57,-0.41165810933252794,-0.381774144716924,-0.42779456193353477,-0.38354926182585114,-0.4370102471368294,-0.4083572649891335,0.022502429985210542,83,0.8562636500582788,-1.372692183119117,1.2818218994926671,-1.2771906873618302,0.5119369610165951,2.7928017318767928e-05,1.109399310443743,91,-13.18992395937186,-11.622118870039998,-13.814822351490344,-11.621691169602391,-12.131580019792073,-12.476027274059334,0.880876198958683,14,10.214286223457384,14.406089422627309,0.4083572649891335,12.476027274059334,2.7928017318767928e-05,n500__squared_error__boostrap_true__samples_0.85
36.16615524291992,0.7497712436572088,3.5754909038543703,0.28027016016113593,True,squared_error,26,0.875,0.85,1,8,500,"{'bootstrap': True, 'criterion': 'squared_error', 'max_depth': 26, 'max_features': 0.875, 'max_samples': 0.85, 'min_samples_leaf': 1, 'min_samples_split': 8, 'n_estimators': 500}",-10.059722957374625,-10.27647880170815,-10.580187443382123,-10.22114618967673,-10.103727129074365,-10.2482525042432,0.18338116265815274,95,-14.192446186621167,-14.64411226432081,-15.084145999739736,-14.012380725666011,-14.191157588584899,-14.424848552986523,0.39025677027133643,71,-0.41165810933252794,-0.38207689978807147,-0.4268882175226586,-0.3847544441096716,-0.4355033152501507,-0.4081761972006161,0.021627698170640874,81,0.8300588986886893,-1.45491247967229,1.2915694938481683,-1.2911052083847643,0.4743072019362308,-0.03001641871679318,1.1279481291443856,96,-13.226730640288201,-11.544228827925691,-13.904994855708516,-11.60485748508537,-12.144608273457838,-12.485084016493124,0.9318924261900416,20,10.2482525042432,14.424848552986523,0.4081761972006161,12.485084016493124,-0.03001641871679318,n500__squared_error__boostrap_true__samples_0.85
32.42592854499817,2.519200293757245,2.7873422145843505,0.3914679797434387,True,squared_error,26,0.875,0.85,2,2,500,"{'bootstrap': True, 'criterion': 'squared_error', 'max_depth': 26, 'max_features': 0.875, 'max_samples': 0.85, 'min_samples_leaf': 2, 'min_samples_split': 2, 'n_estimators': 500}",-10.011799326196744,-10.207906639728002,-10.474054346279244,-10.149730696045692,-10.024713554826613,-10.173640912615259,0.16755066495190224,58,-14.194619069931372,-14.64989425255742,-15.012407247325829,-14.002587914128599,-14.142083937888566,-14.400318484366357,0.37526727925694614,48,-0.41407429779522803,-0.38086587950348166,-0.427190332326284,-0.3841518529677614,-0.4318866787221218,-0.40763380826297535,0.021354453862937915,58,0.9309279951887786,-1.3572118857288547,1.3888617320243997,-1.2529119864285643,0.5759466330723341,0.057122497625618676,1.1421712670944293,67,-13.213482917982299,-11.619175187781869,-13.884813373120606,-11.579820116556569,-12.272501920254257,-12.51395870313912,0.9055529216628533,45,10.173640912615259,14.400318484366357,0.40763380826297535,12.51395870313912,0.057122497625618676,n500__squared_error__boostrap_true__samples_0.85
34.191070318222046,3.2786304171739333,4.805302095413208,2.029397463599374,True,squared_error,26,0.875,0.85,2,4,500,"{'bootstrap': True, 'criterion': 'squared_error', 'max_depth': 26, 'max_features': 0.875, 'max_samples': 0.85, 'min_samples_leaf': 2, 'min_samples_split': 4, 'n_estimators': 500}",-10.011799326196744,-10.207906639728003,-10.474054346279244,-10.149730696045694,-10.024713554826612,-10.173640912615259,0.16755066495190257,58,-14.194619069931372,-14.649894252557422,-15.012407247325829,-14.002587914128599,-14.142083937888566,-14.400318484366357,0.37526727925694636,48,-0.41407429779522803,-0.38086587950348166,-0.427190332326284,-0.3841518529677614,-0.4318866787221218,-0.40763380826297535,0.021354453862937915,58,0.9309279951887792,-1.3572118857288544,1.3888617320243992,-1.2529119864285645,0.5759466330723338,0.057122497625618676,1.1421712670944293,67,-13.213482917982299,-11.619175187781869,-13.884813373120606,-11.579820116556569,-12.27250192025426,-12.51395870313912,0.9055529216628533,45,10.173640912615259,14.400318484366357,0.40763380826297535,12.51395870313912,0.057122497625618676,n500__squared_error__boostrap_true__samples_0.85
35.221827554702756,0.3426473373086399,3.2193365573883055,0.2577812116058726,True,squared_error,26,0.875,0.85,2,8,500,"{'bootstrap': True, 'criterion': 'squared_error', 'max_depth': 26, 'max_features': 0.875, 'max_samples': 0.85, 'min_samples_leaf': 2, 'min_samples_split': 8, 'n_estimators': 500}",-10.016801939018238,-10.250908592526669,-10.49878243055426,-10.163219562085885,-10.0525632404201,-10.196455152921029,0.17230886461986974,68,-14.20238043746483,-14.684524701178683,-15.027534906096236,-14.002283809257436,-14.152379297923822,-14.413820630384203,0.382713205102989,64,-0.41407429779522803,-0.38298516500151375,-0.4268882175226586,-0.38234407954203076,-0.4342977697408077,-0.4081179059204477,0.021767559641566046,80,0.8979446874341506,-1.3714142413626047,1.3585650997661078,-1.2428604037167645,0.5704910623692032,0.04254524089801848,1.1308308769361284,74,-13.179695871693605,-11.592478198377433,-13.888117595668938,-11.66535541632274,-12.23015065116409,-12.511159546645361,0.8923318141303281,40,10.196455152921029,14.413820630384203,0.4081179059204477,12.511159546645361,0.04254524089801848,n500__squared_error__boostrap_true__samples_0.85
34.217836427688596,0.6806449750324746,2.35707049369812,0.5582540568178708,True,squared_error,26,0.875,0.85,3,2,500,"{'bootstrap': True, 'criterion': 'squared_error', 'max_depth': 26, 'max_features': 0.875, 'max_samples': 0.85, 'min_samples_leaf': 3, 'min_samples_split': 2, 'n_estimators': 500}",-9.979692013271817,-10.230876018447436,-10.483014818151835,-10.12046594149038,-9.989147646220013,-10.160639287516297,0.1858087069791704,44,-14.181579923072553,-14.638337755997147,-15.039632903894086,-13.969883093992504,-14.116471764060009,-14.389181088203259,0.39457471708894504,31,-0.4143763213530655,-0.38116863457462913,-0.42477341389728096,-0.3838505573968063,-0.4333936106088005,-0.40751250756611646,0.021301501598655945,51,0.9728230802314535,-1.3979149327806477,1.363311103353,-1.2008769534868151,0.5990683690844099,0.06728213328028013,1.143461587479633,54,-13.215662344966955,-11.586684061142732,-13.944288335768496,-11.618569800307629,-12.215473135876243,-12.51613553561241,0.9261598510842068,47,10.160639287516297,14.389181088203259,0.40751250756611646,12.51613553561241,0.06728213328028013,n500__squared_error__boostrap_true__samples_0.85
28.009575605392456,7.213880924298468,4.868295812606812,2.9426454176372765,True,squared_error,26,0.875,0.85,3,4,500,"{'bootstrap': True, 'criterion': 'squared_error', 'max_depth': 26, 'max_features': 0.875, 'max_samples': 0.85, 'min_samples_leaf': 3, 'min_samples_split': 4, 'n_estimators': 500}",-9.979692013271816,-10.230876018447436,-10.483014818151831,-10.12046594149038,-9.989147646220013,-10.160639287516295,0.1858087069791695,43,-14.181579923072551,-14.638337755997146,-15.039632903894086,-13.969883093992504,-14.116471764060009,-14.389181088203259,0.394574717088945,31,-0.4143763213530655,-0.38116863457462913,-0.42477341389728096,-0.3838505573968063,-0.4333936106088005,-0.40751250756611646,0.021301501598655945,51,0.9728230802314535,-1.3979149327806486,1.3633111033530012,-1.200876953486816,0.5990683690844095,0.06728213328027992,1.1434615874796337,55,-13.215662344966955,-11.58668406114273,-13.944288335768492,-11.618569800307629,-12.215473135876243,-12.51613553561241,0.9261598510842061,47,10.160639287516295,14.389181088203259,0.40751250756611646,12.51613553561241,0.06728213328027992,n500__squared_error__boostrap_true__samples_0.85
30.54335207939148,4.385732689692659,4.139466857910156,2.5428901064456904,True,squared_error,26,0.875,0.85,3,8,500,"{'bootstrap': True, 'criterion': 'squared_error', 'max_depth': 26, 'max_features': 0.875, 'max_samples': 0.85, 'min_samples_leaf': 3, 'min_samples_split': 8, 'n_estimators': 500}",-10.032233211749917,-10.249627106490863,-10.530343012679392,-10.14918483106406,-10.059902969640586,-10.204258226324963,0.17991873044063103,72,-14.234893885027995,-14.681611929105834,-15.082310354683456,-13.989414661625014,-14.19363535528942,-14.436373237146345,0.3941229129844206,82,-0.413470250679553,-0.38298516500151375,-0.427190332326284,-0.38324796625489604,-0.43158529234478604,-0.4076958013214066,0.020939918684748333,66,0.9493199012697409,-1.4080501720550975,1.411298353222733,-1.2129199787877603,0.5823666511334282,0.06440295095660886,1.1545703698446144,60,-13.27973789525496,-11.542975736933334,-13.97695647847809,-11.658593964113617,-12.32927744473749,-12.5575083039035,0.9408359418863042,79,10.204258226324963,14.436373237146345,0.4076958013214066,12.5575083039035,0.06440295095660886,n500__squared_error__boostrap_true__samples_0.85
32.98830604553223,0.2653747094051663,2.661573076248169,0.19010218015850144,True,squared_error,26,0.875,0.85,4,2,500,"{'bootstrap': True, 'criterion': 'squared_error', 'max_depth': 26, 'max_features': 0.875, 'max_samples': 0.85, 'min_samples_leaf': 4, 'min_samples_split': 2, 'n_estimators': 500}",-10.034304684058286,-10.275218385602122,-10.556620424803365,-10.187210755348035,-10.039530217284092,-10.21857689341918,0.19208304544788263,82,-14.257787656080232,-14.680752723709519,-15.121063614656986,-14.041117920020527,-14.16611932080346,-14.453368247054144,0.39704781814772194,88,-0.41256418000604045,-0.3799576142900394,-0.4283987915407855,-0.3814401928291654,-0.4358047016274864,-0.40763309605870346,0.02324293238295431,55,0.936484272988795,-1.4315803386329935,1.42716578405514,-1.2198321465176114,0.6387993940655441,0.07020739319177483,1.1691567025797678,42,-13.29585733410794,-11.637663931927902,-13.986718036432174,-11.754632544513498,-12.251278578996576,-12.585230085195617,0.9130670361212594,88,10.21857689341918,14.453368247054144,0.40763309605870346,12.585230085195617,0.07020739319177483,n500__squared_error__boostrap_true__samples_0.85
22.58365068435669,8.925975709600197,4.270496511459351,1.7921711909695655,True,squared_error,26,0.875,0.85,4,4,500,"{'bootstrap': True, 'criterion': 'squared_error', 'max_depth': 26, 'max_features': 0.875, 'max_samples': 0.85, 'min_samples_leaf': 4, 'min_samples_split': 4, 'n_estimators': 500}",-10.03430468405829,-10.275218385602122,-10.556620424803366,-10.187210755348035,-10.039530217284092,-10.21857689341918,0.19208304544788257,82,-14.257787656080232,-14.680752723709519,-15.121063614656986,-14.041117920020527,-14.16611932080346,-14.453368247054144,0.39704781814772194,88,-0.41256418000604045,-0.3799576142900394,-0.4283987915407855,-0.3814401928291654,-0.4358047016274864,-0.40763309605870346,0.02324293238295431,55,0.936484272988795,-1.431580338632993,1.427165784055139,-1.2198321465176127,0.6387993940655443,0.07020739319177452,1.169156702579768,43,-13.29585733410794,-11.637663931927902,-13.986718036432174,-11.754632544513498,-12.251278578996576,-12.585230085195617,0.9130670361212594,88,10.21857689341918,14.453368247054144,0.40763309605870346,12.585230085195617,0.07020739319177452,n500__squared_error__boostrap_true__samples_0.85
31.62800359725952,1.4191529942763907,5.981868648529053,0.2854022218726327,True,squared_error,26,0.875,0.85,4,8,500,"{'bootstrap': True, 'criterion': 'squared_error', 'max_depth': 26, 'max_features': 0.875, 'max_samples': 0.85, 'min_samples_leaf': 4, 'min_samples_split': 8, 'n_estimators': 500}",-10.034304684058286,-10.275218385602122,-10.556620424803365,-10.187210755348035,-10.039530217284092,-10.21857689341918,0.19208304544788263,82,-14.257787656080232,-14.680752723709519,-15.121063614656986,-14.041117920020527,-14.16611932080346,-14.453368247054144,0.39704781814772194,88,-0.41256418000604045,-0.3799576142900394,-0.4283987915407855,-0.3814401928291654,-0.4358047016274864,-0.40763309605870346,0.02324293238295431,55,0.9364842729887948,-1.4315803386329935,1.4271657840551386,-1.219832146517612,0.6387993940655438,0.07020739319177431,1.1691567025797676,44,-13.29585733410794,-11.637663931927902,-13.986718036432176,-11.754632544513496,-12.251278578996576,-12.585230085195619,0.9130670361212603,90,10.21857689341918,14.453368247054144,0.40763309605870346,12.585230085195619,0.07020739319177431,n500__squared_error__boostrap_true__samples_0.85
51.590203046798706,0.4653922600540813,4.704127264022827,0.2894942364998702,True,squared_error,26,1.0,0.85,1,2,500,"{'bootstrap': True, 'criterion': 'squared_error', 'max_depth': 26, 'max_features': 1.0, 'max_samples': 0.85, 'min_samples_leaf': 1, 'min_samples_split': 2, 'n_estimators': 500}",-9.942157692757856,-10.161925755903683,-10.468080767917677,-10.12525773798292,-10.064957701969837,-10.152475931306395,0.1745449764716898,38,-14.091935743347642,-14.668775377388716,-14.991238844222906,-13.970120077344637,-14.202880315402512,-14.384990071541285,0.3845084105274081,17,-0.41014799154334036,-0.3802603693611868,-0.42900302114803623,-0.38294667068394095,-0.4321880650994575,-0.40690922356719234,0.02200913769294726,35,0.8229303636664402,-1.307951136581664,1.3084988926211147,-1.2377643776786018,0.49289036302036227,0.015720821009530272,1.0838713719498732,83,-13.12341920280591,-11.641989716409483,-13.725520660698379,-11.604087514889864,-12.21441418397402,-12.46188625575553,0.8371008530353564,6,10.152475931306395,14.384990071541285,0.40690922356719234,12.46188625575553,0.015720821009530272,n500__squared_error__boostrap_true__samples_0.85
46.09874939918518,1.2154908652970733,4.90251989364624,0.5525441810302194,True,squared_error,26,1.0,0.85,1,4,500,"{'bootstrap': True, 'criterion': 'squared_error', 'max_depth': 26, 'max_features': 1.0, 'max_samples': 0.85, 'min_samples_leaf': 1, 'min_samples_split': 4, 'n_estimators': 500}",-9.956843855464145,-10.193011232692722,-10.483966087703982,-10.137379688616338,-10.041712705853811,-10.1625827140662,0.17988129247510545,47,-14.104644084614604,-14.672478983702295,-15.008044675272451,-13.971114070459317,-14.174054746592255,-14.386067312128182,0.3912089057213704,20,-0.4107520386590154,-0.38268240993036634,-0.4259818731117825,-0.3853570352515818,-0.43037974683544306,-0.4070306207576378,0.019903568950125464,39,0.8317252797191772,-1.306971824121986,1.3163494093700192,-1.244657870094152,0.4717600641352628,0.013641011801664226,1.0866018997965028,86,-13.132703090658817,-11.610201015233047,-13.850724927416648,-11.538289177355413,-12.214181600428482,-12.469219962218482,0.8964771133790781,9,10.1625827140662,14.386067312128182,0.4070306207576378,12.469219962218482,0.013641011801664226,n500__squared_error__boostrap_true__samples_0.85
34.59055471420288,2.590070279564306,5.791999578475952,0.9572882675321891,True,squared_error,26,1.0,0.85,1,8,500,"{'bootstrap': True, 'criterion': 'squared_error', 'max_depth': 26, 'max_features': 1.0, 'max_samples': 0.85, 'min_samples_leaf': 1, 'min_samples_split': 8, 'n_estimators': 500}",-9.992858474012422,-10.196901807060813,-10.518691523054121,-10.150526009540236,-10.02776814341943,-10.177349191417404,0.1865624238481493,63,-14.123875851402058,-14.691285771253098,-15.03964482210166,-13.99515161411821,-14.147413753057217,-14.399474362386451,0.39948419008419905,46,-0.40863787375415284,-0.381774144716924,-0.4256797583081571,-0.3820427839710756,-0.4355033152501507,-0.40672757520009206,0.02201313385892271,27,0.8154226459610807,-1.3031601574830305,1.2293462165505087,-1.2841614566348147,0.4819160205692324,-0.012127346207404688,1.0728477005336758,93,-13.22476673622774,-11.647909860648458,-13.799150077392236,-11.603889570620302,-12.06613565955515,-12.468370380888777,0.8860457499065951,8,10.177349191417404,14.399474362386451,0.40672757520009206,12.468370380888777,-0.012127346207404688,n500__squared_error__boostrap_true__samples_0.85
38.938625717163085,2.065658303832862,5.450692892074585,0.8654138409784428,True,squared_error,26,1.0,0.85,2,2,500,"{'bootstrap': True, 'criterion': 'squared_error', 'max_depth': 26, 'max_features': 1.0, 'max_samples': 0.85, 'min_samples_leaf': 2, 'min_samples_split': 2, 'n_estimators': 500}",-9.901722887641926,-10.148498131663587,-10.419488311362668,-10.05031983139582,-9.971494313604515,-10.098304695133702,0.1803918642582589,3,-14.100756346259068,-14.693745271845225,-14.968141370077232,-13.914140894255935,-14.152697305195158,-14.365896237526524,0.3974971763036325,5,-0.4098459679855029,-0.38086587950348166,-0.4256797583081571,-0.3811388972582103,-0.4309825195901145,-0.40570260452909335,0.021333386342651712,5,0.9371465275872651,-1.2422934556571517,1.3456465755900413,-1.1644586261510497,0.5436838848581204,0.08394498124544511,1.0815381278369411,15,-13.223101191534212,-11.692048507491753,-13.819232248336931,-11.656985509963397,-12.199077364510147,-12.518088964367289,0.8620471544293901,51,10.098304695133702,14.365896237526524,0.40570260452909335,12.518088964367289,0.08394498124544511,n500__squared_error__boostrap_true__samples_0.85
41.34797854423523,0.318322205858461,3.3998053073883057,0.35859309089269426,True,squared_error,26,1.0,0.85,2,4,500,"{'bootstrap': True, 'criterion': 'squared_error', 'max_depth': 26, 'max_features': 1.0, 'max_samples': 0.85, 'min_samples_leaf': 2, 'min_samples_split': 4, 'n_estimators': 500}",-9.901722887641926,-10.148498131663587,-10.419488311362668,-10.050319831395822,-9.971494313604515,-10.098304695133704,0.1803918642582588,4,-14.100756346259068,-14.693745271845225,-14.968141370077232,-13.914140894255935,-14.15269730519516,-14.365896237526524,0.39749717630363235,5,-0.4098459679855029,-0.38086587950348166,-0.4256797583081571,-0.3811388972582103,-0.4309825195901145,-0.40570260452909335,0.021333386342651712,5,0.9371465275872654,-1.2422934556571517,1.345646575590042,-1.1644586261510501,0.5436838848581204,0.08394498124544521,1.0815381278369414,14,-13.223101191534212,-11.692048507491753,-13.819232248336931,-11.656985509963397,-12.19907736451015,-12.518088964367289,0.86204715442939,51,10.098304695133704,14.365896237526524,0.40570260452909335,12.518088964367289,0.08394498124544521,n500__squared_error__boostrap_true__samples_0.85
33.86104674339295,2.984284479291428,4.667966604232788,1.3049710099136498,True,squared_error,26,1.0,0.85,2,8,500,"{'bootstrap': True, 'criterion': 'squared_error', 'max_depth': 26, 'max_features': 1.0, 'max_samples': 0.85, 'min_samples_leaf': 2, 'min_samples_split': 8, 'n_estimators': 500}",-9.947027233790621,-10.171130315784943,-10.437353323429807,-10.074186078956457,-10.01263617983999,-10.128466626360364,0.17118090160145857,19,-14.121687184219473,-14.674025521698557,-14.996890405584162,-13.938945358376383,-14.19106601349214,-14.384522896674145,0.3908588635024744,16,-0.40924192086982786,-0.38116863457462913,-0.4244712990936556,-0.38324796625489604,-0.4318866787221218,-0.4060032999030261,0.020765696570910947,11,0.8910895784736566,-1.3055652118643588,1.3281642168850505,-1.2083290474327932,0.5781200690644888,0.05669592102520875,1.0991606898110169,69,-13.241699175426945,-11.629452556890266,-13.859025999445615,-11.566737219979181,-12.261036020190181,-12.511590194386438,0.9035854936741974,41,10.128466626360364,14.384522896674145,0.4060032999030261,12.511590194386438,0.05669592102520875,n500__squared_error__boostrap_true__samples_0.85
32.43488960266113,1.4729989509026875,5.732617521286011,0.5492848904512242,True,squared_error,26,1.0,0.85,3,2,500,"{'bootstrap': True, 'criterion': 'squared_error', 'max_depth': 26, 'max_features': 1.0, 'max_samples': 0.85, 'min_samples_leaf': 3, 'min_samples_split': 2, 'n_estimators': 500}",-9.932698456445912,-10.180436848509098,-10.452555279655757,-10.049079992362154,-9.989191877477163,-10.120792490890015,0.18518356681661674,16,-14.13913806110106,-14.706455962367817,-15.015436463774954,-13.935866796803456,-14.185835276111119,-14.396546512031682,0.4004878962847363,39,-0.4098459679855029,-0.38207689978807147,-0.4259818731117825,-0.38294667068394095,-0.42857142857142855,-0.4058845680281452,0.020135740384500396,7,0.9037277263105911,-1.30005953946369,1.3560996497139888,-1.1786866742559063,0.5599091610896274,0.06819806467892217,1.0977641398787121,51,-13.220120519936177,-11.62119106647266,-13.860513410004913,-11.581760591185933,-12.307284544994591,-12.518174026518855,0.8967192231664732,53,10.120792490890015,14.396546512031682,0.4058845680281452,12.518174026518855,0.06819806467892217,n500__squared_error__boostrap_true__samples_0.85
36.23682985305786,0.1466158197984547,3.2519116401672363,0.09121770374173845,True,squared_error,26,1.0,0.85,3,4,500,"{'bootstrap': True, 'criterion': 'squared_error', 'max_depth': 26, 'max_features': 1.0, 'max_samples': 0.85, 'min_samples_leaf': 3, 'min_samples_split': 4, 'n_estimators': 500}",-9.932698456445912,-10.180436848509098,-10.452555279655757,-10.049079992362154,-9.989191877477163,-10.120792490890015,0.18518356681661674,16,-14.13913806110106,-14.706455962367817,-15.015436463774956,-13.935866796803456,-14.185835276111119,-14.396546512031682,0.40048789628473686,39,-0.4098459679855029,-0.38207689978807147,-0.4259818731117825,-0.38294667068394095,-0.42857142857142855,-0.4058845680281452,0.020135740384500396,7,0.9037277263105911,-1.30005953946369,1.3560996497139888,-1.1786866742559052,0.5599091610896276,0.06819806467892245,1.097764139878712,50,-13.220120519936177,-11.621191066472658,-13.860513410004913,-11.581760591185933,-12.307284544994591,-12.518174026518855,0.8967192231664737,53,10.120792490890015,14.396546512031682,0.4058845680281452,12.518174026518855,0.06819806467892245,n500__squared_error__boostrap_true__samples_0.85
33.284732294082644,2.399914726738589,3.3084848880767823,0.21696359152640052,True,squared_error,26,1.0,0.85,3,8,500,"{'bootstrap': True, 'criterion': 'squared_error', 'max_depth': 26, 'max_features': 1.0, 'max_samples': 0.85, 'min_samples_leaf': 3, 'min_samples_split': 8, 'n_estimators': 500}",-9.948829655372489,-10.211313980103622,-10.467187234251874,-10.065828007678775,-9.993928631170395,-10.13741750171543,0.18734366999197885,23,-14.164035157576025,-14.73087380421625,-15.033168422492158,-13.92926782250799,-14.178060961407818,-14.407081233640048,0.40906090814111773,58,-0.4113560857746904,-0.37935210414774445,-0.42356495468277944,-0.3811388972582103,-0.43037974683544306,-0.4051583577397736,0.02124255313286855,2,0.90985675565241,-1.2805036998432398,1.3368015470734151,-1.2094669378837604,0.5822618480734785,0.06778990261446069,1.0984925303751412,52,-13.198645633958677,-11.771135816320845,-13.934095173390409,-11.618285529901048,-12.287044821474497,-12.561841395009093,0.8808661885440738,82,10.13741750171543,14.407081233640048,0.4051583577397736,12.561841395009093,0.06778990261446069,n500__squared_error__boostrap_true__samples_0.85
27.868149089813233,1.5712868957473738,3.952856159210205,0.9212447416266107,True,squared_error,26,1.0,0.85,4,2,500,"{'bootstrap': True, 'criterion': 'squared_error', 'max_depth': 26, 'max_features': 1.0, 'max_samples': 0.85, 'min_samples_leaf': 4, 'min_samples_split': 2, 'n_estimators': 500}",-9.947374815205896,-10.190058998663762,-10.470490016678234,-10.105462024394669,-10.008453302518355,-10.144367831492183,0.18288577413548712,32,-14.177758206593593,-14.706662250074952,-15.051445381682097,-13.985734082028522,-14.196990613744033,-14.423718106824637,0.3944186999665489,68,-0.41256418000604045,-0.38056312443233425,-0.42507552870090637,-0.3844531485387165,-0.43158529234478604,-0.4068482548045568,0.02082918723431728,32,0.9342358477937366,-1.3474606725712084,1.3788669139670702,-1.1882857961130262,0.5889928668748277,0.07326983199027996,1.1244389035368691,37,-13.187779247874003,-11.617781332968853,-13.93794294258563,-11.597220964602966,-12.277348599876598,-12.523614617581611,0.9144206207547865,60,10.144367831492183,14.423718106824637,0.4068482548045568,12.523614617581611,0.07326983199027996,n500__squared_error__boostrap_true__samples_0.85
29.561658334732055,0.4883466317097451,1.3500427722930908,0.2863894078985785,True,squared_error,26,1.0,0.85,4,4,500,"{'bootstrap': True, 'criterion': 'squared_error', 'max_depth': 26, 'max_features': 1.0, 'max_samples': 0.85, 'min_samples_leaf': 4, 'min_samples_split': 4, 'n_estimators': 500}",-9.947374815205896,-10.190058998663762,-10.470490016678234,-10.105462024394667,-10.008453302518356,-10.144367831492183,0.18288577413548693,32,-14.177758206593593,-14.70666225007495,-15.051445381682097,-13.985734082028522,-14.196990613744033,-14.423718106824637,0.3944186999665487,68,-0.41256418000604045,-0.38056312443233425,-0.42507552870090637,-0.3844531485387165,-0.43158529234478604,-0.4068482548045568,0.02082918723431728,32,0.9342358477937363,-1.347460672571209,1.3788669139670695,-1.1882857961130264,0.5889928668748273,0.07326983199027952,1.1244389035368694,38,-13.187779247874003,-11.617781332968853,-13.93794294258563,-11.597220964602966,-12.277348599876598,-12.523614617581611,0.9144206207547865,60,10.144367831492183,14.423718106824637,0.4068482548045568,12.523614617581611,0.07326983199027952,n500__squared_error__boostrap_true__samples_0.85
28.1465633392334,1.8084863804240758,0.9989163398742675,0.3444724731070164,True,squared_error,26,1.0,0.85,4,8,500,"{'bootstrap': True, 'criterion': 'squared_error', 'max_depth': 26, 'max_features': 1.0, 'max_samples': 0.85, 'min_samples_leaf': 4, 'min_samples_split': 8, 'n_estimators': 500}",-9.947374815205896,-10.19005899866376,-10.470490016678234,-10.105462024394667,-10.008453302518355,-10.144367831492183,0.18288577413548712,32,-14.177758206593591,-14.70666225007495,-15.051445381682097,-13.98573408202852,-14.196990613744033,-14.423718106824637,0.39441869996654927,68,-0.41256418000604045,-0.38056312443233425,-0.42507552870090637,-0.3844531485387165,-0.43158529234478604,-0.4068482548045568,0.02082918723431728,32,0.9342358477937365,-1.347460672571208,1.3788669139670695,-1.1882857961130258,0.5889928668748277,0.07326983199027999,1.124438903536869,36,-13.187779247874003,-11.617781332968853,-13.93794294258563,-11.597220964602966,-12.277348599876598,-12.523614617581611,0.9144206207547865,60,10.144367831492183,14.423718106824637,0.4068482548045568,12.523614617581611,0.07326983199027999,n500__squared_error__boostrap_true__samples_0.85
