mean_fit_time,std_fit_time,mean_score_time,std_score_time,param_bootstrap,param_criterion,param_max_depth,param_max_features,param_min_samples_leaf,param_min_samples_split,param_n_estimators,params,split0_test_MAE,split1_test_MAE,split2_test_MAE,split3_test_MAE,split4_test_MAE,mean_test_MAE,std_test_MAE,rank_test_MAE,split0_test_RMSE,split1_test_RMSE,split2_test_RMSE,split3_test_RMSE,split4_test_RMSE,mean_test_RMSE,std_test_RMSE,rank_test_RMSE,split0_test_overestimation_rate,split1_test_overestimation_rate,split2_test_overestimation_rate,split3_test_overestimation_rate,split4_test_overestimation_rate,mean_test_overestimation_rate,std_test_overestimation_rate,rank_test_overestimation_rate,split0_test_mean_signed_error,split1_test_mean_signed_error,split2_test_mean_signed_error,split3_test_mean_signed_error,split4_test_mean_signed_error,mean_test_mean_signed_error,std_test_mean_signed_error,rank_test_mean_signed_error,split0_test_mean_overestimation,split1_test_mean_overestimation,split2_test_mean_overestimation,split3_test_mean_overestimation,split4_test_mean_overestimation,mean_test_mean_overestimation,std_test_mean_overestimation,rank_test_mean_overestimation,mean_MAE,mean_RMSE,overestimation_rate,mean_overstimation,mean_signed_error,chunk_id
790.4465638637542,1.893601353537882,3.8918652057647707,0.10581563412461759,False,absolute_error,20,0.875,1,2,500,"{'bootstrap': False, 'criterion': 'absolute_error', 'max_depth': 20, 'max_features': 0.875, 'min_samples_leaf': 1, 'min_samples_split': 2, 'n_estimators': 500}",-9.279118997281788,-9.454160460187707,-10.00152326283988,-9.557931605905393,-9.521616937914406,-9.562870252825835,0.23936385836513258,72,-14.189303930081827,-14.499931442726837,-15.256232783126066,-13.982757583644391,-14.386545425626146,-14.462954233041055,0.4340437278231658,96,-0.4234370280881909,-0.3963063881320012,-0.43655589123867067,-0.40132570051220245,-0.4460518384569018,-0.4207353692855934,0.01934953151138585,96,2.2835261250377528,-0.07019194671510721,2.6826664652567977,0.247019282916541,2.1121088004822184,1.4510257453956403,1.1323216309096245,5,-13.653323109843083,-11.839284950343773,-14.52756678200692,-12.215702702702702,-13.040777702702705,-13.055331049519836,0.9704667157842349,86,9.562870252825835,14.462954233041055,0.4207353692855934,13.055331049519836,1.4510257453956403,n500__absolute_error__boostrap_false
778.9737112998962,1.5565276968889075,2.7564188480377196,0.08020555849054678,False,absolute_error,20,0.875,1,4,500,"{'bootstrap': False, 'criterion': 'absolute_error', 'max_depth': 20, 'max_features': 0.875, 'min_samples_leaf': 1, 'min_samples_split': 4, 'n_estimators': 500}",-9.288092721232255,-9.430133212231304,-9.992912386706951,-9.523468815908407,-9.520540084388186,-9.55102944409342,0.23693937763124504,66,-14.177816078506766,-14.50903770645812,-15.220222327975073,-13.953955086861015,-14.373879878743082,-14.446982215708811,0.429562862923624,94,-0.4240410752038659,-0.39721465334544354,-0.43444108761329303,-0.3995179270864718,-0.44695599758890897,-0.4204341481675966,0.01943834363374424,95,2.3079839927514345,-0.014363911595519075,2.676494259818731,0.27699638445314856,2.130093429776974,1.4754408310409537,1.1153488012869195,2,-13.67329415954416,-11.852243140243903,-14.581271210013908,-12.265363499245852,-13.03331153068105,-13.081096707945775,0.9776509131720486,95,9.55102944409342,14.446982215708811,0.4204341481675966,13.081096707945775,1.4754408310409537,n500__absolute_error__boostrap_false
768.8323454856873,2.9362935729334247,3.099169635772705,0.2676900054605023,False,absolute_error,20,0.875,1,8,500,"{'bootstrap': False, 'criterion': 'absolute_error', 'max_depth': 20, 'max_features': 0.875, 'min_samples_leaf': 1, 'min_samples_split': 8, 'n_estimators': 500}",-9.295124735729388,-9.427450499545868,-9.965175528700906,-9.48622747815607,-9.484686256781194,-9.531732899782686,0.22760267347923993,57,-14.226135610499988,-14.473551358883483,-15.218361517986915,-13.94633027589,-14.339075523277865,-14.440690857307649,0.42581768012787324,85,-0.4213228631833283,-0.39660914320314866,-0.43595166163141996,-0.39921663151551673,-0.4451476793248945,-0.41964959577166167,0.01932396399742703,94,2.376094231350045,-0.0357411444141689,2.71319244712991,0.3221039469719795,2.134345087402049,1.5019989136879628,1.1302823277389475,1,-13.850683154121866,-11.840006106870229,-14.541024948024948,-12.284472452830189,-13.050760324983072,-13.11338939736606,0.9893711189858357,96,9.531732899782686,14.440690857307649,0.41964959577166167,13.11338939736606,1.5019989136879628,n500__absolute_error__boostrap_false
644.8675529003143,13.979403911733813,4.13714108467102,0.8364113025035588,False,absolute_error,20,0.875,2,2,500,"{'bootstrap': False, 'criterion': 'absolute_error', 'max_depth': 20, 'max_features': 0.875, 'min_samples_leaf': 2, 'min_samples_split': 2, 'n_estimators': 500}",-9.261313500453037,-9.426351801392673,-9.942027794561934,-9.48457396806267,-9.469012959614226,-9.516656004816907,0.22697793727156435,51,-14.172533114734687,-14.472507853390674,-15.164785470794717,-13.924488845808787,-14.334229887974939,-14.413709034540762,0.417466709161383,66,-0.4189066747206282,-0.3926733272782319,-0.4314199395770393,-0.3956010846640554,-0.4421338155515371,-0.41614696835829845,0.019438832364278742,77,2.215244035034732,-0.1353369663941871,2.5545619335347434,0.19055287737270268,1.9749315852923448,1.3599906929680672,1.1081697200660232,18,-13.69822710886806,-11.8304633770239,-14.48309243697479,-12.228387661843106,-12.941720518064077,-13.036378220554786,0.9640607251008015,74,9.516656004816907,14.413709034540762,0.41614696835829845,13.036378220554786,1.3599906929680672,n500__absolute_error__boostrap_false
642.8314877510071,2.2577482424014863,3.090041971206665,0.4102084981317988,False,absolute_error,20,0.875,2,4,500,"{'bootstrap': False, 'criterion': 'absolute_error', 'max_depth': 20, 'max_features': 0.875, 'min_samples_leaf': 2, 'min_samples_split': 4, 'n_estimators': 500}",-9.261313500453037,-9.426351801392673,-9.942027794561934,-9.48457396806267,-9.469012959614226,-9.516656004816907,0.22697793727156435,51,-14.172533114734687,-14.472507853390674,-15.164785470794717,-13.924488845808787,-14.334229887974939,-14.413709034540762,0.417466709161383,66,-0.4189066747206282,-0.3926733272782319,-0.4314199395770393,-0.3956010846640554,-0.4421338155515371,-0.41614696835829845,0.019438832364278742,77,2.215244035034732,-0.1353369663941871,2.5545619335347434,0.19055287737270268,1.9749315852923448,1.3599906929680672,1.1081697200660232,18,-13.69822710886806,-11.8304633770239,-14.48309243697479,-12.228387661843106,-12.941720518064077,-13.036378220554786,0.9640607251008015,74,9.516656004816907,14.413709034540762,0.41614696835829845,13.036378220554786,1.3599906929680672,n500__absolute_error__boostrap_false
638.6423157691955,3.4021430924911376,3.5801494121551514,0.6143697845233485,False,absolute_error,20,0.875,2,8,500,"{'bootstrap': False, 'criterion': 'absolute_error', 'max_depth': 20, 'max_features': 0.875, 'min_samples_leaf': 2, 'min_samples_split': 8, 'n_estimators': 500}",-9.226139232860163,-9.37088434756282,-9.931722356495467,-9.403282313949985,-9.473848402652202,-9.481175330704128,0.2392994527987531,20,-14.1607588948084,-14.463625599125981,-15.209725769022997,-13.870542580807347,-14.384261899978497,-14.417782948748643,0.4463030415528823,70,-0.41920869827846574,-0.3926733272782319,-0.43051359516616317,-0.3956010846640554,-0.4394213381555154,-0.41548360870848633,0.01859255430330251,73,2.2646001208094226,-0.104243112322131,2.617951359516616,0.19931003314251286,2.084091922845088,1.4123420647983018,1.1315973441659632,7,-13.705273054755045,-11.799427910562835,-14.575235087719298,-12.136711348057883,-13.151318930041151,-13.073593266227244,1.015995460252842,91,9.481175330704128,14.417782948748643,0.41548360870848633,13.073593266227244,1.4123420647983018,n500__absolute_error__boostrap_false
582.3695156574249,12.891547442000602,4.274786710739136,0.6064476756809686,False,absolute_error,20,0.875,3,2,500,"{'bootstrap': False, 'criterion': 'absolute_error', 'max_depth': 20, 'max_features': 0.875, 'min_samples_leaf': 3, 'min_samples_split': 2, 'n_estimators': 500}",-9.227608275445483,-9.413597033000302,-9.893533836858007,-9.455152154263333,-9.431074442435202,-9.484193148400465,0.220020173634014,25,-14.169176279048804,-14.486810063907525,-15.15961705902009,-13.937675668470325,-14.324406160431414,-14.415537046175633,0.4137837287254001,68,-0.4180006040471157,-0.3926733272782319,-0.429607250755287,-0.39258812895450435,-0.44062688366485836,-0.4146992389399994,0.0193877928509482,64,2.275288130474177,-0.15075416288222795,2.627035347432024,0.15316541126845484,2.04637221217601,1.3902213876936877,1.1531260946601332,9,-13.759425578034682,-11.79459136468774,-14.572111111111113,-12.237147352264005,-13.02399726402189,-13.077454534023886,1.0053650619523,93,9.484193148400465,14.415537046175633,0.4146992389399994,13.077454534023886,1.3902213876936877,n500__absolute_error__boostrap_false
573.3059486865998,2.6556185891339754,3.373247194290161,0.19983276170204586,False,absolute_error,20,0.875,3,4,500,"{'bootstrap': False, 'criterion': 'absolute_error', 'max_depth': 20, 'max_features': 0.875, 'min_samples_leaf': 3, 'min_samples_split': 4, 'n_estimators': 500}",-9.227608275445483,-9.413597033000302,-9.893533836858007,-9.455152154263333,-9.431074442435202,-9.484193148400465,0.220020173634014,25,-14.169176279048804,-14.486810063907525,-15.15961705902009,-13.937675668470325,-14.324406160431414,-14.415537046175633,0.4137837287254001,68,-0.4180006040471157,-0.3926733272782319,-0.429607250755287,-0.39258812895450435,-0.44062688366485836,-0.4146992389399994,0.0193877928509482,64,2.275288130474177,-0.15075416288222795,2.627035347432024,0.15316541126845484,2.04637221217601,1.3902213876936877,1.1531260946601332,9,-13.759425578034682,-11.79459136468774,-14.572111111111113,-12.237147352264005,-13.02399726402189,-13.077454534023886,1.0053650619523,93,9.484193148400465,14.415537046175633,0.4146992389399994,13.077454534023886,1.3902213876936877,n500__absolute_error__boostrap_false
573.194421339035,1.6981882476858916,3.7121260166168213,0.6973045258250864,False,absolute_error,20,0.875,3,8,500,"{'bootstrap': False, 'criterion': 'absolute_error', 'max_depth': 20, 'max_features': 0.875, 'min_samples_leaf': 3, 'min_samples_split': 8, 'n_estimators': 500}",-9.227634551495019,-9.379022101120194,-9.900380664652568,-9.414694787586624,-9.471333936106088,-9.478613208192098,0.22580301784928059,19,-14.171178538798245,-14.449245319593084,-15.172397218936243,-13.875392178654963,-14.37908264689108,-14.409459180574723,0.4304846914398974,62,-0.4213228631833283,-0.3911595519224947,-0.4283987915407855,-0.39439590238023503,-0.4412296564195298,-0.4153013530892746,0.01949329538233107,72,2.2448662035638773,-0.13849046321525918,2.6022785498489425,0.18553540222958734,2.043113924050633,1.3874607232955563,1.1326040022885067,11,-13.614856630824374,-11.811716718266254,-14.59231382228491,-12.170803666921314,-13.048134562841529,-13.047565080227676,1.0004099613060595,83,9.478613208192098,14.409459180574723,0.4153013530892746,13.047565080227676,1.3874607232955563,n500__absolute_error__boostrap_false
538.0808866024017,6.418965898196934,3.7762893199920655,0.57025337545916,False,absolute_error,20,0.875,4,2,500,"{'bootstrap': False, 'criterion': 'absolute_error', 'max_depth': 20, 'max_features': 0.875, 'min_samples_leaf': 4, 'min_samples_split': 2, 'n_estimators': 500}",-9.213345212926608,-9.343853466545564,-9.884694561933534,-9.373341367881892,-9.439698613622664,-9.450986644582054,0.2290020672769533,11,-14.160773258696159,-14.4368530274139,-15.174832059005901,-13.858703960526096,-14.377069029221728,-14.401646266972756,0.43645526227644194,47,-0.4189066747206282,-0.38813200121102026,-0.43021148036253776,-0.3904790599578186,-0.44183242917420135,-0.4139123290852412,0.02137232423937092,55,2.26147629115071,-0.18361005146836207,2.6148595166163133,0.12978427237119639,2.0658318264014466,1.377668371014261,1.164485495653639,12,-13.696155010814707,-11.800422776911077,-14.527220505617978,-12.168547067901233,-13.02024215552524,-13.042517503354045,0.9938515803393205,79,9.450986644582054,14.401646266972756,0.4139123290852412,13.042517503354045,1.377668371014261,n500__absolute_error__boostrap_false
529.6290885925293,2.9603426289955226,3.651664972305298,0.11242306116426364,False,absolute_error,20,0.875,4,4,500,"{'bootstrap': False, 'criterion': 'absolute_error', 'max_depth': 20, 'max_features': 0.875, 'min_samples_leaf': 4, 'min_samples_split': 4, 'n_estimators': 500}",-9.213345212926608,-9.343853466545564,-9.884694561933534,-9.373341367881892,-9.439698613622664,-9.450986644582054,0.2290020672769533,11,-14.160773258696159,-14.4368530274139,-15.174832059005901,-13.858703960526096,-14.377069029221728,-14.401646266972756,0.43645526227644194,47,-0.4189066747206282,-0.38813200121102026,-0.43021148036253776,-0.3904790599578186,-0.44183242917420135,-0.4139123290852412,0.02137232423937092,55,2.26147629115071,-0.18361005146836207,2.6148595166163133,0.12978427237119639,2.0658318264014466,1.377668371014261,1.164485495653639,12,-13.696155010814707,-11.800422776911077,-14.527220505617978,-12.168547067901233,-13.02024215552524,-13.042517503354045,0.9938515803393205,79,9.450986644582054,14.401646266972756,0.4139123290852412,13.042517503354045,1.377668371014261,n500__absolute_error__boostrap_false
532.3129535675049,2.7689533917118445,4.212077474594116,0.29066138041761824,False,absolute_error,20,0.875,4,8,500,"{'bootstrap': False, 'criterion': 'absolute_error', 'max_depth': 20, 'max_features': 0.875, 'min_samples_leaf': 4, 'min_samples_split': 8, 'n_estimators': 500}",-9.213345212926608,-9.343853466545564,-9.884694561933534,-9.373341367881892,-9.439698613622664,-9.450986644582054,0.2290020672769533,11,-14.160773258696159,-14.4368530274139,-15.174832059005901,-13.858703960526096,-14.377069029221728,-14.401646266972756,0.43645526227644194,47,-0.4189066747206282,-0.38813200121102026,-0.43021148036253776,-0.3904790599578186,-0.44183242917420135,-0.4139123290852412,0.02137232423937092,55,2.26147629115071,-0.18361005146836207,2.6148595166163133,0.12978427237119639,2.0658318264014466,1.377668371014261,1.164485495653639,12,-13.696155010814707,-11.800422776911077,-14.527220505617978,-12.168547067901233,-13.02024215552524,-13.042517503354045,0.9938515803393205,79,9.450986644582054,14.401646266972756,0.4139123290852412,13.042517503354045,1.377668371014261,n500__absolute_error__boostrap_false
912.9035567760468,5.15300736037287,4.861512136459351,0.2134086424004362,False,absolute_error,20,1.0,1,2,500,"{'bootstrap': False, 'criterion': 'absolute_error', 'max_depth': 20, 'max_features': 1.0, 'min_samples_leaf': 1, 'min_samples_split': 2, 'n_estimators': 500}",-9.253910903050437,-9.44356221616712,-9.950808761329306,-9.411931605905394,-9.491774261603375,-9.510397549611126,0.23420365752638206,43,-14.159872526896288,-14.60797798615815,-15.201610647541798,-13.86961493925197,-14.391582216325995,-14.446131663234842,0.4503852120797405,91,-0.4213228631833283,-0.3963063881320012,-0.4362537764350453,-0.3986140403736065,-0.4397227245328511,-0.41844395853136646,0.018229433702852856,90,2.2475067955300516,0.023982440205873982,2.6192323262839885,0.2681756553178669,2.0639677516576254,1.4445729937990812,1.0779763747283724,6,-13.64917347670251,-11.944728800611154,-14.406799168975068,-12.142205593348452,-13.139805346127487,-13.056542477152934,0.922331711394344,87,9.510397549611126,14.446131663234842,0.41844395853136646,13.056542477152934,1.4445729937990812,n500__absolute_error__boostrap_false
886.666317987442,4.441814831310589,3.0666571617126466,0.7241680534717778,False,absolute_error,20,1.0,1,4,500,"{'bootstrap': False, 'criterion': 'absolute_error', 'max_depth': 20, 'max_features': 1.0, 'min_samples_leaf': 1, 'min_samples_split': 4, 'n_estimators': 500}",-9.243216248867412,-9.441644868301543,-9.935409667673715,-9.462209400421814,-9.470811633514165,-9.51065836375573,0.22831420521283607,44,-14.118172551958917,-14.611330594602856,-15.1943732414537,-13.914566711731755,-14.364570760482591,-14.440602772045963,0.4435705040475133,84,-0.41981274539414076,-0.39721465334544354,-0.43444108761329303,-0.3986140403736065,-0.44273658830620854,-0.41856382300653844,0.01839429690461443,91,2.247246451223195,0.045253708749620994,2.6439903323262834,0.2822316962940644,2.0761401446654615,1.458972466651725,1.0760909558741902,4,-13.685223741007194,-11.941778201219513,-14.477682197496522,-12.222902494331066,-13.040430905377809,-13.073603507886421,0.9328812825877545,92,9.51065836375573,14.440602772045963,0.41856382300653844,13.073603507886421,1.458972466651725,n500__absolute_error__boostrap_false
873.5737016677856,4.601878689848571,3.177794885635376,0.6203231937235048,False,absolute_error,20,1.0,1,8,500,"{'bootstrap': False, 'criterion': 'absolute_error', 'max_depth': 20, 'max_features': 1.0, 'min_samples_leaf': 1, 'min_samples_split': 8, 'n_estimators': 500}",-9.213346118997283,-9.414049046321527,-9.923421450151057,-9.461506779150346,-9.487400843881856,-9.499944847700414,0.2325872696247893,38,-14.11608289853701,-14.595850905848497,-15.182089142380581,-13.945859843416631,-14.389118840855922,-14.445800326207728,0.4304656215069049,90,-0.4204167925098158,-0.3941871026339691,-0.4353474320241692,-0.3983127448026514,-0.4436407474382158,-0.41838096388176427,0.019586416945595993,89,2.249275445484748,0.041779594308203986,2.6243894259818727,0.31122295872250666,2.097828812537674,1.464899247407001,1.0692522485221025,3,-13.63244971264368,-11.994086789554531,-14.411260929909785,-12.267658850226928,-13.056994565217392,-13.072490169510464,0.8850773135719389,90,9.499944847700414,14.445800326207728,0.41838096388176427,13.072490169510464,1.464899247407001,n500__absolute_error__boostrap_false
743.0849815368653,11.368354889798836,5.267817449569702,0.410907931523208,False,absolute_error,20,1.0,2,2,500,"{'bootstrap': False, 'criterion': 'absolute_error', 'max_depth': 20, 'max_features': 1.0, 'min_samples_leaf': 2, 'min_samples_split': 2, 'n_estimators': 500}",-9.215269102990034,-9.39248561913412,-9.912254380664654,-9.421812895450437,-9.475451476793248,-9.483454695006499,0.23148728600297172,23,-14.104331549209098,-14.550487528019733,-15.143216381084649,-13.919244162104867,-14.402115551370681,-14.423879034357805,0.4220702614052999,72,-0.4180006040471157,-0.3887375113533152,-0.43021148036253776,-0.39650497137692076,-0.4403254972875226,-0.4147560128854825,0.019561494408420185,66,2.1427321051041983,-0.09146836209506479,2.4908604229607247,0.23263302199457667,1.980968655816757,1.3511451687562384,1.0634323283749523,21,-13.586106213872831,-11.963107476635514,-14.415136938202247,-12.174432370820668,-13.009035592060233,-13.029563718318297,0.9053786652978508,72,9.483454695006499,14.423879034357805,0.4147560128854825,13.029563718318297,1.3511451687562384,n500__absolute_error__boostrap_false
739.1777623653412,2.980450599756573,3.896668481826782,0.8694864999344841,False,absolute_error,20,1.0,2,4,500,"{'bootstrap': False, 'criterion': 'absolute_error', 'max_depth': 20, 'max_features': 1.0, 'min_samples_leaf': 2, 'min_samples_split': 4, 'n_estimators': 500}",-9.215269102990034,-9.39248561913412,-9.912254380664654,-9.421812895450437,-9.475451476793248,-9.483454695006499,0.23148728600297172,23,-14.104331549209098,-14.550487528019733,-15.143216381084649,-13.919244162104867,-14.402115551370681,-14.423879034357805,0.4220702614052999,72,-0.4180006040471157,-0.3887375113533152,-0.43021148036253776,-0.39650497137692076,-0.4403254972875226,-0.4147560128854825,0.019561494408420185,66,2.1427321051041983,-0.09146836209506479,2.4908604229607247,0.23263302199457667,1.980968655816757,1.3511451687562384,1.0634323283749523,21,-13.586106213872831,-11.963107476635514,-14.415136938202247,-12.174432370820668,-13.009035592060233,-13.029563718318297,0.9053786652978508,72,9.483454695006499,14.423879034357805,0.4147560128854825,13.029563718318297,1.3511451687562384,n500__absolute_error__boostrap_false
737.0434523105621,1.9364991301830043,3.0325858116149904,0.09200677934326106,False,absolute_error,20,1.0,2,8,500,"{'bootstrap': False, 'criterion': 'absolute_error', 'max_depth': 20, 'max_features': 1.0, 'min_samples_leaf': 2, 'min_samples_split': 8, 'n_estimators': 500}",-9.188706131078224,-9.367840750832576,-9.856293655589123,-9.362269659536004,-9.444277878239904,-9.443877615055166,0.22254936533728462,7,-14.12632919581286,-14.576795018847442,-15.113989844569575,-13.8672360801155,-14.369125913575706,-14.410695210584214,0.42429997685557763,63,-0.41679250981576565,-0.3887375113533152,-0.427190332326284,-0.3928894245254595,-0.4388185654008439,-0.4128856686843337,0.019366905920098352,48,2.1720368468740556,-0.10254617014834973,2.553252567975831,0.2149536004820728,2.007072332730561,1.368953835582834,1.0910297737874797,16,-13.62877536231884,-11.91716043613707,-14.524610325318246,-12.188191717791412,-13.047932692307693,-13.061334106774652,0.9523505119627077,88,9.443877615055166,14.410695210584214,0.4128856686843337,13.061334106774652,1.368953835582834,n500__absolute_error__boostrap_false
668.8238607406616,7.138819832786269,4.951645565032959,0.3669452153430653,False,absolute_error,20,1.0,3,2,500,"{'bootstrap': False, 'criterion': 'absolute_error', 'max_depth': 20, 'max_features': 1.0, 'min_samples_leaf': 3, 'min_samples_split': 2, 'n_estimators': 500}",-9.162385382059801,-9.366458371177718,-9.842386706948641,-9.360187405845133,-9.441388487040387,-9.434561270614335,0.22388273197735772,5,-14.049747473254344,-14.557369211740806,-15.099743346891493,-13.850827955603942,-14.40886206209054,-14.393310009916224,0.4332498917411488,42,-0.4204167925098158,-0.38994853163790494,-0.4268882175226586,-0.3931907200964146,-0.4397227245328511,-0.414033397259929,0.019392955514887882,58,2.1482923588039875,-0.09196306388132026,2.501870694864048,0.18281711358843067,1.9906060880048222,1.3463246382759937,1.078513678569845,23,-13.451743534482757,-11.89194798136646,-14.458418966737437,-12.135337931034481,-12.99909458533242,-12.987308599790712,0.9279734192929687,48,9.434561270614335,14.393310009916224,0.414033397259929,12.987308599790712,1.3463246382759937,n500__absolute_error__boostrap_false
663.2472333431244,5.69598687021786,4.625971364974975,0.45446370115304674,False,absolute_error,20,1.0,3,4,500,"{'bootstrap': False, 'criterion': 'absolute_error', 'max_depth': 20, 'max_features': 1.0, 'min_samples_leaf': 3, 'min_samples_split': 4, 'n_estimators': 500}",-9.162385382059801,-9.366458371177718,-9.842386706948641,-9.360187405845133,-9.441388487040387,-9.434561270614335,0.22388273197735772,5,-14.049747473254344,-14.557369211740806,-15.099743346891493,-13.850827955603942,-14.40886206209054,-14.393310009916224,0.4332498917411488,42,-0.4204167925098158,-0.38994853163790494,-0.4268882175226586,-0.3931907200964146,-0.4397227245328511,-0.414033397259929,0.019392955514887882,58,2.1482923588039875,-0.09196306388132026,2.501870694864048,0.18281711358843067,1.9906060880048222,1.3463246382759937,1.078513678569845,23,-13.451743534482757,-11.89194798136646,-14.458418966737437,-12.135337931034481,-12.99909458533242,-12.987308599790712,0.9279734192929687,48,9.434561270614335,14.393310009916224,0.414033397259929,12.987308599790712,1.3463246382759937,n500__absolute_error__boostrap_false
660.3361721992493,2.8779397290315973,3.9016340255737303,0.24824610846328019,False,absolute_error,20,1.0,3,8,500,"{'bootstrap': False, 'criterion': 'absolute_error', 'max_depth': 20, 'max_features': 1.0, 'min_samples_leaf': 3, 'min_samples_split': 8, 'n_estimators': 500}",-9.160170341286621,-9.379015137753559,-9.843995468277946,-9.353484181982525,-9.412292646172393,-9.429791555094607,0.2249301012289859,4,-14.081678492145253,-14.590840732471559,-15.110725249299543,-13.85240537279474,-14.343356755493838,-14.395801320440986,0.4349389234978067,44,-0.41709453337360314,-0.38782924613987285,-0.4287009063444109,-0.39198553781259415,-0.4388185654008439,-0.412885757814265,0.020024940436711287,49,2.142120205376019,-0.13263548289433882,2.4972770392749246,0.16355408255498652,1.970771850512357,1.3282175389647897,1.0892700516507774,26,-13.548835626357715,-11.920683840749415,-14.39380267794221,-12.139527286702538,-12.970126373626375,-12.994595161075651,0.9110422036196776,56,9.429791555094607,14.395801320440986,0.412885757814265,12.994595161075651,1.3282175389647897,n500__absolute_error__boostrap_false
613.6819958686829,5.321388622019491,4.295606565475464,0.3080387769141893,False,absolute_error,20,1.0,4,2,500,"{'bootstrap': False, 'criterion': 'absolute_error', 'max_depth': 20, 'max_features': 1.0, 'min_samples_leaf': 4, 'min_samples_split': 2, 'n_estimators': 500}",-9.187643008154636,-9.34129548894944,-9.804525981873113,-9.315636034950286,-9.396533152501506,-9.409126733285795,0.20923469738159597,1,-14.144425861902317,-14.546276372885917,-15.081554876335376,-13.870232451408349,-14.379497206624105,-14.404397353831211,0.40797286754366435,51,-0.4155844155844156,-0.3887375113533152,-0.42779456193353477,-0.38806869539017774,-0.4382157926461724,-0.4116801953815232,0.020312180332088516,24,2.1569193597100575,-0.145331214047836,2.47246253776435,0.15720879783067213,1.9911528028933094,1.3264824568301108,1.0934458227010435,27,-13.64892659883721,-11.82798676012461,-14.34916384180791,-12.205113354037266,-12.993240027510318,-13.004886116463462,0.9216002326009897,60,9.409126733285795,14.404397353831211,0.4116801953815232,13.004886116463462,1.3264824568301108,n500__absolute_error__boostrap_false
611.890051984787,6.290123943975962,4.431303596496582,0.3662632149567194,False,absolute_error,20,1.0,4,4,500,"{'bootstrap': False, 'criterion': 'absolute_error', 'max_depth': 20, 'max_features': 1.0, 'min_samples_leaf': 4, 'min_samples_split': 4, 'n_estimators': 500}",-9.187643008154636,-9.34129548894944,-9.804525981873113,-9.315636034950286,-9.396533152501506,-9.409126733285795,0.20923469738159597,1,-14.144425861902317,-14.546276372885917,-15.081554876335376,-13.870232451408349,-14.379497206624105,-14.404397353831211,0.40797286754366435,51,-0.4155844155844156,-0.3887375113533152,-0.42779456193353477,-0.38806869539017774,-0.4382157926461724,-0.4116801953815232,0.020312180332088516,24,2.1569193597100575,-0.145331214047836,2.47246253776435,0.15720879783067213,1.9911528028933094,1.3264824568301108,1.0934458227010435,27,-13.64892659883721,-11.82798676012461,-14.34916384180791,-12.205113354037266,-12.993240027510318,-13.004886116463462,0.9216002326009897,60,9.409126733285795,14.404397353831211,0.4116801953815232,13.004886116463462,1.3264824568301108,n500__absolute_error__boostrap_false
613.3290608882904,3.3367257801322032,4.61563720703125,0.44919203694610427,False,absolute_error,20,1.0,4,8,500,"{'bootstrap': False, 'criterion': 'absolute_error', 'max_depth': 20, 'max_features': 1.0, 'min_samples_leaf': 4, 'min_samples_split': 8, 'n_estimators': 500}",-9.187643008154636,-9.34129548894944,-9.804525981873113,-9.315636034950286,-9.396533152501506,-9.409126733285795,0.20923469738159597,1,-14.144425861902317,-14.546276372885917,-15.081554876335376,-13.870232451408349,-14.379497206624105,-14.404397353831211,0.40797286754366435,51,-0.4155844155844156,-0.3887375113533152,-0.42779456193353477,-0.38806869539017774,-0.4382157926461724,-0.4116801953815232,0.020312180332088516,24,2.1569193597100575,-0.145331214047836,2.47246253776435,0.15720879783067213,1.9911528028933094,1.3264824568301108,1.0934458227010435,27,-13.64892659883721,-11.82798676012461,-14.34916384180791,-12.205113354037266,-12.993240027510318,-13.004886116463462,0.9216002326009897,60,9.409126733285795,14.404397353831211,0.4116801953815232,13.004886116463462,1.3264824568301108,n500__absolute_error__boostrap_false
828.8804121017456,5.641891304578604,4.458136463165284,0.1395017993906145,False,absolute_error,22,0.875,1,2,500,"{'bootstrap': False, 'criterion': 'absolute_error', 'max_depth': 22, 'max_features': 0.875, 'min_samples_leaf': 1, 'min_samples_split': 2, 'n_estimators': 500}",-9.34884778012685,-9.497940660006055,-10.013127794561932,-9.559853871648086,-9.561346292947558,-9.596223279858098,0.2223522537246743,81,-14.21858756837135,-14.51866602877904,-15.198548628324774,-13.94007707446846,-14.357233376194214,-14.446622535227567,0.4212272038035988,93,-0.4204167925098158,-0.39176506206478956,-0.43655589123867067,-0.39680626694787585,-0.4463532248342375,-0.4183794475190779,0.021404643100262476,88,2.1349033524614924,-0.15462791401756057,2.532929607250755,0.13526333232901444,2.008580168776372,1.3314097093600146,1.1123745685708641,25,-13.657579022988505,-11.924637557959814,-14.369359861591695,-12.216436598329535,-12.960505064145849,-13.02570362100308,0.9029052062642833,71,9.596223279858098,14.446622535227567,0.4183794475190779,13.02570362100308,1.3314097093600146,n500__absolute_error__boostrap_false
801.1724765777587,5.002511875954291,4.513597202301026,0.34880926632895226,False,absolute_error,22,0.875,1,4,500,"{'bootstrap': False, 'criterion': 'absolute_error', 'max_depth': 22, 'max_features': 0.875, 'min_samples_leaf': 1, 'min_samples_split': 4, 'n_estimators': 500}",-9.294781032920568,-9.489630941568272,-10.003137462235653,-9.567789996987043,-9.56078511151296,-9.583224909044898,0.231960355997455,78,-14.170159359372395,-14.490324161650713,-15.191731351630755,-13.934175434663837,-14.390204169276192,-14.435318895318778,0.42395166459269285,80,-0.4210208396254908,-0.3944898577051166,-0.4362537764350453,-0.400120518228382,-0.4448462929475588,-0.41934625698831873,0.019628499132455325,93,2.159983086680761,-0.12223887375113564,2.61814833836858,0.1323528171135885,2.0414433393610616,1.3659377415545708,1.1305970640072074,17,-13.603559540889528,-11.872792018419032,-14.465531855955678,-12.121526355421688,-13.040716124661248,-13.020825179069437,0.9543448936908789,68,9.583224909044898,14.435318895318778,0.41934625698831873,13.020825179069437,1.3659377415545708,n500__absolute_error__boostrap_false
782.3801830291748,4.240257282589584,4.174361848831177,0.4246863694533702,False,absolute_error,22,0.875,1,8,500,"{'bootstrap': False, 'criterion': 'absolute_error', 'max_depth': 22, 'max_features': 0.875, 'min_samples_leaf': 1, 'min_samples_split': 8, 'n_estimators': 500}",-9.304651162790698,-9.470494096276113,-9.984324169184289,-9.535597167821635,-9.539897830018084,-9.566992885218164,0.22539761722673313,73,-14.18238162776117,-14.507518435609583,-15.198733508842428,-13.946742039761533,-14.361929546858285,-14.439461031766598,0.4233200824107157,83,-0.42313500453035335,-0.39539812291855886,-0.43474320241691844,-0.3974088580897861,-0.4451476793248945,-0.4191665734561022,0.019858172605034374,92,2.2266414980368467,-0.10960944595822061,2.627863746223565,0.2289849352214523,2.012968957203135,1.3973699381453557,1.1150676089994958,8,-13.626020699500357,-11.837290199081163,-14.505330785267548,-12.285310083396514,-12.97644278943805,-13.046078911336727,0.9497933521713149,82,9.566992885218164,14.439461031766598,0.4191665734561022,13.046078911336727,1.3973699381453557,n500__absolute_error__boostrap_false
668.1881777763367,6.142597485263454,4.543395709991455,0.4474780409787932,False,absolute_error,22,0.875,2,2,500,"{'bootstrap': False, 'criterion': 'absolute_error', 'max_depth': 22, 'max_features': 0.875, 'min_samples_leaf': 2, 'min_samples_split': 2, 'n_estimators': 500}",-9.279633041377227,-9.459251286709053,-9.947514501510573,-9.519578788791804,-9.514220916214587,-9.544039706920648,0.21971771328230627,62,-14.127846756278593,-14.500004047636379,-15.115775938930547,-13.900399014130269,-14.309218742481816,-14.390648899891522,0.41323324135312367,35,-0.41709453337360314,-0.3923705722070845,-0.43111782477341387,-0.3931907200964146,-0.44002411091018684,-0.4147595522721407,0.019379494776301527,68,2.08811869525823,-0.2556539509536777,2.4910347432024174,0.06565772823139523,1.851204641350211,1.2480723714177153,1.1201516915059824,45,-13.62730847212165,-11.728195216049384,-14.425927820602663,-12.189042145593868,-12.914548630136988,-12.977004456900909,0.9702148298666934,41,9.544039706920648,14.390648899891522,0.4147595522721407,12.977004456900909,1.2480723714177153,n500__absolute_error__boostrap_false
666.4479684829712,4.089175194378922,4.214792013168335,0.10174204690877547,False,absolute_error,22,0.875,2,4,500,"{'bootstrap': False, 'criterion': 'absolute_error', 'max_depth': 22, 'max_features': 0.875, 'min_samples_leaf': 2, 'min_samples_split': 4, 'n_estimators': 500}",-9.279633041377227,-9.459251286709053,-9.947514501510573,-9.519578788791804,-9.514220916214587,-9.544039706920648,0.21971771328230627,62,-14.127846756278593,-14.500004047636379,-15.115775938930547,-13.900399014130269,-14.309218742481816,-14.390648899891522,0.41323324135312367,35,-0.41709453337360314,-0.3923705722070845,-0.43111782477341387,-0.3931907200964146,-0.44002411091018684,-0.4147595522721407,0.019379494776301527,68,2.08811869525823,-0.2556539509536777,2.4910347432024174,0.06565772823139523,1.851204641350211,1.2480723714177153,1.1201516915059824,45,-13.62730847212165,-11.728195216049384,-14.425927820602663,-12.189042145593868,-12.914548630136988,-12.977004456900909,0.9702148298666934,41,9.544039706920648,14.390648899891522,0.4147595522721407,12.977004456900909,1.2480723714177153,n500__absolute_error__boostrap_false
656.113875579834,2.9491589664391107,4.416991138458252,0.24489686038101,False,absolute_error,22,0.875,2,8,500,"{'bootstrap': False, 'criterion': 'absolute_error', 'max_depth': 22, 'max_features': 0.875, 'min_samples_leaf': 2, 'min_samples_split': 8, 'n_estimators': 500}",-9.23278073089701,-9.40903421132304,-9.89800664652568,-9.46717686050015,-9.476840867992768,-9.496767863447731,0.21892997671249462,37,-14.126531614627696,-14.469260483826892,-15.122913503483277,-13.89521065909476,-14.341094913655771,-14.391002234937678,0.41474406444088385,37,-0.4195107218363032,-0.3875264910687254,-0.42900302114803623,-0.3937933112383248,-0.4412296564195298,-0.4142126403421839,0.020522396320707976,62,2.1884919963757175,-0.18124916742355468,2.508759516616315,0.05333232901476334,1.957254972875226,1.3053179294916935,1.1340758062850795,33,-13.61261123110151,-11.90600546875,-14.459998591549295,-12.088205814843151,-12.957079918032788,-13.004780204855347,0.9525554010063837,59,9.496767863447731,14.391002234937678,0.4142126403421839,13.004780204855347,1.3053179294916935,n500__absolute_error__boostrap_false
595.9205900669098,3.5483459441481293,4.412441682815552,0.05584222904067223,False,absolute_error,22,0.875,3,2,500,"{'bootstrap': False, 'criterion': 'absolute_error', 'max_depth': 22, 'max_features': 0.875, 'min_samples_leaf': 3, 'min_samples_split': 2, 'n_estimators': 500}",-9.236737843551797,-9.45251407811081,-9.907292447129908,-9.468733654715276,-9.49097498493068,-9.511250601687694,0.21811701828939564,45,-14.10744284532989,-14.524323069920289,-15.102241290756469,-13.887903611669627,-14.339457408999433,-14.392273645335141,0.41468020892982715,40,-0.4183026276049532,-0.3875264910687254,-0.4299093655589124,-0.3940946068092799,-0.43791440626883665,-0.4135494994621415,0.019695562665348644,50,2.114125339776503,-0.22230214956100547,2.45657583081571,0.09321693281108787,1.8787573839662446,1.264074667561708,1.104780873209401,38,-13.567764620938627,-11.909136718749998,-14.379621925509484,-12.131542048929663,-12.981683413626978,-12.99394974555095,0.9132434180145792,54,9.511250601687694,14.392273645335141,0.4135494994621415,12.99394974555095,1.264074667561708,n500__absolute_error__boostrap_false
594.3167850017547,1.5779087273351575,4.503340864181519,0.3254882649751865,False,absolute_error,22,0.875,3,4,500,"{'bootstrap': False, 'criterion': 'absolute_error', 'max_depth': 22, 'max_features': 0.875, 'min_samples_leaf': 3, 'min_samples_split': 4, 'n_estimators': 500}",-9.236737843551797,-9.45251407811081,-9.907292447129908,-9.468733654715276,-9.49097498493068,-9.511250601687694,0.21811701828939564,45,-14.10744284532989,-14.524323069920289,-15.102241290756469,-13.887903611669627,-14.339457408999433,-14.392273645335141,0.41468020892982715,40,-0.4183026276049532,-0.3875264910687254,-0.4299093655589124,-0.3940946068092799,-0.43791440626883665,-0.4135494994621415,0.019695562665348644,50,2.114125339776503,-0.22230214956100547,2.45657583081571,0.09321693281108787,1.8787573839662446,1.264074667561708,1.104780873209401,38,-13.567764620938627,-11.909136718749998,-14.379621925509484,-12.131542048929663,-12.981683413626978,-12.99394974555095,0.9132434180145792,54,9.511250601687694,14.392273645335141,0.4135494994621415,12.99394974555095,1.264074667561708,n500__absolute_error__boostrap_false
589.3642097949981,2.3578230775697757,4.230158758163452,0.5357463311433966,False,absolute_error,22,0.875,3,8,500,"{'bootstrap': False, 'criterion': 'absolute_error', 'max_depth': 22, 'max_features': 0.875, 'min_samples_leaf': 3, 'min_samples_split': 8, 'n_estimators': 500}",-9.22125823014195,-9.41624250681199,-9.938305740181269,-9.441658632118108,-9.483606088004823,-9.500214239451628,0.23685289099722218,39,-14.116675540056576,-14.468824265254982,-15.174197967845668,-13.882878943629919,-14.367080911252927,-14.401931525608015,0.43654810087683515,50,-0.4173965569314407,-0.3911595519224947,-0.43051359516616317,-0.39228683338354925,-0.43731163351416513,-0.41373363418356257,0.01908119807849249,54,2.1350353367562667,-0.18076506206479043,2.525128700906344,0.10069448629105122,1.9555518384569022,1.3071290600691545,1.1188134184999234,32,-13.603722141823443,-11.805256191950464,-14.475076491228071,-12.162469278033795,-13.078954514128188,-13.025095723432793,0.9666733052318849,70,9.500214239451628,14.401931525608015,0.41373363418356257,13.025095723432793,1.3071290600691545,n500__absolute_error__boostrap_false
545.76218791008,3.901732356602305,3.9770549297332765,0.17389567497209865,False,absolute_error,22,0.875,4,2,500,"{'bootstrap': False, 'criterion': 'absolute_error', 'max_depth': 22, 'max_features': 0.875, 'min_samples_leaf': 4, 'min_samples_split': 2, 'n_estimators': 500}",-9.242105406221684,-9.398696336663638,-9.884827190332325,-9.435250677915034,-9.468791440626882,-9.485934210351912,0.21402861342400373,27,-14.157016643265365,-14.498068467924814,-15.119673610865204,-13.910528679107374,-14.356626726387358,-14.408382825510023,0.40686619379090816,57,-0.4173965569314407,-0.38813200121102026,-0.4283987915407855,-0.3895751732449533,-0.43791440626883665,-0.4122833858394072,0.020207683323396834,36,2.176143461189973,-0.22467756584922816,2.4975057401812686,0.04639921663151559,1.9946738999397227,1.2980089504186503,1.1472014620008402,34,-13.677938494934876,-11.81816848673947,-14.45187658674189,-12.169217324052592,-13.08870543702684,-13.041181265899136,0.9647653577618446,76,9.485934210351912,14.408382825510023,0.4122833858394072,13.041181265899136,1.2980089504186503,n500__absolute_error__boostrap_false
543.3019649028778,3.9723431065153902,4.473818063735962,0.09476246180660024,False,absolute_error,22,0.875,4,4,500,"{'bootstrap': False, 'criterion': 'absolute_error', 'max_depth': 22, 'max_features': 0.875, 'min_samples_leaf': 4, 'min_samples_split': 4, 'n_estimators': 500}",-9.242105406221684,-9.398696336663638,-9.884827190332325,-9.435250677915034,-9.468791440626882,-9.485934210351912,0.21402861342400373,27,-14.157016643265365,-14.498068467924814,-15.119673610865204,-13.910528679107374,-14.356626726387358,-14.408382825510023,0.40686619379090816,57,-0.4173965569314407,-0.38813200121102026,-0.4283987915407855,-0.3895751732449533,-0.43791440626883665,-0.4122833858394072,0.020207683323396834,36,2.176143461189973,-0.22467756584922816,2.4975057401812686,0.04639921663151559,1.9946738999397227,1.2980089504186503,1.1472014620008402,34,-13.677938494934876,-11.81816848673947,-14.45187658674189,-12.169217324052592,-13.08870543702684,-13.041181265899136,0.9647653577618446,76,9.485934210351912,14.408382825510023,0.4122833858394072,13.041181265899136,1.2980089504186503,n500__absolute_error__boostrap_false
544.9534042835236,4.123040546697832,4.537064075469971,0.2128836514789909,False,absolute_error,22,0.875,4,8,500,"{'bootstrap': False, 'criterion': 'absolute_error', 'max_depth': 22, 'max_features': 0.875, 'min_samples_leaf': 4, 'min_samples_split': 8, 'n_estimators': 500}",-9.242105406221684,-9.398696336663638,-9.884827190332325,-9.435250677915034,-9.468791440626882,-9.485934210351912,0.21402861342400373,27,-14.157016643265365,-14.498068467924814,-15.119673610865204,-13.910528679107374,-14.356626726387358,-14.408382825510023,0.40686619379090816,57,-0.4173965569314407,-0.38813200121102026,-0.4283987915407855,-0.3895751732449533,-0.43791440626883665,-0.4122833858394072,0.020207683323396834,36,2.176143461189973,-0.22467756584922816,2.4975057401812686,0.04639921663151559,1.9946738999397227,1.2980089504186503,1.1472014620008402,34,-13.677938494934876,-11.81816848673947,-14.45187658674189,-12.169217324052592,-13.08870543702684,-13.041181265899136,0.9647653577618446,76,9.485934210351912,14.408382825510023,0.4122833858394072,13.041181265899136,1.2980089504186503,n500__absolute_error__boostrap_false
951.5360344409943,6.670642480503301,5.121851396560669,0.2836447361024933,False,absolute_error,22,1.0,1,2,500,"{'bootstrap': False, 'criterion': 'absolute_error', 'max_depth': 22, 'max_features': 1.0, 'min_samples_leaf': 1, 'min_samples_split': 2, 'n_estimators': 500}",-9.242489278163697,-9.477765970330003,-9.987980060422961,-9.549501054534499,-9.531254370102474,-9.557798146710727,0.24151800120942254,70,-14.092511167851073,-14.597393361997216,-15.196772260866465,-13.976317785476066,-14.369418251232117,-14.44648256548459,0.4331277582271991,92,-0.4219269102990033,-0.39509536784741145,-0.43323262839879156,-0.3974088580897861,-0.43791440626883665,-0.41711563418076575,0.017825509553295704,84,2.123553609181516,-0.11103996366939128,2.5022205438066463,0.16164386863513108,1.8593574442435201,1.3071471004394843,1.0698680843208606,31,-13.469208303507514,-11.853753256704982,-14.415119944211995,-12.218078089461713,-13.00552305574673,-12.992336529926586,0.9107953908050028,52,9.557798146710727,14.44648256548459,0.41711563418076575,12.992336529926586,1.3071471004394843,n500__absolute_error__boostrap_false
927.3344458580017,7.638636507942296,4.402994060516358,0.36223736038161514,False,absolute_error,22,1.0,1,4,500,"{'bootstrap': False, 'criterion': 'absolute_error', 'max_depth': 22, 'max_features': 1.0, 'min_samples_leaf': 1, 'min_samples_split': 4, 'n_estimators': 500}",-9.25712715191785,-9.488904329397515,-10.005323564954683,-9.507260620668877,-9.522681735985532,-9.55625948058489,0.24462369939217646,69,-14.100671956138045,-14.602681536049946,-15.197230625130814,-13.936062646053273,-14.379544188049142,-14.443238190284244,0.4410356801163905,88,-0.41709453337360314,-0.39509536784741145,-0.43383685800604227,-0.3980114492316963,-0.4421338155515371,-0.41723440480205803,0.018736598678615955,85,2.1709223799456354,-0.09110414774447456,2.5385338368580057,0.20353901777643876,1.9751217600964435,1.3594025693864098,1.083329622695706,20,-13.699591600289644,-11.89307816091954,-14.456883008356547,-12.199146101438306,-13.002628493524199,-13.050265472905647,0.9450876416560153,85,9.55625948058489,14.443238190284244,0.41723440480205803,13.050265472905647,1.3594025693864098,n500__absolute_error__boostrap_false
900.6355674266815,5.176365808654359,4.382590866088867,0.20522573378295803,False,absolute_error,22,1.0,1,8,500,"{'bootstrap': False, 'criterion': 'absolute_error', 'max_depth': 22, 'max_features': 1.0, 'min_samples_leaf': 1, 'min_samples_split': 8, 'n_estimators': 500}",-9.26573301117487,-9.472447774750227,-9.977168882175226,-9.459451943356433,-9.502659734779987,-9.53549226924735,0.23608600233423452,59,-14.162428106569655,-14.615123544821529,-15.16375463037873,-13.864307684832038,-14.346311170423343,-14.43038502740506,0.44074304918147056,78,-0.42222893385684085,-0.3932788374205268,-0.43172205438066463,-0.39650497137692076,-0.44062688366485836,-0.41687233613996233,0.01889427706082481,81,2.1979776502567203,-0.04321071752951818,2.5410039274924467,0.20793823440795406,1.9529701627486438,1.3713358514752492,1.0718390322131337,15,-13.575231044349069,-11.987979214780601,-14.497953813855844,-12.190755319148934,-12.999240766073871,-13.050232031641665,0.9209998585724026,84,9.53549226924735,14.43038502740506,0.41687233613996233,13.050232031641665,1.3713358514752492,n500__absolute_error__boostrap_false
766.9763178825378,3.5909159941081255,4.880279159545898,0.23127617446620083,False,absolute_error,22,1.0,2,2,500,"{'bootstrap': False, 'criterion': 'absolute_error', 'max_depth': 22, 'max_features': 1.0, 'min_samples_leaf': 2, 'min_samples_split': 2, 'n_estimators': 500}",-9.237970401691332,-9.442593702694522,-9.927042900302116,-9.474526062066888,-9.499220313441832,-9.516270676039337,0.225231652744295,48,-14.08820813117577,-14.582444756414207,-15.092590617959836,-13.913326796360819,-14.379495653591528,-14.411213191100433,0.4115396894061909,64,-0.41709453337360314,-0.3890402664244626,-0.429607250755287,-0.3937933112383248,-0.4385171790235081,-0.4136105081630371,0.019415429594151212,52,2.052402899426155,-0.16591129276415412,2.3752543806646527,0.07709430551370901,1.82071036769138,1.2319101321063486,1.059682452297508,50,-13.53454960173787,-11.922522178988325,-14.318074542897328,-12.127707727620505,-12.907054982817868,-12.961981806812378,0.8884062023342584,23,9.516270676039337,14.411213191100433,0.4136105081630371,12.961981806812378,1.2319101321063486,n500__absolute_error__boostrap_false
767.9038708686828,4.067006484508382,4.463813781738281,0.4744765232558604,False,absolute_error,22,1.0,2,4,500,"{'bootstrap': False, 'criterion': 'absolute_error', 'max_depth': 22, 'max_features': 1.0, 'min_samples_leaf': 2, 'min_samples_split': 4, 'n_estimators': 500}",-9.237970401691332,-9.442593702694522,-9.927042900302116,-9.474526062066888,-9.499220313441832,-9.516270676039337,0.225231652744295,48,-14.08820813117577,-14.582444756414207,-15.092590617959836,-13.913326796360819,-14.379495653591528,-14.411213191100433,0.4115396894061909,64,-0.41709453337360314,-0.3890402664244626,-0.429607250755287,-0.3937933112383248,-0.4385171790235081,-0.4136105081630371,0.019415429594151212,52,2.052402899426155,-0.16591129276415412,2.3752543806646527,0.07709430551370901,1.82071036769138,1.2319101321063486,1.059682452297508,50,-13.53454960173787,-11.922522178988325,-14.318074542897328,-12.127707727620505,-12.907054982817868,-12.961981806812378,0.8884062023342584,23,9.516270676039337,14.411213191100433,0.4136105081630371,12.961981806812378,1.2319101321063486,n500__absolute_error__boostrap_false
758.9187480926514,3.7888324279028183,4.580424976348877,0.3342347961209834,False,absolute_error,22,1.0,2,8,500,"{'bootstrap': False, 'criterion': 'absolute_error', 'max_depth': 22, 'max_features': 1.0, 'min_samples_leaf': 2, 'min_samples_split': 8, 'n_estimators': 500}",-9.159823920265781,-9.40956736300333,-9.914309667673715,-9.400954504368785,-9.47289240506329,-9.47150957207498,0.24577902159327966,18,-14.017330112192441,-14.566952711584673,-15.116009601665498,-13.828866332043527,-14.365906325605005,-14.379013016618227,0.4499184322890412,23,-0.4173965569314407,-0.38631547078413564,-0.43051359516616317,-0.3934920156673697,-0.43520192887281495,-0.41258391348438483,0.019548612669042637,43,2.0164080338266386,-0.14100605510142253,2.4381845921450154,0.10044832780958131,1.8655819770946351,1.2559233751548897,1.0615362952200034,43,-13.388026049204052,-11.99610423197492,-14.346230175438597,-12.073183767228178,-13.026682132963987,-12.966045271361946,0.8746018820864094,30,9.47150957207498,14.379013016618227,0.41258391348438483,12.966045271361946,1.2559233751548897,n500__absolute_error__boostrap_false
687.9954269409179,6.1912777005367445,4.728030967712402,0.1817843265714158,False,absolute_error,22,1.0,3,2,500,"{'bootstrap': False, 'criterion': 'absolute_error', 'max_depth': 22, 'max_features': 1.0, 'min_samples_leaf': 3, 'min_samples_split': 2, 'n_estimators': 500}",-9.204062216852915,-9.416617923100214,-9.881016918429005,-9.44324344682133,-9.470254972875226,-9.483039095615737,0.2201696373031414,21,-14.049187017174757,-14.588997269663246,-15.108540789037773,-13.890835248236248,-14.356385806516819,-14.398789226125768,0.42940968294488524,45,-0.41467834491090305,-0.3890402664244626,-0.42930513595166164,-0.3904790599578186,-0.43670886075949367,-0.41204233360086795,0.01953182186734925,30,2.0092340682573244,-0.17797789887980647,2.43456495468278,0.054377523350406694,1.832053044002411,1.230450338282623,1.0756522940328097,52,-13.520474872541877,-11.873629571984434,-14.343622800844477,-12.161498456790124,-12.940323671497586,-12.9679098747317,0.8996025662985632,35,9.483039095615737,14.398789226125768,0.41204233360086795,12.9679098747317,1.230450338282623,n500__absolute_error__boostrap_false
686.472449350357,5.0234032562913615,4.8720602035522464,0.3140069668814012,False,absolute_error,22,1.0,3,4,500,"{'bootstrap': False, 'criterion': 'absolute_error', 'max_depth': 22, 'max_features': 1.0, 'min_samples_leaf': 3, 'min_samples_split': 4, 'n_estimators': 500}",-9.204062216852915,-9.416617923100214,-9.881016918429005,-9.44324344682133,-9.470254972875226,-9.483039095615737,0.2201696373031414,21,-14.049187017174757,-14.588997269663246,-15.108540789037773,-13.890835248236248,-14.356385806516819,-14.398789226125768,0.42940968294488524,45,-0.41467834491090305,-0.3890402664244626,-0.42930513595166164,-0.3904790599578186,-0.43670886075949367,-0.41204233360086795,0.01953182186734925,30,2.0092340682573244,-0.17797789887980647,2.43456495468278,0.054377523350406694,1.832053044002411,1.230450338282623,1.0756522940328097,52,-13.520474872541877,-11.873629571984434,-14.343622800844477,-12.161498456790124,-12.940323671497586,-12.9679098747317,0.8996025662985632,35,9.483039095615737,14.398789226125768,0.41204233360086795,12.9679098747317,1.230450338282623,n500__absolute_error__boostrap_false
681.8005953788758,5.609856500462963,4.294506311416626,0.1440852281093167,False,absolute_error,22,1.0,3,8,500,"{'bootstrap': False, 'criterion': 'absolute_error', 'max_depth': 22, 'max_features': 1.0, 'min_samples_leaf': 3, 'min_samples_split': 8, 'n_estimators': 500}",-9.224921171851404,-9.37653557372086,-9.849717824773414,-9.387721000301294,-9.449783303194696,-9.457735774768333,0.20948095376692502,14,-14.08940958567707,-14.52173570262292,-15.054556117276176,-13.829977743171515,-14.355256583697326,-14.370187146489002,0.41526208900788936,5,-0.4158864391422531,-0.3851044504995459,-0.429607250755287,-0.39198553781259415,-0.4342977697408077,-0.4113762895900976,0.019719606639004964,19,2.0464421624886735,-0.1670593399939456,2.425458006042296,0.0853401626996085,1.8723408679927667,1.25250437184588,1.074038001974371,44,-13.551010893246186,-11.957114779874214,-14.286509142053447,-12.083431975403537,-13.034978487161695,-12.982609055547817,0.8816049651575193,45,9.457735774768333,14.370187146489002,0.4113762895900976,12.982609055547817,1.25250437184588,n500__absolute_error__boostrap_false
627.8218976020813,5.207857869008971,4.57957649230957,0.20317996834230168,False,absolute_error,22,1.0,4,2,500,"{'bootstrap': False, 'criterion': 'absolute_error', 'max_depth': 22, 'max_features': 1.0, 'min_samples_leaf': 4, 'min_samples_split': 2, 'n_estimators': 500}",-9.20181576562972,-9.395682712685437,-9.821113595166162,-9.376469418499548,-9.444545810729355,-9.447925460542043,0.20380679990368855,8,-14.113098491404651,-14.594263608683574,-15.065632872299137,-13.880007790181484,-14.383952748273229,-14.407391102168415,0.408287696748716,54,-0.41467834491090305,-0.3869209809264305,-0.4253776435045317,-0.38987646881590843,-0.4361060880048222,-0.41059190523251915,0.01936869913787311,10,2.1134756871035942,-0.1823802603693612,2.4234078549848936,0.07002229587225067,1.877725437010247,1.260450202920325,1.0917902765144953,40,-13.643455935906774,-11.905922535211268,-14.392530539772729,-12.114724111282843,-12.981097442985488,-13.007546113031818,0.9310175434768265,63,9.447925460542043,14.407391102168415,0.41059190523251915,13.007546113031818,1.260450202920325,n500__absolute_error__boostrap_false
627.6742536067962,5.118304304720843,4.746566963195801,0.4226811247000481,False,absolute_error,22,1.0,4,4,500,"{'bootstrap': False, 'criterion': 'absolute_error', 'max_depth': 22, 'max_features': 1.0, 'min_samples_leaf': 4, 'min_samples_split': 4, 'n_estimators': 500}",-9.20181576562972,-9.395682712685437,-9.821113595166162,-9.376469418499548,-9.444545810729355,-9.447925460542043,0.20380679990368855,8,-14.113098491404651,-14.594263608683574,-15.065632872299137,-13.880007790181484,-14.383952748273229,-14.407391102168415,0.408287696748716,54,-0.41467834491090305,-0.3869209809264305,-0.4253776435045317,-0.38987646881590843,-0.4361060880048222,-0.41059190523251915,0.01936869913787311,10,2.1134756871035942,-0.1823802603693612,2.4234078549848936,0.07002229587225067,1.877725437010247,1.260450202920325,1.0917902765144953,40,-13.643455935906774,-11.905922535211268,-14.392530539772729,-12.114724111282843,-12.981097442985488,-13.007546113031818,0.9310175434768265,63,9.447925460542043,14.407391102168415,0.41059190523251915,13.007546113031818,1.260450202920325,n500__absolute_error__boostrap_false
629.2935088157653,4.519399767435551,4.640720510482788,0.14241237586384303,False,absolute_error,22,1.0,4,8,500,"{'bootstrap': False, 'criterion': 'absolute_error', 'max_depth': 22, 'max_features': 1.0, 'min_samples_leaf': 4, 'min_samples_split': 8, 'n_estimators': 500}",-9.20181576562972,-9.395682712685437,-9.821113595166162,-9.376469418499548,-9.444545810729355,-9.447925460542043,0.20380679990368855,8,-14.113098491404651,-14.594263608683574,-15.065632872299137,-13.880007790181484,-14.383952748273229,-14.407391102168415,0.408287696748716,54,-0.41467834491090305,-0.3869209809264305,-0.4253776435045317,-0.38987646881590843,-0.4361060880048222,-0.41059190523251915,0.01936869913787311,10,2.1134756871035942,-0.1823802603693612,2.4234078549848936,0.07002229587225067,1.877725437010247,1.260450202920325,1.0917902765144953,40,-13.643455935906774,-11.905922535211268,-14.392530539772729,-12.114724111282843,-12.981097442985488,-13.007546113031818,0.9310175434768265,63,9.447925460542043,14.407391102168415,0.41059190523251915,13.007546113031818,1.260450202920325,n500__absolute_error__boostrap_false
858.4143571853638,4.708816631829489,4.609232330322266,0.30310327519461744,False,absolute_error,24,0.875,1,2,500,"{'bootstrap': False, 'criterion': 'absolute_error', 'max_depth': 24, 'max_features': 0.875, 'min_samples_leaf': 1, 'min_samples_split': 2, 'n_estimators': 500}",-9.321060102688008,-9.530615501059643,-10.094998791540787,-9.67839078035553,-9.612827606992163,-9.647578556527225,0.2540222609820999,93,-14.10074096857613,-14.520936856009099,-15.23814772111075,-14.005205391114528,-14.328629979176961,-14.438732183197493,0.43820745005861195,82,-0.41981274539414076,-0.39297608234937936,-0.4350453172205438,-0.3974088580897861,-0.4436407474382158,-0.4177767500984132,0.020006095028076484,87,2.014607067351253,-0.25551952770208897,2.5071951661631418,0.013667670985236465,1.849543098251959,1.2258986950099002,1.123994474317136,55,-13.500861151079137,-11.801094761171033,-14.483771527777778,-12.194064442759668,-12.91852785326087,-12.979663947209696,0.9533011768480074,44,9.647578556527225,14.438732183197493,0.4177767500984132,12.979663947209696,1.2258986950099002,n500__absolute_error__boostrap_false
831.7247702598572,3.9788879212381576,4.257980298995972,0.3708068534599158,False,absolute_error,24,0.875,1,4,500,"{'bootstrap': False, 'criterion': 'absolute_error', 'max_depth': 24, 'max_features': 0.875, 'min_samples_leaf': 1, 'min_samples_split': 4, 'n_estimators': 500}",-9.330695560253702,-9.571384196185285,-10.067620241691843,-9.62314492316963,-9.58614466546112,-9.635797917352315,0.23930425790815504,91,-14.122884721138668,-14.512612438471663,-15.185658331200651,-13.971550028326648,-14.325949440568298,-14.423730991941184,0.42260395553009217,71,-0.41920869827846574,-0.3926733272782319,-0.4335347432024169,-0.40042181379933717,-0.4430379746835443,-0.4177753114483992,0.019078102267688114,86,2.04772908486862,-0.27210899182561304,2.453601510574018,0.03309611328713434,1.8378270042194091,1.2200289442247136,1.1156835041859126,57,-13.571312680115271,-11.840981495759443,-14.440851567944254,-12.057586155003762,-12.892768027210883,-12.960699985206722,0.9630883041440185,19,9.635797917352315,14.423730991941184,0.4177753114483992,12.960699985206722,1.2200289442247136,n500__absolute_error__boostrap_false
808.6009892463684,5.2585031892292555,4.544169235229492,0.19463750714431316,False,absolute_error,24,0.875,1,8,500,"{'bootstrap': False, 'criterion': 'absolute_error', 'max_depth': 24, 'max_features': 0.875, 'min_samples_leaf': 1, 'min_samples_split': 8, 'n_estimators': 500}",-9.375151313802478,-9.510339388434756,-10.069897280966767,-9.584166315155167,-9.553467751657625,-9.61860441000336,0.23667900074348078,87,-14.199226259308368,-14.526395488123825,-15.231964131599852,-13.936972192306449,-14.340703895261669,-14.447052393320032,0.4371021324100324,95,-0.4189066747206282,-0.39358159249167424,-0.43595166163141996,-0.39650497137692076,-0.44062688366485836,-0.41711435677710024,0.019439306262927034,83,2.128555119299305,-0.14476445655464706,2.5721861027190327,0.08723531184091611,1.9223990355635925,1.3131222225736399,1.1180002849088992,30,-13.730631578947367,-11.897882307692308,-14.499409563409564,-12.195813829787234,-13.022204514363885,-13.069188358840071,0.961247964109315,89,9.61860441000336,14.447052393320032,0.41711435677710024,13.069188358840071,1.3131222225736399,n500__absolute_error__boostrap_false
685.2430683135987,6.73434845425286,4.83673129081726,0.5194159107581298,False,absolute_error,24,0.875,2,2,500,"{'bootstrap': False, 'criterion': 'absolute_error', 'max_depth': 24, 'max_features': 0.875, 'min_samples_leaf': 2, 'min_samples_split': 2, 'n_estimators': 500}",-9.304990939293265,-9.512565849227974,-9.967606948640482,-9.54304368785779,-9.593836648583483,-9.584408814720598,0.21534926441040017,79,-14.101755713800976,-14.488587561672235,-15.066316258472146,-13.86806803831724,-14.383568916439348,-14.38165929774039,0.40554024515638004,29,-0.41679250981576565,-0.38994853163790494,-0.43111782477341387,-0.39439590238023503,-0.4385171790235081,-0.41415438952616557,0.019311057436320684,60,1.9940443974630018,-0.3116109597335745,2.3581513595166164,-0.01579993974088569,1.7864810126582276,1.1622531740326771,1.1019795032221562,72,-13.554748550724637,-11.797652950310558,-14.29511562718991,-12.078274255156607,-12.975908591065291,-12.9403399948894,0.9233711099944687,13,9.584408814720598,14.38165929774039,0.41415438952616557,12.9403399948894,1.1622531740326771,n500__absolute_error__boostrap_false
685.0647311210632,3.900873141499827,4.1810503005981445,0.12315889141231733,False,absolute_error,24,0.875,2,4,500,"{'bootstrap': False, 'criterion': 'absolute_error', 'max_depth': 24, 'max_features': 0.875, 'min_samples_leaf': 2, 'min_samples_split': 4, 'n_estimators': 500}",-9.304990939293265,-9.512565849227974,-9.967606948640482,-9.54304368785779,-9.593836648583483,-9.584408814720598,0.21534926441040017,79,-14.101755713800976,-14.488587561672235,-15.066316258472146,-13.86806803831724,-14.383568916439348,-14.38165929774039,0.40554024515638004,29,-0.41679250981576565,-0.38994853163790494,-0.43111782477341387,-0.39439590238023503,-0.4385171790235081,-0.41415438952616557,0.019311057436320684,60,1.9940443974630018,-0.3116109597335745,2.3581513595166164,-0.01579993974088569,1.7864810126582276,1.1622531740326771,1.1019795032221562,72,-13.554748550724637,-11.797652950310558,-14.29511562718991,-12.078274255156607,-12.975908591065291,-12.9403399948894,0.9233711099944687,13,9.584408814720598,14.38165929774039,0.41415438952616557,12.9403399948894,1.1622531740326771,n500__absolute_error__boostrap_false
674.2569876670838,2.835185176909497,4.174851369857788,0.40994095942952175,False,absolute_error,24,0.875,2,8,500,"{'bootstrap': False, 'criterion': 'absolute_error', 'max_depth': 24, 'max_features': 0.875, 'min_samples_leaf': 2, 'min_samples_split': 8, 'n_estimators': 500}",-9.238458471760797,-9.42701059642749,-9.92765256797583,-9.468710756251882,-9.521328812537675,-9.516632240990734,0.22656960111216043,50,-14.076485204670446,-14.457500834544879,-15.083767379721783,-13.84415166983397,-14.339793201752162,-14.360339658104646,0.41957919620720296,2,-0.4158864391422531,-0.387223735997578,-0.4287009063444109,-0.39168424224163906,-0.44002411091018684,-0.4127038869272136,0.020510931043813095,44,2.0663787375415286,-0.2357390251286711,2.412641087613293,0.015849653510093133,1.8874493670886072,1.2293159641249702,1.1093203882692537,54,-13.591254901960784,-11.868166536356528,-14.392661028893588,-12.107406153846155,-12.963810273972603,-12.984659779005932,0.9345577508614118,47,9.516632240990734,14.360339658104646,0.4127038869272136,12.984659779005932,1.2293159641249702,n500__absolute_error__boostrap_false
607.3789524555207,2.772844979357145,4.662346696853637,0.33456043341124303,False,absolute_error,24,0.875,3,2,500,"{'bootstrap': False, 'criterion': 'absolute_error', 'max_depth': 24, 'max_features': 0.875, 'min_samples_leaf': 3, 'min_samples_split': 2, 'n_estimators': 500}",-9.293096949562067,-9.463953678474114,-9.951845317220544,-9.46591473335342,-9.535160036166365,-9.541994142955303,0.21993312329116782,60,-14.098835506190756,-14.494660478132097,-15.09523062177161,-13.86165481418821,-14.361642013628073,-14.382404686782149,0.41779065927078407,32,-0.41467834491090305,-0.3905540417801998,-0.42930513595166164,-0.38987646881590843,-0.4361060880048222,-0.41210401589269907,0.019168048414758884,32,2.0258592570220473,-0.297074477747502,2.4104688821752265,-0.005318770714070577,1.8294493670886076,1.1926768515648618,1.1168923064732263,61,-13.647874726875454,-11.735737209302327,-14.398050668543277,-12.132812210200928,-13.029638562543193,-12.988822675493036,0.9721024824298591,50,9.541994142955303,14.382404686782149,0.41210401589269907,12.988822675493036,1.1926768515648618,n500__absolute_error__boostrap_false
607.3198637485505,2.655664468978517,4.21398777961731,0.4959336922105728,False,absolute_error,24,0.875,3,4,500,"{'bootstrap': False, 'criterion': 'absolute_error', 'max_depth': 24, 'max_features': 0.875, 'min_samples_leaf': 3, 'min_samples_split': 4, 'n_estimators': 500}",-9.293096949562067,-9.463953678474114,-9.951845317220544,-9.46591473335342,-9.535160036166365,-9.541994142955303,0.21993312329116782,60,-14.098835506190756,-14.494660478132097,-15.09523062177161,-13.86165481418821,-14.361642013628073,-14.382404686782149,0.41779065927078407,32,-0.41467834491090305,-0.3905540417801998,-0.42930513595166164,-0.38987646881590843,-0.4361060880048222,-0.41210401589269907,0.019168048414758884,32,2.0258592570220473,-0.297074477747502,2.4104688821752265,-0.005318770714070577,1.8294493670886076,1.1926768515648618,1.1168923064732263,61,-13.647874726875454,-11.735737209302327,-14.398050668543277,-12.132812210200928,-13.029638562543193,-12.988822675493036,0.9721024824298591,50,9.541994142955303,14.382404686782149,0.41210401589269907,12.988822675493036,1.1926768515648618,n500__absolute_error__boostrap_false
604.9358713150025,3.319763297160677,4.056968450546265,0.30696072104040223,False,absolute_error,24,0.875,3,8,500,"{'bootstrap': False, 'criterion': 'absolute_error', 'max_depth': 24, 'max_features': 0.875, 'min_samples_leaf': 3, 'min_samples_split': 8, 'n_estimators': 500}",-9.263076109936575,-9.444207689978807,-9.966742900302114,-9.468689966857486,-9.512040988547318,-9.53095153112446,0.23385036399738848,56,-14.101089302713632,-14.461993923899973,-15.151863662534595,-13.86158160035833,-14.318937665398982,-14.379093230981102,0.43652487416006225,25,-0.4186046511627907,-0.38994853163790494,-0.42628398791540784,-0.39258812895450435,-0.43520192887281495,-0.41252544570868455,0.018153185723813827,42,2.0596082754454845,-0.2722210112019378,2.424422658610272,0.021905393190720285,1.8558800482218205,1.2179190728532718,1.1155314441418518,58,-13.524317460317459,-11.760509316770186,-14.533932671863926,-12.08721642363776,-13.060513157894738,-12.99329780609681,1.0000806464839045,53,9.53095153112446,14.379093230981102,0.41252544570868455,12.99329780609681,1.2179190728532718,n500__absolute_error__boostrap_false
558.5681651115417,4.389642884118055,4.329792499542236,0.3471778257131015,False,absolute_error,24,0.875,4,2,500,"{'bootstrap': False, 'criterion': 'absolute_error', 'max_depth': 24, 'max_features': 0.875, 'min_samples_leaf': 4, 'min_samples_split': 2, 'n_estimators': 500}",-9.269338266384777,-9.441222827732364,-9.887050755287008,-9.409539620367582,-9.451899638336346,-9.491810221621614,0.20814862057115988,33,-14.131279493845998,-14.515729295847034,-15.068412918892944,-13.829540284879746,-14.306612766950531,-14.370314952083252,0.41523951209164034,6,-0.4158864391422531,-0.3896457765667575,-0.4283987915407855,-0.3907803555287737,-0.4370102471368294,-0.4123443219830798,0.01928174817644018,39,2.108241316822712,-0.28748561913412063,2.4483287009063446,0.031071407050316285,1.8620479204339964,1.2324407452158497,1.1309535619853455,47,-13.678709513435003,-11.746229215229214,-14.397075458392102,-12.079178103315343,-12.944716551724138,-12.969181768419158,0.9829168865058513,37,9.491810221621614,14.370314952083252,0.4123443219830798,12.969181768419158,1.2324407452158497,n500__absolute_error__boostrap_false
555.5489624977112,4.527940272364329,4.569019746780396,0.7536646366125795,False,absolute_error,24,0.875,4,4,500,"{'bootstrap': False, 'criterion': 'absolute_error', 'max_depth': 24, 'max_features': 0.875, 'min_samples_leaf': 4, 'min_samples_split': 4, 'n_estimators': 500}",-9.269338266384777,-9.441222827732364,-9.887050755287008,-9.409539620367582,-9.451899638336346,-9.491810221621614,0.20814862057115988,33,-14.131279493845998,-14.515729295847034,-15.068412918892944,-13.829540284879746,-14.306612766950531,-14.370314952083252,0.41523951209164034,6,-0.4158864391422531,-0.3896457765667575,-0.4283987915407855,-0.3907803555287737,-0.4370102471368294,-0.4123443219830798,0.01928174817644018,39,2.108241316822712,-0.28748561913412063,2.4483287009063446,0.031071407050316285,1.8620479204339964,1.2324407452158497,1.1309535619853455,47,-13.678709513435003,-11.746229215229214,-14.397075458392102,-12.079178103315343,-12.944716551724138,-12.969181768419158,0.9829168865058513,37,9.491810221621614,14.370314952083252,0.4123443219830798,12.969181768419158,1.2324407452158497,n500__absolute_error__boostrap_false
556.8484280109406,3.1168170776377826,4.186417865753174,0.28079680597443873,False,absolute_error,24,0.875,4,8,500,"{'bootstrap': False, 'criterion': 'absolute_error', 'max_depth': 24, 'max_features': 0.875, 'min_samples_leaf': 4, 'min_samples_split': 8, 'n_estimators': 500}",-9.269338266384777,-9.441222827732364,-9.887050755287008,-9.409539620367582,-9.451899638336346,-9.491810221621614,0.20814862057115988,33,-14.131279493845998,-14.515729295847034,-15.068412918892944,-13.829540284879746,-14.306612766950531,-14.370314952083252,0.41523951209164034,6,-0.4158864391422531,-0.3896457765667575,-0.4283987915407855,-0.3907803555287737,-0.4370102471368294,-0.4123443219830798,0.01928174817644018,39,2.108241316822712,-0.28748561913412063,2.4483287009063446,0.031071407050316285,1.8620479204339964,1.2324407452158497,1.1309535619853455,47,-13.678709513435003,-11.746229215229214,-14.397075458392102,-12.079178103315343,-12.944716551724138,-12.969181768419158,0.9829168865058513,37,9.491810221621614,14.370314952083252,0.4123443219830798,12.969181768419158,1.2324407452158497,n500__absolute_error__boostrap_false
983.0838754177094,4.673585604074951,4.957392692565918,0.15854409951916415,False,absolute_error,24,1.0,1,2,500,"{'bootstrap': False, 'criterion': 'absolute_error', 'max_depth': 24, 'max_features': 1.0, 'min_samples_leaf': 1, 'min_samples_split': 2, 'n_estimators': 500}",-9.300228027786167,-9.507538298516499,-10.041960422960724,-9.598578788791805,-9.54175105485232,-9.598011318581502,0.24376898991176524,82,-14.118206490946031,-14.60993113322337,-15.16032295193439,-13.956024089214253,-14.339340570296754,-14.436765047122957,0.4232270043368715,81,-0.41679250981576565,-0.3908567968513473,-0.4326283987915408,-0.39590238023501056,-0.43731163351416513,-0.4146983438415658,0.018756017073138176,63,1.98222077922078,-0.17189978807145015,2.4109132930513595,0.057260319373305495,1.7596009644364077,1.2076191136020806,1.0563149475284626,59,-13.534850724637682,-11.942530596436871,-14.392113128491621,-12.194722222222222,-12.92139421088904,-12.997122176535488,0.8940800366590622,57,9.598011318581502,14.436765047122957,0.4146983438415658,12.997122176535488,1.2076191136020806,n500__absolute_error__boostrap_false
956.4245010852813,7.551776684769169,4.4261339664459225,0.48736454164296167,False,absolute_error,24,1.0,1,4,500,"{'bootstrap': False, 'criterion': 'absolute_error', 'max_depth': 24, 'max_features': 1.0, 'min_samples_leaf': 1, 'min_samples_split': 4, 'n_estimators': 500}",-9.309307459981879,-9.543389343021497,-10.00840574018127,-9.583310635733655,-9.575496383363474,-9.603981912456355,0.22596541854565735,83,-14.087575059404802,-14.644600197158162,-15.140243938268364,-13.974334205646858,-14.367696545759964,-14.442889989247632,0.41915076377089006,87,-0.4180006040471157,-0.39176506206478956,-0.43111782477341387,-0.3977101536607412,-0.44273658830620854,-0.4162660465704538,0.019333354538918584,80,1.9978498942917546,-0.18727792915531327,2.415922356495469,0.07983489002711666,1.8052805907172997,1.2223219604752653,1.0637870840605896,56,-13.525288294797688,-11.940972179289027,-14.409434477925718,-12.148477272727273,-12.852763104152483,-12.97538706577844,0.9085938521873078,40,9.603981912456355,14.442889989247632,0.4162660465704538,12.97538706577844,1.2223219604752653,n500__absolute_error__boostrap_false
936.4712499141693,5.941552435404272,3.7880884170532227,0.1777194931135517,False,absolute_error,24,1.0,1,8,500,"{'bootstrap': False, 'criterion': 'absolute_error', 'max_depth': 24, 'max_features': 1.0, 'min_samples_leaf': 1, 'min_samples_split': 8, 'n_estimators': 500}",-9.295099063726969,-9.505941568271268,-10.008177945619336,-9.519652003615546,-9.56232459312839,-9.5782390348723,0.23406338611536567,77,-14.111303674945264,-14.615336570874012,-15.172030595494936,-13.92349968094122,-14.383630845446191,-14.441160273540325,0.4346484349288535,86,-0.4186046511627907,-0.3911595519224947,-0.4299093655589124,-0.3977101536607412,-0.44394213381555153,-0.4162651712240981,0.019658241330352835,79,2.0785469646632433,-0.10388707235846231,2.4218867069486403,0.12405935522747834,1.9226000602772748,1.2886412029516348,1.0588187942309089,37,-13.585188311688311,-12.018183436532507,-14.456610681658466,-12.124044696969698,-12.935159538357093,-13.023837333041214,0.9161642525767595,69,9.5782390348723,14.441160273540325,0.4162651712240981,13.023837333041214,1.2886412029516348,n500__absolute_error__boostrap_false
788.0654136657715,6.713012302678498,4.974353933334351,0.33320558562881725,False,absolute_error,24,1.0,2,2,500,"{'bootstrap': False, 'criterion': 'absolute_error', 'max_depth': 24, 'max_features': 1.0, 'min_samples_leaf': 2, 'min_samples_split': 2, 'n_estimators': 500}",-9.259090909090908,-9.481769906145928,-9.958171601208457,-9.541026514010245,-9.524178722121759,-9.552847530515459,0.22653662865234717,67,-14.045869957721514,-14.581299380590202,-15.080224955228688,-13.918903778516507,-14.333677966541707,-14.391995207719726,0.41388774925404836,38,-0.4164904862579281,-0.38782924613987285,-0.4287009063444109,-0.3907803555287737,-0.43731163351416513,-0.4122225255570301,0.01986964819138613,34,1.908730897009967,-0.26049046321525876,2.3079607250755285,-0.04794064477252191,1.7440913200723327,1.1304703668340097,1.0669703101625172,82,-13.407055112400291,-11.888323965651834,-14.306165609584214,-12.146319198149577,-12.883569951757407,-12.926286767508666,0.8743848962437454,11,9.552847530515459,14.391995207719726,0.4122225255570301,12.926286767508666,1.1304703668340097,n500__absolute_error__boostrap_false
788.7969164371491,7.19823730400237,4.834304475784302,0.3025373100020051,False,absolute_error,24,1.0,2,4,500,"{'bootstrap': False, 'criterion': 'absolute_error', 'max_depth': 24, 'max_features': 1.0, 'min_samples_leaf': 2, 'min_samples_split': 4, 'n_estimators': 500}",-9.259090909090908,-9.481769906145928,-9.958171601208457,-9.541026514010245,-9.524178722121759,-9.552847530515459,0.22653662865234717,67,-14.045869957721514,-14.581299380590202,-15.080224955228688,-13.918903778516507,-14.333677966541707,-14.391995207719726,0.41388774925404836,38,-0.4164904862579281,-0.38782924613987285,-0.4287009063444109,-0.3907803555287737,-0.43731163351416513,-0.4122225255570301,0.01986964819138613,34,1.908730897009967,-0.26049046321525876,2.3079607250755285,-0.04794064477252191,1.7440913200723327,1.1304703668340097,1.0669703101625172,82,-13.407055112400291,-11.888323965651834,-14.306165609584214,-12.146319198149577,-12.883569951757407,-12.926286767508666,0.8743848962437454,11,9.552847530515459,14.391995207719726,0.4122225255570301,12.926286767508666,1.1304703668340097,n500__absolute_error__boostrap_false
782.7134074687958,2.318921292891424,4.287451982498169,0.3513743343516306,False,absolute_error,24,1.0,2,8,500,"{'bootstrap': False, 'criterion': 'absolute_error', 'max_depth': 24, 'max_features': 1.0, 'min_samples_leaf': 2, 'min_samples_split': 8, 'n_estimators': 500}",-9.240303533675627,-9.43717923100212,-9.89319909365559,-9.462322988852064,-9.470985533453886,-9.500798076127857,0.21365974946203412,40,-14.070124356770284,-14.58525964643692,-15.066532556712488,-13.88113798175693,-14.292187542832401,-14.379048416901805,0.4161853436813991,24,-0.41256418000604045,-0.38994853163790494,-0.43111782477341387,-0.39228683338354925,-0.43309222423146476,-0.41180191880647465,0.018359583112657257,29,1.971016309272123,-0.20320587344838034,2.3889592145015106,0.017707140705031287,1.7875292344786018,1.1924012051017772,1.0695602072140722,63,-13.58736456808199,-11.839989906832297,-14.244549404344781,-12.083033794162827,-12.997826026443981,-12.950552739973176,0.9020122352974681,17,9.500798076127857,14.379048416901805,0.41180191880647465,12.950552739973176,1.1924012051017772,n500__absolute_error__boostrap_false
707.70637550354,7.734562085566256,4.740714454650879,0.19704940741463964,False,absolute_error,24,1.0,3,2,500,"{'bootstrap': False, 'criterion': 'absolute_error', 'max_depth': 24, 'max_features': 1.0, 'min_samples_leaf': 3, 'min_samples_split': 2, 'n_estimators': 500}",-9.255548474781033,-9.440601877081443,-9.907167673716012,-9.439760168725519,-9.491796865581675,-9.506975011977136,0.21564928677521433,41,-14.070795401753044,-14.575205744278232,-15.05650282273601,-13.83712572936069,-14.324677528073824,-14.372861445240357,0.4216365947467019,19,-0.41618846270009063,-0.38813200121102026,-0.4244712990936556,-0.39228683338354925,-0.43248945147679324,-0.41071360957302183,0.017566504747837067,13,1.9135218967079433,-0.2401380563124431,2.3067936555891237,-0.016124133775233595,1.795660036166366,1.1519426796751513,1.0611620584647448,76,-13.418284470246736,-11.852235569422776,-14.387264056939502,-12.01115514592934,-13.049401393728223,-12.943668127253314,0.9360785109714537,15,9.506975011977136,14.372861445240357,0.41071360957302183,12.943668127253314,1.1519426796751513,n500__absolute_error__boostrap_false
705.734245300293,5.014010503006136,4.9313380241394045,0.088116896128453,False,absolute_error,24,1.0,3,4,500,"{'bootstrap': False, 'criterion': 'absolute_error', 'max_depth': 24, 'max_features': 1.0, 'min_samples_leaf': 3, 'min_samples_split': 4, 'n_estimators': 500}",-9.255548474781033,-9.440601877081443,-9.907167673716012,-9.439760168725519,-9.491796865581675,-9.506975011977136,0.21564928677521433,41,-14.070795401753044,-14.575205744278232,-15.05650282273601,-13.83712572936069,-14.324677528073824,-14.372861445240357,0.4216365947467019,19,-0.41618846270009063,-0.38813200121102026,-0.4244712990936556,-0.39228683338354925,-0.43248945147679324,-0.41071360957302183,0.017566504747837067,13,1.9135218967079433,-0.2401380563124431,2.3067936555891237,-0.016124133775233595,1.795660036166366,1.1519426796751513,1.0611620584647448,76,-13.418284470246736,-11.852235569422776,-14.387264056939502,-12.01115514592934,-13.049401393728223,-12.943668127253314,0.9360785109714537,15,9.506975011977136,14.372861445240357,0.41071360957302183,12.943668127253314,1.1519426796751513,n500__absolute_error__boostrap_false
698.8737940311432,5.157086990817985,4.811628627777099,0.41119299829536127,False,absolute_error,24,1.0,3,8,500,"{'bootstrap': False, 'criterion': 'absolute_error', 'max_depth': 24, 'max_features': 1.0, 'min_samples_leaf': 3, 'min_samples_split': 8, 'n_estimators': 500}",-9.231314708547266,-9.42344293066909,-9.896407854984895,-9.433149743898765,-9.498480409885472,-9.496559129597099,0.21890821188369017,36,-14.067615874945322,-14.552530328445945,-15.052193544212988,-13.836813219099948,-14.367740631985,-14.375378719737842,0.4181602818522683,22,-0.41256418000604045,-0.3896457765667575,-0.42658610271903324,-0.38987646881590843,-0.4333936106088005,-0.410413227743308,0.018151209176659005,9,1.9841392328601632,-0.22806539509536763,2.3423003021148032,0.010750225971678509,1.808110307414105,1.1834469346530765,1.0716191712113756,71,-13.592374816983895,-11.79966278166278,-14.344944759206797,-12.11140030911901,-13.044251738525729,-12.978526881099643,0.9370011653845328,43,9.496559129597099,14.375378719737842,0.410413227743308,12.978526881099643,1.1834469346530765,n500__absolute_error__boostrap_false
643.5264308452606,4.722028226722639,4.227048587799072,0.17485946576149186,False,absolute_error,24,1.0,4,2,500,"{'bootstrap': False, 'criterion': 'absolute_error', 'max_depth': 24, 'max_features': 1.0, 'min_samples_leaf': 4, 'min_samples_split': 2, 'n_estimators': 500}",-9.216823014195107,-9.393934907659704,-9.862421752265861,-9.390359144320579,-9.42525678119349,-9.457759119926948,0.2151626091415985,15,-14.102646916292187,-14.553610118835419,-15.05273412835598,-13.815957410161097,-14.336146962400557,-14.372219107209048,0.4193806944662365,13,-0.41316822712171547,-0.38570996064184077,-0.4259818731117825,-0.3901777643868635,-0.43248945147679324,-0.4095054553477991,0.018723982074555858,4,2.0455623678646937,-0.235360884044808,2.329902719033233,0.0007273275082858983,1.8052417118746231,1.1892146484472055,1.0822114020477969,64,-13.629297514619884,-11.872358712715855,-14.310848936170215,-12.034369111969111,-12.983551916376307,-12.966085238370274,0.9287494456790165,31,9.457759119926948,14.372219107209048,0.4095054553477991,12.966085238370274,1.1892146484472055,n500__absolute_error__boostrap_false
643.0305300712586,6.102413748980809,4.734788322448731,0.11996212732646559,False,absolute_error,24,1.0,4,4,500,"{'bootstrap': False, 'criterion': 'absolute_error', 'max_depth': 24, 'max_features': 1.0, 'min_samples_leaf': 4, 'min_samples_split': 4, 'n_estimators': 500}",-9.216823014195107,-9.393934907659704,-9.862421752265861,-9.390359144320579,-9.42525678119349,-9.457759119926948,0.2151626091415985,15,-14.102646916292187,-14.553610118835419,-15.05273412835598,-13.815957410161097,-14.336146962400557,-14.372219107209048,0.4193806944662365,13,-0.41316822712171547,-0.38570996064184077,-0.4259818731117825,-0.3901777643868635,-0.43248945147679324,-0.4095054553477991,0.018723982074555858,4,2.0455623678646937,-0.235360884044808,2.329902719033233,0.0007273275082858983,1.8052417118746231,1.1892146484472055,1.0822114020477969,64,-13.629297514619884,-11.872358712715855,-14.310848936170215,-12.034369111969111,-12.983551916376307,-12.966085238370274,0.9287494456790165,31,9.457759119926948,14.372219107209048,0.4095054553477991,12.966085238370274,1.1892146484472055,n500__absolute_error__boostrap_false
642.5572683334351,6.352287609113513,5.153217935562134,0.48733442101855884,False,absolute_error,24,1.0,4,8,500,"{'bootstrap': False, 'criterion': 'absolute_error', 'max_depth': 24, 'max_features': 1.0, 'min_samples_leaf': 4, 'min_samples_split': 8, 'n_estimators': 500}",-9.216823014195107,-9.393934907659704,-9.862421752265861,-9.390359144320579,-9.42525678119349,-9.457759119926948,0.2151626091415985,15,-14.102646916292187,-14.553610118835419,-15.05273412835598,-13.815957410161097,-14.336146962400557,-14.372219107209048,0.4193806944662365,13,-0.41316822712171547,-0.38570996064184077,-0.4259818731117825,-0.3901777643868635,-0.43248945147679324,-0.4095054553477991,0.018723982074555858,4,2.0455623678646937,-0.235360884044808,2.329902719033233,0.0007273275082858983,1.8052417118746231,1.1892146484472055,1.0822114020477969,64,-13.629297514619884,-11.872358712715855,-14.310848936170215,-12.034369111969111,-12.983551916376307,-12.966085238370274,0.9287494456790165,31,9.457759119926948,14.372219107209048,0.4095054553477991,12.966085238370274,1.1892146484472055,n500__absolute_error__boostrap_false
881.2404603481293,1.6951091839670167,5.076661109924316,0.16441392147100667,False,absolute_error,26,0.875,1,2,500,"{'bootstrap': False, 'criterion': 'absolute_error', 'max_depth': 26, 'max_features': 0.875, 'min_samples_leaf': 1, 'min_samples_split': 2, 'n_estimators': 500}",-9.38193144065237,-9.613199515591887,-10.105301812688822,-9.679913829466708,-9.599260397830017,-9.675921399245961,0.23690695157740807,95,-14.140089358823229,-14.539865510036693,-15.189670692219318,-13.974492694070992,-14.290775070925573,-14.426978665215163,0.4242742073450137,75,-0.4204167925098158,-0.392067817135937,-0.4323262839879154,-0.3974088580897861,-0.44333936106088007,-0.41711182255686685,0.019726608706621945,82,1.9632343702808819,-0.3380938540720558,2.34938580060423,-0.07588189213618549,1.7220632911392406,1.1241415431632222,1.1082417860567046,87,-13.492760057471264,-11.828445559845559,-14.404268343815515,-12.08331387414708,-12.768236573759348,-12.915404881807754,0.9429281977850995,7,9.675921399245961,14.426978665215163,0.41711182255686685,12.915404881807754,1.1241415431632222,n500__absolute_error__boostrap_false
858.396097278595,4.290634300919526,4.555526351928711,0.17887551471979168,False,absolute_error,26,0.875,1,4,500,"{'bootstrap': False, 'criterion': 'absolute_error', 'max_depth': 26, 'max_features': 0.875, 'min_samples_leaf': 1, 'min_samples_split': 4, 'n_estimators': 500}",-9.400983690727877,-9.618874356645474,-10.140347734138972,-9.694478457366678,-9.632035262206148,-9.69734390021703,0.2426984420501655,96,-14.144463610211522,-14.55319682925211,-15.216864366515942,-13.96155552943318,-14.3514074455705,-14.445497556196651,0.4336542771147971,89,-0.4155844155844156,-0.39146230699364215,-0.43383685800604227,-0.39590238023501056,-0.4412296564195298,-0.4156031234477281,0.019799428882093312,75,1.9632512836001212,-0.29991522858007896,2.391199697885196,-0.05453992166315163,1.7097567811934897,1.1419505224871151,1.1016468233428702,79,-13.672595203488374,-11.902754060324824,-14.442695682451255,-12.174640791476408,-12.852481557377049,-13.00903345902358,0.9423667321326296,66,9.69734390021703,14.445497556196651,0.4156031234477281,13.00903345902358,1.1419505224871151,n500__absolute_error__boostrap_false
835.7534835338593,5.410801984699201,4.8501893997192385,0.13882799667129064,False,absolute_error,26,0.875,1,8,500,"{'bootstrap': False, 'criterion': 'absolute_error', 'max_depth': 26, 'max_features': 0.875, 'min_samples_leaf': 1, 'min_samples_split': 8, 'n_estimators': 500}",-9.372975838115373,-9.567586133817741,-10.076164350453173,-9.630481169026815,-9.59969107896323,-9.649379714075266,0.23154288316830787,94,-14.162520797025698,-14.508479981750874,-15.18693792476,-13.933408661627176,-14.336634828860433,-14.425596438804837,0.42564828421413775,74,-0.41709453337360314,-0.39146230699364215,-0.43323262839879156,-0.39620367580596566,-0.4412296564195298,-0.41584456019830646,0.01963959811143859,76,2.0193968589549987,-0.2548486224644261,2.4539425981873113,-0.017879180476047106,1.817116636528029,1.203545658145973,1.1157389971815932,60,-13.656823316437364,-11.894807424593967,-14.461176429567644,-12.130884410646388,-12.937489071038252,-13.016236130456724,0.9535046429156538,67,9.649379714075266,14.425596438804837,0.41584456019830646,13.016236130456724,1.203545658145973,n500__absolute_error__boostrap_false
700.5487620830536,7.851281276241184,4.882692432403564,0.20528504267098735,False,absolute_error,26,0.875,2,2,500,"{'bootstrap': False, 'criterion': 'absolute_error', 'max_depth': 26, 'max_features': 0.875, 'min_samples_leaf': 2, 'min_samples_split': 2, 'n_estimators': 500}",-9.334571730594986,-9.515328489252195,-10.040894561933534,-9.637282313949985,-9.57470946353225,-9.62055731185259,0.2332063517529007,88,-14.082520224714488,-14.466905770802882,-15.100289398089108,-13.945450135026643,-14.257624689224443,-14.370558043571512,0.40453113497779664,9,-0.41618846270009063,-0.3911595519224947,-0.43051359516616317,-0.3910816510997288,-0.4345991561181435,-0.41270848340132416,0.01865695653719419,45,1.8481301721534282,-0.35744838026036935,2.283443202416918,-0.1072172341066583,1.6605599758890899,1.0654935472184817,1.081669063016207,93,-13.434661103047898,-11.7060673374613,-14.313529122807019,-12.184239599383668,-12.92601386962552,-12.91290220646508,0.9188644749534862,5,9.62055731185259,14.370558043571512,0.41270848340132416,12.91290220646508,1.0654935472184817,n500__absolute_error__boostrap_false
700.4269142150879,4.029739489681299,4.50831880569458,0.27726447531733134,False,absolute_error,26,0.875,2,4,500,"{'bootstrap': False, 'criterion': 'absolute_error', 'max_depth': 26, 'max_features': 0.875, 'min_samples_leaf': 2, 'min_samples_split': 4, 'n_estimators': 500}",-9.334571730594986,-9.515328489252195,-10.040894561933534,-9.637282313949985,-9.57470946353225,-9.62055731185259,0.2332063517529007,88,-14.082520224714488,-14.466905770802882,-15.100289398089108,-13.945450135026643,-14.257624689224443,-14.370558043571512,0.40453113497779664,9,-0.41618846270009063,-0.3911595519224947,-0.43051359516616317,-0.3910816510997288,-0.4345991561181435,-0.41270848340132416,0.01865695653719419,45,1.8481301721534282,-0.35744838026036935,2.283443202416918,-0.1072172341066583,1.6605599758890899,1.0654935472184817,1.081669063016207,93,-13.434661103047898,-11.7060673374613,-14.313529122807019,-12.184239599383668,-12.92601386962552,-12.91290220646508,0.9188644749534862,5,9.62055731185259,14.370558043571512,0.41270848340132416,12.91290220646508,1.0654935472184817,n500__absolute_error__boostrap_false
691.9940899848938,6.013941961601772,4.7569441318511965,0.2549631963137908,False,absolute_error,26,0.875,2,8,500,"{'bootstrap': False, 'criterion': 'absolute_error', 'max_depth': 26, 'max_features': 0.875, 'min_samples_leaf': 2, 'min_samples_split': 8, 'n_estimators': 500}",-9.298517668378134,-9.508332425068119,-9.98273746223565,-9.519100331425127,-9.563326401446654,-9.574402857710735,0.22378388964003984,76,-14.077622937503422,-14.524865107544738,-15.1202574902846,-13.865237016399686,-14.342717874077099,-14.386140085161909,0.4304837563021193,34,-0.41467834491090305,-0.3884347562821677,-0.43111782477341387,-0.39168424224163906,-0.4382157926461724,-0.41282619217085925,0.020122476472129936,47,1.963432195711266,-0.3269942476536487,2.351905438066465,-0.036107261223259995,1.7906959011452683,1.148586405209218,1.104997041470708,78,-13.579139111434817,-11.818378799688231,-14.30541976173791,-12.105405384615384,-12.954830123796423,-12.952634636254553,0.9194426551920789,18,9.574402857710735,14.386140085161909,0.41282619217085925,12.952634636254553,1.148586405209218,n500__absolute_error__boostrap_false
621.34590716362,2.976046824563722,4.759185647964477,0.18126760854725354,False,absolute_error,26,0.875,3,2,500,"{'bootstrap': False, 'criterion': 'absolute_error', 'max_depth': 26, 'max_features': 0.875, 'min_samples_leaf': 3, 'min_samples_split': 2, 'n_estimators': 500}",-9.320986710963455,-9.51815834090221,-9.961248036253776,-9.506932811087678,-9.541547317661243,-9.569774643373673,0.21097723722182612,74,-14.12546179722627,-14.492615349246563,-15.048502844894893,-13.852620439384815,-14.336802531555373,-14.371200592461582,0.40099277837869485,11,-0.4155844155844156,-0.3884347562821677,-0.42658610271903324,-0.39198553781259415,-0.4361060880048222,-0.41173938008060657,0.0187737353817946,27,1.9836143159166413,-0.3310018165304266,2.3301513595166163,-0.0439463693883697,1.7274581072935504,1.1332551193616023,1.0989631734642666,80,-13.600848110465115,-11.82586827747467,-14.406703966005665,-12.070581091468101,-12.92002764340014,-12.964805817762738,0.9573339787875365,25,9.569774643373673,14.371200592461582,0.41173938008060657,12.964805817762738,1.1332551193616023,n500__absolute_error__boostrap_false
619.2463629245758,2.7859878836431364,4.62217345237732,0.37024746714032786,False,absolute_error,26,0.875,3,4,500,"{'bootstrap': False, 'criterion': 'absolute_error', 'max_depth': 26, 'max_features': 0.875, 'min_samples_leaf': 3, 'min_samples_split': 4, 'n_estimators': 500}",-9.320986710963455,-9.51815834090221,-9.961248036253776,-9.506932811087678,-9.541547317661243,-9.569774643373673,0.21097723722182612,74,-14.12546179722627,-14.492615349246563,-15.048502844894893,-13.852620439384815,-14.336802531555373,-14.371200592461582,0.40099277837869485,11,-0.4155844155844156,-0.3884347562821677,-0.42658610271903324,-0.39198553781259415,-0.4361060880048222,-0.41173938008060657,0.0187737353817946,27,1.9836143159166413,-0.3310018165304266,2.3301513595166163,-0.0439463693883697,1.7274581072935504,1.1332551193616023,1.0989631734642666,80,-13.600848110465115,-11.82586827747467,-14.406703966005665,-12.070581091468101,-12.92002764340014,-12.964805817762738,0.9573339787875365,25,9.569774643373673,14.371200592461582,0.41173938008060657,12.964805817762738,1.1332551193616023,n500__absolute_error__boostrap_false
614.1298788547516,4.846657555937896,4.256304740905762,0.4110780866645516,False,absolute_error,26,0.875,3,8,500,"{'bootstrap': False, 'criterion': 'absolute_error', 'max_depth': 26, 'max_features': 0.875, 'min_samples_leaf': 3, 'min_samples_split': 8, 'n_estimators': 500}",-9.279659015403201,-9.490799273387829,-9.972512084592145,-9.518114191021391,-9.539323990355635,-9.560081710952039,0.22615389146690354,71,-14.101377435594486,-14.492494238369304,-15.095357039165359,-13.879003253900608,-14.341521215486926,-14.381950636503337,0.41339581809485315,31,-0.41498036846874053,-0.3887375113533152,-0.427190332326284,-0.3883699909611329,-0.4370102471368294,-0.4112576900492604,0.01980861852395033,16,1.9822576260948352,-0.3016052073872241,2.371353172205438,-0.04144652003615558,1.7825476190476193,1.1586213379849026,1.105513787221926,75,-13.569216157205242,-11.819278816199379,-14.447734794908063,-12.20056633048875,-12.95378275862069,-12.998115771484425,0.9439553016589267,58,9.560081710952039,14.381950636503337,0.4112576900492604,12.998115771484425,1.1586213379849026,n500__absolute_error__boostrap_false
563.0030704975128,4.634236558375162,4.241070985794067,0.4469788050771792,False,absolute_error,26,0.875,4,2,500,"{'bootstrap': False, 'criterion': 'absolute_error', 'max_depth': 26, 'max_features': 0.875, 'min_samples_leaf': 4, 'min_samples_split': 2, 'n_estimators': 500}",-9.263372697070372,-9.446542234332425,-9.936023564954683,-9.443739078035552,-9.49540867992767,-9.517017250864141,0.22392195060919814,53,-14.10511733920792,-14.501714217054527,-15.110645963526686,-13.83927983455999,-14.347724358462758,-14.380896342562377,0.4284003615907287,26,-0.4155844155844156,-0.3875264910687254,-0.42779456193353477,-0.3907803555287737,-0.43670886075949367,-0.41167893697498864,0.019603849445200237,21,2.0730767139836908,-0.299965183166818,2.4035474320241694,-0.07034106658632104,1.8318517179023508,1.1876339228314143,1.1377981666266057,67,-13.639165697674418,-11.801228125,-14.422309322033897,-11.993179645335388,-12.968892339544514,-12.964955025917643,0.9876299678506102,27,9.517017250864141,14.380896342562377,0.41167893697498864,12.964955025917643,1.1876339228314143,n500__absolute_error__boostrap_false
558.9625008583068,7.304410441397635,4.66868109703064,0.2306435272364213,False,absolute_error,26,0.875,4,4,500,"{'bootstrap': False, 'criterion': 'absolute_error', 'max_depth': 26, 'max_features': 0.875, 'min_samples_leaf': 4, 'min_samples_split': 4, 'n_estimators': 500}",-9.263372697070372,-9.446542234332425,-9.936023564954683,-9.443739078035552,-9.49540867992767,-9.517017250864141,0.22392195060919814,53,-14.10511733920792,-14.501714217054527,-15.110645963526686,-13.83927983455999,-14.347724358462758,-14.380896342562377,0.4284003615907287,26,-0.4155844155844156,-0.3875264910687254,-0.42779456193353477,-0.3907803555287737,-0.43670886075949367,-0.41167893697498864,0.019603849445200237,21,2.0730767139836908,-0.299965183166818,2.4035474320241694,-0.07034106658632104,1.8318517179023508,1.1876339228314143,1.1377981666266057,67,-13.639165697674418,-11.801228125,-14.422309322033897,-11.993179645335388,-12.968892339544514,-12.964955025917643,0.9876299678506102,27,9.517017250864141,14.380896342562377,0.41167893697498864,12.964955025917643,1.1876339228314143,n500__absolute_error__boostrap_false
560.1097831249238,5.23527071523618,4.674560403823852,0.30788434928809316,False,absolute_error,26,0.875,4,8,500,"{'bootstrap': False, 'criterion': 'absolute_error', 'max_depth': 26, 'max_features': 0.875, 'min_samples_leaf': 4, 'min_samples_split': 8, 'n_estimators': 500}",-9.263372697070372,-9.446542234332425,-9.936023564954683,-9.443739078035552,-9.49540867992767,-9.517017250864141,0.22392195060919814,53,-14.10511733920792,-14.501714217054527,-15.110645963526686,-13.83927983455999,-14.347724358462758,-14.380896342562377,0.4284003615907287,26,-0.4155844155844156,-0.3875264910687254,-0.42779456193353477,-0.3907803555287737,-0.43670886075949367,-0.41167893697498864,0.019603849445200237,21,2.0730767139836908,-0.299965183166818,2.4035474320241694,-0.07034106658632104,1.8318517179023508,1.1876339228314143,1.1377981666266057,67,-13.639165697674418,-11.801228125,-14.422309322033897,-11.993179645335388,-12.968892339544514,-12.964955025917643,0.9876299678506102,27,9.517017250864141,14.380896342562377,0.41167893697498864,12.964955025917643,1.1876339228314143,n500__absolute_error__boostrap_false
1008.9984645366669,6.241132999478834,4.756133365631103,0.2906167792700777,False,absolute_error,26,1.0,1,2,500,"{'bootstrap': False, 'criterion': 'absolute_error', 'max_depth': 26, 'max_features': 1.0, 'min_samples_leaf': 1, 'min_samples_split': 2, 'n_estimators': 500}",-9.3472120205376,-9.561879503481682,-10.03435589123867,-9.64314793612534,-9.607224231464738,-9.638763916569605,0.22289939562155858,92,-14.105795281279477,-14.60897448587385,-15.126752699985733,-13.969461479387947,-14.337797272022737,-14.42975624370995,0.41065841428131344,77,-0.41618846270009063,-0.3908567968513473,-0.4326283987915408,-0.3983127448026514,-0.4397227245328511,-0.41554182553569624,0.018885321631432347,74,1.9118994261552404,-0.3024856191341207,2.28293836858006,-0.01509852365170214,1.6850210970464135,1.1124549497991782,1.0592835830404599,89,-13.526457910014512,-11.844995352439968,-14.235420391061453,-12.086042360060514,-12.840188485263878,-12.906620899768066,0.8893500115925042,2,9.638763916569605,14.42975624370995,0.41554182553569624,12.906620899768066,1.1124549497991782,n500__absolute_error__boostrap_false
975.476303768158,8.78778708047557,4.8457917213439945,0.37641661265509074,False,absolute_error,26,1.0,1,4,500,"{'bootstrap': False, 'criterion': 'absolute_error', 'max_depth': 26, 'max_features': 1.0, 'min_samples_leaf': 1, 'min_samples_split': 4, 'n_estimators': 500}",-9.357138930836605,-9.572431728731456,-10.050376435045317,-9.611781259415485,-9.583999095840868,-9.635145489973947,0.22662711286156076,90,-14.119047828629725,-14.592431288122519,-15.152347400346438,-13.9456831099604,-14.352299874475154,-14.432361900306848,0.42081663694468996,79,-0.4204167925098158,-0.38813200121102026,-0.4335347432024169,-0.39680626694787585,-0.43731163351416513,-0.41524028747705877,0.01961275058569179,71,1.9302896405919667,-0.2338195579775957,2.3482537764350453,0.00043025007532392616,1.7573782399035562,1.160506469805659,1.0629663787447499,74,-13.424093390804597,-12.030201248049922,-14.29946550522648,-12.111970387243735,-12.967157133011717,-12.96657753286729,0.847710488690502,34,9.635145489973947,14.432361900306848,0.41524028747705877,12.96657753286729,1.160506469805659,n500__absolute_error__boostrap_false
952.8583343029022,7.54947878104854,4.7370093822479244,0.4966286459736688,False,absolute_error,26,1.0,1,8,500,"{'bootstrap': False, 'criterion': 'absolute_error', 'max_depth': 26, 'max_features': 1.0, 'min_samples_leaf': 1, 'min_samples_split': 8, 'n_estimators': 500}",-9.337159468438538,-9.54082046624281,-10.034256193353475,-9.591937631816814,-9.561556962025316,-9.61314614437539,0.22884255159512276,86,-14.125006366441342,-14.57667169693473,-15.163864395590426,-13.946801927420912,-14.324576385852286,-14.42738415444794,0.42371003217593944,76,-0.41679250981576565,-0.392067817135937,-0.43293051359516616,-0.3952997890931003,-0.4376130198915009,-0.414940729906294,0.018708451746772548,70,1.9272011476895199,-0.1527562821677258,2.357882779456193,0.024095510695993097,1.777613622664256,1.1868073556676473,1.0406711521740808,70,-13.51315144927536,-11.972500386100386,-14.311926029309143,-12.162962652439026,-12.95570523415978,-12.98324915025674,0.8650341456258543,46,9.61314614437539,14.42738415444794,0.414940729906294,12.98324915025674,1.1868073556676473,n500__absolute_error__boostrap_false
802.3069228172302,5.455367157752107,4.657221746444702,0.3848569609511137,False,absolute_error,26,1.0,2,2,500,"{'bootstrap': False, 'criterion': 'absolute_error', 'max_depth': 26, 'max_features': 1.0, 'min_samples_leaf': 2, 'min_samples_split': 2, 'n_estimators': 500}",-9.319329809725158,-9.531043596730246,-9.994140483383685,-9.61723681831877,-9.577810427968656,-9.607912227225302,0.21879393511571854,84,-14.063169511659941,-14.598666469598664,-15.083040338902324,-13.938854248116161,-14.360908718682852,-14.408927857391987,0.408228428249055,60,-0.41618846270009063,-0.38449894035725096,-0.42930513595166164,-0.3904790599578186,-0.4361060880048222,-0.41131553739432886,0.020568087541004733,17,1.802963757173059,-0.32950923402967075,2.2502885196374627,-0.1519882494727327,1.6709834237492465,1.048547643411473,1.0715482531838076,95,-13.362087808417996,-11.965617322834646,-14.260752990851513,-12.120046296296296,-12.896854872149271,-12.921071858109945,0.8419456500173716,8,9.607912227225302,14.408927857391987,0.41131553739432886,12.921071858109945,1.048547643411473,n500__absolute_error__boostrap_false
801.3683607578278,5.296269379924497,5.0036872863769535,0.4734621055367495,False,absolute_error,26,1.0,2,4,500,"{'bootstrap': False, 'criterion': 'absolute_error', 'max_depth': 26, 'max_features': 1.0, 'min_samples_leaf': 2, 'min_samples_split': 4, 'n_estimators': 500}",-9.319329809725158,-9.531043596730246,-9.994140483383685,-9.61723681831877,-9.577810427968656,-9.607912227225302,0.21879393511571854,84,-14.063169511659941,-14.598666469598664,-15.083040338902324,-13.938854248116161,-14.360908718682852,-14.408927857391987,0.408228428249055,60,-0.41618846270009063,-0.38449894035725096,-0.42930513595166164,-0.3904790599578186,-0.4361060880048222,-0.41131553739432886,0.020568087541004733,17,1.802963757173059,-0.32950923402967075,2.2502885196374627,-0.1519882494727327,1.6709834237492465,1.048547643411473,1.0715482531838076,95,-13.362087808417996,-11.965617322834646,-14.260752990851513,-12.120046296296296,-12.896854872149271,-12.921071858109945,0.8419456500173716,8,9.607912227225302,14.408927857391987,0.41131553739432886,12.921071858109945,1.048547643411473,n500__absolute_error__boostrap_false
792.7940289497376,4.491278737822172,4.68551721572876,0.6060636738615468,False,absolute_error,26,1.0,2,8,500,"{'bootstrap': False, 'criterion': 'absolute_error', 'max_depth': 26, 'max_features': 1.0, 'min_samples_leaf': 2, 'min_samples_split': 8, 'n_estimators': 500}",-9.2444469948656,-9.483616712079927,-9.894622658610272,-9.477562217535402,-9.473129596142254,-9.514675635846691,0.2104525573580981,47,-14.019876319062595,-14.571762684693473,-15.01465346186046,-13.87098024686932,-14.275164146512832,-14.350487371799735,0.40865234579074333,1,-0.4173965569314407,-0.3890402664244626,-0.42628398791540784,-0.39138294667068396,-0.4333936106088005,-0.41149947371015905,0.01812071374627495,20,1.8914213228631829,-0.3279891008174387,2.3059894259818723,-0.08042753841518539,1.7506865581675708,1.1079361335560003,1.089623635689479,90,-13.33967438494935,-11.766940856031127,-14.310427356484762,-12.005038491147037,-12.948755910987481,-12.874167399919951,0.9237357350977359,1,9.514675635846691,14.350487371799735,0.41149947371015905,12.874167399919951,1.1079361335560003,n500__absolute_error__boostrap_false
712.4282009601593,6.769588634876092,4.488000440597534,0.17632643376288923,False,absolute_error,26,1.0,3,2,500,"{'bootstrap': False, 'criterion': 'absolute_error', 'max_depth': 26, 'max_features': 1.0, 'min_samples_leaf': 3, 'min_samples_split': 2, 'n_estimators': 500}",-9.307122319540923,-9.47881562216167,-9.943298489425985,-9.460401325700513,-9.53694454490657,-9.54531646034713,0.21299257016323128,64,-14.084109024721286,-14.56766363645892,-15.025046635796343,-13.81992556812978,-14.336337444181545,-14.366616461857575,0.4131702953025196,3,-0.4143763213530655,-0.3869209809264305,-0.4268882175226586,-0.3901777643868635,-0.4318866787221218,-0.41004999258222796,0.018487511649612553,7,1.8474678344910904,-0.3271425976385109,2.2475504531722055,-0.10841337752335056,1.7041916817359855,1.072730798847484,1.0708789504671197,91,-13.459492711370261,-11.826281690140844,-14.278736730360936,-11.984265637065636,-13.013988136775996,-12.912552981142733,0.9184326765480673,3,9.54531646034713,14.366616461857575,0.41004999258222796,12.912552981142733,1.072730798847484,n500__absolute_error__boostrap_false
713.2786668300629,7.936074594061013,4.744578695297241,0.19489488105650452,False,absolute_error,26,1.0,3,4,500,"{'bootstrap': False, 'criterion': 'absolute_error', 'max_depth': 26, 'max_features': 1.0, 'min_samples_leaf': 3, 'min_samples_split': 4, 'n_estimators': 500}",-9.307122319540923,-9.47881562216167,-9.943298489425985,-9.460401325700513,-9.53694454490657,-9.54531646034713,0.21299257016323128,64,-14.084109024721286,-14.56766363645892,-15.025046635796343,-13.81992556812978,-14.336337444181545,-14.366616461857575,0.4131702953025196,3,-0.4143763213530655,-0.3869209809264305,-0.4268882175226586,-0.3901777643868635,-0.4318866787221218,-0.41004999258222796,0.018487511649612553,7,1.8474678344910904,-0.3271425976385109,2.2475504531722055,-0.10841337752335056,1.7041916817359855,1.072730798847484,1.0708789504671197,91,-13.459492711370261,-11.826281690140844,-14.278736730360936,-11.984265637065636,-13.013988136775996,-12.912552981142733,0.9184326765480673,3,9.54531646034713,14.366616461857575,0.41004999258222796,12.912552981142733,1.072730798847484,n500__absolute_error__boostrap_false
707.8197936534882,5.637740421524855,4.320238971710205,0.34792393474196226,False,absolute_error,26,1.0,3,8,500,"{'bootstrap': False, 'criterion': 'absolute_error', 'max_depth': 26, 'max_features': 1.0, 'min_samples_leaf': 3, 'min_samples_split': 8, 'n_estimators': 500}",-9.276675022651768,-9.470453224341508,-9.936935649546827,-9.464986140403735,-9.510330620855937,-9.531876131559955,0.21813393710253698,58,-14.070009494580658,-14.57574812110992,-15.07039683707394,-13.83821021179847,-14.319607177405038,-14.374794368393603,0.4261706718272012,21,-0.41407429779522803,-0.3854072055706933,-0.427190332326284,-0.39138294667068396,-0.4358047016274864,-0.4107718967980752,0.01962860740485798,15,1.8837411658109329,-0.27518649712382703,2.29568912386707,-0.06112835191322708,1.724817661241712,1.113586620376532,1.0651529257287324,88,-13.476345003646973,-11.929287509819325,-14.317534653465346,-12.01362740569669,-12.89011825726141,-12.92538256597795,0.9018196545973172,10,9.531876131559955,14.374794368393603,0.4107718967980752,12.92538256597795,1.113586620376532,n500__absolute_error__boostrap_false
617.7003754615783,32.848313607496834,3.84179105758667,0.4675039001054152,False,absolute_error,26,1.0,4,2,500,"{'bootstrap': False, 'criterion': 'absolute_error', 'max_depth': 26, 'max_features': 1.0, 'min_samples_leaf': 4, 'min_samples_split': 2, 'n_estimators': 500}",-9.227122621564481,-9.45485225552528,-9.872801510574018,-9.401524254293461,-9.47399547920434,-9.486059224232317,0.21207702856675067,30,-14.071274272644791,-14.576816127068403,-15.053056655350243,-13.804127164032188,-14.358229021268082,-14.372700648072742,0.4286934848919985,16,-0.4098459679855029,-0.3848016954283984,-0.427190332326284,-0.38806869539017774,-0.4321880650994575,-0.4084189512459641,0.019448802449334276,1,1.9541627906976742,-0.3139645776566756,2.2878776435045314,-0.0597050316360349,1.7764795057263407,1.128970066127167,1.0897969677174522,84,-13.640838614591011,-11.877400472069239,-14.233326732673266,-12.036295807453415,-13.015716875871687,-12.960715700531726,0.907001121232303,20,9.486059224232317,14.372700648072742,0.4084189512459641,12.960715700531726,1.128970066127167,n500__absolute_error__boostrap_false
544.282623243332,24.418934334876532,2.205070447921753,0.568499088799403,False,absolute_error,26,1.0,4,4,500,"{'bootstrap': False, 'criterion': 'absolute_error', 'max_depth': 26, 'max_features': 1.0, 'min_samples_leaf': 4, 'min_samples_split': 4, 'n_estimators': 500}",-9.227122621564481,-9.45485225552528,-9.872801510574018,-9.401524254293461,-9.47399547920434,-9.486059224232317,0.21207702856675067,30,-14.071274272644791,-14.576816127068403,-15.053056655350243,-13.804127164032188,-14.358229021268082,-14.372700648072742,0.4286934848919985,16,-0.4098459679855029,-0.3848016954283984,-0.427190332326284,-0.38806869539017774,-0.4321880650994575,-0.4084189512459641,0.019448802449334276,1,1.9541627906976742,-0.3139645776566756,2.2878776435045314,-0.0597050316360349,1.7764795057263407,1.128970066127167,1.0897969677174522,84,-13.640838614591011,-11.877400472069239,-14.233326732673266,-12.036295807453415,-13.015716875871687,-12.960715700531726,0.907001121232303,20,9.486059224232317,14.372700648072742,0.4084189512459641,12.960715700531726,1.128970066127167,n500__absolute_error__boostrap_false
435.3019076824188,40.29391586548434,0.5365944862365722,0.46383671486265343,False,absolute_error,26,1.0,4,8,500,"{'bootstrap': False, 'criterion': 'absolute_error', 'max_depth': 26, 'max_features': 1.0, 'min_samples_leaf': 4, 'min_samples_split': 8, 'n_estimators': 500}",-9.227122621564481,-9.45485225552528,-9.872801510574018,-9.401524254293461,-9.47399547920434,-9.486059224232317,0.21207702856675067,30,-14.071274272644791,-14.576816127068403,-15.053056655350243,-13.804127164032188,-14.358229021268082,-14.372700648072742,0.4286934848919985,16,-0.4098459679855029,-0.3848016954283984,-0.427190332326284,-0.38806869539017774,-0.4321880650994575,-0.4084189512459641,0.019448802449334276,1,1.9541627906976742,-0.3139645776566756,2.2878776435045314,-0.0597050316360349,1.7764795057263407,1.128970066127167,1.0897969677174522,84,-13.640838614591011,-11.877400472069239,-14.233326732673266,-12.036295807453415,-13.015716875871687,-12.960715700531726,0.907001121232303,20,9.486059224232317,14.372700648072742,0.4084189512459641,12.960715700531726,1.128970066127167,n500__absolute_error__boostrap_false
