mean_fit_time,std_fit_time,mean_score_time,std_score_time,param_bootstrap,param_criterion,param_max_depth,param_max_features,param_max_samples,param_min_samples_leaf,param_min_samples_split,param_n_estimators,params,split0_test_MAE,split1_test_MAE,split2_test_MAE,split3_test_MAE,split4_test_MAE,mean_test_MAE,std_test_MAE,rank_test_MAE,split0_test_RMSE,split1_test_RMSE,split2_test_RMSE,split3_test_RMSE,split4_test_RMSE,mean_test_RMSE,std_test_RMSE,rank_test_RMSE,split0_test_overestimation_rate,split1_test_overestimation_rate,split2_test_overestimation_rate,split3_test_overestimation_rate,split4_test_overestimation_rate,mean_test_overestimation_rate,std_test_overestimation_rate,rank_test_overestimation_rate,split0_test_mean_signed_error,split1_test_mean_signed_error,split2_test_mean_signed_error,split3_test_mean_signed_error,split4_test_mean_signed_error,mean_test_mean_signed_error,std_test_mean_signed_error,rank_test_mean_signed_error,split0_test_mean_overestimation,split1_test_mean_overestimation,split2_test_mean_overestimation,split3_test_mean_overestimation,split4_test_mean_overestimation,mean_test_mean_overestimation,std_test_mean_overestimation,rank_test_mean_overestimation,mean_MAE,mean_RMSE,overestimation_rate,mean_overstimation,mean_signed_error,chunk_id
498.8269419670105,4.295669294545271,3.5962213039398194,0.35750132344249275,True,absolute_error,20,0.875,0.85,1,2,500,"{'bootstrap': True, 'criterion': 'absolute_error', 'max_depth': 20, 'max_features': 0.875, 'max_samples': 0.85, 'min_samples_leaf': 1, 'min_samples_split': 2, 'n_estimators': 500}",-9.544639383871942,-9.679592188919164,-10.23738429003021,-9.84473516119313,-9.668221820373718,-9.794914568877633,0.24093547585521755,45,-14.352656889162114,-14.542188963395734,-15.373592021636783,-14.17959116321378,-14.383360738625456,-14.566277955206772,0.41975126550469777,95,-0.4294774992449411,-0.39539812291855886,-0.44108761329305135,-0.3980114492316963,-0.45087402049427366,-0.4229697410365042,0.02250496602759972,90,2.379971307762006,-0.264103239479262,2.589229607250755,0.05780476047002103,1.9966684749849302,1.35191418219769,1.2074593587473765,4,-13.882695499296764,-11.906339969372128,-14.539757534246577,-12.440018925056775,-12.935864304812835,-13.140935246557016,0.9554554248547754,96,9.794914568877633,14.566277955206772,0.4229697410365042,13.140935246557016,1.35191418219769,n500__absolute_error__boostrap_true__samples_0.85
497.43853278160094,3.106133090267798,2.887445259094238,0.8627950645764648,True,absolute_error,20,0.875,0.85,1,4,500,"{'bootstrap': True, 'criterion': 'absolute_error', 'max_depth': 20, 'max_features': 0.875, 'max_samples': 0.85, 'min_samples_leaf': 1, 'min_samples_split': 4, 'n_estimators': 500}",-9.585524614919963,-9.714761126248865,-10.272715709969788,-9.826584814703224,-9.687180530440024,-9.817353359256373,0.24027267366599464,55,-14.366665925340131,-14.531691915032194,-15.410593571059705,-14.143468406601851,-14.386126519427377,-14.567709267492253,0.439345473800775,96,-0.4312896405919662,-0.4017559794126552,-0.44018126888217524,-0.40132570051220245,-0.4523809523809524,-0.42538670835599024,0.02059007668502898,95,2.382927816369677,-0.21265273993339384,2.6166353474320236,0.053122928592949765,2.012849608197709,1.3705765921317932,1.2026912590957173,2,-13.875191176470588,-11.825721175584023,-14.64095813315031,-12.30884009009009,-12.931612258494336,-13.11646456675787,1.0249090569704533,95,9.817353359256373,14.567709267492253,0.42538670835599024,13.11646456675787,1.3705765921317932,n500__absolute_error__boostrap_true__samples_0.85
491.8365438938141,1.532353189123034,2.1502826690673826,0.5895453209129284,True,absolute_error,20,0.875,0.85,1,8,500,"{'bootstrap': True, 'criterion': 'absolute_error', 'max_depth': 20, 'max_features': 0.875, 'max_samples': 0.85, 'min_samples_leaf': 1, 'min_samples_split': 8, 'n_estimators': 500}",-9.582631833282996,-9.679528610354224,-10.21909244712991,-9.76082916541127,-9.689947257383967,-9.786405862712474,0.2236616696991955,39,-14.387962412816856,-14.471483427921337,-15.362542769785032,-14.099782784947633,-14.426493771773385,-14.549653033448848,0.42675414741801515,87,-0.4303835699184536,-0.3984256736300333,-0.44290030211480363,-0.40132570051220245,-0.45479204339963836,-0.42556545791502626,0.02236979238071363,96,2.3748982180610088,-0.22004450499545833,2.591442296072507,0.09886893642663439,2.1084523809523814,1.3907234653034146,1.199076480363768,1,-13.89171298245614,-11.871077507598784,-14.462097544338334,-12.283910660660661,-12.9712027833002,-13.096000295670825,0.9669415911885333,92,9.786405862712474,14.549653033448848,0.42556545791502626,13.096000295670825,1.3907234653034146,n500__absolute_error__boostrap_true__samples_0.85
396.9768448352814,19.82989595214864,4.381638288497925,1.8177361984298421,True,absolute_error,20,0.875,0.85,2,2,500,"{'bootstrap': True, 'criterion': 'absolute_error', 'max_depth': 20, 'max_features': 0.875, 'max_samples': 0.85, 'min_samples_leaf': 2, 'min_samples_split': 2, 'n_estimators': 500}",-9.565180912111144,-9.687312745988496,-10.24858580060423,-9.79697469117204,-9.684600361663653,-9.796530902307913,0.2376273122286341,47,-14.3126802677343,-14.458006051896287,-15.322082969714518,-14.080257164324024,-14.343001686338948,-14.503205628001615,0.42742337821119986,47,-0.4303835699184536,-0.3999394489857705,-0.43474320241691844,-0.3977101536607412,-0.4472573839662447,-0.42200675178962566,0.019734605217928136,80,2.2532950770160065,-0.3597777777777771,2.4350891238670695,-0.10224013257005123,1.8570138637733578,1.2166760308617213,1.1994906009844526,14,-13.730166315789475,-11.661183951551854,-14.58754829742877,-12.18819090909091,-12.902653638814016,-13.013948622535006,1.050087458331976,68,9.796530902307913,14.503205628001615,0.42200675178962566,13.013948622535006,1.2166760308617213,n500__absolute_error__boostrap_true__samples_0.85
399.85417199134827,0.5325595633306838,2.5163393020629883,0.6534656739819387,True,absolute_error,20,0.875,0.85,2,4,500,"{'bootstrap': True, 'criterion': 'absolute_error', 'max_depth': 20, 'max_features': 0.875, 'max_samples': 0.85, 'min_samples_leaf': 2, 'min_samples_split': 4, 'n_estimators': 500}",-9.565180912111144,-9.687312745988496,-10.24858580060423,-9.79697469117204,-9.684600361663653,-9.796530902307913,0.2376273122286341,47,-14.3126802677343,-14.458006051896287,-15.322082969714518,-14.080257164324024,-14.343001686338948,-14.503205628001615,0.42742337821119986,47,-0.4303835699184536,-0.3999394489857705,-0.43474320241691844,-0.3977101536607412,-0.4472573839662447,-0.42200675178962566,0.019734605217928136,80,2.2532950770160065,-0.3597777777777771,2.4350891238670695,-0.10224013257005123,1.8570138637733578,1.2166760308617213,1.1994906009844526,14,-13.730166315789475,-11.661183951551854,-14.58754829742877,-12.18819090909091,-12.902653638814016,-13.013948622535006,1.050087458331976,68,9.796530902307913,14.503205628001615,0.42200675178962566,13.013948622535006,1.2166760308617213,n500__absolute_error__boostrap_true__samples_0.85
396.6702875614166,1.5798804976175937,3.674120616912842,0.39591554400674317,True,absolute_error,20,0.875,0.85,2,8,500,"{'bootstrap': True, 'criterion': 'absolute_error', 'max_depth': 20, 'max_features': 0.875, 'max_samples': 0.85, 'min_samples_leaf': 2, 'min_samples_split': 8, 'n_estimators': 500}",-9.533466928420417,-9.711343929760824,-10.177187915407854,-9.747178366978005,-9.66590717299578,-9.767016862712577,0.21748658579696925,32,-14.30621410157012,-14.527914958033499,-15.295140620353076,-14.07213244960124,-14.369963658440705,-14.514273157599728,0.41702333294883864,63,-0.42917547568710357,-0.40024220405691796,-0.43474320241691844,-0.3937933112383248,-0.4475587703435805,-0.42110259274856904,0.02065003475529699,77,2.271566596194504,-0.336734786557675,2.4591323262839873,-0.027352515818017856,1.918069921639542,1.2569363083484681,1.1917242033118352,7,-13.75315482054891,-11.711170196671711,-14.533085476025018,-12.341278500382556,-12.941291582491582,-13.055996115223957,1.0000358383783932,87,9.767016862712577,14.514273157599728,0.42110259274856904,13.055996115223957,1.2569363083484681,n500__absolute_error__boostrap_true__samples_0.85
346.84852781295774,17.27935812697309,6.184472608566284,0.20320253041613975,True,absolute_error,20,0.875,0.85,3,2,500,"{'bootstrap': True, 'criterion': 'absolute_error', 'max_depth': 20, 'max_features': 0.875, 'max_samples': 0.85, 'min_samples_leaf': 3, 'min_samples_split': 2, 'n_estimators': 500}",-9.55564361220175,-9.656953678474116,-10.188782175226585,-9.750418800843628,-9.666456901748042,-9.763651033698824,0.22136381446772466,30,-14.341501350037237,-14.427427629807097,-15.333420395320722,-14.087641028401595,-14.369653368284615,-14.511928754370254,0.4269184503497346,61,-0.427061310782241,-0.3957008779897063,-0.43383685800604227,-0.3931907200964146,-0.445750452079566,-0.419108043790794,0.021021957196079605,62,2.2415155542132283,-0.4530929458068414,2.470848640483384,-0.11313106357336526,1.8367552742616031,1.1965790919156016,1.229816178176525,21,-13.812020509193777,-11.629820964039785,-14.59031267409471,-12.255232950191573,-12.903197430696418,-13.038116905643253,1.0604382587164132,79,9.763651033698824,14.511928754370254,0.419108043790794,13.038116905643253,1.1965790919156016,n500__absolute_error__boostrap_true__samples_0.85
349.0400825023651,1.4165774796596937,2.9863242626190187,0.11858802053288538,True,absolute_error,20,0.875,0.85,3,4,500,"{'bootstrap': True, 'criterion': 'absolute_error', 'max_depth': 20, 'max_features': 0.875, 'max_samples': 0.85, 'min_samples_leaf': 3, 'min_samples_split': 4, 'n_estimators': 500}",-9.55564361220175,-9.656953678474116,-10.188782175226585,-9.750418800843628,-9.666456901748042,-9.763651033698824,0.22136381446772466,30,-14.341501350037237,-14.427427629807097,-15.333420395320722,-14.087641028401595,-14.369653368284615,-14.511928754370254,0.4269184503497346,61,-0.427061310782241,-0.3957008779897063,-0.43383685800604227,-0.3931907200964146,-0.445750452079566,-0.419108043790794,0.021021957196079605,62,2.2415155542132283,-0.4530929458068414,2.470848640483384,-0.11313106357336526,1.8367552742616031,1.1965790919156016,1.229816178176525,21,-13.812020509193777,-11.629820964039785,-14.59031267409471,-12.255232950191573,-12.903197430696418,-13.038116905643253,1.0604382587164132,79,9.763651033698824,14.511928754370254,0.419108043790794,13.038116905643253,1.1965790919156016,n500__absolute_error__boostrap_true__samples_0.85
347.5552092075348,2.8406253437460163,3.3532858371734617,0.49088081232515096,True,absolute_error,20,0.875,0.85,3,8,500,"{'bootstrap': True, 'criterion': 'absolute_error', 'max_depth': 20, 'max_features': 0.875, 'max_samples': 0.85, 'min_samples_leaf': 3, 'min_samples_split': 8, 'n_estimators': 500}",-9.506212020537603,-9.650637602179836,-10.191445015105739,-9.73262097017174,-9.677436106088004,-9.751670342816585,0.23226397290344222,23,-14.290603034332337,-14.443831126723877,-15.33275776022816,-14.076819213106399,-14.40372561274078,-14.50954734942631,0.43090195994189706,56,-0.42917547568710357,-0.394792612776264,-0.43383685800604227,-0.39198553781259415,-0.4478601567209162,-0.41953012820058405,0.022230406612725497,67,2.234764119601329,-0.36619618528610365,2.4403157099697883,-0.11545073817414891,1.96193098251959,1.231072777726091,1.2139367539970953,13,-13.678526389866292,-11.758631134969326,-14.558192200557102,-12.267251345119139,-12.994421265141318,-13.051404467130634,0.9952986759759026,86,9.751670342816585,14.50954734942631,0.41953012820058405,13.051404467130634,1.231072777726091,n500__absolute_error__boostrap_true__samples_0.85
318.90279016494753,12.171530008165833,5.295906925201416,1.167619158727475,True,absolute_error,20,0.875,0.85,4,2,500,"{'bootstrap': True, 'criterion': 'absolute_error', 'max_depth': 20, 'max_features': 0.875, 'max_samples': 0.85, 'min_samples_leaf': 4, 'min_samples_split': 2, 'n_estimators': 500}",-9.526059196617336,-9.621946715107478,-10.160550453172204,-9.722269960831575,-9.623165461121157,-9.730798357369952,0.22365654102564095,11,-14.332997471613977,-14.441758102038964,-15.328490640700878,-14.115418961560428,-14.365392037661914,-14.516811442715232,0.42006843740410027,71,-0.42826940501359106,-0.39297608234937936,-0.4314199395770393,-0.38987646881590843,-0.4484629294755877,-0.4182009650463011,0.02293675241143621,54,2.2729519782543037,-0.37289676052073867,2.419729305135952,-0.16604880988249465,1.8937507534659435,1.2094972932905932,1.2214661854280369,18,-13.775220733427362,-11.767955315870571,-14.580086134453783,-12.25544744976816,-12.840432795698923,-13.043828485843761,1.0184094454990835,83,9.730798357369952,14.516811442715232,0.4182009650463011,13.043828485843761,1.2094972932905932,n500__absolute_error__boostrap_true__samples_0.85
311.2702425956726,4.999150225333314,5.912166929244995,1.7028397923287795,True,absolute_error,20,0.875,0.85,4,4,500,"{'bootstrap': True, 'criterion': 'absolute_error', 'max_depth': 20, 'max_features': 0.875, 'max_samples': 0.85, 'min_samples_leaf': 4, 'min_samples_split': 4, 'n_estimators': 500}",-9.526059196617336,-9.621946715107478,-10.160550453172204,-9.722269960831575,-9.623165461121157,-9.730798357369952,0.22365654102564095,11,-14.332997471613977,-14.441758102038964,-15.328490640700878,-14.115418961560428,-14.365392037661914,-14.516811442715232,0.42006843740410027,71,-0.42826940501359106,-0.39297608234937936,-0.4314199395770393,-0.38987646881590843,-0.4484629294755877,-0.4182009650463011,0.02293675241143621,54,2.2729519782543037,-0.37289676052073867,2.419729305135952,-0.16604880988249465,1.8937507534659435,1.2094972932905932,1.2214661854280369,18,-13.775220733427362,-11.767955315870571,-14.580086134453783,-12.25544744976816,-12.840432795698923,-13.043828485843761,1.0184094454990835,83,9.730798357369952,14.516811442715232,0.4182009650463011,13.043828485843761,1.2094972932905932,n500__absolute_error__boostrap_true__samples_0.85
319.8269435405731,2.3351286375442606,4.451031494140625,0.461395930565288,True,absolute_error,20,0.875,0.85,4,8,500,"{'bootstrap': True, 'criterion': 'absolute_error', 'max_depth': 20, 'max_features': 0.875, 'max_samples': 0.85, 'min_samples_leaf': 4, 'min_samples_split': 8, 'n_estimators': 500}",-9.526059196617336,-9.621946715107478,-10.160550453172204,-9.722269960831575,-9.623165461121157,-9.730798357369952,0.22365654102564095,11,-14.332997471613977,-14.441758102038964,-15.328490640700878,-14.115418961560428,-14.365392037661914,-14.516811442715232,0.42006843740410027,71,-0.42826940501359106,-0.39297608234937936,-0.4314199395770393,-0.38987646881590843,-0.4484629294755877,-0.4182009650463011,0.02293675241143621,54,2.2729519782543037,-0.37289676052073867,2.419729305135952,-0.16604880988249465,1.8937507534659435,1.2094972932905932,1.2214661854280369,18,-13.775220733427362,-11.767955315870571,-14.580086134453783,-12.25544744976816,-12.840432795698923,-13.043828485843761,1.0184094454990835,83,9.730798357369952,14.516811442715232,0.4182009650463011,13.043828485843761,1.2094972932905932,n500__absolute_error__boostrap_true__samples_0.85
563.4690010070801,5.253541205750282,5.677139616012573,0.6605262085413117,True,absolute_error,20,1.0,0.85,1,2,500,"{'bootstrap': True, 'criterion': 'absolute_error', 'max_depth': 20, 'max_features': 1.0, 'max_samples': 0.85, 'min_samples_leaf': 1, 'min_samples_split': 2, 'n_estimators': 500}",-9.507150709755361,-9.669895549500453,-10.174564652567977,-9.695897258210305,-9.63973206751055,-9.737448047508929,0.22801140805683195,17,-14.322513398708216,-14.615751886105118,-15.336904090364499,-14.088695009129095,-14.385824208826877,-14.549937718626762,0.4277960909921749,88,-0.4294774992449411,-0.3981229185588859,-0.4362537764350453,-0.40072310937029226,-0.4496684749849307,-0.4228491557188191,0.020218028645000028,88,2.2961564482029604,-0.17129125037844373,2.5417362537764348,0.09567550467008136,1.9186627486437617,1.336187940982959,1.14241216624539,6,-13.741473277074542,-11.929235741444865,-14.574430747922436,-12.217379699248118,-12.852129356568366,-13.062929764451667,0.9787451541730905,88,9.737448047508929,14.549937718626762,0.4228491557188191,13.062929764451667,1.336187940982959,n500__absolute_error__boostrap_true__samples_0.85
546.3344533920288,4.967107493503422,4.682463359832764,0.7611985482820001,True,absolute_error,20,1.0,0.85,1,4,500,"{'bootstrap': True, 'criterion': 'absolute_error', 'max_depth': 20, 'max_features': 1.0, 'max_samples': 0.85, 'min_samples_leaf': 1, 'min_samples_split': 4, 'n_estimators': 500}",-9.505789489580186,-9.678571904329397,-10.186766767371603,-9.770313949984937,-9.603718806509946,-9.749032183555213,0.2355046140186583,19,-14.28633745640049,-14.632166032332998,-15.36712543237611,-14.1417790900749,-14.355404006763727,-14.556562403589647,0.4354904711200639,93,-0.4288734521292661,-0.3984256736300333,-0.4389728096676737,-0.3980114492316963,-0.44816154309825196,-0.4224889855513843,0.02073523979549774,86,2.3303977650256713,-0.15139418710263405,2.5473353474320244,0.10592588128954518,1.934310126582278,1.353314986645377,1.1435086364459672,3,-13.79916056338028,-11.956028875379939,-14.504431520991051,-12.406979560938685,-12.87262273032952,-13.107844650203896,0.9275336526012831,94,9.749032183555213,14.556562403589647,0.4224889855513843,13.107844650203896,1.353314986645377,n500__absolute_error__boostrap_true__samples_0.85
535.2198935508728,1.2479830738568982,3.9099309921264647,0.4230800843201775,True,absolute_error,20,1.0,0.85,1,8,500,"{'bootstrap': True, 'criterion': 'absolute_error', 'max_depth': 20, 'max_features': 1.0, 'max_samples': 0.85, 'min_samples_leaf': 1, 'min_samples_split': 8, 'n_estimators': 500}",-9.515337360314104,-9.672535573720861,-10.185493655589124,-9.702134076529074,-9.633809523809523,-9.741862037992536,0.23073025684569698,18,-14.296170888792087,-14.61118921752393,-15.33889828657591,-14.049676562762162,-14.373911901980026,-14.533969371526823,0.44058585984294774,78,-0.4279673814557535,-0.3981229185588859,-0.4377643504531722,-0.40132570051220245,-0.4448462929475588,-0.4220053287855145,0.01899273031226181,79,2.2993832678948958,-0.16037208598243988,2.5141951661631423,0.1303064175956613,1.9608034960819773,1.3488632523506472,1.131249724614293,5,-13.803295695130558,-11.946264638783271,-14.50516563146998,-12.249951201201203,-13.032156504065037,-13.10736673413001,0.9515392715801848,93,9.741862037992536,14.533969371526823,0.4220053287855145,13.10736673413001,1.3488632523506472,n500__absolute_error__boostrap_true__samples_0.85
445.46564121246337,11.990093215178081,5.43432092666626,0.40585632454905174,True,absolute_error,20,1.0,0.85,2,2,500,"{'bootstrap': True, 'criterion': 'absolute_error', 'max_depth': 20, 'max_features': 1.0, 'max_samples': 0.85, 'min_samples_leaf': 2, 'min_samples_split': 2, 'n_estimators': 500}",-9.485520084566597,-9.649132909476233,-10.183141087613294,-9.702419403434769,-9.654871609403255,-9.73501701889883,0.23576508335665688,15,-14.245025361729876,-14.558826059206224,-15.286551985254398,-14.02394843369674,-14.417920931407826,-14.506454554259012,0.4290198964704745,51,-0.4213228631833283,-0.3926733272782319,-0.4323262839879154,-0.39620367580596566,-0.4448462929475588,-0.41747448864060005,0.020259055092705442,43,2.129956810631229,-0.3324771419921291,2.382791842900302,-0.10561675203374542,1.8454719710669076,1.184025346114513,1.1603702533923907,23,-13.784531899641577,-11.863112567463377,-14.532927323549966,-12.110946007604563,-12.92619918699187,-13.043543397050271,1.0044155454155954,81,9.73501701889883,14.506454554259012,0.41747448864060005,13.043543397050271,1.184025346114513,n500__absolute_error__boostrap_true__samples_0.85
438.9844416618347,3.9864342092297806,5.1216514110565186,0.8555233509934613,True,absolute_error,20,1.0,0.85,2,4,500,"{'bootstrap': True, 'criterion': 'absolute_error', 'max_depth': 20, 'max_features': 1.0, 'max_samples': 0.85, 'min_samples_leaf': 2, 'min_samples_split': 4, 'n_estimators': 500}",-9.485520084566597,-9.649132909476233,-10.183141087613294,-9.702419403434769,-9.654871609403255,-9.73501701889883,0.23576508335665688,15,-14.245025361729876,-14.558826059206224,-15.286551985254398,-14.02394843369674,-14.417920931407826,-14.506454554259012,0.4290198964704745,51,-0.4213228631833283,-0.3926733272782319,-0.4323262839879154,-0.39620367580596566,-0.4448462929475588,-0.41747448864060005,0.020259055092705442,43,2.129956810631229,-0.3324771419921291,2.382791842900302,-0.10561675203374542,1.8454719710669076,1.184025346114513,1.1603702533923907,23,-13.784531899641577,-11.863112567463377,-14.532927323549966,-12.110946007604563,-12.92619918699187,-13.043543397050271,1.0044155454155954,81,9.73501701889883,14.506454554259012,0.41747448864060005,13.043543397050271,1.184025346114513,n500__absolute_error__boostrap_true__samples_0.85
432.818955373764,1.597685900354775,3.9266809463500976,0.21288596031829649,True,absolute_error,20,1.0,0.85,2,8,500,"{'bootstrap': True, 'criterion': 'absolute_error', 'max_depth': 20, 'max_features': 1.0, 'max_samples': 0.85, 'min_samples_leaf': 2, 'min_samples_split': 8, 'n_estimators': 500}",-9.525237692540017,-9.630442022403875,-10.1422166163142,-9.700162699608315,-9.612162145871007,-9.722044235347482,0.21735753294020108,7,-14.315666772766736,-14.560952978044476,-15.279956816789788,-14.053547873254324,-14.3894057634789,-14.519906040866847,0.4136655592538589,75,-0.4237390516460284,-0.39721465334544354,-0.43323262839879156,-0.3983127448026514,-0.44695599758890897,-0.41989101515636473,0.01952003298792274,70,2.2135252189670798,-0.2731650015137751,2.3854848942598186,-0.03036999096113253,1.873450271247739,1.233785078399946,1.145815111662825,10,-13.851405559515324,-11.778615091463413,-14.458400278940026,-12.138442511346446,-12.848706001348619,-13.015113888522766,1.0107059836904524,70,9.722044235347482,14.519906040866847,0.41989101515636473,13.015113888522766,1.233785078399946,n500__absolute_error__boostrap_true__samples_0.85
388.7188477039337,8.445120809869671,5.191032886505127,0.119894150393494,True,absolute_error,20,1.0,0.85,3,2,500,"{'bootstrap': True, 'criterion': 'absolute_error', 'max_depth': 20, 'max_features': 1.0, 'max_samples': 0.85, 'min_samples_leaf': 3, 'min_samples_split': 2, 'n_estimators': 500}",-9.511624584717609,-9.613761126248864,-10.15224078549849,-9.648088580897861,-9.621915611814345,-9.709526137835434,0.22617798261466424,5,-14.250369119944448,-14.51222736547272,-15.293219751342093,-14.020984462962497,-14.371159521051379,-14.489592044154628,0.4329380520761755,31,-0.42464512231954094,-0.392067817135937,-0.43202416918429004,-0.3934920156673697,-0.445750452079566,-0.4175959152773408,0.021369256161129058,47,2.0995043793415884,-0.3721232213139574,2.396022658610272,-0.07187345586019865,1.7719204339963834,1.1646901589548175,1.1532277223107021,29,-13.67156756756757,-11.785764478764479,-14.522640559440559,-12.168245788667686,-12.780509803921568,-12.98574563967237,0.9982765400823577,48,9.709526137835434,14.489592044154628,0.4175959152773408,12.98574563967237,1.1646901589548175,n500__absolute_error__boostrap_true__samples_0.85
377.17005496025087,3.785978094811211,5.002469491958618,0.6701516655389382,True,absolute_error,20,1.0,0.85,3,4,500,"{'bootstrap': True, 'criterion': 'absolute_error', 'max_depth': 20, 'max_features': 1.0, 'max_samples': 0.85, 'min_samples_leaf': 3, 'min_samples_split': 4, 'n_estimators': 500}",-9.511624584717609,-9.613761126248864,-10.15224078549849,-9.648088580897861,-9.621915611814345,-9.709526137835434,0.22617798261466424,5,-14.250369119944448,-14.51222736547272,-15.293219751342093,-14.020984462962497,-14.371159521051379,-14.489592044154628,0.4329380520761755,31,-0.42464512231954094,-0.392067817135937,-0.43202416918429004,-0.3934920156673697,-0.445750452079566,-0.4175959152773408,0.021369256161129058,47,2.0995043793415884,-0.3721232213139574,2.396022658610272,-0.07187345586019865,1.7719204339963834,1.1646901589548175,1.1532277223107021,29,-13.67156756756757,-11.785764478764479,-14.522640559440559,-12.168245788667686,-12.780509803921568,-12.98574563967237,0.9982765400823577,48,9.709526137835434,14.489592044154628,0.4175959152773408,12.98574563967237,1.1646901589548175,n500__absolute_error__boostrap_true__samples_0.85
373.37563676834105,1.5888403898706382,4.13279709815979,0.11687603648604195,True,absolute_error,20,1.0,0.85,3,8,500,"{'bootstrap': True, 'criterion': 'absolute_error', 'max_depth': 20, 'max_features': 1.0, 'max_samples': 0.85, 'min_samples_leaf': 3, 'min_samples_split': 8, 'n_estimators': 500}",-9.451567200241618,-9.661112624886467,-10.128547734138973,-9.642996083157577,-9.591429475587702,-9.695130623602466,0.22882425376200477,4,-14.216429243088403,-14.62196134568174,-15.249055928709764,-13.989573230303126,-14.333231706078871,-14.482050290772381,0.4343058643686343,16,-0.4237390516460284,-0.3911595519224947,-0.43172205438066463,-0.39258812895450435,-0.44665461121157324,-0.417172679623053,0.02193202581574132,41,2.1326526729084874,-0.326817741447169,2.3663773413897284,-0.08386562217535393,1.8289400241109102,1.1834573349573205,1.149256952755764,25,-13.66904918032787,-11.931569659442724,-14.471029391182645,-12.174502686108982,-12.784340755735492,-13.006098334559542,0.9466642957775411,62,9.695130623602466,14.482050290772381,0.417172679623053,13.006098334559542,1.1834573349573205,n500__absolute_error__boostrap_true__samples_0.85
344.27733879089357,7.547452863372887,4.247535324096679,0.2825716681458295,True,absolute_error,20,1.0,0.85,4,2,500,"{'bootstrap': True, 'criterion': 'absolute_error', 'max_depth': 20, 'max_features': 1.0, 'max_samples': 0.85, 'min_samples_leaf': 4, 'min_samples_split': 2, 'n_estimators': 500}",-9.470866505587438,-9.598677263094157,-10.090303927492448,-9.61818921361856,-9.574208860759494,-9.67044915411042,0.21598877938803096,1,-14.255230393509347,-14.572756980448206,-15.255459068449033,-13.993200488308448,-14.356446029048795,-14.486618591952766,0.4271960486211063,25,-0.4216248867411658,-0.39358159249167424,-0.4299093655589124,-0.3928894245254595,-0.44424352019288726,-0.4164497579020199,0.020290285937413874,27,2.1303264874660224,-0.3370835603996369,2.3475818731117823,-0.09091714371798738,1.827772453285111,1.1755360219490583,1.1491431846697493,26,-13.75771848137536,-11.765786153846154,-14.465706957132818,-12.124622699386505,-12.833030529172321,-12.989372964182632,1.0039240561327059,51,9.67044915411042,14.486618591952766,0.4164497579020199,12.989372964182632,1.1755360219490583,n500__absolute_error__boostrap_true__samples_0.85
330.71301794052124,5.557941750002279,5.068103504180908,0.20043909530790435,True,absolute_error,20,1.0,0.85,4,4,500,"{'bootstrap': True, 'criterion': 'absolute_error', 'max_depth': 20, 'max_features': 1.0, 'max_samples': 0.85, 'min_samples_leaf': 4, 'min_samples_split': 4, 'n_estimators': 500}",-9.470866505587438,-9.598677263094157,-10.090303927492448,-9.61818921361856,-9.574208860759494,-9.67044915411042,0.21598877938803096,1,-14.255230393509347,-14.572756980448206,-15.255459068449033,-13.993200488308448,-14.356446029048795,-14.486618591952766,0.4271960486211063,25,-0.4216248867411658,-0.39358159249167424,-0.4299093655589124,-0.3928894245254595,-0.44424352019288726,-0.4164497579020199,0.020290285937413874,27,2.1303264874660224,-0.3370835603996369,2.3475818731117823,-0.09091714371798738,1.827772453285111,1.1755360219490583,1.1491431846697493,26,-13.75771848137536,-11.765786153846154,-14.465706957132818,-12.124622699386505,-12.833030529172321,-12.989372964182632,1.0039240561327059,51,9.67044915411042,14.486618591952766,0.4164497579020199,12.989372964182632,1.1755360219490583,n500__absolute_error__boostrap_true__samples_0.85
328.94375309944155,2.919949718831435,4.29244556427002,0.4646803600329081,True,absolute_error,20,1.0,0.85,4,8,500,"{'bootstrap': True, 'criterion': 'absolute_error', 'max_depth': 20, 'max_features': 1.0, 'max_samples': 0.85, 'min_samples_leaf': 4, 'min_samples_split': 8, 'n_estimators': 500}",-9.470866505587438,-9.598677263094157,-10.090303927492448,-9.61818921361856,-9.574208860759494,-9.67044915411042,0.21598877938803096,1,-14.255230393509347,-14.572756980448206,-15.255459068449033,-13.993200488308448,-14.356446029048795,-14.486618591952766,0.4271960486211063,25,-0.4216248867411658,-0.39358159249167424,-0.4299093655589124,-0.3928894245254595,-0.44424352019288726,-0.4164497579020199,0.020290285937413874,27,2.1303264874660224,-0.3370835603996369,2.3475818731117823,-0.09091714371798738,1.827772453285111,1.1755360219490583,1.1491431846697493,26,-13.75771848137536,-11.765786153846154,-14.465706957132818,-12.124622699386505,-12.833030529172321,-12.989372964182632,1.0039240561327059,51,9.67044915411042,14.486618591952766,0.4164497579020199,12.989372964182632,1.1755360219490583,n500__absolute_error__boostrap_true__samples_0.85
461.85851483345033,1.8757899297665206,4.577088212966919,0.131154393257453,True,absolute_error,22,0.875,0.85,1,2,500,"{'bootstrap': True, 'criterion': 'absolute_error', 'max_depth': 22, 'max_features': 0.875, 'max_samples': 0.85, 'min_samples_leaf': 1, 'min_samples_split': 2, 'n_estimators': 500}",-9.604776200543643,-9.739496821071754,-10.31122749244713,-9.849388671286532,-9.691968053044002,-9.839371447678612,0.24879152056345666,68,-14.356029477351168,-14.540765780400712,-15.403505424645049,-14.159276108939876,-14.315588380121781,-14.555033034291716,0.44128644977496884,90,-0.42826940501359106,-0.4020587344838026,-0.43716012084592143,-0.3998192226574269,-0.45207956600361665,-0.4238774098008717,0.020228359351957114,93,2.26682392026578,-0.33745927944293086,2.454958006042296,-0.058749924676107186,1.8713911995177817,1.2393927843413641,1.191996012417599,9,-13.859967559943584,-11.692368222891567,-14.601269523151345,-12.243831951770911,-12.789075333333331,-13.037302518218146,1.0604556659546287,78,9.839371447678612,14.555033034291716,0.4238774098008717,13.037302518218146,1.2393927843413641,n500__absolute_error__boostrap_true__samples_0.85
451.4247152328491,1.994079024043552,4.967231607437133,0.3779619192864838,True,absolute_error,22,0.875,0.85,1,4,500,"{'bootstrap': True, 'criterion': 'absolute_error', 'max_depth': 22, 'max_features': 0.875, 'max_samples': 0.85, 'min_samples_leaf': 1, 'min_samples_split': 4, 'n_estimators': 500}",-9.631070371488976,-9.736954586739328,-10.318053474320243,-9.88084483278096,-9.735772754671489,-9.8605392040002,0.24216828681821134,77,-14.359881288308616,-14.522188292033762,-15.400241997284473,-14.152063352191266,-14.363209367643371,-14.5595168594923,0.43649090082473463,94,-0.43068559347629115,-0.39872842870118075,-0.440785498489426,-0.4025308827960229,-0.45147679324894513,-0.42484143934237323,0.020868442661152124,94,2.2298991241316823,-0.33764184075083253,2.4927024169184286,-0.0964416993070201,1.8698878842676312,1.231681177051978,1.2017159853572064,12,-13.769870266479662,-11.786609719058466,-14.531734749828649,-12.153605538922156,-12.852997997329775,-13.018963654323741,1.0146351675879597,72,9.8605392040002,14.5595168594923,0.42484143934237323,13.018963654323741,1.231681177051978,n500__absolute_error__boostrap_true__samples_0.85
439.0119272232056,1.5264723611742013,4.289280891418457,0.2194889123343464,True,absolute_error,22,0.875,0.85,1,8,500,"{'bootstrap': True, 'criterion': 'absolute_error', 'max_depth': 22, 'max_features': 0.875, 'max_samples': 0.85, 'min_samples_leaf': 1, 'min_samples_split': 8, 'n_estimators': 500}",-9.627123527635156,-9.740992431123221,-10.316963141993957,-9.861248267550465,-9.709190174804098,-9.85110350862138,0.2447688663720497,72,-14.366420851995375,-14.530393602140355,-15.410108446716949,-14.124821327908718,-14.343908260910206,-14.55513049793432,0.4465403347089865,91,-0.43008154636061613,-0.3957008779897063,-0.43716012084592143,-0.3983127448026514,-0.45328511151295964,-0.4229080803023709,0.022461102760723526,89,2.235080640289943,-0.3122222222222218,2.517888821752266,-0.05524404941247357,1.8783679927667272,1.2527742366348482,1.1930577592655902,8,-13.79064536516854,-11.914012241775056,-14.679806496199033,-12.309428139183057,-12.781754654255318,-13.095129379316202,1.0104961059791737,91,9.85110350862138,14.55513049793432,0.4229080803023709,13.095129379316202,1.2527742366348482,n500__absolute_error__boostrap_true__samples_0.85
370.1499486923218,5.29524490000943,4.855773830413819,0.14429051993886108,True,absolute_error,22,0.875,0.85,2,2,500,"{'bootstrap': True, 'criterion': 'absolute_error', 'max_depth': 22, 'max_features': 0.875, 'max_samples': 0.85, 'min_samples_leaf': 2, 'min_samples_split': 2, 'n_estimators': 500}",-9.593415584415585,-9.770124129579171,-10.255512688821753,-9.868946670683941,-9.757185955394817,-9.849037005779053,0.22164162253889025,69,-14.28997362711585,-14.521087089233479,-15.275357440796885,-14.102615565336444,-14.3504011514541,-14.50788697478735,0.40637866237807274,53,-0.4234370280881909,-0.39691189827429607,-0.4353474320241692,-0.3952997890931003,-0.4472573839662447,-0.4196507062892002,0.020653680747791947,68,2.054604349139233,-0.45818770814411147,2.3091809667673715,-0.2434426031937333,1.7495210970464135,1.0823352203230345,1.1854528644343953,49,-13.754134807417973,-11.730482837528605,-14.43065093684941,-12.174942073170731,-12.863630053908356,-12.990768141775016,0.9925770947857179,54,9.849037005779053,14.50788697478735,0.4196507062892002,12.990768141775016,1.0823352203230345,n500__absolute_error__boostrap_true__samples_0.85
368.0972322463989,3.036738669361425,4.837474203109741,0.3227608247014965,True,absolute_error,22,0.875,0.85,2,4,500,"{'bootstrap': True, 'criterion': 'absolute_error', 'max_depth': 22, 'max_features': 0.875, 'max_samples': 0.85, 'min_samples_leaf': 2, 'min_samples_split': 4, 'n_estimators': 500}",-9.593415584415585,-9.770124129579171,-10.255512688821753,-9.868946670683941,-9.757185955394817,-9.849037005779053,0.22164162253889025,69,-14.28997362711585,-14.521087089233479,-15.275357440796885,-14.102615565336444,-14.3504011514541,-14.50788697478735,0.40637866237807274,53,-0.4234370280881909,-0.39691189827429607,-0.4353474320241692,-0.3952997890931003,-0.4472573839662447,-0.4196507062892002,0.020653680747791947,68,2.054604349139233,-0.45818770814411147,2.3091809667673715,-0.2434426031937333,1.7495210970464135,1.0823352203230345,1.1854528644343953,49,-13.754134807417973,-11.730482837528605,-14.43065093684941,-12.174942073170731,-12.863630053908356,-12.990768141775016,0.9925770947857179,54,9.849037005779053,14.50788697478735,0.4196507062892002,12.990768141775016,1.0823352203230345,n500__absolute_error__boostrap_true__samples_0.85
357.94396939277647,1.826049601787,4.773765420913696,0.18003491296975954,True,absolute_error,22,0.875,0.85,2,8,500,"{'bootstrap': True, 'criterion': 'absolute_error', 'max_depth': 22, 'max_features': 0.875, 'max_samples': 0.85, 'min_samples_leaf': 2, 'min_samples_split': 8, 'n_estimators': 500}",-9.608303835699186,-9.700924916742355,-10.213737160120846,-9.820126242844232,-9.741499698613625,-9.81691837080405,0.20982751190204882,54,-14.352215425229714,-14.49898968130835,-15.281649852483119,-14.085521650903301,-14.376193166279773,-14.518913955240851,0.40451193767360255,74,-0.42615524010872846,-0.39691189827429607,-0.43655589123867067,-0.39258812895450435,-0.44816154309825196,-0.42007454033489033,0.02186092568662728,72,2.16626396858955,-0.46733666363911575,2.39343746223565,-0.19146520036155487,1.746412296564195,1.1294623726777449,1.212256953000446,35,-13.814880935506732,-11.631785659801679,-14.439359169550176,-12.263056792018418,-12.816708809683927,-12.993158273312186,1.0182576437093063,56,9.81691837080405,14.518913955240851,0.42007454033489033,12.993158273312186,1.1294623726777449,n500__absolute_error__boostrap_true__samples_0.85
321.56514716148376,2.9974172427171846,5.036787796020508,0.46187291227710037,True,absolute_error,22,0.875,0.85,3,2,500,"{'bootstrap': True, 'criterion': 'absolute_error', 'max_depth': 22, 'max_features': 0.875, 'max_samples': 0.85, 'min_samples_leaf': 3, 'min_samples_split': 2, 'n_estimators': 500}",-9.601584113560858,-9.733059037238874,-10.229583685800604,-9.831344380837601,-9.69804641350211,-9.818723526188009,0.21818169100002816,56,-14.303395849491215,-14.50693602110925,-15.319627425659776,-14.100858609138458,-14.322180035478391,-14.510599588175419,0.42446730159429047,59,-0.42313500453035335,-0.39691189827429607,-0.43051359516616317,-0.3937933112383248,-0.44816154309825196,-0.41850307046147783,0.020601375844002626,57,2.109607671398369,-0.49970632758098715,2.3591166163141994,-0.23503585417294368,1.743556359252562,1.0955076930422398,1.213270559560421,44,-13.838599571734475,-11.631488939740658,-14.620560701754385,-12.184448355011478,-12.765043039677202,-13.00802812158364,1.0883286045127056,66,9.818723526188009,14.510599588175419,0.41850307046147783,13.00802812158364,1.0955076930422398,n500__absolute_error__boostrap_true__samples_0.85
319.8093943595886,2.7415798328366305,4.870057058334351,0.1249818872500922,True,absolute_error,22,0.875,0.85,3,4,500,"{'bootstrap': True, 'criterion': 'absolute_error', 'max_depth': 22, 'max_features': 0.875, 'max_samples': 0.85, 'min_samples_leaf': 3, 'min_samples_split': 4, 'n_estimators': 500}",-9.601584113560858,-9.733059037238874,-10.229583685800604,-9.831344380837601,-9.69804641350211,-9.818723526188009,0.21818169100002816,56,-14.303395849491215,-14.50693602110925,-15.319627425659776,-14.100858609138458,-14.322180035478391,-14.510599588175419,0.42446730159429047,59,-0.42313500453035335,-0.39691189827429607,-0.43051359516616317,-0.3937933112383248,-0.44816154309825196,-0.41850307046147783,0.020601375844002626,57,2.109607671398369,-0.49970632758098715,2.3591166163141994,-0.23503585417294368,1.743556359252562,1.0955076930422398,1.213270559560421,44,-13.838599571734475,-11.631488939740658,-14.620560701754385,-12.184448355011478,-12.765043039677202,-13.00802812158364,1.0883286045127056,66,9.818723526188009,14.510599588175419,0.41850307046147783,13.00802812158364,1.0955076930422398,n500__absolute_error__boostrap_true__samples_0.85
315.12251076698305,1.8145308239563047,4.647253799438476,0.3143553879437604,True,absolute_error,22,0.875,0.85,3,8,500,"{'bootstrap': True, 'criterion': 'absolute_error', 'max_depth': 22, 'max_features': 0.875, 'max_samples': 0.85, 'min_samples_leaf': 3, 'min_samples_split': 8, 'n_estimators': 500}",-9.577356085774692,-9.70151983045716,-10.216212688821754,-9.771754142814101,-9.677850210970464,-9.788938591767636,0.2225346194724309,40,-14.352775794176045,-14.477104778964199,-15.31077960606903,-14.063403270605312,-14.325259186289443,-14.505864527220808,0.4243917577524266,50,-0.42464512231954094,-0.392067817135937,-0.4287009063444109,-0.3931907200964146,-0.4463532248342375,-0.4169915581461082,0.02119181968732549,37,2.1942470552703113,-0.4318098698153189,2.3500314199395764,-0.22445435372100023,1.812367389993972,1.140076328333508,1.213261119382088,33,-13.860518492176386,-11.82156447876448,-14.656190274841437,-12.140799999999999,-12.871216070222824,-13.070057863201026,1.0585308686244248,90,9.788938591767636,14.505864527220808,0.4169915581461082,13.070057863201026,1.140076328333508,n500__absolute_error__boostrap_true__samples_0.85
289.68998131752016,2.575724538612657,4.59960789680481,0.30244774629330484,True,absolute_error,22,0.875,0.85,4,2,500,"{'bootstrap': True, 'criterion': 'absolute_error', 'max_depth': 22, 'max_features': 0.875, 'max_samples': 0.85, 'min_samples_leaf': 4, 'min_samples_split': 2, 'n_estimators': 500}",-9.563697674418606,-9.679883742052679,-10.193592145015105,-9.72313257005122,-9.64883273056058,-9.761827772419638,0.22210629503032991,27,-14.313048711761207,-14.48555364526777,-15.286846881257004,-14.04426870494737,-14.34686128953162,-14.495315846552995,0.42078979725030335,38,-0.42253095741467833,-0.3896457765667575,-0.43383685800604227,-0.3907803555287737,-0.4451476793248945,-0.41638832536822934,0.02253981231232067,24,2.115395046813652,-0.5082167726309413,2.348983081570997,-0.21261012353118425,1.7652685352622066,1.101763953496946,1.2118464448652344,40,-13.820398856325948,-11.769236985236986,-14.455405292479108,-12.168629144178876,-12.820578199052132,-13.00684969545461,1.0029129113009447,63,9.761827772419638,14.495315846552995,0.41638832536822934,13.00684969545461,1.101763953496946,n500__absolute_error__boostrap_true__samples_0.85
289.5835831642151,3.074927325572862,4.977255582809448,0.4126476633533194,True,absolute_error,22,0.875,0.85,4,4,500,"{'bootstrap': True, 'criterion': 'absolute_error', 'max_depth': 22, 'max_features': 0.875, 'max_samples': 0.85, 'min_samples_leaf': 4, 'min_samples_split': 4, 'n_estimators': 500}",-9.563697674418606,-9.679883742052679,-10.193592145015105,-9.72313257005122,-9.64883273056058,-9.761827772419638,0.22210629503032991,27,-14.313048711761207,-14.48555364526777,-15.286846881257004,-14.04426870494737,-14.34686128953162,-14.495315846552995,0.42078979725030335,38,-0.42253095741467833,-0.3896457765667575,-0.43383685800604227,-0.3907803555287737,-0.4451476793248945,-0.41638832536822934,0.02253981231232067,24,2.115395046813652,-0.5082167726309413,2.348983081570997,-0.21261012353118425,1.7652685352622066,1.101763953496946,1.2118464448652344,40,-13.820398856325948,-11.769236985236986,-14.455405292479108,-12.168629144178876,-12.820578199052132,-13.00684969545461,1.0029129113009447,63,9.761827772419638,14.495315846552995,0.41638832536822934,13.00684969545461,1.101763953496946,n500__absolute_error__boostrap_true__samples_0.85
289.8625664234161,2.897379582557696,4.882100200653076,0.19146522797034185,True,absolute_error,22,0.875,0.85,4,8,500,"{'bootstrap': True, 'criterion': 'absolute_error', 'max_depth': 22, 'max_features': 0.875, 'max_samples': 0.85, 'min_samples_leaf': 4, 'min_samples_split': 8, 'n_estimators': 500}",-9.563697674418606,-9.679883742052679,-10.193592145015105,-9.72313257005122,-9.64883273056058,-9.761827772419638,0.22210629503032991,27,-14.313048711761207,-14.48555364526777,-15.286846881257004,-14.04426870494737,-14.34686128953162,-14.495315846552995,0.42078979725030335,38,-0.42253095741467833,-0.3896457765667575,-0.43383685800604227,-0.3907803555287737,-0.4451476793248945,-0.41638832536822934,0.02253981231232067,24,2.115395046813652,-0.5082167726309413,2.348983081570997,-0.21261012353118425,1.7652685352622066,1.101763953496946,1.2118464448652344,40,-13.820398856325948,-11.769236985236986,-14.455405292479108,-12.168629144178876,-12.820578199052132,-13.00684969545461,1.0029129113009447,63,9.761827772419638,14.495315846552995,0.41638832536822934,13.00684969545461,1.101763953496946,n500__absolute_error__boostrap_true__samples_0.85
529.1857077598572,1.1931470674109692,4.941744709014893,0.17932464185668542,True,absolute_error,22,1.0,0.85,1,2,500,"{'bootstrap': True, 'criterion': 'absolute_error', 'max_depth': 22, 'max_features': 1.0, 'max_samples': 0.85, 'min_samples_leaf': 1, 'min_samples_split': 2, 'n_estimators': 500}",-9.55030987617034,-9.70910535876476,-10.241055287009065,-9.744699005724616,-9.67365943339361,-9.783765792212478,0.23783992565077464,38,-14.2964799663191,-14.622700036130624,-15.355080464687877,-14.072258474197662,-14.382525256653928,-14.545808839597836,0.4413409528607564,85,-0.4294774992449411,-0.39721465334544354,-0.43564954682779455,-0.39921663151551673,-0.4487643158529234,-0.42206452935732386,0.020454467456933682,82,2.2027296889157353,-0.2708353012412956,2.409038368580061,-0.03302199457667963,1.8535744424352016,1.2322970408226044,1.1465499889489519,11,-13.682951476793248,-11.88056631097561,-14.518658113730929,-12.163417358490568,-12.843304902619206,-13.017779632521913,0.974548127403939,71,9.783765792212478,14.545808839597836,0.42206452935732386,13.017779632521913,1.2322970408226044,n500__absolute_error__boostrap_true__samples_0.85
520.8894792079925,2.9040172750110322,4.611515665054322,0.21511251157790412,True,absolute_error,22,1.0,0.85,1,4,500,"{'bootstrap': True, 'criterion': 'absolute_error', 'max_depth': 22, 'max_features': 1.0, 'max_samples': 0.85, 'min_samples_leaf': 1, 'min_samples_split': 4, 'n_estimators': 500}",-9.563553609181517,-9.716365728125945,-10.228523564954683,-9.791723410665863,-9.691368896925859,-9.798307041970775,0.22732748220843332,49,-14.288043701249624,-14.608257399542449,-15.331580867312299,-14.107599281215826,-14.38629442924978,-14.544355135713994,0.4254978887412868,82,-0.427061310782241,-0.40084771419921283,-0.43716012084592143,-0.3995179270864718,-0.45147679324894513,-0.42321277323255846,0.020346184770898727,92,2.1333276955602534,-0.25891310929458083,2.4331060422960724,-0.039697499246761234,1.7954840265220013,1.212661431167397,1.1323186932665177,16,-13.694615983026875,-11.796814954682779,-14.48168417415342,-12.204741327300148,-12.721421228304404,-12.979855533493525,0.9832138221137561,42,9.798307041970775,14.544355135713994,0.42321277323255846,12.979855533493525,1.212661431167397,n500__absolute_error__boostrap_true__samples_0.85
502.42232847213745,3.1615328571652315,5.102065229415894,0.6401811037267299,True,absolute_error,22,1.0,0.85,1,8,500,"{'bootstrap': True, 'criterion': 'absolute_error', 'max_depth': 22, 'max_features': 1.0, 'max_samples': 0.85, 'min_samples_leaf': 1, 'min_samples_split': 8, 'n_estimators': 500}",-9.56373331319843,-9.703463215258855,-10.216642296072505,-9.764490810485086,-9.665211874623267,-9.782708301927629,0.2265682361445965,36,-14.26986898292313,-14.567036546462994,-15.332595517876404,-14.060876095127176,-14.346468671848159,-14.515369162847573,0.43952021493716237,69,-0.4279673814557535,-0.3996366939146231,-0.4350453172205438,-0.400120518228382,-0.4475587703435805,-0.4220657362325766,0.019172106090361747,83,2.1655376019329506,-0.2862794429306697,2.411580664652568,-0.03401536607411869,1.8047386980108497,1.212312431118316,1.1399089425882556,17,-13.703463655610443,-11.78218106060606,-14.513686805555555,-12.159430722891566,-12.813904377104377,-12.9945333243536,1.0010225468979967,57,9.782708301927629,14.515369162847573,0.4220657362325766,12.9945333243536,1.212312431118316,n500__absolute_error__boostrap_true__samples_0.85
424.0657711982727,2.4695142152461593,5.097366762161255,0.22441643706490122,True,absolute_error,22,1.0,0.85,2,2,500,"{'bootstrap': True, 'criterion': 'absolute_error', 'max_depth': 22, 'max_features': 1.0, 'max_samples': 0.85, 'min_samples_leaf': 2, 'min_samples_split': 2, 'n_estimators': 500}",-9.584599516762308,-9.716849227974569,-10.19905921450151,-9.79950798433263,-9.668015069318868,-9.793606202577978,0.21437142371359544,43,-14.273049796409607,-14.585361483144855,-15.258198314348913,-14.08364467265994,-14.350444561480169,-14.510139765608699,0.4071516118495062,57,-0.42253095741467833,-0.3941871026339691,-0.43564954682779455,-0.3956010846640554,-0.44062688366485836,-0.4177191150410712,0.019557008718586528,50,2.0059441256418,-0.44686678776869576,2.280658610271903,-0.16329768002410347,1.6178083182640142,1.0588493172769835,1.1369314808967819,53,-13.715614724803432,-11.758353302611367,-14.323115811373093,-12.179201066260472,-12.806553351573188,-12.95656765132431,0.949328926837811,29,9.793606202577978,14.510139765608699,0.4177191150410712,12.95656765132431,1.0588493172769835,n500__absolute_error__boostrap_true__samples_0.85
423.831587266922,1.3488939363816717,4.669862079620361,0.22945764856172352,True,absolute_error,22,1.0,0.85,2,4,500,"{'bootstrap': True, 'criterion': 'absolute_error', 'max_depth': 22, 'max_features': 1.0, 'max_samples': 0.85, 'min_samples_leaf': 2, 'min_samples_split': 4, 'n_estimators': 500}",-9.584599516762308,-9.716849227974569,-10.19905921450151,-9.79950798433263,-9.668015069318868,-9.793606202577978,0.21437142371359544,43,-14.273049796409607,-14.585361483144855,-15.258198314348913,-14.08364467265994,-14.350444561480169,-14.510139765608699,0.4071516118495062,57,-0.42253095741467833,-0.3941871026339691,-0.43564954682779455,-0.3956010846640554,-0.44062688366485836,-0.4177191150410712,0.019557008718586528,50,2.0059441256418,-0.44686678776869576,2.280658610271903,-0.16329768002410347,1.6178083182640142,1.0588493172769835,1.1369314808967819,53,-13.715614724803432,-11.758353302611367,-14.323115811373093,-12.179201066260472,-12.806553351573188,-12.95656765132431,0.949328926837811,29,9.793606202577978,14.510139765608699,0.4177191150410712,12.95656765132431,1.0588493172769835,n500__absolute_error__boostrap_true__samples_0.85
415.22035508155824,3.2909273582995833,5.010853242874146,0.5686253285313881,True,absolute_error,22,1.0,0.85,2,8,500,"{'bootstrap': True, 'criterion': 'absolute_error', 'max_depth': 22, 'max_features': 1.0, 'max_samples': 0.85, 'min_samples_leaf': 2, 'min_samples_split': 8, 'n_estimators': 500}",-9.527825128360012,-9.68202664244626,-10.17484350453172,-9.729278095811992,-9.680733574442435,-9.758941389118485,0.21876999204371037,24,-14.240971893627313,-14.589718637059727,-15.261606584147854,-14.023548122947112,-14.393897602661385,-14.501948568088679,0.4227137821326573,46,-0.4216248867411658,-0.3996366939146231,-0.4323262839879154,-0.3946971979511901,-0.44454490657022305,-0.4185659938330235,0.01898232931031757,59,2.0863488372093024,-0.3337850438994854,2.315631419939577,-0.15036275986743006,1.7697444243520195,1.1375153755467966,1.141167028801668,34,-13.77311246418338,-11.695924999999999,-14.44565758211041,-12.134511450381678,-12.878876610169492,-12.98561662136899,1.0149824855429046,47,9.758941389118485,14.501948568088679,0.4185659938330235,12.98561662136899,1.1375153755467966,n500__absolute_error__boostrap_true__samples_0.85
369.1587456226349,2.6437188267197476,4.8637073040008545,0.08175694677316268,True,absolute_error,22,1.0,0.85,3,2,500,"{'bootstrap': True, 'criterion': 'absolute_error', 'max_depth': 22, 'max_features': 1.0, 'max_samples': 0.85, 'min_samples_leaf': 3, 'min_samples_split': 2, 'n_estimators': 500}",-9.556357595892479,-9.680777475022706,-10.171823564954682,-9.720917143717989,-9.667063893911996,-9.75938793469997,0.21331094778128745,25,-14.262463558624765,-14.54319356573802,-15.244939865956058,-14.024071370882533,-14.369028879703404,-14.488739448180956,0.41382415183795995,29,-0.4219269102990033,-0.3938843475628217,-0.4326283987915408,-0.39439590238023503,-0.4412296564195298,-0.41681304309062617,0.01949718644554029,35,2.008525520990637,-0.4332364517105666,2.292517824773414,-0.15189153359445606,1.6749825195901153,1.0781795760098287,1.1396304714030558,51,-13.704841803865426,-11.738903920061492,-14.405366620111732,-12.131243697478993,-12.85276980874317,-12.966625170052163,0.983164836052843,36,9.75938793469997,14.488739448180956,0.41681304309062617,12.966625170052163,1.0781795760098287,n500__absolute_error__boostrap_true__samples_0.85
369.60122404098513,2.283941918175907,5.42600154876709,0.9860950284622018,True,absolute_error,22,1.0,0.85,3,4,500,"{'bootstrap': True, 'criterion': 'absolute_error', 'max_depth': 22, 'max_features': 1.0, 'max_samples': 0.85, 'min_samples_leaf': 3, 'min_samples_split': 4, 'n_estimators': 500}",-9.556357595892479,-9.680777475022706,-10.171823564954682,-9.720917143717989,-9.667063893911996,-9.75938793469997,0.21331094778128745,25,-14.262463558624765,-14.54319356573802,-15.244939865956058,-14.024071370882533,-14.369028879703404,-14.488739448180956,0.41382415183795995,29,-0.4219269102990033,-0.3938843475628217,-0.4326283987915408,-0.39439590238023503,-0.4412296564195298,-0.41681304309062617,0.01949718644554029,35,2.008525520990637,-0.4332364517105666,2.292517824773414,-0.15189153359445606,1.6749825195901153,1.0781795760098287,1.1396304714030558,51,-13.704841803865426,-11.738903920061492,-14.405366620111732,-12.131243697478993,-12.85276980874317,-12.966625170052163,0.983164836052843,36,9.75938793469997,14.488739448180956,0.41681304309062617,12.966625170052163,1.0781795760098287,n500__absolute_error__boostrap_true__samples_0.85
367.84142713546754,2.782562597381933,4.561291933059692,0.44373066293845237,True,absolute_error,22,1.0,0.85,3,8,500,"{'bootstrap': True, 'criterion': 'absolute_error', 'max_depth': 22, 'max_features': 1.0, 'max_samples': 0.85, 'min_samples_leaf': 3, 'min_samples_split': 8, 'n_estimators': 500}",-9.53201993355482,-9.669568271268545,-10.15922416918429,-9.692756854474238,-9.606338456901748,-9.731981537076729,0.2207899837597783,14,-14.222145151840637,-14.574672201965026,-15.259965323080895,-13.997095732761636,-14.30638656874299,-14.472052995678236,0.43515979460292104,9,-0.42283298097251587,-0.39297608234937936,-0.4308157099697885,-0.39258812895450435,-0.44333936106088007,-0.4165104526614137,0.020447734516726185,30,2.032447598912715,-0.35696155010596425,2.301949244712991,-0.16070262127146726,1.7367338758288127,1.1106933096154175,1.1341170013387036,39,-13.674982857142858,-11.84882126348228,-14.462301542776997,-12.140018419033,-12.792764785859958,-12.983777773659018,0.9695709456558745,46,9.731981537076729,14.472052995678236,0.4165104526614137,12.983777773659018,1.1106933096154175,n500__absolute_error__boostrap_true__samples_0.85
334.6181439876556,2.5732855998777726,4.995884752273559,0.15104806999696974,True,absolute_error,22,1.0,0.85,4,2,500,"{'bootstrap': True, 'criterion': 'absolute_error', 'max_depth': 22, 'max_features': 1.0, 'max_samples': 0.85, 'min_samples_leaf': 4, 'min_samples_split': 2, 'n_estimators': 500}",-9.551193295077017,-9.656650317892826,-10.135572205438068,-9.661075323892737,-9.616538276069921,-9.724205883674113,0.20942642730478117,8,-14.290897398270724,-14.576764798192865,-15.22836908879384,-13.99413308417652,-14.334432255916434,-14.484919325070077,0.4152866822872808,20,-0.4240410752038659,-0.3911595519224947,-0.4299093655589124,-0.38987646881590843,-0.4430379746835443,-0.41560488723694516,0.02139106162589162,18,2.0596789489580187,-0.4496536481986079,2.2846706948640483,-0.17976950888821955,1.75744002411091,1.09447330216923,1.165824980771683,46,-13.690740028490028,-11.768850619195046,-14.44518763176388,-12.15937171561051,-12.83634693877551,-12.980099386766994,0.981109162198237,43,9.724205883674113,14.484919325070077,0.41560488723694516,12.980099386766994,1.09447330216923,n500__absolute_error__boostrap_true__samples_0.85
333.7117301940918,1.7385731910768552,4.7761147022247314,0.34114987206850356,True,absolute_error,22,1.0,0.85,4,4,500,"{'bootstrap': True, 'criterion': 'absolute_error', 'max_depth': 22, 'max_features': 1.0, 'max_samples': 0.85, 'min_samples_leaf': 4, 'min_samples_split': 4, 'n_estimators': 500}",-9.551193295077017,-9.656650317892826,-10.135572205438068,-9.661075323892737,-9.616538276069921,-9.724205883674113,0.20942642730478117,8,-14.290897398270724,-14.576764798192865,-15.22836908879384,-13.99413308417652,-14.334432255916434,-14.484919325070077,0.4152866822872808,20,-0.4240410752038659,-0.3911595519224947,-0.4299093655589124,-0.38987646881590843,-0.4430379746835443,-0.41560488723694516,0.02139106162589162,18,2.0596789489580187,-0.4496536481986079,2.2846706948640483,-0.17976950888821955,1.75744002411091,1.09447330216923,1.165824980771683,46,-13.690740028490028,-11.768850619195046,-14.44518763176388,-12.15937171561051,-12.83634693877551,-12.980099386766994,0.981109162198237,43,9.724205883674113,14.484919325070077,0.41560488723694516,12.980099386766994,1.09447330216923,n500__absolute_error__boostrap_true__samples_0.85
334.7132891654968,2.3481953346028863,4.579672813415527,0.4241787551681742,True,absolute_error,22,1.0,0.85,4,8,500,"{'bootstrap': True, 'criterion': 'absolute_error', 'max_depth': 22, 'max_features': 1.0, 'max_samples': 0.85, 'min_samples_leaf': 4, 'min_samples_split': 8, 'n_estimators': 500}",-9.551193295077017,-9.656650317892826,-10.135572205438068,-9.661075323892737,-9.616538276069921,-9.724205883674113,0.20942642730478117,8,-14.290897398270724,-14.576764798192865,-15.22836908879384,-13.99413308417652,-14.334432255916434,-14.484919325070077,0.4152866822872808,20,-0.4240410752038659,-0.3911595519224947,-0.4299093655589124,-0.38987646881590843,-0.4430379746835443,-0.41560488723694516,0.02139106162589162,18,2.0596789489580187,-0.4496536481986079,2.2846706948640483,-0.17976950888821955,1.75744002411091,1.09447330216923,1.165824980771683,46,-13.690740028490028,-11.768850619195046,-14.44518763176388,-12.15937171561051,-12.83634693877551,-12.980099386766994,0.981109162198237,43,9.724205883674113,14.484919325070077,0.41560488723694516,12.980099386766994,1.09447330216923,n500__absolute_error__boostrap_true__samples_0.85
476.75788416862486,1.2719500558931085,5.24617919921875,0.2716315924558866,True,absolute_error,24,0.875,0.85,1,2,500,"{'bootstrap': True, 'criterion': 'absolute_error', 'max_depth': 24, 'max_features': 0.875, 'max_samples': 0.85, 'min_samples_leaf': 1, 'min_samples_split': 2, 'n_estimators': 500}",-9.639544246451223,-9.79559884953073,-10.325154682779457,-9.915585115998796,-9.771492465340566,-9.889475072020154,0.23481759551843906,86,-14.314117647999586,-14.561378741751506,-15.350867545083794,-14.152638706830402,-14.379939484925329,-14.551788425318122,0.420466257454489,89,-0.42615524010872846,-0.3981229185588859,-0.4362537764350453,-0.3974088580897861,-0.4472573839662447,-0.4210396354317381,0.020142489349202916,76,2.1119386892177587,-0.4470260369361187,2.3704096676737163,-0.12436245857185907,1.8052688366485834,1.143245739606416,1.1847672164058318,31,-13.787795889440115,-11.740812167300382,-14.550664127423822,-12.318827899924186,-12.941945417789759,-13.068009100375653,1.005482488488423,89,9.889475072020154,14.551788425318122,0.4210396354317381,13.068009100375653,1.143245739606416,n500__absolute_error__boostrap_true__samples_0.85
467.13346881866454,2.8413051727020227,4.71572585105896,0.14214064693033923,True,absolute_error,24,0.875,0.85,1,4,500,"{'bootstrap': True, 'criterion': 'absolute_error', 'max_depth': 24, 'max_features': 0.875, 'max_samples': 0.85, 'min_samples_leaf': 1, 'min_samples_split': 4, 'n_estimators': 500}",-9.673799758381154,-9.822432334241599,-10.328825679758308,-9.904881289545044,-9.79637552742616,-9.905262917870454,0.22436493597756305,89,-14.341729734751565,-14.539706933823162,-15.341041139479497,-14.131550474452247,-14.373793103724148,-14.545564277246124,0.41839670947357055,84,-0.4279673814557535,-0.40024220405691796,-0.4380664652567976,-0.40042181379933717,-0.4484629294755877,-0.42303215880887873,0.019635277582422034,91,2.079025369978858,-0.43683499848622465,2.3357688821752265,-0.1355682434468212,1.7904448462929474,1.1265671713027972,1.1702385325068216,36,-13.73098235709245,-11.724897125567322,-14.45510620689655,-12.19877727614748,-12.918370295698928,-13.005626652280545,0.9925743887365099,61,9.905262917870454,14.545564277246124,0.42303215880887873,13.005626652280545,1.1265671713027972,n500__absolute_error__boostrap_true__samples_0.85
454.1273148536682,1.827129345839348,4.489165019989014,0.18623805589877668,True,absolute_error,24,0.875,0.85,1,8,500,"{'bootstrap': True, 'criterion': 'absolute_error', 'max_depth': 24, 'max_features': 0.875, 'max_samples': 0.85, 'min_samples_leaf': 1, 'min_samples_split': 8, 'n_estimators': 500}",-9.688055874358199,-9.78343748107781,-10.301497885196374,-9.940974088580898,-9.774386980108499,-9.897670461864356,0.217778813473848,88,-14.375919338842552,-14.511088219139987,-15.335441975176918,-14.171584801913676,-14.383047146889856,-14.555416296392597,0.40488564697203017,92,-0.4297795228027786,-0.39691189827429607,-0.43867069486404836,-0.3980114492316963,-0.4490657022302592,-0.4224878534806157,0.02132912886442495,85,2.1119562065841144,-0.44193278837420574,2.3808277945619336,-0.1752952696595365,1.8257552742616028,1.1402622434747818,1.198926639033128,32,-13.727983134223473,-11.76773073989321,-14.45540564738292,-12.268087812263436,-12.915863087248324,-13.027014084202273,0.970131768211961,74,9.897670461864356,14.555416296392597,0.4224878534806157,13.027014084202273,1.1402622434747818,n500__absolute_error__boostrap_true__samples_0.85
380.90984258651736,4.414461007691535,5.205807018280029,0.4249209072762452,True,absolute_error,24,0.875,0.85,2,2,500,"{'bootstrap': True, 'criterion': 'absolute_error', 'max_depth': 24, 'max_features': 0.875, 'max_samples': 0.85, 'min_samples_leaf': 2, 'min_samples_split': 2, 'n_estimators': 500}",-9.65888855330716,-9.822101120193764,-10.340211480362537,-9.923370894847848,-9.804433393610609,-9.909801088464382,0.23116573316635758,90,-14.280889663955826,-14.484655275013186,-15.311535494837468,-14.124412455817582,-14.37504845347601,-14.515308268620014,0.4152931100344454,67,-0.427061310782241,-0.394792612776264,-0.43474320241691844,-0.3910816510997288,-0.44665461121157324,-0.41886667765734503,0.022104088320548897,60,1.9679800664451828,-0.6268507417499236,2.1902912386706954,-0.3496053028020487,1.640626883664858,0.9644884288457527,1.2021608791522087,78,-13.612645685997173,-11.645671779141106,-14.411384294649062,-12.24011093990755,-12.811980431848855,-12.94435862630875,0.9796783373018388,24,9.909801088464382,14.515308268620014,0.41886667765734503,12.94435862630875,0.9644884288457527,n500__absolute_error__boostrap_true__samples_0.85
382.46078233718873,1.8218141361067453,4.824389410018921,0.8407021254243895,True,absolute_error,24,0.875,0.85,2,4,500,"{'bootstrap': True, 'criterion': 'absolute_error', 'max_depth': 24, 'max_features': 0.875, 'max_samples': 0.85, 'min_samples_leaf': 2, 'min_samples_split': 4, 'n_estimators': 500}",-9.65888855330716,-9.822101120193764,-10.340211480362537,-9.923370894847848,-9.804433393610609,-9.909801088464382,0.23116573316635758,90,-14.280889663955826,-14.484655275013186,-15.311535494837468,-14.124412455817582,-14.37504845347601,-14.515308268620014,0.4152931100344454,67,-0.427061310782241,-0.394792612776264,-0.43474320241691844,-0.3910816510997288,-0.44665461121157324,-0.41886667765734503,0.022104088320548897,60,1.9679800664451828,-0.6268507417499236,2.1902912386706954,-0.3496053028020487,1.640626883664858,0.9644884288457527,1.2021608791522087,78,-13.612645685997173,-11.645671779141106,-14.411384294649062,-12.24011093990755,-12.811980431848855,-12.94435862630875,0.9796783373018388,24,9.909801088464382,14.515308268620014,0.41886667765734503,12.94435862630875,0.9644884288457527,n500__absolute_error__boostrap_true__samples_0.85
375.0178848266602,2.5632226804840217,4.106282138824463,0.8220546930097369,True,absolute_error,24,0.875,0.85,2,8,500,"{'bootstrap': True, 'criterion': 'absolute_error', 'max_depth': 24, 'max_features': 0.875, 'max_samples': 0.85, 'min_samples_leaf': 2, 'min_samples_split': 8, 'n_estimators': 500}",-9.643893687707642,-9.749227369058431,-10.236490634441088,-9.846628803856584,-9.769837251356238,-9.849215549283995,0.20417850035850807,71,-14.300867827990208,-14.493673418578053,-15.247812391972348,-14.06305106956011,-14.354535776746076,-14.49198809696936,0.4026612164730542,33,-0.4243430987617034,-0.3960036330608538,-0.43474320241691844,-0.3952997890931003,-0.44665461121157324,-0.41940886690882984,0.02064399029580453,65,2.0320132890365445,-0.5006376021798364,2.267772205438066,-0.24511147936125355,1.6335714285714285,1.0375215683009897,1.1720825071133647,59,-13.7576256227758,-11.677405198776757,-14.381205698401669,-12.144602134146343,-12.765354251012145,-12.945238581022542,1.000275246638579,26,9.849215549283995,14.49198809696936,0.41940886690882984,12.945238581022542,1.0375215683009897,n500__absolute_error__boostrap_true__samples_0.85
330.8522135257721,1.6771664884860296,4.998180723190307,0.3017148075182951,True,absolute_error,24,0.875,0.85,3,2,500,"{'bootstrap': True, 'criterion': 'absolute_error', 'max_depth': 24, 'max_features': 0.875, 'max_samples': 0.85, 'min_samples_leaf': 3, 'min_samples_split': 2, 'n_estimators': 500}",-9.646834491090306,-9.763445352709658,-10.252458006042296,-9.851716782163301,-9.77129626280892,-9.857150178962897,0.2081739550945136,75,-14.29517593836216,-14.475162397651687,-15.300023328537,-14.091263100453224,-14.33761590855431,-14.499848134711675,0.41857889574370066,41,-0.4213228631833283,-0.39176506206478956,-0.4353474320241692,-0.3931907200964146,-0.445750452079566,-0.41747530588965354,0.02183784891622894,45,1.96981002718212,-0.5866727217680898,2.296312386706948,-0.29413739078035517,1.5721015672091623,0.9914827737099572,1.1950076729842694,69,-13.785917562724014,-11.71208655332303,-14.41236294240111,-12.15387203065134,-12.723933062880324,-12.957634430395965,1.0054181050133006,31,9.857150178962897,14.499848134711675,0.41747530588965354,12.957634430395965,0.9914827737099572,n500__absolute_error__boostrap_true__samples_0.85
330.6620494365692,2.7217418788327365,4.713040351867676,0.7430550872956148,True,absolute_error,24,0.875,0.85,3,4,500,"{'bootstrap': True, 'criterion': 'absolute_error', 'max_depth': 24, 'max_features': 0.875, 'max_samples': 0.85, 'min_samples_leaf': 3, 'min_samples_split': 4, 'n_estimators': 500}",-9.646834491090306,-9.763445352709658,-10.252458006042296,-9.851716782163301,-9.77129626280892,-9.857150178962897,0.2081739550945136,75,-14.29517593836216,-14.475162397651687,-15.300023328537,-14.091263100453224,-14.33761590855431,-14.499848134711675,0.41857889574370066,41,-0.4213228631833283,-0.39176506206478956,-0.4353474320241692,-0.3931907200964146,-0.445750452079566,-0.41747530588965354,0.02183784891622894,45,1.96981002718212,-0.5866727217680898,2.296312386706948,-0.29413739078035517,1.5721015672091623,0.9914827737099572,1.1950076729842694,69,-13.785917562724014,-11.71208655332303,-14.41236294240111,-12.15387203065134,-12.723933062880324,-12.957634430395965,1.0054181050133006,31,9.857150178962897,14.499848134711675,0.41747530588965354,12.957634430395965,0.9914827737099572,n500__absolute_error__boostrap_true__samples_0.85
326.68951616287234,1.9309405849838137,4.013530588150024,0.1589755915940405,True,absolute_error,24,0.875,0.85,3,8,500,"{'bootstrap': True, 'criterion': 'absolute_error', 'max_depth': 24, 'max_features': 0.875, 'max_samples': 0.85, 'min_samples_leaf': 3, 'min_samples_split': 8, 'n_estimators': 500}",-9.60236303231652,-9.763300635785649,-10.227463141993956,-9.81231515516722,-9.739546112115733,-9.828997615475815,0.2110611187229443,60,-14.284683423676148,-14.48693633840169,-15.256411441891899,-14.064896000599616,-14.374699895119335,-14.493525419937736,0.4058315321316382,34,-0.42283298097251587,-0.3908567968513473,-0.43111782477341387,-0.39228683338354925,-0.44454490657022305,-0.41632786851020986,0.0213729146009954,23,2.031224403503473,-0.5334568574023615,2.2833864048338364,-0.2509912624284421,1.705188667872212,1.0470702712757436,1.192743602941183,55,-13.756717142857145,-11.807193648334623,-14.50977995795375,-12.186649001536098,-12.87241694915254,-13.02655133996683,0.9949005740878407,73,9.828997615475815,14.493525419937736,0.41632786851020986,13.02655133996683,1.0470702712757436,n500__absolute_error__boostrap_true__samples_0.85
304.0303475856781,4.2077313399286504,4.916544389724732,0.6187900105381438,True,absolute_error,24,0.875,0.85,4,2,500,"{'bootstrap': True, 'criterion': 'absolute_error', 'max_depth': 24, 'max_features': 0.875, 'max_samples': 0.85, 'min_samples_leaf': 4, 'min_samples_split': 2, 'n_estimators': 500}",-9.619147387496225,-9.705123826824101,-10.226776435045318,-9.7929273877674,-9.713017480409885,-9.811398503508585,0.21485512902548803,51,-14.340996125627544,-14.495271792501173,-15.292209949065047,-14.08145507465703,-14.362720537450059,-14.51453069586017,0.4113079117076879,64,-0.42283298097251587,-0.3905540417801998,-0.42900302114803623,-0.3901777643868635,-0.44454490657022305,-0.41542254297156767,0.021648081844521588,13,2.06225279371791,-0.5422851952770202,2.283998187311178,-0.2592696595360047,1.6723719107896322,1.043413607401139,1.198673960813323,56,-13.813255714285715,-11.730564341085271,-14.58121971830986,-12.217069498069497,-12.805668474576272,-13.029555549265325,1.0411037226596918,75,9.811398503508585,14.51453069586017,0.41542254297156767,13.029555549265325,1.043413607401139,n500__absolute_error__boostrap_true__samples_0.85
324.4041787624359,14.215801321054062,5.546327543258667,0.7788006043097098,True,absolute_error,24,0.875,0.85,4,4,500,"{'bootstrap': True, 'criterion': 'absolute_error', 'max_depth': 24, 'max_features': 0.875, 'max_samples': 0.85, 'min_samples_leaf': 4, 'min_samples_split': 4, 'n_estimators': 500}",-9.619147387496225,-9.705123826824101,-10.226776435045318,-9.7929273877674,-9.713017480409885,-9.811398503508585,0.21485512902548803,51,-14.340996125627544,-14.495271792501173,-15.292209949065047,-14.08145507465703,-14.362720537450059,-14.51453069586017,0.4113079117076879,64,-0.42283298097251587,-0.3905540417801998,-0.42900302114803623,-0.3901777643868635,-0.44454490657022305,-0.41542254297156767,0.021648081844521588,13,2.06225279371791,-0.5422851952770202,2.283998187311178,-0.2592696595360047,1.6723719107896322,1.043413607401139,1.198673960813323,56,-13.813255714285715,-11.730564341085271,-14.58121971830986,-12.217069498069497,-12.805668474576272,-13.029555549265325,1.0411037226596918,75,9.811398503508585,14.51453069586017,0.41542254297156767,13.029555549265325,1.043413607401139,n500__absolute_error__boostrap_true__samples_0.85
335.9489924430847,4.559038249656107,6.096526050567627,0.6556557985175843,True,absolute_error,24,0.875,0.85,4,8,500,"{'bootstrap': True, 'criterion': 'absolute_error', 'max_depth': 24, 'max_features': 0.875, 'max_samples': 0.85, 'min_samples_leaf': 4, 'min_samples_split': 8, 'n_estimators': 500}",-9.619147387496225,-9.705123826824101,-10.226776435045318,-9.7929273877674,-9.713017480409885,-9.811398503508585,0.21485512902548803,51,-14.340996125627544,-14.495271792501173,-15.292209949065047,-14.08145507465703,-14.362720537450059,-14.51453069586017,0.4113079117076879,64,-0.42283298097251587,-0.3905540417801998,-0.42900302114803623,-0.3901777643868635,-0.44454490657022305,-0.41542254297156767,0.021648081844521588,13,2.06225279371791,-0.5422851952770202,2.283998187311178,-0.2592696595360047,1.6723719107896322,1.043413607401139,1.198673960813323,56,-13.813255714285715,-11.730564341085271,-14.58121971830986,-12.217069498069497,-12.805668474576272,-13.029555549265325,1.0411037226596918,75,9.811398503508585,14.51453069586017,0.41542254297156767,13.029555549265325,1.043413607401139,n500__absolute_error__boostrap_true__samples_0.85
695.153529214859,4.85436982528499,9.643482065200805,0.43087215991102396,True,absolute_error,24,1.0,0.85,1,2,500,"{'bootstrap': True, 'criterion': 'absolute_error', 'max_depth': 24, 'max_features': 1.0, 'max_samples': 0.85, 'min_samples_leaf': 1, 'min_samples_split': 2, 'n_estimators': 500}",-9.578251283600121,-9.74841416893733,-10.252686102719034,-9.825677613739078,-9.690635925256178,-9.819133018850348,0.231321325184962,58,-14.284808843296426,-14.60630338454285,-15.328948525189698,-14.111423023540967,-14.354775891791427,-14.537251933672275,0.4265927510706822,79,-0.4294774992449411,-0.39721465334544354,-0.4353474320241692,-0.3974088580897861,-0.44424352019288726,-0.42073839257944545,0.019697312151591224,75,2.115510721836303,-0.37541568271268533,2.331931419939577,-0.13338234407954166,1.6524303797468354,1.1182148989460976,1.1445978249874202,38,-13.613940225035163,-11.798404725609757,-14.453533657182513,-12.19436239575436,-12.766721166892808,-12.96539243409492,0.9623924813896558,35,9.819133018850348,14.537251933672275,0.42073839257944545,12.96539243409492,1.1182148989460976,n500__absolute_error__boostrap_true__samples_0.85
733.715503501892,15.910340968473488,9.885100269317627,2.99035312406876,True,absolute_error,24,1.0,0.85,1,4,500,"{'bootstrap': True, 'criterion': 'absolute_error', 'max_depth': 24, 'max_features': 1.0, 'max_samples': 0.85, 'min_samples_leaf': 1, 'min_samples_split': 4, 'n_estimators': 500}",-9.616213832678948,-9.774868604299122,-10.28588821752266,-9.839012955709551,-9.74221368294153,-9.851639458630363,0.22892112309263896,74,-14.291514471132391,-14.617702381268984,-15.333552211860006,-14.111706479550566,-14.384371644800213,-14.547769437722431,0.42540840021041915,86,-0.427061310782241,-0.3984256736300333,-0.4350453172205438,-0.39891533594456163,-0.4478601567209162,-0.4214615588596592,0.01975725617534729,78,2.050638477801268,-0.3727293369663942,2.256373413897281,-0.12924013257005137,1.6877628089210368,1.0985610462166282,1.119493703237126,43,-13.659458274398867,-11.799113221884499,-14.414890972222224,-12.170217522658609,-12.760653432032301,-12.960866684639303,0.9609473856821553,34,9.851639458630363,14.547769437722431,0.4214615588596592,12.960866684639303,1.0985610462166282,n500__absolute_error__boostrap_true__samples_0.85
730.2723966598511,9.938880277030332,6.640376710891724,0.2963018990949804,True,absolute_error,24,1.0,0.85,1,8,500,"{'bootstrap': True, 'criterion': 'absolute_error', 'max_depth': 24, 'max_features': 1.0, 'max_samples': 0.85, 'min_samples_leaf': 1, 'min_samples_split': 8, 'n_estimators': 500}",-9.579770462096043,-9.746264910687254,-10.256400302114804,-9.820024706236818,-9.704314948764317,-9.821355065979848,0.23106975943820568,59,-14.24605414326981,-14.62260391973952,-15.302324641904038,-14.053221793051163,-14.323204688842123,-14.50948183736133,0.43672940646250563,55,-0.4273633343400785,-0.39539812291855886,-0.43564954682779455,-0.3998192226574269,-0.4424352019288728,-0.4201330857345463,0.019051996562699475,73,2.090723044397463,-0.3682019376324549,2.3079265861027185,-0.11764507381741507,1.6878809523809521,1.1201367142862526,1.133355356579265,37,-13.654065017667845,-11.859013016845328,-14.4202226074896,-12.133458176337603,-12.87442302452316,-12.988236368572705,0.9500165252977526,50,9.821355065979848,14.50948183736133,0.4201330857345463,12.988236368572705,1.1201367142862526,n500__absolute_error__boostrap_true__samples_0.85
637.9101137638092,2.6050112124170286,9.23712224960327,0.9872077677126975,True,absolute_error,24,1.0,0.85,2,2,500,"{'bootstrap': True, 'criterion': 'absolute_error', 'max_depth': 24, 'max_features': 1.0, 'max_samples': 0.85, 'min_samples_leaf': 2, 'min_samples_split': 2, 'n_estimators': 500}",-9.597377529447296,-9.775159249167425,-10.220270694864048,-9.856520036155468,-9.740499698613624,-9.837965441649573,0.2087238903384885,66,-14.226670474704616,-14.60285171550225,-15.198607071392233,-14.089979993553596,-14.356201128630449,-14.494862076756629,0.39038490616220833,36,-0.4234370280881909,-0.394792612776264,-0.43293051359516616,-0.3907803555287737,-0.4436407474382158,-0.4171162514853221,0.020907014370990407,39,1.8915255209906372,-0.5128225855283074,2.135833232628399,-0.31347755347996414,1.529770946353225,0.946165912192798,1.128269210450307,85,-13.566247503566334,-11.73063573619632,-14.270308443824147,-12.210238242097148,-12.702023777173913,-12.89589074057157,0.9169433118889868,6,9.837965441649573,14.494862076756629,0.4171162514853221,12.89589074057157,0.946165912192798,n500__absolute_error__boostrap_true__samples_0.85
618.820371389389,5.943446582730484,9.824468040466309,0.5404945732191653,True,absolute_error,24,1.0,0.85,2,4,500,"{'bootstrap': True, 'criterion': 'absolute_error', 'max_depth': 24, 'max_features': 1.0, 'max_samples': 0.85, 'min_samples_leaf': 2, 'min_samples_split': 4, 'n_estimators': 500}",-9.597377529447296,-9.775159249167425,-10.220270694864048,-9.856520036155468,-9.740499698613624,-9.837965441649573,0.2087238903384885,66,-14.226670474704616,-14.60285171550225,-15.198607071392233,-14.089979993553596,-14.356201128630449,-14.494862076756629,0.39038490616220833,36,-0.4234370280881909,-0.394792612776264,-0.43293051359516616,-0.3907803555287737,-0.4436407474382158,-0.4171162514853221,0.020907014370990407,39,1.8915255209906372,-0.5128225855283074,2.135833232628399,-0.31347755347996414,1.529770946353225,0.946165912192798,1.128269210450307,85,-13.566247503566334,-11.73063573619632,-14.270308443824147,-12.210238242097148,-12.702023777173913,-12.89589074057157,0.9169433118889868,6,9.837965441649573,14.494862076756629,0.4171162514853221,12.89589074057157,0.946165912192798,n500__absolute_error__boostrap_true__samples_0.85
607.5819372177124,2.5893957750248457,7.989203834533692,0.9023513727480864,True,absolute_error,24,1.0,0.85,2,8,500,"{'bootstrap': True, 'criterion': 'absolute_error', 'max_depth': 24, 'max_features': 1.0, 'max_samples': 0.85, 'min_samples_leaf': 2, 'min_samples_split': 8, 'n_estimators': 500}",-9.575170643310178,-9.735827732364518,-10.19705166163142,-9.798512202470624,-9.669283905967449,-9.795169229148836,0.214144143330068,46,-14.260659378535097,-14.590710124733146,-15.216464846668865,-14.044478876817106,-14.307557613821269,-14.483974168115097,0.4054833080536122,19,-0.4210208396254908,-0.3957008779897063,-0.4341389728096677,-0.3949984935221452,-0.4424352019288728,-0.4176588771751765,0.01945461039173799,49,1.9221032920567798,-0.4593960036330604,2.212076435045317,-0.2676703826453752,1.6197456298975288,1.005371794144238,1.1349157700011028,67,-13.654043758967003,-11.721520275439937,-14.29165414057063,-12.064402745995423,-12.75783378746594,-12.897890941687786,0.9604696206393074,8,9.795169229148836,14.483974168115097,0.4176588771751765,12.897890941687786,1.005371794144238,n500__absolute_error__boostrap_true__samples_0.85
545.5262422084809,8.881528720163999,8.107812976837158,0.7230375637120735,True,absolute_error,24,1.0,0.85,3,2,500,"{'bootstrap': True, 'criterion': 'absolute_error', 'max_depth': 24, 'max_features': 1.0, 'max_samples': 0.85, 'min_samples_leaf': 3, 'min_samples_split': 2, 'n_estimators': 500}",-9.567506191482936,-9.73513987284287,-10.196303323262839,-9.77235010545345,-9.693919228450874,-9.793043744298593,0.21311603901009193,41,-14.236838454240935,-14.580939155073656,-15.216443097464287,-14.022834626785404,-14.341400019383514,-14.479691070589558,0.40984737209652655,14,-0.42313500453035335,-0.3941871026339691,-0.4308157099697885,-0.39258812895450435,-0.4430379746835443,-0.41675278415443195,0.020112435973701104,31,1.9090875868317727,-0.5184320314865277,2.15466163141994,-0.2717276288038565,1.6257239300783606,0.9798626976079378,1.1377269972754376,76,-13.561385438972163,-11.690778033794162,-14.334394810659187,-12.099986953184958,-12.775025850340135,-12.892314217390123,0.9604666565967797,4,9.793043744298593,14.479691070589558,0.41675278415443195,12.892314217390123,0.9798626976079378,n500__absolute_error__boostrap_true__samples_0.85
541.3566430091857,9.498953695262408,7.448687124252319,1.5329641105425804,True,absolute_error,24,1.0,0.85,3,4,500,"{'bootstrap': True, 'criterion': 'absolute_error', 'max_depth': 24, 'max_features': 1.0, 'max_samples': 0.85, 'min_samples_leaf': 3, 'min_samples_split': 4, 'n_estimators': 500}",-9.567506191482936,-9.73513987284287,-10.196303323262839,-9.77235010545345,-9.693919228450874,-9.793043744298593,0.21311603901009193,41,-14.236838454240935,-14.580939155073656,-15.216443097464287,-14.022834626785404,-14.341400019383514,-14.479691070589558,0.40984737209652655,14,-0.42313500453035335,-0.3941871026339691,-0.4308157099697885,-0.39258812895450435,-0.4430379746835443,-0.41675278415443195,0.020112435973701104,31,1.9090875868317727,-0.5184320314865277,2.15466163141994,-0.2717276288038565,1.6257239300783606,0.9798626976079378,1.1377269972754376,76,-13.561385438972163,-11.690778033794162,-14.334394810659187,-12.099986953184958,-12.775025850340135,-12.892314217390123,0.9604666565967797,4,9.793043744298593,14.479691070589558,0.41675278415443195,12.892314217390123,0.9798626976079378,n500__absolute_error__boostrap_true__samples_0.85
502.4863399982452,5.190733054123872,5.521476411819458,0.6214579218420427,True,absolute_error,24,1.0,0.85,3,8,500,"{'bootstrap': True, 'criterion': 'absolute_error', 'max_depth': 24, 'max_features': 1.0, 'max_samples': 0.85, 'min_samples_leaf': 3, 'min_samples_split': 8, 'n_estimators': 500}",-9.582572032618545,-9.744374205267938,-10.185784894259818,-9.737104850858692,-9.667697408077155,-9.78350667821643,0.2094272007051576,37,-14.257231328520207,-14.606993447673668,-15.21050296188375,-14.010458460302138,-14.297555164388145,-14.476548272553583,0.4130577677510257,10,-0.4234370280881909,-0.3923705722070845,-0.4314199395770393,-0.388671286532088,-0.4403254972875226,-0.4152448647383851,0.020914927840872535,12,1.9513029296285107,-0.4888713290947624,2.151288821752266,-0.25217927086471825,1.5929192284508742,0.9908920759744341,1.1283857865164477,71,-13.619350927246792,-11.794338734567901,-14.29821918767507,-12.201731782945735,-12.78669609856263,-12.940067346199623,0.9151348319304788,21,9.78350667821643,14.476548272553583,0.4152448647383851,12.940067346199623,0.9908920759744341,n500__absolute_error__boostrap_true__samples_0.85
449.12505922317507,19.508059938070197,5.987818813323974,1.4868935763238365,True,absolute_error,24,1.0,0.85,4,2,500,"{'bootstrap': True, 'criterion': 'absolute_error', 'max_depth': 24, 'max_features': 1.0, 'max_samples': 0.85, 'min_samples_leaf': 4, 'min_samples_split': 2, 'n_estimators': 500}",-9.548435517970402,-9.698608840448077,-10.166972507552872,-9.687817716179573,-9.646717902350813,-9.749710496900347,0.2152527689980307,20,-14.2384943957289,-14.588129053271416,-15.237632824033412,-13.99367649054044,-14.334566540883232,-14.47849986089148,0.4246585781320265,11,-0.4186046511627907,-0.3941871026339691,-0.4259818731117825,-0.3901777643868635,-0.4412296564195298,-0.41403620954298714,0.01931975952393369,1,1.9612672908486857,-0.4853657281259468,2.219646223564955,-0.23621241337752302,1.6408517179023503,1.0200374181625043,1.1449705346511698,61,-13.747700577200579,-11.686383256528417,-14.53890354609929,-12.11192200772201,-12.791036885245903,-12.97518925455924,1.0471045281462155,39,9.749710496900347,14.47849986089148,0.41403620954298714,12.97518925455924,1.0200374181625043,n500__absolute_error__boostrap_true__samples_0.85
405.590651512146,16.39066094982406,6.565240526199341,0.8931470512844326,True,absolute_error,24,1.0,0.85,4,4,500,"{'bootstrap': True, 'criterion': 'absolute_error', 'max_depth': 24, 'max_features': 1.0, 'max_samples': 0.85, 'min_samples_leaf': 4, 'min_samples_split': 4, 'n_estimators': 500}",-9.548435517970402,-9.698608840448077,-10.166972507552872,-9.687817716179573,-9.646717902350813,-9.749710496900347,0.2152527689980307,20,-14.2384943957289,-14.588129053271416,-15.237632824033412,-13.99367649054044,-14.334566540883232,-14.47849986089148,0.4246585781320265,11,-0.4186046511627907,-0.3941871026339691,-0.4259818731117825,-0.3901777643868635,-0.4412296564195298,-0.41403620954298714,0.01931975952393369,1,1.9612672908486857,-0.4853657281259468,2.219646223564955,-0.23621241337752302,1.6408517179023503,1.0200374181625043,1.1449705346511698,61,-13.747700577200579,-11.686383256528417,-14.53890354609929,-12.11192200772201,-12.791036885245903,-12.97518925455924,1.0471045281462155,39,9.749710496900347,14.47849986089148,0.41403620954298714,12.97518925455924,1.0200374181625043,n500__absolute_error__boostrap_true__samples_0.85
402.835728931427,2.2863885699862547,6.658431339263916,1.0044569673506756,True,absolute_error,24,1.0,0.85,4,8,500,"{'bootstrap': True, 'criterion': 'absolute_error', 'max_depth': 24, 'max_features': 1.0, 'max_samples': 0.85, 'min_samples_leaf': 4, 'min_samples_split': 8, 'n_estimators': 500}",-9.548435517970402,-9.698608840448077,-10.166972507552872,-9.687817716179573,-9.646717902350813,-9.749710496900347,0.2152527689980307,20,-14.2384943957289,-14.588129053271416,-15.237632824033412,-13.99367649054044,-14.334566540883232,-14.47849986089148,0.4246585781320265,11,-0.4186046511627907,-0.3941871026339691,-0.4259818731117825,-0.3901777643868635,-0.4412296564195298,-0.41403620954298714,0.01931975952393369,1,1.9612672908486857,-0.4853657281259468,2.219646223564955,-0.23621241337752302,1.6408517179023503,1.0200374181625043,1.1449705346511698,61,-13.747700577200579,-11.686383256528417,-14.53890354609929,-12.11192200772201,-12.791036885245903,-12.97518925455924,1.0471045281462155,39,9.749710496900347,14.47849986089148,0.41403620954298714,12.97518925455924,1.0200374181625043,n500__absolute_error__boostrap_true__samples_0.85
608.2729015350342,14.377669622427792,8.828905057907104,1.6308977999754923,True,absolute_error,26,0.875,0.85,1,2,500,"{'bootstrap': True, 'criterion': 'absolute_error', 'max_depth': 26, 'max_features': 0.875, 'max_samples': 0.85, 'min_samples_leaf': 1, 'min_samples_split': 2, 'n_estimators': 500}",-9.70171639987919,-9.811651226158038,-10.371801510574018,-9.95081982524857,-9.81894786015672,-9.930987364403306,0.234123718381682,93,-14.336122705994002,-14.541481896647598,-15.331451543376062,-14.153197080248233,-14.356801784209006,-14.54381100209498,0.4125697901819492,81,-0.42857142857142855,-0.3990311837723282,-0.4380664652567976,-0.3977101536607412,-0.4496684749849307,-0.42260954124924527,0.020892893235364567,87,1.9761029900332228,-0.48748531637904957,2.2234099697885195,-0.3003371497438989,1.5921745027124776,1.0007729992822543,1.1579003346402859,68,-13.62412262156448,-11.68350531107739,-14.375913793103447,-12.132557575757575,-12.688372654155499,-12.900894391131677,0.9814565127676449,11,9.930987364403306,14.54381100209498,0.42260954124924527,12.900894391131677,1.0007729992822543,n500__absolute_error__boostrap_true__samples_0.85
617.4393555641175,6.9308950415262816,7.3583986282348635,0.8662975514136377,True,absolute_error,26,0.875,0.85,1,4,500,"{'bootstrap': True, 'criterion': 'absolute_error', 'max_depth': 26, 'max_features': 0.875, 'max_samples': 0.85, 'min_samples_leaf': 1, 'min_samples_split': 4, 'n_estimators': 500}",-9.699430987617033,-9.868122615803815,-10.382063141993958,-9.98469689665562,-9.835790536467751,-9.954020835707635,0.23252274524355354,96,-14.292527014122138,-14.553085748042852,-15.343616433576702,-14.18277601521438,-14.352687095931518,-14.544938461377518,0.4170819212549217,83,-0.4288734521292661,-0.3978201634877384,-0.4368580060422961,-0.39921663151551673,-0.44936708860759494,-0.42242706835648247,0.020590272766216933,84,2.0114926004228333,-0.5108679987889799,2.2064075528700906,-0.27392919554082534,1.6479677516576257,1.0162141421241488,1.166422040644996,64,-13.653122535211269,-11.760659056316591,-14.407966113416322,-12.162278490566038,-12.77770288397049,-12.952345815896141,0.9679609833118142,27,9.954020835707635,14.544938461377518,0.42242706835648247,12.952345815896141,1.0162141421241488,n500__absolute_error__boostrap_true__samples_0.85
611.3348508358001,4.965721484079037,7.152105045318604,0.6276729418179889,True,absolute_error,26,0.875,0.85,1,8,500,"{'bootstrap': True, 'criterion': 'absolute_error', 'max_depth': 26, 'max_features': 0.875, 'max_samples': 0.85, 'min_samples_leaf': 1, 'min_samples_split': 8, 'n_estimators': 500}",-9.688334944125641,-9.812741749924312,-10.307474924471299,-9.959501054534499,-9.808618143459917,-9.915334163303132,0.2140874814331054,92,-14.304800958123298,-14.485584059389144,-15.29999921319825,-14.133354442101853,-14.394862948786487,-14.523720324319806,0.4052107407624407,76,-0.4249471458773784,-0.39721465334544354,-0.43716012084592143,-0.39650497137692076,-0.4478601567209162,-0.4207374096333161,0.020801931927702227,74,2.0029637571730596,-0.5356742355434455,2.2608048338368576,-0.3075884302500754,1.6566766124171184,1.0154365075267031,1.191107109569698,65,-13.756179815209666,-11.677650152439023,-14.37491568762958,-12.17123784194529,-12.800083445491252,-12.956013388542962,0.9927687962277794,28,9.915334163303132,14.523720324319806,0.4207374096333161,12.956013388542962,1.0154365075267031,n500__absolute_error__boostrap_true__samples_0.85
503.2212752342224,2.036053403344645,7.011461210250855,0.4536507954211751,True,absolute_error,26,0.875,0.85,2,2,500,"{'bootstrap': True, 'criterion': 'absolute_error', 'max_depth': 26, 'max_features': 0.875, 'max_samples': 0.85, 'min_samples_leaf': 2, 'min_samples_split': 2, 'n_estimators': 500}",-9.697917849592267,-9.84645897668786,-10.358596978851965,-9.947963844531486,-9.804897830018083,-9.931167095936333,0.22825557582449627,94,-14.263272975768027,-14.485849434037794,-15.256288736421563,-14.098393737098382,-14.31359084444803,-14.483479145554758,0.40568062459878435,17,-0.4249471458773784,-0.394792612776264,-0.43172205438066463,-0.3956010846640554,-0.44333936106088007,-0.4180804517518485,0.019590317500226995,52,1.8324306855934769,-0.6827538601271578,2.038132930513595,-0.4162024706236817,1.471286015672092,0.8485786602056649,1.1589149422757787,95,-13.56680312722104,-11.605720092024539,-14.357304408677397,-12.047188118811881,-12.717327668252889,-12.858868682997548,0.9995720473783835,1,9.931167095936333,14.483479145554758,0.4180804517518485,12.858868682997548,0.8485786602056649,n500__absolute_error__boostrap_true__samples_0.85
486.82188658714296,2.428020349859657,6.216154670715332,0.3053147637572846,True,absolute_error,26,0.875,0.85,2,4,500,"{'bootstrap': True, 'criterion': 'absolute_error', 'max_depth': 26, 'max_features': 0.875, 'max_samples': 0.85, 'min_samples_leaf': 2, 'min_samples_split': 4, 'n_estimators': 500}",-9.697917849592267,-9.84645897668786,-10.358596978851965,-9.947963844531486,-9.804897830018083,-9.931167095936333,0.22825557582449627,94,-14.263272975768027,-14.485849434037794,-15.256288736421563,-14.098393737098382,-14.31359084444803,-14.483479145554758,0.40568062459878435,17,-0.4249471458773784,-0.394792612776264,-0.43172205438066463,-0.3956010846640554,-0.44333936106088007,-0.4180804517518485,0.019590317500226995,52,1.8324306855934769,-0.6827538601271578,2.038132930513595,-0.4162024706236817,1.471286015672092,0.8485786602056649,1.1589149422757787,95,-13.56680312722104,-11.605720092024539,-14.357304408677397,-12.047188118811881,-12.717327668252889,-12.858868682997548,0.9995720473783835,1,9.931167095936333,14.483479145554758,0.4180804517518485,12.858868682997548,0.8485786602056649,n500__absolute_error__boostrap_true__samples_0.85
469.9605509281158,3.3407402335408065,6.193453788757324,0.43893958143997014,True,absolute_error,26,0.875,0.85,2,8,500,"{'bootstrap': True, 'criterion': 'absolute_error', 'max_depth': 26, 'max_features': 0.875, 'max_samples': 0.85, 'min_samples_leaf': 2, 'min_samples_split': 8, 'n_estimators': 500}",-9.644572032618544,-9.783702694520134,-10.308442296072508,-9.889103043085267,-9.81675105485232,-9.888514224229755,0.2244919305081868,85,-14.2696146743701,-14.50740875769522,-15.274764826686335,-14.056306428499312,-14.362367312814756,-14.494092400013145,0.4168992846986744,35,-0.42283298097251587,-0.3932788374205268,-0.4314199395770393,-0.39258812895450435,-0.44695599758890897,-0.4174151769026991,0.021434044222866353,42,1.9222845061914826,-0.5596360884044811,2.1667637462235647,-0.3157014160891834,1.572842073538276,0.9573105642919317,1.1571099685013082,83,-13.677807857142858,-11.727133179368746,-14.458309523809524,-12.192678434382197,-12.741291301416048,-12.959444059223875,0.991640507530372,33,9.888514224229755,14.494092400013145,0.4174151769026991,12.959444059223875,0.9573105642919317,n500__absolute_error__boostrap_true__samples_0.85
411.7696561336517,4.588445355506071,6.512878894805908,0.12140668310592367,True,absolute_error,26,0.875,0.85,3,2,500,"{'bootstrap': True, 'criterion': 'absolute_error', 'max_depth': 26, 'max_features': 0.875, 'max_samples': 0.85, 'min_samples_leaf': 3, 'min_samples_split': 2, 'n_estimators': 500}",-9.67348746602235,-9.780607932182864,-10.272691238670696,-9.907467610726123,-9.777883363471972,-9.882427522214801,0.20875125462513716,83,-14.289740696357411,-14.452008786975156,-15.239866581871137,-14.098146869445486,-14.276893183356007,-14.471331223601041,0.4002668576672203,7,-0.42253095741467833,-0.3926733272782319,-0.43202416918429004,-0.39168424224163906,-0.4451476793248945,-0.4168120750887468,0.021359339965031365,33,1.912582603443069,-0.610318498334847,2.1811353474320243,-0.39259746911720367,1.5031738999397224,0.9187951766725531,1.1815713225238396,89,-13.710320943531094,-11.676740940632229,-14.413344755244754,-12.146097692307691,-12.671140148950576,-12.923528896133268,1.0060986613923264,19,9.882427522214801,14.471331223601041,0.4168120750887468,12.923528896133268,0.9187951766725531,n500__absolute_error__boostrap_true__samples_0.85
408.7949254512787,1.5622840328347098,6.818725872039795,0.8695830105904889,True,absolute_error,26,0.875,0.85,3,4,500,"{'bootstrap': True, 'criterion': 'absolute_error', 'max_depth': 26, 'max_features': 0.875, 'max_samples': 0.85, 'min_samples_leaf': 3, 'min_samples_split': 4, 'n_estimators': 500}",-9.67348746602235,-9.780607932182864,-10.272691238670696,-9.907467610726123,-9.777883363471972,-9.882427522214801,0.20875125462513716,83,-14.289740696357411,-14.452008786975156,-15.239866581871137,-14.098146869445486,-14.276893183356007,-14.471331223601041,0.4002668576672203,7,-0.42253095741467833,-0.3926733272782319,-0.43202416918429004,-0.39168424224163906,-0.4451476793248945,-0.4168120750887468,0.021359339965031365,33,1.912582603443069,-0.610318498334847,2.1811353474320243,-0.39259746911720367,1.5031738999397224,0.9187951766725531,1.1815713225238396,89,-13.710320943531094,-11.676740940632229,-14.413344755244754,-12.146097692307691,-12.671140148950576,-12.923528896133268,1.0060986613923264,19,9.882427522214801,14.471331223601041,0.4168120750887468,12.923528896133268,0.9187951766725531,n500__absolute_error__boostrap_true__samples_0.85
405.4510350704193,1.5726840985005288,5.338525867462158,0.29660206989009885,True,absolute_error,26,0.875,0.85,3,8,500,"{'bootstrap': True, 'criterion': 'absolute_error', 'max_depth': 26, 'max_features': 0.875, 'max_samples': 0.85, 'min_samples_leaf': 3, 'min_samples_split': 8, 'n_estimators': 500}",-9.66614527333132,-9.829296094459583,-10.248968882175227,-9.866133172642362,-9.764450572634116,-9.874998799048523,0.19892795941244076,80,-14.33055103462196,-14.528306116630688,-15.239764803386493,-14.082511651498207,-14.34486029332951,-14.505198779893373,0.3936993435591469,49,-0.4240410752038659,-0.3926733272782319,-0.43293051359516616,-0.39198553781259415,-0.44333936106088007,-0.4169939629901477,0.021045807594565754,38,1.9662938689217755,-0.6008776869512561,2.132083685800604,-0.36109310033142533,1.6078471971066906,0.9488507929092777,1.1821267374710989,84,-13.716170227920225,-11.750757902852737,-14.299122121423586,-12.12422290545734,-12.825725356900067,-12.943199702910793,0.9531473863807631,22,9.874998799048523,14.505198779893373,0.4169939629901477,12.943199702910793,0.9488507929092777,n500__absolute_error__boostrap_true__samples_0.85
364.60631918907166,3.568204440593207,6.062013435363769,0.6824250938155473,True,absolute_error,26,0.875,0.85,4,2,500,"{'bootstrap': True, 'criterion': 'absolute_error', 'max_depth': 26, 'max_features': 0.875, 'max_samples': 0.85, 'min_samples_leaf': 4, 'min_samples_split': 2, 'n_estimators': 500}",-9.637894593778316,-9.75826642446261,-10.24577069486405,-9.814740283217837,-9.732627185051234,-9.83785983627481,0.21181166284352487,63,-14.34173751289764,-14.472913555742924,-15.287365072428406,-14.07326378264589,-14.330417118616971,-14.501139408466367,0.4139033967408588,43,-0.4213228631833283,-0.39146230699364215,-0.42779456193353477,-0.3907803555287737,-0.44394213381555153,-0.41506044429096606,0.02088981774222089,9,2.008421926910299,-0.6166709052376625,2.242428096676737,-0.3317731244350707,1.605117842073538,0.9815047671975681,1.2093174987163982,73,-13.82113046594982,-11.676214230471771,-14.596023305084744,-12.133372397841173,-12.769395112016293,-12.99922710227276,1.0750045045878733,58,9.83785983627481,14.501139408466367,0.41506044429096606,12.99922710227276,0.9815047671975681,n500__absolute_error__boostrap_true__samples_0.85
372.2355194091797,10.500819494148447,6.340263843536377,0.6624594640351043,True,absolute_error,26,0.875,0.85,4,4,500,"{'bootstrap': True, 'criterion': 'absolute_error', 'max_depth': 26, 'max_features': 0.875, 'max_samples': 0.85, 'min_samples_leaf': 4, 'min_samples_split': 4, 'n_estimators': 500}",-9.637894593778316,-9.75826642446261,-10.24577069486405,-9.814740283217837,-9.732627185051234,-9.83785983627481,0.21181166284352487,63,-14.34173751289764,-14.472913555742924,-15.287365072428406,-14.07326378264589,-14.330417118616971,-14.501139408466367,0.4139033967408588,43,-0.4213228631833283,-0.39146230699364215,-0.42779456193353477,-0.3907803555287737,-0.44394213381555153,-0.41506044429096606,0.02088981774222089,9,2.008421926910299,-0.6166709052376625,2.242428096676737,-0.3317731244350707,1.605117842073538,0.9815047671975681,1.2093174987163982,73,-13.82113046594982,-11.676214230471771,-14.596023305084744,-12.133372397841173,-12.769395112016293,-12.99922710227276,1.0750045045878733,58,9.83785983627481,14.501139408466367,0.41506044429096606,12.99922710227276,0.9815047671975681,n500__absolute_error__boostrap_true__samples_0.85
363.77468514442444,3.6451391770674655,6.075456523895264,1.1160707217174717,True,absolute_error,26,0.875,0.85,4,8,500,"{'bootstrap': True, 'criterion': 'absolute_error', 'max_depth': 26, 'max_features': 0.875, 'max_samples': 0.85, 'min_samples_leaf': 4, 'min_samples_split': 8, 'n_estimators': 500}",-9.637894593778316,-9.75826642446261,-10.24577069486405,-9.814740283217837,-9.732627185051234,-9.83785983627481,0.21181166284352487,63,-14.34173751289764,-14.472913555742924,-15.287365072428406,-14.07326378264589,-14.330417118616971,-14.501139408466367,0.4139033967408588,43,-0.4213228631833283,-0.39146230699364215,-0.42779456193353477,-0.3907803555287737,-0.44394213381555153,-0.41506044429096606,0.02088981774222089,9,2.008421926910299,-0.6166709052376625,2.242428096676737,-0.3317731244350707,1.605117842073538,0.9815047671975681,1.2093174987163982,73,-13.82113046594982,-11.676214230471771,-14.596023305084744,-12.133372397841173,-12.769395112016293,-12.99922710227276,1.0750045045878733,58,9.83785983627481,14.501139408466367,0.41506044429096606,12.99922710227276,0.9815047671975681,n500__absolute_error__boostrap_true__samples_0.85
676.7988228321076,7.424873540358471,6.909706878662109,0.3908441928477773,True,absolute_error,26,1.0,0.85,1,2,500,"{'bootstrap': True, 'criterion': 'absolute_error', 'max_depth': 26, 'max_features': 1.0, 'max_samples': 0.85, 'min_samples_leaf': 1, 'min_samples_split': 2, 'n_estimators': 500}",-9.636499244941104,-9.811552830759915,-10.274718731117826,-9.867419102139198,-9.766246232670284,-9.871287228325667,0.2156381904987803,78,-14.28798900392216,-14.604825234361721,-15.282220259488364,-14.13019307065264,-14.398026850878338,-14.540650883860645,0.4016711946139043,80,-0.42524916943521596,-0.39539812291855886,-0.43444108761329303,-0.39710756251883095,-0.4451476793248945,-0.4194687243621587,0.019982038671691595,66,1.9423657505285412,-0.48332273690584343,2.190075226586103,-0.18526785176257896,1.6034246534056664,1.0134550083703777,1.1200584449959226,66,-13.614212357954546,-11.795996937212864,-14.345781641168289,-12.190842185128982,-12.77067298578199,-12.943501221449333,0.930524057775929,23,9.871287228325667,14.540650883860645,0.4194687243621587,12.943501221449333,1.0134550083703777,n500__absolute_error__boostrap_true__samples_0.85
655.8163175106049,7.305269235917254,7.0155716896057125,1.4580821546796816,True,absolute_error,26,1.0,0.85,1,4,500,"{'bootstrap': True, 'criterion': 'absolute_error', 'max_depth': 26, 'max_features': 1.0, 'max_samples': 0.85, 'min_samples_leaf': 1, 'min_samples_split': 4, 'n_estimators': 500}",-9.644589549984898,-9.832951861943688,-10.293902114803627,-9.897832178366977,-9.778613321277879,-9.889577805275414,0.21867105036924253,87,-14.267796207111713,-14.625089488711883,-15.28593327940288,-14.111753011723055,-14.360704505056676,-14.53025529840124,0.41299373958977986,77,-0.4249471458773784,-0.397517408416591,-0.43595166163141996,-0.3980114492316963,-0.44394213381555153,-0.42007395979452744,0.019189014939374895,71,1.924323769254002,-0.4731704511050559,2.187319033232628,-0.27868002410364545,1.5797610006027725,0.9879106655761405,1.1317903301337249,72,-13.612179104477613,-11.77279436405179,-14.314914067914069,-12.084014383043149,-12.792629327902242,-12.915306249477771,0.9440299808894713,17,9.889577805275414,14.53025529840124,0.42007395979452744,12.915306249477771,0.9879106655761405,n500__absolute_error__boostrap_true__samples_0.85
639.641275882721,3.1012387929898333,6.022691297531128,0.32356382029493413,True,absolute_error,26,1.0,0.85,1,8,500,"{'bootstrap': True, 'criterion': 'absolute_error', 'max_depth': 26, 'max_features': 1.0, 'max_samples': 0.85, 'min_samples_leaf': 1, 'min_samples_split': 8, 'n_estimators': 500}",-9.619238598610691,-9.795401755979412,-10.31384924471299,-9.876970473034048,-9.763394514767933,-9.873770917421016,0.23528304161366145,79,-14.246925624782321,-14.576763576830448,-15.309668832131766,-14.093901536620475,-14.35469694988039,-14.51639130404908,0.42665875543257464,70,-0.42615524010872846,-0.3932788374205268,-0.43444108761329303,-0.3977101536607412,-0.44454490657022305,-0.41922604507470257,0.020281751300547653,64,2.0085258230141956,-0.4601992128368146,2.210190634441087,-0.21295962639349178,1.5926663652802893,1.0276447967010531,1.1342460712223437,60,-13.64263926293409,-11.8684272517321,-14.413968011126565,-12.149565151515151,-12.772681355932201,-12.969456206648022,0.9447747058714981,38,9.873770917421016,14.51639130404908,0.41922604507470257,12.969456206648022,1.0276447967010531,n500__absolute_error__boostrap_true__samples_0.85
558.8687315464019,7.784848260226576,7.607723712921143,0.4856066459834474,True,absolute_error,26,1.0,0.85,2,2,500,"{'bootstrap': True, 'criterion': 'absolute_error', 'max_depth': 26, 'max_features': 1.0, 'max_samples': 0.85, 'min_samples_leaf': 2, 'min_samples_split': 2, 'n_estimators': 500}",-9.679911507097554,-9.832458371177717,-10.237933534743203,-9.886898162097017,-9.757844484629295,-9.879009211948958,0.1925495640232925,81,-14.249791174539029,-14.617243841885914,-15.171916909858078,-14.063754807826644,-14.323816456161433,-14.48530463805422,0.3868058037445286,23,-0.42011476895197825,-0.38994853163790494,-0.4314199395770393,-0.39258812895450435,-0.44333936106088007,-0.4154821460364614,0.02110734644307174,16,1.8085723346421019,-0.603009990917348,2.0535063444108763,-0.3559671587827661,1.425959011452682,0.8658121081611092,1.1192284782471993,93,-13.673030194104959,-11.834187888198757,-14.245331232492996,-12.138587874136608,-12.613140720598233,-12.90085558190631,0.9171128911175566,9,9.879009211948958,14.48530463805422,0.4154821460364614,12.90085558190631,0.8658121081611092,n500__absolute_error__boostrap_true__samples_0.85
571.5813749313354,3.162519187634729,7.263761186599732,0.43355666293328027,True,absolute_error,26,1.0,0.85,2,4,500,"{'bootstrap': True, 'criterion': 'absolute_error', 'max_depth': 26, 'max_features': 1.0, 'max_samples': 0.85, 'min_samples_leaf': 2, 'min_samples_split': 4, 'n_estimators': 500}",-9.679911507097554,-9.832458371177717,-10.237933534743203,-9.886898162097017,-9.757844484629295,-9.879009211948958,0.1925495640232925,81,-14.249791174539029,-14.617243841885914,-15.171916909858078,-14.063754807826644,-14.323816456161433,-14.48530463805422,0.3868058037445286,23,-0.42011476895197825,-0.38994853163790494,-0.4314199395770393,-0.39258812895450435,-0.44333936106088007,-0.4154821460364614,0.02110734644307174,16,1.8085723346421019,-0.603009990917348,2.0535063444108763,-0.3559671587827661,1.425959011452682,0.8658121081611092,1.1192284782471993,93,-13.673030194104959,-11.834187888198757,-14.245331232492996,-12.138587874136608,-12.613140720598233,-12.90085558190631,0.9171128911175566,9,9.879009211948958,14.48530463805422,0.4154821460364614,12.90085558190631,0.8658121081611092,n500__absolute_error__boostrap_true__samples_0.85
563.5788802623749,4.332122582752169,6.920555448532104,1.0499194892578232,True,absolute_error,26,1.0,0.85,2,8,500,"{'bootstrap': True, 'criterion': 'absolute_error', 'max_depth': 26, 'max_features': 1.0, 'max_samples': 0.85, 'min_samples_leaf': 2, 'min_samples_split': 8, 'n_estimators': 500}",-9.6336088794926,-9.782072055706934,-10.255722054380666,-9.832015366074119,-9.753619349005424,-9.851407540931948,0.21243939330896636,73,-14.246394381539428,-14.605845642498267,-15.216645292100992,-14.022575168700504,-14.346872326295243,-14.487666562226888,0.40981009504408816,28,-0.42283298097251587,-0.3902512867090524,-0.43111782477341387,-0.3940946068092799,-0.4409282700421941,-0.4158449938612912,0.020195936495301443,21,1.8462799758381157,-0.49847956403269783,2.0719293051359515,-0.3610934016269961,1.547044303797468,0.9211361238223683,1.1163689712616012,88,-13.574968571428572,-11.894377812257565,-14.297311142256484,-12.01605122324159,-12.814628161312372,-12.919467382099317,0.9171800129870824,18,9.851407540931948,14.487666562226888,0.4158449938612912,12.919467382099317,0.9211361238223683,n500__absolute_error__boostrap_true__samples_0.85
497.8891877174377,7.041887753083335,6.342261838912964,0.15937181022041821,True,absolute_error,26,1.0,0.85,3,2,500,"{'bootstrap': True, 'criterion': 'absolute_error', 'max_depth': 26, 'max_features': 1.0, 'max_samples': 0.85, 'min_samples_leaf': 3, 'min_samples_split': 2, 'n_estimators': 500}",-9.629160978556328,-9.788541326067211,-10.241017220543807,-9.792670081349804,-9.70322182037372,-9.830922285378175,0.21375325324610275,61,-14.235367305353693,-14.594521412712433,-15.202866642834788,-13.979062818088696,-14.317100649518352,-14.465783765701593,0.41760274055691915,5,-0.4204167925098158,-0.392067817135937,-0.42930513595166164,-0.3895751732449533,-0.4412296564195298,-0.4145189150523795,0.020460317907487795,4,1.8318483841739652,-0.5679999999999998,2.05395498489426,-0.3492208496535103,1.5052640144665457,0.8947693067762522,1.1208691249123721,91,-13.630532327586208,-11.758860231660233,-14.319619282195637,-12.120188708430007,-12.701419398907104,-12.906123989755837,0.948530310349073,12,9.830922285378175,14.465783765701593,0.4145189150523795,12.906123989755837,0.8947693067762522,n500__absolute_error__boostrap_true__samples_0.85
488.4450638771057,4.9352290876844815,6.116255426406861,0.609637859756023,True,absolute_error,26,1.0,0.85,3,4,500,"{'bootstrap': True, 'criterion': 'absolute_error', 'max_depth': 26, 'max_features': 1.0, 'max_samples': 0.85, 'min_samples_leaf': 3, 'min_samples_split': 4, 'n_estimators': 500}",-9.629160978556328,-9.788541326067211,-10.241017220543807,-9.792670081349804,-9.70322182037372,-9.830922285378175,0.21375325324610275,61,-14.235367305353693,-14.594521412712433,-15.202866642834788,-13.979062818088696,-14.317100649518352,-14.465783765701593,0.41760274055691915,5,-0.4204167925098158,-0.392067817135937,-0.42930513595166164,-0.3895751732449533,-0.4412296564195298,-0.4145189150523795,0.020460317907487795,4,1.8318483841739652,-0.5679999999999998,2.05395498489426,-0.3492208496535103,1.5052640144665457,0.8947693067762522,1.1208691249123721,91,-13.630532327586208,-11.758860231660233,-14.319619282195637,-12.120188708430007,-12.701419398907104,-12.906123989755837,0.948530310349073,12,9.830922285378175,14.465783765701593,0.4145189150523795,12.906123989755837,0.8947693067762522,n500__absolute_error__boostrap_true__samples_0.85
470.0842730998993,3.704920237278141,5.716951322555542,0.08372214752541156,True,absolute_error,26,1.0,0.85,3,8,500,"{'bootstrap': True, 'criterion': 'absolute_error', 'max_depth': 26, 'max_features': 1.0, 'max_samples': 0.85, 'min_samples_leaf': 3, 'min_samples_split': 8, 'n_estimators': 500}",-9.569199939595288,-9.78526914925825,-10.21412658610272,-9.758860801446218,-9.716542194092826,-9.80879973409906,0.21598933195271683,50,-14.17786509236024,-14.643159885903783,-15.201111503415627,-13.969125771558971,-14.316828007326915,-14.461618052113106,0.42984568104809584,4,-0.41981274539414076,-0.39146230699364215,-0.43383685800604227,-0.39198553781259415,-0.4430379746835443,-0.41602708457799276,0.021177968317612622,22,1.8459054666263972,-0.5132388737511356,2.094359818731118,-0.3270765290750226,1.514312537673297,0.9228524840409309,1.1134596683032318,87,-13.595472661870502,-11.842813611755608,-14.185616295264623,-12.0307809377402,-12.674821768707481,-12.865901055067685,0.9005073975670324,3,9.80879973409906,14.461618052113106,0.41602708457799276,12.865901055067685,0.9228524840409309,n500__absolute_error__boostrap_true__samples_0.85
408.3883680820465,25.975318548737643,5.289024877548218,0.6086585522076214,True,absolute_error,26,1.0,0.85,4,2,500,"{'bootstrap': True, 'criterion': 'absolute_error', 'max_depth': 26, 'max_features': 1.0, 'max_samples': 0.85, 'min_samples_leaf': 4, 'min_samples_split': 2, 'n_estimators': 500}",-9.565638779824825,-9.737169240084771,-10.192358912386707,-9.698701114793613,-9.676402350813744,-9.774054079580733,0.21679035547699646,33,-14.216317346903972,-14.615623690239072,-15.19256953650205,-13.951035329846704,-14.329725003670928,-14.461054181432544,0.42338378519605696,1,-0.42071881606765327,-0.39146230699364215,-0.43021148036253776,-0.388671286532088,-0.4421338155515371,-0.41463954110149165,0.021198643495609553,6,1.886832980972516,-0.5073539206781716,2.1754344410876136,-0.32301084664055457,1.5851654611211574,0.9634136231725122,1.1424813526697304,80,-13.61060086145011,-11.788894044856923,-14.374085674157303,-12.061207751937983,-12.735474437627811,-12.914052554006028,0.9635447397309783,14,9.774054079580733,14.461054181432544,0.41463954110149165,12.914052554006028,0.9634136231725122,n500__absolute_error__boostrap_true__samples_0.85
351.354410982132,14.870336213125244,2.9083361625671387,0.6820582524689721,True,absolute_error,26,1.0,0.85,4,4,500,"{'bootstrap': True, 'criterion': 'absolute_error', 'max_depth': 26, 'max_features': 1.0, 'max_samples': 0.85, 'min_samples_leaf': 4, 'min_samples_split': 4, 'n_estimators': 500}",-9.565638779824825,-9.737169240084771,-10.192358912386707,-9.698701114793613,-9.676402350813744,-9.774054079580733,0.21679035547699646,33,-14.216317346903972,-14.615623690239072,-15.19256953650205,-13.951035329846704,-14.329725003670928,-14.461054181432544,0.42338378519605696,1,-0.42071881606765327,-0.39146230699364215,-0.43021148036253776,-0.388671286532088,-0.4421338155515371,-0.41463954110149165,0.021198643495609553,6,1.886832980972516,-0.5073539206781716,2.1754344410876136,-0.32301084664055457,1.5851654611211574,0.9634136231725122,1.1424813526697304,80,-13.61060086145011,-11.788894044856923,-14.374085674157303,-12.061207751937983,-12.735474437627811,-12.914052554006028,0.9635447397309783,14,9.774054079580733,14.461054181432544,0.41463954110149165,12.914052554006028,0.9634136231725122,n500__absolute_error__boostrap_true__samples_0.85
262.714014673233,38.75022015178991,1.0407073974609375,0.9432348986179281,True,absolute_error,26,1.0,0.85,4,8,500,"{'bootstrap': True, 'criterion': 'absolute_error', 'max_depth': 26, 'max_features': 1.0, 'max_samples': 0.85, 'min_samples_leaf': 4, 'min_samples_split': 8, 'n_estimators': 500}",-9.565638779824825,-9.737169240084771,-10.192358912386707,-9.698701114793613,-9.676402350813744,-9.774054079580733,0.21679035547699646,33,-14.216317346903972,-14.615623690239072,-15.19256953650205,-13.951035329846704,-14.329725003670928,-14.461054181432544,0.42338378519605696,1,-0.42071881606765327,-0.39146230699364215,-0.43021148036253776,-0.388671286532088,-0.4421338155515371,-0.41463954110149165,0.021198643495609553,6,1.886832980972516,-0.5073539206781716,2.1754344410876136,-0.32301084664055457,1.5851654611211574,0.9634136231725122,1.1424813526697304,80,-13.61060086145011,-11.788894044856923,-14.374085674157303,-12.061207751937983,-12.735474437627811,-12.914052554006028,0.9635447397309783,14,9.774054079580733,14.461054181432544,0.41463954110149165,12.914052554006028,0.9634136231725122,n500__absolute_error__boostrap_true__samples_0.85
