mean_fit_time,std_fit_time,mean_score_time,std_score_time,param_bootstrap,param_criterion,param_max_depth,param_max_features,param_min_samples_leaf,param_min_samples_split,param_n_estimators,params,split0_test_MAE,split1_test_MAE,split2_test_MAE,split3_test_MAE,split4_test_MAE,mean_test_MAE,std_test_MAE,rank_test_MAE,split0_test_RMSE,split1_test_RMSE,split2_test_RMSE,split3_test_RMSE,split4_test_RMSE,mean_test_RMSE,std_test_RMSE,rank_test_RMSE,split0_test_overestimation_rate,split1_test_overestimation_rate,split2_test_overestimation_rate,split3_test_overestimation_rate,split4_test_overestimation_rate,mean_test_overestimation_rate,std_test_overestimation_rate,rank_test_overestimation_rate,split0_test_mean_signed_error,split1_test_mean_signed_error,split2_test_mean_signed_error,split3_test_mean_signed_error,split4_test_mean_signed_error,mean_test_mean_signed_error,std_test_mean_signed_error,rank_test_mean_signed_error,split0_test_mean_overestimation,split1_test_mean_overestimation,split2_test_mean_overestimation,split3_test_mean_overestimation,split4_test_mean_overestimation,mean_test_mean_overestimation,std_test_mean_overestimation,rank_test_mean_overestimation,mean_MAE,mean_RMSE,overestimation_rate,mean_overstimation,mean_signed_error,chunk_id
49.84265422821045,0.1989270320516848,1.8764237403869628,0.30834651994396617,False,squared_error,20,0.875,1,2,500,"{'bootstrap': False, 'criterion': 'squared_error', 'max_depth': 20, 'max_features': 0.875, 'min_samples_leaf': 1, 'min_samples_split': 2, 'n_estimators': 500}",-9.772663114035042,-10.103877056657689,-10.332707400315682,-10.000773341763242,-9.950217409962558,-10.032047664546843,0.18466746175691715,91,-13.978181201149804,-14.682708257672395,-14.855986253374864,-13.85855492519148,-14.14990077325633,-14.305066282128976,0.3940631572716579,77,-0.4035034732709151,-0.3802603693611868,-0.4217522658610272,-0.38234407954203076,-0.42646172393007836,-0.40286438239304767,0.01921467845636461,71,0.7425802393841605,-1.237443102211379,1.3531191059611665,-1.1448952048325434,0.5446812884076572,0.05160846534181236,1.0495492104295823,76,-13.029929170348423,-11.658372353318535,-13.8538989024987,-11.581032126269895,-12.304619746004375,-12.485570459687986,0.8606786389661683,56,10.032047664546843,14.305066282128976,0.40286438239304767,12.485570459687986,0.05160846534181236,n500__squared_error__boostrap_false
48.32528257369995,0.5119402501436102,1.6607232570648194,0.3545978707326478,False,squared_error,20,0.875,1,4,500,"{'bootstrap': False, 'criterion': 'squared_error', 'max_depth': 20, 'max_features': 0.875, 'min_samples_leaf': 1, 'min_samples_split': 4, 'n_estimators': 500}",-9.81012652362188,-10.072826777846752,-10.318943862442437,-10.015544112123603,-9.903973354296065,-10.024282926066148,0.1729712679079058,88,-14.031771421257396,-14.657500916655493,-14.84864267051259,-13.852546238347804,-14.077618287207033,-14.293615906796063,0.3873569329551834,54,-0.4044095439444277,-0.37904934907659704,-0.42205438066465256,-0.38294667068394095,-0.4246534056660639,-0.4026226700071365,0.019020956970033507,60,0.7479452295417632,-1.2415727948860533,1.3123795209280102,-1.1171136912421327,0.5048303342475655,0.0412937197178306,1.031264843524023,82,-13.053687667933096,-11.649214019855906,-13.779413170707292,-11.618367650238238,-12.255646074729516,-12.471265716692809,0.8366792724534142,42,10.024282926066148,14.293615906796063,0.4026226700071365,12.471265716692809,0.0412937197178306,n500__squared_error__boostrap_false
44.3115168094635,0.36132838033905945,3.8458014011383055,0.17712765244844025,False,squared_error,20,0.875,1,8,500,"{'bootstrap': False, 'criterion': 'squared_error', 'max_depth': 20, 'max_features': 0.875, 'min_samples_leaf': 1, 'min_samples_split': 8, 'n_estimators': 500}",-9.822435192006525,-10.079750275947005,-10.347141334499407,-9.998969257094368,-9.926495430870878,-10.034958298083636,0.17758943930238952,94,-14.018599926026575,-14.637101267830964,-14.870166589979968,-13.863746385971108,-14.10789397568599,-14.299501629098922,0.3860398697539173,73,-0.40320144971307764,-0.3781410838631547,-0.4256797583081571,-0.38354926182585114,-0.4294755877034358,-0.40400942828273523,0.021007479443634878,92,0.7439422060931455,-1.2670092637713162,1.322123851651416,-1.1501345505237273,0.5466604295680842,0.03911653460352047,1.0507873764717275,85,-13.103099462587268,-11.65271559776473,-13.70662447344188,-11.535460483545936,-12.19295829646894,-12.43817166276175,0.8417909253530336,10,10.034958298083636,14.299501629098922,0.40400942828273523,12.43817166276175,0.03911653460352047,n500__squared_error__boostrap_false
43.87396478652954,2.2249381104154335,3.0589897632598877,0.819546394421903,False,squared_error,20,0.875,2,2,500,"{'bootstrap': False, 'criterion': 'squared_error', 'max_depth': 20, 'max_features': 0.875, 'min_samples_leaf': 2, 'min_samples_split': 2, 'n_estimators': 500}",-9.724507640250335,-10.038862453841407,-10.247168429523791,-9.911051075081966,-9.889066387012544,-9.962131197142009,0.17409566895090123,41,-13.97562394672887,-14.649277479721349,-14.804155400551705,-13.779484634185659,-14.121544375530009,-14.266017167343517,0.3945619700525438,5,-0.40652370884929023,-0.3796548592188919,-0.42507552870090637,-0.3814401928291654,-0.42646172393007836,-0.40383120270566647,0.020280849957011706,90,0.8143649742533654,-1.1804677388798501,1.407459347997155,-1.0325671345451597,0.5949980431504074,0.12075749839518361,1.0377805068215213,39,-12.96218693410912,-11.66637868561325,-13.708890527219022,-11.638107503412977,-12.291917236494937,-12.45349617736986,0.7931332358697126,24,9.962131197142009,14.266017167343517,0.40383120270566647,12.45349617736986,0.12075749839518361,n500__squared_error__boostrap_false
44.27992787361145,0.7901750897424299,1.268571424484253,0.9171052865026126,False,squared_error,20,0.875,2,4,500,"{'bootstrap': False, 'criterion': 'squared_error', 'max_depth': 20, 'max_features': 0.875, 'min_samples_leaf': 2, 'min_samples_split': 4, 'n_estimators': 500}",-9.724507640250335,-10.038862453841407,-10.247168429523791,-9.911051075081966,-9.889066387012544,-9.962131197142009,0.17409566895090123,41,-13.975623946728868,-14.649277479721349,-14.804155400551705,-13.779484634185659,-14.121544375530007,-14.266017167343517,0.3945619700525441,5,-0.40652370884929023,-0.3796548592188919,-0.42507552870090637,-0.3814401928291654,-0.42646172393007836,-0.40383120270566647,0.020280849957011706,90,0.814364974253366,-1.1804677388798495,1.4074593479971549,-1.03256713454516,0.5949980431504077,0.12075749839518382,1.0377805068215213,38,-12.962186934109123,-11.66637868561325,-13.708890527219022,-11.638107503412977,-12.291917236494937,-12.45349617736986,0.7931332358697131,24,9.962131197142009,14.266017167343517,0.40383120270566647,12.45349617736986,0.12075749839518382,n500__squared_error__boostrap_false
42.831101703643796,0.15249225637644875,1.1179317474365233,0.38870623691967593,False,squared_error,20,0.875,2,8,500,"{'bootstrap': False, 'criterion': 'squared_error', 'max_depth': 20, 'max_features': 0.875, 'min_samples_leaf': 2, 'min_samples_split': 8, 'n_estimators': 500}",-9.76462956861158,-10.042726513342526,-10.27275240007649,-9.932695884292858,-9.89552038416885,-9.981664950098459,0.17051899043962854,61,-14.02393253094042,-14.666339095357756,-14.826269212310107,-13.818632623979969,-14.103958998316362,-14.287826492180923,0.38904563168359313,46,-0.4050135910601027,-0.37783832879200724,-0.42477341389728096,-0.3838505573968063,-0.42616033755274263,-0.40352724573978793,0.020064686625502693,84,0.8259383673238837,-1.2106275688039843,1.3704024120845082,-1.081058297412913,0.6022129528930888,0.10137357321691669,1.0493579507791055,60,-13.074336478703325,-11.687669396558816,-13.705135998667464,-11.530056966583414,-12.316647529127128,-12.462769273928028,0.8257812249221949,36,9.981664950098459,14.287826492180923,0.40352724573978793,12.462769273928028,0.10137357321691669,n500__squared_error__boostrap_false
39.2228946685791,2.5536310570249907,1.614697313308716,0.8959305491627881,False,squared_error,20,0.875,3,2,500,"{'bootstrap': False, 'criterion': 'squared_error', 'max_depth': 20, 'max_features': 0.875, 'min_samples_leaf': 3, 'min_samples_split': 2, 'n_estimators': 500}",-9.718739138379101,-10.051115418548674,-10.261526246932512,-9.919276990946726,-9.853565291969288,-9.96084461735526,0.18461313283952285,39,-13.999999905221365,-14.67120472019989,-14.853802097184085,-13.813954710491906,-14.090742120378454,-14.28594071069514,0.4033683997462574,42,-0.4083358501963153,-0.3814713896457766,-0.4232628398791541,-0.38234407954203076,-0.42224231464737794,-0.4035312947821309,0.018428550639140236,85,0.8717138968209941,-1.1786816208583633,1.419916869594996,-1.0456569382032346,0.6299054557962886,0.13943953263013617,1.0543530525563565,8,-12.96782174539479,-11.62922572768694,-13.799277914241989,-11.604233630833585,-12.414045660630329,-12.482920935757527,0.833493273114144,50,9.96084461735526,14.28594071069514,0.4035312947821309,12.482920935757527,0.13943953263013617,n500__squared_error__boostrap_false
37.88451247215271,0.45156001017476555,1.4070522785186768,0.49534457276426624,False,squared_error,20,0.875,3,4,500,"{'bootstrap': False, 'criterion': 'squared_error', 'max_depth': 20, 'max_features': 0.875, 'min_samples_leaf': 3, 'min_samples_split': 4, 'n_estimators': 500}",-9.718739138379101,-10.051115418548674,-10.261526246932512,-9.919276990946722,-9.853565291969288,-9.96084461735526,0.18461313283952302,39,-13.999999905221365,-14.67120472019989,-14.853802097184085,-13.813954710491906,-14.090742120378454,-14.28594071069514,0.4033683997462574,42,-0.4083358501963153,-0.3814713896457766,-0.4232628398791541,-0.38234407954203076,-0.42224231464737794,-0.4035312947821309,0.018428550639140236,85,0.8717138968209938,-1.1786816208583637,1.419916869594996,-1.0456569382032344,0.6299054557962884,0.139439532630136,1.0543530525563565,9,-12.96782174539479,-11.62922572768694,-13.799277914241989,-11.604233630833585,-12.414045660630329,-12.482920935757527,0.833493273114144,50,9.96084461735526,14.28594071069514,0.4035312947821309,12.482920935757527,0.139439532630136,n500__squared_error__boostrap_false
38.45402240753174,0.06838364440371217,0.6920403957366943,0.05283658835975952,False,squared_error,20,0.875,3,8,500,"{'bootstrap': False, 'criterion': 'squared_error', 'max_depth': 20, 'max_features': 0.875, 'min_samples_leaf': 3, 'min_samples_split': 8, 'n_estimators': 500}",-9.779484512603393,-10.060958440866424,-10.279600001916613,-9.927970579978636,-9.879390809586841,-9.985480868990383,0.17274256053489417,67,-14.05300302273931,-14.670709192769754,-14.86197307289831,-13.816891239187845,-14.1443636292112,-14.309388031361285,0.39279068880620205,79,-0.40561763817577773,-0.3787465940054496,-0.4241691842900302,-0.3838505573968063,-0.4258589511754069,-0.4036485850086941,0.019648631421787,89,0.858726272457691,-1.218376488920192,1.4131946576467396,-1.0684267690466243,0.6010839750663417,0.11724032944079119,1.063304514410044,50,-13.113594902955043,-11.673480490518946,-13.783173192006657,-11.540355537081377,-12.305100967968597,-12.483141018106124,0.8559963372251572,52,9.985480868990383,14.309388031361285,0.4036485850086941,12.483141018106124,0.11724032944079119,n500__squared_error__boostrap_false
36.600185775756835,1.9400748569381236,1.5300476551055908,1.0755515758226037,False,squared_error,20,0.875,4,2,500,"{'bootstrap': False, 'criterion': 'squared_error', 'max_depth': 20, 'max_features': 0.875, 'min_samples_leaf': 4, 'min_samples_split': 2, 'n_estimators': 500}",-9.791098156575073,-10.067728043706797,-10.323475982478701,-9.920489143497187,-9.87911808184092,-9.996381881619737,0.18640425953706372,72,-14.067187993289608,-14.650233791442067,-14.904868373553393,-13.828222715651483,-14.120448924172964,-14.314192359621904,0.3991331026014387,81,-0.40712775596496525,-0.3799576142900394,-0.42356495468277944,-0.3838505573968063,-0.42616033755274263,-0.40413224397746655,0.01932666435298714,94,0.8952273822716377,-1.2490325889456382,1.4142444408410262,-1.0555775176257038,0.6641630877689202,0.1338049608620484,1.0795776468399145,18,-13.124044458131108,-11.604841070548249,-13.855868260052889,-11.547347600575923,-12.370087312859068,-12.500437740433448,0.8892179345520864,72,9.996381881619737,14.314192359621904,0.40413224397746655,12.500437740433448,0.1338049608620484,n500__squared_error__boostrap_false
35.08609261512756,0.9048668754806078,2.3420599460601808,0.49305376951371455,False,squared_error,20,0.875,4,4,500,"{'bootstrap': False, 'criterion': 'squared_error', 'max_depth': 20, 'max_features': 0.875, 'min_samples_leaf': 4, 'min_samples_split': 4, 'n_estimators': 500}",-9.791098156575075,-10.067728043706795,-10.323475982478703,-9.920489143497187,-9.87911808184092,-9.996381881619737,0.1864042595370638,72,-14.067187993289608,-14.650233791442067,-14.904868373553393,-13.828222715651483,-14.120448924172964,-14.314192359621904,0.3991331026014387,81,-0.40712775596496525,-0.3799576142900394,-0.42356495468277944,-0.3838505573968063,-0.42616033755274263,-0.40413224397746655,0.01932666435298714,94,0.8952273822716377,-1.2490325889456386,1.4142444408410255,-1.0555775176257043,0.6641630877689196,0.133804960862048,1.0795776468399145,20,-13.124044458131108,-11.604841070548249,-13.855868260052889,-11.547347600575925,-12.37008731285907,-12.500437740433448,0.8892179345520861,72,9.996381881619737,14.314192359621904,0.40413224397746655,12.500437740433448,0.133804960862048,n500__squared_error__boostrap_false
35.94271340370178,0.08128272110851992,1.7493378162384032,0.019657778573587022,False,squared_error,20,0.875,4,8,500,"{'bootstrap': False, 'criterion': 'squared_error', 'max_depth': 20, 'max_features': 0.875, 'min_samples_leaf': 4, 'min_samples_split': 8, 'n_estimators': 500}",-9.791098156575075,-10.067728043706797,-10.323475982478703,-9.920489143497187,-9.87911808184092,-9.996381881619737,0.18640425953706394,72,-14.067187993289608,-14.650233791442067,-14.904868373553393,-13.828222715651483,-14.120448924172964,-14.314192359621904,0.3991331026014387,81,-0.40712775596496525,-0.3799576142900394,-0.42356495468277944,-0.3838505573968063,-0.42616033755274263,-0.40413224397746655,0.01932666435298714,94,0.8952273822716378,-1.2490325889456382,1.4142444408410262,-1.055577517625704,0.6641630877689197,0.13380496086204832,1.0795776468399148,19,-13.124044458131108,-11.604841070548249,-13.855868260052889,-11.547347600575925,-12.37008731285907,-12.500437740433448,0.8892179345520861,72,9.996381881619737,14.314192359621904,0.40413224397746655,12.500437740433448,0.13380496086204832,n500__squared_error__boostrap_false
55.80726261138916,0.586867294776744,4.204800796508789,0.7238030844138302,False,squared_error,20,1.0,1,2,500,"{'bootstrap': False, 'criterion': 'squared_error', 'max_depth': 20, 'max_features': 1.0, 'min_samples_leaf': 1, 'min_samples_split': 2, 'n_estimators': 500}",-9.720030829006882,-10.03242984952596,-10.263083861161727,-9.909407990669758,-9.915567225060174,-9.968103951084899,0.17826753254991248,51,-13.931118066692225,-14.708425226180543,-14.81278637583227,-13.793821798053715,-14.145407421480567,-14.278311777647863,0.4107549770497214,23,-0.4044095439444277,-0.37783832879200724,-0.42205438066465256,-0.38264537511298585,-0.4234478601567209,-0.4020790977341589,0.019112045254172063,39,0.7200198845626481,-1.145736689962366,1.2820646294220002,-1.1162501303190744,0.5222371029086743,0.05246695932237644,0.9979792529803028,75,-12.907769944969647,-11.759914866201342,-13.67732337288194,-11.489957062403118,-12.324781053452186,-12.431949259981646,0.7909268684976977,8,9.968103951084899,14.278311777647863,0.4020790977341589,12.431949259981646,0.05246695932237644,n500__squared_error__boostrap_false
53.562433528900144,0.45933160614277235,2.5221206665039064,0.22420868169188493,False,squared_error,20,1.0,1,4,500,"{'bootstrap': False, 'criterion': 'squared_error', 'max_depth': 20, 'max_features': 1.0, 'min_samples_leaf': 1, 'min_samples_split': 4, 'n_estimators': 500}",-9.73154559526894,-10.037288839314595,-10.307878893236007,-9.928280729214999,-9.918453880245114,-9.984689587455929,0.1891396402898283,66,-13.958563156779823,-14.700838951350455,-14.865132033278178,-13.80203928563361,-14.181786750487007,-14.301672035505817,0.4143791656838126,74,-0.40380549682875266,-0.37783832879200724,-0.4229607250755287,-0.38294667068394095,-0.42495479204339964,-0.4025012026847259,0.019570866026723067,51,0.7653097983843551,-1.1739989722632456,1.3098150312152217,-1.0782248149869007,0.5307570185016023,0.07073161217020656,1.009836130262416,73,-12.997415186382222,-11.728944884162901,-13.73377388926199,-11.555206758191604,-12.294497078738155,-12.461967559347373,0.8113913059468744,31,9.984689587455929,14.301672035505817,0.4025012026847259,12.461967559347373,0.07073161217020656,n500__squared_error__boostrap_false
49.37047190666199,0.584148098682791,3.552322578430176,0.22534928701803847,False,squared_error,20,1.0,1,8,500,"{'bootstrap': False, 'criterion': 'squared_error', 'max_depth': 20, 'max_features': 1.0, 'min_samples_leaf': 1, 'min_samples_split': 8, 'n_estimators': 500}",-9.733549762000933,-10.019421445478708,-10.294888882826731,-9.909653453446381,-9.895034977535209,-9.970509704257593,0.18609897462875238,53,-13.941614136003013,-14.667940725315779,-14.84615156584593,-13.781771397339337,-14.127754070184647,-14.27304637893774,0.4139322152832441,20,-0.4013893083660526,-0.37723281864971236,-0.42507552870090637,-0.38294667068394095,-0.4240506329113924,-0.4021389918624009,0.019977134014999603,40,0.750186851666924,-1.1576090884976225,1.298491674052171,-1.0992119330905705,0.5173358079792918,0.06183866242203877,1.0045598890045928,74,-13.059312237717936,-11.745813087924768,-13.636847776570427,-11.503483637317446,-12.277273015755906,-12.444545951057297,0.8001659024956737,16,9.970509704257593,14.27304637893774,0.4021389918624009,12.444545951057297,0.06183866242203877,n500__squared_error__boostrap_false
48.069873571395874,1.843893807033993,4.10522952079773,0.761984886996075,False,squared_error,20,1.0,2,2,500,"{'bootstrap': False, 'criterion': 'squared_error', 'max_depth': 20, 'max_features': 1.0, 'min_samples_leaf': 2, 'min_samples_split': 2, 'n_estimators': 500}",-9.669549141778344,-9.94683971969465,-10.22218106811481,-9.844477026624924,-9.861584449578553,-9.908926281158255,0.18069995055770352,1,-13.93564831690067,-14.649104363019546,-14.80766967867978,-13.74166923690024,-14.162531873411913,-14.259324693782428,0.4085860575396968,3,-0.4044095439444277,-0.3766273085074175,-0.4253776435045317,-0.38264537511298585,-0.4240506329113924,-0.402622100796151,0.02027308787890992,58,0.779385524768149,-1.1194486395860768,1.3818954511735062,-1.0066568051002467,0.5878700458119801,0.12460911541346235,1.0051421836397332,34,-12.91875380169359,-11.719000296462466,-13.639734829135058,-11.548317053244254,-12.320998584117195,-12.429360912930514,0.7742226164386786,5,9.908926281158255,14.259324693782428,0.402622100796151,12.429360912930514,0.12460911541346235,n500__squared_error__boostrap_false
48.869582939147946,0.22247284803567793,2.135685396194458,0.11776837780950802,False,squared_error,20,1.0,2,4,500,"{'bootstrap': False, 'criterion': 'squared_error', 'max_depth': 20, 'max_features': 1.0, 'min_samples_leaf': 2, 'min_samples_split': 4, 'n_estimators': 500}",-9.669549141778344,-9.946839719694651,-10.222181068114807,-9.844477026624926,-9.861584449578551,-9.908926281158255,0.18069995055770235,1,-13.93564831690067,-14.649104363019548,-14.80766967867978,-13.74166923690024,-14.162531873411913,-14.259324693782428,0.4085860575396971,3,-0.4044095439444277,-0.3766273085074175,-0.4253776435045317,-0.38264537511298585,-0.4240506329113924,-0.402622100796151,0.02027308787890992,58,0.7793855247681495,-1.1194486395860768,1.381895451173507,-1.0066568051002465,0.5878700458119809,0.12460911541346283,1.0051421836397336,33,-12.91875380169359,-11.719000296462466,-13.639734829135058,-11.548317053244254,-12.320998584117193,-12.429360912930512,0.7742226164386786,4,9.908926281158255,14.259324693782428,0.402622100796151,12.429360912930512,0.12460911541346283,n500__squared_error__boostrap_false
45.79681129455567,0.38870834758490047,2.5507580280303954,0.3349094895070648,False,squared_error,20,1.0,2,8,500,"{'bootstrap': False, 'criterion': 'squared_error', 'max_depth': 20, 'max_features': 1.0, 'min_samples_leaf': 2, 'min_samples_split': 8, 'n_estimators': 500}",-9.684786644863149,-9.980833310918754,-10.259306295414802,-9.878306011360472,-9.897334947039408,-9.940113441919317,0.18675337579029755,31,-13.922293824871504,-14.679844368362433,-14.823344614235355,-13.774128275196519,-14.179010300930019,-14.275724276719165,0.41208404693237044,21,-0.4022953790395651,-0.37693006357856496,-0.41963746223564957,-0.38294667068394095,-0.42254370102471367,-0.4008706553124868,0.018538419284117622,4,0.7988912830068978,-1.1316280374029632,1.3233393341449868,-1.0373857280353111,0.5749165823692022,0.10562668681656248,1.002092763268092,59,-13.029826433625274,-11.738524103784203,-13.80077647006584,-11.543278686214089,-12.391915326168961,-12.500864203971673,0.8342152300323404,75,9.940113441919317,14.275724276719165,0.4008706553124868,12.500864203971673,0.10562668681656248,n500__squared_error__boostrap_false
42.718697214126585,2.3703834917953728,3.3711071968078614,1.2387965156552456,False,squared_error,20,1.0,3,2,500,"{'bootstrap': False, 'criterion': 'squared_error', 'max_depth': 20, 'max_features': 1.0, 'min_samples_leaf': 3, 'min_samples_split': 2, 'n_estimators': 500}",-9.679032000581875,-9.976669132389047,-10.211262775192726,-9.864127703901573,-9.868108754292926,-9.91984007327163,0.1743130852757869,16,-13.955709540964916,-14.68778592646193,-14.820134189782916,-13.78825578589421,-14.166169466840161,-14.283610981988826,0.4044510286908424,34,-0.4035034732709151,-0.3781410838631547,-0.4229607250755287,-0.3793311238324797,-0.4234478601567209,-0.4014768532397598,0.01991672938074998,20,0.8191354927773039,-1.1405934566554194,1.3977135876604643,-1.0690446545965935,0.62335592858017,0.12611337955318502,1.0370579373139504,30,-13.008769674592903,-11.683570038810315,-13.723468486087162,-11.592883495092623,-12.38814228390496,-12.479366795697592,0.8069105844253651,48,9.91984007327163,14.283610981988826,0.4014768532397598,12.479366795697592,0.12611337955318502,n500__squared_error__boostrap_false
44.38284411430359,1.7574910814389038,2.4427638053894043,0.9915771657397489,False,squared_error,20,1.0,3,4,500,"{'bootstrap': False, 'criterion': 'squared_error', 'max_depth': 20, 'max_features': 1.0, 'min_samples_leaf': 3, 'min_samples_split': 4, 'n_estimators': 500}",-9.679032000581874,-9.976669132389047,-10.211262775192726,-9.864127703901573,-9.868108754292926,-9.919840073271628,0.1743130852757874,15,-13.955709540964914,-14.68778592646193,-14.820134189782916,-13.78825578589421,-14.166169466840161,-14.283610981988826,0.40445102869084265,34,-0.4035034732709151,-0.3781410838631547,-0.4229607250755287,-0.3793311238324797,-0.4234478601567209,-0.4014768532397598,0.01991672938074998,20,0.819135492777303,-1.1405934566554194,1.3977135876604647,-1.0690446545965933,0.62335592858017,0.12611337955318497,1.0370579373139504,31,-13.008769674592907,-11.683570038810315,-13.723468486087162,-11.592883495092623,-12.38814228390496,-12.479366795697594,0.8069105844253656,49,9.919840073271628,14.283610981988826,0.4014768532397598,12.479366795697594,0.12611337955318497,n500__squared_error__boostrap_false
44.2741783618927,0.11993458664991707,2.0101775169372558,0.08393486161017213,False,squared_error,20,1.0,3,8,500,"{'bootstrap': False, 'criterion': 'squared_error', 'max_depth': 20, 'max_features': 1.0, 'min_samples_leaf': 3, 'min_samples_split': 8, 'n_estimators': 500}",-9.697757732940424,-9.974785963970653,-10.242432951516667,-9.87409279741008,-9.875697836966578,-9.932953456560881,0.17865459862786726,22,-13.951026878789062,-14.68914204275811,-14.836278760520926,-13.785599461142073,-14.16561350218971,-14.285532129079977,0.41047039515213957,41,-0.4053156146179402,-0.37753557372085983,-0.42235649546827797,-0.3814401928291654,-0.42163954189270647,-0.40165748370578996,0.019140109983019852,29,0.8012879436740278,-1.1172695652043882,1.386034373574455,-1.027320376112677,0.6257892411552922,0.13370432341734195,1.0167654630010647,21,-12.951691592872743,-11.730704356505601,-13.766175552951218,-11.596539362672228,-12.453157299931512,-12.49965363298666,0.8021815723341654,71,9.932953456560881,14.285532129079977,0.40165748370578996,12.49965363298666,0.13370432341734195,n500__squared_error__boostrap_false
41.834421443939206,2.5989769181112723,2.82177619934082,1.1752270608007247,False,squared_error,20,1.0,4,2,500,"{'bootstrap': False, 'criterion': 'squared_error', 'max_depth': 20, 'max_features': 1.0, 'min_samples_leaf': 4, 'min_samples_split': 2, 'n_estimators': 500}",-9.705702361331264,-10.02635926739518,-10.245080193900186,-9.905577956811953,-9.854522224005052,-9.947448400688726,0.18090946085992074,33,-13.984982687658492,-14.735374034446707,-14.859596393266205,-13.846417361208761,-14.158983453637939,-14.317070786043624,0.40647272926526967,86,-0.40712775596496525,-0.37783832879200724,-0.42235649546827797,-0.37782464597770415,-0.4213381555153707,-0.40129707634366507,0.019901802114664018,15,0.8550019972437242,-1.168074860174218,1.4245741225241053,-1.0187663639278886,0.6244217028091243,0.14343131969496947,1.0440079860508535,7,-12.969767110994727,-11.722321072536392,-13.814934115652504,-11.760497478780781,-12.435313286541287,-12.54056661290114,0.7870625744725038,91,9.947448400688726,14.317070786043624,0.40129707634366507,12.54056661290114,0.14343131969496947,n500__squared_error__boostrap_false
40.55234332084656,1.567028291012283,3.752928876876831,0.36164285608217617,False,squared_error,20,1.0,4,4,500,"{'bootstrap': False, 'criterion': 'squared_error', 'max_depth': 20, 'max_features': 1.0, 'min_samples_leaf': 4, 'min_samples_split': 4, 'n_estimators': 500}",-9.705702361331264,-10.02635926739518,-10.245080193900186,-9.905577956811952,-9.854522224005052,-9.947448400688726,0.18090946085992082,33,-13.98498268765849,-14.735374034446707,-14.859596393266205,-13.84641736120876,-14.158983453637939,-14.31707078604362,0.4064727292652704,85,-0.40712775596496525,-0.37783832879200724,-0.42235649546827797,-0.37782464597770415,-0.4213381555153707,-0.40129707634366507,0.019901802114664018,15,0.855001997243724,-1.168074860174218,1.4245741225241055,-1.018766363927888,0.6244217028091242,0.14343131969496953,1.0440079860508535,6,-12.969767110994727,-11.722321072536392,-13.814934115652504,-11.760497478780783,-12.435313286541287,-12.54056661290114,0.7870625744725035,91,9.947448400688726,14.31707078604362,0.40129707634366507,12.54056661290114,0.14343131969496953,n500__squared_error__boostrap_false
42.13575630187988,0.1641202735882968,3.40934796333313,0.4038495212694644,False,squared_error,20,1.0,4,8,500,"{'bootstrap': False, 'criterion': 'squared_error', 'max_depth': 20, 'max_features': 1.0, 'min_samples_leaf': 4, 'min_samples_split': 8, 'n_estimators': 500}",-9.705702361331264,-10.02635926739518,-10.245080193900186,-9.905577956811952,-9.854522224005052,-9.947448400688726,0.18090946085992082,33,-13.984982687658492,-14.735374034446707,-14.859596393266207,-13.846417361208761,-14.158983453637939,-14.317070786043624,0.4064727292652701,86,-0.40712775596496525,-0.37783832879200724,-0.42235649546827797,-0.37782464597770415,-0.4213381555153707,-0.40129707634366507,0.019901802114664018,15,0.8550019972437242,-1.168074860174218,1.4245741225241049,-1.0187663639278883,0.6244217028091253,0.14343131969496964,1.0440079860508535,5,-12.969767110994727,-11.722321072536392,-13.814934115652504,-11.760497478780783,-12.435313286541287,-12.54056661290114,0.7870625744725035,91,9.947448400688726,14.317070786043624,0.40129707634366507,12.54056661290114,0.14343131969496964,n500__squared_error__boostrap_false
52.35806150436402,0.4758660119176985,4.636392831802368,0.23903968690454203,False,squared_error,22,0.875,1,2,500,"{'bootstrap': False, 'criterion': 'squared_error', 'max_depth': 22, 'max_features': 0.875, 'min_samples_leaf': 1, 'min_samples_split': 2, 'n_estimators': 500}",-9.790433538547513,-10.0563665733923,-10.302042237481913,-10.027064551573893,-9.942012377434784,-10.02358385568608,0.1671160486981065,87,-13.994966301044776,-14.613997711668178,-14.816170254240337,-13.847556225401187,-14.142090255580017,-14.2829561495869,0.37047543620736245,32,-0.40380549682875266,-0.37481077808053287,-0.42507552870090637,-0.38264537511298585,-0.4255575647980711,-0.4023789487042498,0.02099445634133499,45,0.7343293174699748,-1.2417865468142157,1.3283616801933453,-1.1456892100892575,0.5427520751294006,0.04359346317784949,1.0434078549410872,79,-13.031970761508566,-11.758706715584575,-13.680396932304587,-11.605230219837603,-12.31885568470537,-12.47903206278814,0.7819301110603574,47,10.02358385568608,14.2829561495869,0.4023789487042498,12.47903206278814,0.04359346317784949,n500__squared_error__boostrap_false
46.21816763877869,0.9253281730516365,3.5398620128631593,0.5100995798929318,False,squared_error,22,0.875,1,4,500,"{'bootstrap': False, 'criterion': 'squared_error', 'max_depth': 22, 'max_features': 0.875, 'min_samples_leaf': 1, 'min_samples_split': 4, 'n_estimators': 500}",-9.77772541294499,-10.050926549484887,-10.330698702649151,-9.997605958614768,-9.945029984871724,-10.020397321713103,0.1801712062227265,86,-13.993008362899886,-14.622584208102678,-14.863995015344695,-13.838910016637618,-14.115006282021676,-14.286700777001311,0.3904707711691169,45,-0.40712775596496525,-0.37935210414774445,-0.42235649546827797,-0.38324796625489604,-0.4252561784207354,-0.40346810005132383,0.0191589143274455,83,0.7364713022652678,-1.2488723660167707,1.3275095653076414,-1.134505094160767,0.5266465333134738,0.041449988141769055,1.0411744987068188,81,-12.912650342752658,-11.601430553868791,-13.801383893754286,-11.563141418680358,-12.3121979756692,-12.438160836945059,0.8444122909001054,9,10.020397321713103,14.286700777001311,0.40346810005132383,12.438160836945059,0.041449988141769055,n500__squared_error__boostrap_false
40.41630063056946,0.17658112965149503,3.6854811668395997,0.41449381694703874,False,squared_error,22,0.875,1,8,500,"{'bootstrap': False, 'criterion': 'squared_error', 'max_depth': 22, 'max_features': 0.875, 'min_samples_leaf': 1, 'min_samples_split': 8, 'n_estimators': 500}",-9.808320800151003,-10.095827226973817,-10.356687224686134,-9.998351539804021,-9.91271435404714,-10.034380229132422,0.18700858267629097,93,-14.01606598962057,-14.675037222460663,-14.88177675503962,-13.84524898917262,-14.091017549077215,-14.30182930107414,0.4025396994373861,75,-0.40410752038659015,-0.37844383893430217,-0.42628398791540784,-0.38324796625489604,-0.4258589511754069,-0.4035884529333206,0.02028456971478448,88,0.7391573287580222,-1.3054000226618119,1.3246026875174528,-1.1791600401465274,0.4928636407642941,0.014412718846285966,1.0618181946024186,96,-13.05033635456569,-11.613912422337021,-13.701300357687412,-11.505855576793717,-12.217164821933592,-12.417713906663488,0.8444652407513628,1,10.034380229132422,14.30182930107414,0.4035884529333206,12.417713906663488,0.014412718846285966,n500__squared_error__boostrap_false
40.76732840538025,0.9356977966100397,3.9358827590942385,0.4122292116820764,False,squared_error,22,0.875,2,2,500,"{'bootstrap': False, 'criterion': 'squared_error', 'max_depth': 22, 'max_features': 0.875, 'min_samples_leaf': 2, 'min_samples_split': 2, 'n_estimators': 500}",-9.722280354291154,-10.04989802706045,-10.264669470108462,-9.931644197283477,-9.867338021356929,-9.967166014020094,0.18250989358965616,49,-13.991961971674797,-14.64856833630565,-14.831248916495301,-13.814904777884994,-14.107675483815456,-14.27887189723524,0.3920935688478026,24,-0.40561763817577773,-0.38056312443233425,-0.4253776435045317,-0.3814401928291654,-0.4240506329113924,-0.4034098463706403,0.019586418277215707,81,0.8049471513132023,-1.227846308670745,1.3778167614858337,-1.0780994528687677,0.6059051901150315,0.09654466827491096,1.0523061025364844,67,-12.976787144845876,-11.590786326905805,-13.684882608869716,-11.605416669317703,-12.349047965765445,-12.441384143140908,0.8079392353922634,12,9.967166014020094,14.27887189723524,0.4034098463706403,12.441384143140908,0.09654466827491096,n500__squared_error__boostrap_false
40.81300354003906,0.47250458564730047,4.151990127563477,0.349908877617421,False,squared_error,22,0.875,2,4,500,"{'bootstrap': False, 'criterion': 'squared_error', 'max_depth': 22, 'max_features': 0.875, 'min_samples_leaf': 2, 'min_samples_split': 4, 'n_estimators': 500}",-9.722280354291152,-10.049898027060449,-10.264669470108464,-9.931644197283477,-9.867338021356929,-9.967166014020094,0.18250989358965705,49,-13.991961971674796,-14.64856833630565,-14.831248916495301,-13.814904777884994,-14.107675483815456,-14.27887189723524,0.39209356884780294,24,-0.40561763817577773,-0.38056312443233425,-0.4253776435045317,-0.3814401928291654,-0.4240506329113924,-0.4034098463706403,0.019586418277215707,81,0.8049471513132023,-1.2278463086707443,1.3778167614858337,-1.0780994528687677,0.6059051901150312,0.09654466827491101,1.0523061025364842,66,-12.976787144845876,-11.590786326905807,-13.684882608869716,-11.605416669317703,-12.349047965765445,-12.44138414314091,0.8079392353922631,13,9.967166014020094,14.27887189723524,0.4034098463706403,12.44138414314091,0.09654466827491101,n500__squared_error__boostrap_false
36.70227417945862,0.3737593914279465,3.7695810317993166,0.38418758404084247,False,squared_error,22,0.875,2,8,500,"{'bootstrap': False, 'criterion': 'squared_error', 'max_depth': 22, 'max_features': 0.875, 'min_samples_leaf': 2, 'min_samples_split': 8, 'n_estimators': 500}",-9.769951209897664,-10.0520286274077,-10.284890454859296,-9.925604469428398,-9.865761127210975,-9.979647177760807,0.1779188456789283,58,-14.009491315210276,-14.639480436083003,-14.847067306380053,-13.801741555776736,-14.099917954369229,-14.27953971356386,0.3962640750180678,27,-0.40471156750226517,-0.37844383893430217,-0.42205438066465256,-0.3817414884001205,-0.4246534056660639,-0.40232093623348086,0.019429321071510106,44,0.7996855294212346,-1.2632543444845326,1.3707448592573013,-1.1036130237299844,0.5630144121207509,0.07331548651695396,1.0604075712282623,72,-13.058234046225698,-11.611728582598088,-13.808215064325678,-11.55492881147318,-12.279161547020108,-12.46245361032855,0.8656741341496347,34,9.979647177760807,14.27953971356386,0.40232093623348086,12.46245361032855,0.07331548651695396,n500__squared_error__boostrap_false
36.33527579307556,0.9504505365276325,3.915616989135742,0.8731301789635617,False,squared_error,22,0.875,3,2,500,"{'bootstrap': False, 'criterion': 'squared_error', 'max_depth': 22, 'max_features': 0.875, 'min_samples_leaf': 3, 'min_samples_split': 2, 'n_estimators': 500}",-9.739168985867884,-10.038587437810609,-10.270609684213992,-9.908238944945515,-9.866368325400742,-9.96459467564775,0.1804224155690449,43,-14.017700714749667,-14.63091907408713,-14.855903136607303,-13.808059307090115,-14.110386871321108,-14.284593820771065,0.3937005586618477,38,-0.4050135910601027,-0.37904934907659704,-0.42507552870090637,-0.38053630611630007,-0.42706449668474983,-0.4033478543277312,0.02072742013112522,79,0.8486434028654415,-1.21429881461693,1.4023042402914119,-1.043543965422445,0.6296590615945475,0.12455278494240518,1.055373107406056,35,-13.070934682735285,-11.640026087223932,-13.730399818803441,-11.647633664701926,-12.288574054357928,-12.475513661564502,0.8182464974452608,43,9.96459467564775,14.284593820771065,0.4033478543277312,12.475513661564502,0.12455278494240518,n500__squared_error__boostrap_false
36.31143436431885,0.40285201601656445,4.570724105834961,0.2596227478537375,False,squared_error,22,0.875,3,4,500,"{'bootstrap': False, 'criterion': 'squared_error', 'max_depth': 22, 'max_features': 0.875, 'min_samples_leaf': 3, 'min_samples_split': 4, 'n_estimators': 500}",-9.739168985867884,-10.03858743781061,-10.270609684213992,-9.908238944945515,-9.866368325400742,-9.96459467564775,0.18042241556904504,43,-14.017700714749667,-14.630919074087128,-14.855903136607305,-13.808059307090115,-14.110386871321108,-14.284593820771065,0.393700558661848,38,-0.4050135910601027,-0.37904934907659704,-0.42507552870090637,-0.38053630611630007,-0.42706449668474983,-0.4033478543277312,0.02072742013112522,79,0.8486434028654407,-1.2142988146169311,1.4023042402914117,-1.043543965422445,0.6296590615945478,0.12455278494240478,1.0553731074060562,36,-13.070934682735285,-11.640026087223932,-13.730399818803443,-11.647633664701926,-12.288574054357928,-12.475513661564502,0.8182464974452612,43,9.96459467564775,14.284593820771065,0.4033478543277312,12.475513661564502,0.12455278494240478,n500__squared_error__boostrap_false
36.60141258239746,0.7126730147046209,4.0558794975280765,0.5838665544929922,False,squared_error,22,0.875,3,8,500,"{'bootstrap': False, 'criterion': 'squared_error', 'max_depth': 22, 'max_features': 0.875, 'min_samples_leaf': 3, 'min_samples_split': 8, 'n_estimators': 500}",-9.746666214148636,-10.04557287062519,-10.27095242580407,-9.941461501547188,-9.840406322360398,-9.969011866897096,0.18097827848531556,52,-14.012553773823825,-14.659805961866159,-14.833782246346873,-13.842436883781847,-14.083936102342777,-14.286502993632297,0.38785201222685917,44,-0.4053156146179402,-0.3796548592188919,-0.42205438066465256,-0.38234407954203076,-0.42646172393007836,-0.4031661315947188,0.019444323762298366,78,0.8730409896220152,-1.226451255833219,1.4148855849411126,-1.0515186735803546,0.6297026533213496,0.12793185969418078,1.0666460162428115,26,-13.10054044399576,-11.61465657641861,-13.843995639071778,-11.625579293152846,-12.275555329085524,-12.492065456344903,0.8678108409494902,61,9.969011866897096,14.286502993632297,0.4031661315947188,12.492065456344903,0.12793185969418078,n500__squared_error__boostrap_false
36.57837171554566,0.3549001797264421,3.6887080669403076,0.6117258585070944,False,squared_error,22,0.875,4,2,500,"{'bootstrap': False, 'criterion': 'squared_error', 'max_depth': 22, 'max_features': 0.875, 'min_samples_leaf': 4, 'min_samples_split': 2, 'n_estimators': 500}",-9.817448890834113,-10.075014401974574,-10.29077545164098,-9.958491235621933,-9.846960093416042,-9.997738014697529,0.17240709897112258,75,-14.096931104846922,-14.664315055105964,-14.878996991837568,-13.863749565078571,-14.090204209210086,-14.318839385215824,0.38516335644457583,91,-0.4050135910601027,-0.37753557372085983,-0.41963746223564957,-0.3799337149743899,-0.42706449668474983,-0.4018369677351504,0.020167731601017355,34,0.8828284916549605,-1.2507966841776506,1.4387921289318109,-1.0935695389721154,0.6196894387887554,0.11938876724515216,1.0883604393302921,45,-13.209775694787963,-11.686604299071067,-13.97583466223756,-11.666405674536376,-12.254178951254595,-12.558559856377512,0.9035090765476489,94,9.997738014697529,14.318839385215824,0.4018369677351504,12.558559856377512,0.11938876724515216,n500__squared_error__boostrap_false
35.7857545375824,0.433530577395208,4.084577465057373,0.1648904990355403,False,squared_error,22,0.875,4,4,500,"{'bootstrap': False, 'criterion': 'squared_error', 'max_depth': 22, 'max_features': 0.875, 'min_samples_leaf': 4, 'min_samples_split': 4, 'n_estimators': 500}",-9.817448890834113,-10.075014401974576,-10.29077545164098,-9.958491235621933,-9.846960093416042,-9.997738014697529,0.17240709897112275,75,-14.096931104846925,-14.664315055105966,-14.878996991837568,-13.863749565078573,-14.090204209210086,-14.318839385215824,0.38516335644457533,91,-0.4050135910601027,-0.37753557372085983,-0.41963746223564957,-0.3799337149743899,-0.42706449668474983,-0.4018369677351504,0.020167731601017355,34,0.8828284916549595,-1.2507966841776506,1.4387921289318102,-1.0935695389721154,0.6196894387887558,0.11938876724515188,1.088360439330292,46,-13.209775694787963,-11.686604299071067,-13.97583466223756,-11.666405674536378,-12.254178951254595,-12.558559856377512,0.9035090765476487,94,9.997738014697529,14.318839385215824,0.4018369677351504,12.558559856377512,0.11938876724515188,n500__squared_error__boostrap_false
35.2058027267456,0.37627860517825457,4.537155961990356,0.11889740535294217,False,squared_error,22,0.875,4,8,500,"{'bootstrap': False, 'criterion': 'squared_error', 'max_depth': 22, 'max_features': 0.875, 'min_samples_leaf': 4, 'min_samples_split': 8, 'n_estimators': 500}",-9.817448890834113,-10.075014401974576,-10.29077545164098,-9.958491235621933,-9.846960093416042,-9.997738014697529,0.17240709897112275,75,-14.096931104846922,-14.664315055105964,-14.878996991837568,-13.863749565078573,-14.090204209210086,-14.318839385215824,0.38516335644457544,91,-0.4050135910601027,-0.37753557372085983,-0.41963746223564957,-0.3799337149743899,-0.42706449668474983,-0.4018369677351504,0.020167731601017355,34,0.8828284916549601,-1.2507966841776506,1.4387921289318102,-1.0935695389721158,0.6196894387887554,0.11938876724515188,1.088360439330292,46,-13.209775694787963,-11.686604299071067,-13.975834662237558,-11.666405674536376,-12.254178951254596,-12.558559856377512,0.9035090765476483,94,9.997738014697529,14.318839385215824,0.4018369677351504,12.558559856377512,0.11938876724515188,n500__squared_error__boostrap_false
62.48210773468018,0.6157774409866948,4.235573625564575,0.4830081604834706,False,squared_error,22,1.0,1,2,500,"{'bootstrap': False, 'criterion': 'squared_error', 'max_depth': 22, 'max_features': 1.0, 'min_samples_leaf': 1, 'min_samples_split': 2, 'n_estimators': 500}",-9.725481116057587,-10.018685498260439,-10.301883330384616,-9.946836358700718,-9.917552242006982,-9.98208770908207,0.18700966037879801,63,-13.947277198115343,-14.703841967414798,-14.848226710194021,-13.811322877795916,-14.159742990611985,-14.294082348826413,0.4114259352194634,55,-0.4013893083660526,-0.37844383893430217,-0.42477341389728096,-0.3838505573968063,-0.4255575647980711,-0.40280293667850264,0.019773879935082336,67,0.7126460302070158,-1.1472996219522527,1.2994755568469538,-1.1161677787938362,0.4929485147214137,0.04832054020585889,0.9989946831989632,77,-13.002497735621558,-11.720875019778376,-13.655938092722796,-11.50274294219425,-12.23160110156686,-12.422730978376766,0.8040447354256107,2,9.98208770908207,14.294082348826413,0.40280293667850264,12.422730978376766,0.04832054020585889,n500__squared_error__boostrap_false
55.24308943748474,0.8470403417542802,3.282050848007202,0.1771799196039381,False,squared_error,22,1.0,1,4,500,"{'bootstrap': False, 'criterion': 'squared_error', 'max_depth': 22, 'max_features': 1.0, 'min_samples_leaf': 1, 'min_samples_split': 4, 'n_estimators': 500}",-9.733402298967558,-10.00533995411734,-10.277976619714563,-9.964356033268777,-9.939736785543277,-9.984162338322303,0.17436848348116177,65,-13.942466499228702,-14.654422677203806,-14.810259229751388,-13.831345130702413,-14.167040714497965,-14.281106850276853,0.38712812411960373,29,-0.4013893083660526,-0.37844383893430217,-0.42356495468277944,-0.3808376016872552,-0.4234478601567209,-0.4015367127654221,0.01963210417268668,25,0.6886735446465928,-1.1874033245300075,1.2770453377306326,-1.1027998391614076,0.508551287248693,0.036813401186900664,0.9983044090158625,87,-12.982503054253744,-11.650257875010784,-13.640200670165337,-11.634297867184475,-12.337160080257565,-12.448883909374379,0.7768939687254242,20,9.984162338322303,14.281106850276853,0.4015367127654221,12.448883909374379,0.036813401186900664,n500__squared_error__boostrap_false
47.15738744735718,1.5756606688189656,3.9705293655395506,0.8224157014642117,False,squared_error,22,1.0,1,8,500,"{'bootstrap': False, 'criterion': 'squared_error', 'max_depth': 22, 'max_features': 1.0, 'min_samples_leaf': 1, 'min_samples_split': 8, 'n_estimators': 500}",-9.740298269162487,-10.05363327128898,-10.292649215105824,-9.945053200680988,-9.919751174172845,-9.990277026082225,0.18163227884064234,70,-13.961829852673077,-14.713808824066044,-14.845966571572204,-13.826215030868028,-14.147682747144719,-14.299100605264815,0.4077609561080257,69,-0.4013893083660526,-0.37693006357856496,-0.42356495468277944,-0.38234407954203076,-0.42495479204339964,-0.40183663964256544,0.020035299751642005,33,0.7200124797499583,-1.1892273708990304,1.2991857306173529,-1.1228088099893172,0.5115589726521266,0.04374420042621803,1.0132509762410031,78,-13.030131260214109,-11.758687826902813,-13.68365680112115,-11.537048515644466,-12.273435130200443,-12.456591906816595,0.800101518878617,26,9.990277026082225,14.299100605264815,0.40183663964256544,12.456591906816595,0.04374420042621803,n500__squared_error__boostrap_false
49.21987586021423,0.6182138976157353,4.313515996932983,0.036441069286994046,False,squared_error,22,1.0,2,2,500,"{'bootstrap': False, 'criterion': 'squared_error', 'max_depth': 22, 'max_features': 1.0, 'min_samples_leaf': 2, 'min_samples_split': 2, 'n_estimators': 500}",-9.666582244164395,-9.97436091366593,-10.194351127111448,-9.859273584150326,-9.860212080878947,-9.910955989994209,0.17279903421287943,3,-13.918807334990358,-14.682074805694453,-14.776097399131325,-13.757446649270864,-14.145827866070212,-14.25605081103144,0.406554613225856,1,-0.4053156146179402,-0.3763245534362701,-0.4241691842900302,-0.3796324194034348,-0.4231464737793852,-0.4017176491054121,0.020536689088237494,30,0.7947380888355106,-1.1198594072251655,1.3670166523289626,-1.0624880428974264,0.5817876770846568,0.1122389936253076,1.0157556825928917,54,-12.905153361610537,-11.764448300793982,-13.628250480750623,-11.58592508389618,-12.338516808021094,-12.444458807014481,0.7515743940414442,14,9.910955989994209,14.25605081103144,0.4017176491054121,12.444458807014481,0.1122389936253076,n500__squared_error__boostrap_false
50.67140111923218,0.44704136936239103,2.9723513603210447,0.414238419493523,False,squared_error,22,1.0,2,4,500,"{'bootstrap': False, 'criterion': 'squared_error', 'max_depth': 22, 'max_features': 1.0, 'min_samples_leaf': 2, 'min_samples_split': 4, 'n_estimators': 500}",-9.666582244164395,-9.97436091366593,-10.194351127111448,-9.859273584150326,-9.860212080878947,-9.910955989994209,0.17279903421287943,3,-13.918807334990358,-14.682074805694453,-14.776097399131325,-13.757446649270864,-14.145827866070212,-14.25605081103144,0.406554613225856,1,-0.4053156146179402,-0.3763245534362701,-0.4241691842900302,-0.3796324194034348,-0.4231464737793852,-0.4017176491054121,0.020536689088237494,30,0.79473808883551,-1.1198594072251655,1.3670166523289622,-1.062488042897427,0.5817876770846564,0.1122389936253072,1.0157556825928917,55,-12.905153361610537,-11.764448300793982,-13.628250480750625,-11.58592508389618,-12.338516808021094,-12.444458807014481,0.7515743940414448,14,9.910955989994209,14.25605081103144,0.4017176491054121,12.444458807014481,0.1122389936253072,n500__squared_error__boostrap_false
45.237315797805785,2.273268080606424,3.285963296890259,1.1321164185722155,False,squared_error,22,1.0,2,8,500,"{'bootstrap': False, 'criterion': 'squared_error', 'max_depth': 22, 'max_features': 1.0, 'min_samples_leaf': 2, 'min_samples_split': 8, 'n_estimators': 500}",-9.694146538571886,-10.001680578387568,-10.212665754799662,-9.875464213227675,-9.90021598531788,-9.936834614060933,0.1698779381466079,27,-13.921346260227642,-14.683091346106716,-14.776356032745682,-13.771458942636317,-14.184389066286926,-14.267328329600655,0.4011077289503072,7,-0.40018121413470253,-0.3796548592188919,-0.42205438066465256,-0.3769207592648388,-0.4228450874020494,-0.400331260137027,0.019770452718104396,1,0.7921643614322839,-1.1586651863126742,1.3236242241930383,-1.0818486343086435,0.5984327594025388,0.09474150488130864,1.020357677259574,68,-13.101952977325967,-11.646124338127343,-13.666828858434442,-11.665071984984918,-12.414296698140536,-12.498854971402642,0.7946551338133647,70,9.936834614060933,14.267328329600655,0.400331260137027,12.498854971402642,0.09474150488130864,n500__squared_error__boostrap_false
46.19576268196106,3.044137877381169,4.726563358306885,0.7313035003588104,False,squared_error,22,1.0,3,2,500,"{'bootstrap': False, 'criterion': 'squared_error', 'max_depth': 22, 'max_features': 1.0, 'min_samples_leaf': 3, 'min_samples_split': 2, 'n_estimators': 500}",-9.681915261702635,-9.966561616550372,-10.21610099863877,-9.86307549110922,-9.868386777624277,-9.919208029125056,0.17460201401353578,14,-13.945330323252588,-14.688622608192208,-14.800444807118884,-13.791083352022401,-14.18106841835244,-14.281309901787704,0.3996642073092123,30,-0.4044095439444277,-0.37844383893430217,-0.4229607250755287,-0.3808376016872552,-0.4255575647980711,-0.40244185488791695,0.020009399814676223,49,0.8487452801982263,-1.0975370624314578,1.3937365202286787,-1.0309783292704267,0.631190704590012,0.1490314226630065,1.0215403896244009,2,-13.019797256995428,-11.717755240901912,-13.724486495518306,-11.59562123423376,-12.336259945462825,-12.478784034622446,0.802984981268927,45,9.919208029125056,14.281309901787704,0.40244185488791695,12.478784034622446,0.1490314226630065,n500__squared_error__boostrap_false
49.944102954864505,0.35412056120422736,2.468495273590088,0.46294961856075956,False,squared_error,22,1.0,3,4,500,"{'bootstrap': False, 'criterion': 'squared_error', 'max_depth': 22, 'max_features': 1.0, 'min_samples_leaf': 3, 'min_samples_split': 4, 'n_estimators': 500}",-9.681915261702635,-9.966561616550372,-10.216100998638769,-9.86307549110922,-9.868386777624277,-9.919208029125054,0.17460201401353515,13,-13.945330323252588,-14.688622608192208,-14.800444807118884,-13.791083352022403,-14.18106841835244,-14.281309901787704,0.39966420730921187,30,-0.4044095439444277,-0.37844383893430217,-0.4229607250755287,-0.3808376016872552,-0.4255575647980711,-0.40244185488791695,0.020009399814676223,49,0.8487452801982259,-1.0975370624314567,1.3937365202286787,-1.0309783292704264,0.6311907045900128,0.1490314226630069,1.0215403896244006,1,-13.019797256995428,-11.717755240901914,-13.724486495518306,-11.59562123423376,-12.336259945462825,-12.478784034622446,0.8029849812689266,45,9.919208029125054,14.281309901787704,0.40244185488791695,12.478784034622446,0.1490314226630069,n500__squared_error__boostrap_false
48.10374975204468,1.5717039985366268,2.7631779670715333,0.7065215117343738,False,squared_error,22,1.0,3,8,500,"{'bootstrap': False, 'criterion': 'squared_error', 'max_depth': 22, 'max_features': 1.0, 'min_samples_leaf': 3, 'min_samples_split': 8, 'n_estimators': 500}",-9.689589657162003,-9.981073164266515,-10.220340952582921,-9.850220368081999,-9.888371753171642,-9.925919179053015,0.17476721941108042,17,-13.955510957556067,-14.698708908928515,-14.823649326713209,-13.772554793158593,-14.172311001037546,-14.284546997478785,0.4111347861788168,37,-0.40471156750226517,-0.37723281864971236,-0.4232628398791541,-0.3817414884001205,-0.41983122362869196,-0.40135598761198876,0.01896923983001552,18,0.8124582442534405,-1.1378035777897961,1.380984111226075,-1.0455969209575329,0.5995765599088121,0.12192368332819972,1.0237422082997163,37,-12.97473156775617,-11.721235731995428,-13.704634532907845,-11.532180434493332,-12.490672111558128,-12.48469087574218,0.8023188990509472,53,9.925919179053015,14.284546997478785,0.40135598761198876,12.48469087574218,0.12192368332819972,n500__squared_error__boostrap_false
42.06501455307007,1.5088016351055487,4.192268705368042,0.3204627806043356,False,squared_error,22,1.0,4,2,500,"{'bootstrap': False, 'criterion': 'squared_error', 'max_depth': 22, 'max_features': 1.0, 'min_samples_leaf': 4, 'min_samples_split': 2, 'n_estimators': 500}",-9.705885321851587,-9.99099433042011,-10.230462228270984,-9.8790631108937,-9.85803275101202,-9.93288754848968,0.17433152889816164,19,-13.986750009865341,-14.712389724406654,-14.841140050458957,-13.798423226628612,-14.14563721669189,-14.296868045610292,0.40899424888158636,63,-0.40682573240712777,-0.37723281864971236,-0.4229607250755287,-0.38264537511298585,-0.42163954189270647,-0.4022608386276122,0.019162598400630653,41,0.8532529132841841,-1.1369117824305894,1.390360626026004,-1.0146073471290111,0.5949588701014356,0.13741065597040464,1.0239831336062457,10,-12.977470934125662,-11.735567678976478,-13.737472731329651,-11.583121527533466,-12.39564910609523,-12.485856395612098,0.7992783071935071,57,9.93288754848968,14.296868045610292,0.4022608386276122,12.485856395612098,0.13741065597040464,n500__squared_error__boostrap_false
42.480544853210446,0.8036085297368823,2.992293119430542,0.58670311109716,False,squared_error,22,1.0,4,4,500,"{'bootstrap': False, 'criterion': 'squared_error', 'max_depth': 22, 'max_features': 1.0, 'min_samples_leaf': 4, 'min_samples_split': 4, 'n_estimators': 500}",-9.705885321851586,-9.99099433042011,-10.230462228270982,-9.879063110893702,-9.85803275101202,-9.93288754848968,0.17433152889816136,19,-13.986750009865341,-14.712389724406654,-14.841140050458959,-13.798423226628612,-14.14563721669189,-14.296868045610292,0.40899424888158686,63,-0.40682573240712777,-0.37723281864971236,-0.4229607250755287,-0.38264537511298585,-0.42163954189270647,-0.4022608386276122,0.019162598400630653,41,0.8532529132841842,-1.1369117824305905,1.3903606260260044,-1.014607347129011,0.5949588701014348,0.1374106559704044,1.023983133606246,11,-12.977470934125662,-11.73556767897648,-13.737472731329651,-11.583121527533466,-12.39564910609523,-12.485856395612098,0.7992783071935068,57,9.93288754848968,14.296868045610292,0.4022608386276122,12.485856395612098,0.1374106559704044,n500__squared_error__boostrap_false
43.17022862434387,0.6147980830540487,2.5163402557373047,0.30656224340980387,False,squared_error,22,1.0,4,8,500,"{'bootstrap': False, 'criterion': 'squared_error', 'max_depth': 22, 'max_features': 1.0, 'min_samples_leaf': 4, 'min_samples_split': 8, 'n_estimators': 500}",-9.705885321851586,-9.99099433042011,-10.230462228270982,-9.8790631108937,-9.85803275101202,-9.93288754848968,0.17433152889816148,19,-13.986750009865338,-14.712389724406652,-14.841140050458959,-13.798423226628612,-14.14563721669189,-14.29686804561029,0.40899424888158703,62,-0.40682573240712777,-0.37723281864971236,-0.4229607250755287,-0.38264537511298585,-0.42163954189270647,-0.4022608386276122,0.019162598400630653,41,0.8532529132841838,-1.1369117824305905,1.390360626026004,-1.014607347129011,0.594958870101435,0.1374106559704043,1.0239831336062457,12,-12.977470934125662,-11.73556767897648,-13.737472731329651,-11.583121527533466,-12.39564910609523,-12.485856395612098,0.7992783071935068,57,9.93288754848968,14.29686804561029,0.4022608386276122,12.485856395612098,0.1374106559704043,n500__squared_error__boostrap_false
55.75012683868408,1.6776865023895264,4.69755744934082,1.361615767521153,False,squared_error,24,0.875,1,2,500,"{'bootstrap': False, 'criterion': 'squared_error', 'max_depth': 24, 'max_features': 0.875, 'min_samples_leaf': 1, 'min_samples_split': 2, 'n_estimators': 500}",-9.767856216009257,-10.090693612474224,-10.319800856435373,-10.01858060356679,-9.965517404456651,-10.032489738588458,0.17924565725425207,92,-13.97197156538436,-14.67049643580775,-14.859069844788928,-13.863658077170399,-14.160099235969609,-14.305059031824209,0.39173151075574186,76,-0.40471156750226517,-0.37723281864971236,-0.42477341389728096,-0.38053630611630007,-0.4246534056660639,-0.4023815023663245,0.02055496764298657,48,0.7157788778166261,-1.2531307415626143,1.326961172955425,-1.1798454798009235,0.5091684061530004,0.023786447112302732,1.0480420658169078,94,-12.951983505842351,-11.713671814855955,-13.70938204739813,-11.613524099674944,-12.333217714550326,-12.46435583646434,0.7864488999929383,37,10.032489738588458,14.305059031824209,0.4023815023663245,12.46435583646434,0.023786447112302732,n500__squared_error__boostrap_false
48.61601033210754,0.7312076694175313,2.8168405055999757,0.6101492145158975,False,squared_error,24,0.875,1,4,500,"{'bootstrap': False, 'criterion': 'squared_error', 'max_depth': 24, 'max_features': 0.875, 'min_samples_leaf': 1, 'min_samples_split': 4, 'n_estimators': 500}",-9.784250820538402,-10.062944383793491,-10.315496548910293,-10.023915715335841,-9.944771156723785,-10.026275725060362,0.1733308363772672,89,-13.99555858048012,-14.613289218396526,-14.841387959668248,-13.87866659839682,-14.144151739772388,-14.294610819342818,0.3702974302741612,56,-0.4044095439444277,-0.37935210414774445,-0.427190332326284,-0.3844531485387165,-0.4246534056660639,-0.4040117069246473,0.01976926853470105,93,0.7464295808058374,-1.2316864890935202,1.299737044948298,-1.1349514220143218,0.5060584890720525,0.03711744074366918,1.0296452316391171,86,-13.01982181062389,-11.639922117395852,-13.594916264381874,-11.560529972387979,-12.305128731281263,-12.424063779214173,0.7874690471339562,3,10.026275725060362,14.294610819342818,0.4040117069246473,12.424063779214173,0.03711744074366918,n500__squared_error__boostrap_false
45.4062563419342,0.2964485069865562,3.1933385848999025,0.14025813688288954,False,squared_error,24,0.875,1,8,500,"{'bootstrap': False, 'criterion': 'squared_error', 'max_depth': 24, 'max_features': 0.875, 'min_samples_leaf': 1, 'min_samples_split': 8, 'n_estimators': 500}",-9.807330194873893,-10.082704943172896,-10.387730756665142,-9.990276957283774,-9.940506998485894,-10.04170997009632,0.19454163968586632,95,-14.022189665287303,-14.664741346939978,-14.912698743171093,-13.825895558005135,-14.115596500429207,-14.308224362766543,0.41086641478291874,78,-0.4059196617336152,-0.3751135331516803,-0.4244712990936556,-0.3820427839710756,-0.42616033755274263,-0.4027415231005539,0.021083017954707704,63,0.715864421240313,-1.2806158634290103,1.3220753292168173,-1.1599453408650922,0.5378765665006316,0.027051022532731884,1.0518029892401262,91,-12.962164201619844,-11.732566678932224,-13.793401474828928,-11.55673132290757,-12.29394507377132,-12.467761750411977,0.8249187757298265,41,10.04170997009632,14.308224362766543,0.4027415231005539,12.467761750411977,0.027051022532731884,n500__squared_error__boostrap_false
41.632852125167844,2.5049358279108076,3.8956982135772704,0.9684054279246079,False,squared_error,24,0.875,2,2,500,"{'bootstrap': False, 'criterion': 'squared_error', 'max_depth': 24, 'max_features': 0.875, 'min_samples_leaf': 2, 'min_samples_split': 2, 'n_estimators': 500}",-9.723039125552368,-10.03077655537053,-10.26341336268137,-9.945431994928134,-9.8613069071706,-9.964793589140601,0.18058632634974436,45,-13.997360748980881,-14.612696032014153,-14.816867276821164,-13.827222940987241,-14.101338888287492,-14.271097177418184,0.37824030076472787,16,-0.40380549682875266,-0.37723281864971236,-0.4241691842900302,-0.38294667068394095,-0.4258589511754069,-0.40280262432556857,0.020185161396920594,65,0.8348919914870275,-1.223149908053864,1.3762589518372326,-1.0796444282524,0.5873333410262751,0.09913798960885425,1.0534400673557638,64,-13.073040362197995,-11.673993104368758,-13.720553903510176,-11.575747023523512,-12.267724113063425,-12.462211701332773,0.8247994125009184,32,9.964793589140601,14.271097177418184,0.40280262432556857,12.462211701332773,0.09913798960885425,n500__squared_error__boostrap_false
42.692504739761354,0.1177834149896353,2.1505408763885496,0.06627421096036214,False,squared_error,24,0.875,2,4,500,"{'bootstrap': False, 'criterion': 'squared_error', 'max_depth': 24, 'max_features': 0.875, 'min_samples_leaf': 2, 'min_samples_split': 4, 'n_estimators': 500}",-9.723039125552368,-10.03077655537053,-10.26341336268137,-9.945431994928134,-9.8613069071706,-9.964793589140601,0.18058632634974436,45,-13.997360748980881,-14.612696032014153,-14.816867276821164,-13.827222940987241,-14.101338888287492,-14.271097177418184,0.37824030076472787,16,-0.40380549682875266,-0.37723281864971236,-0.4241691842900302,-0.38294667068394095,-0.4258589511754069,-0.40280262432556857,0.020185161396920594,65,0.8348919914870275,-1.2231499080538635,1.376258951837233,-1.0796444282524007,0.5873333410262751,0.0991379896088543,1.0534400673557638,63,-13.073040362197995,-11.673993104368758,-13.720553903510176,-11.575747023523512,-12.267724113063425,-12.462211701332773,0.8247994125009184,32,9.964793589140601,14.271097177418184,0.40280262432556857,12.462211701332773,0.0991379896088543,n500__squared_error__boostrap_false
39.556077337265016,0.6504900482562639,2.9720099449157713,0.569703045702444,False,squared_error,24,0.875,2,8,500,"{'bootstrap': False, 'criterion': 'squared_error', 'max_depth': 24, 'max_features': 0.875, 'min_samples_leaf': 2, 'min_samples_split': 8, 'n_estimators': 500}",-9.765873611906487,-10.04704670432784,-10.305896474871554,-9.951131845141612,-9.908829991672029,-9.995755725583903,0.17956124803523665,71,-13.996171436424595,-14.618546146903054,-14.872270943702663,-13.814519055759588,-14.12482767267146,-14.285267051092271,0.3966281052376604,40,-0.40320144971307764,-0.37844383893430217,-0.4226586102719033,-0.38264537511298585,-0.4219409282700422,-0.4017780404604623,0.018735582075476487,32,0.8084482127983037,-1.2407591623748857,1.383984333832683,-1.1124988301446195,0.5921491378153423,0.08626473838536475,1.0639145333280693,70,-13.112951146665756,-11.634867100428249,-13.828986946680136,-11.549379124714573,-12.443660268442535,-12.513968917386249,0.8713494026143772,81,9.995755725583903,14.285267051092271,0.4017780404604623,12.513968917386249,0.08626473838536475,n500__squared_error__boostrap_false
37.305403280258176,2.3103638771240216,3.5907467365264893,1.3662493912584095,False,squared_error,24,0.875,3,2,500,"{'bootstrap': False, 'criterion': 'squared_error', 'max_depth': 24, 'max_features': 0.875, 'min_samples_leaf': 3, 'min_samples_split': 2, 'n_estimators': 500}",-9.738572672192534,-10.04718892325605,-10.271314746245073,-9.907195345050447,-9.866470181762883,-9.966148373701397,0.18160175497835246,47,-14.02046309046159,-14.653741885077146,-14.845856245248608,-13.796546638720152,-14.125024853820744,-14.288326542665647,0.39613974460103646,49,-0.40471156750226517,-0.37935210414774445,-0.4232628398791541,-0.3799337149743899,-0.4252561784207354,-0.4025032809848577,0.019994461510130478,55,0.8433044423881509,-1.2183114800707102,1.411155456730546,-1.0783118317019296,0.6249580559750768,0.11655892866422682,1.0651013122650659,51,-13.073356390439047,-11.63678459490869,-13.800491210510101,-11.618978739414642,-12.33542129440629,-12.493006445935753,0.8447716659079354,62,9.966148373701397,14.288326542665647,0.4025032809848577,12.493006445935753,0.11655892866422682,n500__squared_error__boostrap_false
39.16182589530945,1.4591582732754573,2.8102439403533936,0.9337021079465478,False,squared_error,24,0.875,3,4,500,"{'bootstrap': False, 'criterion': 'squared_error', 'max_depth': 24, 'max_features': 0.875, 'min_samples_leaf': 3, 'min_samples_split': 4, 'n_estimators': 500}",-9.738572672192534,-10.04718892325605,-10.271314746245073,-9.907195345050447,-9.866470181762882,-9.966148373701397,0.18160175497835265,47,-14.02046309046159,-14.653741885077146,-14.845856245248607,-13.796546638720152,-14.125024853820742,-14.288326542665647,0.39613974460103607,49,-0.40471156750226517,-0.37935210414774445,-0.4232628398791541,-0.3799337149743899,-0.4252561784207354,-0.4025032809848577,0.019994461510130478,55,0.8433044423881506,-1.2183114800707102,1.411155456730546,-1.0783118317019298,0.624958055975076,0.11655892866422653,1.0651013122650657,52,-13.073356390439045,-11.636784594908688,-13.800491210510101,-11.618978739414644,-12.335421294406288,-12.493006445935753,0.8447716659079353,62,9.966148373701397,14.288326542665647,0.4025032809848577,12.493006445935753,0.11655892866422653,n500__squared_error__boostrap_false
39.53866424560547,0.17036764113919547,1.9707323551177978,0.07183691712617345,False,squared_error,24,0.875,3,8,500,"{'bootstrap': False, 'criterion': 'squared_error', 'max_depth': 24, 'max_features': 0.875, 'min_samples_leaf': 3, 'min_samples_split': 8, 'n_estimators': 500}",-9.772177344183909,-10.06072042665484,-10.276384350071773,-9.926608856844652,-9.871319132265231,-9.98144202200408,0.17447147306019722,59,-14.044160801570293,-14.643915890344157,-14.849657642820253,-13.807368805516386,-14.119183463662505,-14.29285732078272,0.39012315585069335,53,-0.4053156146179402,-0.37693006357856496,-0.4217522658610272,-0.3841518529677614,-0.42374924653405666,-0.40237980871187007,0.01908146652178347,46,0.8607066864955154,-1.2402889718816377,1.4066700521502977,-1.0652855855748606,0.6088537759670616,0.1141311914312753,1.067544849139476,53,-13.116795464075848,-11.7003554598859,-13.850612489740348,-11.533620367586055,-12.366007720311076,-12.513478300319845,0.8712011632848797,80,9.98144202200408,14.29285732078272,0.40237980871187007,12.513478300319845,0.1141311914312753,n500__squared_error__boostrap_false
36.58977818489075,2.899993552143671,3.198452663421631,1.6147557707727387,False,squared_error,24,0.875,4,2,500,"{'bootstrap': False, 'criterion': 'squared_error', 'max_depth': 24, 'max_features': 0.875, 'min_samples_leaf': 4, 'min_samples_split': 2, 'n_estimators': 500}",-9.804692876255594,-10.082746849370048,-10.297838953411985,-9.94037168964472,-9.873259726243095,-9.999782018985087,0.17511045122705557,81,-14.098569371356414,-14.681157680046534,-14.891324336060794,-13.844105816619946,-14.093868944460322,-14.3218052297088,0.39584646617504254,94,-0.40561763817577773,-0.38116863457462913,-0.42084592145015104,-0.3799337149743899,-0.4273658830620856,-0.4029863584474067,0.019635102699901825,72,0.8741494895026607,-1.2444887156801778,1.4317267533291438,-1.0990584516154878,0.636135991073559,0.11969301332193957,1.086618367382736,43,-13.163680965385549,-11.593632492286593,-13.935700821720436,-11.63533649366337,-12.295548303969206,-12.52477981540503,0.9065963392034107,85,9.999782018985087,14.3218052297088,0.4029863584474067,12.52477981540503,0.11969301332193957,n500__squared_error__boostrap_false
35.41679706573486,2.038190116975027,3.987064552307129,0.4967164669424297,False,squared_error,24,0.875,4,4,500,"{'bootstrap': False, 'criterion': 'squared_error', 'max_depth': 24, 'max_features': 0.875, 'min_samples_leaf': 4, 'min_samples_split': 4, 'n_estimators': 500}",-9.804692876255594,-10.082746849370048,-10.297838953411985,-9.94037168964472,-9.873259726243095,-9.999782018985087,0.17511045122705557,81,-14.098569371356414,-14.681157680046534,-14.891324336060794,-13.844105816619946,-14.093868944460324,-14.3218052297088,0.3958464661750424,94,-0.40561763817577773,-0.38116863457462913,-0.42084592145015104,-0.3799337149743899,-0.4273658830620856,-0.4029863584474067,0.019635102699901825,72,0.8741494895026606,-1.2444887156801778,1.4317267533291436,-1.0990584516154878,0.6361359910735592,0.11969301332193953,1.086618367382736,44,-13.163680965385545,-11.593632492286593,-13.935700821720436,-11.635336493663372,-12.295548303969206,-12.524779815405031,0.9065963392034099,86,9.999782018985087,14.3218052297088,0.4029863584474067,12.524779815405031,0.11969301332193953,n500__squared_error__boostrap_false
37.85454115867615,0.14873018087312856,3.193790340423584,0.050962015929754675,False,squared_error,24,0.875,4,8,500,"{'bootstrap': False, 'criterion': 'squared_error', 'max_depth': 24, 'max_features': 0.875, 'min_samples_leaf': 4, 'min_samples_split': 8, 'n_estimators': 500}",-9.804692876255594,-10.08274684937005,-10.297838953411985,-9.94037168964472,-9.873259726243095,-9.99978201898509,0.17511045122705574,83,-14.098569371356414,-14.681157680046534,-14.891324336060794,-13.844105816619946,-14.093868944460324,-14.3218052297088,0.3958464661750424,94,-0.40561763817577773,-0.38116863457462913,-0.42084592145015104,-0.3799337149743899,-0.4273658830620856,-0.4029863584474067,0.019635102699901825,72,0.8741494895026608,-1.2444887156801785,1.4317267533291436,-1.099058451615487,0.6361359910735593,0.1196930133219396,1.086618367382736,42,-13.163680965385545,-11.593632492286593,-13.935700821720436,-11.635336493663372,-12.295548303969206,-12.524779815405031,0.9065963392034099,86,9.99978201898509,14.3218052297088,0.4029863584474067,12.524779815405031,0.1196930133219396,n500__squared_error__boostrap_false
63.93353276252746,0.4882176094882533,5.035114383697509,0.03850896679200439,False,squared_error,24,1.0,1,2,500,"{'bootstrap': False, 'criterion': 'squared_error', 'max_depth': 24, 'max_features': 1.0, 'min_samples_leaf': 1, 'min_samples_split': 2, 'n_estimators': 500}",-9.725232799328587,-10.017118120804703,-10.253496556817106,-9.955020274042411,-9.957415783550877,-9.981656706908737,0.1686444533173047,60,-13.925734367067923,-14.698542735101572,-14.783319741258854,-13.815340892803496,-14.194946320825617,-14.283576811411493,0.3942311931002756,33,-0.40108728480821504,-0.37693006357856496,-0.42386706948640485,-0.3814401928291654,-0.42163954189270647,-0.40099283051901136,0.01954916271332083,6,0.7137811308472672,-1.1952663069036937,1.3240229943308974,-1.1374649935769894,0.500879179445178,0.04119040082853191,1.022487677686382,84,-13.013394248046783,-11.702239574825315,-13.657017004383428,-11.558240906739625,-12.401938058334851,-12.466565958466001,0.7911536964218867,40,9.981656706908737,14.283576811411493,0.40099283051901136,12.466565958466001,0.04119040082853191,n500__squared_error__boostrap_false
56.12851967811584,0.9319681788484315,3.704108381271362,0.34499975049842807,False,squared_error,24,1.0,1,4,500,"{'bootstrap': False, 'criterion': 'squared_error', 'max_depth': 24, 'max_features': 1.0, 'min_samples_leaf': 1, 'min_samples_split': 4, 'n_estimators': 500}",-9.696035726136229,-10.047792465013512,-10.284343071278737,-9.904420705586787,-9.942706558731988,-9.975059705349448,0.19226920196869818,56,-13.882220519774476,-14.74212753566556,-14.826471668832474,-13.776001775814256,-14.16901314394104,-14.279166928805562,0.4328395733080607,26,-0.4022953790395651,-0.3781410838631547,-0.42235649546827797,-0.37842723711961435,-0.42103676913803495,-0.40045139292572945,0.01944121830251065,2,0.7143449547244775,-1.1775738168941392,1.2600919773119013,-1.1262634490675214,0.4761746173676606,0.02935485668847574,0.9975674097258257,90,-12.938727640514188,-11.72871585057578,-13.666695282845144,-11.598210164963152,-12.37288752408684,-12.46104729259702,0.7707574178372527,29,9.975059705349448,14.279166928805562,0.40045139292572945,12.46104729259702,0.02935485668847574,n500__squared_error__boostrap_false
49.72686424255371,0.30204085072765713,3.9683700084686278,0.10606490335623556,False,squared_error,24,1.0,1,8,500,"{'bootstrap': False, 'criterion': 'squared_error', 'max_depth': 24, 'max_features': 1.0, 'min_samples_leaf': 1, 'min_samples_split': 8, 'n_estimators': 500}",-9.758805853663425,-10.02911082595981,-10.289202817537195,-9.931713819941603,-9.909380779097686,-9.983642819239943,0.17561172219323393,64,-13.980687116126337,-14.687081107307293,-14.854709160060011,-13.80620598757786,-14.158165056568704,-14.29736968552804,0.40581026078881927,65,-0.4028994261552401,-0.3787465940054496,-0.41933534743202416,-0.380235010545345,-0.4213381555153707,-0.4005109067306859,0.018322860907726356,3,0.6983642363734701,-1.19069619501668,1.2562907195042126,-1.1490476511788414,0.4773690576849274,0.018456033473417743,1.003017946344118,95,-12.977395115484315,-11.667979027180321,-13.766420607927614,-11.548997232220128,-12.3259069951519,-12.457339795592855,0.8306143900927261,27,9.983642819239943,14.29736968552804,0.4005109067306859,12.457339795592855,0.018456033473417743,n500__squared_error__boostrap_false
50.46873435974121,1.0123489461214665,4.37035059928894,0.5377470334197352,False,squared_error,24,1.0,2,2,500,"{'bootstrap': False, 'criterion': 'squared_error', 'max_depth': 24, 'max_features': 1.0, 'min_samples_leaf': 2, 'min_samples_split': 2, 'n_estimators': 500}",-9.668590549091086,-9.968281627494111,-10.20573894396836,-9.873887702869498,-9.839427482353845,-9.911185261155378,0.176303345460007,5,-13.934090359351783,-14.692165720745548,-14.811848711073976,-13.768309509119591,-14.144336343114878,-14.270150128681156,0.41283018270325483,13,-0.40561763817577773,-0.37904934907659704,-0.4229607250755287,-0.3811388972582103,-0.42374924653405666,-0.4025031712240342,0.019422260967610537,53,0.8019385876851925,-1.1424441746841263,1.349478584603342,-1.0286907518000608,0.6189635288458483,0.11984915493003914,1.0137926863204636,41,-12.906895745296449,-11.642069132041287,-13.659917864132977,-11.603639794703346,-12.34030632118086,-12.430565771470985,0.7812652688439057,6,9.911185261155378,14.270150128681156,0.4025031712240342,12.430565771470985,0.11984915493003914,n500__squared_error__boostrap_false
50.12347354888916,0.3271296222946506,4.276013803482056,0.9275337176310099,False,squared_error,24,1.0,2,4,500,"{'bootstrap': False, 'criterion': 'squared_error', 'max_depth': 24, 'max_features': 1.0, 'min_samples_leaf': 2, 'min_samples_split': 4, 'n_estimators': 500}",-9.668590549091087,-9.968281627494111,-10.20573894396836,-9.873887702869498,-9.839427482353845,-9.911185261155381,0.17630334546000653,6,-13.934090359351783,-14.692165720745546,-14.811848711073974,-13.768309509119591,-14.144336343114878,-14.270150128681152,0.41283018270325395,12,-0.40561763817577773,-0.37904934907659704,-0.4229607250755287,-0.3811388972582103,-0.42374924653405666,-0.4025031712240342,0.019422260967610537,53,0.8019385876851929,-1.1424441746841263,1.3494785846033428,-1.0286907518000605,0.6189635288458486,0.11984915493003948,1.013792686320464,40,-12.906895745296449,-11.642069132041284,-13.659917864132977,-11.603639794703344,-12.34030632118086,-12.430565771470985,0.7812652688439069,6,9.911185261155381,14.270150128681152,0.4025031712240342,12.430565771470985,0.11984915493003948,n500__squared_error__boostrap_false
45.0425612449646,0.3278584537508822,3.917217969894409,0.4267231108078485,False,squared_error,24,1.0,2,8,500,"{'bootstrap': False, 'criterion': 'squared_error', 'max_depth': 24, 'max_features': 1.0, 'min_samples_leaf': 2, 'min_samples_split': 8, 'n_estimators': 500}",-9.703291141773208,-9.964539146894626,-10.233974045367976,-9.912493615989971,-9.889069742855938,-9.940673538576345,0.17111529249389634,32,-13.939538203913399,-14.643815361837298,-14.81766206192979,-13.830830669397411,-14.16965074124504,-14.280299407664586,0.38763022152017773,28,-0.4050135910601027,-0.37329700272479566,-0.4241691842900302,-0.3820427839710756,-0.42254370102471367,-0.4014132526141435,0.02070279824896708,19,0.7896695395928646,-1.178290453198214,1.3349298568432555,-1.0691491374688997,0.5674845742061322,0.08892887599502772,1.0217202152971356,69,-12.953837739001889,-11.768442593381689,-13.637133873333037,-11.57376195749662,-12.373340664768884,-12.461303365596423,0.7616680024016647,30,9.940673538576345,14.280299407664586,0.4014132526141435,12.461303365596423,0.08892887599502772,n500__squared_error__boostrap_false
44.22390389442444,1.0148729861714767,4.180224227905273,0.7980579906569031,False,squared_error,24,1.0,3,2,500,"{'bootstrap': False, 'criterion': 'squared_error', 'max_depth': 24, 'max_features': 1.0, 'min_samples_leaf': 3, 'min_samples_split': 2, 'n_estimators': 500}",-9.673929177932544,-9.959556205693382,-10.212532231669025,-9.844838182446697,-9.886769505201462,-9.915525060588623,0.1756952410487345,9,-13.94358000499642,-14.670070267153335,-14.79839555622169,-13.762365594781292,-14.178683363762337,-14.270618957383016,0.4029485320751053,14,-0.40622168529145275,-0.37935210414774445,-0.4226586102719033,-0.38053630611630007,-0.4204339963833635,-0.4018405404421528,0.01875048390118593,37,0.8299345975407773,-1.0990201797252162,1.3984067845209447,-1.0253026167711774,0.6181453893837083,0.14443279498980735,1.0179610349776604,3,-12.928733442599318,-11.67851176926291,-13.735599765399858,-11.58829712687136,-12.492941799366877,-12.484816780700065,0.8019303404441617,54,9.915525060588623,14.270618957383016,0.4018405404421528,12.484816780700065,0.14443279498980735,n500__squared_error__boostrap_false
43.56627950668335,0.3755606929245751,4.483562231063843,0.39260670451421464,False,squared_error,24,1.0,3,4,500,"{'bootstrap': False, 'criterion': 'squared_error', 'max_depth': 24, 'max_features': 1.0, 'min_samples_leaf': 3, 'min_samples_split': 4, 'n_estimators': 500}",-9.673929177932544,-9.959556205693383,-10.212532231669025,-9.844838182446699,-9.886769505201462,-9.915525060588624,0.17569524104873444,10,-13.943580004996424,-14.670070267153335,-14.79839555622169,-13.762365594781292,-14.178683363762337,-14.270618957383016,0.4029485320751047,14,-0.40622168529145275,-0.37935210414774445,-0.4226586102719033,-0.38053630611630007,-0.4204339963833635,-0.4018405404421528,0.01875048390118593,37,0.8299345975407776,-1.0990201797252173,1.398406784520945,-1.0253026167711774,0.6181453893837081,0.1444327949898072,1.0179610349776609,4,-12.928733442599318,-11.67851176926291,-13.735599765399858,-11.58829712687136,-12.492941799366877,-12.484816780700065,0.8019303404441617,54,9.915525060588624,14.270618957383016,0.4018405404421528,12.484816780700065,0.1444327949898072,n500__squared_error__boostrap_false
42.12671256065369,0.4309747846691078,3.3859100341796875,0.436586238770389,False,squared_error,24,1.0,3,8,500,"{'bootstrap': False, 'criterion': 'squared_error', 'max_depth': 24, 'max_features': 1.0, 'min_samples_leaf': 3, 'min_samples_split': 8, 'n_estimators': 500}",-9.682345819876764,-9.986254293348013,-10.248489495546277,-9.876425625783142,-9.877335539127827,-9.934170154736403,0.1851969250743519,23,-13.946558680398132,-14.704441964288664,-14.846459925114733,-13.815763742202332,-14.167917828312978,-14.296228428063369,0.4096271105054121,61,-0.4080338266384778,-0.3796548592188919,-0.42477341389728096,-0.3799337149743899,-0.4228450874020494,-0.40304818042621793,0.019850873802271907,77,0.796840431997068,-1.129969101117892,1.3925174463557417,-1.052895314319917,0.6220652730811378,0.12571174719922767,1.0263942918705757,32,-12.841075381182181,-11.663600474456176,-13.7026077445575,-11.611933823848707,-12.41518599248373,-12.44688068330566,0.7802446551323197,17,9.934170154736403,14.296228428063369,0.40304818042621793,12.44688068330566,0.12571174719922767,n500__squared_error__boostrap_false
40.93864116668701,0.8011918918051361,3.492274856567383,0.7872387468629839,False,squared_error,24,1.0,4,2,500,"{'bootstrap': False, 'criterion': 'squared_error', 'max_depth': 24, 'max_features': 1.0, 'min_samples_leaf': 4, 'min_samples_split': 2, 'n_estimators': 500}",-9.722738828795247,-10.00406914921509,-10.240444930328751,-9.852243157992254,-9.856399024231813,-9.935179018112631,0.17671932870596146,24,-14.001843998665601,-14.708369430607927,-14.847652627622326,-13.781128362104436,-14.150280005507124,-14.297854884901483,0.4116325641389032,66,-0.40682573240712777,-0.37723281864971236,-0.42084592145015104,-0.3799337149743899,-0.4228450874020494,-0.40153665497668606,0.019556251589636992,22,0.8521869663872356,-1.1564073205342196,1.3920456436514983,-1.041186102375965,0.6341451423267028,0.13615686589105042,1.0387306379755596,14,-12.996874279082853,-11.727057391706625,-13.82036748021343,-11.595518781756725,-12.40471330885287,-12.5089062483225,0.8263732605915238,77,9.935179018112631,14.297854884901483,0.40153665497668606,12.5089062483225,0.13615686589105042,n500__squared_error__boostrap_false
39.7490650177002,0.35791969811703594,3.8366888046264647,0.20928159184440315,False,squared_error,24,1.0,4,4,500,"{'bootstrap': False, 'criterion': 'squared_error', 'max_depth': 24, 'max_features': 1.0, 'min_samples_leaf': 4, 'min_samples_split': 4, 'n_estimators': 500}",-9.722738828795249,-10.00406914921509,-10.240444930328751,-9.852243157992254,-9.856399024231811,-9.935179018112631,0.1767193287059612,24,-14.001843998665601,-14.708369430607927,-14.847652627622326,-13.781128362104436,-14.150280005507124,-14.297854884901483,0.4116325641389032,66,-0.40682573240712777,-0.37723281864971236,-0.42084592145015104,-0.3799337149743899,-0.4228450874020494,-0.40153665497668606,0.019556251589636992,22,0.8521869663872357,-1.1564073205342207,1.392045643651499,-1.0411861023759652,0.6341451423267034,0.13615686589105042,1.0387306379755603,14,-12.996874279082851,-11.727057391706625,-13.820367480213434,-11.595518781756725,-12.404713308852873,-12.5089062483225,0.8263732605915246,77,9.935179018112631,14.297854884901483,0.40153665497668606,12.5089062483225,0.13615686589105042,n500__squared_error__boostrap_false
39.38157148361206,0.7154949333798811,4.25071349143982,0.11390168637448893,False,squared_error,24,1.0,4,8,500,"{'bootstrap': False, 'criterion': 'squared_error', 'max_depth': 24, 'max_features': 1.0, 'min_samples_leaf': 4, 'min_samples_split': 8, 'n_estimators': 500}",-9.722738828795247,-10.00406914921509,-10.240444930328751,-9.852243157992254,-9.856399024231813,-9.935179018112631,0.17671932870596146,24,-14.001843998665601,-14.708369430607927,-14.847652627622326,-13.781128362104436,-14.150280005507124,-14.297854884901483,0.4116325641389032,66,-0.40682573240712777,-0.37723281864971236,-0.42084592145015104,-0.3799337149743899,-0.4228450874020494,-0.40153665497668606,0.019556251589636992,22,0.8521869663872357,-1.1564073205342196,1.3920456436514983,-1.041186102375965,0.6341451423267034,0.13615686589105055,1.0387306379755599,13,-12.996874279082853,-11.727057391706625,-13.820367480213434,-11.595518781756725,-12.40471330885287,-12.5089062483225,0.8263732605915249,77,9.935179018112631,14.297854884901483,0.40153665497668606,12.5089062483225,0.13615686589105055,n500__squared_error__boostrap_false
54.27086958885193,0.6424451112202436,4.582256078720093,0.6009299520619518,False,squared_error,26,0.875,1,2,500,"{'bootstrap': False, 'criterion': 'squared_error', 'max_depth': 26, 'max_features': 0.875, 'min_samples_leaf': 1, 'min_samples_split': 2, 'n_estimators': 500}",-9.80994148308198,-10.064292806958463,-10.310923789061597,-10.029352907570889,-9.92880267208099,-10.028662731750783,0.16658469270174942,90,-14.016167806926306,-14.60981026150953,-14.836466024268319,-13.868668353040356,-14.108666378655482,-14.28795576488,0.37047783563486747,48,-0.4025974025974026,-0.37753557372085983,-0.4256797583081571,-0.3814401928291654,-0.4252561784207354,-0.4025018211752641,0.020600448440472666,52,0.7554419125329854,-1.2402907607215716,1.3082182710742192,-1.1804321360487928,0.48371008055050674,0.025329473477469378,1.043516771099044,92,-13.121524539715363,-11.68631866829208,-13.64775025516308,-11.599355466304045,-12.24263547598558,-12.45951688109203,0.8043510888884621,28,10.028662731750783,14.28795576488,0.4025018211752641,12.45951688109203,0.025329473477469378,n500__squared_error__boostrap_false
47.30355849266052,0.40407967091851366,3.699227237701416,0.5392163005448907,False,squared_error,26,0.875,1,4,500,"{'bootstrap': False, 'criterion': 'squared_error', 'max_depth': 26, 'max_features': 0.875, 'min_samples_leaf': 1, 'min_samples_split': 4, 'n_estimators': 500}",-9.775744086442302,-10.067880394171254,-10.32273449738391,-9.99183781239078,-9.924315779159905,-10.01650251390963,0.1808253722485541,85,-13.987591116971435,-14.614455933847031,-14.85376208864618,-13.82876409094454,-14.105589214478735,-14.278032488977583,0.3900205823174629,22,-0.40471156750226517,-0.37723281864971236,-0.42356495468277944,-0.38234407954203076,-0.4252561784207354,-0.4026219197595046,0.02005534474237971,57,0.7289966547508364,-1.2360930783438144,1.309772970021548,-1.1683683127550963,0.48825634736798756,0.024512916208292223,1.0368550345787602,93,-12.978058430630774,-11.70601665496711,-13.73166894333526,-11.5386506183179,-12.242705285549096,-12.43941998656003,0.8182910625036012,11,10.01650251390963,14.278032488977583,0.4026219197595046,12.43941998656003,0.024512916208292223,n500__squared_error__boostrap_false
40.78873138427734,0.7676296634598073,3.2762702465057374,0.14035850407320388,False,squared_error,26,0.875,1,8,500,"{'bootstrap': False, 'criterion': 'squared_error', 'max_depth': 26, 'max_features': 0.875, 'min_samples_leaf': 1, 'min_samples_split': 8, 'n_estimators': 500}",-9.795548668611406,-10.112577952274112,-10.36738896342911,-9.999000482838808,-9.940946620711317,-10.04309253757295,0.1916519028665799,96,-13.998298629467847,-14.70706227650416,-14.916742385199008,-13.834925901283759,-14.12346726758722,-14.3160992920084,0.4202990293894761,84,-0.40712775596496525,-0.37783832879200724,-0.4241691842900302,-0.38234407954203076,-0.42646172393007836,-0.40358821450382243,0.020365028794555283,87,0.7501850573369746,-1.2613020710826206,1.3040916894716659,-1.171029203806566,0.5330892459389682,0.03100694357168443,1.049285667192055,88,-12.951381441622807,-11.713046568740182,-13.758048775321068,-11.544537697048073,-12.280159365917187,-12.449434769729862,0.8190459735686023,21,10.04309253757295,14.3160992920084,0.40358821450382243,12.449434769729862,0.03100694357168443,n500__squared_error__boostrap_false
40.804745531082155,0.32264445317931456,4.071643877029419,0.1046216556894124,False,squared_error,26,0.875,2,2,500,"{'bootstrap': False, 'criterion': 'squared_error', 'max_depth': 26, 'max_features': 0.875, 'min_samples_leaf': 2, 'min_samples_split': 2, 'n_estimators': 500}",-9.736269114691629,-10.028063550573771,-10.241585036703315,-9.937858071252373,-9.848749326299998,-9.958505019904218,0.17136749483651695,38,-13.986116895615297,-14.630442858246234,-14.811924879007847,-13.819497456393645,-14.09441942338801,-14.268480302530204,0.38417724523471647,10,-0.40380549682875266,-0.3781410838631547,-0.42658610271903324,-0.38264537511298585,-0.4240506329113924,-0.40304573828706375,0.0201610923236781,75,0.8020452241725647,-1.217930682437606,1.4119931506716077,-1.0849920292543471,0.592449539020458,0.10071304043453548,1.0580968692560868,61,-13.04875047718001,-11.649266958948658,-13.659116076561963,-11.567977320232856,-12.311264333736062,-12.447275033331909,0.8073179905162297,18,9.958505019904218,14.268480302530204,0.40304573828706375,12.447275033331909,0.10071304043453548,n500__squared_error__boostrap_false
40.085231351852414,0.34767609197742233,3.072008466720581,0.5611177231843029,False,squared_error,26,0.875,2,4,500,"{'bootstrap': False, 'criterion': 'squared_error', 'max_depth': 26, 'max_features': 0.875, 'min_samples_leaf': 2, 'min_samples_split': 4, 'n_estimators': 500}",-9.736269114691629,-10.028063550573771,-10.241585036703315,-9.937858071252373,-9.848749326299997,-9.958505019904216,0.17136749483651714,37,-13.986116895615297,-14.630442858246232,-14.811924879007847,-13.819497456393645,-14.09441942338801,-14.268480302530204,0.38417724523471614,10,-0.40380549682875266,-0.3781410838631547,-0.42658610271903324,-0.38264537511298585,-0.4240506329113924,-0.40304573828706375,0.0201610923236781,75,0.8020452241725641,-1.2179306824376066,1.4119931506716077,-1.0849920292543471,0.592449539020458,0.10071304043453522,1.0580968692560868,62,-13.04875047718001,-11.649266958948658,-13.659116076561963,-11.567977320232856,-12.311264333736059,-12.447275033331909,0.8073179905162298,18,9.958505019904216,14.268480302530204,0.40304573828706375,12.447275033331909,0.10071304043453522,n500__squared_error__boostrap_false
36.89832067489624,0.15306501159619373,2.6657989501953123,0.42186822410173647,False,squared_error,26,0.875,2,8,500,"{'bootstrap': False, 'criterion': 'squared_error', 'max_depth': 26, 'max_features': 0.875, 'min_samples_leaf': 2, 'min_samples_split': 8, 'n_estimators': 500}",-9.786974974544886,-10.058536012339067,-10.320515916058433,-9.96180443206359,-9.890884992168633,-10.00374326543492,0.18156624401079097,84,-14.032081295673102,-14.675916717697108,-14.895268298996143,-13.843994761650622,-14.120204487259672,-14.31349311225533,0.4016951684982254,80,-0.4053156146179402,-0.37753557372085983,-0.42114803625377645,-0.38264537511298585,-0.4252561784207354,-0.4023801556252596,0.019446734911522514,47,0.7960824557383145,-1.2395859690491389,1.364042878986128,-1.1176196007182058,0.58980338228118,0.07854462944765558,1.0580197478587152,71,-13.055329043095261,-11.679627904164649,-13.872270305451037,-11.556633643793434,-12.322793772652187,-12.497330933831313,0.8701532074773157,67,10.00374326543492,14.31349311225533,0.4023801556252596,12.497330933831313,0.07854462944765558,n500__squared_error__boostrap_false
34.6089280128479,0.8086818587388469,3.6589699745178224,0.6841023242428498,False,squared_error,26,0.875,3,2,500,"{'bootstrap': False, 'criterion': 'squared_error', 'max_depth': 26, 'max_features': 0.875, 'min_samples_leaf': 3, 'min_samples_split': 2, 'n_estimators': 500}",-9.740469423178576,-10.044939415952635,-10.27043607088603,-9.919543014942736,-9.884611616333597,-9.971999908258715,0.1779770320517491,54,-14.010310574868269,-14.65245818469778,-14.84868656143616,-13.8235853498507,-14.141556781939338,-14.29531949055845,0.39017158125044943,57,-0.4044095439444277,-0.37904934907659704,-0.42356495468277944,-0.3808376016872552,-0.4255575647980711,-0.402683802837826,0.019990265532282673,61,0.8368078615200888,-1.217931435111407,1.3954756667187769,-1.059603983438289,0.6388195373739507,0.11871352941262407,1.0574822179932406,48,-13.077432819132667,-11.643613163226272,-13.771101230910096,-11.632174701567743,-12.364286320113894,-12.497721646990135,0.8311484116662979,68,9.971999908258715,14.29531949055845,0.402683802837826,12.497721646990135,0.11871352941262407,n500__squared_error__boostrap_false
35.257577896118164,0.6206730027647906,3.2248693466186524,0.5886225262861667,False,squared_error,26,0.875,3,4,500,"{'bootstrap': False, 'criterion': 'squared_error', 'max_depth': 26, 'max_features': 0.875, 'min_samples_leaf': 3, 'min_samples_split': 4, 'n_estimators': 500}",-9.740469423178578,-10.044939415952635,-10.27043607088603,-9.919543014942734,-9.884611616333597,-9.971999908258715,0.17797703205174875,54,-14.010310574868269,-14.65245818469778,-14.848686561436162,-13.8235853498507,-14.141556781939338,-14.29531949055845,0.3901715812504499,57,-0.4044095439444277,-0.37904934907659704,-0.42356495468277944,-0.3808376016872552,-0.4255575647980711,-0.402683802837826,0.019990265532282673,61,0.8368078615200892,-1.2179314351114074,1.3954756667187769,-1.0596039834382893,0.6388195373739504,0.11871352941262396,1.0574822179932408,49,-13.077432819132667,-11.643613163226268,-13.771101230910096,-11.632174701567743,-12.364286320113894,-12.497721646990135,0.8311484116662986,68,9.971999908258715,14.29531949055845,0.402683802837826,12.497721646990135,0.11871352941262396,n500__squared_error__boostrap_false
35.00819072723389,0.5821705327227424,2.5944976806640625,0.5298995293909697,False,squared_error,26,0.875,3,8,500,"{'bootstrap': False, 'criterion': 'squared_error', 'max_depth': 26, 'max_features': 0.875, 'min_samples_leaf': 3, 'min_samples_split': 8, 'n_estimators': 500}",-9.761016819776874,-10.027377408517514,-10.269894850926235,-9.933349364585817,-9.886391103402886,-9.975605909441864,0.1703406256883686,57,-14.038995748840724,-14.59608697183044,-14.850914606314364,-13.820900026283951,-14.140185386416709,-14.289416547937236,0.3778399305798993,51,-0.4050135910601027,-0.37723281864971236,-0.4217522658610272,-0.3844531485387165,-0.4255575647980711,-0.402801877781526,0.019350880214075064,64,0.8621550269117925,-1.254626293278412,1.406760692754382,-1.0640906898924818,0.6019735892402029,0.11043446514709676,1.0705191652549293,56,-13.11458686964436,-11.627767629869483,-13.843026450423649,-11.534901857878989,-12.323085711823571,-12.488673703928011,0.8836626096823544,60,9.975605909441864,14.289416547937236,0.402801877781526,12.488673703928011,0.11043446514709676,n500__squared_error__boostrap_false
32.83049521446228,1.745036587469257,3.0539411067962647,1.0721492348637056,False,squared_error,26,0.875,4,2,500,"{'bootstrap': False, 'criterion': 'squared_error', 'max_depth': 26, 'max_features': 0.875, 'min_samples_leaf': 4, 'min_samples_split': 2, 'n_estimators': 500}",-9.797012834528264,-10.087843525821024,-10.29748124159569,-9.938409970988,-9.875054488424775,-9.99916041227155,0.1770968952155612,78,-14.075265492079573,-14.695485174062293,-14.893981772679277,-13.84064693431955,-14.086606232180518,-14.318397121064242,0.4036281300914238,88,-0.40471156750226517,-0.3796548592188919,-0.4202416918429003,-0.38294667068394095,-0.4267631103074141,-0.4028635799110825,0.01903643545912649,68,0.8659037885699757,-1.2251099556704714,1.4395218121462454,-1.079721303657977,0.6387974683033577,0.12787836193822613,1.0784250316096333,27,-13.173476469805324,-11.672092895616936,-13.964586667104895,-11.566478240310127,-12.318135873031055,-12.538954029173667,0.9144359123393123,88,9.99916041227155,14.318397121064242,0.4028635799110825,12.538954029173667,0.12787836193822613,n500__squared_error__boostrap_false
32.88593769073486,1.8242800652637898,4.15778923034668,0.15734099171691152,False,squared_error,26,0.875,4,4,500,"{'bootstrap': False, 'criterion': 'squared_error', 'max_depth': 26, 'max_features': 0.875, 'min_samples_leaf': 4, 'min_samples_split': 4, 'n_estimators': 500}",-9.797012834528264,-10.087843525821025,-10.29748124159569,-9.938409970988,-9.875054488424775,-9.99916041227155,0.17709689521556138,78,-14.075265492079573,-14.695485174062293,-14.893981772679279,-13.840646934319548,-14.086606232180518,-14.318397121064242,0.4036281300914247,88,-0.40471156750226517,-0.3796548592188919,-0.4202416918429003,-0.38294667068394095,-0.4267631103074141,-0.4028635799110825,0.01903643545912649,68,0.865903788569975,-1.2251099556704714,1.4395218121462454,-1.0797213036579767,0.6387974683033579,0.12787836193822605,1.078425031609633,28,-13.173476469805324,-11.672092895616938,-13.964586667104891,-11.566478240310127,-12.318135873031057,-12.538954029173667,0.9144359123393109,88,9.99916041227155,14.318397121064242,0.4028635799110825,12.538954029173667,0.12787836193822605,n500__squared_error__boostrap_false
35.84578742980957,0.29619355211802384,3.4929272174835204,0.17204121314998486,False,squared_error,26,0.875,4,8,500,"{'bootstrap': False, 'criterion': 'squared_error', 'max_depth': 26, 'max_features': 0.875, 'min_samples_leaf': 4, 'min_samples_split': 8, 'n_estimators': 500}",-9.797012834528264,-10.087843525821024,-10.29748124159569,-9.938409970988,-9.875054488424775,-9.99916041227155,0.1770968952155612,78,-14.075265492079573,-14.695485174062293,-14.893981772679279,-13.84064693431955,-14.086606232180518,-14.318397121064242,0.4036281300914243,88,-0.40471156750226517,-0.3796548592188919,-0.4202416918429003,-0.38294667068394095,-0.4267631103074141,-0.4028635799110825,0.01903643545912649,68,0.8659037885699759,-1.2251099556704714,1.4395218121462452,-1.0797213036579774,0.6387974683033579,0.12787836193822605,1.0784250316096333,28,-13.173476469805324,-11.672092895616938,-13.964586667104895,-11.56647824031013,-12.318135873031057,-12.53895402917367,0.9144359123393115,90,9.99916041227155,14.318397121064242,0.4028635799110825,12.53895402917367,0.12787836193822605,n500__squared_error__boostrap_false
61.78348412513733,0.5502302185557852,4.607731819152832,0.11407678483464886,False,squared_error,26,1.0,1,2,500,"{'bootstrap': False, 'criterion': 'squared_error', 'max_depth': 26, 'max_features': 1.0, 'min_samples_leaf': 1, 'min_samples_split': 2, 'n_estimators': 500}",-9.736771392433745,-10.001978160019396,-10.287201991245295,-9.966828766025227,-9.939093208801362,-9.986374703705007,0.17644258058387496,68,-13.94998576398452,-14.659965064700797,-14.821115716934194,-13.81508305411882,-14.17594788732667,-14.284419497413001,0.3931834214235183,36,-0.40622168529145275,-0.3760217983651226,-0.4178247734138973,-0.38294667068394095,-0.4234478601567209,-0.4012925575822269,0.018781111415141192,14,0.6839566028336039,-1.1424827088011809,1.3016458390630625,-1.1440164233070909,0.5070753097013441,0.04123572389794776,1.0024711753160462,83,-12.826405350308624,-11.780560980424221,-13.868071698597493,-11.51963578500452,-12.33465734675871,-12.465866232218712,0.8340719087238851,38,9.986374703705007,14.284419497413001,0.4012925575822269,12.465866232218712,0.04123572389794776,n500__squared_error__boostrap_false
53.11712207794189,0.4764874066224534,4.19657940864563,0.7191526728366776,False,squared_error,26,1.0,1,4,500,"{'bootstrap': False, 'criterion': 'squared_error', 'max_depth': 26, 'max_features': 1.0, 'min_samples_leaf': 1, 'min_samples_split': 4, 'n_estimators': 500}",-9.702280891923717,-10.048723586093326,-10.273927399699861,-9.9545450724189,-9.929372442938094,-9.98176987861478,0.18516997115687797,62,-13.913177164404587,-14.726727001582802,-14.803771025881092,-13.855026672498957,-14.155441861495872,-14.29082874517266,0.40099646994825333,52,-0.4019933554817276,-0.3766273085074175,-0.42235649546827797,-0.38053630611630007,-0.4243520192887282,-0.4011730969724902,0.020075081587927573,10,0.7148913356190395,-1.1623202391608967,1.2852530863032845,-1.1114196786314072,0.48654424691616766,0.042589750209237554,0.9976816153563492,80,-12.956896035084172,-11.797343350047354,-13.684151433716172,-11.619292629446035,-12.272731383855273,-12.466082966429802,0.7650149858887455,39,9.98176987861478,14.29082874517266,0.4011730969724902,12.466082966429802,0.042589750209237554,n500__squared_error__boostrap_false
46.87109565734863,0.5819469596757774,3.676503896713257,0.29178197523577465,False,squared_error,26,1.0,1,8,500,"{'bootstrap': False, 'criterion': 'squared_error', 'max_depth': 26, 'max_features': 1.0, 'min_samples_leaf': 1, 'min_samples_split': 8, 'n_estimators': 500}",-9.749111548631838,-10.03763611754133,-10.296862432024865,-9.955630553435045,-9.898559808395275,-9.98756009200567,0.18109323544956824,69,-13.977423091976947,-14.699658416378478,-14.842574803419293,-13.836029364001735,-14.124724118731493,-14.29608195890159,0.40101964018491465,60,-0.4013893083660526,-0.37541628822282774,-0.42386706948640485,-0.3793311238324797,-0.42495479204339964,-0.4009917163902329,0.0210758280943467,5,0.7084954435358808,-1.1581743020861504,1.256765371546472,-1.1410563068589756,0.48179945497067733,0.029565932221580816,0.9952449140924277,89,-13.026763262252562,-11.8261541840518,-13.628833937926272,-11.61857502954169,-12.213486537534836,-12.46276259026143,0.7560265335085814,35,9.98756009200567,14.29608195890159,0.4009917163902329,12.46276259026143,0.029565932221580816,n500__squared_error__boostrap_false
48.78153295516968,0.40719672975131216,4.218462181091309,0.5495246480776936,False,squared_error,26,1.0,2,2,500,"{'bootstrap': False, 'criterion': 'squared_error', 'max_depth': 26, 'max_features': 1.0, 'min_samples_leaf': 2, 'min_samples_split': 2, 'n_estimators': 500}",-9.68144605819064,-9.951541014002938,-10.20250548661524,-9.889997244867297,-9.857421028492881,-9.916582166433798,0.16880169059807484,11,-13.943880339032498,-14.683452788205352,-14.791911988401749,-13.78941160755349,-14.151000514370763,-14.27193144751277,0.3986970762543103,18,-0.4059196617336152,-0.37723281864971236,-0.4232628398791541,-0.380235010545345,-0.4213381555153707,-0.40159769726463945,0.019635453481465923,27,0.7827963977428951,-1.1177255509060384,1.360311125292004,-1.0634163838029516,0.5851022011887329,0.1094135579029284,1.0125086985277922,57,-12.889548650147292,-11.70870484534874,-13.659144534408625,-11.60674400866583,-12.392093017197281,-12.451247011153553,0.7640913738081588,22,9.916582166433798,14.27193144751277,0.40159769726463945,12.451247011153553,0.1094135579029284,n500__squared_error__boostrap_false
48.57838888168335,0.27355991045711714,4.246451139450073,1.062754507507968,False,squared_error,26,1.0,2,4,500,"{'bootstrap': False, 'criterion': 'squared_error', 'max_depth': 26, 'max_features': 1.0, 'min_samples_leaf': 2, 'min_samples_split': 4, 'n_estimators': 500}",-9.68144605819064,-9.951541014002938,-10.20250548661524,-9.889997244867297,-9.857421028492881,-9.916582166433798,0.16880169059807484,11,-13.943880339032498,-14.683452788205352,-14.791911988401749,-13.78941160755349,-14.151000514370761,-14.27193144751277,0.3986970762543104,18,-0.4059196617336152,-0.37723281864971236,-0.4232628398791541,-0.380235010545345,-0.4213381555153707,-0.40159769726463945,0.019635453481465923,27,0.782796397742895,-1.1177255509060384,1.3603111252920033,-1.063416383802952,0.5851022011887332,0.10941355790292824,1.012508698527792,58,-12.889548650147292,-11.70870484534874,-13.659144534408627,-11.606744008665833,-12.392093017197281,-12.451247011153555,0.7640913738081586,23,9.916582166433798,14.27193144751277,0.40159769726463945,12.451247011153555,0.10941355790292824,n500__squared_error__boostrap_false
44.544011402130124,0.17026551280292931,3.095042181015015,0.251230693693855,False,squared_error,26,1.0,2,8,500,"{'bootstrap': False, 'criterion': 'squared_error', 'max_depth': 26, 'max_features': 1.0, 'min_samples_leaf': 2, 'min_samples_split': 8, 'n_estimators': 500}",-9.692332138291194,-10.007720549442974,-10.262645773839965,-9.890326894450839,-9.896013219287457,-9.949807715062486,0.18651918712865845,36,-13.921047892471076,-14.704688601416958,-14.85046681011455,-13.804410729957413,-14.158852862853193,-14.287893379362638,0.418375348352389,47,-0.4035034732709151,-0.3763245534362701,-0.4217522658610272,-0.380235010545345,-0.42374924653405666,-0.40111290992952287,0.019972234935343273,9,0.7838764014863034,-1.1493733812946676,1.3465861148886253,-1.0661886877759728,0.5749691071259729,0.09797391088605227,1.0166778155606468,65,-12.981559309582071,-11.769557802250144,-13.763093678972647,-11.603531976209938,-12.355163356699775,-12.494581224742914,0.7981649666646059,64,9.949807715062486,14.287893379362638,0.40111290992952287,12.494581224742914,0.09797391088605227,n500__squared_error__boostrap_false
42.80542049407959,1.321852568162221,3.764286470413208,0.9402691706709556,False,squared_error,26,1.0,3,2,500,"{'bootstrap': False, 'criterion': 'squared_error', 'max_depth': 26, 'max_features': 1.0, 'min_samples_leaf': 3, 'min_samples_split': 2, 'n_estimators': 500}",-9.665346132701075,-9.958115389638719,-10.207201200578771,-9.84615516828957,-9.887553448100022,-9.912874267861632,0.17608967163323253,7,-13.936385706347592,-14.653522590952557,-14.79027896360666,-13.768405242091054,-14.189897527950633,-14.267698006189699,0.39675319431213607,8,-0.40622168529145275,-0.3766273085074175,-0.4214501510574018,-0.3811388972582103,-0.41952983725135623,-0.4009935758731677,0.0188537573469098,7,0.8370184599209468,-1.1368319517308996,1.3825824300674805,-1.0337120313395136,0.6308426340869461,0.13597990820099207,1.0274815112888493,17,-12.926888165863017,-11.710891959569746,-13.749886672917235,-11.56067145120049,-12.53593326174438,-12.496854302258974,0.8063152665774939,65,9.912874267861632,14.267698006189699,0.4009935758731677,12.496854302258974,0.13597990820099207,n500__squared_error__boostrap_false
41.37044591903687,0.6356831139622109,3.8315751552581787,0.5675108929830863,False,squared_error,26,1.0,3,4,500,"{'bootstrap': False, 'criterion': 'squared_error', 'max_depth': 26, 'max_features': 1.0, 'min_samples_leaf': 3, 'min_samples_split': 4, 'n_estimators': 500}",-9.665346132701075,-9.958115389638719,-10.207201200578771,-9.84615516828957,-9.887553448100022,-9.912874267861632,0.17608967163323253,7,-13.936385706347592,-14.653522590952557,-14.79027896360666,-13.768405242091054,-14.189897527950631,-14.267698006189699,0.3967531943121362,8,-0.40622168529145275,-0.3766273085074175,-0.4214501510574018,-0.3811388972582103,-0.41952983725135623,-0.4009935758731677,0.0188537573469098,7,0.8370184599209473,-1.136831951730899,1.38258243006748,-1.0337120313395136,0.6308426340869457,0.1359799082009921,1.0274815112888491,16,-12.926888165863017,-11.710891959569746,-13.749886672917235,-11.560671451200491,-12.53593326174438,-12.496854302258974,0.8063152665774935,65,9.912874267861632,14.267698006189699,0.4009935758731677,12.496854302258974,0.1359799082009921,n500__squared_error__boostrap_false
40.868548202514646,0.18600414674602328,2.7275476455688477,0.09865238393196792,False,squared_error,26,1.0,3,8,500,"{'bootstrap': False, 'criterion': 'squared_error', 'max_depth': 26, 'max_features': 1.0, 'min_samples_leaf': 3, 'min_samples_split': 8, 'n_estimators': 500}",-9.703151814206713,-9.990319625820087,-10.237362921819097,-9.859325154418531,-9.874139537747931,-9.932859810802471,0.17756404749712298,18,-13.965951517961505,-14.70656617628802,-14.849313413683639,-13.794344175864422,-14.162427286394955,-14.29572051403851,0.4130743672795176,59,-0.40924192086982786,-0.37693006357856496,-0.41963746223564957,-0.3808376016872552,-0.42103676913803495,-0.40153676350186646,0.01897998917528509,26,0.8371604709070122,-1.128178675844101,1.3788571670099257,-1.05924968071344,0.6398150659224476,0.1336808694563689,1.031202423976307,22,-12.877850175650018,-11.75568335653441,-13.84078059540103,-11.553580101751267,-12.485791472791096,-12.502737140425563,0.8234495336498302,76,9.932859810802471,14.29572051403851,0.40153676350186646,12.502737140425563,0.1336808694563689,n500__squared_error__boostrap_false
37.35566611289978,3.361838180025697,2.8370615959167482,0.20052763837176696,False,squared_error,26,1.0,4,2,500,"{'bootstrap': False, 'criterion': 'squared_error', 'max_depth': 26, 'max_features': 1.0, 'min_samples_leaf': 4, 'min_samples_split': 2, 'n_estimators': 500}",-9.73026449397099,-9.999821380584574,-10.244410002162972,-9.866163399490736,-9.847823898727038,-9.937696634987262,0.1755874592616959,28,-14.006996605115845,-14.707521996763257,-14.85580182048108,-13.785647611669113,-14.140278365251163,-14.299249279856094,0.4125305789864531,70,-0.4053156146179402,-0.3787465940054496,-0.42084592145015104,-0.37902982826152454,-0.4219409282700422,-0.4011757773210215,0.019124620993842822,11,0.8590866408145111,-1.15864256234332,1.3948010280757712,-1.0629624913101992,0.6295142062395354,0.13235936429525968,1.0454218994097297,24,-13.063092998239494,-11.671628152138632,-13.828351941884506,-11.612807557333547,-12.41564565438539,-12.518305260796314,0.8438415962238848,82,9.937696634987262,14.299249279856094,0.4011757773210215,12.518305260796314,0.13235936429525968,n500__squared_error__boostrap_false
30.95511031150818,1.7255693448172718,2.1430962085723877,0.5429337044467306,False,squared_error,26,1.0,4,4,500,"{'bootstrap': False, 'criterion': 'squared_error', 'max_depth': 26, 'max_features': 1.0, 'min_samples_leaf': 4, 'min_samples_split': 4, 'n_estimators': 500}",-9.73026449397099,-9.999821380584573,-10.244410002162972,-9.866163399490738,-9.847823898727038,-9.937696634987262,0.1755874592616956,28,-14.006996605115843,-14.707521996763257,-14.85580182048108,-13.785647611669113,-14.140278365251163,-14.299249279856094,0.4125305789864534,70,-0.4053156146179402,-0.3787465940054496,-0.42084592145015104,-0.37902982826152454,-0.4219409282700422,-0.4011757773210215,0.019124620993842822,11,0.8590866408145116,-1.1586425623433205,1.3948010280757712,-1.0629624913101996,0.6295142062395354,0.13235936429525957,1.04542189940973,25,-13.063092998239494,-11.671628152138634,-13.82835194188451,-11.612807557333547,-12.41564565438539,-12.518305260796316,0.8438415962238855,84,9.937696634987262,14.299249279856094,0.4011757773210215,12.518305260796316,0.13235936429525957,n500__squared_error__boostrap_false
27.352470064163207,0.3311747159961718,0.38624963760375974,0.09770973545917452,False,squared_error,26,1.0,4,8,500,"{'bootstrap': False, 'criterion': 'squared_error', 'max_depth': 26, 'max_features': 1.0, 'min_samples_leaf': 4, 'min_samples_split': 8, 'n_estimators': 500}",-9.730264493970992,-9.999821380584574,-10.24441000216297,-9.866163399490736,-9.847823898727038,-9.937696634987262,0.17558745926169483,28,-14.006996605115843,-14.707521996763257,-14.85580182048108,-13.785647611669113,-14.140278365251163,-14.299249279856094,0.4125305789864534,70,-0.4053156146179402,-0.3787465940054496,-0.42084592145015104,-0.37902982826152454,-0.4219409282700422,-0.4011757773210215,0.019124620993842822,11,0.8590866408145119,-1.1586425623433205,1.3948010280757712,-1.0629624913101994,0.6295142062395354,0.1323593642952597,1.04542189940973,23,-13.063092998239494,-11.671628152138632,-13.828351941884506,-11.612807557333545,-12.41564565438539,-12.518305260796314,0.8438415962238852,82,9.937696634987262,14.299249279856094,0.4011757773210215,12.518305260796314,0.1323593642952597,n500__squared_error__boostrap_false
