mean_fit_time,std_fit_time,mean_score_time,std_score_time,param_bootstrap,param_criterion,param_max_depth,param_max_features,param_max_samples,param_min_samples_leaf,param_min_samples_split,param_n_estimators,params,split0_test_MAE,split1_test_MAE,split2_test_MAE,split3_test_MAE,split4_test_MAE,mean_test_MAE,std_test_MAE,rank_test_MAE,split0_test_RMSE,split1_test_RMSE,split2_test_RMSE,split3_test_RMSE,split4_test_RMSE,mean_test_RMSE,std_test_RMSE,rank_test_RMSE,split0_test_overestimation_rate,split1_test_overestimation_rate,split2_test_overestimation_rate,split3_test_overestimation_rate,split4_test_overestimation_rate,mean_test_overestimation_rate,std_test_overestimation_rate,rank_test_overestimation_rate,split0_test_mean_signed_error,split1_test_mean_signed_error,split2_test_mean_signed_error,split3_test_mean_signed_error,split4_test_mean_signed_error,mean_test_mean_signed_error,std_test_mean_signed_error,rank_test_mean_signed_error,split0_test_mean_overestimation,split1_test_mean_overestimation,split2_test_mean_overestimation,split3_test_mean_overestimation,split4_test_mean_overestimation,mean_test_mean_overestimation,std_test_mean_overestimation,rank_test_mean_overestimation,mean_MAE,mean_RMSE,overestimation_rate,mean_overstimation,mean_signed_error,chunk_id
41.12523031234741,0.053602539596167426,1.0995229244232179,0.3067375996198617,True,poisson,20,0.875,0.85,1,2,500,"{'bootstrap': True, 'criterion': 'poisson', 'max_depth': 20, 'max_features': 0.875, 'max_samples': 0.85, 'min_samples_leaf': 1, 'min_samples_split': 2, 'n_estimators': 500}",-9.977316332392611,-10.241871552990006,-10.434265285620716,-10.204799627464409,-9.962681267719075,-10.164186813237365,0.1767211148677902,70,-14.177352106112599,-14.617095408115539,-14.935369792505997,-14.041839813828622,-14.053331151408633,-14.364997654394278,0.3537387465793731,47,-0.40622168529145275,-0.37904934907659704,-0.4190332326283988,-0.38234407954203076,-0.4252561784207354,-0.4023809049918429,0.018767874781147453,54,0.7025985185685456,-1.5565348943417256,1.2121721188359276,-1.4071406345527493,0.34404769567688276,-0.14097143916262378,1.130031473039002,74,-13.145426792391225,-11.456736015780859,-13.896794451604716,-11.504897634938457,-12.118258930031109,-12.424422764949274,0.9553434559676899,19,10.164186813237365,14.364997654394278,0.4023809049918429,12.424422764949274,-0.14097143916262378,n500__poisson__boostrap_true__samples_0.85
39.34320421218872,0.8305724057825062,1.844298505783081,0.6001838084942931,True,poisson,20,0.875,0.85,1,4,500,"{'bootstrap': True, 'criterion': 'poisson', 'max_depth': 20, 'max_features': 0.875, 'max_samples': 0.85, 'min_samples_leaf': 1, 'min_samples_split': 4, 'n_estimators': 500}",-9.994109310435713,-10.180908797622907,-10.474824523621303,-10.209542679578373,-9.992067680617781,-10.170290598375214,0.17731195012961057,72,-14.157604434888876,-14.564843966983926,-14.996020758701803,-14.029973170604231,-14.096960510675812,-14.36908056837093,0.36473075508962444,52,-0.4050135910601027,-0.3799576142900394,-0.4214501510574018,-0.38053630611630007,-0.42706449668474983,-0.4028044318417187,0.01979363772161708,63,0.6920672079513985,-1.5804694612488395,1.174111031368969,-1.3903580400131732,0.3546360831427712,-0.15000263575977477,1.1226518364538371,76,-13.192367804764999,-11.317629931491451,-13.820063328680215,-11.587836032746196,-12.11374844324542,-12.406329108185655,0.954704303550724,14,10.170290598375214,14.36908056837093,0.4028044318417187,12.406329108185655,-0.15000263575977477,n500__poisson__boostrap_true__samples_0.85
36.7972439289093,1.2445098408968827,3.4483449459075928,0.7386260895527257,True,poisson,20,0.875,0.85,1,8,500,"{'bootstrap': True, 'criterion': 'poisson', 'max_depth': 20, 'max_features': 0.875, 'max_samples': 0.85, 'min_samples_leaf': 1, 'min_samples_split': 8, 'n_estimators': 500}",-10.025772446855896,-10.24412017500539,-10.51717649413469,-10.222447827597174,-9.986779012547657,-10.199259191228162,0.18913863117536983,93,-14.199118191044214,-14.590133971044922,-15.010118801776068,-14.039588712164463,-14.101587352532768,-14.388109405712488,0.36523659559262334,72,-0.40471156750226517,-0.37935210414774445,-0.42235649546827797,-0.3808376016872552,-0.42706449668474983,-0.40286445309805846,0.02003500133874395,64,0.6732686109764917,-1.5993692032100901,1.1623195507762583,-1.453444956482491,0.33236670665126267,-0.17697185825771372,1.1338989271498998,82,-13.21810632182203,-11.394099145985585,-13.82658508893249,-11.512785019473748,-12.081483943649264,-12.406611903972623,0.9596524174230298,15,10.199259191228162,14.388109405712488,0.40286445309805846,12.406611903972623,-0.17697185825771372,n500__poisson__boostrap_true__samples_0.85
34.80254235267639,1.9349233500844332,2.6360543727874757,0.625663525343032,True,poisson,20,0.875,0.85,2,2,500,"{'bootstrap': True, 'criterion': 'poisson', 'max_depth': 20, 'max_features': 0.875, 'max_samples': 0.85, 'min_samples_leaf': 2, 'min_samples_split': 2, 'n_estimators': 500}",-9.951244403892046,-10.149471286145303,-10.413756183083025,-10.139665211802884,-9.950942869407386,-10.121015990866129,0.17005973997191526,46,-14.15403577632079,-14.563031465819812,-14.94109194180931,-13.996328836658252,-14.108745670952358,-14.352646738312103,0.3511199176944263,29,-0.4050135910601027,-0.37844383893430217,-0.4217522658610272,-0.3796324194034348,-0.4309825195901145,-0.4031649269697962,0.021389886821513333,72,0.7610934739509128,-1.4940708049911307,1.269302247794039,-1.3127096941051333,0.49320109048430183,-0.056636737373402066,1.1289866694716544,57,-13.224664695577196,-11.435515115700891,-13.850617265832051,-11.62566085842811,-12.116667712909305,-12.450625129689511,0.9361257582612378,35,10.121015990866129,14.352646738312103,0.4031649269697962,12.450625129689511,-0.056636737373402066,n500__poisson__boostrap_true__samples_0.85
34.54890518188476,0.369988122521801,1.6056481838226317,0.3912351795792806,True,poisson,20,0.875,0.85,2,4,500,"{'bootstrap': True, 'criterion': 'poisson', 'max_depth': 20, 'max_features': 0.875, 'max_samples': 0.85, 'min_samples_leaf': 2, 'min_samples_split': 4, 'n_estimators': 500}",-9.951244403892046,-10.149471286145303,-10.413756183083027,-10.139665211802884,-9.950942869407386,-10.121015990866129,0.17005973997191587,46,-14.15403577632079,-14.563031465819813,-14.94109194180931,-13.996328836658252,-14.108745670952358,-14.352646738312103,0.35111991769442646,29,-0.4050135910601027,-0.37844383893430217,-0.4217522658610272,-0.3796324194034348,-0.4309825195901145,-0.4031649269697962,0.021389886821513333,72,0.7610934739509133,-1.4940708049911307,1.2693022477940388,-1.3127096941051333,0.4932010904843013,-0.056636737373402114,1.1289866694716544,58,-13.224664695577196,-11.435515115700891,-13.850617265832051,-11.62566085842811,-12.11666771290931,-12.450625129689513,0.9361257582612373,36,10.121015990866129,14.352646738312103,0.4031649269697962,12.450625129689513,-0.056636737373402114,n500__poisson__boostrap_true__samples_0.85
34.225294542312625,0.8044484021210668,1.2968886852264405,0.8046090174009062,True,poisson,20,0.875,0.85,2,8,500,"{'bootstrap': True, 'criterion': 'poisson', 'max_depth': 20, 'max_features': 0.875, 'max_samples': 0.85, 'min_samples_leaf': 2, 'min_samples_split': 8, 'n_estimators': 500}",-10.010341663168004,-10.219864190588684,-10.461836866497285,-10.163588001357978,-10.010017337370671,-10.173129611796524,0.16657285036196479,75,-14.22749514449911,-14.575873503243889,-14.998910663459926,-14.007262891494351,-14.161692491626878,-14.39424693886483,0.3550354386544891,77,-0.40712775596496525,-0.37904934907659704,-0.42205438066465256,-0.3814401928291654,-0.42495479204339964,-0.40292529411575606,0.019496418879072566,68,0.7710171560049457,-1.5802819567568755,1.2932829430079276,-1.3366414319472133,0.43692003348257935,-0.08314065124172725,1.1582130099590804,65,-13.24075632428844,-11.396381836400343,-13.926072501597082,-11.570551210060952,-12.291822055493293,-12.485116785568023,0.9702042385138108,55,10.173129611796524,14.39424693886483,0.40292529411575606,12.485116785568023,-0.08314065124172725,n500__poisson__boostrap_true__samples_0.85
31.41640110015869,2.1918967172252914,2.1559961318969725,1.21904461694166,True,poisson,20,0.875,0.85,3,2,500,"{'bootstrap': True, 'criterion': 'poisson', 'max_depth': 20, 'max_features': 0.875, 'max_samples': 0.85, 'min_samples_leaf': 3, 'min_samples_split': 2, 'n_estimators': 500}",-9.98963788773716,-10.197048029454551,-10.418694747508926,-10.151451550422264,-9.93588546648655,-10.13854353632189,0.17048007456832784,57,-14.20906423627626,-14.5512688269679,-14.95758846479518,-14.001062883207204,-14.072002660413679,-14.358197414332045,0.3544684519225024,37,-0.40682573240712777,-0.3796548592188919,-0.4226586102719033,-0.37872853269056944,-0.4282700421940928,-0.4032275553565171,0.020849522944210865,74,0.8646990556218745,-1.51434374890022,1.3476502078895818,-1.3233474631835733,0.5247350793110268,-0.020121373852262047,1.1731729278155718,27,-13.340278255182545,-11.434996905371195,-13.919443103062564,-11.654923415093561,-12.21264566184249,-12.512457468110473,0.9644759061780536,74,10.13854353632189,14.358197414332045,0.4032275553565171,12.512457468110473,-0.020121373852262047,n500__poisson__boostrap_true__samples_0.85
30.812916040420532,0.29673533242196015,1.8394662857055664,0.29905629470804873,True,poisson,20,0.875,0.85,3,4,500,"{'bootstrap': True, 'criterion': 'poisson', 'max_depth': 20, 'max_features': 0.875, 'max_samples': 0.85, 'min_samples_leaf': 3, 'min_samples_split': 4, 'n_estimators': 500}",-9.98963788773716,-10.197048029454551,-10.418694747508926,-10.151451550422264,-9.93588546648655,-10.13854353632189,0.17048007456832784,57,-14.209064236276262,-14.5512688269679,-14.95758846479518,-14.001062883207206,-14.072002660413679,-14.358197414332045,0.3544684519225019,37,-0.40682573240712777,-0.3796548592188919,-0.4226586102719033,-0.37872853269056944,-0.4282700421940928,-0.4032275553565171,0.020849522944210865,74,0.8646990556218748,-1.51434374890022,1.3476502078895813,-1.3233474631835735,0.5247350793110265,-0.020121373852262203,1.1731729278155718,28,-13.340278255182545,-11.434996905371195,-13.91944310306257,-11.654923415093563,-12.212645661842492,-12.512457468110473,0.9644759061780546,74,10.13854353632189,14.358197414332045,0.4032275553565171,12.512457468110473,-0.020121373852262203,n500__poisson__boostrap_true__samples_0.85
31.36811456680298,0.7133985433699137,1.284312915802002,0.6749528047712942,True,poisson,20,0.875,0.85,3,8,500,"{'bootstrap': True, 'criterion': 'poisson', 'max_depth': 20, 'max_features': 0.875, 'max_samples': 0.85, 'min_samples_leaf': 3, 'min_samples_split': 8, 'n_estimators': 500}",-10.00441069068773,-10.191551335850756,-10.471803120978164,-10.161354310105287,-9.985311502294715,-10.162886191983329,0.17487193090003178,68,-14.208564679055183,-14.611565407302301,-15.005690073038506,-14.011167267265623,-14.13590192861743,-14.394577871055807,0.36580310446792647,78,-0.40863787375415284,-0.38116863457462913,-0.4217522658610272,-0.3799337149743899,-0.42766726943942135,-0.4038319517207241,0.019985537670416116,81,0.847502215592792,-1.5000137319674502,1.3147691471460496,-1.2792928924157352,0.5090955319258087,-0.02158794594370701,1.14807294889956,32,-13.278153596709094,-11.401171050685685,-13.973336034201699,-11.688961873636648,-12.269359598147888,-12.522196430676203,0.9687292273186924,79,10.162886191983329,14.394577871055807,0.4038319517207241,12.522196430676203,-0.02158794594370701,n500__poisson__boostrap_true__samples_0.85
29.98667197227478,2.156886044751891,1.9193821907043458,1.5171803514831943,True,poisson,20,0.875,0.85,4,2,500,"{'bootstrap': True, 'criterion': 'poisson', 'max_depth': 20, 'max_features': 0.875, 'max_samples': 0.85, 'min_samples_leaf': 4, 'min_samples_split': 2, 'n_estimators': 500}",-10.020926939569362,-10.24309688999681,-10.499029817654124,-10.160506554399154,-9.988127462412265,-10.182337532806343,0.18343021857813327,83,-14.246250614599989,-14.617969288256065,-15.03337589442837,-14.048290376550073,-14.147462749682388,-14.418669784703377,0.36277994032128985,88,-0.41226215644820297,-0.3781410838631547,-0.4229607250755287,-0.3808376016872552,-0.42887281494876434,-0.4046148764045812,0.02121187932478367,91,0.8917823674435436,-1.5290644385474574,1.3835419309280768,-1.3116897196805877,0.5418280305073768,-0.004720365869809595,1.1884021414352441,15,-13.235157697992578,-11.522197432801125,-14.046897317073958,-11.61757241868312,-12.27631494220217,-12.53962796175059,0.9705985344618354,85,10.182337532806343,14.418669784703377,0.4046148764045812,12.53962796175059,-0.004720365869809595,n500__poisson__boostrap_true__samples_0.85
28.833520221710206,0.36496326302192655,2.6440146446228026,0.2611969356430642,True,poisson,20,0.875,0.85,4,4,500,"{'bootstrap': True, 'criterion': 'poisson', 'max_depth': 20, 'max_features': 0.875, 'max_samples': 0.85, 'min_samples_leaf': 4, 'min_samples_split': 4, 'n_estimators': 500}",-10.020926939569362,-10.24309688999681,-10.499029817654124,-10.160506554399154,-9.988127462412265,-10.182337532806343,0.18343021857813327,83,-14.246250614599989,-14.617969288256065,-15.033375894428373,-14.048290376550073,-14.147462749682385,-14.418669784703377,0.36277994032129096,88,-0.41226215644820297,-0.3781410838631547,-0.4229607250755287,-0.3808376016872552,-0.42887281494876434,-0.4046148764045812,0.02121187932478367,91,0.8917823674435432,-1.5290644385474579,1.3835419309280763,-1.3116897196805877,0.5418280305073768,-0.004720365869809839,1.1884021414352441,17,-13.235157697992578,-11.522197432801125,-14.046897317073958,-11.61757241868312,-12.27631494220217,-12.53962796175059,0.9705985344618354,85,10.182337532806343,14.418669784703377,0.4046148764045812,12.53962796175059,-0.004720365869809839,n500__poisson__boostrap_true__samples_0.85
29.636549043655396,0.5167376164577807,2.2901381969451906,0.12257253035757498,True,poisson,20,0.875,0.85,4,8,500,"{'bootstrap': True, 'criterion': 'poisson', 'max_depth': 20, 'max_features': 0.875, 'max_samples': 0.85, 'min_samples_leaf': 4, 'min_samples_split': 8, 'n_estimators': 500}",-10.020926939569362,-10.24309688999681,-10.499029817654124,-10.160506554399154,-9.988127462412265,-10.182337532806343,0.18343021857813327,83,-14.246250614599989,-14.617969288256065,-15.03337589442837,-14.048290376550073,-14.147462749682388,-14.418669784703377,0.36277994032128985,88,-0.41226215644820297,-0.3781410838631547,-0.4229607250755287,-0.3808376016872552,-0.42887281494876434,-0.4046148764045812,0.02121187932478367,91,0.8917823674435429,-1.5290644385474574,1.3835419309280772,-1.3116897196805877,0.5418280305073768,-0.00472036586980964,1.1884021414352441,16,-13.235157697992578,-11.522197432801125,-14.046897317073958,-11.61757241868312,-12.27631494220217,-12.53962796175059,0.9705985344618354,85,10.182337532806343,14.418669784703377,0.4046148764045812,12.53962796175059,-0.00472036586980964,n500__poisson__boostrap_true__samples_0.85
44.41438026428223,0.5306290522562538,4.913087987899781,1.3621621031997297,True,poisson,20,1.0,0.85,1,2,500,"{'bootstrap': True, 'criterion': 'poisson', 'max_depth': 20, 'max_features': 1.0, 'max_samples': 0.85, 'min_samples_leaf': 1, 'min_samples_split': 2, 'n_estimators': 500}",-9.925219413728923,-10.154290083501456,-10.40010703031715,-10.165532598884507,-9.948569309613408,-10.118743687209086,0.17264358812663266,44,-14.098130312474167,-14.657498901332657,-14.918165546961871,-14.031868600201893,-14.118779221002983,-14.364888516394714,0.3561932899831064,46,-0.4035034732709151,-0.3787465940054496,-0.42114803625377645,-0.37872853269056944,-0.4234478601567209,-0.40111489927548627,0.0195309164873191,21,0.7143338033846186,-1.4743309382083891,1.183239870807576,-1.357570783404129,0.36321525760521645,-0.11422255796302143,1.094867195732591,73,-13.183967328541522,-11.458794986771784,-13.752108408437175,-11.628331450111128,-12.175979072609033,-12.439836249294128,0.8906617641193039,25,10.118743687209086,14.364888516394714,0.40111489927548627,12.439836249294128,-0.11422255796302143,n500__poisson__boostrap_true__samples_0.85
42.53772020339966,0.27054267879977933,2.4184829711914064,0.15361579804669817,True,poisson,20,1.0,0.85,1,4,500,"{'bootstrap': True, 'criterion': 'poisson', 'max_depth': 20, 'max_features': 1.0, 'max_samples': 0.85, 'min_samples_leaf': 1, 'min_samples_split': 4, 'n_estimators': 500}",-9.949947840653905,-10.136048154669124,-10.396211405591975,-10.12043169944561,-9.920757315062577,-10.10467928308464,0.16970105054308274,25,-14.107193488873763,-14.600652401181025,-14.93298196928763,-13.963819838881545,-14.06127889777503,-14.333185319199796,0.3722179277888173,10,-0.4013893083660526,-0.37571904329397515,-0.41933534743202416,-0.37782464597770415,-0.4213381555153707,-0.39912130011702535,0.019537417106687972,1,0.6550642591124936,-1.4895285040010726,1.1679261698684755,-1.3993988678431302,0.3169425204219527,-0.1497988844882562,1.0916434500022747,75,-13.210381889513373,-11.506629494825374,-13.7886510716045,-11.54111163001939,-12.149030062280994,-12.439160829648726,0.913913426301234,24,10.10467928308464,14.333185319199796,0.39912130011702535,12.439160829648726,-0.1497988844882562,n500__poisson__boostrap_true__samples_0.85
38.88817434310913,0.2812540138271627,3.755442428588867,0.2754485477700339,True,poisson,20,1.0,0.85,1,8,500,"{'bootstrap': True, 'criterion': 'poisson', 'max_depth': 20, 'max_features': 1.0, 'max_samples': 0.85, 'min_samples_leaf': 1, 'min_samples_split': 8, 'n_estimators': 500}",-9.943764006884109,-10.165633264637679,-10.457936604853456,-10.158739918729408,-9.94962539963167,-10.135139838947264,0.18800259633739203,56,-14.086777218420245,-14.622049170188438,-14.989754592423282,-14.006245943611239,-14.105096401945499,-14.36198466531774,0.38210191961814516,40,-0.4025974025974026,-0.3799576142900394,-0.4199395770392749,-0.38264537511298585,-0.4252561784207354,-0.40207922949208763,0.018565947509837262,44,0.653002786075551,-1.5142323499921317,1.153885003785718,-1.4384203425939217,0.33287121892012894,-0.1625787367609311,1.1043966635666895,77,-13.160500694482156,-11.3846921199499,-13.825586159926498,-11.394779792595935,-12.089767462918093,-12.371065245974517,0.9740670499979783,2,10.135139838947264,14.36198466531774,0.40207922949208763,12.371065245974517,-0.1625787367609311,n500__poisson__boostrap_true__samples_0.85
36.70730285644531,2.2756242207687727,4.529168272018433,1.136719035373229,True,poisson,20,1.0,0.85,2,2,500,"{'bootstrap': True, 'criterion': 'poisson', 'max_depth': 20, 'max_features': 1.0, 'max_samples': 0.85, 'min_samples_leaf': 2, 'min_samples_split': 2, 'n_estimators': 500}",-9.85395815030963,-10.091640709345837,-10.366468816177948,-10.06984553108895,-9.90302510517553,-10.05698766241958,0.18003899288783765,1,-14.048549416937002,-14.59503623872522,-14.90263862353418,-13.942856997981032,-14.08306294917731,-14.314428845270948,0.3706801690111087,1,-0.40712775596496525,-0.37571904329397515,-0.4190332326283988,-0.37872853269056944,-0.4255575647980711,-0.40123322587519594,0.020497287223192284,23,0.7638802734266172,-1.4340421816945053,1.262643207936257,-1.267964251144817,0.47420665990263955,-0.04025525831476169,1.1007961474246115,49,-13.039934354966883,-11.521373060770486,-13.876121413056245,-11.620303885495058,-12.192512392538731,-12.450049021365482,0.8943028926058287,34,10.05698766241958,14.314428845270948,0.40123322587519594,12.450049021365482,-0.04025525831476169,n500__poisson__boostrap_true__samples_0.85
38.16287322044373,0.38140301512473934,2.4735321044921874,0.14182630303273777,True,poisson,20,1.0,0.85,2,4,500,"{'bootstrap': True, 'criterion': 'poisson', 'max_depth': 20, 'max_features': 1.0, 'max_samples': 0.85, 'min_samples_leaf': 2, 'min_samples_split': 4, 'n_estimators': 500}",-9.85395815030963,-10.091640709345837,-10.366468816177948,-10.06984553108895,-9.90302510517553,-10.05698766241958,0.18003899288783765,1,-14.048549416937002,-14.595036238725221,-14.902638623534179,-13.942856997981034,-14.08306294917731,-14.314428845270948,0.37068016901110806,1,-0.40712775596496525,-0.37571904329397515,-0.4190332326283988,-0.37872853269056944,-0.4255575647980711,-0.40123322587519594,0.020497287223192284,23,0.7638802734266168,-1.4340421816945053,1.2626432079362575,-1.2679642511448175,0.4742066599026401,-0.04025525831476166,1.1007961474246117,48,-13.039934354966883,-11.521373060770488,-13.876121413056245,-11.620303885495057,-12.192512392538731,-12.45004902136548,0.8943028926058287,33,10.05698766241958,14.314428845270948,0.40123322587519594,12.45004902136548,-0.04025525831476166,n500__poisson__boostrap_true__samples_0.85
36.3233359336853,0.28835915394840095,2.389521837234497,0.18196697936809966,True,poisson,20,1.0,0.85,2,8,500,"{'bootstrap': True, 'criterion': 'poisson', 'max_depth': 20, 'max_features': 1.0, 'max_samples': 0.85, 'min_samples_leaf': 2, 'min_samples_split': 8, 'n_estimators': 500}",-9.91524763758385,-10.124401414950826,-10.377248574442865,-10.095067484332114,-9.934391507216572,-10.089271323705246,0.16641551407136054,18,-14.126793474756404,-14.60736208840005,-14.924237809416484,-13.9599435713751,-14.11450028520165,-14.346567445829937,0.3614832444972966,18,-0.4053156146179402,-0.37693006357856496,-0.4217522658610272,-0.3796324194034348,-0.42224231464737794,-0.40117453562166905,0.019678922866569807,22,0.7533761479455428,-1.459709369002022,1.2459976510601882,-1.2836871507727703,0.38738432096190795,-0.07132767996143066,1.0975717135782865,61,-13.160884260017816,-11.493766195891123,-13.779708096853547,-11.605147352017246,-12.222573946429764,-12.4524159702419,0.8891943054456037,40,10.089271323705246,14.346567445829937,0.40117453562166905,12.4524159702419,-0.07132767996143066,n500__poisson__boostrap_true__samples_0.85
32.039056348800656,3.3504872910938412,3.6902671337127684,1.1532425808809443,True,poisson,20,1.0,0.85,3,2,500,"{'bootstrap': True, 'criterion': 'poisson', 'max_depth': 20, 'max_features': 1.0, 'max_samples': 0.85, 'min_samples_leaf': 3, 'min_samples_split': 2, 'n_estimators': 500}",-9.882045762591803,-10.099375394346948,-10.380474971569228,-10.093405608039218,-9.92657072506635,-10.07637449232271,0.1752147401090818,15,-14.10405910269645,-14.60247067136179,-14.933949564387728,-13.982189332722538,-14.120459310074626,-14.348625596248628,0.361438688847532,19,-0.40682573240712777,-0.37693006357856496,-0.4214501510574018,-0.3799337149743899,-0.4258589511754069,-0.40219972263857817,0.020425811229695917,49,0.8287888235809256,-1.3982102493058026,1.291205288223016,-1.254294021138634,0.5131609476376202,-0.0038698422005749356,1.1086574478117854,13,-13.163909916413477,-11.542147981554578,-13.847047189932734,-11.632439078875112,-12.25726457538279,-12.488561748431739,0.8926053179866521,57,10.07637449232271,14.348625596248628,0.40219972263857817,12.488561748431739,-0.0038698422005749356,n500__poisson__boostrap_true__samples_0.85
33.87479386329651,2.360138263165192,3.028674268722534,1.0090542670873497,True,poisson,20,1.0,0.85,3,4,500,"{'bootstrap': True, 'criterion': 'poisson', 'max_depth': 20, 'max_features': 1.0, 'max_samples': 0.85, 'min_samples_leaf': 3, 'min_samples_split': 4, 'n_estimators': 500}",-9.882045762591803,-10.099375394346946,-10.380474971569228,-10.093405608039218,-9.92657072506635,-10.07637449232271,0.17521474010908172,15,-14.10405910269645,-14.602470671361788,-14.933949564387728,-13.98218933272254,-14.120459310074626,-14.348625596248628,0.3614386888475314,19,-0.40682573240712777,-0.37693006357856496,-0.4214501510574018,-0.3799337149743899,-0.4258589511754069,-0.40219972263857817,0.020425811229695917,49,0.8287888235809258,-1.3982102493058028,1.2912052882230167,-1.254294021138634,0.5131609476376197,-0.0038698422005749356,1.1086574478117857,13,-13.163909916413477,-11.542147981554578,-13.847047189932736,-11.632439078875114,-12.25726457538279,-12.488561748431739,0.8926053179866523,57,10.07637449232271,14.348625596248628,0.40219972263857817,12.488561748431739,-0.0038698422005749356,n500__poisson__boostrap_true__samples_0.85
34.35659637451172,0.22938636441042357,2.3845685005187987,0.08744032710881941,True,poisson,20,1.0,0.85,3,8,500,"{'bootstrap': True, 'criterion': 'poisson', 'max_depth': 20, 'max_features': 1.0, 'max_samples': 0.85, 'min_samples_leaf': 3, 'min_samples_split': 8, 'n_estimators': 500}",-9.925312469588901,-10.136991070092936,-10.422610625302493,-10.108809538755875,-9.92463417526413,-10.103671575800867,0.18260616978617694,24,-14.163151500609938,-14.635161356544522,-14.970575421868068,-13.991987347867868,-14.133589016185457,-14.37889292861517,0.3666540553709491,66,-0.40622168529145275,-0.38056312443233425,-0.41933534743202416,-0.3817414884001205,-0.4240506329113924,-0.4023824556934648,0.01829635413759121,55,0.808235763746272,-1.412144531640313,1.257535754266091,-1.2610159473872535,0.4657969944173982,-0.028318393319561052,1.0983543876062947,39,-13.211441710250096,-11.46307403202427,-13.92697569033574,-11.58872412381707,-12.251403916490158,-12.488323894583468,0.949649037172792,56,10.103671575800867,14.37889292861517,0.4023824556934648,12.488323894583468,-0.028318393319561052,n500__poisson__boostrap_true__samples_0.85
32.01943187713623,2.2720016422601677,2.8507144451141357,0.705181277212477,True,poisson,20,1.0,0.85,4,2,500,"{'bootstrap': True, 'criterion': 'poisson', 'max_depth': 20, 'max_features': 1.0, 'max_samples': 0.85, 'min_samples_leaf': 4, 'min_samples_split': 2, 'n_estimators': 500}",-9.96053427095352,-10.143501207918932,-10.443309739074072,-10.10338562234438,-9.940622718791628,-10.118270711816507,0.18052595783687286,41,-14.201383498279645,-14.638142915328258,-15.015678379775972,-13.98688075477869,-14.150869037819566,-14.398590917196426,0.37628293868249624,79,-0.40954394442766534,-0.3802603693611868,-0.4226586102719033,-0.37842723711961435,-0.4255575647980711,-0.40328954519568816,0.02029098416133487,76,0.8637046898853366,-1.4261229961079673,1.318006195772201,-1.268773299180489,0.5213676837965314,0.0016364548331225138,1.1312426335627912,9,-13.214990855212928,-11.462380666246665,-13.9134938328596,-11.672801871250378,-12.292097788876601,-12.511153002889234,0.9287291043763616,68,10.118270711816507,14.398590917196426,0.40328954519568816,12.511153002889234,0.0016364548331225138,n500__poisson__boostrap_true__samples_0.85
30.62971749305725,2.514950133880626,3.687585687637329,0.142933778381162,True,poisson,20,1.0,0.85,4,4,500,"{'bootstrap': True, 'criterion': 'poisson', 'max_depth': 20, 'max_features': 1.0, 'max_samples': 0.85, 'min_samples_leaf': 4, 'min_samples_split': 4, 'n_estimators': 500}",-9.96053427095352,-10.143501207918932,-10.443309739074072,-10.10338562234438,-9.940622718791628,-10.118270711816507,0.18052595783687286,41,-14.201383498279645,-14.638142915328258,-15.015678379775972,-13.98688075477869,-14.150869037819566,-14.398590917196426,0.37628293868249624,79,-0.40954394442766534,-0.3802603693611868,-0.4226586102719033,-0.37842723711961435,-0.4255575647980711,-0.40328954519568816,0.02029098416133487,76,0.8637046898853366,-1.4261229961079664,1.3180061957722007,-1.2687732991804883,0.5213676837965314,0.0016364548331227803,1.1312426335627908,7,-13.214990855212928,-11.462380666246665,-13.9134938328596,-11.672801871250378,-12.292097788876601,-12.511153002889234,0.9287291043763616,68,10.118270711816507,14.398590917196426,0.40328954519568816,12.511153002889234,0.0016364548331227803,n500__poisson__boostrap_true__samples_0.85
32.735349082946776,0.40716857302641396,3.506008434295654,0.10540899141711878,True,poisson,20,1.0,0.85,4,8,500,"{'bootstrap': True, 'criterion': 'poisson', 'max_depth': 20, 'max_features': 1.0, 'max_samples': 0.85, 'min_samples_leaf': 4, 'min_samples_split': 8, 'n_estimators': 500}",-9.96053427095352,-10.143501207918936,-10.443309739074072,-10.10338562234438,-9.940622718791628,-10.118270711816507,0.18052595783687295,41,-14.201383498279645,-14.638142915328258,-15.015678379775974,-13.98688075477869,-14.150869037819566,-14.398590917196426,0.3762829386824968,79,-0.40954394442766534,-0.3802603693611868,-0.4226586102719033,-0.37842723711961435,-0.4255575647980711,-0.40328954519568816,0.02029098416133487,76,0.8637046898853364,-1.4261229961079676,1.3180061957722011,-1.268773299180489,0.5213676837965316,0.0016364548331225359,1.1312426335627914,8,-13.214990855212925,-11.462380666246665,-13.913493832859603,-11.672801871250378,-12.292097788876598,-12.511153002889234,0.9287291043763616,68,10.118270711816507,14.398590917196426,0.40328954519568816,12.511153002889234,0.0016364548331225359,n500__poisson__boostrap_true__samples_0.85
41.631538486480714,0.7354345159187127,4.481516981124878,0.30296222676320383,True,poisson,22,0.875,0.85,1,2,500,"{'bootstrap': True, 'criterion': 'poisson', 'max_depth': 22, 'max_features': 0.875, 'max_samples': 0.85, 'min_samples_leaf': 1, 'min_samples_split': 2, 'n_estimators': 500}",-9.978677038907732,-10.20026545883947,-10.46778095915592,-10.212110940208014,-9.994652878325294,-10.170697455087288,0.17816368048651804,73,-14.123396866050177,-14.560559306661045,-14.955383698051293,-14.03174757796613,-14.09725570482464,-14.353668630710654,0.35419503452797824,31,-0.4053156146179402,-0.3787465940054496,-0.42205438066465256,-0.377523350406749,-0.4252561784207354,-0.40177922362310536,0.02046267271638669,37,0.6451293211363648,-1.6073535960242713,1.1791634438488094,-1.4418245242324852,0.34258158391226307,-0.17646075427186386,1.1340839441835422,81,-13.1055971900544,-11.34388004911215,-13.797919103058575,-11.615554914055378,-12.154126132425308,-12.403415477741163,0.921214881355041,13,10.170697455087288,14.353668630710654,0.40177922362310536,12.403415477741163,-0.17646075427186386,n500__poisson__boostrap_true__samples_0.85
37.785721969604495,1.1948343067125828,3.886802625656128,0.1859122688728589,True,poisson,22,0.875,0.85,1,4,500,"{'bootstrap': True, 'criterion': 'poisson', 'max_depth': 22, 'max_features': 0.875, 'max_samples': 0.85, 'min_samples_leaf': 1, 'min_samples_split': 4, 'n_estimators': 500}",-9.986937495530984,-10.20784981304273,-10.449792754853885,-10.22276126354614,-9.991650362389233,-10.171798337872596,0.17193292217020043,74,-14.129788198442208,-14.574812368887828,-14.942288100026396,-14.048124145373906,-14.093269633630685,-14.357656489272205,0.34830602511746567,36,-0.4050135910601027,-0.3760217983651226,-0.42084592145015104,-0.3796324194034348,-0.4228450874020494,-0.40087176353617215,0.01983723362526391,15,0.6780165358933096,-1.5840586513868513,1.1864073809299986,-1.4523989923145981,0.305059561669827,-0.1733948330416628,1.1339052902176963,80,-13.166168082791142,-11.467142595390245,-13.824774748544385,-11.551123959610113,-12.175510879553796,-12.436944053177935,0.9221042386122592,23,10.171798337872596,14.357656489272205,0.40087176353617215,12.436944053177935,-0.1733948330416628,n500__poisson__boostrap_true__samples_0.85
31.552570199966432,0.16305796170846404,4.4657874584198,0.13604711282773047,True,poisson,22,0.875,0.85,1,8,500,"{'bootstrap': True, 'criterion': 'poisson', 'max_depth': 22, 'max_features': 0.875, 'max_samples': 0.85, 'min_samples_leaf': 1, 'min_samples_split': 8, 'n_estimators': 500}",-10.040534303866389,-10.256713353758046,-10.510917393520462,-10.235808428557895,-9.993986486409211,-10.207591993222401,0.18371225210300113,95,-14.21468643589862,-14.620536963263758,-15.01150427602383,-14.070300239303176,-14.100514683878272,-14.403508519673531,0.362007454902675,83,-0.4025974025974026,-0.3796548592188919,-0.4232628398791541,-0.37842723711961435,-0.42646172393007836,-0.4020808125490283,0.020522129520219496,48,0.6423600755929945,-1.6426065488444614,1.1737025237333765,-1.4586889981732456,0.2784022923123987,-0.2013661310757875,1.1393770395505567,90,-13.267465600296333,-11.344655014605092,-13.803030665992223,-11.596838928919848,-12.04374062466371,-12.41114616689544,0.9598033047496296,16,10.207591993222401,14.403508519673531,0.4020808125490283,12.41114616689544,-0.2013661310757875,n500__poisson__boostrap_true__samples_0.85
33.43936614990234,0.41646147520134086,4.025795316696167,0.14474753008870703,True,poisson,22,0.875,0.85,2,2,500,"{'bootstrap': True, 'criterion': 'poisson', 'max_depth': 22, 'max_features': 0.875, 'max_samples': 0.85, 'min_samples_leaf': 2, 'min_samples_split': 2, 'n_estimators': 500}",-9.97502285225549,-10.167365181664454,-10.424475336183459,-10.135083174316915,-9.970294348552951,-10.134448178594653,0.16586898386703602,54,-14.173883029487756,-14.586664427727852,-14.965398162563575,-13.984592144170799,-14.107438766373475,-14.36359530606469,0.36254015738010037,44,-0.40622168529145275,-0.3760217983651226,-0.4214501510574018,-0.377523350406749,-0.42616033755274263,-0.40147546453469374,0.021224752350685282,27,0.7638235900303524,-1.5127532308727625,1.25008043506848,-1.3391737680618183,0.45349210517094507,-0.07690617373296067,1.131725989899488,62,-13.217963037326552,-11.508125311378809,-13.850458639012157,-11.64949055042325,-12.229888066992887,-12.491185121026732,0.9076302249586818,59,10.134448178594653,14.36359530606469,0.40147546453469374,12.491185121026732,-0.07690617373296067,n500__poisson__boostrap_true__samples_0.85
33.07301850318909,0.5246220396657617,4.040725421905518,0.12644822289148397,True,poisson,22,0.875,0.85,2,4,500,"{'bootstrap': True, 'criterion': 'poisson', 'max_depth': 22, 'max_features': 0.875, 'max_samples': 0.85, 'min_samples_leaf': 2, 'min_samples_split': 4, 'n_estimators': 500}",-9.97502285225549,-10.167365181664454,-10.42447533618346,-10.135083174316915,-9.970294348552947,-10.134448178594655,0.16586898386703736,55,-14.173883029487756,-14.586664427727854,-14.965398162563575,-13.984592144170797,-14.107438766373475,-14.36359530606469,0.362540157380101,44,-0.40622168529145275,-0.3760217983651226,-0.4214501510574018,-0.377523350406749,-0.42616033755274263,-0.40147546453469374,0.021224752350685282,27,0.7638235900303523,-1.512753230872762,1.2500804350684795,-1.3391737680618176,0.4534921051709443,-0.07690617373296071,1.1317259898994874,63,-13.217963037326552,-11.508125311378809,-13.850458639012157,-11.649490550423252,-12.229888066992887,-12.491185121026732,0.9076302249586816,59,10.134448178594655,14.36359530606469,0.40147546453469374,12.491185121026732,-0.07690617373296071,n500__poisson__boostrap_true__samples_0.85
29.1857430934906,0.44601552718564136,4.236299753189087,0.326109058094621,True,poisson,22,0.875,0.85,2,8,500,"{'bootstrap': True, 'criterion': 'poisson', 'max_depth': 22, 'max_features': 0.875, 'max_samples': 0.85, 'min_samples_leaf': 2, 'min_samples_split': 8, 'n_estimators': 500}",-9.9944978085455,-10.192437703001168,-10.471312974664086,-10.2040991327947,-9.97047875729078,-10.166565275259247,0.1805582836103507,71,-14.198982214606648,-14.569585097055246,-14.988763946944688,-14.056738661282832,-14.107693881027703,-14.384352760183424,0.35152731719931357,71,-0.40682573240712777,-0.3763245534362701,-0.42356495468277944,-0.37842723711961435,-0.4258589511754069,-0.40220028576423966,0.021318009518015685,52,0.7596193592452981,-1.5679672135750915,1.2663794149935497,-1.3904556410106768,0.40129326276645827,-0.10622616351609245,1.1556160919431249,72,-13.217105398127446,-11.458819801518235,-13.855835167534513,-11.645096635840433,-12.177473305927073,-12.47086606178954,0.9238208330536927,48,10.166565275259247,14.384352760183424,0.40220028576423966,12.47086606178954,-0.10622616351609245,n500__poisson__boostrap_true__samples_0.85
29.402110433578493,0.2876490839665563,3.9330084323883057,0.28453030624456965,True,poisson,22,0.875,0.85,3,2,500,"{'bootstrap': True, 'criterion': 'poisson', 'max_depth': 22, 'max_features': 0.875, 'max_samples': 0.85, 'min_samples_leaf': 3, 'min_samples_split': 2, 'n_estimators': 500}",-10.004530399890616,-10.157861633904089,-10.439303670934772,-10.14440536953181,-9.981827435863428,-10.145585702024942,0.1631782491297432,62,-14.24736961492109,-14.547282440353852,-14.980718013029456,-14.001311099359853,-14.105691206535905,-14.376474474840032,0.35356040956998575,57,-0.4083358501963153,-0.3787465940054496,-0.4217522658610272,-0.3799337149743899,-0.42887281494876434,-0.4035282479971892,0.02082502006289394,79,0.8436291140752811,-1.519457408842867,1.3320394188891433,-1.278702098636076,0.5158254911402038,-0.02133309667486294,1.1570366806782828,29,-13.283378753972293,-11.403936512940534,-13.955281385142252,-11.667434241119329,-12.238655099015475,-12.509737198437977,0.9689039358724625,65,10.145585702024942,14.376474474840032,0.4035282479971892,12.509737198437977,-0.02133309667486294,n500__poisson__boostrap_true__samples_0.85
29.19996919631958,0.4855892475956575,3.9279523372650145,0.18880553190745733,True,poisson,22,0.875,0.85,3,4,500,"{'bootstrap': True, 'criterion': 'poisson', 'max_depth': 22, 'max_features': 0.875, 'max_samples': 0.85, 'min_samples_leaf': 3, 'min_samples_split': 4, 'n_estimators': 500}",-10.004530399890616,-10.157861633904087,-10.439303670934773,-10.14440536953181,-9.981827435863424,-10.145585702024942,0.16317824912974455,62,-14.24736961492109,-14.547282440353852,-14.980718013029456,-14.001311099359853,-14.105691206535903,-14.376474474840032,0.353560409569986,57,-0.4083358501963153,-0.3787465940054496,-0.4217522658610272,-0.3799337149743899,-0.42887281494876434,-0.4035282479971892,0.02082502006289394,79,0.8436291140752814,-1.5194574088428678,1.3320394188891425,-1.2787020986360755,0.5158254911402033,-0.02133309667486325,1.1570366806782826,30,-13.283378753972295,-11.403936512940534,-13.955281385142252,-11.667434241119329,-12.238655099015475,-12.509737198437978,0.9689039358724629,66,10.145585702024942,14.376474474840032,0.4035282479971892,12.509737198437978,-0.02133309667486325,n500__poisson__boostrap_true__samples_0.85
27.11163640022278,0.26144255176728776,4.0094075202941895,0.3470703648437707,True,poisson,22,0.875,0.85,3,8,500,"{'bootstrap': True, 'criterion': 'poisson', 'max_depth': 22, 'max_features': 0.875, 'max_samples': 0.85, 'min_samples_leaf': 3, 'min_samples_split': 8, 'n_estimators': 500}",-10.00947592030003,-10.186094513323887,-10.481345462816535,-10.159488776833534,-9.959734021834597,-10.159227739021718,0.18259521904611017,66,-14.227957471520577,-14.582248072396089,-15.036763092802678,-14.022680707372718,-14.098471478803539,-14.39362416457912,0.374530711464473,75,-0.4089398973119903,-0.3787465940054496,-0.42386706948640485,-0.38053630611630007,-0.42857142857142855,-0.4041322590983147,0.021028790360453926,89,0.8602417464718736,-1.5334641548749606,1.3257222565009639,-1.2936532309741626,0.5114362371006441,-0.025943429155128327,1.1645435223373393,34,-13.290116393900211,-11.422717055937973,-13.9277954921386,-11.649132294816809,-12.216365302091114,-12.501225307776942,0.9620643857387053,64,10.159227739021718,14.39362416457912,0.4041322590983147,12.501225307776942,-0.025943429155128327,n500__poisson__boostrap_true__samples_0.85
26.41912407875061,0.3511537666522191,3.7579926013946534,0.4944320250945994,True,poisson,22,0.875,0.85,4,2,500,"{'bootstrap': True, 'criterion': 'poisson', 'max_depth': 22, 'max_features': 0.875, 'max_samples': 0.85, 'min_samples_leaf': 4, 'min_samples_split': 2, 'n_estimators': 500}",-10.012910773330145,-10.23257127242361,-10.491105045014109,-10.20198813045705,-9.97060836033043,-10.181836716311068,0.18535391357997752,80,-14.229752792700266,-14.604891528105,-15.044131522267271,-14.075313985943568,-14.12874597798814,-14.416567161400849,0.3642794163435447,85,-0.40954394442766534,-0.381774144716924,-0.4232628398791541,-0.38264537511298585,-0.43007836045810727,-0.4054609329189673,0.020105771441905194,94,0.8640664993275241,-1.5168456731170077,1.3705976170917549,-1.2904505973559708,0.5395468711432634,-0.006617056582087222,1.173211334967347,22,-13.27937748885308,-11.414766714714396,-14.012218348169311,-11.644642941874991,-12.218884042757432,-12.513977907273842,0.9880941103968315,76,10.181836716311068,14.416567161400849,0.4054609329189673,12.513977907273842,-0.006617056582087222,n500__poisson__boostrap_true__samples_0.85
26.316907978057863,0.2884091020650918,4.374964714050293,0.12560309395478453,True,poisson,22,0.875,0.85,4,4,500,"{'bootstrap': True, 'criterion': 'poisson', 'max_depth': 22, 'max_features': 0.875, 'max_samples': 0.85, 'min_samples_leaf': 4, 'min_samples_split': 4, 'n_estimators': 500}",-10.012910773330145,-10.23257127242361,-10.49110504501411,-10.20198813045705,-9.97060836033043,-10.181836716311068,0.1853539135799781,80,-14.229752792700266,-14.604891528105,-15.044131522267273,-14.075313985943568,-14.12874597798814,-14.416567161400849,0.3642794163435453,85,-0.40954394442766534,-0.381774144716924,-0.4232628398791541,-0.38264537511298585,-0.43007836045810727,-0.4054609329189673,0.020105771441905194,94,0.8640664993275241,-1.5168456731170072,1.3705976170917553,-1.2904505973559708,0.5395468711432636,-0.006617056582087,1.173211334967347,21,-13.27937748885308,-11.414766714714398,-14.012218348169311,-11.644642941874991,-12.218884042757432,-12.513977907273842,0.988094110396831,76,10.181836716311068,14.416567161400849,0.4054609329189673,12.513977907273842,-0.006617056582087,n500__poisson__boostrap_true__samples_0.85
26.04746632575989,0.22533411690780386,4.63657865524292,0.4071977207025511,True,poisson,22,0.875,0.85,4,8,500,"{'bootstrap': True, 'criterion': 'poisson', 'max_depth': 22, 'max_features': 0.875, 'max_samples': 0.85, 'min_samples_leaf': 4, 'min_samples_split': 8, 'n_estimators': 500}",-10.012910773330145,-10.23257127242361,-10.49110504501411,-10.20198813045705,-9.970608360330429,-10.181836716311068,0.1853539135799785,80,-14.229752792700266,-14.604891528105002,-15.044131522267273,-14.075313985943568,-14.12874597798814,-14.416567161400849,0.3642794163435455,85,-0.40954394442766534,-0.381774144716924,-0.4232628398791541,-0.38264537511298585,-0.43007836045810727,-0.4054609329189673,0.020105771441905194,94,0.8640664993275236,-1.516845673117008,1.3705976170917555,-1.2904505973559715,0.539546871143263,-0.006617056582087444,1.173211334967347,23,-13.27937748885308,-11.414766714714398,-14.012218348169311,-11.644642941874991,-12.218884042757432,-12.513977907273842,0.988094110396831,76,10.181836716311068,14.416567161400849,0.4054609329189673,12.513977907273842,-0.006617056582087444,n500__poisson__boostrap_true__samples_0.85
48.71665010452271,0.34044515694377325,4.504948234558105,0.6600149639686665,True,poisson,22,1.0,0.85,1,2,500,"{'bootstrap': True, 'criterion': 'poisson', 'max_depth': 22, 'max_features': 1.0, 'max_samples': 0.85, 'min_samples_leaf': 1, 'min_samples_split': 2, 'n_estimators': 500}",-9.92165679624232,-10.148006369828346,-10.41893811677135,-10.150569665379523,-9.959271996662103,-10.119688588976729,0.17678002800141196,45,-14.090544243114987,-14.644748669288305,-14.935137071518305,-13.998090759713417,-14.10763637123286,-14.355231422973574,0.3685167196504476,32,-0.40380549682875266,-0.3751135331516803,-0.4214501510574018,-0.380235010545345,-0.42163954189270647,-0.40044874669517727,0.019757756614444764,8,0.6113538131281901,-1.4662475397587755,1.1424073342835996,-1.4090387623126066,0.28537914558771527,-0.16722920181437542,1.0729150302646013,79,-13.042183293801706,-11.57217490545593,-13.716148187452285,-11.494905335689024,-12.148589167256935,-12.394800177931177,0.8616505543160599,9,10.119688588976729,14.355231422973574,0.40044874669517727,12.394800177931177,-0.16722920181437542,n500__poisson__boostrap_true__samples_0.85
44.61196203231812,0.19223765999203796,2.6094985961914063,0.10914586626317287,True,poisson,22,1.0,0.85,1,4,500,"{'bootstrap': True, 'criterion': 'poisson', 'max_depth': 22, 'max_features': 1.0, 'max_samples': 0.85, 'min_samples_leaf': 1, 'min_samples_split': 4, 'n_estimators': 500}",-9.922232800653903,-10.132621777656075,-10.419886236710543,-10.177179027675555,-9.92962180744017,-10.116308330027248,0.18365624663982466,40,-14.099828395457592,-14.610516442592079,-14.947421416894265,-14.033869178211896,-14.061533725096695,-14.350633831650503,0.3662011680681293,24,-0.4022953790395651,-0.37783832879200724,-0.4214501510574018,-0.37842723711961435,-0.4228450874020494,-0.4005712366821276,0.01970871876108331,10,0.6309242474574567,-1.4682823818796737,1.1169565135905366,-1.40525046962161,0.29557394969977163,-0.16601562815070375,1.0701212370924937,78,-13.116179799660928,-11.465670282151226,-13.687078675088374,-11.589980447524303,-12.090947798357206,-12.389971400556409,0.8710452476954533,6,10.116308330027248,14.350633831650503,0.4005712366821276,12.389971400556409,-0.16601562815070375,n500__poisson__boostrap_true__samples_0.85
36.288049173355105,3.315317123529022,3.8336860656738283,0.8890842056022845,True,poisson,22,1.0,0.85,1,8,500,"{'bootstrap': True, 'criterion': 'poisson', 'max_depth': 22, 'max_features': 1.0, 'max_samples': 0.85, 'min_samples_leaf': 1, 'min_samples_split': 8, 'n_estimators': 500}",-9.946861211970724,-10.133501438457312,-10.44581155303128,-10.181875599706933,-9.956276551030351,-10.13286527083932,0.1822739029384528,53,-14.111374724674675,-14.587739008346652,-14.972344232185163,-14.030447454320125,-14.092682752366677,-14.35891763437866,0.36570550332566687,39,-0.4053156146179402,-0.37571904329397515,-0.4148036253776435,-0.37872853269056944,-0.42163954189270647,-0.39924127157456696,0.018734111627469786,2,0.6376614218116112,-1.5396412308838134,1.1171030283699612,-1.4526088410739177,0.2830375948735998,-0.19088960538051178,1.098454814980013,87,-13.057136527739686,-11.436551275429196,-13.937817649103462,-11.524437697654328,-12.142260305971876,-12.41964069117971,0.9545737576821878,17,10.13286527083932,14.35891763437866,0.39924127157456696,12.41964069117971,-0.19088960538051178,n500__poisson__boostrap_true__samples_0.85
36.951041555404665,1.2243213994241322,4.657802581787109,0.49627762544201776,True,poisson,22,1.0,0.85,2,2,500,"{'bootstrap': True, 'criterion': 'poisson', 'max_depth': 22, 'max_features': 1.0, 'max_samples': 0.85, 'min_samples_leaf': 2, 'min_samples_split': 2, 'n_estimators': 500}",-9.859156144020021,-10.090681202684056,-10.372500052238516,-10.069924301358313,-9.899993306106957,-10.058451001281572,0.18145220318034505,3,-14.059097216149317,-14.581700691266857,-14.9064145175513,-13.950270396476952,-14.088794984484894,-14.317255561185863,0.3662123919323698,3,-0.4044095439444277,-0.37844383893430217,-0.4187311178247734,-0.37872853269056944,-0.4252561784207354,-0.40111384236296155,0.019591393919383287,19,0.7776706263538494,-1.4306013133532058,1.2341695310006688,-1.2739682009325997,0.49004684008328003,-0.04053650336960144,1.098133962141942,50,-13.151058042086587,-11.441697549783916,-13.859334891963096,-11.612481422956623,-12.216213042189656,-12.456156989795975,0.9219853809154361,41,10.058451001281572,14.317255561185863,0.40111384236296155,12.456156989795975,-0.04053650336960144,n500__poisson__boostrap_true__samples_0.85
39.2264979839325,0.12302708373714667,2.331253004074097,0.14313483569022412,True,poisson,22,1.0,0.85,2,4,500,"{'bootstrap': True, 'criterion': 'poisson', 'max_depth': 22, 'max_features': 1.0, 'max_samples': 0.85, 'min_samples_leaf': 2, 'min_samples_split': 4, 'n_estimators': 500}",-9.85915614402002,-10.090681202684054,-10.372500052238516,-10.069924301358313,-9.899993306106957,-10.058451001281572,0.18145220318034536,3,-14.059097216149317,-14.581700691266857,-14.906414517551298,-13.950270396476952,-14.088794984484894,-14.317255561185863,0.36621239193236926,3,-0.4044095439444277,-0.37844383893430217,-0.4187311178247734,-0.37872853269056944,-0.4252561784207354,-0.40111384236296155,0.019591393919383287,19,0.7776706263538491,-1.4306013133532065,1.2341695310006686,-1.273968200932599,0.49004684008328003,-0.04053650336960155,1.098133962141942,51,-13.151058042086586,-11.441697549783916,-13.859334891963096,-11.612481422956623,-12.216213042189656,-12.456156989795975,0.9219853809154359,41,10.058451001281572,14.317255561185863,0.40111384236296155,12.456156989795975,-0.04053650336960155,n500__poisson__boostrap_true__samples_0.85
35.35699014663696,1.5948902936543223,2.7032901763916017,0.2556916369816697,True,poisson,22,1.0,0.85,2,8,500,"{'bootstrap': True, 'criterion': 'poisson', 'max_depth': 22, 'max_features': 1.0, 'max_samples': 0.85, 'min_samples_leaf': 2, 'min_samples_split': 8, 'n_estimators': 500}",-9.918310327783235,-10.127695442952328,-10.427120505171859,-10.113378435578241,-9.924280676638217,-10.102157077624776,0.18537475430937217,23,-14.124940701179497,-14.6181791829523,-14.982211280510223,-13.99173305707794,-14.098492941432836,-14.36311143263056,0.377627943862901,43,-0.4044095439444277,-0.3766273085074175,-0.4187311178247734,-0.3808376016872552,-0.4246534056660639,-0.4010517955259876,0.019421833648037356,18,0.7495542221493874,-1.4695408826976357,1.242382298876181,-1.3289075813559317,0.4033351005077537,-0.08063536850404907,1.1100504460825678,64,-13.189432234812138,-11.494326572556771,-13.93436301637771,-11.533092865966712,-12.160052927100898,-12.462253523362845,0.9578562050266386,44,10.102157077624776,14.36311143263056,0.4010517955259876,12.462253523362845,-0.08063536850404907,n500__poisson__boostrap_true__samples_0.85
32.18357090950012,0.8155564091479744,4.281664085388184,1.0031761963179464,True,poisson,22,1.0,0.85,3,2,500,"{'bootstrap': True, 'criterion': 'poisson', 'max_depth': 22, 'max_features': 1.0, 'max_samples': 0.85, 'min_samples_leaf': 3, 'min_samples_split': 2, 'n_estimators': 500}",-9.883235858967264,-10.118884385347151,-10.389808812106494,-10.076256750458809,-9.913646293448773,-10.076366420065698,0.1810144611702489,13,-14.102676641302665,-14.626855860632128,-14.939738358025942,-13.957620311814427,-14.13411118518886,-14.352200471392802,0.37044700887987575,27,-0.4077318030806403,-0.3751135331516803,-0.42114803625377645,-0.3799337149743899,-0.4240506329113924,-0.40159554407437587,0.02046810387975669,31,0.7803074943229226,-1.4081815705687624,1.2867976961750116,-1.264785752418329,0.4714369686017105,-0.026885032777489336,1.101455874941423,38,-13.076663719534743,-11.610755204686447,-13.862829104164915,-11.596063537865328,-12.245098174656539,-12.478281948181595,0.8786715219972561,51,10.076366420065698,14.352200471392802,0.40159554407437587,12.478281948181595,-0.026885032777489336,n500__poisson__boostrap_true__samples_0.85
35.14308590888977,0.8338560040235714,2.4283090591430665,0.7228445668270825,True,poisson,22,1.0,0.85,3,4,500,"{'bootstrap': True, 'criterion': 'poisson', 'max_depth': 22, 'max_features': 1.0, 'max_samples': 0.85, 'min_samples_leaf': 3, 'min_samples_split': 4, 'n_estimators': 500}",-9.883235858967264,-10.118884385347151,-10.389808812106494,-10.076256750458809,-9.913646293448773,-10.076366420065698,0.1810144611702489,13,-14.102676641302665,-14.626855860632128,-14.939738358025942,-13.957620311814425,-14.13411118518886,-14.352200471392802,0.37044700887987614,27,-0.4077318030806403,-0.3751135331516803,-0.42114803625377645,-0.3799337149743899,-0.4240506329113924,-0.40159554407437587,0.02046810387975669,31,0.7803074943229229,-1.4081815705687624,1.2867976961750118,-1.2647857524183288,0.4714369686017105,-0.02688503277748918,1.101455874941423,37,-13.076663719534745,-11.610755204686447,-13.862829104164915,-11.596063537865328,-12.245098174656539,-12.478281948181595,0.8786715219972563,51,10.076366420065698,14.352200471392802,0.40159554407437587,12.478281948181595,-0.02688503277748918,n500__poisson__boostrap_true__samples_0.85
34.37659511566162,0.5940883672005265,1.9090121269226075,0.16990496758138152,True,poisson,22,1.0,0.85,3,8,500,"{'bootstrap': True, 'criterion': 'poisson', 'max_depth': 22, 'max_features': 1.0, 'max_samples': 0.85, 'min_samples_leaf': 3, 'min_samples_split': 8, 'n_estimators': 500}",-9.927708343410815,-10.124415224296316,-10.412004973906347,-10.093425825350339,-9.913857699748448,-10.094282413342452,0.1800868365979678,20,-14.137837774843565,-14.60505316263954,-14.97254097565379,-13.975826529324902,-14.087304293064411,-14.355712547105242,0.3758919649449887,33,-0.4050135910601027,-0.3787465940054496,-0.4202416918429003,-0.3799337149743899,-0.4255575647980711,-0.40189863133618264,0.01961830960471887,40,0.7883597728533056,-1.4412024939237675,1.2667745494331508,-1.277973332985212,0.46836877301316876,-0.03913454632187089,1.1088932412827726,46,-13.2292697736579,-11.463090187218436,-13.895312804548432,-11.60130326017441,-12.198380820333941,-12.477471369186626,0.9433987967805025,50,10.094282413342452,14.355712547105242,0.40189863133618264,12.477471369186626,-0.03913454632187089,n500__poisson__boostrap_true__samples_0.85
29.8090238571167,2.6188163497062646,3.1084312915802004,1.833282734328365,True,poisson,22,1.0,0.85,4,2,500,"{'bootstrap': True, 'criterion': 'poisson', 'max_depth': 22, 'max_features': 1.0, 'max_samples': 0.85, 'min_samples_leaf': 4, 'min_samples_split': 2, 'n_estimators': 500}",-9.953688420182383,-10.13433084674435,-10.425658990013682,-10.091583848980509,-9.951794976851698,-10.111411416554526,0.1732188913191109,38,-14.16734507859738,-14.619605800363699,-14.977686481362367,-13.98206695174026,-14.151141721800272,-14.379569206772794,0.3662207202362587,67,-0.4077318030806403,-0.37783832879200724,-0.4217522658610272,-0.37782464597770415,-0.4252561784207354,-0.40208064442642294,0.020649731174937524,45,0.8597063345498122,-1.4229286246765607,1.3256200471692543,-1.2561064668152095,0.5285541261780571,0.006969083281070665,1.1294263536602964,3,-13.260425938117887,-11.527949334731533,-13.931494847090086,-11.692563569141397,-12.322394870252564,-12.546965711866694,0.9213876363389476,88,10.111411416554526,14.379569206772794,0.40208064442642294,12.546965711866694,0.006969083281070665,n500__poisson__boostrap_true__samples_0.85
31.648792028427124,1.5509423880631295,3.500834035873413,1.0346993390080736,True,poisson,22,1.0,0.85,4,4,500,"{'bootstrap': True, 'criterion': 'poisson', 'max_depth': 22, 'max_features': 1.0, 'max_samples': 0.85, 'min_samples_leaf': 4, 'min_samples_split': 4, 'n_estimators': 500}",-9.953688420182383,-10.134330846744348,-10.425658990013682,-10.091583848980509,-9.9517949768517,-10.111411416554523,0.17321889131911053,36,-14.167345078597382,-14.619605800363699,-14.977686481362367,-13.98206695174026,-14.151141721800274,-14.379569206772796,0.36622072023625823,69,-0.4077318030806403,-0.37783832879200724,-0.4217522658610272,-0.37782464597770415,-0.4252561784207354,-0.40208064442642294,0.020649731174937524,45,0.8597063345498125,-1.4229286246765598,1.3256200471692545,-1.2561064668152095,0.5285541261780581,0.006969083281071153,1.1294263536602964,1,-13.260425938117887,-11.527949334731533,-13.931494847090086,-11.6925635691414,-12.322394870252564,-12.546965711866694,0.9213876363389469,88,10.111411416554523,14.379569206772796,0.40208064442642294,12.546965711866694,0.006969083281071153,n500__poisson__boostrap_true__samples_0.85
33.302800798416136,0.15772253831272404,2.6374989986419677,0.13556569271685326,True,poisson,22,1.0,0.85,4,8,500,"{'bootstrap': True, 'criterion': 'poisson', 'max_depth': 22, 'max_features': 1.0, 'max_samples': 0.85, 'min_samples_leaf': 4, 'min_samples_split': 8, 'n_estimators': 500}",-9.953688420182381,-10.13433084674435,-10.425658990013682,-10.091583848980509,-9.951794976851703,-10.111411416554523,0.17321889131911022,36,-14.16734507859738,-14.619605800363697,-14.977686481362367,-13.98206695174026,-14.151141721800272,-14.379569206772794,0.36622072023625846,67,-0.4077318030806403,-0.37783832879200724,-0.4217522658610272,-0.37782464597770415,-0.4252561784207354,-0.40208064442642294,0.020649731174937524,45,0.8597063345498123,-1.4229286246765607,1.3256200471692545,-1.2561064668152093,0.5285541261780575,0.0069690832810708645,1.1294263536602964,2,-13.260425938117887,-11.527949334731533,-13.931494847090086,-11.6925635691414,-12.322394870252564,-12.546965711866694,0.9213876363389469,88,10.111411416554523,14.379569206772794,0.40208064442642294,12.546965711866694,0.0069690832810708645,n500__poisson__boostrap_true__samples_0.85
42.37055726051331,0.28610400480976955,4.746417093276977,0.9025964602971807,True,poisson,24,0.875,0.85,1,2,500,"{'bootstrap': True, 'criterion': 'poisson', 'max_depth': 24, 'max_features': 0.875, 'max_samples': 0.85, 'min_samples_leaf': 1, 'min_samples_split': 2, 'n_estimators': 500}",-9.991353607490025,-10.205668607011605,-10.46903982647359,-10.226589872740256,-10.014684960385768,-10.181467374820249,0.17278846761350708,79,-14.138844296540444,-14.576674681474126,-14.95398164104512,-14.061433232774059,-14.094765249128011,-14.36513982019235,0.3487209346933692,48,-0.4025974025974026,-0.37753557372085983,-0.42205438066465256,-0.3796324194034348,-0.42163954189270647,-0.4006918636558113,0.019383020357508444,11,0.6358045527112809,-1.5764835437887432,1.1782098128603242,-1.4595097182436663,0.301990666467353,-0.18399764599869023,1.1251504315264933,83,-13.198244811862908,-11.428307242913034,-13.798280710878764,-11.546801203481817,-12.23399918867,-12.441126631561303,0.9255936470051358,26,10.181467374820249,14.36513982019235,0.4006918636558113,12.441126631561303,-0.18399764599869023,n500__poisson__boostrap_true__samples_0.85
37.65920190811157,1.1040364190236414,3.475595998764038,1.1570600231240902,True,poisson,24,0.875,0.85,1,4,500,"{'bootstrap': True, 'criterion': 'poisson', 'max_depth': 24, 'max_features': 0.875, 'max_samples': 0.85, 'min_samples_leaf': 1, 'min_samples_split': 4, 'n_estimators': 500}",-9.999502741419048,-10.218179830648607,-10.469066544242816,-10.251888046954763,-9.963916017106463,-10.18051063607434,0.18409524819298376,78,-14.165555360717255,-14.572363333606907,-14.94211079799629,-14.066452756600457,-14.064610073028271,-14.362218464389835,0.34501028085925284,41,-0.4025974025974026,-0.37844383893430217,-0.42205438066465256,-0.3799337149743899,-0.4240506329113924,-0.4014159940164279,0.019641149811248215,26,0.624092955963972,-1.6077518950347767,1.1516693824635669,-1.4706184180094681,0.29559624268087004,-0.2014023463871672,1.1267636561941652,91,-13.193820462878909,-11.37609738853299,-13.766870407085943,-11.556317961328089,-12.097036843629844,-12.398028612691157,0.9327838784495891,10,10.18051063607434,14.362218464389835,0.4014159940164279,12.398028612691157,-0.2014023463871672,n500__poisson__boostrap_true__samples_0.85
35.5651716709137,0.3042059759142351,2.9746870040893554,0.23862842213694682,True,poisson,24,0.875,0.85,1,8,500,"{'bootstrap': True, 'criterion': 'poisson', 'max_depth': 24, 'max_features': 0.875, 'max_samples': 0.85, 'min_samples_leaf': 1, 'min_samples_split': 8, 'n_estimators': 500}",-10.040779639680004,-10.221040825992779,-10.523146246375997,-10.248270618099006,-9.994067084140436,-10.205460882857645,0.18697948991477245,94,-14.186074748781088,-14.597113029658486,-15.015094753061952,-14.078888270826814,-14.093372647617365,-14.394108689989142,0.36329565177362716,76,-0.4025974025974026,-0.37904934907659704,-0.42205438066465256,-0.380235010545345,-0.42706449668474983,-0.4022001279137494,0.020154458343631276,51,0.6045274686060819,-1.5924156282537876,1.1662129372029315,-1.4738273818551793,0.2648893127375766,-0.2061226583124754,1.1217124726475445,93,-13.22078463448433,-11.381928525611777,-13.848167107246331,-11.538184271431561,-12.011015287523378,-12.400015965259476,0.9696783352176962,11,10.205460882857645,14.394108689989142,0.4022001279137494,12.400015965259476,-0.2061226583124754,n500__poisson__boostrap_true__samples_0.85
31.476924180984497,2.4649335374116608,4.662206935882568,1.3687935830972144,True,poisson,24,0.875,0.85,2,2,500,"{'bootstrap': True, 'criterion': 'poisson', 'max_depth': 24, 'max_features': 0.875, 'max_samples': 0.85, 'min_samples_leaf': 2, 'min_samples_split': 2, 'n_estimators': 500}",-9.952315195047865,-10.1636811893954,-10.410690247323908,-10.122298433272785,-9.958976142793087,-10.121592241566608,0.16759973104234777,48,-14.140976984670452,-14.561814800744346,-14.919624893341517,-13.975359888152044,-14.104480784658218,-14.340451470313315,0.35020213485293433,13,-0.4077318030806403,-0.3751135331516803,-0.42205438066465256,-0.37782464597770415,-0.42646172393007836,-0.4018372173609511,0.021636104264773033,38,0.7880886115866904,-1.4944269586560446,1.2704097391186373,-1.3266792804695235,0.44638321661664343,-0.0632449343607194,1.1320488311385488,60,-13.170917408802596,-11.555507152595679,-13.838382589522125,-11.639816574224096,-12.199640407958121,-12.480852826620524,0.8901419216548873,53,10.121592241566608,14.340451470313315,0.4018372173609511,12.480852826620524,-0.0632449343607194,n500__poisson__boostrap_true__samples_0.85
34.34248342514038,0.6498438027335645,2.6677581787109377,0.6189105961612692,True,poisson,24,0.875,0.85,2,4,500,"{'bootstrap': True, 'criterion': 'poisson', 'max_depth': 24, 'max_features': 0.875, 'max_samples': 0.85, 'min_samples_leaf': 2, 'min_samples_split': 4, 'n_estimators': 500}",-9.952315195047865,-10.1636811893954,-10.410690247323908,-10.122298433272787,-9.958976142793087,-10.121592241566608,0.16759973104234777,48,-14.140976984670452,-14.561814800744346,-14.919624893341517,-13.975359888152044,-14.104480784658218,-14.340451470313315,0.35020213485293433,13,-0.4077318030806403,-0.3751135331516803,-0.42205438066465256,-0.37782464597770415,-0.42646172393007836,-0.4018372173609511,0.021636104264773033,38,0.7880886115866909,-1.4944269586560446,1.2704097391186375,-1.3266792804695238,0.446383216616644,-0.0632449343607192,1.1320488311385488,59,-13.170917408802598,-11.555507152595677,-13.838382589522128,-11.639816574224096,-12.199640407958121,-12.480852826620524,0.890141921654889,53,10.121592241566608,14.340451470313315,0.4018372173609511,12.480852826620524,-0.0632449343607192,n500__poisson__boostrap_true__samples_0.85
32.66106705665588,0.6212965905944878,2.9013818740844726,0.5918923845635763,True,poisson,24,0.875,0.85,2,8,500,"{'bootstrap': True, 'criterion': 'poisson', 'max_depth': 24, 'max_features': 0.875, 'max_samples': 0.85, 'min_samples_leaf': 2, 'min_samples_split': 8, 'n_estimators': 500}",-10.00301461392451,-10.212925128656147,-10.450098950485595,-10.204929806376352,-9.995408782033559,-10.173275456295233,0.16723076845535564,76,-14.205385564200764,-14.586444502721411,-14.963912599689914,-14.068770007648384,-14.136860431297245,-14.392274621111543,0.337428832307199,73,-0.4059196617336152,-0.3787465940054496,-0.42235649546827797,-0.3820427839710756,-0.4258589511754069,-0.4029848972707651,0.019662967506707565,69,0.7596547614865772,-1.583247505690751,1.267931006133283,-1.3747881765571899,0.42460856558697907,-0.10116826980822032,1.1584953109556122,70,-13.25714222544126,-11.392416142547843,-13.87220284563966,-11.556482677196296,-12.234118032344284,-12.46247238463387,0.9629977725826915,45,10.173275456295233,14.392274621111543,0.4029848972707651,12.46247238463387,-0.10116826980822032,n500__poisson__boostrap_true__samples_0.85
29.614491271972657,2.5663070597633633,3.019318199157715,0.7597436094957207,True,poisson,24,0.875,0.85,3,2,500,"{'bootstrap': True, 'criterion': 'poisson', 'max_depth': 24, 'max_features': 0.875, 'max_samples': 0.85, 'min_samples_leaf': 3, 'min_samples_split': 2, 'n_estimators': 500}",-9.958173452857856,-10.179429778973224,-10.419233614531727,-10.139676053292076,-9.95065518427758,-10.129433616786493,0.17197693689057159,51,-14.168767957880219,-14.584605181181098,-14.973757690230029,-13.999001664269082,-14.100506317396174,-14.365327762191322,0.36365657649082794,49,-0.40652370884929023,-0.37693006357856496,-0.4214501510574018,-0.380235010545345,-0.42495479204339964,-0.40201874521480035,0.020139064113733136,42,0.8148190834564982,-1.5141261493210971,1.33519090187533,-1.2999337195877096,0.5007413201107802,-0.032661712693239656,1.1553768637877968,42,-13.25014052293344,-11.494577465357827,-13.945213315163931,-11.624051032315686,-12.297068653035666,-12.522210197761309,0.9453283096136771,80,10.129433616786493,14.365327762191322,0.40201874521480035,12.522210197761309,-0.032661712693239656,n500__poisson__boostrap_true__samples_0.85
29.314542722702026,1.4640083655536682,3.217916488647461,0.678236649695449,True,poisson,24,0.875,0.85,3,4,500,"{'bootstrap': True, 'criterion': 'poisson', 'max_depth': 24, 'max_features': 0.875, 'max_samples': 0.85, 'min_samples_leaf': 3, 'min_samples_split': 4, 'n_estimators': 500}",-9.958173452857856,-10.179429778973228,-10.419233614531727,-10.139676053292078,-9.95065518427758,-10.129433616786494,0.17197693689057178,52,-14.168767957880219,-14.584605181181098,-14.973757690230029,-13.999001664269084,-14.100506317396176,-14.365327762191322,0.3636565764908273,49,-0.40652370884929023,-0.37693006357856496,-0.4214501510574018,-0.380235010545345,-0.42495479204339964,-0.40201874521480035,0.020139064113733136,42,0.8148190834564976,-1.5141261493210967,1.3351909018753303,-1.2999337195877099,0.5007413201107802,-0.0326617126932397,1.1553768637877966,43,-13.25014052293344,-11.494577465357827,-13.94521331516393,-11.624051032315686,-12.297068653035666,-12.522210197761309,0.9453283096136765,80,10.129433616786494,14.365327762191322,0.40201874521480035,12.522210197761309,-0.0326617126932397,n500__poisson__boostrap_true__samples_0.85
30.42150821685791,0.31539164703909145,2.3938969135284425,0.2775769539448154,True,poisson,24,0.875,0.85,3,8,500,"{'bootstrap': True, 'criterion': 'poisson', 'max_depth': 24, 'max_features': 0.875, 'max_samples': 0.85, 'min_samples_leaf': 3, 'min_samples_split': 8, 'n_estimators': 500}",-10.006470924333831,-10.209105060064935,-10.473706296228876,-10.158177323206019,-9.967105084840858,-10.162912937734905,0.17975731901997163,69,-14.219317746923695,-14.612119332156627,-15.018476732921904,-14.013975254384107,-14.13115987660692,-14.39900978859865,0.3691718760679855,82,-0.4080338266384778,-0.3796548592188919,-0.4241691842900302,-0.38264537511298585,-0.4282700421940928,-0.40455465749089575,0.020294188130760796,90,0.8607030836583036,-1.5120083237689874,1.3494459827590213,-1.2937914758923705,0.4884504557324463,-0.021440055502317357,1.1625975469307817,31,-13.316511154871192,-11.45395156299263,-13.936835485559092,-11.583030168202361,-12.206732330620067,-12.49941214044907,0.9749094195455031,63,10.162912937734905,14.39900978859865,0.40455465749089575,12.49941214044907,-0.021440055502317357,n500__poisson__boostrap_true__samples_0.85
29.402985763549804,1.2602219736479585,2.357713460922241,0.4090519179596011,True,poisson,24,0.875,0.85,4,2,500,"{'bootstrap': True, 'criterion': 'poisson', 'max_depth': 24, 'max_features': 0.875, 'max_samples': 0.85, 'min_samples_leaf': 4, 'min_samples_split': 2, 'n_estimators': 500}",-10.044726944859958,-10.247130316196017,-10.518322949891356,-10.180897075759843,-9.979385854517728,-10.19409262824498,0.1878943993209654,90,-14.25714290895752,-14.617837409107642,-15.072961372446908,-14.046302360194742,-14.145363505135606,-14.427921511168483,0.3759739366138167,94,-0.40954394442766534,-0.3802603693611868,-0.42356495468277944,-0.37872853269056944,-0.42706449668474983,-0.4038324595693902,0.020724722206758486,82,0.8788032944370595,-1.5139870226012098,1.363312289706295,-1.2856789129568096,0.5331219180819998,-0.004885686666532996,1.1713361798623607,20,-13.336212618846766,-11.483109991538075,-14.025753439040024,-11.743527876827077,-12.307869015344355,-12.579294588319257,0.9632202883753656,94,10.19409262824498,14.427921511168483,0.4038324595693902,12.579294588319257,-0.004885686666532996,n500__poisson__boostrap_true__samples_0.85
27.565064096450804,0.7982400204520939,3.4384906768798826,0.7466379256496664,True,poisson,24,0.875,0.85,4,4,500,"{'bootstrap': True, 'criterion': 'poisson', 'max_depth': 24, 'max_features': 0.875, 'max_samples': 0.85, 'min_samples_leaf': 4, 'min_samples_split': 4, 'n_estimators': 500}",-10.044726944859958,-10.247130316196017,-10.518322949891356,-10.180897075759843,-9.979385854517728,-10.19409262824498,0.1878943993209654,90,-14.25714290895752,-14.617837409107642,-15.072961372446908,-14.046302360194742,-14.145363505135606,-14.427921511168483,0.3759739366138167,94,-0.40954394442766534,-0.3802603693611868,-0.42356495468277944,-0.37872853269056944,-0.42706449668474983,-0.4038324595693902,0.020724722206758486,82,0.8788032944370587,-1.5139870226012087,1.3633122897062966,-1.2856789129568091,0.5331219180819998,-0.004885686666532529,1.1713361798623605,18,-13.336212618846766,-11.483109991538075,-14.025753439040024,-11.743527876827075,-12.307869015344355,-12.579294588319257,0.9632202883753659,94,10.19409262824498,14.427921511168483,0.4038324595693902,12.579294588319257,-0.004885686666532529,n500__poisson__boostrap_true__samples_0.85
29.124686861038207,0.3257853345974453,3.7124847888946535,0.045871358024147726,True,poisson,24,0.875,0.85,4,8,500,"{'bootstrap': True, 'criterion': 'poisson', 'max_depth': 24, 'max_features': 0.875, 'max_samples': 0.85, 'min_samples_leaf': 4, 'min_samples_split': 8, 'n_estimators': 500}",-10.044726944859958,-10.247130316196017,-10.518322949891356,-10.180897075759843,-9.979385854517732,-10.19409262824498,0.18789439932096458,90,-14.25714290895752,-14.61783740910764,-15.072961372446906,-14.046302360194742,-14.145363505135606,-14.427921511168483,0.3759739366138159,94,-0.40954394442766534,-0.3802603693611868,-0.42356495468277944,-0.37872853269056944,-0.42706449668474983,-0.4038324595693902,0.020724722206758486,82,0.8788032944370594,-1.5139870226012087,1.363312289706296,-1.2856789129568094,0.5331219180819996,-0.004885686666532618,1.1713361798623605,19,-13.336212618846766,-11.483109991538075,-14.025753439040024,-11.743527876827075,-12.307869015344357,-12.579294588319259,0.9632202883753658,96,10.19409262824498,14.427921511168483,0.4038324595693902,12.579294588319259,-0.004885686666532618,n500__poisson__boostrap_true__samples_0.85
47.68980040550232,1.0123067339831584,4.064613103866577,0.28315985405814026,True,poisson,24,1.0,0.85,1,2,500,"{'bootstrap': True, 'criterion': 'poisson', 'max_depth': 24, 'max_features': 1.0, 'max_samples': 0.85, 'min_samples_leaf': 1, 'min_samples_split': 2, 'n_estimators': 500}",-9.941407753492058,-10.141763051335282,-10.399769123345129,-10.17098836111467,-9.963368774085763,-10.123459412674581,0.16595957309764864,50,-14.10760554269095,-14.62810387127745,-14.891193347200623,-14.03393843204618,-14.119401151091886,-14.356048468861417,0.34113777251579896,34,-0.4050135910601027,-0.3751135331516803,-0.4217522658610272,-0.37812594154865925,-0.42495479204339964,-0.4009920247329738,0.021042475668547667,16,0.6105919676184535,-1.5438644086544628,1.1270502666567905,-1.42348427777832,0.2820918032842792,-0.18952292977465196,1.0911343397411444,86,-13.026722996493998,-11.460395164154455,-13.665391182273048,-11.566918746053124,-12.054765317629007,-12.354838681320727,0.8578889723173243,1,10.123459412674581,14.356048468861417,0.4009920247329738,12.354838681320727,-0.18952292977465196,n500__poisson__boostrap_true__samples_0.85
43.279452896118165,1.6191444255393743,3.875348615646362,0.28996696241286823,True,poisson,24,1.0,0.85,1,4,500,"{'bootstrap': True, 'criterion': 'poisson', 'max_depth': 24, 'max_features': 1.0, 'max_samples': 0.85, 'min_samples_leaf': 1, 'min_samples_split': 4, 'n_estimators': 500}",-9.925316199906277,-10.122014555227528,-10.409813992694858,-10.13987552444985,-9.936842994898816,-10.106772653435467,0.1760481197386287,29,-14.105907938508674,-14.629442849130882,-14.925282691590747,-13.978138933787296,-14.071653478872316,-14.342085178377982,0.3698820439111789,15,-0.4013893083660526,-0.3766273085074175,-0.41842900302114805,-0.3799337149743899,-0.4207353827606992,-0.39942294352594143,0.018540700956476103,4,0.6343444205893378,-1.5280580379080324,1.1197054275872407,-1.4004754712834246,0.2537521804341726,-0.1841462961161412,1.0814126759560065,84,-13.153888756381106,-11.409099026007352,-13.77715136503023,-11.501216802719815,-12.110456587304748,-12.39036250748865,0.9314463051299228,8,10.106772653435467,14.342085178377982,0.39942294352594143,12.39036250748865,-0.1841462961161412,n500__poisson__boostrap_true__samples_0.85
36.94058890342713,0.7193902894821615,4.054377269744873,0.2863245502384361,True,poisson,24,1.0,0.85,1,8,500,"{'bootstrap': True, 'criterion': 'poisson', 'max_depth': 24, 'max_features': 1.0, 'max_samples': 0.85, 'min_samples_leaf': 1, 'min_samples_split': 8, 'n_estimators': 500}",-9.944276142885329,-10.168085951909841,-10.457057665611703,-10.163209059261323,-9.983816476227735,-10.143289059179185,0.18138361350461898,61,-14.090754676304297,-14.596179176761977,-14.954791382634665,-14.009063784281787,-14.13149712070587,-14.35645722813772,0.36258998163501793,35,-0.4028994261552401,-0.37571904329397515,-0.4190332326283988,-0.37812594154865925,-0.4204339963833635,-0.3992423280019274,0.01925298824557349,3,0.6420582682866033,-1.5415391769538374,1.1204160232836438,-1.4600837210517705,0.2689800869426476,-0.19403370389854263,1.1008962973503509,89,-13.137688618961867,-11.480049958775052,-13.81450537499769,-11.508236253991038,-12.193110751469293,-12.426718191638987,0.9193252377504119,21,10.143289059179185,14.35645722813772,0.3992423280019274,12.426718191638987,-0.19403370389854263,n500__poisson__boostrap_true__samples_0.85
38.29696960449219,0.2651924201114004,4.082220602035522,0.2976186881552376,True,poisson,24,1.0,0.85,2,2,500,"{'bootstrap': True, 'criterion': 'poisson', 'max_depth': 24, 'max_features': 1.0, 'max_samples': 0.85, 'min_samples_leaf': 2, 'min_samples_split': 2, 'n_estimators': 500}",-9.860966411296586,-10.118941207495892,-10.399434731399575,-10.066654402192945,-9.91927657793051,-10.073054666063102,0.18830805256862118,9,-14.082170384153235,-14.596522784867028,-14.9598433989712,-13.957732153216103,-14.09879994786047,-14.339013733813607,0.3796807072906795,11,-0.40380549682875266,-0.37753557372085983,-0.4214501510574018,-0.38053630611630007,-0.4246534056660639,-0.4015961866778756,0.019764250380576935,33,0.7769980634184785,-1.46888445657754,1.2716476016373834,-1.2913307559342078,0.4509624351381482,-0.05212142246354753,1.116759077492589,53,-13.172139257958705,-11.455949257531401,-13.846337821631657,-11.530205535206948,-12.210238837956638,-12.44297414205707,0.9340922606997354,29,10.073054666063102,14.339013733813607,0.4015961866778756,12.44297414205707,-0.05212142246354753,n500__poisson__boostrap_true__samples_0.85
37.98610305786133,0.7503813328760031,3.9439127922058104,0.3685126073040393,True,poisson,24,1.0,0.85,2,4,500,"{'bootstrap': True, 'criterion': 'poisson', 'max_depth': 24, 'max_features': 1.0, 'max_samples': 0.85, 'min_samples_leaf': 2, 'min_samples_split': 4, 'n_estimators': 500}",-9.860966411296586,-10.118941207495892,-10.399434731399575,-10.066654402192945,-9.91927657793051,-10.073054666063102,0.18830805256862118,9,-14.082170384153237,-14.596522784867028,-14.959843398971199,-13.957732153216103,-14.09879994786047,-14.339013733813607,0.3796807072906787,11,-0.40380549682875266,-0.37753557372085983,-0.4214501510574018,-0.38053630611630007,-0.4246534056660639,-0.4015961866778756,0.019764250380576935,33,0.7769980634184789,-1.4688844565775412,1.2716476016373832,-1.2913307559342073,0.45096243513814877,-0.05212142246354753,1.1167590774925895,53,-13.172139257958706,-11.455949257531401,-13.846337821631657,-11.530205535206948,-12.210238837956638,-12.44297414205707,0.9340922606997357,29,10.073054666063102,14.339013733813607,0.4015961866778756,12.44297414205707,-0.05212142246354753,n500__poisson__boostrap_true__samples_0.85
33.39253196716309,0.6385849274276705,4.132321310043335,0.6636001051951607,True,poisson,24,1.0,0.85,2,8,500,"{'bootstrap': True, 'criterion': 'poisson', 'max_depth': 24, 'max_features': 1.0, 'max_samples': 0.85, 'min_samples_leaf': 2, 'min_samples_split': 8, 'n_estimators': 500}",-9.913194125318851,-10.100961377862498,-10.405860773707534,-10.11696327571925,-9.915578758039214,-10.090511662129469,0.180164911338204,19,-14.119660996789491,-14.607472657858963,-14.95029705777581,-13.98720896024945,-14.084236060292238,-14.349775146593192,0.3693108016011085,23,-0.4028994261552401,-0.3760217983651226,-0.42114803625377645,-0.3808376016872552,-0.4243520192887282,-0.40105177635002454,0.01992630145383778,17,0.7349365107666981,-1.4497422704124818,1.2403489516194228,-1.3648464702505299,0.38560985075445475,-0.0907386855044872,1.109115246165236,68,-13.214378012023708,-11.503613813167233,-13.826741101446277,-11.490615378698848,-12.137551066753339,-12.434579874417881,0.9372503301056746,22,10.090511662129469,14.349775146593192,0.40105177635002454,12.434579874417881,-0.0907386855044872,n500__poisson__boostrap_true__samples_0.85
33.476241159439084,0.5818021274124087,3.8232834339141846,0.3535631705073524,True,poisson,24,1.0,0.85,3,2,500,"{'bootstrap': True, 'criterion': 'poisson', 'max_depth': 24, 'max_features': 1.0, 'max_samples': 0.85, 'min_samples_leaf': 3, 'min_samples_split': 2, 'n_estimators': 500}",-9.873479308730483,-10.097896339442006,-10.382175624332692,-10.091772817149444,-9.914446152509763,-10.071954048432877,0.17972432878609826,7,-14.101766810785941,-14.604021344363517,-14.927976009434484,-13.991895024758213,-14.121959577995993,-14.349523753467627,0.3578947611822032,21,-0.4089398973119903,-0.37723281864971236,-0.41963746223564957,-0.3793311238324797,-0.42374924653405666,-0.4017781097127777,0.019795539981787305,35,0.7884731314131865,-1.4103078544444685,1.287431744939217,-1.2760522684425528,0.48047763327461734,-0.025995522652000093,1.1067003147221313,36,-13.036087344651289,-11.514889552948182,-13.904391789881219,-11.620085981397207,-12.265418606412723,-12.468174655058125,0.9004844674861854,47,10.071954048432877,14.349523753467627,0.4017781097127777,12.468174655058125,-0.025995522652000093,n500__poisson__boostrap_true__samples_0.85
33.344737911224364,0.16281043993866817,3.7465795993804933,0.1941766949947343,True,poisson,24,1.0,0.85,3,4,500,"{'bootstrap': True, 'criterion': 'poisson', 'max_depth': 24, 'max_features': 1.0, 'max_samples': 0.85, 'min_samples_leaf': 3, 'min_samples_split': 4, 'n_estimators': 500}",-9.873479308730483,-10.097896339442006,-10.382175624332692,-10.091772817149444,-9.914446152509763,-10.071954048432877,0.17972432878609826,7,-14.101766810785941,-14.604021344363517,-14.927976009434484,-13.991895024758213,-14.121959577995993,-14.349523753467627,0.3578947611822032,21,-0.4089398973119903,-0.37723281864971236,-0.41963746223564957,-0.3793311238324797,-0.42374924653405666,-0.4017781097127777,0.019795539981787305,35,0.7884731314131862,-1.4103078544444674,1.2874317449392179,-1.2760522684425533,0.4804776332746182,-0.02599552265199968,1.1067003147221313,35,-13.036087344651289,-11.514889552948182,-13.904391789881215,-11.620085981397205,-12.265418606412723,-12.468174655058123,0.9004844674861847,46,10.071954048432877,14.349523753467627,0.4017781097127777,12.468174655058123,-0.02599552265199968,n500__poisson__boostrap_true__samples_0.85
31.458281230926513,0.5286179373448074,3.9016815662384032,0.5354112775896479,True,poisson,24,1.0,0.85,3,8,500,"{'bootstrap': True, 'criterion': 'poisson', 'max_depth': 24, 'max_features': 1.0, 'max_samples': 0.85, 'min_samples_leaf': 3, 'min_samples_split': 8, 'n_estimators': 500}",-9.933643766239346,-10.119293595064532,-10.418518865524765,-10.090872643549956,-9.917503429380545,-10.095966459951828,0.18044825669080536,22,-14.145762201721297,-14.621800125085505,-14.982295642546173,-13.98503505128142,-14.121916467616003,-14.37136189765008,0.37371808198345485,54,-0.4059196617336152,-0.3802603693611868,-0.4205438066465257,-0.3814401928291654,-0.4240506329113924,-0.4024429326963771,0.01865370305965551,56,0.7924436063770292,-1.4514460170372134,1.29103812746888,-1.281629835096867,0.4451509532710501,-0.04088863300342421,1.1165855865184253,52,-13.212081581373814,-11.397253403751689,-13.921923005319309,-11.547344739832466,-12.218652182529492,-12.459450982561355,0.9719529610191487,43,10.095966459951828,14.37136189765008,0.4024429326963771,12.459450982561355,-0.04088863300342421,n500__poisson__boostrap_true__samples_0.85
30.634014415740968,0.2946093561819652,3.6271875381469725,0.16068717376329208,True,poisson,24,1.0,0.85,4,2,500,"{'bootstrap': True, 'criterion': 'poisson', 'max_depth': 24, 'max_features': 1.0, 'max_samples': 0.85, 'min_samples_leaf': 4, 'min_samples_split': 2, 'n_estimators': 500}",-9.948164355184222,-10.128742863794018,-10.432573581884254,-10.091570781536918,-9.934147833882363,-10.107039883256355,0.1798975239248847,34,-14.162652561876689,-14.612429806511058,-14.995144731674333,-13.988606548566883,-14.13221336692767,-14.378209403111327,0.3726224853355422,60,-0.4083358501963153,-0.3781410838631547,-0.42235649546827797,-0.37902982826152454,-0.42646172393007836,-0.4028649963438702,0.02071734258362818,65,0.8410765429339064,-1.4041351116758078,1.3062624773339753,-1.2475107679879145,0.5112974449318484,0.0013981171072015464,1.113824514220044,11,-13.211233954759294,-11.536180706663908,-13.896833818316287,-11.666707148238926,-12.246638669648606,-12.511518859525404,0.9103682336825236,72,10.107039883256355,14.378209403111327,0.4028649963438702,12.511518859525404,0.0013981171072015464,n500__poisson__boostrap_true__samples_0.85
30.495549869537353,0.14999677081195742,3.7562707901000976,0.044455432484771254,True,poisson,24,1.0,0.85,4,4,500,"{'bootstrap': True, 'criterion': 'poisson', 'max_depth': 24, 'max_features': 1.0, 'max_samples': 0.85, 'min_samples_leaf': 4, 'min_samples_split': 4, 'n_estimators': 500}",-9.948164355184224,-10.128742863794015,-10.432573581884254,-10.091570781536914,-9.934147833882363,-10.107039883256354,0.17989752392488437,32,-14.162652561876689,-14.612429806511058,-14.995144731674333,-13.988606548566883,-14.132213366927674,-14.378209403111327,0.37262248533554176,60,-0.4083358501963153,-0.3781410838631547,-0.42235649546827797,-0.37902982826152454,-0.42646172393007836,-0.4028649963438702,0.02071734258362818,65,0.8410765429339064,-1.4041351116758074,1.3062624773339753,-1.2475107679879138,0.5112974449318481,0.001398117107201724,1.1138245142200436,10,-13.211233954759294,-11.536180706663908,-13.896833818316287,-11.666707148238922,-12.246638669648606,-12.511518859525403,0.9103682336825242,71,10.107039883256354,14.378209403111327,0.4028649963438702,12.511518859525403,0.001398117107201724,n500__poisson__boostrap_true__samples_0.85
30.455642795562746,0.2477925676861049,4.636040830612183,0.42006293466298017,True,poisson,24,1.0,0.85,4,8,500,"{'bootstrap': True, 'criterion': 'poisson', 'max_depth': 24, 'max_features': 1.0, 'max_samples': 0.85, 'min_samples_leaf': 4, 'min_samples_split': 8, 'n_estimators': 500}",-9.948164355184224,-10.128742863794015,-10.432573581884252,-10.091570781536918,-9.934147833882363,-10.107039883256354,0.17989752392488367,32,-14.162652561876689,-14.612429806511058,-14.995144731674333,-13.988606548566883,-14.13221336692767,-14.378209403111327,0.3726224853355422,60,-0.4083358501963153,-0.3781410838631547,-0.42235649546827797,-0.37902982826152454,-0.42646172393007836,-0.4028649963438702,0.02071734258362818,65,0.8410765429339064,-1.4041351116758078,1.3062624773339744,-1.247510767987914,0.5112974449318478,0.0013981171072013465,1.1138245142200436,12,-13.211233954759294,-11.536180706663908,-13.896833818316287,-11.666707148238926,-12.246638669648606,-12.511518859525404,0.9103682336825236,72,10.107039883256354,14.378209403111327,0.4028649963438702,12.511518859525404,0.0013981171072013465,n500__poisson__boostrap_true__samples_0.85
42.838276386260986,0.3285302199593159,5.083949756622315,0.5918608930313258,True,poisson,26,0.875,0.85,1,2,500,"{'bootstrap': True, 'criterion': 'poisson', 'max_depth': 26, 'max_features': 0.875, 'max_samples': 0.85, 'min_samples_leaf': 1, 'min_samples_split': 2, 'n_estimators': 500}",-9.981146938665093,-10.230112876959797,-10.489597710877662,-10.248882528668624,-9.974303014247528,-10.18480861388374,0.1922732544511391,86,-14.12348747154562,-14.581303105537035,-14.986141389105468,-14.08642710124246,-14.068071697615219,-14.36908615300916,0.3623859140674425,53,-0.40320144971307764,-0.37571904329397515,-0.4229607250755287,-0.3766194636938837,-0.4240506329113924,-0.4005102629375715,0.02121692538937773,9,0.6376550905057867,-1.628610173524511,1.1839052300780861,-1.4908820707861048,0.2697452075769909,-0.20563734322995045,1.1440860935183665,92,-13.168109932054225,-11.446721768511987,-13.799748119486974,-11.62712140788483,-12.078803127225925,-12.424100871032788,0.9116612903555418,18,10.18480861388374,14.36908615300916,0.4005102629375715,12.424100871032788,-0.20563734322995045,n500__poisson__boostrap_true__samples_0.85
39.298604583740236,0.42553281202663346,3.787073040008545,0.13331886246858812,True,poisson,26,0.875,0.85,1,4,500,"{'bootstrap': True, 'criterion': 'poisson', 'max_depth': 26, 'max_features': 0.875, 'max_samples': 0.85, 'min_samples_leaf': 1, 'min_samples_split': 4, 'n_estimators': 500}",-10.004644357783402,-10.17200856411429,-10.47402335154323,-10.236019423662546,-9.997219504093515,-10.176783040239396,0.1753615333636331,77,-14.168490175319066,-14.536598914467028,-14.969712798991248,-14.04340792376614,-14.09463482686604,-14.362568927881904,0.34935057111393636,42,-0.40320144971307764,-0.3760217983651226,-0.4226586102719033,-0.3811388972582103,-0.42374924653405666,-0.40135400042847413,0.020046033897668694,25,0.6046100574828905,-1.6266259705372395,1.1677961013043672,-1.4567577371717573,0.2712832900280656,-0.2079388517787347,1.1273648922793629,94,-13.156270175635465,-11.362881926966583,-13.772130946721065,-11.517142109669143,-12.116249029479162,-12.384934837694285,0.9369225883852274,5,10.176783040239396,14.362568927881904,0.40135400042847413,12.384934837694285,-0.2079388517787347,n500__poisson__boostrap_true__samples_0.85
32.876975440979,1.5910043018272522,4.403021049499512,0.3544607798315625,True,poisson,26,0.875,0.85,1,8,500,"{'bootstrap': True, 'criterion': 'poisson', 'max_depth': 26, 'max_features': 0.875, 'max_samples': 0.85, 'min_samples_leaf': 1, 'min_samples_split': 8, 'n_estimators': 500}",-10.059166627211683,-10.229241382790912,-10.528116981937497,-10.268288315836791,-10.020708881018255,-10.221104437759028,0.1805167383674755,96,-14.212858478620053,-14.59014926326039,-15.021215246479676,-14.091417284005063,-14.139090701221358,-14.410946194717308,0.3520752569288853,84,-0.40320144971307764,-0.3799576142900394,-0.42205438066465256,-0.37872853269056944,-0.42706449668474983,-0.40220129480861777,0.020293230496085973,53,0.6066986759023232,-1.6553628708348267,1.1476232835879938,-1.4867486359269344,0.2887074270486134,-0.21981642404456614,1.1382026095540607,96,-13.226471917082572,-11.282677579677669,-13.832033027519463,-11.593448765958955,-12.070092911138271,-12.400944840275386,0.9738113707886425,12,10.221104437759028,14.410946194717308,0.40220129480861777,12.400944840275386,-0.21981642404456614,n500__poisson__boostrap_true__samples_0.85
31.773689603805543,0.5109935981487387,4.991759395599365,0.10900732479243867,True,poisson,26,0.875,0.85,2,2,500,"{'bootstrap': True, 'criterion': 'poisson', 'max_depth': 26, 'max_features': 0.875, 'max_samples': 0.85, 'min_samples_leaf': 2, 'min_samples_split': 2, 'n_estimators': 500}",-9.918590738397091,-10.148044635026487,-10.389677125553698,-10.136287122833846,-9.942129966783328,-10.106945917718889,0.17036955011139607,30,-14.119855263250367,-14.522554075786529,-14.920114192283354,-13.97434849185586,-14.056687690118354,-14.318711942658894,0.35497131016609595,5,-0.40652370884929023,-0.37541628822282774,-0.42084592145015104,-0.37902982826152454,-0.42616033755274263,-0.40159521686730726,0.020942100574417727,29,0.7657720155002803,-1.5433268400981994,1.2644767097308816,-1.362847868015855,0.44754773421302835,-0.08567564973397282,1.147877830216315,66,-13.141131158303931,-11.460235030906507,-13.846105238618792,-11.573547252281761,-12.18986938186206,-12.44217761239461,0.9210796076407776,27,10.106945917718889,14.318711942658894,0.40159521686730726,12.44217761239461,-0.08567564973397282,n500__poisson__boostrap_true__samples_0.85
33.809732866287234,0.3609158568505682,4.063715839385987,0.5725688162254572,True,poisson,26,0.875,0.85,2,4,500,"{'bootstrap': True, 'criterion': 'poisson', 'max_depth': 26, 'max_features': 0.875, 'max_samples': 0.85, 'min_samples_leaf': 2, 'min_samples_split': 4, 'n_estimators': 500}",-9.91859073839709,-10.148044635026487,-10.389677125553698,-10.136287122833846,-9.942129966783328,-10.106945917718889,0.17036955011139646,30,-14.119855263250367,-14.522554075786529,-14.920114192283354,-13.97434849185586,-14.056687690118354,-14.318711942658894,0.35497131016609595,5,-0.40652370884929023,-0.37541628822282774,-0.42084592145015104,-0.37902982826152454,-0.42616033755274263,-0.40159521686730726,0.020942100574417727,29,0.7657720155002797,-1.5433268400982005,1.2644767097308813,-1.3628478680158558,0.44754773421302835,-0.08567564973397337,1.147877830216315,67,-13.141131158303931,-11.460235030906507,-13.846105238618792,-11.573547252281761,-12.18986938186206,-12.44217761239461,0.9210796076407776,27,10.106945917718889,14.318711942658894,0.40159521686730726,12.44217761239461,-0.08567564973397337,n500__poisson__boostrap_true__samples_0.85
30.96924295425415,0.5214739401870069,3.464367485046387,0.6163124974666364,True,poisson,26,0.875,0.85,2,8,500,"{'bootstrap': True, 'criterion': 'poisson', 'max_depth': 26, 'max_features': 0.875, 'max_samples': 0.85, 'min_samples_leaf': 2, 'min_samples_split': 8, 'n_estimators': 500}",-10.001103053920671,-10.1975552398062,-10.444234268813215,-10.18089239118924,-9.984142519739475,-10.161585494693762,0.16661184320695016,67,-14.210095387769906,-14.570548217730131,-14.972232134414146,-14.028034432922222,-14.119327981719124,-14.380047630911108,0.3486387103433614,70,-0.40682573240712777,-0.3766273085074175,-0.4214501510574018,-0.37872853269056944,-0.42616033755274263,-0.40195841244305186,0.02083575771010316,41,0.7424137448199202,-1.592709286430496,1.2644798001909876,-1.3758679849557074,0.43374976779430885,-0.10558679171619734,1.1586387637942737,71,-13.204077253389048,-11.423555540192902,-13.890983357850862,-11.624453462326608,-12.222972634383696,-12.473208449628624,0.9411725793586406,49,10.161585494693762,14.380047630911108,0.40195841244305186,12.473208449628624,-0.10558679171619734,n500__poisson__boostrap_true__samples_0.85
28.27683491706848,1.081822296480682,4.345689725875855,0.884610506698207,True,poisson,26,0.875,0.85,3,2,500,"{'bootstrap': True, 'criterion': 'poisson', 'max_depth': 26, 'max_features': 0.875, 'max_samples': 0.85, 'min_samples_leaf': 3, 'min_samples_split': 2, 'n_estimators': 500}",-9.972423938613929,-10.180988488935098,-10.431925207741989,-10.153630738640556,-9.963900127889412,-10.140573700364197,0.1709838798382862,59,-14.200642911636342,-14.569747720796927,-14.98073951305182,-14.0115533570759,-14.108649639926902,-14.374266628497576,0.3572899982046992,55,-0.40924192086982786,-0.37753557372085983,-0.4232628398791541,-0.3769207592648388,-0.4282700421940928,-0.4030462271857546,0.021984869373682447,70,0.8291740716174616,-1.5223216603992293,1.3136345710723474,-1.324614801556906,0.5163494376548566,-0.03755567632229393,1.161447169287504,45,-13.197081554197835,-11.46735225928387,-13.875018867907013,-11.712031932526234,-12.23556230066006,-12.497409382915004,0.909257757999943,62,10.140573700364197,14.374266628497576,0.4030462271857546,12.497409382915004,-0.03755567632229393,n500__poisson__boostrap_true__samples_0.85
28.83620390892029,0.8548978701950698,4.504356861114502,0.706333573320918,True,poisson,26,0.875,0.85,3,4,500,"{'bootstrap': True, 'criterion': 'poisson', 'max_depth': 26, 'max_features': 0.875, 'max_samples': 0.85, 'min_samples_leaf': 3, 'min_samples_split': 4, 'n_estimators': 500}",-9.972423938613929,-10.180988488935098,-10.431925207741989,-10.153630738640555,-9.963900127889413,-10.140573700364197,0.1709838798382858,59,-14.200642911636342,-14.569747720796927,-14.98073951305182,-14.0115533570759,-14.108649639926902,-14.374266628497576,0.3572899982046992,55,-0.40924192086982786,-0.37753557372085983,-0.4232628398791541,-0.3769207592648388,-0.4282700421940928,-0.4030462271857546,0.021984869373682447,70,0.8291740716174626,-1.5223216603992293,1.313634571072348,-1.324614801556906,0.5163494376548552,-0.03755567632229388,1.161447169287504,44,-13.197081554197837,-11.46735225928387,-13.875018867907013,-11.712031932526234,-12.235562300660057,-12.497409382915002,0.9092577579999436,61,10.140573700364197,14.374266628497576,0.4030462271857546,12.497409382915002,-0.03755567632229388,n500__poisson__boostrap_true__samples_0.85
29.23896050453186,0.46615151161644813,3.1603326320648195,0.5161633866087174,True,poisson,26,0.875,0.85,3,8,500,"{'bootstrap': True, 'criterion': 'poisson', 'max_depth': 26, 'max_features': 0.875, 'max_samples': 0.85, 'min_samples_leaf': 3, 'min_samples_split': 8, 'n_estimators': 500}",-9.994142318449402,-10.202627051697748,-10.468033430078535,-10.163497660475299,-9.954692860202888,-10.156598664180775,0.1823819289104187,65,-14.201784298902545,-14.615230216065418,-15.019881342275225,-14.023495036327347,-14.105439247967668,-14.393166028307641,0.37367228878593484,74,-0.4059196617336152,-0.38056312443233425,-0.42507552870090637,-0.380235010545345,-0.42766726943942135,-0.40389211897032445,0.020601001541108117,85,0.8600879723920384,-1.5113071072537587,1.3550969241900477,-1.2893546055242422,0.4703358561851918,-0.02302819200214461,1.1611277100219504,33,-13.36992429054167,-11.419025368535598,-13.907093629221393,-11.669287162988335,-12.188247103937861,-12.510715511044971,0.9686987644705431,67,10.156598664180775,14.393166028307641,0.40389211897032445,12.510715511044971,-0.02302819200214461,n500__poisson__boostrap_true__samples_0.85
26.866644525527953,2.2624524514596343,3.7558095932006834,1.4336596997455884,True,poisson,26,0.875,0.85,4,2,500,"{'bootstrap': True, 'criterion': 'poisson', 'max_depth': 26, 'max_features': 0.875, 'max_samples': 0.85, 'min_samples_leaf': 4, 'min_samples_split': 2, 'n_estimators': 500}",-10.03488084928794,-10.249294313660071,-10.524080799063466,-10.173239915799028,-9.981439302337655,-10.192587036029632,0.1912761083395769,87,-14.245914858497924,-14.614334221377879,-15.072959526757396,-14.033142625325217,-14.13332987113059,-14.419936220617803,0.3811209625462258,91,-0.4107520386590154,-0.38086587950348166,-0.42205438066465256,-0.380235010545345,-0.4258589511754069,-0.4039532521095802,0.019744952579466186,86,0.8655869900118327,-1.5156972600608265,1.3633773228934405,-1.2938230457440711,0.522225169821647,-0.011666164615595487,1.1705890355477662,24,-13.268915079382923,-11.465449550094716,-14.08285124684229,-11.676222104481933,-12.332327925911025,-12.565153181342577,0.9851337333286323,91,10.192587036029632,14.419936220617803,0.4039532521095802,12.565153181342577,-0.011666164615595487,n500__poisson__boostrap_true__samples_0.85
26.007169675827026,1.7119865321667502,4.582656812667847,0.5886816374033396,True,poisson,26,0.875,0.85,4,4,500,"{'bootstrap': True, 'criterion': 'poisson', 'max_depth': 26, 'max_features': 0.875, 'max_samples': 0.85, 'min_samples_leaf': 4, 'min_samples_split': 4, 'n_estimators': 500}",-10.03488084928794,-10.249294313660071,-10.524080799063466,-10.173239915799028,-9.981439302337655,-10.192587036029632,0.1912761083395769,87,-14.245914858497924,-14.614334221377879,-15.072959526757396,-14.033142625325219,-14.13332987113059,-14.419936220617803,0.38112096254622546,91,-0.4107520386590154,-0.38086587950348166,-0.42205438066465256,-0.380235010545345,-0.4258589511754069,-0.4039532521095802,0.019744952579466186,86,0.8655869900118327,-1.5156972600608272,1.36337732289344,-1.2938230457440716,0.5222251698216472,-0.011666164615595753,1.1705890355477666,26,-13.268915079382923,-11.465449550094716,-14.08285124684229,-11.676222104481933,-12.332327925911025,-12.565153181342577,0.9851337333286323,91,10.192587036029632,14.419936220617803,0.4039532521095802,12.565153181342577,-0.011666164615595753,n500__poisson__boostrap_true__samples_0.85
28.436514329910278,0.27667409317588026,3.55649356842041,0.08697885083418615,True,poisson,26,0.875,0.85,4,8,500,"{'bootstrap': True, 'criterion': 'poisson', 'max_depth': 26, 'max_features': 0.875, 'max_samples': 0.85, 'min_samples_leaf': 4, 'min_samples_split': 8, 'n_estimators': 500}",-10.03488084928794,-10.249294313660071,-10.524080799063467,-10.173239915799028,-9.981439302337655,-10.192587036029632,0.19127610833957748,87,-14.245914858497924,-14.614334221377879,-15.072959526757394,-14.033142625325219,-14.13332987113059,-14.419936220617803,0.3811209625462248,91,-0.4107520386590154,-0.38086587950348166,-0.42205438066465256,-0.380235010545345,-0.4258589511754069,-0.4039532521095802,0.019744952579466186,86,0.8655869900118321,-1.5156972600608265,1.3633773228934405,-1.2938230457440718,0.522225169821647,-0.01166616461559573,1.1705890355477664,25,-13.268915079382923,-11.465449550094716,-14.08285124684229,-11.676222104481933,-12.332327925911025,-12.565153181342577,0.9851337333286323,91,10.192587036029632,14.419936220617803,0.4039532521095802,12.565153181342577,-0.01166616461559573,n500__poisson__boostrap_true__samples_0.85
50.21462259292603,0.528333653879013,5.374624586105346,0.3084189422694545,True,poisson,26,1.0,0.85,1,2,500,"{'bootstrap': True, 'criterion': 'poisson', 'max_depth': 26, 'max_features': 1.0, 'max_samples': 0.85, 'min_samples_leaf': 1, 'min_samples_split': 2, 'n_estimators': 500}",-9.902404546873006,-10.128797816339201,-10.392316599321154,-10.175060583887657,-9.943621570774782,-10.10844022343916,0.1760990568305463,35,-14.068509837973515,-14.593083351252254,-14.88960128594957,-14.012173230046137,-14.08070397453013,-14.328814335950321,0.3503994545650303,9,-0.4025974025974026,-0.3781410838631547,-0.4190332326283988,-0.37902982826152454,-0.41983122362869196,-0.3997265541958345,0.01832743478793823,5,0.609038345803256,-1.5182853351687524,1.1236223444073359,-1.4463328984299688,0.2732443711374421,-0.19174263445013745,1.088242655716861,88,-13.05453391509794,-11.385317343997595,-13.741080715119434,-11.514565655021487,-12.167825267503503,-12.372664579347992,0.9045060511060189,3,10.10844022343916,14.328814335950321,0.3997265541958345,12.372664579347992,-0.19174263445013745,n500__poisson__boostrap_true__samples_0.85
43.06833214759827,1.1013793214161278,3.9473416805267334,0.3730717461786211,True,poisson,26,1.0,0.85,1,4,500,"{'bootstrap': True, 'criterion': 'poisson', 'max_depth': 26, 'max_features': 1.0, 'max_samples': 0.85, 'min_samples_leaf': 1, 'min_samples_split': 4, 'n_estimators': 500}",-9.92497793931606,-10.132211090668918,-10.411985044986402,-10.159219667479556,-9.93630104461172,-10.11293895741253,0.178029311238508,39,-14.080276848868332,-14.59043756053078,-14.933743391891284,-14.038768633562306,-14.07032119521569,-14.342709526013678,0.35948201306676203,16,-0.40108728480821504,-0.37723281864971236,-0.4214501510574018,-0.380235010545345,-0.4204339963833635,-0.4000878522888075,0.018909257740541318,7,0.6055158292320891,-1.502639043854932,1.1479333468953719,-1.4124386652150522,0.2350086951416904,-0.18532396756016659,1.0789635479948123,85,-13.127434061620074,-11.437992163172792,-13.714455153092716,-11.50180909132959,-12.096202765771263,-12.375578646997287,0.903157726772553,4,10.11293895741253,14.342709526013678,0.4000878522888075,12.375578646997287,-0.18532396756016659,n500__poisson__boostrap_true__samples_0.85
37.96128191947937,0.17309301318419285,3.7071645259857178,0.41151296678341653,True,poisson,26,1.0,0.85,1,8,500,"{'bootstrap': True, 'criterion': 'poisson', 'max_depth': 26, 'max_features': 1.0, 'max_samples': 0.85, 'min_samples_leaf': 1, 'min_samples_split': 8, 'n_estimators': 500}",-9.969418535344305,-10.171282788597841,-10.448616685368172,-10.19934039539596,-9.96342046827053,-10.150415774595363,0.1785945571307357,64,-14.123008640952785,-14.606659759685208,-14.959042333079873,-14.077709201028325,-14.124593349316587,-14.378202656812556,0.34908605269407683,59,-0.40320144971307764,-0.37329700272479566,-0.4205438066465257,-0.37842723711961435,-0.4240506329113924,-0.39990402582308116,0.020924236290930612,6,0.6188906371768833,-1.550361491363462,1.116518943151949,-1.5107728132977845,0.24992906431581643,-0.21515913200331954,1.1087554009133362,95,-13.130296505699494,-11.547000423667948,-13.750215133046552,-11.479839094340706,-12.042606165288381,-12.389991464408617,0.9008826516741966,7,10.150415774595363,14.378202656812556,0.39990402582308116,12.389991464408617,-0.21515913200331954,n500__poisson__boostrap_true__samples_0.85
36.86868667602539,1.3174296289049197,4.808114147186279,0.636753405759558,True,poisson,26,1.0,0.85,2,2,500,"{'bootstrap': True, 'criterion': 'poisson', 'max_depth': 26, 'max_features': 1.0, 'max_samples': 0.85, 'min_samples_leaf': 2, 'min_samples_split': 2, 'n_estimators': 500}",-9.843931860965329,-10.103367846502103,-10.384282573730385,-10.06580003217723,-9.906928071350478,-10.060862076945105,0.188247888844355,5,-14.042796987164705,-14.590480750689828,-14.932699474672917,-13.949605989974975,-14.08010012686256,-14.319136665872998,0.3795107213631444,7,-0.4022953790395651,-0.3781410838631547,-0.4217522658610272,-0.37782464597770415,-0.4240506329113924,-0.40081280153056875,0.02011525832552965,12,0.7566354956667802,-1.4547620633860399,1.2642010327315991,-1.2904248798879445,0.4605405991981621,-0.05276196313548859,1.1090905351596712,56,-13.17510454872707,-11.435686509860831,-13.809627771271192,-11.613026367802286,-12.224328730945413,-12.451554785721356,0.9115521307256763,37,10.060862076945105,14.319136665872998,0.40081280153056875,12.451554785721356,-0.05276196313548859,n500__poisson__boostrap_true__samples_0.85
37.27570886611939,0.41689434367605,3.730026435852051,0.4969052906249623,True,poisson,26,1.0,0.85,2,4,500,"{'bootstrap': True, 'criterion': 'poisson', 'max_depth': 26, 'max_features': 1.0, 'max_samples': 0.85, 'min_samples_leaf': 2, 'min_samples_split': 4, 'n_estimators': 500}",-9.84393186096533,-10.103367846502103,-10.384282573730385,-10.06580003217723,-9.906928071350478,-10.060862076945105,0.1882478888443546,5,-14.042796987164705,-14.590480750689828,-14.932699474672917,-13.949605989974973,-14.08010012686256,-14.319136665872998,0.3795107213631447,7,-0.4022953790395651,-0.3781410838631547,-0.4217522658610272,-0.37782464597770415,-0.4240506329113924,-0.40081280153056875,0.02011525832552965,12,0.7566354956667807,-1.4547620633860396,1.264201032731599,-1.2904248798879445,0.4605405991981621,-0.0527619631354885,1.1090905351596712,55,-13.17510454872707,-11.435686509860831,-13.809627771271192,-11.61302636780229,-12.224328730945413,-12.45155478572136,0.9115521307256756,38,10.060862076945105,14.319136665872998,0.40081280153056875,12.45155478572136,-0.0527619631354885,n500__poisson__boostrap_true__samples_0.85
35.310168170928954,0.15484699214516806,3.074053716659546,0.06596956811839086,True,poisson,26,1.0,0.85,2,8,500,"{'bootstrap': True, 'criterion': 'poisson', 'max_depth': 26, 'max_features': 1.0, 'max_samples': 0.85, 'min_samples_leaf': 2, 'min_samples_split': 8, 'n_estimators': 500}",-9.912091019679968,-10.10165994053682,-10.399036960524088,-10.11327466474238,-9.902399766946177,-10.085692470485887,0.18051824609714462,17,-14.113798578318145,-14.600790823335831,-14.941527545303083,-13.989605434546341,-14.081818863862924,-14.345508249073266,0.36614108509771215,17,-0.40410752038659015,-0.37481077808053287,-0.42114803625377645,-0.3796324194034348,-0.4246534056660639,-0.40087043195807964,0.020578865631274822,14,0.7316143906115764,-1.4588551434557184,1.2176825984667095,-1.3609355358877258,0.38663951939241986,-0.0967708341745477,1.1046340150302827,69,-13.169397837621563,-11.529557449417965,-13.791729462073004,-11.527386336773251,-12.11463177859172,-12.426540572895501,0.9083965850876073,20,10.085692470485887,14.345508249073266,0.40087043195807964,12.426540572895501,-0.0967708341745477,n500__poisson__boostrap_true__samples_0.85
32.68370113372803,1.6741704715076189,4.235787773132325,0.8438280655932563,True,poisson,26,1.0,0.85,3,2,500,"{'bootstrap': True, 'criterion': 'poisson', 'max_depth': 26, 'max_features': 1.0, 'max_samples': 0.85, 'min_samples_leaf': 3, 'min_samples_split': 2, 'n_estimators': 500}",-9.8999902804302,-10.105685360496613,-10.384110259736323,-10.080860331074952,-9.906726790859501,-10.075474604519517,0.17633390831854445,11,-14.125871647967854,-14.618689182653663,-14.927540778064541,-13.967419708760216,-14.117583634256587,-14.351420990340571,0.3623135922456922,25,-0.4089398973119903,-0.37783832879200724,-0.4202416918429003,-0.3811388972582103,-0.42495479204339964,-0.4026227214497016,0.01962079013136366,57,0.7889628875490529,-1.4287290497006215,1.2985991462779187,-1.2714986879468053,0.4698400093709997,-0.028565138889891116,1.112067227298702,40,-13.069100420671829,-11.482366464166327,-13.899988545617234,-11.556628969779572,-12.209024341547803,-12.443421748356553,0.9249898887660716,31,10.075474604519517,14.351420990340571,0.4026227214497016,12.443421748356553,-0.028565138889891116,n500__poisson__boostrap_true__samples_0.85
33.02347822189331,0.4823395134754449,3.877458333969116,0.477468526487328,True,poisson,26,1.0,0.85,3,4,500,"{'bootstrap': True, 'criterion': 'poisson', 'max_depth': 26, 'max_features': 1.0, 'max_samples': 0.85, 'min_samples_leaf': 3, 'min_samples_split': 4, 'n_estimators': 500}",-9.8999902804302,-10.105685360496613,-10.384110259736326,-10.080860331074952,-9.9067267908595,-10.075474604519519,0.176333908318546,12,-14.125871647967854,-14.618689182653663,-14.927540778064541,-13.967419708760216,-14.117583634256587,-14.351420990340571,0.3623135922456922,25,-0.4089398973119903,-0.37783832879200724,-0.4202416918429003,-0.3811388972582103,-0.42495479204339964,-0.4026227214497016,0.01962079013136366,57,0.7889628875490524,-1.4287290497006226,1.2985991462779192,-1.2714986879468058,0.4698400093709994,-0.028565138889891484,1.1120672272987024,41,-13.069100420671832,-11.482366464166327,-13.899988545617234,-11.556628969779572,-12.209024341547801,-12.443421748356554,0.9249898887660721,32,10.075474604519519,14.351420990340571,0.4026227214497016,12.443421748356554,-0.028565138889891484,n500__poisson__boostrap_true__samples_0.85
33.24341320991516,0.16660244488339918,3.080025005340576,0.4262556650832987,True,poisson,26,1.0,0.85,3,8,500,"{'bootstrap': True, 'criterion': 'poisson', 'max_depth': 26, 'max_features': 1.0, 'max_samples': 0.85, 'min_samples_leaf': 3, 'min_samples_split': 8, 'n_estimators': 500}",-9.938758846540944,-10.116965589014763,-10.420287285792599,-10.083091340875422,-9.91431651114896,-10.094683914674537,0.1808277872392192,21,-14.151971498750934,-14.616126449327455,-14.983650454491263,-13.975516034504285,-14.111092073910902,-14.367671302196968,0.3761131042041694,51,-0.40712775596496525,-0.37935210414774445,-0.42235649546827797,-0.3808376016872552,-0.4234478601567209,-0.40262436348499275,0.019284795225064905,59,0.7943207050510886,-1.4603456614743289,1.2976295366501538,-1.2777876225483824,0.4495801324305112,-0.03932058197819153,1.1202258889014494,47,-13.181463796484131,-11.409742865389488,-13.87206891354989,-11.560444240952313,-12.237512122205226,-12.45224638771621,0.9461384150256023,39,10.094683914674537,14.367671302196968,0.40262436348499275,12.45224638771621,-0.03932058197819153,n500__poisson__boostrap_true__samples_0.85
29.51006598472595,3.511443550615991,3.2399739742279055,0.3373199945354999,True,poisson,26,1.0,0.85,4,2,500,"{'bootstrap': True, 'criterion': 'poisson', 'max_depth': 26, 'max_features': 1.0, 'max_samples': 0.85, 'min_samples_leaf': 4, 'min_samples_split': 2, 'n_estimators': 500}",-9.951989889629525,-10.131211051374574,-10.427767691920346,-10.092914800412277,-9.929748926430682,-10.10672647195348,0.178394048861825,26,-14.175944878908101,-14.611996094035865,-14.986865141742395,-13.991715560491517,-14.124706930700466,-14.378245721175668,0.36869227007887506,63,-0.40863787375415284,-0.37904934907659704,-0.4202416918429003,-0.37872853269056944,-0.4267631103074141,-0.40268411153432665,0.020277997174027625,60,0.860972571933756,-1.4077599909291294,1.3106687777084294,-1.2512418791956692,0.513286706864506,0.00518523727637854,1.1198079886133672,4,-13.230494719229869,-11.507012321346368,-13.966292133167235,-11.672837082544916,-12.235166748331014,-12.52236060092388,0.9403717185669466,84,10.10672647195348,14.378245721175668,0.40268411153432665,12.52236060092388,0.00518523727637854,n500__poisson__boostrap_true__samples_0.85
24.47510075569153,0.46006690910397513,2.6219874382019044,0.4135202865141927,True,poisson,26,1.0,0.85,4,4,500,"{'bootstrap': True, 'criterion': 'poisson', 'max_depth': 26, 'max_features': 1.0, 'max_samples': 0.85, 'min_samples_leaf': 4, 'min_samples_split': 4, 'n_estimators': 500}",-9.951989889629528,-10.131211051374576,-10.427767691920346,-10.092914800412277,-9.929748926430682,-10.106726471953483,0.17839404886182444,27,-14.175944878908103,-14.611996094035865,-14.986865141742395,-13.991715560491517,-14.124706930700464,-14.37824572117567,0.3686922700788752,64,-0.40863787375415284,-0.37904934907659704,-0.4202416918429003,-0.37872853269056944,-0.4267631103074141,-0.40268411153432665,0.020277997174027625,60,0.8609725719337555,-1.40775999092913,1.3106687777084296,-1.2512418791956694,0.5132867068645063,0.005185237276378385,1.1198079886133674,5,-13.230494719229869,-11.507012321346368,-13.966292133167235,-11.672837082544918,-12.235166748331013,-12.522360600923879,0.9403717185669463,82,10.106726471953483,14.37824572117567,0.40268411153432665,12.522360600923879,0.005185237276378385,n500__poisson__boostrap_true__samples_0.85
21.745905113220214,0.3357937124355853,0.3820056915283203,0.043014846425125486,True,poisson,26,1.0,0.85,4,8,500,"{'bootstrap': True, 'criterion': 'poisson', 'max_depth': 26, 'max_features': 1.0, 'max_samples': 0.85, 'min_samples_leaf': 4, 'min_samples_split': 8, 'n_estimators': 500}",-9.951989889629528,-10.131211051374576,-10.427767691920346,-10.092914800412277,-9.929748926430682,-10.106726471953483,0.17839404886182444,27,-14.175944878908103,-14.611996094035865,-14.986865141742395,-13.991715560491517,-14.124706930700466,-14.37824572117567,0.36869227007887495,64,-0.40863787375415284,-0.37904934907659704,-0.4202416918429003,-0.37872853269056944,-0.4267631103074141,-0.40268411153432665,0.020277997174027625,60,0.8609725719337555,-1.4077599909291305,1.3106687777084294,-1.2512418791956696,0.5132867068645054,0.0051852372763780295,1.1198079886133674,6,-13.230494719229869,-11.507012321346368,-13.966292133167235,-11.672837082544916,-12.235166748331013,-12.522360600923879,0.9403717185669467,82,10.106726471953483,14.37824572117567,0.40268411153432665,12.522360600923879,0.0051852372763780295,n500__poisson__boostrap_true__samples_0.85
