mean_fit_time,std_fit_time,mean_score_time,std_score_time,param_learning_rate,param_loss,param_max_depth,param_max_features,param_min_samples_leaf,param_n_estimators,param_subsample,param_alpha,params,split0_test_MAE,split1_test_MAE,split2_test_MAE,split3_test_MAE,split4_test_MAE,mean_test_MAE,std_test_MAE,rank_test_MAE,split0_test_RMSE,split1_test_RMSE,split2_test_RMSE,split3_test_RMSE,split4_test_RMSE,mean_test_RMSE,std_test_RMSE,rank_test_RMSE,split0_test_overestimation_rate,split1_test_overestimation_rate,split2_test_overestimation_rate,split3_test_overestimation_rate,split4_test_overestimation_rate,mean_test_overestimation_rate,std_test_overestimation_rate,rank_test_overestimation_rate,split0_test_mean_signed_error,split1_test_mean_signed_error,split2_test_mean_signed_error,split3_test_mean_signed_error,split4_test_mean_signed_error,mean_test_mean_signed_error,std_test_mean_signed_error,rank_test_mean_signed_error,split0_test_mean_overestimation,split1_test_mean_overestimation,split2_test_mean_overestimation,split3_test_mean_overestimation,split4_test_mean_overestimation,mean_test_mean_overestimation,std_test_mean_overestimation,rank_test_mean_overestimation,profile
301.83890614509585,1.3644857269431514,0.21903743743896484,0.004383215126314257,0.01,absolute_error,6,1.0,5,1200,0.6,,"{'learning_rate': 0.01, 'loss': 'absolute_error', 'max_depth': 6, 'max_features': 1.0, 'min_samples_leaf': 5, 'n_estimators': 1200, 'subsample': 0.6}",-8.915778877391977,-9.321342043902249,-9.513733058424615,-9.326893184029068,-9.294808641104042,-9.27451116097039,0.19558372280875297,93,-13.617256406745925,-14.637886282605207,-14.71798086138823,-13.773563663985954,-14.22183816248895,-14.193705075442853,0.44311745358878585,224,-0.47780126849894294,-0.4211323039660914,-0.4933534743202417,-0.42121120819523955,-0.49819168173598555,-0.4623379873433002,0.03428084364129767,278,1.699462679084894,-0.19981368498357213,1.88938290492808,-0.21899713448030295,1.8272040668057348,0.9994477662709667,0.9889410424171368,13,-11.108427557994602,-10.829765697163332,-11.556740305786104,-10.81155471689998,-11.162382989971155,-11.093774253563033,0.27151715536218357,303,quantile_0.40
299.38259081840516,2.6872577200776138,0.22226271629333497,0.008853905848106679,0.01,absolute_error,6,1.0,10,1200,0.6,,"{'learning_rate': 0.01, 'loss': 'absolute_error', 'max_depth': 6, 'max_features': 1.0, 'min_samples_leaf': 10, 'n_estimators': 1200, 'subsample': 0.6}",-8.906000436239465,-9.2861355689762,-9.479538964814777,-9.299738665740055,-9.317356165564641,-9.257753960267028,0.1892299046086378,75,-13.65521287573169,-14.611232335673794,-14.70421391167363,-13.766620443408314,-14.288107619133706,-14.205077437124228,0.42792256406498264,230,-0.48655995167623073,-0.410535876475931,-0.4761329305135952,-0.42663452847243144,-0.5030138637733574,-0.4605754301823092,0.03570488359734824,253,1.6898888109938761,-0.23816557528243418,1.8497948570990668,-0.1739322753712509,1.8464817743667015,0.9948135183611919,0.982411904043861,14,-10.888575200989942,-11.019706817540749,-11.897238245728055,-10.695109961028976,-11.09694855742726,-11.119515756542997,0.4120138814238978,307,quantile_0.40
296.15290241241456,2.8311147208968577,0.23041753768920897,0.011355652786307891,0.01,absolute_error,6,1.0,15,1200,0.6,,"{'learning_rate': 0.01, 'loss': 'absolute_error', 'max_depth': 6, 'max_features': 1.0, 'min_samples_leaf': 15, 'n_estimators': 1200, 'subsample': 0.6}",-8.886903466834385,-9.252410628755065,-9.473654732535108,-9.276705111353683,-9.28920008005382,-9.235774803906413,0.19136581259063368,54,-13.66560554443336,-14.649680930630495,-14.737211163673615,-13.752036303938976,-14.30632911519997,-14.222172611575283,0.444050771443121,235,-0.48958018725460584,-0.4129579170451105,-0.4824773413897281,-0.43567339560108465,-0.5135623869801085,-0.4668502456541274,0.03693036575957892,307,1.6366313599923836,-0.23172946347161225,1.8068280693944083,-0.16810291700580818,1.8737886394001206,0.9834831376618984,0.9695396299922183,18,-10.747508886990571,-10.922034416763655,-11.69016846411606,-10.45347533991722,-10.868191482144416,-10.936275717986383,0.41034660277515955,261,quantile_0.40
296.6229116439819,2.0622006059913995,0.2516963958740234,0.028827758373397478,0.01,absolute_error,6,1.0,20,1200,0.6,,"{'learning_rate': 0.01, 'loss': 'absolute_error', 'max_depth': 6, 'max_features': 1.0, 'min_samples_leaf': 20, 'n_estimators': 1200, 'subsample': 0.6}",-8.859279033517971,-9.246192292105507,-9.421862703076282,-9.22371043815058,-9.255501154052782,-9.201309124180623,0.18497651624711953,29,-13.632178054700184,-14.671244196125519,-14.674537676895877,-13.731023348552819,-14.278814580572222,-14.197559571369325,0.44627344083950793,225,-0.47931138628813047,-0.4223433242506812,-0.486404833836858,-0.43748116902681533,-0.5033152501506932,-0.4657711927106357,0.03067554542729543,304,1.6848721142607999,-0.05754484628192567,1.8757411463924072,-0.15318978291815877,1.92701780465245,1.0553792872211143,0.9516562224435977,1,-10.9992704632311,-10.878172943926627,-11.613375385633962,-10.36675552848361,-11.108861648198792,-10.993287193894817,0.4009228947921567,276,quantile_0.40
352.7890047073364,1.5384905646374378,0.2940046310424805,0.0074676513047694775,0.01,absolute_error,7,1.0,5,1200,0.6,,"{'learning_rate': 0.01, 'loss': 'absolute_error', 'max_depth': 7, 'max_features': 1.0, 'min_samples_leaf': 5, 'n_estimators': 1200, 'subsample': 0.6}",-8.860469800411414,-9.319933180820446,-9.471319349688255,-9.33589773370545,-9.389503418566171,-9.275424696638346,0.21410942490663123,95,-13.48212790708896,-14.584510716488957,-14.558088505963257,-13.661796779299598,-14.202709784847078,-14.09784673873757,0.45363196905680625,196,-0.4750830564784053,-0.4138661822585528,-0.4791540785498489,-0.41729436577282314,-0.4843279083785413,-0.4539451182876343,0.0314802058928846,204,1.470573947061969,-0.21317107622400025,1.797646609218485,-0.2944440341048017,1.7642673428054843,0.9049745577514272,0.9533105232161775,42,-10.872881706256953,-11.002061167330671,-11.759229925593097,-10.833424125983589,-11.514689292542363,-11.196457243541335,0.3720937343986863,317,quantile_0.40
348.3527868270874,3.518359286893233,0.35279455184936526,0.0745115095565606,0.01,absolute_error,7,1.0,10,1200,0.6,,"{'learning_rate': 0.01, 'loss': 'absolute_error', 'max_depth': 7, 'max_features': 1.0, 'min_samples_leaf': 10, 'n_estimators': 1200, 'subsample': 0.6}",-8.830003567196997,-9.229794889368343,-9.427438261946959,-9.244728412600494,-9.363711646591959,-9.219135355540951,0.20807911172536775,42,-13.486406459721952,-14.540676532060559,-14.520416744926814,-13.607278975780646,-14.222577807407339,-14.07547130397946,0.44771288119261143,174,-0.4744790093627303,-0.40750832576445656,-0.48851963746223565,-0.42573064175956615,-0.4891500904159132,-0.4570775409529803,0.03394053667287355,225,1.5273273390815103,-0.2968471049309941,1.7964857174536315,-0.278954762670024,1.8185947034905607,0.9133211784849369,0.9861574435414711,40,-10.914424771065606,-10.96044819167777,-11.487689663517612,-10.529866505350048,-11.430342720139803,-11.06455437035017,0.3555594743958378,293,quantile_0.40
347.72422976493834,5.265274283708665,0.3288571834564209,0.025374913504156344,0.01,absolute_error,7,1.0,15,1200,0.6,,"{'learning_rate': 0.01, 'loss': 'absolute_error', 'max_depth': 7, 'max_features': 1.0, 'min_samples_leaf': 15, 'n_estimators': 1200, 'subsample': 0.6}",-8.800043258064878,-9.177850604320705,-9.351807449515988,-9.238170350901372,-9.277775055905913,-9.169129343741771,0.19299867398347476,19,-13.522466544223269,-14.549421923095986,-14.489248721104163,-13.63877201120193,-14.195869912974969,-14.079155822520061,0.4258613444708031,177,-0.4850498338870432,-0.4178019981834696,-0.5006042296072507,-0.43296173546248873,-0.5060277275467149,-0.4684891049373935,0.036183321948652994,315,1.577972318085844,-0.21113232064445178,1.8848888972106332,-0.23977026276600694,1.7898021543715958,0.9603521572515229,0.9733324046085857,28,-10.69788591925126,-10.730822641660387,-11.223133647454771,-10.391680547154238,-10.935741865306962,-10.795852924165525,0.27543402635904596,192,quantile_0.40
351.6892049789429,4.668715076153631,0.34035501480102537,0.05082676932365422,0.01,absolute_error,7,1.0,20,1200,0.6,,"{'learning_rate': 0.01, 'loss': 'absolute_error', 'max_depth': 7, 'max_features': 1.0, 'min_samples_leaf': 20, 'n_estimators': 1200, 'subsample': 0.6}",-8.765307089988827,-9.187353582212852,-9.359619709772323,-9.18858252338756,-9.232088389419465,-9.146590258956206,0.20074527688617447,9,-13.506853945058225,-14.562281468117169,-14.547589585532242,-13.63046361018085,-14.189131270203728,-14.087263975818445,0.4457489446913461,185,-0.48716399879190575,-0.41659097789887983,-0.5036253776435046,-0.44350708044591747,-0.5099457504520796,-0.47216663704645745,0.036199057178932924,320,1.5444236124636719,-0.21546787850902088,1.8930160220714465,-0.21556363933304243,1.8149467513354658,0.9642709736057042,0.9702151515325788,27,-10.581375807755805,-10.76821892417651,-11.171632955129837,-10.11598154761445,-10.83157878162673,-10.693757603260668,0.34622502967920255,140,quantile_0.40
413.5820843696594,5.625876367055913,0.3642425537109375,0.011982762749948287,0.01,absolute_error,8,1.0,5,1200,0.6,,"{'learning_rate': 0.01, 'loss': 'absolute_error', 'max_depth': 8, 'max_features': 1.0, 'min_samples_leaf': 5, 'n_estimators': 1200, 'subsample': 0.6}",-8.875405596514724,-9.310649732744688,-9.48319121098299,-9.310006557139651,-9.377668542181913,-9.271384327912795,0.2078418120809213,88,-13.456243502096651,-14.521142920023653,-14.433274082958523,-13.56124067605744,-14.124252012897461,-14.019230638806743,0.43842598526489457,91,-0.4590758079130172,-0.41537995761429003,-0.4743202416918429,-0.4188008436275987,-0.4713682941531043,-0.44778902899997064,0.02560445730555631,149,1.4091272008810412,-0.2743433068125108,1.710104991519059,-0.3161071501929489,1.5541061080371144,0.8165775686863508,0.9128568011804343,66,-11.201344767163611,-10.877157479903055,-11.799302684803115,-10.737680622897878,-11.595789095085273,-11.242254929970587,0.40616588431130196,319,quantile_0.40
408.42333698272705,5.427608981607901,0.39036545753479,0.024560195945425366,0.01,absolute_error,8,1.0,10,1200,0.6,,"{'learning_rate': 0.01, 'loss': 'absolute_error', 'max_depth': 8, 'max_features': 1.0, 'min_samples_leaf': 10, 'n_estimators': 1200, 'subsample': 0.6}",-8.872306711461578,-9.19448467778986,-9.35927108084246,-9.269022592359262,-9.358431885594245,-9.210703389609481,0.18004030393676385,35,-13.492225520119042,-14.444886429059586,-14.352659723186099,-13.584877615087528,-14.147444026806916,-14.004418662851833,0.3934708248719158,75,-0.46058592570220475,-0.4087193460490463,-0.4809667673716012,-0.4275384151852968,-0.4936708860759494,-0.45429626807681966,0.03192013277273455,206,1.4039698717296323,-0.20955139734163836,1.8227479218944935,-0.3068234030738053,1.66292319550628,0.8746532377429924,0.9350738900191962,52,-11.155656317031506,-10.991568379748324,-11.624523523573904,-10.481162476828198,-11.162654505217198,-11.083113040479827,0.3675430828565658,300,quantile_0.40
396.7707778930664,3.475742786102356,0.37471866607666016,0.024531521450213988,0.01,absolute_error,8,1.0,15,1200,0.6,,"{'learning_rate': 0.01, 'loss': 'absolute_error', 'max_depth': 8, 'max_features': 1.0, 'min_samples_leaf': 15, 'n_estimators': 1200, 'subsample': 0.6}",-8.811854733028932,-9.165836189572529,-9.370850330814054,-9.189958582016923,-9.283142082160424,-9.164328383518573,0.19061210063546793,16,-13.502400852949233,-14.472647843065253,-14.424731607265091,-13.549648549393645,-14.139898987103887,-14.017865567955422,0.41765777760601275,89,-0.46723044397463004,-0.4174992431123221,-0.49154078549848945,-0.4377824645977704,-0.4984930681133213,-0.46250920105930665,0.03097505295654383,282,1.4091173932463104,-0.18339097023946915,1.8266664831366617,-0.2791002451528567,1.6845641418767743,0.8915713605734841,0.9270501989101411,46,-10.937827637394093,-10.757438926561672,-11.390221467171747,-10.177267315915978,-11.000861321449642,-10.852723333698625,0.39583122656297165,225,quantile_0.40
394.12424697875974,6.001628318715033,0.36247591972351073,0.015784487499869663,0.01,absolute_error,8,1.0,20,1200,0.6,,"{'learning_rate': 0.01, 'loss': 'absolute_error', 'max_depth': 8, 'max_features': 1.0, 'min_samples_leaf': 20, 'n_estimators': 1200, 'subsample': 0.6}",-8.743679643202405,-9.167975140527888,-9.294188255129388,-9.173125480232788,-9.215467894996276,-9.118887282817749,0.19297171720296546,5,-13.480590229190538,-14.523932816749324,-14.411915740299992,-13.532389701479724,-14.08232795779897,-14.00623128910371,0.43340738865049594,78,-0.48021745696164303,-0.4214350590372389,-0.49395770392749244,-0.43898764688159087,-0.504822182037372,-0.4678840097690674,0.0322145458743551,314,1.4483855409977977,-0.19536259426613406,1.825821170810301,-0.35625104260326873,1.7088673151897256,0.8862920780256843,0.958038019580977,50,-10.611926988958134,-10.645308635166156,-11.256034006073508,-10.042280802502528,-10.819983351461836,-10.675106756832433,0.3908488189004176,132,quantile_0.40
465.6052239894867,4.622576780748941,0.4375859260559082,0.03290144058552416,0.01,absolute_error,9,1.0,5,1200,0.6,,"{'learning_rate': 0.01, 'loss': 'absolute_error', 'max_depth': 9, 'max_features': 1.0, 'min_samples_leaf': 5, 'n_estimators': 1200, 'subsample': 0.6}",-8.904124219730239,-9.37480695667891,-9.474373358272123,-9.422063682057148,-9.474227586875498,-9.329919160722785,0.21610127063989226,149,-13.427005714297298,-14.5655230348595,-14.374739755309298,-13.585017285311803,-14.167189236177679,-14.023895005191116,0.44404429428429004,98,-0.45756569012382964,-0.40750832576445656,-0.45861027190332326,-0.411268454353721,-0.46624472573839665,-0.4402394935767454,0.02539529540254284,100,1.2260788208480755,-0.2993985979156224,1.5243460222562584,-0.5419521082065824,1.4410590128803142,0.6700266299724887,0.8991356218909602,77,-11.069670715298614,-11.135242871097748,-11.991357427387662,-10.796003777879129,-11.705533593403292,-11.33956167701329,0.4401853335061107,320,quantile_0.40
450.1103214740753,5.424728536796752,0.43268885612487795,0.02145966805055044,0.01,absolute_error,9,1.0,10,1200,0.6,,"{'learning_rate': 0.01, 'loss': 'absolute_error', 'max_depth': 9, 'max_features': 1.0, 'min_samples_leaf': 10, 'n_estimators': 1200, 'subsample': 0.6}",-8.87400364819417,-9.25867587508062,-9.373530929121097,-9.27729122207472,-9.414354259923885,-9.239571186878896,0.19179246631247762,60,-13.436953610404663,-14.517444345122806,-14.318474518907678,-13.528364718530328,-14.157574954026714,-13.991762429398438,0.43200146373497617,53,-0.46118997281787977,-0.4144716924008477,-0.46676737160120846,-0.42181379933714974,-0.48794454490657024,-0.45043747621273117,0.02793533372532908,175,1.2094266199028525,-0.2978212449349881,1.668691230646492,-0.573165186455458,1.4270120984531114,0.686828703522402,0.9318963661572593,76,-10.931970405261705,-10.809971820077072,-11.828399789265607,-10.317497968650116,-11.109219758213364,-10.999411948293572,0.49086071245053525,278,quantile_0.40
442.19443516731263,2.560920582612734,0.4200186252593994,0.028818003720839678,0.01,absolute_error,9,1.0,15,1200,0.6,,"{'learning_rate': 0.01, 'loss': 'absolute_error', 'max_depth': 9, 'max_features': 1.0, 'min_samples_leaf': 15, 'n_estimators': 1200, 'subsample': 0.6}",-8.789136575163207,-9.175209768560512,-9.366095412112427,-9.198952413861747,-9.29815245424776,-9.16550932478913,0.20034867790794464,17,-13.43614484186784,-14.492973337371238,-14.392014122364992,-13.50103540252582,-14.117579567255508,-13.98794945427708,0.44197171148213454,49,-0.46179401993355484,-0.4093248561913412,-0.49425981873111785,-0.4245254594757457,-0.4960819770946353,-0.457197226285279,0.035400560111456966,226,1.3322682565927078,-0.2562845354170882,1.8207569112820012,-0.4570613693819622,1.6336622239467815,0.8146682974044881,0.9710933409257959,68,-10.958787245893992,-10.894678271106779,-11.31677297996197,-10.296073944864588,-11.018153433247111,-10.896893175014887,0.3334134460265973,244,quantile_0.40
433.3170351028442,3.3427405353607034,0.42929792404174805,0.02716057989487498,0.01,absolute_error,9,1.0,20,1200,0.6,,"{'learning_rate': 0.01, 'loss': 'absolute_error', 'max_depth': 9, 'max_features': 1.0, 'min_samples_leaf': 20, 'n_estimators': 1200, 'subsample': 0.6}",-8.72827232123589,-9.122362867208329,-9.245381759361086,-9.170764588333475,-9.305212691661387,-9.114398845560034,0.2029288855523849,4,-13.464370006872942,-14.480834049243656,-14.325933540503419,-13.518501275918076,-14.143301381133986,-13.986588050734415,0.4185237031486633,48,-0.4747810329205678,-0.41537995761429003,-0.5006042296072507,-0.4371798734558602,-0.5057263411693791,-0.4667342869534695,0.03533563053652914,306,1.3616912121425186,-0.17872107252467673,1.8472033396585696,-0.35649032864664465,1.6563459362768025,0.8660058173813139,0.9401107587283732,54,-10.625912614190812,-10.765615469329482,-11.079196342110759,-10.080832621605992,-10.83744086039896,-10.6777995815272,0.3326794661815559,134,quantile_0.40
208.23948426246642,2.1962706754605734,0.1574735164642334,0.010629505589037207,0.015,absolute_error,6,1.0,5,800,0.6,,"{'learning_rate': 0.015, 'loss': 'absolute_error', 'max_depth': 6, 'max_features': 1.0, 'min_samples_leaf': 5, 'n_estimators': 800, 'subsample': 0.6}",-8.897356490568555,-9.303630940543387,-9.513600602682537,-9.328688942596393,-9.302486804823367,-9.269152756242848,0.20190674791660915,86,-13.61079704615711,-14.59165855195959,-14.716732641807464,-13.772190007194663,-14.216486344346684,-14.181572918293103,0.4356981909630674,221,-0.4744790093627303,-0.41659097789887983,-0.4845921450151057,-0.43085266646580295,-0.502411091018686,-0.461785177952241,0.03265299955682086,267,1.684065927584624,-0.18825255838398436,1.8506524975531773,-0.2463439767846975,1.7720321948894773,0.9744308169717193,0.9746423046627357,22,-11.150569581955818,-10.940441423064136,-11.725585337213284,-10.539966063471686,-11.02137193792658,-11.075586868726301,0.3837221947047443,297,quantile_0.40
205.75464329719543,1.3969391005348115,0.1643056869506836,0.017291975227079762,0.015,absolute_error,6,1.0,10,800,0.6,,"{'learning_rate': 0.015, 'loss': 'absolute_error', 'max_depth': 6, 'max_features': 1.0, 'min_samples_leaf': 10, 'n_estimators': 800, 'subsample': 0.6}",-8.90239391174629,-9.33038772743566,-9.466188477161829,-9.26908479832925,-9.25662955383386,-9.244936893701379,0.18671349295389217,63,-13.606098306956662,-14.68127160747406,-14.697148545438171,-13.733185837841129,-14.219565467529995,-14.187453953048003,0.4580413759548029,222,-0.48112352763515553,-0.4187102633969119,-0.47643504531722053,-0.4317565531786683,-0.5045207956600362,-0.46250923703759844,0.03215421796617816,283,1.7094388163121585,-0.17983832643703976,1.8773576596697048,-0.2870573758102518,1.7521617666542388,0.9744125080777621,0.9883388879054489,23,-11.02817895875754,-10.927066041756488,-11.904609293884713,-10.401726802282118,-10.910146236971181,-11.034345466730407,0.4867315179804355,285,quantile_0.40
204.17550067901612,4.081947329236056,0.15705032348632814,0.007244370118052971,0.015,absolute_error,6,1.0,15,800,0.6,,"{'learning_rate': 0.015, 'loss': 'absolute_error', 'max_depth': 6, 'max_features': 1.0, 'min_samples_leaf': 15, 'n_estimators': 800, 'subsample': 0.6}",-8.893938169578874,-9.275588024773086,-9.468917111238225,-9.278814405636702,-9.265797580633345,-9.236611058372047,0.18737288513763128,55,-13.640470907484474,-14.664137678709663,-14.705858823660352,-13.759498926059567,-14.241422096517496,-14.202277686486308,0.4427461544922116,227,-0.4856538810027182,-0.4144716924008477,-0.48126888217522656,-0.42181379933714974,-0.5006027727546715,-0.4607622055341228,0.03546034416747262,255,1.7267568196658043,-0.18721512923133,1.8405090899049712,-0.20189021665971738,1.7348620506075987,0.9826045228574654,0.9619937714372029,21,-10.934428205655822,-10.963804117594748,-11.749592192650338,-10.75939692257665,-10.987413803870394,-11.078927048469591,0.3447895345560667,299,quantile_0.40
204.61314206123353,2.1647031739261475,0.15958967208862304,0.009558029771074731,0.015,absolute_error,6,1.0,20,800,0.6,,"{'learning_rate': 0.015, 'loss': 'absolute_error', 'max_depth': 6, 'max_features': 1.0, 'min_samples_leaf': 20, 'n_estimators': 800, 'subsample': 0.6}",-8.845230940611762,-9.24601437898502,-9.464464805465163,-9.241213089459922,-9.22035026840398,-9.203454696585169,0.1999865092583929,33,-13.596093106270459,-14.659731790949927,-14.715923563678396,-13.764945703204797,-14.226597081103236,-14.192658249041363,0.45430036733645607,223,-0.47840531561461797,-0.4223433242506812,-0.4845921450151057,-0.425429346188611,-0.498794454490657,-0.46191291711193455,0.031759716663081,270,1.6942202573323752,-0.15940448191276144,1.9299155097523275,-0.20062452468502864,1.7824333556560084,1.0093080232285843,0.9740812473797155,6,-11.015190314518005,-10.757373652340384,-11.7566704623971,-10.625252636858313,-11.029376454571311,-11.036772704137023,0.3914552036479077,286,quantile_0.40
244.30115399360656,4.119773007446315,0.21822004318237304,0.027040653728441704,0.015,absolute_error,7,1.0,5,800,0.6,,"{'learning_rate': 0.015, 'loss': 'absolute_error', 'max_depth': 7, 'max_features': 1.0, 'min_samples_leaf': 5, 'n_estimators': 800, 'subsample': 0.6}",-8.880672078762199,-9.282941480225137,-9.467354707809092,-9.351354381214545,-9.37672345479705,-9.271809220561606,0.204296185775258,89,-13.487946597150376,-14.555508849012146,-14.562177214139306,-13.705895559317009,-14.213243872419982,-14.104954418407763,0.4390273818876617,203,-0.4805194805194805,-0.41992128368150167,-0.4909365558912387,-0.42603193733052125,-0.487040385774563,-0.46088992863946104,0.031194470511223298,257,1.5281746392003535,-0.24032992529206695,1.8007141735124388,-0.3825764513606094,1.746103344559473,0.8904171561239178,0.986577498931841,47,-10.830826990312385,-10.767031710866592,-11.476094768361312,-10.525945526586002,-11.41879310651762,-11.003738420528782,0.3767241405325061,279,quantile_0.40
239.3657379627228,3.531332821652095,0.22902255058288573,0.021171460351897212,0.015,absolute_error,7,1.0,10,800,0.6,,"{'learning_rate': 0.015, 'loss': 'absolute_error', 'max_depth': 7, 'max_features': 1.0, 'min_samples_leaf': 10, 'n_estimators': 800, 'subsample': 0.6}",-8.84153844838501,-9.225076696123834,-9.42193839913963,-9.297356848302167,-9.3283704933408,-9.222856177058288,0.20086089366059645,43,-13.49352523686097,-14.541886323269848,-14.52679398601697,-13.703317280256856,-14.177664548292816,-14.088637474939492,0.426138872867363,187,-0.4693446088794926,-0.4135634271874054,-0.475226586102719,-0.42844230189816207,-0.5042194092827004,-0.4581592666700958,0.032893248258182774,234,1.5514095489229671,-0.20623729269429664,1.7876660599763006,-0.32810914193838686,1.7388810676031958,0.9087220483739561,0.9641202748273693,41,-11.071766672807824,-10.903816452975022,-11.793957647703031,-10.467276068010333,-10.974638577170406,-11.042291083733323,0.4290141692429564,288,quantile_0.40
234.5056498527527,0.7427681030597189,0.21153721809387208,0.012258413430788094,0.015,absolute_error,7,1.0,15,800,0.6,,"{'learning_rate': 0.015, 'loss': 'absolute_error', 'max_depth': 7, 'max_features': 1.0, 'min_samples_leaf': 15, 'n_estimators': 800, 'subsample': 0.6}",-8.816198850362445,-9.19316640124016,-9.429202464523003,-9.238143573411248,-9.262186264572472,-9.187779510821866,0.20221728521262963,24,-13.545856302594368,-14.563802136426514,-14.565004724017491,-13.651724912170538,-14.174317315957946,-14.100141078233372,0.4347161305475406,198,-0.479613409845968,-0.42355434453527097,-0.4824773413897281,-0.4377824645977704,-0.5060277275467149,-0.46589105758309046,0.030518356145826507,305,1.5302955055540537,-0.1875419875313627,1.8445019840439707,-0.18021590102667326,1.687108073460821,0.9388295349001619,0.9220597426483342,32,-10.786285520289525,-10.631014095239513,-11.683143933862459,-10.345238108962286,-10.818867961165713,-10.8529099239039,0.44762810638758477,226,quantile_0.40
232.4240695476532,2.0587765578205883,0.2043848991394043,0.011845199321389896,0.015,absolute_error,7,1.0,20,800,0.6,,"{'learning_rate': 0.015, 'loss': 'absolute_error', 'max_depth': 7, 'max_features': 1.0, 'min_samples_leaf': 20, 'n_estimators': 800, 'subsample': 0.6}",-8.803287527973003,-9.142913081089869,-9.366083772632626,-9.213374961802254,-9.233992517731094,-9.151930372245769,0.18868198462336958,11,-13.548457971184682,-14.505665236718105,-14.529838735476527,-13.669442080982227,-14.176405212043901,-14.085961847281089,0.41079356415234275,183,-0.4753850800362428,-0.4296094459582198,-0.48036253776435045,-0.44200060259114193,-0.498794454490657,-0.4652304241681223,0.025562162382356573,302,1.5688186196670815,-0.10343061688705125,1.9525450221870189,-0.300038778923248,1.795207262522254,0.982620301713211,0.976667898025389,20,-10.909162469770115,-10.520581599458039,-11.781340034859443,-10.082945736528773,-11.055856456459399,-10.869977259415155,0.567126901192955,235,quantile_0.40
278.9930069446564,2.9099453440852074,0.2584962844848633,0.014316063406405889,0.015,absolute_error,8,1.0,5,800,0.6,,"{'learning_rate': 0.015, 'loss': 'absolute_error', 'max_depth': 8, 'max_features': 1.0, 'min_samples_leaf': 5, 'n_estimators': 800, 'subsample': 0.6}",-8.922156299460465,-9.291703563195812,-9.4443788991247,-9.34739767236027,-9.448641438333832,-9.290855574495016,0.1937021803488836,116,-13.511471294181453,-14.513833574225087,-14.407185074885588,-13.612051297079827,-14.207121760095113,-14.050332600093412,0.4121217514426482,133,-0.4690425853216551,-0.4171964880411747,-0.4649546827794562,-0.42211509490810484,-0.48553345388788427,-0.451768460987655,0.027154704916318207,184,1.33891837634312,-0.2580558568104837,1.7517898711030202,-0.44787478796677194,1.566831313113977,0.7903217831565723,0.9445181396918172,70,-10.938318818926486,-10.826610440562677,-12.040064531986275,-10.541583316667388,-11.34368050568089,-11.138051522764744,0.5193406914484447,311,quantile_0.40
267.62296934127806,5.343163714689612,0.251361083984375,0.019510771868530324,0.015,absolute_error,8,1.0,10,800,0.6,,"{'learning_rate': 0.015, 'loss': 'absolute_error', 'max_depth': 8, 'max_features': 1.0, 'min_samples_leaf': 10, 'n_estimators': 800, 'subsample': 0.6}",-8.888818963951312,-9.24647598408086,-9.421096742529091,-9.256039234172645,-9.352885511220013,-9.233063287190785,0.18380745053340686,51,-13.536133186908371,-14.506955164897422,-14.465100123677209,-13.565328887851841,-14.170570521142746,-14.04881757689552,0.4229921001384748,129,-0.4684385382059801,-0.41174689676052073,-0.4770392749244713,-0.42603193733052125,-0.4957805907172996,-0.4558074475877586,0.03173673034260124,215,1.4013862119173706,-0.24337903918735462,1.7744693336647845,-0.3639836182260147,1.6552118050629698,0.844740938646351,0.9461640465179117,59,-10.983516872115153,-10.932804856243843,-11.734428027929617,-10.435902612916147,-11.101783250889646,-11.03768712401888,0.41608544909676615,287,quantile_0.40
265.7974693775177,4.031062727543581,0.24890880584716796,0.022997403642334293,0.015,absolute_error,8,1.0,15,800,0.6,,"{'learning_rate': 0.015, 'loss': 'absolute_error', 'max_depth': 8, 'max_features': 1.0, 'min_samples_leaf': 15, 'n_estimators': 800, 'subsample': 0.6}",-8.802945286371608,-9.162737619993475,-9.386305752802535,-9.109481196313785,-9.344702234205265,-9.161234417937333,0.20754243072060527,14,-13.462760411841456,-14.468261964693648,-14.460154835182745,-13.470372234809984,-14.20862905273842,-14.014035699853249,0.4566584636159554,81,-0.48323769254001814,-0.4114441416893733,-0.475226586102719,-0.4383850557396806,-0.5030138637733574,-0.4622614679690297,0.03292821817354991,277,1.4559890270351643,-0.20753915929170577,1.830684206950936,-0.28636345801268626,1.6521370577178223,0.8889815348799062,0.9353610271812919,48,-10.614791097403073,-10.88264183800513,-11.801728152188174,-10.063205420419706,-10.93095050047957,-10.858663401699129,0.5634533901675527,230,quantile_0.40
261.6377914428711,3.4296664346242824,0.26017937660217283,0.025972127504322925,0.015,absolute_error,8,1.0,20,800,0.6,,"{'learning_rate': 0.015, 'loss': 'absolute_error', 'max_depth': 8, 'max_features': 1.0, 'min_samples_leaf': 20, 'n_estimators': 800, 'subsample': 0.6}",-8.776613921241204,-9.134579581911673,-9.267973392440577,-9.15315708710634,-9.225465723676983,-9.111557941275354,0.17429214421939393,3,-13.517002270749726,-14.520524753495534,-14.370933863244153,-13.55384606604365,-14.123053655605055,-14.017072121827624,0.4134157724586103,85,-0.4880700694654183,-0.42415985467756584,-0.48580060422960725,-0.43567339560108465,-0.5018083182640145,-0.4671024484475382,0.03106641686141551,310,1.4109067866140133,-0.1766446618825215,1.8902661549353388,-0.3361760366367816,1.679707237317076,0.893611896069425,0.9525426038030337,45,-10.436534982583115,-10.55962135647976,-11.48438212121091,-10.118796717326578,-10.8658750404139,-10.693042043602853,0.4624813531529547,139,quantile_0.40
307.7588976860046,1.4310901246784042,0.29207601547241213,0.017184104013580472,0.015,absolute_error,9,1.0,5,800,0.6,,"{'learning_rate': 0.015, 'loss': 'absolute_error', 'max_depth': 9, 'max_features': 1.0, 'min_samples_leaf': 5, 'n_estimators': 800, 'subsample': 0.6}",-8.932385712450474,-9.358257303098659,-9.429802110509472,-9.335340059159842,-9.464100119268773,-9.303977060897443,0.19156275709339995,131,-13.47161533129678,-14.574447168905687,-14.321208367575828,-13.520919756835736,-14.180662194860162,-14.013770563894838,0.441262572461615,80,-0.4500151011778919,-0.42052679382379654,-0.4637462235649547,-0.4184995480566436,-0.4704641350210971,-0.4446503603288767,0.021566617001242492,125,1.1601472131119055,-0.36621458631457926,1.600688085875714,-0.5431286990893924,1.3546767635900936,0.6412337554347483,0.9073578455742861,82,-11.213549166623165,-10.6914028414463,-11.892808648219859,-10.504445465829308,-11.497982606446417,-11.160037745713009,0.5105767929635711,315,quantile_0.40
303.74462084770204,4.203950573673551,0.27465310096740725,0.006548053013891361,0.015,absolute_error,9,1.0,10,800,0.6,,"{'learning_rate': 0.015, 'loss': 'absolute_error', 'max_depth': 9, 'max_features': 1.0, 'min_samples_leaf': 10, 'n_estimators': 800, 'subsample': 0.6}",-8.858805479689075,-9.260143567112165,-9.368874958379676,-9.287485504424916,-9.380184082533061,-9.231098718427779,0.19174674264061284,48,-13.381348825163837,-14.498646746241038,-14.343867497685611,-13.524649316064435,-14.117877725449546,-13.973278022120894,0.44405085744626444,35,-0.46028390214436726,-0.40599455040871935,-0.47401812688821754,-0.41247363663754144,-0.4798071127185051,-0.44651546575947015,0.03116116389906513,139,1.1728600114288759,-0.2708006564165853,1.643483592608223,-0.5582725131481516,1.4694443678338038,0.6913429604612332,0.9199055848613767,75,-10.897258674898799,-11.07076794706469,-11.615967751360722,-10.581540510609052,-11.306239697963964,-11.094354916379444,0.3519536897312536,304,quantile_0.40
295.3676065444946,2.7346820917629286,0.30270895957946775,0.0265162542733787,0.015,absolute_error,9,1.0,15,800,0.6,,"{'learning_rate': 0.015, 'loss': 'absolute_error', 'max_depth': 9, 'max_features': 1.0, 'min_samples_leaf': 15, 'n_estimators': 800, 'subsample': 0.6}",-8.809181465412292,-9.160650337052113,-9.343277113925602,-9.214271215603715,-9.288919077392025,-9.16325984187715,0.18771090972601553,15,-13.454540122387641,-14.477488097462608,-14.368140966161484,-13.527262546793759,-14.121498825447947,-13.989786111650687,0.4239740980160825,51,-0.47266686801570523,-0.4120496518316682,-0.4891238670694864,-0.43296173546248873,-0.4960819770946353,-0.46057681989479676,0.03267781596794899,254,1.35793116962221,-0.24223471570635316,1.7656738036075408,-0.43484347828627823,1.6314063510749657,0.815586626062417,0.9534072067639577,67,-10.75505109731605,-10.822015722742485,-11.355968973759945,-10.138803291634158,-11.00657344217906,-10.81568250552634,0.3975501389645495,202,quantile_0.40
286.45162868499756,4.30298096556672,0.2909905433654785,0.017110971547152517,0.015,absolute_error,9,1.0,20,800,0.6,,"{'learning_rate': 0.015, 'loss': 'absolute_error', 'max_depth': 9, 'max_features': 1.0, 'min_samples_leaf': 20, 'n_estimators': 800, 'subsample': 0.6}",-8.754424054887384,-9.122518930914183,-9.236969229261335,-9.13203299437075,-9.225327849829375,-9.094254611852607,0.1762149489123041,1,-13.508785132408505,-14.486034824308621,-14.31762627316446,-13.452798413879979,-14.08365504213186,-13.969779937178686,0.4195878518093001,30,-0.47327091513138025,-0.42022403875264913,-0.4909365558912387,-0.43567339560108465,-0.5033152501506932,-0.4646840311054092,0.03185469702321164,297,1.3859265779788605,-0.21864495587578583,1.866372558718781,-0.33551084970356215,1.6355733373793544,0.8667433336995296,0.9469310707616244,53,-10.713050716471008,-10.594198753440859,-11.308326559450517,-10.095317080964868,-10.789362317113344,-10.70005108548812,0.3886006873773788,144,quantile_0.40
158.57001833915712,1.643721679852592,0.12098970413208007,0.007415424830498573,0.02,absolute_error,6,1.0,5,600,0.6,,"{'learning_rate': 0.02, 'loss': 'absolute_error', 'max_depth': 6, 'max_features': 1.0, 'min_samples_leaf': 5, 'n_estimators': 600, 'subsample': 0.6}",-8.937055580450801,-9.313636983742613,-9.512737636740813,-9.392681357643978,-9.289689220443387,-9.289160155804318,0.19249963959053523,112,-13.672117425575957,-14.630466164749482,-14.712472864737965,-13.858829965800112,-14.22315688818863,-14.219408661810428,0.41027778916426744,234,-0.4805194805194805,-0.407811080835604,-0.4806646525679758,-0.4326604398915336,-0.5,-0.46033113076291876,0.03440541683835858,251,1.6706966436680841,-0.20732904262006788,1.9121068213064065,-0.22161830170435773,1.7862366753880838,0.9880185592076298,0.9848063635682134,16,-11.037796233204785,-11.164860849861828,-11.884423367736108,-10.598453441038858,-11.075925895831471,-11.15229195753461,0.4151752708151202,314,quantile_0.40
152.89705929756164,1.9706063819919148,0.13380885124206543,0.018445854242865763,0.02,absolute_error,6,1.0,10,600,0.6,,"{'learning_rate': 0.02, 'loss': 'absolute_error', 'max_depth': 6, 'max_features': 1.0, 'min_samples_leaf': 10, 'n_estimators': 600, 'subsample': 0.6}",-8.935537830320563,-9.313171654541549,-9.574411117677457,-9.324960210292565,-9.317731701852255,-9.293162502936877,0.20445600780303871,118,-13.715817326604455,-14.627989769498246,-14.814004003886737,-13.807992999717724,-14.259334480743044,-14.245027716090041,0.4339727211690824,239,-0.4941105406221685,-0.41689373297002724,-0.48882175226586105,-0.4371798734558602,-0.5102471368294154,-0.4694506072286665,0.03592028867523902,317,1.7246868463162037,-0.20429045378251112,1.8649321419069123,-0.14805903812883148,1.7876587306842648,1.0049856453992076,0.9655998840256043,8,-10.787287256828952,-10.924703923786167,-11.700935163542725,-10.495566847143841,-10.882364280908497,-10.958171494442038,0.4004420463467181,269,quantile_0.40
155.84253106117248,3.2939018368194937,0.12566757202148438,0.007808855414342949,0.02,absolute_error,6,1.0,15,600,0.6,,"{'learning_rate': 0.02, 'loss': 'absolute_error', 'max_depth': 6, 'max_features': 1.0, 'min_samples_leaf': 15, 'n_estimators': 600, 'subsample': 0.6}",-8.911110130369565,-9.302517175606614,-9.470040951512642,-9.215391393447598,-9.255103247856292,-9.230832579758541,0.18188417556623038,47,-13.671220131679256,-14.696894318463286,-14.720902238671982,-13.718328118015904,-14.207516246632341,-14.202972210692554,0.45384388963418126,229,-0.4636061612805799,-0.42052679382379654,-0.4854984894259819,-0.43055137089484785,-0.5081374321880651,-0.4616640495226543,0.03283869728774781,265,1.680264843182598,-0.12715045400519057,1.86485578538223,-0.17286713941970921,1.8426544578561757,1.017551498599221,0.955546704133663,5,-11.422815158772384,-10.909372311536897,-11.673462414163668,-10.501097970300409,-10.92003560722241,-11.085356692399152,0.4145856665055074,301,quantile_0.40
152.24079151153563,2.620449898962972,0.11876940727233887,0.004487890487807306,0.02,absolute_error,6,1.0,20,600,0.6,,"{'learning_rate': 0.02, 'loss': 'absolute_error', 'max_depth': 6, 'max_features': 1.0, 'min_samples_leaf': 20, 'n_estimators': 600, 'subsample': 0.6}",-8.879754740971372,-9.263972623971853,-9.483500297031554,-9.287070738061905,-9.172909608640637,-9.217441601735464,0.19688377096159676,41,-13.652173952429246,-14.652578540238238,-14.748881862650705,-13.823513557483903,-14.18679230479453,-14.212788043519321,0.43527251853382226,232,-0.46481425551192995,-0.4123524069028156,-0.4891238670694864,-0.43055137089484785,-0.5072332730560579,-0.46081503468702756,0.03531728259429303,256,1.723473347497739,-0.1084044438960736,1.9377510710688428,-0.15703415350826735,1.8255324224921758,1.0442636487308834,0.9635130125799494,3,-11.405876608486428,-11.101630579585278,-11.675213720942654,-10.602726180592555,-10.84160150305962,-11.125409718533309,0.38347274971738066,310,quantile_0.40
181.9699700832367,1.961986454818996,0.15258364677429198,0.0053362727610353905,0.02,absolute_error,7,1.0,5,600,0.6,,"{'learning_rate': 0.02, 'loss': 'absolute_error', 'max_depth': 7, 'max_features': 1.0, 'min_samples_leaf': 5, 'n_estimators': 600, 'subsample': 0.6}",-8.92053351338392,-9.283161101521861,-9.453417883610038,-9.403870377200452,-9.37307623082004,-9.28681182130726,0.19135044314689342,106,-13.52770038089399,-14.512084782975444,-14.510478711615072,-13.783454064123424,-14.245837294153464,-14.115911046752279,0.3964940185980586,208,-0.47629115070975536,-0.4156827126854375,-0.4930513595166163,-0.43446821331726426,-0.4951778179626281,-0.46293425083834033,0.03215001642356995,286,1.5488625349542482,-0.1447844500132707,1.905286409874587,-0.2973504936874284,1.6668108926529026,0.9357649787562078,0.9527275983651184,33,-10.990542268880048,-10.992009497426395,-11.518784072130547,-10.480076107274522,-11.147396675497024,-11.025761724241708,0.3340714032360535,282,quantile_0.40
179.15749354362487,4.019154786877308,0.1716845989227295,0.018644675439848733,0.02,absolute_error,7,1.0,10,600,0.6,,"{'learning_rate': 0.02, 'loss': 'absolute_error', 'max_depth': 7, 'max_features': 1.0, 'min_samples_leaf': 10, 'n_estimators': 600, 'subsample': 0.6}",-8.89192676934354,-9.218313343315637,-9.421136535404907,-9.23853776746954,-9.355186623444048,-9.225020207795534,0.18252882233128723,44,-13.589908126873752,-14.499407593583383,-14.52685138716588,-13.618220679542343,-14.243176881451296,-14.095512933723331,0.413384207669053,194,-0.479613409845968,-0.40962761126248864,-0.4873111782477341,-0.4413980114492317,-0.5042194092827004,-0.46443392401762457,0.03426676399828827,293,1.5771241549440083,-0.17161736692861765,1.8514107878109303,-0.24362800989144473,1.758409276234191,0.9543397684338135,0.9531034411689686,30,-10.914051514583146,-11.042585665190806,-11.566066844341108,-10.189114500137098,-11.020595097170471,-10.946482724284525,0.4411963987166791,265,quantile_0.40
179.46594681739808,1.8526468722110918,0.16824688911437988,0.01897007843975407,0.02,absolute_error,7,1.0,15,600,0.6,,"{'learning_rate': 0.02, 'loss': 'absolute_error', 'max_depth': 7, 'max_features': 1.0, 'min_samples_leaf': 15, 'n_estimators': 600, 'subsample': 0.6}",-8.85837024782797,-9.18901513810635,-9.431415641103225,-9.23405520342482,-9.267479100661891,-9.19606706622485,0.18762760978768903,25,-13.611751660262579,-14.544431786388618,-14.554129679377743,-13.647522641262505,-14.152813279924246,-14.102129809443138,0.41222376010263023,200,-0.47870733917245545,-0.4102331214047835,-0.4809667673716012,-0.43055137089484785,-0.523508137432188,-0.46479334725517524,0.04012963110912973,298,1.5437319119846518,-0.16814582800242503,1.9281213134174138,-0.2449746846773159,1.7963984495211573,0.9710262324486963,0.9697044188685666,25,-10.864782413608705,-10.99480860932593,-11.80906636917818,-10.439033674500687,-10.567054033249097,-10.934949019972517,0.4803886789671833,259,quantile_0.40
174.74033217430116,2.770951384778808,0.15379323959350585,0.009892248648320983,0.02,absolute_error,7,1.0,20,600,0.6,,"{'learning_rate': 0.02, 'loss': 'absolute_error', 'max_depth': 7, 'max_features': 1.0, 'min_samples_leaf': 20, 'n_estimators': 600, 'subsample': 0.6}",-8.795480195754775,-9.120704570548597,-9.32496100987538,-9.198664850888564,-9.215782509662196,-9.131118627345902,0.18003718720774106,6,-13.587027678049322,-14.474205053661946,-14.43712265776914,-13.651936878130227,-14.183198419283602,-14.066698137378847,0.37919893974949975,160,-0.466626396858955,-0.4108386315470784,-0.48398791540785496,-0.44230189816209703,-0.5141651597347799,-0.4635840003421531,0.03526763789824018,291,1.6433497427749246,-0.10969706158123499,1.8693599825230678,-0.2604751252439684,1.7200942089374385,0.9725263494820455,0.9491756890021169,24,-11.185425866172116,-10.966601990463962,-11.564669939088287,-10.104172922143873,-10.634595238075494,-10.891093191188748,0.4962002917021947,242,quantile_0.40
209.0137655735016,1.7226788159665414,0.1914900779724121,0.012718367441958572,0.02,absolute_error,8,1.0,5,600,0.6,,"{'learning_rate': 0.02, 'loss': 'absolute_error', 'max_depth': 8, 'max_features': 1.0, 'min_samples_leaf': 5, 'n_estimators': 600, 'subsample': 0.6}",-8.927885244619329,-9.354773114746473,-9.422766928682304,-9.316620122462702,-9.430015617844987,-9.29041220567116,0.18615147831965279,114,-13.508974039849983,-14.537397055626453,-14.36979222392076,-13.611138241193073,-14.183846159401199,-14.042229543998294,0.41054709441596515,119,-0.4587737843551797,-0.41477444747199516,-0.475226586102719,-0.4332630310334438,-0.49065702230259195,-0.4545389742531859,0.027511116464287014,209,1.3321645114153886,-0.2130256648019885,1.7106429689311238,-0.37986808645091974,1.567885475940486,0.8035598410068181,0.9077845696933733,69,-11.182035794019404,-11.02014300261556,-11.713791087444513,-10.313310155606086,-11.207320586357554,-11.087320125208624,0.45153986179804656,302,quantile_0.40
202.41860299110414,3.170785342493854,0.18960390090942383,0.010767049081361574,0.02,absolute_error,8,1.0,10,600,0.6,,"{'learning_rate': 0.02, 'loss': 'absolute_error', 'max_depth': 8, 'max_features': 1.0, 'min_samples_leaf': 10, 'n_estimators': 600, 'subsample': 0.6}",-8.885621110432108,-9.266651707704916,-9.371208455165247,-9.270877426748266,-9.371877787827092,-9.233247297575526,0.17979295929285186,52,-13.579759161318616,-14.50979653126171,-14.390940312718547,-13.592293496557186,-14.246226858342967,-14.063803272039806,0.39895542733359696,154,-0.4663243733011175,-0.4138661822585528,-0.48700906344410877,-0.4296474841819825,-0.502411091018686,-0.45985163884088953,0.03351919494227584,246,1.4525692486272364,-0.2144171711456504,1.8054134658726748,-0.36473194744199183,1.7243579218786989,0.8806383035581936,0.9637707669207827,51,-11.08476304366758,-10.936185323429138,-11.47475761744278,-10.36447995996407,-11.042984428555433,-10.980634074611801,0.357913416594679,273,quantile_0.40
200.0061598777771,1.7704498496313608,0.20711145401000977,0.014329810277831607,0.02,absolute_error,8,1.0,15,600,0.6,,"{'learning_rate': 0.02, 'loss': 'absolute_error', 'max_depth': 8, 'max_features': 1.0, 'min_samples_leaf': 15, 'n_estimators': 600, 'subsample': 0.6}",-8.800628149797193,-9.208127569755035,-9.404928083747699,-9.2022910581059,-9.229293918846224,-9.16905375605041,0.19881372396729363,18,-13.462912169438667,-14.538665195371017,-14.483091965571296,-13.549456514129014,-14.013360233884836,-14.009497215678966,0.4504926904229825,79,-0.4874660223497433,-0.4114441416893733,-0.4873111782477341,-0.43446821331726426,-0.504822182037372,-0.46510234752829743,0.03574544614236665,301,1.4163224288447729,-0.0872369032468599,1.873500882943835,-0.320235156000781,1.7438901719052684,0.9252482848892472,0.9366820806957239,36,-10.479654078650416,-11.08399627353808,-11.572101636623984,-10.22175573477354,-10.868365615854763,-10.845174667888156,0.4707978047082904,220,quantile_0.40
196.2028959274292,5.107127307567785,0.2069157123565674,0.010452914890949317,0.02,absolute_error,8,1.0,20,600,0.6,,"{'learning_rate': 0.02, 'loss': 'absolute_error', 'max_depth': 8, 'max_features': 1.0, 'min_samples_leaf': 20, 'n_estimators': 600, 'subsample': 0.6}",-8.799812037073584,-9.179057197908913,-9.326130761742304,-9.173154479135935,-9.265091492182526,-9.148649193608652,0.18345082907859364,10,-13.536808405960434,-14.569369736093845,-14.405168129096928,-13.585970067449415,-14.195076756639091,-14.058478619047943,0.4231469115104805,146,-0.45756569012382964,-0.41114138661822586,-0.49154078549848945,-0.44471226272973785,-0.5198915009041591,-0.46497032517488834,0.03764331878488249,300,1.409341801451079,-0.23361276166753753,1.8723443761414655,-0.3196260886671134,1.7403728619909786,0.8937640378497745,0.9678306109173777,44,-11.155943352922495,-10.878793436268507,-11.391196283465051,-9.954221113809625,-10.584385718013824,-10.7929079808959,0.4987979713107457,189,quantile_0.40
231.43398056030273,4.193108452921736,0.21831955909729003,0.012592213006259761,0.02,absolute_error,9,1.0,5,600,0.6,,"{'learning_rate': 0.02, 'loss': 'absolute_error', 'max_depth': 9, 'max_features': 1.0, 'min_samples_leaf': 5, 'n_estimators': 600, 'subsample': 0.6}",-8.94326981377349,-9.337941452443543,-9.505311158098996,-9.434093920801049,-9.450547089727552,-9.334232686968926,0.20279786623845328,150,-13.427135304477178,-14.51252918807484,-14.42993856590856,-13.666520755612659,-14.139254837350117,-14.035075730284671,0.42430085560794367,112,-0.44367260646330414,-0.4159854677565849,-0.4706948640483384,-0.4151852967761374,-0.48342374924653403,-0.4457923968581798,0.027806447683770358,129,1.1091955378431808,-0.31127794296579786,1.620793514141282,-0.6069397456203317,1.4330157855650874,0.6489574297926841,0.9241603413377413,81,-11.328697338054047,-10.84973419643559,-11.818808236558189,-10.630379066554717,-11.256752375380604,-11.176874242596629,0.4116278922167676,316,quantile_0.40
227.33706793785095,2.244246840850155,0.2328636646270752,0.021615958923285224,0.02,absolute_error,9,1.0,10,600,0.6,,"{'learning_rate': 0.02, 'loss': 'absolute_error', 'max_depth': 9, 'max_features': 1.0, 'min_samples_leaf': 10, 'n_estimators': 600, 'subsample': 0.6}",-8.866402384913558,-9.336141671769333,-9.407289649399036,-9.294168981127761,-9.381814258130811,-9.257163389068099,0.19918678598191664,74,-13.427984695442078,-14.580380822210323,-14.346356869482449,-13.550386281428134,-14.204031542296239,-14.021828042171844,0.4528588163059717,97,-0.4614919963757173,-0.4066000605510142,-0.4800604229607251,-0.4278397107562519,-0.4891500904159132,-0.45302845621192434,0.0312960061901063,195,1.1968265497378765,-0.3055036667203059,1.7309425459819563,-0.4998256076409032,1.422699463689647,0.7090278570096542,0.9254388440070379,73,-10.902928993007494,-11.105062297348077,-11.600864873099775,-10.277614667817918,-11.04417021842276,-10.986128209939205,0.42528317765876444,275,quantile_0.40
220.87376017570494,2.4816966150172144,0.2062255859375,0.0072420921673894325,0.02,absolute_error,9,1.0,15,600,0.6,,"{'learning_rate': 0.02, 'loss': 'absolute_error', 'max_depth': 9, 'max_features': 1.0, 'min_samples_leaf': 15, 'n_estimators': 600, 'subsample': 0.6}",-8.813694930664829,-9.2468092490002,-9.307000460323714,-9.191364130905939,-9.318249664052777,-9.175423686989493,0.18649900609555697,20,-13.480432844039036,-14.569390601609825,-14.315694960382245,-13.531222504988301,-14.112274153802954,-14.001803012964473,0.4303860048673917,72,-0.47025067955300515,-0.418104753254617,-0.4851963746223565,-0.44230189816209703,-0.49427365883062085,-0.4620254728845393,0.02815151584386749,274,1.323655188862294,-0.14177264610358004,1.7965939592567701,-0.28624883220801317,1.5556216080413647,0.8495698555697672,0.8823791339899965,58,-10.77866610332508,-10.888463395860803,-11.442371584312392,-10.066783949720168,-10.999849049026942,-10.835226816449076,0.4454801759193822,217,quantile_0.40
213.2086319923401,2.78223432174354,0.22136402130126953,0.022556355240203014,0.02,absolute_error,9,1.0,20,600,0.6,,"{'learning_rate': 0.02, 'loss': 'absolute_error', 'max_depth': 9, 'max_features': 1.0, 'min_samples_leaf': 20, 'n_estimators': 600, 'subsample': 0.6}",-8.73287065565414,-9.066346175185375,-9.251498088150884,-9.212566443389626,-9.248500224722044,-9.102356317420412,0.19675566872586248,2,-13.426727307789884,-14.416533381441699,-14.296698224225102,-13.568348977724565,-14.100880930636512,-13.961837764363551,0.39481369272128275,25,-0.45273331319842947,-0.41901301846805933,-0.4945619335347432,-0.44200060259114193,-0.5036166365280289,-0.46238510086408063,0.032016278360461496,281,1.2591546514303869,-0.18932449279032734,1.947323249304385,-0.3808989506269907,1.6194287829524319,0.8511366480539773,0.9548662380052213,57,-11.035222078638048,-10.592775511904206,-11.321960484721115,-9.990560466420993,-10.789882838858142,-10.7460802761085,0.44977154083004484,170,quantile_0.40
125.83223147392273,1.9581991042155138,0.09918875694274902,0.007944883218196438,0.025,absolute_error,6,1.0,5,480,0.6,,"{'learning_rate': 0.025, 'loss': 'absolute_error', 'max_depth': 6, 'max_features': 1.0, 'min_samples_leaf': 5, 'n_estimators': 480, 'subsample': 0.6}",-8.966514681154742,-9.337120870000819,-9.49929338377935,-9.35958531627327,-9.240518649681325,-9.280606580177901,0.17749151358997534,101,-13.69616639151042,-14.68096461413881,-14.637892684018288,-13.822678437257531,-14.176997279868203,-14.20293988135865,0.40491548257529786,228,-0.48716399879190575,-0.4072055706933091,-0.4836858006042296,-0.4314552576077132,-0.502411091018686,-0.4623843437431687,0.036527330125971445,280,1.7027128042851956,-0.20583861987547816,1.819175109598673,-0.26220044111580443,1.791292848465421,0.9690283402716015,0.9831986604678987,26,-10.950344762644644,-11.212128353964312,-11.700228205209639,-10.542674720896517,-10.978869391376998,-11.076849086818424,0.3789056936302929,298,quantile_0.40
124.05483965873718,1.8198091880475786,0.1186596393585205,0.015126009408234655,0.025,absolute_error,6,1.0,10,480,0.6,,"{'learning_rate': 0.025, 'loss': 'absolute_error', 'max_depth': 6, 'max_features': 1.0, 'min_samples_leaf': 10, 'n_estimators': 480, 'subsample': 0.6}",-8.896927651856936,-9.354762912131736,-9.534157570477483,-9.336550212169822,-9.29401075887994,-9.283281821103184,0.20989062088876295,104,-13.612478096513337,-14.719489743566907,-14.738398075305891,-13.861969976088952,-14.2397000828237,-14.234407194859756,0.450520851147162,238,-0.492600422832981,-0.4135634271874054,-0.48489425981873113,-0.44410967158782766,-0.5159734779987944,-0.47022825188514794,0.03660960018516754,319,1.7097547693680137,-0.21427380803797727,1.8285192339435676,-0.11444788476703795,1.8064851158197404,1.0032074852652613,0.9546745754060909,10,-10.766010268754082,-11.050891475410571,-11.716654274963764,-10.382685761414463,-10.75684734586844,-10.934617825282265,0.4449180654770945,258,quantile_0.40
122.5190893650055,2.341196929580092,0.1013911247253418,0.008855469861546774,0.025,absolute_error,6,1.0,15,480,0.6,,"{'learning_rate': 0.025, 'loss': 'absolute_error', 'max_depth': 6, 'max_features': 1.0, 'min_samples_leaf': 15, 'n_estimators': 480, 'subsample': 0.6}",-8.840917481984045,-9.264783398059809,-9.459704538905678,-9.329581578898292,-9.29698424956111,-9.238394249481786,0.20948046649910948,58,-13.620140861539427,-14.649145806493348,-14.729153455057045,-13.82796136327404,-14.248980242050946,-14.215076345682963,0.4376407854115345,233,-0.4753850800362428,-0.41659097789887983,-0.4851963746223565,-0.4299487797529376,-0.5036166365280289,-0.46214756976768906,0.03328160970394143,275,1.6146250753503453,-0.11545700043608621,1.8770456210288058,-0.23082290348334417,1.7743722889927964,0.9839526162905035,0.949158279057461,17,-10.996919125582643,-10.98118644307818,-11.682641042771838,-10.581212348879541,-10.99184948980307,-11.046761690023052,0.3552121856767441,289,quantile_0.40
122.49301395416259,3.8157440475983204,0.10096955299377441,0.006293275185001721,0.025,absolute_error,6,1.0,20,480,0.6,,"{'learning_rate': 0.025, 'loss': 'absolute_error', 'max_depth': 6, 'max_features': 1.0, 'min_samples_leaf': 20, 'n_estimators': 480, 'subsample': 0.6}",-8.7859897348003,-9.226713649796986,-9.507624732678874,-9.302438324957308,-9.240311204170412,-9.212615529280777,0.23582787818174,38,-13.551738172381633,-14.629101916484759,-14.754295265437296,-13.828815560419782,-14.266696486874167,-14.206129480319527,0.45905414714761045,231,-0.4645122319540924,-0.4102331214047835,-0.4782477341389728,-0.4181982524856885,-0.502411091018686,-0.45472048620044464,0.03531799159174321,211,1.7104512349005294,-0.1784792648853129,1.8996783640314618,-0.2522971229734956,1.8234935192180157,1.0005693460582397,0.9949234677370656,12,-11.29834722063701,-11.028161687587918,-11.926144425177263,-10.82039576706926,-11.010709079844874,-11.216751636063265,0.3860087167911639,318,quantile_0.40
146.52714457511902,2.3276180626525744,0.13186068534851075,0.00992202374188929,0.025,absolute_error,7,1.0,5,480,0.6,,"{'learning_rate': 0.025, 'loss': 'absolute_error', 'max_depth': 7, 'max_features': 1.0, 'min_samples_leaf': 5, 'n_estimators': 480, 'subsample': 0.6}",-8.833006811005164,-9.301391705476632,-9.443387842068388,-9.393546914291898,-9.30162003534484,-9.254590661637383,0.2177559451772238,71,-13.52171049804124,-14.564482474371733,-14.516060408805819,-13.761643270274085,-14.146418267943993,-14.102062983887373,0.4098506150994532,199,-0.48172757475083056,-0.4084165909778989,-0.49154078549848945,-0.4299487797529376,-0.4972875226039783,-0.46178425071682694,0.03579182635164959,266,1.5896828105828327,-0.26372772496250874,1.7567148001232369,-0.33470146152579666,1.5811095922598462,0.8658156032955221,0.9535659344462885,55,-10.818033021027542,-11.064271359391457,-11.39285179645184,-10.534796095911243,-10.942089971027983,-10.950408448762014,0.2825055599855826,267,quantile_0.40
143.11670966148375,1.8724006394271129,0.1341553211212158,0.01861118724216855,0.025,absolute_error,7,1.0,10,480,0.6,,"{'learning_rate': 0.025, 'loss': 'absolute_error', 'max_depth': 7, 'max_features': 1.0, 'min_samples_leaf': 10, 'n_estimators': 480, 'subsample': 0.6}",-8.916542579303625,-9.249041579677693,-9.426652344122052,-9.337973529018829,-9.305230850142292,-9.2470881764529,0.17501326561402655,65,-13.618815542850227,-14.545237338780927,-14.527596142336904,-13.74356333182355,-14.160980074325147,-14.119238486023352,0.38510473945453383,211,-0.47568710359408034,-0.41659097789887983,-0.4873111782477341,-0.44471226272973785,-0.4978902953586498,-0.46443836356581636,0.029823557513230722,294,1.5527517394107806,-0.23598514584007477,1.7897642464270276,-0.24587580693550118,1.6380602170597978,0.8997430500244059,0.9344507924875385,43,-11.004391583893144,-10.81763277651368,-11.508474555089103,-10.222449979537453,-10.98966094460549,-10.908521967927772,0.41344243662521707,252,quantile_0.40
140.28599104881286,3.0808786331350833,0.1403650760650635,0.025735056472899344,0.025,absolute_error,7,1.0,15,480,0.6,,"{'learning_rate': 0.025, 'loss': 'absolute_error', 'max_depth': 7, 'max_features': 1.0, 'min_samples_leaf': 15, 'n_estimators': 480, 'subsample': 0.6}",-8.779269317430838,-9.253059854637613,-9.46353357366342,-9.246147020449754,-9.297460217620829,-9.207893996760491,0.22829632737646358,34,-13.49730369947987,-14.584303123869104,-14.587449324284952,-13.678595328009736,-14.172269788988944,-14.10398425292652,0.4512481886533608,202,-0.48082150407731805,-0.4193157735392068,-0.48580060422960725,-0.4426031937330521,-0.5090415913200723,-0.46751653337985133,0.032185859226095924,311,1.6438268089316295,-0.16081143147736096,1.853589808840177,-0.23960400378081895,1.8477700792400351,0.9889542523507323,0.9742005801519368,15,-10.83884148064891,-10.84176770458423,-11.647909949031998,-10.174512005556227,-10.947268835104898,-10.890059994985252,0.46788327837942845,240,quantile_0.40
140.20181274414062,2.025034921948181,0.12755937576293946,0.008447000989313532,0.025,absolute_error,7,1.0,20,480,0.6,,"{'learning_rate': 0.025, 'loss': 'absolute_error', 'max_depth': 7, 'max_features': 1.0, 'min_samples_leaf': 20, 'n_estimators': 480, 'subsample': 0.6}",-8.805844094713237,-9.21606447552662,-9.392647917511939,-9.260151598126063,-9.261879163115907,-9.187317449798753,0.19968634172374863,23,-13.520819856843787,-14.666445275503715,-14.555122996281195,-13.740594919727652,-14.189791126372661,-14.1345548349458,0.4460293947983901,215,-0.4693446088794926,-0.4150772025431426,-0.48217522658610273,-0.44652003615546854,-0.515370705244123,-0.4656975558816659,0.03371181938123013,303,1.6230693728426357,-0.15274197025482428,2.000627175869484,-0.15737036692695333,1.71123574576726,1.0049639914595203,0.9553557959934842,9,-11.110081239085423,-10.9176346589762,-11.81445506237234,-10.19302662157552,-10.645846569495422,-10.93620883030098,0.536381039260453,260,quantile_0.40
164.8857207775116,2.9523846437291783,0.17191023826599122,0.024894596854945904,0.025,absolute_error,8,1.0,5,480,0.6,,"{'learning_rate': 0.025, 'loss': 'absolute_error', 'max_depth': 8, 'max_features': 1.0, 'min_samples_leaf': 5, 'n_estimators': 480, 'subsample': 0.6}",-8.905676065118563,-9.343768512776832,-9.44683310262031,-9.346141596216775,-9.454913924711661,-9.299466640288829,0.20253047028251178,124,-13.475658758383107,-14.606085088526514,-14.431851858132696,-13.675850912857156,-14.173484992860233,-14.072586322151944,0.4330345718745161,168,-0.4663243733011175,-0.4102331214047835,-0.49244712990936557,-0.4287435974691172,-0.4837251356238698,-0.45629467154165065,0.031751389282173074,219,1.367075037444782,-0.1876922705306368,1.7989121369615737,-0.3986221548157101,1.5187577089291127,0.8196860915978244,0.9215536424838433,64,-11.014598089568405,-11.159601412597484,-11.418225994790197,-10.434580824318388,-11.342879277389436,-11.073977119732783,0.34942829585258034,296,quantile_0.40
161.46772222518922,2.03567154327075,0.15014853477478027,0.008121016524610421,0.025,absolute_error,8,1.0,10,480,0.6,,"{'learning_rate': 0.025, 'loss': 'absolute_error', 'max_depth': 8, 'max_features': 1.0, 'min_samples_leaf': 10, 'n_estimators': 480, 'subsample': 0.6}",-8.906283826886789,-9.199788687048366,-9.437455360656811,-9.362736706660552,-9.413038597336678,-9.263860635717839,0.19704418742229307,81,-13.52642959904457,-14.438931240440837,-14.452185733998935,-13.705674244394821,-14.200853205375564,-14.064814804650945,0.38140958628242955,158,-0.4759891271519178,-0.4144716924008477,-0.48580060422960725,-0.43507080445917445,-0.4984930681133213,-0.46196505927097375,0.031868554883876875,272,1.3331108038282864,-0.2284596420738376,1.7583776315049084,-0.3303986915415665,1.6548658093322661,0.8374991822100114,0.9232540126719345,61,-10.755912316718785,-10.82260768281624,-11.523074379370426,-10.38030812748612,-11.101362400643154,-10.916652981406946,0.3805817555430941,254,quantile_0.40
160.06588292121887,1.9206390782479648,0.14862475395202637,0.006316930704750715,0.025,absolute_error,8,1.0,15,480,0.6,,"{'learning_rate': 0.025, 'loss': 'absolute_error', 'max_depth': 8, 'max_features': 1.0, 'min_samples_leaf': 15, 'n_estimators': 480, 'subsample': 0.6}",-8.8373754718341,-9.133958205384069,-9.385364618712149,-9.26372552482442,-9.360498058086547,-9.196184375768258,0.19998294085058632,27,-13.499694123023403,-14.483783747866266,-14.436910393407041,-13.686210806274271,-14.214442184557006,-14.064208251025596,0.3997696807467373,156,-0.4714587737843552,-0.4196185286103542,-0.48126888217522656,-0.43989153359445615,-0.5039180229053647,-0.4632311482139514,0.029984241329117856,289,1.455651077818295,-0.16767340712163037,1.820163947697136,-0.23124983553323983,1.7196974909248888,0.9193178547570898,0.9214272173815339,38,-10.916146990999064,-10.683852340786737,-11.641650833275184,-10.266707812588159,-10.994045703235631,-10.900480736176956,0.4487602762716575,245,quantile_0.40
157.8225070953369,3.175569513638921,0.16203064918518068,0.009576388529401271,0.025,absolute_error,8,1.0,20,480,0.6,,"{'learning_rate': 0.025, 'loss': 'absolute_error', 'max_depth': 8, 'max_features': 1.0, 'min_samples_leaf': 20, 'n_estimators': 480, 'subsample': 0.6}",-8.713263592669266,-9.169594136097626,-9.315810887844334,-9.218917786005152,-9.280831184429772,-9.13968351740923,0.21906628273982096,7,-13.426537522559244,-14.544111498049869,-14.38445547204654,-13.644889989666972,-14.224641475512158,-14.044927191566956,0.4334044749601977,123,-0.4614919963757173,-0.42022403875264913,-0.4797583081570997,-0.4410967158782766,-0.515370705244123,-0.46358835288157313,0.032660715409713555,292,1.472554585883303,-0.08111818380606055,1.864923268809641,-0.31338407826327946,1.7324684985679146,0.9350888182383038,0.9360167899952574,34,-11.035747378660849,-10.81384584669274,-11.652465383666453,-10.094763106555765,-10.68483285034688,-10.856330913184538,0.5054151667092653,227,quantile_0.40
184.74139161109923,1.8438179884803527,0.17918081283569337,0.01151436653451995,0.025,absolute_error,9,1.0,5,480,0.6,,"{'learning_rate': 0.025, 'loss': 'absolute_error', 'max_depth': 9, 'max_features': 1.0, 'min_samples_leaf': 5, 'n_estimators': 480, 'subsample': 0.6}",-8.96894821081167,-9.290103303056592,-9.466249062917045,-9.502500238711084,-9.531010614035965,-9.35176228590647,0.20895337370809958,155,-13.520341822365182,-14.415979406812195,-14.355427672488641,-13.7820881328436,-14.183143813404303,-14.051396169582784,0.34561801794218433,135,-0.4569616430081546,-0.40448077505298213,-0.4770392749244713,-0.43055137089484785,-0.48282097649186256,-0.4503708080744637,0.02934745263357647,174,1.2628826708715306,-0.31210861552805375,1.5552287032473453,-0.5896016776025034,1.3629921274850114,0.655878641694666,0.9127447027882958,78,-11.195502990500023,-11.098172325189655,-11.551960546549758,-10.350563444478441,-11.281617071275468,-11.095563275598668,0.40197860289842446,306,quantile_0.40
180.20344157218932,2.974480144240137,0.18345856666564941,0.0195483258779448,0.025,absolute_error,9,1.0,10,480,0.6,,"{'learning_rate': 0.025, 'loss': 'absolute_error', 'max_depth': 9, 'max_features': 1.0, 'min_samples_leaf': 10, 'n_estimators': 480, 'subsample': 0.6}",-8.937542690691973,-9.347143414208809,-9.426534786336097,-9.32962286773179,-9.412220416815494,-9.290612835156832,0.18035475965503853,115,-13.498748577960207,-14.61675906094291,-14.32862991350618,-13.637892600328534,-14.175766411859936,-14.051559312919554,0.42151302093634996,136,-0.46602234974328,-0.4114441416893733,-0.48398791540785496,-0.4386863513106357,-0.48794454490657024,-0.45761706061154284,0.028900302310426104,229,1.2381321797706608,-0.3295947653833026,1.6820697326317222,-0.41453010750761793,1.4908328114365594,0.7333819701896044,0.9139075117404014,72,-10.91758246795262,-10.95841176860583,-11.476117652242035,-10.161123925543963,-11.172430701463965,-10.937133303161682,0.43563621442691464,262,quantile_0.40
177.10284161567688,2.048605599621047,0.17050089836120605,0.013528695514634396,0.025,absolute_error,9,1.0,15,480,0.6,,"{'learning_rate': 0.025, 'loss': 'absolute_error', 'max_depth': 9, 'max_features': 1.0, 'min_samples_leaf': 15, 'n_estimators': 480, 'subsample': 0.6}",-8.856994110295538,-9.165718259041455,-9.416895409420635,-9.268260723042687,-9.353959834902456,-9.212365667340553,0.19670816210440203,36,-13.53056082742792,-14.496623557070802,-14.408878373018164,-13.670586792311354,-14.200918546591021,-14.061513619283852,0.39093511356279403,150,-0.4669284204167925,-0.4171964880411747,-0.481570996978852,-0.44441096715878275,-0.49668474984930683,-0.4613583244889818,0.028017905508751714,263,1.3161138480443357,-0.24921794084658616,1.7865712323024532,-0.40288139149761987,1.6467623026696794,0.8194696101344524,0.9489561948355711,65,-10.893648269748812,-10.68621210123282,-11.632206582215629,-9.97430305132138,-11.07414928776224,-10.852103858456177,0.5399342001621003,224,quantile_0.40
172.205513381958,2.3463884357017513,0.17276506423950194,0.013861615241436075,0.025,absolute_error,9,1.0,20,480,0.6,,"{'learning_rate': 0.025, 'loss': 'absolute_error', 'max_depth': 9, 'max_features': 1.0, 'min_samples_leaf': 20, 'n_estimators': 480, 'subsample': 0.6}",-8.773059351899922,-9.193463419740516,-9.254873204363475,-9.186615427747105,-9.316911289810076,-9.144984538712219,0.19185724067370008,8,-13.478280808907497,-14.565854780829643,-14.312561087290005,-13.54273879414406,-14.197620923567072,-14.019411278947654,0.4327435341377847,92,-0.46239806704922987,-0.42779291553133514,-0.472809667673716,-0.4341669177463091,-0.5084388185654009,-0.4611212773131982,0.029032793768866534,260,1.405734163667068,-0.16791577117194484,1.8818573425105323,-0.3519788378982056,1.6648468288201719,0.8865087451855242,0.9499249014504791,49,-11.006526887668944,-10.54896811154352,-11.777181504841202,-10.174239709128555,-10.799488274337628,-10.86128089750397,0.5354163836223491,231,quantile_0.40
104.98198595046998,0.9693580864908017,0.08606386184692383,0.0047720326173828044,0.03,absolute_error,6,1.0,5,400,0.6,,"{'learning_rate': 0.03, 'loss': 'absolute_error', 'max_depth': 6, 'max_features': 1.0, 'min_samples_leaf': 5, 'n_estimators': 400, 'subsample': 0.6}",-8.93730800115028,-9.396244674908788,-9.565460296570151,-9.43993753096754,-9.297517478933543,-9.327293596506061,0.21313923428875084,143,-13.640132889781047,-14.707274706266302,-14.798075858703367,-13.896026218200356,-14.19682672403655,-14.247667279397524,0.4493379181779263,240,-0.49743279975838117,-0.420829548894944,-0.4779456193353474,-0.4377824645977704,-0.5036166365280289,-0.4675214138228944,0.03277424453056154,312,1.7189255628504823,-0.19237737762729926,1.8655823959393112,-0.3396015831648644,1.7107899630159393,0.9526637922027138,0.9976373940521825,31,-10.711229304920012,-10.935386216877973,-11.958518113845235,-10.393673437975597,-10.929253169475876,-10.98561204861894,0.5249614039139582,274,quantile_0.40
102.65658864974975,1.2389723172011249,0.0792078971862793,0.0007041547166557406,0.03,absolute_error,6,1.0,10,400,0.6,,"{'learning_rate': 0.03, 'loss': 'absolute_error', 'max_depth': 6, 'max_features': 1.0, 'min_samples_leaf': 10, 'n_estimators': 400, 'subsample': 0.6}",-8.886373943221978,-9.303758029439816,-9.54116674985043,-9.40159487088335,-9.248932778879366,-9.276365274454989,0.21881426665977424,97,-13.605299026188227,-14.646025098581356,-14.805065346447114,-13.87659529334436,-14.19618414914803,-14.225833782741816,0.4516591532647894,236,-0.47357293868921774,-0.4211323039660914,-0.47945619335347434,-0.44380837601687256,-0.5066305003013863,-0.46492006246540846,0.029627700186495506,299,1.6349349421079264,-0.15033670707510755,1.915745258157427,-0.24136974033411138,1.757517940121644,0.9832983385955558,0.967310067408252,19,-11.108435497234474,-10.86763142622956,-11.94781939083365,-10.32002281340561,-10.86240436812771,-11.0212626991662,0.5304115975999727,280,quantile_0.40
102.53420753479004,2.18212488153258,0.09070930480957032,0.011854423847302996,0.03,absolute_error,6,1.0,15,400,0.6,,"{'learning_rate': 0.03, 'loss': 'absolute_error', 'max_depth': 6, 'max_features': 1.0, 'min_samples_leaf': 15, 'n_estimators': 400, 'subsample': 0.6}",-8.871534272163078,-9.285869660506975,-9.531412583084952,-9.33281737020399,-9.273599927133201,-9.25904676261844,0.21481267905288412,76,-13.633002245268736,-14.624271615268166,-14.768540700872606,-13.86844193422558,-14.239165399510691,-14.226684379029155,0.43188789865411037,237,-0.4781032920567804,-0.41477444747199516,-0.48036253776435045,-0.4326604398915336,-0.49909584086799275,-0.4609993116105304,0.031807722114562585,259,1.7643161395545128,-0.18038214810023412,1.875029595389276,-0.1760247984401509,1.9125286378213997,1.0390934852449607,0.9951139942731931,4,-11.12296295426309,-10.97643257426258,-11.872743273820658,-10.581961889165804,-11.206393290615749,-11.152098796425577,0.4192946378924187,313,quantile_0.40
101.63139028549195,3.0000597359426373,0.08198871612548828,0.00527019419191553,0.03,absolute_error,6,1.0,20,400,0.6,,"{'learning_rate': 0.03, 'loss': 'absolute_error', 'max_depth': 6, 'max_features': 1.0, 'min_samples_leaf': 20, 'n_estimators': 400, 'subsample': 0.6}",-8.813867448078142,-9.235349826896853,-9.427515815644309,-9.260064653854418,-9.190901244499898,-9.185539797794723,0.20236425921532364,22,-13.607537982479142,-14.640630811109373,-14.71642289285352,-13.806539253124654,-14.221328582212681,-14.198491904355873,0.4397986480551155,226,-0.47025067955300515,-0.4144716924008477,-0.48942598187311176,-0.4296474841819825,-0.49156118143459915,-0.45907140388870926,0.031486071745072605,242,1.7016025614354984,-0.12909601205669002,1.8926996919059325,-0.15383873321792946,1.9156735970835703,1.0454082210300764,0.971957727945867,2,-11.180706872671696,-10.985374854060282,-11.564788064812129,-10.597322521245617,-11.297245654314517,-11.125087593420847,0.32376659112531253,309,quantile_0.40
119.9492314338684,1.345983178066455,0.11718692779541015,0.002736969793089315,0.03,absolute_error,7,1.0,5,400,0.6,,"{'learning_rate': 0.03, 'loss': 'absolute_error', 'max_depth': 7, 'max_features': 1.0, 'min_samples_leaf': 5, 'n_estimators': 400, 'subsample': 0.6}",-8.948890344486966,-9.313598443868123,-9.524623915464785,-9.364946045533477,-9.359642961929794,-9.30234034225663,0.1906130619856108,128,-13.62537237913457,-14.55347676940113,-14.654187375432748,-13.736737669110314,-14.171140893622043,-14.148183017340159,0.41555955961874863,219,-0.48867411658109333,-0.4214350590372389,-0.48429003021148037,-0.4416993070201868,-0.5144665461121157,-0.47011301179242293,0.03373312962711343,318,1.6248544752865626,-0.16780804558866258,1.8578796509062585,-0.28455032750901066,1.7571726029054682,0.9575096712001233,0.9700029893101197,29,-10.818809980924028,-10.850770720372509,-11.751742609073036,-10.27893362487149,-10.804216181641298,-10.900894623376473,0.4752630416307272,246,quantile_0.40
119.67797617912292,3.035474697299783,0.1169290542602539,0.007893984699954351,0.03,absolute_error,7,1.0,10,400,0.6,,"{'learning_rate': 0.03, 'loss': 'absolute_error', 'max_depth': 7, 'max_features': 1.0, 'min_samples_leaf': 10, 'n_estimators': 400, 'subsample': 0.6}",-8.87458465634734,-9.262743098759266,-9.404958894731115,-9.439024355595915,-9.357074593149816,-9.26767711971669,0.20530177718245932,84,-13.509266448721025,-14.592026602469678,-14.52643223591162,-13.904965270892541,-14.228615665550343,-14.152261244709042,0.4034414714576067,220,-0.4753850800362428,-0.40902210112019377,-0.47371601208459213,-0.4410967158782766,-0.5027124773960217,-0.4603864773030654,0.032263040469829744,252,1.5699669393047109,-0.15822759473663778,1.8184510330277284,-0.3595265202438439,1.7183618623492978,0.917805143940251,0.9661047271683153,39,-10.985359063914848,-11.129613142038023,-11.846137391862811,-10.291958099567461,-11.015676906278793,-11.053748920732385,0.49398112823587337,291,quantile_0.40
119.54152417182922,1.5085627992525228,0.11056294441223144,0.005423097687962931,0.03,absolute_error,7,1.0,15,400,0.6,,"{'learning_rate': 0.03, 'loss': 'absolute_error', 'max_depth': 7, 'max_features': 1.0, 'min_samples_leaf': 15, 'n_estimators': 400, 'subsample': 0.6}",-8.824257280742884,-9.219088501859144,-9.380654589581784,-9.333732326791521,-9.32349428947273,-9.216245397689613,0.20297716755630493,39,-13.524182749979355,-14.639474333424234,-14.53590957684763,-13.764857192470133,-14.270633135958079,-14.147011397735886,0.4342812986930983,218,-0.46511627906976744,-0.42204056917953375,-0.4845921450151057,-0.45344983428743596,-0.5093429776974081,-0.46690836104985023,0.029362817143833524,308,1.5874947398478771,-0.0925716067493196,1.8736523552975388,-0.19528296218367583,1.8542256727066144,1.0055036397838069,0.9444980288474882,7,-11.19263342213507,-10.812369191014255,-11.61214338764045,-10.076582538582537,-10.972684862281382,-10.933282680330738,0.5056129752915852,257,quantile_0.40
116.44795355796813,1.963578009689658,0.10428214073181152,0.004452027212331796,0.03,absolute_error,7,1.0,20,400,0.6,,"{'learning_rate': 0.03, 'loss': 'absolute_error', 'max_depth': 7, 'max_features': 1.0, 'min_samples_leaf': 20, 'n_estimators': 400, 'subsample': 0.6}",-8.813997305156983,-9.221125188449154,-9.366471566151956,-9.212751539851576,-9.191303559621984,-9.161129831846331,0.18430459372057487,13,-13.59189502815135,-14.620603121148934,-14.539127306662863,-13.695747699990102,-14.136685431324713,-14.116811717455594,0.42080485675430296,209,-0.4723648444578677,-0.4262791401755979,-0.48308157099697885,-0.42633323290147634,-0.5078360458107294,-0.46317896686853005,0.03223027775049166,288,1.6581076973274027,-0.166914959933711,1.9200864349352118,-0.223874587231948,1.8270436562460863,1.0028896482686085,0.9821592311864652,11,-11.084763319445587,-10.620048432097482,-11.681834578986406,-10.542078659273692,-10.848331175741917,-10.955411233109016,0.4096830490163591,268,quantile_0.40
139.3093656539917,2.3390916543129547,0.13903336524963378,0.018794521078330535,0.03,absolute_error,8,1.0,5,400,0.6,,"{'learning_rate': 0.03, 'loss': 'absolute_error', 'max_depth': 8, 'max_features': 1.0, 'min_samples_leaf': 5, 'n_estimators': 400, 'subsample': 0.6}",-8.98943048645183,-9.347099844761445,-9.49396367487045,-9.376546539458305,-9.431329967290528,-9.327674102566512,0.1763923912977046,145,-13.569139846341224,-14.599447400952588,-14.533198788600792,-13.657401075929242,-14.182901359674053,-14.10841769429958,0.42926298574274996,206,-0.47025067955300515,-0.4087193460490463,-0.49244712990936557,-0.42392286833383547,-0.5018083182640145,-0.4594296684218534,0.03697422522533461,245,1.4082169433308083,-0.17986933110253917,1.7942806200969679,-0.4607040335470356,1.6115253890037256,0.8346899175563853,0.9550494095060725,62,-11.055430520234527,-11.214578661709394,-11.461376876178575,-10.515878207931593,-11.003061282938239,-11.050065109798465,0.31107422632544046,290,quantile_0.40
136.38510642051696,1.8638892415299286,0.13915843963623048,0.014709339775163154,0.03,absolute_error,8,1.0,10,400,0.6,,"{'learning_rate': 0.03, 'loss': 'absolute_error', 'max_depth': 8, 'max_features': 1.0, 'min_samples_leaf': 10, 'n_estimators': 400, 'subsample': 0.6}",-8.939445152134988,-9.284665070063133,-9.410667138490428,-9.33834570099986,-9.388579759203509,-9.272340564178384,0.17203122885840327,90,-13.52454453063037,-14.615357880848073,-14.326530471193177,-13.694363979970472,-14.197801183182829,-14.071719609164987,0.40451589501701685,166,-0.47025067955300515,-0.4099303663336361,-0.4827794561933535,-0.4251280506176559,-0.5069318866787221,-0.4590040878752745,0.03617912079472219,241,1.432872274307467,-0.24376111273795054,1.8333331498410952,-0.4080552791899171,1.6696770026708947,0.8568132069783179,0.9754321010433319,56,-11.02849807288085,-11.027365498908814,-11.645069134661245,-10.503059500349822,-10.907043976188845,-11.022207236597916,0.3662786029649637,281,quantile_0.40
132.93300046920777,2.7920629917925153,0.14739303588867186,0.01997366210459788,0.03,absolute_error,8,1.0,15,400,0.6,,"{'learning_rate': 0.03, 'loss': 'absolute_error', 'max_depth': 8, 'max_features': 1.0, 'min_samples_leaf': 15, 'n_estimators': 400, 'subsample': 0.6}",-8.790167530674633,-9.216302801524941,-9.367050203542378,-9.29962407247761,-9.343195280702718,-9.203267977784455,0.21284297056421422,32,-13.409899103932267,-14.545384205372455,-14.44243203549322,-13.695661807789826,-14.223846995684667,-14.063444829654486,0.43909272043743425,153,-0.47055270311084263,-0.42052679382379654,-0.4873111782477341,-0.44923169629406445,-0.5117540687160941,-0.46787528803850637,0.03130409938324502,313,1.3648745679381329,-0.1824762459571463,1.9129218485464485,-0.15151267528034304,1.7174527574961596,0.9322520505486503,0.9146125738727008,35,-10.790546979623514,-10.741083194039032,-11.573684901554252,-10.181952289502926,-10.806604885378055,-10.818774450019555,0.44326359507763363,204,quantile_0.40
130.44719047546386,0.8146759428810405,0.1348097324371338,0.015346848216088322,0.03,absolute_error,8,1.0,20,400,0.6,,"{'learning_rate': 0.03, 'loss': 'absolute_error', 'max_depth': 8, 'max_features': 1.0, 'min_samples_leaf': 20, 'n_estimators': 400, 'subsample': 0.6}",-8.833594904775211,-9.237661276097043,-9.343424823424975,-9.204084202384921,-9.27383717089725,-9.17852047551588,0.17855167551907264,21,-13.593772980333377,-14.66283536702895,-14.426655017849843,-13.5671263472655,-14.190458267916807,-14.088169596078895,0.44072444502978986,186,-0.45182724252491696,-0.4217378141083863,-0.5039274924471299,-0.42633323290147634,-0.5102471368294154,-0.46281458376226503,0.037627197568487016,284,1.4426073049986727,-0.1256703226174997,1.8637412504082225,-0.26273529458289707,1.7077857924067315,0.925145746122646,0.9248274655109717,37,-11.371826710080658,-10.802909590575354,-11.119820055272147,-10.486338171376298,-10.761082395818846,-10.90839538462466,0.30673429721646356,251,quantile_0.40
154.632398891449,3.775498484182668,0.1537470817565918,0.019338437581655998,0.03,absolute_error,9,1.0,5,400,0.6,,"{'learning_rate': 0.03, 'loss': 'absolute_error', 'max_depth': 9, 'max_features': 1.0, 'min_samples_leaf': 5, 'n_estimators': 400, 'subsample': 0.6}",-8.98514879723444,-9.383111391286045,-9.460947998682734,-9.401309336442882,-9.49057366069001,-9.344218236867222,0.18371101271587287,153,-13.46825405359798,-14.648922992247883,-14.341093384510122,-13.63457844012529,-14.149202693756228,-14.0484103128475,0.4391528359546168,128,-0.4720628209000302,-0.40811383590675143,-0.47764350453172205,-0.4233202771919253,-0.48583484026522,-0.45339505575912986,0.031444215745412465,197,1.2413808200305751,-0.30312103348667835,1.711015780505672,-0.5725158584960629,1.446052281746364,0.704562398059974,0.9483970105809583,74,-10.831746501204247,-11.124335367882532,-11.694876694849341,-10.428030446016189,-11.25549779063396,-11.066897360117254,0.423479433351427,295,quantile_0.40
151.69678049087526,1.743339494128749,0.1463109016418457,0.00986066792524145,0.03,absolute_error,9,1.0,10,400,0.6,,"{'learning_rate': 0.03, 'loss': 'absolute_error', 'max_depth': 9, 'max_features': 1.0, 'min_samples_leaf': 10, 'n_estimators': 400, 'subsample': 0.6}",-8.89534145346382,-9.238361464213307,-9.40148891862211,-9.340626614468166,-9.460937691438843,-9.26735122844125,0.20003479691749573,83,-13.520505685813838,-14.585821544611386,-14.377366463129151,-13.611626391513786,-14.24072022505482,-14.067208062024596,0.42466523179461496,161,-0.4717607973421927,-0.41628822282773237,-0.4688821752265861,-0.4335643266043989,-0.49216395418927067,-0.45653189523803617,0.027572286369492445,222,1.2808673769370216,-0.27845587971272995,1.770730472052091,-0.4340957352696977,1.522679145654158,0.7723450759321686,0.9357405222932282,71,-10.785348091375539,-10.761661143856513,-11.913674672400646,-10.271291170277872,-11.158493773874639,-10.978093770357042,0.5461537658199395,272,quantile_0.40
147.2957552909851,2.518832246273935,0.15395421981811525,0.01973303062737774,0.03,absolute_error,9,1.0,15,400,0.6,,"{'learning_rate': 0.03, 'loss': 'absolute_error', 'max_depth': 9, 'max_features': 1.0, 'min_samples_leaf': 15, 'n_estimators': 400, 'subsample': 0.6}",-8.90908177791091,-9.294172486340981,-9.340593228911043,-9.259140988445962,-9.44668672646642,-9.249935041615062,0.18174310483005712,66,-13.583228818965122,-14.608327477350668,-14.363733546364012,-13.589258514138859,-14.323108785844372,-14.093531428532605,0.42554197087292533,192,-0.46481425551192995,-0.4262791401755979,-0.4809667673716012,-0.44441096715878275,-0.498794454490657,-0.46305311694171375,0.025695520256648913,287,1.2988372596055444,-0.17228543750639133,1.8074497272424763,-0.3995549006571756,1.6138246232065878,0.8296542543782083,0.9280062650104316,63,-10.980643253156915,-10.699429304794263,-11.589202947508843,-9.967785161142704,-11.087243703388229,-10.864860873998191,0.5328496148583273,233,quantile_0.40
145.32049469947816,1.0363677820287458,0.13862485885620118,0.00604597923885443,0.03,absolute_error,9,1.0,20,400,0.6,,"{'learning_rate': 0.03, 'loss': 'absolute_error', 'max_depth': 9, 'max_features': 1.0, 'min_samples_leaf': 20, 'n_estimators': 400, 'subsample': 0.6}",-8.73992060386409,-9.189236372232703,-9.301182985152169,-9.220048880327475,-9.317758169804113,-9.15362940227611,0.2123886463102232,12,-13.396670572037404,-14.492109387655224,-14.340766610914867,-13.582695085422236,-14.192485214761849,-14.000945374158317,0.4320855036100266,69,-0.4500151011778919,-0.41992128368150167,-0.48942598187311176,-0.4293461886110274,-0.5111512959614225,-0.459971970260991,0.03500856300477214,250,1.3121867840545178,-0.20151924001508673,1.7989437322397128,-0.4229767827617154,1.7079385680100188,0.8389146123054895,0.9566313385271633,60,-11.168633409865274,-10.701668957359331,-11.339944269928125,-10.24473062870904,-10.78515972171795,-10.848027397515944,0.38317373433900487,223,quantile_0.40
322.17285189628603,3.6798805959462446,0.22719597816467285,0.01013337717596677,0.01,huber,6,1.0,5,1200,0.6,0.8,"{'alpha': 0.8, 'learning_rate': 0.01, 'loss': 'huber', 'max_depth': 6, 'max_features': 1.0, 'min_samples_leaf': 5, 'n_estimators': 1200, 'subsample': 0.6}",-9.009274097953305,-9.457352618680783,-9.284492065078647,-9.329992438911146,-9.355434594959984,-9.287309163116774,0.15012604489449666,108,-13.498795468526888,-14.832726994992248,-14.166268396083744,-13.514165789995412,-14.142765238251137,-14.030944377569886,0.4947553800499819,107,-0.46481425551192995,-0.4150772025431426,-0.49697885196374625,-0.40584513407652906,-0.49065702230259195,-0.454674493279588,0.03778747858893368,210,1.0438299717802697,-0.28172765665929683,1.6732951848350144,-0.9698734721186217,1.4714960668866328,0.5874040189447997,1.034369960654826,98,-10.814109023680269,-11.05291365775236,-11.024399938362983,-10.29964174119688,-11.033094574940748,-10.844831787186648,0.2860635375128235,219,quantile_0.40
323.36132311820984,1.7768857226277133,0.2393887996673584,0.026794444956137576,0.01,huber,6,1.0,10,1200,0.6,0.8,"{'alpha': 0.8, 'learning_rate': 0.01, 'loss': 'huber', 'max_depth': 6, 'max_features': 1.0, 'min_samples_leaf': 10, 'n_estimators': 1200, 'subsample': 0.6}",-8.984110209766062,-9.455885469115483,-9.272890239201535,-9.325347264213828,-9.343118709586832,-9.276270378376747,0.15780228793879472,96,-13.502509758075123,-14.865248923934583,-14.156483809646426,-13.489996347015135,-14.133467927571159,-14.029541353248485,0.5087619049911608,106,-0.46481425551192995,-0.42052679382379654,-0.5090634441087614,-0.4040373606507984,-0.4960819770946353,-0.4589047662379843,0.0410274566572096,240,1.1059429915086028,-0.27077784754106726,1.7135246802346822,-0.9102781163754263,1.5621845062728965,0.6401192428199376,1.0443046326248464,83,-10.853855149259395,-10.920954094334158,-10.790811092977412,-10.413726510691895,-10.991432585122292,-10.79415588647703,0.20164204964477705,190,quantile_0.40
322.03720703125,3.8939404739137533,0.2462031364440918,0.020549981827715256,0.01,huber,6,1.0,15,1200,0.6,0.8,"{'alpha': 0.8, 'learning_rate': 0.01, 'loss': 'huber', 'max_depth': 6, 'max_features': 1.0, 'min_samples_leaf': 15, 'n_estimators': 1200, 'subsample': 0.6}",-8.966433230352003,-9.449695884005788,-9.27021597366209,-9.301329341469978,-9.319055614158554,-9.261346008729683,0.15966024182660274,78,-13.484616868820657,-14.868227331864633,-14.1570100381283,-13.491262306237326,-14.121322004100772,-14.024487709830336,0.5127622165964203,100,-0.47327091513138025,-0.42385709960641843,-0.5051359516616314,-0.4061464296474842,-0.4960819770946353,-0.4608984746283099,0.03928806535620799,258,1.1007637998222666,-0.2559165615460152,1.7251887785531421,-0.8958113613982481,1.5845958084673013,0.6517640927796894,1.0433494390045972,80,-10.635765592503828,-10.84537610788737,-10.883609368969024,-10.34789101478415,-10.989767746133834,-10.740481966055643,0.2274751892029702,166,quantile_0.40
320.33460521698,1.8373401181465119,0.24707398414611817,0.01554776541390487,0.01,huber,6,1.0,20,1200,0.6,0.8,"{'alpha': 0.8, 'learning_rate': 0.01, 'loss': 'huber', 'max_depth': 6, 'max_features': 1.0, 'min_samples_leaf': 20, 'n_estimators': 1200, 'subsample': 0.6}",-8.952187462208409,-9.456510221637817,-9.239155406363647,-9.322323479789516,-9.300058464448673,-9.254047006889612,0.16679989735362946,69,-13.484482650201215,-14.868549889327895,-14.13826634247044,-13.495536989381785,-14.100121608069045,-14.017391495890076,0.5103429385213566,86,-0.47629115070975536,-0.4232515894641235,-0.5120845921450151,-0.4118710454956312,-0.498794454490657,-0.46445856646103645,0.04012645983325147,295,1.1066860223537875,-0.2569632765737056,1.7488124594550887,-0.9154854109610749,1.5898291963350486,0.6545757981218289,1.0556942862111045,79,-10.559584688454484,-10.867705135746338,-10.728664789339238,-10.205667721449009,-10.916207630960841,-10.655565993189983,0.25686626050033695,116,quantile_0.40
382.7593725204468,5.628411947578298,0.32030434608459474,0.037458204473848,0.01,huber,7,1.0,5,1200,0.6,0.8,"{'alpha': 0.8, 'learning_rate': 0.01, 'loss': 'huber', 'max_depth': 7, 'max_features': 1.0, 'min_samples_leaf': 5, 'n_estimators': 1200, 'subsample': 0.6}",-8.934412748744792,-9.44110683520275,-9.247744922744314,-9.314603364478486,-9.385203663889202,-9.264614307011907,0.17748687645753994,82,-13.466887962242552,-14.845164010891775,-14.085349859784547,-13.47993432950629,-14.118949107358684,-13.999257053956772,0.5080176533541322,64,-0.4560555723346421,-0.40902210112019377,-0.49214501510574016,-0.40343476950888824,-0.4822182037371911,-0.44857513236133106,0.03657387743996981,159,0.9818685332494482,-0.3665156345817132,1.6555508172755053,-1.0814920056580288,1.4246596637051534,0.522814274798073,1.0650684786986595,126,-10.871790504861897,-11.093032840729565,-11.077320104194477,-10.203770201615047,-11.208477037799398,-10.890878137840076,0.3602715214195906,241,quantile_0.40
379.6946990966797,3.037137608400172,0.345429801940918,0.03119234397234946,0.01,huber,7,1.0,10,1200,0.6,0.8,"{'alpha': 0.8, 'learning_rate': 0.01, 'loss': 'huber', 'max_depth': 7, 'max_features': 1.0, 'min_samples_leaf': 10, 'n_estimators': 1200, 'subsample': 0.6}",-8.941562372675271,-9.372236613946512,-9.21858691274816,-9.281983327668978,-9.344603124708012,-9.231794470349389,0.15451719625563543,49,-13.503555340466502,-14.81471404228232,-14.086084635766339,-13.456124697994586,-14.140329310464026,-14.000161605394755,0.4966123969680225,67,-0.4614919963757173,-0.40902210112019377,-0.49969788519637465,-0.4019282916541127,-0.484629294755877,-0.45135391382045514,0.03945135170234482,180,1.0195192072091555,-0.3413755864841852,1.688210706971285,-1.0801663177739182,1.4823397802261902,0.5537055580297054,1.0804770584494285,113,-10.792258216949389,-11.039575859995585,-10.913391814169094,-10.203084953463906,-11.17033475079965,-10.823729119075526,0.3349490338509756,205,quantile_0.40
375.44062938690183,4.9658689546130415,0.30585851669311526,0.013729527590495403,0.01,huber,7,1.0,15,1200,0.6,0.8,"{'alpha': 0.8, 'learning_rate': 0.01, 'loss': 'huber', 'max_depth': 7, 'max_features': 1.0, 'min_samples_leaf': 15, 'n_estimators': 1200, 'subsample': 0.6}",-8.927882948065863,-9.35332776588875,-9.198510250696488,-9.280147721032321,-9.324087845620605,-9.216791306260806,0.15360405195597268,40,-13.494404004883986,-14.798583821829775,-14.085961498484435,-13.4854740166503,-14.139863703870006,-14.000857409143702,0.48683631282748513,68,-0.46179401993355484,-0.4211323039660914,-0.5051359516616314,-0.40584513407652906,-0.4885473176612417,-0.4564909454598097,0.03804550424141658,221,0.9870475179789462,-0.30098541127078077,1.712370166047235,-1.0400214019222196,1.5057082756719373,0.5728238293010236,1.0681978128532796,103,-10.735230468631247,-10.747622860281508,-10.799944431645251,-10.15181115557774,-11.08367166269237,-10.703656115765622,0.30369265060186884,145,quantile_0.40
373.0582215309143,2.3752777349224075,0.344605827331543,0.0371190107562673,0.01,huber,7,1.0,20,1200,0.6,0.8,"{'alpha': 0.8, 'learning_rate': 0.01, 'loss': 'huber', 'max_depth': 7, 'max_features': 1.0, 'min_samples_leaf': 20, 'n_estimators': 1200, 'subsample': 0.6}",-8.911983756662266,-9.362127858058212,-9.197407716095329,-9.277452135098496,-9.313807691946435,-9.21255583157215,0.1596297579813466,37,-13.476689225105972,-14.818602445496797,-14.089009647445174,-13.45227986416601,-14.154348802525131,-13.998185996947816,0.5051121252227901,61,-0.46572032618544246,-0.4229488343929761,-0.5018126888217522,-0.40825549864416993,-0.49276672694394213,-0.45830081499765657,0.037122843689117,238,0.9930241190247994,-0.27214988032136095,1.7129842230428292,-1.0301185726974607,1.5362807348414156,0.5880041247780445,1.0664929369666465,97,-10.634072981971423,-10.745954638677459,-10.870980529364028,-10.100701141553149,-11.009355779841616,-10.672213014281533,0.31199105093711965,128,quantile_0.40
445.42285680770874,4.224340011597711,0.38350696563720704,0.021064760943376,0.01,huber,8,1.0,5,1200,0.6,0.8,"{'alpha': 0.8, 'learning_rate': 0.01, 'loss': 'huber', 'max_depth': 8, 'max_features': 1.0, 'min_samples_leaf': 5, 'n_estimators': 1200, 'subsample': 0.6}",-8.941098549603781,-9.377116066070267,-9.300779013517706,-9.358519608306647,-9.419484229489754,-9.27939949339763,0.173399461877179,100,-13.501704620932934,-14.780447200397866,-14.132005140403344,-13.489967473481293,-14.101940526221812,-14.00121299228745,0.47861031471194865,70,-0.44820295983086683,-0.41840750832576445,-0.48308157099697885,-0.38806869539017774,-0.47528631705846897,-0.4426094103204514,0.03548939409227221,115,0.9643768369865168,-0.3735256628010268,1.548501327352758,-1.1679503473983184,1.2716585490167513,0.44861214063133625,1.0432985843914877,152,-11.050211928908514,-10.759355680896633,-11.229242629231155,-10.552988888569386,-11.24705508531534,-10.967770842584205,0.271530722078439,271,quantile_0.40
438.494541311264,2.1653370882837826,0.4061409950256348,0.021554941852137934,0.01,huber,8,1.0,10,1200,0.6,0.8,"{'alpha': 0.8, 'learning_rate': 0.01, 'loss': 'huber', 'max_depth': 8, 'max_features': 1.0, 'min_samples_leaf': 10, 'n_estimators': 1200, 'subsample': 0.6}",-8.937060815706408,-9.346475403653418,-9.240259184951558,-9.252602660515937,-9.357664880522506,-9.226812589069965,0.15247527030028965,45,-13.538019381325713,-14.798149152670023,-14.099759443911816,-13.394186773471372,-14.124623662405478,-13.990947682756882,0.4985079957270854,52,-0.4584717607973422,-0.4141689373297003,-0.4836858006042296,-0.3986140403736065,-0.4810126582278481,-0.4471906394665453,0.034794276050770886,146,0.9795371513906762,-0.3525143613158978,1.5787587693198264,-1.0798480617438373,1.3387072872924757,0.4929281569886486,1.031460794730807,135,-10.814840536580515,-10.85784112676931,-11.183931739112516,-10.251463534892139,-11.118597384965573,-10.84533486446401,0.32957236393544315,221,quantile_0.40
425.07641315460205,1.958459156399841,0.3843958854675293,0.016727362339065015,0.01,huber,8,1.0,15,1200,0.6,0.8,"{'alpha': 0.8, 'learning_rate': 0.01, 'loss': 'huber', 'max_depth': 8, 'max_features': 1.0, 'min_samples_leaf': 15, 'n_estimators': 1200, 'subsample': 0.6}",-8.955244155277882,-9.325432113627153,-9.216895556724317,-9.19957775510358,-9.31556840514566,-9.202543597175717,0.13360238292585933,31,-13.570269438808461,-14.820666500157857,-14.087111101721382,-13.391305331189038,-14.106674194141467,-13.995205313203641,0.4995045229372196,59,-0.46511627906976744,-0.420829548894944,-0.49516616314199396,-0.4061464296474842,-0.4843279083785413,-0.4543172658265462,0.0350078460028035,207,0.9734904229285712,-0.30746437439795093,1.5944223205750554,-1.0042423372123852,1.4708114777113712,0.5454035019209323,1.02653442774071,116,-10.673389671571938,-10.714513468587787,-10.916858503313277,-10.089138817500325,-11.135410221319114,-10.705862136458489,0.3494303886909505,147,quantile_0.40
418.2388919830322,6.09120227154373,0.4056295871734619,0.02237354230506265,0.01,huber,8,1.0,20,1200,0.6,0.8,"{'alpha': 0.8, 'learning_rate': 0.01, 'loss': 'huber', 'max_depth': 8, 'max_features': 1.0, 'min_samples_leaf': 20, 'n_estimators': 1200, 'subsample': 0.6}",-8.926821134375018,-9.336291071631088,-9.159290850165293,-9.236661720002202,-9.33210282348912,-9.198233519932543,0.15075730107622684,28,-13.560297552963423,-14.836354146649086,-14.039481257377096,-13.429367644435173,-14.141482584759352,-14.001396637236827,0.4979988201313222,71,-0.4608879492600423,-0.4211323039660914,-0.49667673716012084,-0.40554383850557396,-0.4912597950572634,-0.4551001247898184,0.036549346708081305,214,0.9519426595366591,-0.35352171767734347,1.6480496829556512,-1.0700664301985119,1.4391927484175535,0.5231193886068016,1.0578552498200475,124,-10.717099253486753,-10.665020552160033,-10.879652422332825,-10.068696050096007,-10.962932118891516,-10.658680079393427,0.31398478823202347,118,quantile_0.40
508.483616733551,3.8474941743613815,0.44470763206481934,0.011818588878615833,0.01,huber,9,1.0,5,1200,0.6,0.8,"{'alpha': 0.8, 'learning_rate': 0.01, 'loss': 'huber', 'max_depth': 9, 'max_features': 1.0, 'min_samples_leaf': 5, 'n_estimators': 1200, 'subsample': 0.6}",-8.995861415746075,-9.394188086187553,-9.369031490601381,-9.36626683248164,-9.440170619438712,-9.313103688891072,0.16082138106266594,137,-13.56504612145032,-14.780787590200081,-14.154943444487248,-13.491792906993068,-14.102918947629378,-14.019097802152018,0.46687573023106244,90,-0.4479009362730293,-0.405086285195277,-0.4637462235649547,-0.3865622175354022,-0.4674502712477396,-0.4341491867632806,0.03250608963780821,86,0.8661590898058044,-0.43863773252621874,1.486374769629144,-1.1497741267584611,1.1748192515848956,0.3877882503470328,1.0101709524591036,160,-11.009153706635963,-11.053879976884675,-11.704037368522165,-10.627645865274834,-11.354138101887921,-11.149771003841112,0.3607104344007033,312,quantile_0.40
487.4580859184265,4.017275748618388,0.48616704940795896,0.03614673310812732,0.01,huber,9,1.0,10,1200,0.6,0.8,"{'alpha': 0.8, 'learning_rate': 0.01, 'loss': 'huber', 'max_depth': 9, 'max_features': 1.0, 'min_samples_leaf': 10, 'n_estimators': 1200, 'subsample': 0.6}",-8.92521009402725,-9.330739050433962,-9.252680462561303,-9.315706203839683,-9.432354918421781,-9.251338145856796,0.17296018645357353,68,-13.57287783129803,-14.794284504033543,-14.093312629227066,-13.485248768165295,-14.176759621627959,-14.024496670870377,0.4722797533692294,101,-0.4533373603141045,-0.4108386315470784,-0.47854984894259817,-0.3977101536607412,-0.47588908981314043,-0.4432650168555325,0.03327917558886236,120,0.8945724241018389,-0.3961897029004306,1.5395381503349095,-1.1185901196239132,1.2741054879030418,0.43868724796308933,1.023695263384778,153,-10.830546274991809,-10.873550661349759,-11.275960735065171,-10.305389501330357,-11.248902985492643,-10.906870031645948,0.3526836581082407,248,quantile_0.40
473.3854513168335,4.6219655446985,0.44692015647888184,0.013268505210827638,0.01,huber,9,1.0,15,1200,0.6,0.8,"{'alpha': 0.8, 'learning_rate': 0.01, 'loss': 'huber', 'max_depth': 9, 'max_features': 1.0, 'min_samples_leaf': 15, 'n_estimators': 1200, 'subsample': 0.6}",-8.921739398512695,-9.329428324310024,-9.225122224296975,-9.234132481247856,-9.302263655602099,-9.20253721679393,0.14587835604732308,30,-13.58788036997528,-14.816045457166028,-14.087603127108185,-13.41896953711966,-14.049294585988662,-13.99195861547156,0.48644632204781285,54,-0.4515252189670794,-0.4135634271874054,-0.47945619335347434,-0.4019282916541127,-0.4831223628691983,-0.44591909880625397,0.03323350342852111,132,0.8868542761804917,-0.3901802956936707,1.5983540722937783,-1.0869254224041918,1.358091916759313,0.4732389094271442,1.0391854610224185,143,-10.86162329662513,-10.8075901312298,-11.28724213664631,-10.135150010607994,-11.032769740828188,-10.824875063187484,0.3832423142868128,207,quantile_0.40
462.0310698032379,5.164345524791475,0.44002456665039064,0.021713288397160385,0.01,huber,9,1.0,20,1200,0.6,0.8,"{'alpha': 0.8, 'learning_rate': 0.01, 'loss': 'huber', 'max_depth': 9, 'max_features': 1.0, 'min_samples_leaf': 20, 'n_estimators': 1200, 'subsample': 0.6}",-8.933782565381627,-9.28668943402485,-9.22624127735989,-9.208848749223266,-9.325295877833327,-9.196171580764592,0.13768039693394654,26,-13.644714716805058,-14.815867294661393,-14.116900956124564,-13.40267651869543,-14.108646563057558,-14.0177612098688,0.4842633627682072,88,-0.4645122319540924,-0.42022403875264913,-0.48761329305135953,-0.40584513407652906,-0.4864376130198915,-0.45292646217090426,0.03390133767797066,192,0.9019811638963673,-0.3430297433113222,1.6208246110843858,-1.071204724192614,1.3740312524778207,0.49652051199092756,1.0354796178096994,131,-10.587195613666918,-10.641537449001005,-11.122610932698436,-10.025553273599384,-10.997635507550305,-10.67490655530321,0.38342132886813074,131,quantile_0.40
217.48823251724244,1.526563789384952,0.16925039291381835,0.015715990250756668,0.015,huber,6,1.0,5,800,0.6,0.8,"{'alpha': 0.8, 'learning_rate': 0.015, 'loss': 'huber', 'max_depth': 6, 'max_features': 1.0, 'min_samples_leaf': 5, 'n_estimators': 800, 'subsample': 0.6}",-9.028074169821986,-9.483442626022825,-9.3100421300698,-9.390505164459631,-9.413075227564995,-9.325027863587847,0.15845562195161883,141,-13.568012656120311,-14.849423688100002,-14.161397201514113,-13.500354809242877,-14.198553619421412,-14.055548394879745,0.49149231110928077,141,-0.46572032618544246,-0.41992128368150167,-0.4987915407854985,-0.4040373606507984,-0.4924653405666064,-0.4561871703739694,0.03809707669144282,218,1.077769698449778,-0.3203694427043535,1.6566726166651005,-1.0324902326948484,1.494465979843032,0.5752097239117417,1.0633834467988073,102,-10.8496916497561,-10.91046529361965,-10.993284618925655,-10.34312138647551,-11.074425252809007,-10.834197640317184,0.2569944275357833,213,quantile_0.40
216.20067930221558,2.2743706846482334,0.15208678245544432,0.0032420665425889968,0.015,huber,6,1.0,10,800,0.6,0.8,"{'alpha': 0.8, 'learning_rate': 0.015, 'loss': 'huber', 'max_depth': 6, 'max_features': 1.0, 'min_samples_leaf': 10, 'n_estimators': 800, 'subsample': 0.6}",-9.022662671998564,-9.443280348058085,-9.316878251041071,-9.370589580146351,-9.344768374096756,-9.299635845068167,0.14471804317448528,125,-13.563094469476214,-14.809372783858258,-14.212326748117556,-13.477110196511425,-14.159711694298819,-14.044323178452453,0.4858296501792357,122,-0.4669284204167925,-0.42567363003330305,-0.5036253776435046,-0.4106658632118108,-0.4924653405666064,-0.45987172637440354,0.03637925062237306,247,1.0814649545684651,-0.3108038656812964,1.7345194364502095,-0.969132575757286,1.4600038134646691,0.5992103526089523,1.0535926174439878,94,-10.819782202963594,-10.727087418666619,-10.971843534971846,-10.229066690230121,-10.970083879537574,-10.743572745273951,0.27357301602539597,169,quantile_0.40
212.07999200820922,1.5743406381509744,0.16038498878479004,0.010469899745221053,0.015,huber,6,1.0,15,800,0.6,0.8,"{'alpha': 0.8, 'learning_rate': 0.015, 'loss': 'huber', 'max_depth': 6, 'max_features': 1.0, 'min_samples_leaf': 15, 'n_estimators': 800, 'subsample': 0.6}",-9.011151086340146,-9.452725287180838,-9.28902387025136,-9.322722224155486,-9.340921466731539,-9.283308786931872,0.14674949174209165,105,-13.573686913675314,-14.847143581453325,-14.174289287755672,-13.449954639600472,-14.15266372749762,-14.03954762999648,0.49956138521596066,115,-0.4696466324373301,-0.4320314865273993,-0.5039274924471299,-0.4154865923470925,-0.49005424954792043,-0.46222929066137447,0.03365938962143785,276,1.0988483221724374,-0.2744567289754235,1.7276348454606243,-0.9327825835255384,1.511687264050671,0.6261862238365541,1.0452035292974273,86,-10.76341094584732,-10.622221810705147,-10.930797466728619,-10.09652272199086,-11.0728646275324,-10.69716351456087,0.3366037708408953,143,quantile_0.40
212.7819441318512,2.131474942341133,0.17008228302001954,0.009210635576090032,0.015,huber,6,1.0,20,800,0.6,0.8,"{'alpha': 0.8, 'learning_rate': 0.015, 'loss': 'huber', 'max_depth': 6, 'max_features': 1.0, 'min_samples_leaf': 20, 'n_estimators': 800, 'subsample': 0.6}",-8.970382245223197,-9.455784021730649,-9.292300966686938,-9.293355178341956,-9.352552249409879,-9.272874932278523,0.1625440536488883,92,-13.537949357454563,-14.840735874297481,-14.191855201269403,-13.45249073483921,-14.181754521105377,-14.040957137793209,0.5062706174684874,116,-0.47085472666868017,-0.4305177111716621,-0.5057401812688822,-0.41729436577282314,-0.4984930681133213,-0.4645800105990737,0.03543952491273992,296,1.0829554879379744,-0.24551990468375187,1.750880589311443,-0.9580196064434809,1.519938517313526,0.6300470166871421,1.052793797192974,85,-10.67562579682381,-10.696730794165225,-10.917840785649533,-9.987356954198933,-10.905358030226196,-10.63658247221274,0.3399948571768211,108,quantile_0.40
253.25500140190124,2.1074236593793474,0.20540781021118165,0.009654895673308305,0.015,huber,7,1.0,5,800,0.6,0.8,"{'alpha': 0.8, 'learning_rate': 0.015, 'loss': 'huber', 'max_depth': 7, 'max_features': 1.0, 'min_samples_leaf': 5, 'n_estimators': 800, 'subsample': 0.6}",-9.01824748589263,-9.451982635315996,-9.241291307854388,-9.306300096071492,-9.424424442216683,-9.288449193470239,0.15542454024437066,111,-13.59525982102121,-14.82604769766902,-14.085530412099939,-13.423044248524555,-14.2018857817095,-14.026353592204845,0.4947015487351161,103,-0.44880700694654185,-0.41689373297002724,-0.4909365558912387,-0.40132570051220245,-0.4864376130198915,-0.4488801218679804,0.035955155945661725,163,0.98138825866326,-0.3754928666971568,1.6320536494508329,-1.0596967145441132,1.43688845942494,0.5230281572595527,1.0571215849731652,125,-11.14024022551297,-10.885855376088609,-11.074083633440086,-10.274202936670186,-11.1641376107952,-10.907703956501411,0.33145570894216253,250,quantile_0.40
249.91588897705077,3.1249411970937055,0.21188020706176758,0.01540483195741149,0.015,huber,7,1.0,10,800,0.6,0.8,"{'alpha': 0.8, 'learning_rate': 0.015, 'loss': 'huber', 'max_depth': 7, 'max_features': 1.0, 'min_samples_leaf': 10, 'n_estimators': 800, 'subsample': 0.6}",-9.004203552280714,-9.42714221802935,-9.250423355430597,-9.327951687534702,-9.380617375240321,-9.278067637703135,0.14899251069943337,99,-13.590057527767836,-14.812095515496951,-14.129265019003187,-13.503698119119516,-14.20970357867501,-14.0489639520125,0.47382807153210565,131,-0.46330413772274237,-0.41901301846805933,-0.5009063444108761,-0.40072310937029226,-0.4831223628691983,-0.4534137945682337,0.037935951053547565,200,0.9771223920660363,-0.34020664147196505,1.697289914153124,-1.0532863791346843,1.4933917389091118,0.5548622049043245,1.072527158707004,111,-10.771893807604982,-10.843261636332745,-10.927904379469878,-10.324666976909647,-11.253887161805308,-10.824322792424512,0.29933863928733584,206,quantile_0.40
248.61472029685973,3.008536832775975,0.21005983352661134,0.01592737089556296,0.015,huber,7,1.0,15,800,0.6,0.8,"{'alpha': 0.8, 'learning_rate': 0.015, 'loss': 'huber', 'max_depth': 7, 'max_features': 1.0, 'min_samples_leaf': 15, 'n_estimators': 800, 'subsample': 0.6}",-8.944367358851993,-9.419879187216537,-9.233374599971398,-9.288650721331432,-9.344362589395331,-9.246126891353338,0.16301522946918567,64,-13.55349762207762,-14.859474086457801,-14.110809860036886,-13.46902767254439,-14.165798800829732,-14.031721608389287,0.5009447986655605,108,-0.4599818785865297,-0.4259763851044505,-0.4981873111782477,-0.40855679421512503,-0.4984930681133213,-0.4582390874395349,0.03668376502744606,237,0.9525295378711703,-0.31457373867667643,1.7003273039024989,-1.0265882648224742,1.5329344797667988,0.5689258636082635,1.0660929125827177,105,-10.757920428447273,-10.687570681068644,-10.9734849308134,-10.111277762962107,-10.910178861995147,-10.688086533057316,0.30605968186683047,137,quantile_0.40
246.29088153839112,1.3792524048210528,0.2333890438079834,0.043801539738375556,0.015,huber,7,1.0,20,800,0.6,0.8,"{'alpha': 0.8, 'learning_rate': 0.015, 'loss': 'huber', 'max_depth': 7, 'max_features': 1.0, 'min_samples_leaf': 20, 'n_estimators': 800, 'subsample': 0.6}",-8.946091026376417,-9.426032562842424,-9.2142267937767,-9.29162238954791,-9.34626682559823,-9.244847919628336,0.16461765098248995,62,-13.576270431504698,-14.873875802939494,-14.090091194988137,-13.491961944298083,-14.17461098504225,-14.04136207175453,0.4962579262509416,118,-0.4699486559951676,-0.42355434453527097,-0.5078549848942598,-0.41036456764085566,-0.497588908981314,-0.4618622924093736,0.03892716967977098,269,1.0677050358883753,-0.3269081437620901,1.712538540602368,-1.0156033193147047,1.5317223830965148,0.5938908993020927,1.0764518373694691,96,-10.654138419716816,-10.741389548328213,-10.75776123045649,-10.083739828966229,-10.930699029209315,-10.633545611335412,0.2891610107249956,104,quantile_0.40
296.45545134544375,3.1003799598604016,0.2708758354187012,0.023283546154564193,0.015,huber,8,1.0,5,800,0.6,0.8,"{'alpha': 0.8, 'learning_rate': 0.015, 'loss': 'huber', 'max_depth': 8, 'max_features': 1.0, 'min_samples_leaf': 5, 'n_estimators': 800, 'subsample': 0.6}",-9.0037708690621,-9.445841908893241,-9.301845281966674,-9.289856079908988,-9.436962194461694,-9.295655266858539,0.1598700245622098,121,-13.56416540121471,-14.909746542578505,-14.13421135872758,-13.435106158590443,-14.19381768985639,-14.047409430193525,0.5255540574766254,126,-0.45756569012382964,-0.4102331214047835,-0.4854984894259819,-0.40102440494124736,-0.47739602169981915,-0.44634354551913225,0.03458638365387639,138,0.9566199413646419,-0.40297619435622606,1.5658180295877178,-1.1010356805050752,1.3193773621587341,0.4675606916499585,1.0381973626298189,145,-10.884110222218794,-11.021618249120205,-11.19227304332453,-10.209877875890902,-11.265635937142228,-10.914703065539332,0.37665482857508753,253,quantile_0.40
289.0619359970093,2.708997430549869,0.26193947792053224,0.020779054458268626,0.015,huber,8,1.0,10,800,0.6,0.8,"{'alpha': 0.8, 'learning_rate': 0.015, 'loss': 'huber', 'max_depth': 8, 'max_features': 1.0, 'min_samples_leaf': 10, 'n_estimators': 800, 'subsample': 0.6}",-8.986172333929497,-9.406367484083743,-9.280201670397453,-9.282197715178937,-9.4187704704326,-9.274741934804446,0.15583793903997353,94,-13.605565949319834,-14.85712954382922,-14.154932522732308,-13.484938012145253,-14.210361221102648,-14.062585449825852,0.490756429171989,151,-0.4614919963757173,-0.4123524069028156,-0.48338368580060426,-0.40042181379933717,-0.4810126582278481,-0.4477325122212645,0.034807906393563716,148,0.9387357344643694,-0.4144395337959648,1.5563769798265368,-1.1179303829176734,1.4070433678197782,0.47395723307940935,1.0565657855242125,142,-10.753066300540608,-10.903207789941458,-11.20908604132544,-10.194583625197566,-11.253148595025497,-10.862618470406114,0.3827462034114408,232,quantile_0.40
283.05536551475524,2.1556081194463887,0.2530722141265869,0.0077340112334635825,0.015,huber,8,1.0,15,800,0.6,0.8,"{'alpha': 0.8, 'learning_rate': 0.015, 'loss': 'huber', 'max_depth': 8, 'max_features': 1.0, 'min_samples_leaf': 15, 'n_estimators': 800, 'subsample': 0.6}",-8.956579753475701,-9.3668273061813,-9.251255387535608,-9.27925963545192,-9.420815663954068,-9.25494754931972,0.16103252009163685,72,-13.58342028869993,-14.863998999291812,-14.113731804401091,-13.478563584783547,-14.240720522312131,-14.056087039897701,0.4994159338126906,142,-0.46602234974328,-0.4178019981834696,-0.48851963746223565,-0.40825549864416993,-0.49909584086799275,-0.4559390649802296,0.03675277405116672,217,0.9785103930103982,-0.36991244447427823,1.5970181813799385,-1.0561265774269868,1.5138948958181602,0.5326768896614464,1.0614464316864363,119,-10.659456732020569,-10.766960068195033,-11.103211352229579,-10.071062221248988,-10.954519818032686,-10.711042038345372,0.35452510098312806,148,quantile_0.40
276.9993708610535,3.4505015794543756,0.2603703498840332,0.021203374822297047,0.015,huber,8,1.0,20,800,0.6,0.8,"{'alpha': 0.8, 'learning_rate': 0.015, 'loss': 'huber', 'max_depth': 8, 'max_features': 1.0, 'min_samples_leaf': 20, 'n_estimators': 800, 'subsample': 0.6}",-8.97264240376308,-9.387688699724563,-9.226829912059591,-9.280487779663328,-9.356023687161395,-9.244734496474393,0.14727808153865632,61,-13.633887905262059,-14.908513969197443,-14.135607024644088,-13.488208732130511,-14.206933940471265,-14.074630314341073,0.5009448076916868,173,-0.46481425551192995,-0.42022403875264913,-0.4930513595166163,-0.41217234106658635,-0.5,-0.4580523989695564,0.036238696790485025,233,0.9188496029166028,-0.36044263850780234,1.6478463884766295,-1.0137652418579013,1.4616805780503028,0.5308337378155663,1.0435429076259763,120,-10.640263168978697,-10.740991981339684,-11.027934606242306,-10.028235417754464,-10.817704265211697,-10.65102588790537,0.3364281698125693,114,quantile_0.40
337.5531343460083,2.538657950842703,0.29742870330810545,0.00923165463990557,0.015,huber,9,1.0,5,800,0.6,0.8,"{'alpha': 0.8, 'learning_rate': 0.015, 'loss': 'huber', 'max_depth': 9, 'max_features': 1.0, 'min_samples_leaf': 5, 'n_estimators': 800, 'subsample': 0.6}",-9.016598200312979,-9.431992507824956,-9.361589524300651,-9.33517733497093,-9.502470155125845,-9.329565544507073,0.16696878342593666,148,-13.595165946811623,-14.83805789961586,-14.168250408084221,-13.4238405038514,-14.226099703804763,-14.050282892433575,0.502986848387781,132,-0.4494110540622169,-0.41174689676052073,-0.47492447129909365,-0.39138294667068396,-0.4819168173598553,-0.4418764372304741,0.035240762890009464,108,0.8880918992889802,-0.4138300866601234,1.5355529794874447,-1.1483660277849046,1.1740803631752712,0.40710582550133356,1.0184713036899222,159,-11.019633373582693,-10.951099440113031,-11.47250053674892,-10.458824760796928,-11.077171550882772,-10.995845932424869,0.3239670655324626,277,quantile_0.40
327.5524692058563,2.37822636854805,0.2899822235107422,0.008702126465873542,0.015,huber,9,1.0,10,800,0.6,0.8,"{'alpha': 0.8, 'learning_rate': 0.015, 'loss': 'huber', 'max_depth': 9, 'max_features': 1.0, 'min_samples_leaf': 10, 'n_estimators': 800, 'subsample': 0.6}",-8.961807939181194,-9.45013913473135,-9.293645228523136,-9.260326199465434,-9.422002892488797,-9.277584278877983,0.17372530406170647,98,-13.601397436288506,-14.937519892492132,-14.116279987169301,-13.428822797477643,-14.203427069860751,-14.057489436657667,0.529612949394035,145,-0.45273331319842947,-0.4114441416893733,-0.4854984894259819,-0.4070503163603495,-0.4849306811332128,-0.4483313883614694,0.03407366856624461,155,0.9034779667048806,-0.41378211845432405,1.5232044023721332,-1.1254593489259286,1.2557707763655783,0.4286423356124679,1.0229943752280952,154,-10.895250711937555,-10.981268294614797,-11.139941592490153,-9.992458577698228,-11.00958764240485,-10.803701363829116,0.4131519834571593,197,quantile_0.40
316.5669930458069,3.36166104792211,0.29571709632873533,0.010555208191880007,0.015,huber,9,1.0,15,800,0.6,0.8,"{'alpha': 0.8, 'learning_rate': 0.015, 'loss': 'huber', 'max_depth': 9, 'max_features': 1.0, 'min_samples_leaf': 15, 'n_estimators': 800, 'subsample': 0.6}",-8.91750431104154,-9.384544416573037,-9.242837702499397,-9.272017355712698,-9.377367605055097,-9.238854278176353,0.1701722755960131,59,-13.583889000567043,-14.920532947081503,-14.11538431642993,-13.459620636422153,-14.15925642643277,-14.04773666538668,0.5176526501080408,127,-0.4584717607973422,-0.41537995761429003,-0.48882175226586105,-0.40132570051220245,-0.4891500904159132,-0.45062985232112174,0.03654416493848915,176,0.928193048812865,-0.42269991044236155,1.6085094126955886,-1.0686403764453305,1.354355264856359,0.47994348789542407,1.0442281130701316,137,-10.737517772884695,-10.787526386206132,-11.099492877408961,-10.220348421241889,-10.969764781998215,-10.762930047947979,0.3005663755655454,179,quantile_0.40
308.7778307914734,4.158699764666847,0.2922200679779053,0.01599272548236378,0.015,huber,9,1.0,20,800,0.6,0.8,"{'alpha': 0.8, 'learning_rate': 0.015, 'loss': 'huber', 'max_depth': 9, 'max_features': 1.0, 'min_samples_leaf': 20, 'n_estimators': 800, 'subsample': 0.6}",-8.931387112517392,-9.401448439479491,-9.23139026326247,-9.274263147979333,-9.337892563454298,-9.235276305338598,0.16249737925901586,53,-13.617856170302202,-14.972180935539598,-14.104391418076709,-13.495582945331128,-14.167062888871001,-14.071414871624128,0.521327804860647,165,-0.45816973723950466,-0.4174992431123221,-0.48972809667673717,-0.4088580897860801,-0.4873417721518987,-0.45231938779330855,0.03394564005938461,189,0.8561349655308389,-0.38595463986229633,1.627000896707607,-1.0534198976850337,1.395594279367583,0.4878711208117398,1.0388787900380716,136,-10.681109294798183,-10.797018136379835,-11.086142732727007,-10.053418845883117,-11.012278708869204,-10.725993543731468,0.36635568696583837,155,quantile_0.40
162.9562834739685,1.8665153912830657,0.13680849075317383,0.021167001780550018,0.02,huber,6,1.0,5,600,0.6,0.8,"{'alpha': 0.8, 'learning_rate': 0.02, 'loss': 'huber', 'max_depth': 6, 'max_features': 1.0, 'min_samples_leaf': 5, 'n_estimators': 600, 'subsample': 0.6}",-9.020084376754937,-9.454954298758611,-9.303995490077272,-9.357424540353987,-9.442538953962838,-9.31579953198153,0.15795338550275684,139,-13.554713651303667,-14.83345432460715,-14.186840628926866,-13.466900250980858,-14.239033857508026,-14.056188542665314,0.500675989031757,143,-0.46179401993355484,-0.4217378141083863,-0.502416918429003,-0.4064477252184393,-0.49698613622664256,-0.45787652278320523,0.03867733955572282,231,1.0228592971508081,-0.3649055048510398,1.678800790646654,-1.014277185005162,1.530983937137296,0.5706922670157113,1.071633423289048,104,-10.873834697286439,-10.776895608857396,-10.92996262453283,-10.263493725872037,-11.040069421670783,-10.776851215643896,0.2704324823326882,184,quantile_0.40
161.59168734550477,0.852073149521318,0.13230700492858888,0.01834465310708974,0.02,huber,6,1.0,10,600,0.6,0.8,"{'alpha': 0.8, 'learning_rate': 0.02, 'loss': 'huber', 'max_depth': 6, 'max_features': 1.0, 'min_samples_leaf': 10, 'n_estimators': 600, 'subsample': 0.6}",-9.047251157381522,-9.472138440317119,-9.308593420296454,-9.31466255238839,-9.457053516947685,-9.319939817466235,0.15263045762719002,140,-13.558598785591084,-14.881400393274056,-14.20057610323319,-13.481970698323137,-14.274025001359247,-14.079314196356142,0.5145722123436492,178,-0.4645122319540924,-0.4174992431123221,-0.5048338368580061,-0.41217234106658635,-0.4972875226039783,-0.459261035118997,0.0387604475107285,244,1.0539555202631956,-0.3331495420078297,1.6752989014614206,-0.9243553393172338,1.5839532098768514,0.6111405500552809,1.0511245378227299,90,-10.872917851001839,-10.944916726292815,-10.878720402459178,-10.178154108254082,-11.101230399879942,-10.795187897577572,0.3193214861427191,191,quantile_0.40
160.0422978401184,2.832258636867172,0.12477650642395019,0.007297361377749797,0.02,huber,6,1.0,15,600,0.6,0.8,"{'alpha': 0.8, 'learning_rate': 0.02, 'loss': 'huber', 'max_depth': 6, 'max_features': 1.0, 'min_samples_leaf': 15, 'n_estimators': 600, 'subsample': 0.6}",-8.971754620405795,-9.414523613443489,-9.302317820684888,-9.351968441409921,-9.43332254448495,-9.294777408085809,0.16805076732513405,120,-13.481501510472155,-14.838133349828976,-14.200176318291295,-13.500140863376213,-14.272850056596091,-14.058560419712943,0.5135247706214063,147,-0.4693446088794926,-0.4247653648198607,-0.5018126888217522,-0.41488400120518226,-0.4984930681133213,-0.4618599463679218,0.03626837414460688,268,1.0493124002954533,-0.29660973865538903,1.6973957164614157,-0.9358296017458496,1.5428585142678939,0.6114254581247048,1.0447171916914442,89,-10.675596172954261,-10.732882939567034,-10.959979472593096,-10.142761368498569,-11.009361775375435,-10.704116345797678,0.3083507871390085,146,quantile_0.40
159.19392237663268,1.0674271731330982,0.15004310607910157,0.024187602452793663,0.02,huber,6,1.0,20,600,0.6,0.8,"{'alpha': 0.8, 'learning_rate': 0.02, 'loss': 'huber', 'max_depth': 6, 'max_features': 1.0, 'min_samples_leaf': 20, 'n_estimators': 600, 'subsample': 0.6}",-9.028419814155896,-9.406603623605339,-9.338799508092336,-9.33411248165912,-9.396233842785932,-9.300833854059725,0.13931738518680342,126,-13.574273701587108,-14.830872460223112,-14.232983842220506,-13.476427354810765,-14.23768746902749,-14.070448965573798,0.4963228306303139,163,-0.4714587737843552,-0.4232515894641235,-0.5030211480362538,-0.40825549864416993,-0.5006027727546715,-0.4613179565367148,0.039115116977146445,262,1.054504173391649,-0.24327100239758373,1.6979758560467746,-0.8962613252460291,1.5396799881239078,0.6305255379837437,1.0237546970576754,84,-10.693325215493248,-10.82492405144822,-10.97048842501515,-10.334032467946512,-10.922745963563772,-10.74910322469338,0.2281696407809137,171,quantile_0.40
190.543057012558,2.441539510982785,0.16034536361694335,0.008235708147146572,0.02,huber,7,1.0,5,600,0.6,0.8,"{'alpha': 0.8, 'learning_rate': 0.02, 'loss': 'huber', 'max_depth': 7, 'max_features': 1.0, 'min_samples_leaf': 5, 'n_estimators': 600, 'subsample': 0.6}",-9.014798403563836,-9.438428664088793,-9.349420339468997,-9.278764014124768,-9.402178394802624,-9.296717963209804,0.15085247643804092,122,-13.587309168730114,-14.801228024787566,-14.222095239171132,-13.409434434862582,-14.185805746448729,-14.041174522800025,0.49727680836373106,117,-0.4620960434913923,-0.4156827126854375,-0.4909365558912387,-0.40162699608315755,-0.4924653405666064,-0.45256152974356645,0.03771004526450012,191,1.032742373759874,-0.40863337507908704,1.6462299947952581,-1.0241112230996285,1.4600522638354876,0.5412560068423808,1.063896360295142,117,-10.871701801868891,-10.861403437581593,-11.198646955819902,-10.276516359119444,-11.028421458188879,-10.847338002515743,0.3107532713721132,222,quantile_0.40
187.95322089195253,2.2614357778209198,0.17086920738220215,0.016964978565961155,0.02,huber,7,1.0,10,600,0.6,0.8,"{'alpha': 0.8, 'learning_rate': 0.02, 'loss': 'huber', 'max_depth': 7, 'max_features': 1.0, 'min_samples_leaf': 10, 'n_estimators': 600, 'subsample': 0.6}",-9.01369526833435,-9.41025497572851,-9.277618315788926,-9.304031773449834,-9.428644874650587,-9.286849041590441,0.14854529226517033,107,-13.595601540801315,-14.824350398702176,-14.153796055311815,-13.454597362109338,-14.265300207034999,-14.058729112791928,0.49342630941133503,148,-0.4554515252189671,-0.420829548894944,-0.5012084592145015,-0.40132570051220245,-0.487040385774563,-0.4531711239230356,0.0379310904517357,196,0.9810973373320918,-0.3845626706825114,1.6712137876924789,-1.0886790314358195,1.4678209402742286,0.5293780726360937,1.0809172571878067,121,-10.972399972599998,-10.723691253081633,-10.9224334727316,-10.235268675204399,-11.186408902821947,-10.808040455287916,0.32200770035299525,198,quantile_0.40
185.99839420318602,1.349908462012347,0.16085643768310548,0.008982325836149113,0.02,huber,7,1.0,15,600,0.6,0.8,"{'alpha': 0.8, 'learning_rate': 0.02, 'loss': 'huber', 'max_depth': 7, 'max_features': 1.0, 'min_samples_leaf': 15, 'n_estimators': 600, 'subsample': 0.6}",-8.970226338175863,-9.388718054650129,-9.245077408426408,-9.289319294490038,-9.359085062350236,-9.250485231618535,0.14898631678294103,67,-13.577477444478875,-14.881961822678733,-14.147316359062485,-13.468152319243643,-14.184055121419195,-14.051792613376586,0.5062430138735722,137,-0.4578677136816672,-0.42930669088707235,-0.5012084592145015,-0.41699307020186804,-0.5021097046413502,-0.46149712772529183,0.03537337772560693,264,0.9879679828847494,-0.338795265672401,1.6522351188958577,-1.025324145969076,1.5174343061842142,0.5587035992646688,1.0596123606390881,108,-10.874532123031557,-10.540160427360165,-10.871038114959823,-9.909031755036516,-10.83081970732212,-10.605116425542036,0.36959282584364583,94,quantile_0.40
184.7305995941162,1.0329854237507197,0.17314538955688477,0.01131427923493972,0.02,huber,7,1.0,20,600,0.6,0.8,"{'alpha': 0.8, 'learning_rate': 0.02, 'loss': 'huber', 'max_depth': 7, 'max_features': 1.0, 'min_samples_leaf': 20, 'n_estimators': 600, 'subsample': 0.6}",-8.98531889112392,-9.413978050141024,-9.257232228646924,-9.245491073861912,-9.4125950012732,-9.262923049009396,0.1566011713433707,80,-13.614829104155776,-14.909063540743043,-14.164681896278816,-13.423508584893398,-14.280884023141008,-14.078593429842408,0.5257807180091774,175,-0.47055270311084263,-0.4178019981834696,-0.4960725075528701,-0.4118710454956312,-0.5033152501506932,-0.4599227008987013,0.03843392767581993,248,0.9940296779667299,-0.3622410554026285,1.7160564233387687,-1.0670672105095298,1.5978938732591823,0.5757343417305046,1.1044193344635573,101,-10.603858508427198,-10.83256786000758,-11.06016608954709,-9.928379225481548,-10.937964696316902,-10.672587275956065,0.40119959250542164,129,quantile_0.40
223.16595902442933,1.8059667190962245,0.19553494453430176,0.00951592544897374,0.02,huber,8,1.0,5,600,0.6,0.8,"{'alpha': 0.8, 'learning_rate': 0.02, 'loss': 'huber', 'max_depth': 8, 'max_features': 1.0, 'min_samples_leaf': 5, 'n_estimators': 600, 'subsample': 0.6}",-9.024617894842303,-9.455543461520524,-9.323708199143866,-9.307449699312867,-9.45272586649246,-9.312809024262403,0.15694042422044568,136,-13.594629560995987,-14.881520958674752,-14.20508875929901,-13.445859089212766,-14.187428838047131,-14.062905441245928,0.5110542120440933,152,-0.4560555723346421,-0.4159854677565849,-0.4836858006042296,-0.400120518228382,-0.4819168173598553,-0.4475528352567387,0.03407372705816184,147,0.9312695267227541,-0.41194755855044674,1.5560367423427062,-1.120185923606948,1.350331269176114,0.4611008112168359,1.0462652928733136,146,-10.915212997616521,-10.870086341888706,-11.246706981986431,-10.230997165499979,-11.208425133254636,-10.894285724049256,0.3643788095485839,243,quantile_0.40
217.3546962738037,1.5820040322598188,0.20644054412841797,0.018859540986392427,0.02,huber,8,1.0,10,600,0.6,0.8,"{'alpha': 0.8, 'learning_rate': 0.02, 'loss': 'huber', 'max_depth': 8, 'max_features': 1.0, 'min_samples_leaf': 10, 'n_estimators': 600, 'subsample': 0.6}",-8.929161457664643,-9.441994339940772,-9.237109044355856,-9.293758942046903,-9.369362019441118,-9.25427716068986,0.17665561962806642,70,-13.576052551357023,-14.937403099475402,-14.088657642341168,-13.463425340358283,-14.131739136974767,-14.039455554101329,0.5222643103823468,114,-0.4578677136816672,-0.418104753254617,-0.4854984894259819,-0.4061464296474842,-0.4912597950572634,-0.45177543621340266,0.03449375562951424,185,0.9632611769759227,-0.3953113837400454,1.5407092681429664,-1.1092319444625245,1.39443934994134,0.47877329337153185,1.047536682811344,138,-10.80270822668038,-10.818679871227733,-11.099744435087462,-10.075832754073646,-10.955304583929754,-10.750453974199795,0.35396798413018093,172,quantile_0.40
211.69704751968385,2.4916311460054676,0.1963502883911133,0.011781796149541661,0.02,huber,8,1.0,15,600,0.6,0.8,"{'alpha': 0.8, 'learning_rate': 0.02, 'loss': 'huber', 'max_depth': 8, 'max_features': 1.0, 'min_samples_leaf': 15, 'n_estimators': 600, 'subsample': 0.6}",-8.965940961158974,-9.380833750149014,-9.231460796289904,-9.22578439969091,-9.381940088627074,-9.237191999183175,0.1518717008926792,56,-13.644033471794415,-14.878944595318975,-14.106998990665565,-13.42299638907865,-14.19157927122251,-14.048910543616023,0.5036624132573275,130,-0.46572032618544246,-0.41477444747199516,-0.4987915407854985,-0.4106658632118108,-0.49216395418927067,-0.45642322636880356,0.03738252753179038,220,0.9705679402227374,-0.3622010508667947,1.6632127340256906,-1.0021767798760313,1.428157577606236,0.5395120842223676,1.0419303475712203,118,-10.667892662929589,-10.871731315959549,-10.921068862914783,-10.012528866531763,-10.982211897293976,-10.691086721125933,0.35531868787057047,138,quantile_0.40
208.92059750556945,2.9986865294325113,0.1955803871154785,0.009341606570103026,0.02,huber,8,1.0,20,600,0.6,0.8,"{'alpha': 0.8, 'learning_rate': 0.02, 'loss': 'huber', 'max_depth': 8, 'max_features': 1.0, 'min_samples_leaf': 20, 'n_estimators': 600, 'subsample': 0.6}",-8.955183101499536,-9.386631789454507,-9.248265489758891,-9.254780903407868,-9.343945270441495,-9.23776131091246,0.15078985468496456,57,-13.63853997727991,-14.898472232627327,-14.141526056334369,-13.420852603345942,-14.166975479700943,-14.053273269857698,0.5112802826072169,140,-0.4614919963757173,-0.4250681198910082,-0.49697885196374625,-0.4160891834890027,-0.49156118143459915,-0.4582378666308148,0.033162147710445324,236,0.9763652198097116,-0.3868990072023823,1.6267818093374244,-1.0301508318826376,1.4061325545723806,0.5184459489268993,1.0434450083336997,127,-10.760260632151475,-10.586224138097851,-10.941157009121216,-9.883253876680751,-10.934628517288793,-10.621104834668019,0.3913401408252206,97,quantile_0.40
253.4528781890869,2.2874065772507453,0.23440589904785156,0.025006293715658146,0.02,huber,9,1.0,5,600,0.6,0.8,"{'alpha': 0.8, 'learning_rate': 0.02, 'loss': 'huber', 'max_depth': 9, 'max_features': 1.0, 'min_samples_leaf': 5, 'n_estimators': 600, 'subsample': 0.6}",-9.070346694410135,-9.46588527414858,-9.409967542625502,-9.405809235929716,-9.509697135034486,-9.372341176429684,0.1557906795622519,163,-13.651366019508856,-14.88393925975213,-14.230752520528524,-13.523407666901722,-14.271533546358562,-14.112199802609961,0.48868552940557985,207,-0.4515252189670794,-0.4108386315470784,-0.481570996978852,-0.39680626694787585,-0.472875226039783,-0.4427232680961337,0.03352838197297862,117,0.8909736318253929,-0.43266666157117345,1.5648750524154835,-1.1453554068907261,1.214021133410986,0.41836954983799257,1.0334785243651394,158,-11.030746354570512,-10.993633410959164,-11.394833434625363,-10.408673598549889,-11.338845511377334,-11.033346462016453,0.3509423239966599,284,quantile_0.40
244.3983682155609,3.045213493092402,0.23826560974121094,0.015497118935404505,0.02,huber,9,1.0,10,600,0.6,0.8,"{'alpha': 0.8, 'learning_rate': 0.02, 'loss': 'huber', 'max_depth': 9, 'max_features': 1.0, 'min_samples_leaf': 10, 'n_estimators': 600, 'subsample': 0.6}",-9.009822411902347,-9.371206208929019,-9.30695182403283,-9.352344137775022,-9.498264923041058,-9.307717901136055,0.16190907519948058,133,-13.658519869028046,-14.83443899370733,-14.149349488855595,-13.521044827443138,-14.267647472439014,-14.086200130294623,0.4688460938084623,184,-0.45967985502869224,-0.4120496518316682,-0.4879154078549849,-0.4040373606507984,-0.48402652200120555,-0.44954175947346986,0.035329379178883055,169,0.9853269464648269,-0.41344135213788746,1.5333353552189204,-1.1910706950982664,1.3663397573633036,0.4560980023621794,1.0712914681944652,149,-10.871859239669421,-10.869763894923254,-11.108777264186775,-10.099651959822578,-11.223150164875987,-10.834640504695603,0.3921524618886128,214,quantile_0.40
238.4309663772583,2.5251911455106417,0.2484990119934082,0.02623333693340678,0.02,huber,9,1.0,15,600,0.6,0.8,"{'alpha': 0.8, 'learning_rate': 0.02, 'loss': 'huber', 'max_depth': 9, 'max_features': 1.0, 'min_samples_leaf': 15, 'n_estimators': 600, 'subsample': 0.6}",-9.006164829262481,-9.348165768872239,-9.293318403247957,-9.261018131081851,-9.432153384542712,-9.26816410340145,0.143262119332247,85,-13.704859087830112,-14.815610502622278,-14.170441036861172,-13.448503215635663,-14.27718428351876,-14.083319625293598,0.4748995320000295,181,-0.4494110540622169,-0.41326067211625794,-0.4851963746223565,-0.4088580897860801,-0.487040385774563,-0.4487533152722949,0.03360293349560786,162,0.9039267403640351,-0.4596957629521025,1.5886965989190176,-1.0033154254828354,1.356948724302327,0.4773121750300883,1.0257853333983544,139,-11.025642871987026,-10.754071952217659,-11.214031649182031,-10.098494944687964,-11.076188365454158,-10.833685956705768,0.3967775031981301,212,quantile_0.40
227.72484335899352,3.8530745840259057,0.243386173248291,0.021147743670534066,0.02,huber,9,1.0,20,600,0.6,0.8,"{'alpha': 0.8, 'learning_rate': 0.02, 'loss': 'huber', 'max_depth': 9, 'max_features': 1.0, 'min_samples_leaf': 20, 'n_estimators': 600, 'subsample': 0.6}",-8.923739477035337,-9.324196740769493,-9.238178103518507,-9.263127608400168,-9.394698017551724,-9.228787989455046,0.1618338319705251,46,-13.627106703140575,-14.812618828043341,-14.09634660354488,-13.478319167301272,-14.21530991034326,-14.045940242474666,0.4725755300165179,124,-0.45816973723950466,-0.41537995761429003,-0.4879154078549849,-0.4188008436275987,-0.4933694996986136,-0.45472708920699845,0.03300134571426973,212,0.8874477379298953,-0.44225206437045106,1.668111912819736,-1.0326981955981032,1.3966574500973366,0.49545336817568264,1.0540868204857474,133,-10.706935025955795,-10.691349586787913,-11.176414846464267,-9.826185331327357,-10.936382847177637,-10.667453527542595,0.45633903875200094,127,quantile_0.40
130.3145101070404,1.1179408013696435,0.09795198440551758,0.004616863767701578,0.025,huber,6,1.0,5,480,0.6,0.8,"{'alpha': 0.8, 'learning_rate': 0.025, 'loss': 'huber', 'max_depth': 6, 'max_features': 1.0, 'min_samples_leaf': 5, 'n_estimators': 480, 'subsample': 0.6}",-9.01707408713849,-9.462338335223006,-9.324509085006763,-9.341213312883834,-9.482212453218438,-9.325469454694106,0.16652804697949913,142,-13.499619847981448,-14.744899898356838,-14.171008876780462,-13.497987572919268,-14.222576453312167,-14.027218529870037,0.47588921057635514,105,-0.4614919963757173,-0.42900393581592494,-0.5018126888217522,-0.40494124736366377,-0.49216395418927067,-0.4578827645132658,0.03675555945709565,232,1.0432231323245666,-0.3112436871006241,1.6875877337375933,-0.9591510984363011,1.4671861150380718,0.5855204391126614,1.0384194237722357,99,-10.89975264844312,-10.665513628351528,-10.97231802228893,-10.349726372675358,-11.123730694879086,-10.802208273327604,0.2702791874161588,194,quantile_0.40
129.3158061504364,2.2850021647739807,0.10391106605529785,0.005761493367896557,0.025,huber,6,1.0,10,480,0.6,0.8,"{'alpha': 0.8, 'learning_rate': 0.025, 'loss': 'huber', 'max_depth': 6, 'max_features': 1.0, 'min_samples_leaf': 10, 'n_estimators': 480, 'subsample': 0.6}",-8.96694626168787,-9.458538712034688,-9.306956572500875,-9.358178791855432,-9.437469029209536,-9.305617873457681,0.17789458284101856,132,-13.462284470619593,-14.861506553616689,-14.183997942437069,-13.519017718919995,-14.238705390650422,-14.053102415248754,0.517573504150796,139,-0.46813651464814254,-0.42749016046018773,-0.5027190332326285,-0.40825549864416993,-0.49306811332127787,-0.4599338640612813,0.036657823195696215,249,1.0873216998179651,-0.3098677312429334,1.6900564029109588,-1.0562173108128952,1.5152140442050308,0.5853014209756251,1.0801071220224001,100,-10.738606845337364,-10.700446264006787,-10.937533938886169,-10.167605223461317,-11.10666333667162,-10.730171121672651,0.3169166591849929,158,quantile_0.40
127.31799721717834,2.9095867767817807,0.09747214317321777,0.0032506473161893245,0.025,huber,6,1.0,15,480,0.6,0.8,"{'alpha': 0.8, 'learning_rate': 0.025, 'loss': 'huber', 'max_depth': 6, 'max_features': 1.0, 'min_samples_leaf': 15, 'n_estimators': 480, 'subsample': 0.6}",-8.946968021492749,-9.474635782801428,-9.265072206933741,-9.314481919981224,-9.408126591865386,-9.281856904614907,0.18254008411080264,103,-13.479302925238455,-14.918898074846268,-14.124956897002658,-13.435814243547684,-14.210727248437244,-14.033939877814465,0.5455392389585265,110,-0.4729688915735427,-0.4317287314562519,-0.5042296072507553,-0.40494124736366377,-0.4924653405666064,-0.46126676364216407,0.03741966344216514,261,1.09227229594015,-0.30450156707908516,1.681819700312995,-1.0152881409440546,1.527451629255938,0.5963507834971887,1.0677120099692219,95,-10.613002774910708,-10.620250110284326,-10.855066570697032,-10.247404818684661,-11.102891229400413,-10.687723100795429,0.28438858382075793,136,quantile_0.40
128.66565790176392,2.2450716715684873,0.10155220031738281,0.0075421606436449126,0.025,huber,6,1.0,20,480,0.6,0.8,"{'alpha': 0.8, 'learning_rate': 0.025, 'loss': 'huber', 'max_depth': 6, 'max_features': 1.0, 'min_samples_leaf': 20, 'n_estimators': 480, 'subsample': 0.6}",-8.98328070860525,-9.457887042119756,-9.312979691606252,-9.347169916920357,-9.39122524364476,-9.298508520579276,0.16489015955545605,123,-13.524270046685274,-14.880307838033259,-14.206497305918443,-13.478255046729812,-14.2314102361252,-14.0641480946984,0.5194411648905881,155,-0.4645122319540924,-0.4332425068119891,-0.5051359516616314,-0.4136788189213619,-0.4978902953586498,-0.46289196094154494,0.035533327791704795,285,1.0347576472538507,-0.2711104248905038,1.7468903055305958,-1.0213921280963352,1.53608954673868,0.6050469893072574,1.0740813441429409,92,-10.783395642473824,-10.602349114852625,-10.947419165826247,-10.063094130046224,-10.973616971698624,-10.673975004979509,0.3331172780646066,130,quantile_0.40
151.54541831016542,2.480347520443844,0.1267849922180176,0.004043826772081987,0.025,huber,7,1.0,5,480,0.6,0.8,"{'alpha': 0.8, 'learning_rate': 0.025, 'loss': 'huber', 'max_depth': 7, 'max_features': 1.0, 'min_samples_leaf': 5, 'n_estimators': 480, 'subsample': 0.6}",-8.997303357415333,-9.508570025014233,-9.313265085019598,-9.336283955744467,-9.483984617179798,-9.327881408074685,0.18252817616421413,146,-13.50918748774027,-14.927832323691433,-14.178323157753063,-13.464707178281328,-14.275915857130846,-14.071193200919387,0.5423826135824084,164,-0.45726366656599216,-0.4232515894641235,-0.49425981873111785,-0.4061464296474842,-0.4945750452079566,-0.45509930992333486,0.03607554670901726,213,1.0087709315490194,-0.3838194215398752,1.6828915767967696,-1.0352061677343982,1.5072195965257131,0.5559713031194458,1.0765595638280119,110,-10.941252302100716,-10.779345938224537,-11.123862637717657,-10.21931646083287,-11.111765868700452,-10.835108641515246,0.3327143090481671,216,quantile_0.40
150.49764127731322,2.1855669263687307,0.13660545349121095,0.012258532894553135,0.025,huber,7,1.0,10,480,0.6,0.8,"{'alpha': 0.8, 'learning_rate': 0.025, 'loss': 'huber', 'max_depth': 7, 'max_features': 1.0, 'min_samples_leaf': 10, 'n_estimators': 480, 'subsample': 0.6}",-8.997477718571094,-9.476050512135377,-9.337595615853164,-9.28771576037718,-9.412598293696465,-9.302287580126656,0.16536629468410072,127,-13.540172102340183,-14.90527713732974,-14.1955277136596,-13.433648175456076,-14.2197725777358,-14.058879541304279,0.5330890827647824,149,-0.46270009060706735,-0.4178019981834696,-0.48972809667673717,-0.4064477252184393,-0.49427365883062085,-0.45419031390326686,0.0361814569629815,205,0.9899884220619792,-0.3885008046091685,1.6145528386896668,-0.961046633208077,1.514549045513069,0.5539085736894939,1.0412671820768271,112,-10.792591511630587,-10.875426334767779,-11.181866559079818,-10.243222695728042,-11.053742338871107,-10.829369888015467,0.32299822788919585,209,quantile_0.40
151.68112268447877,2.5112937280013643,0.13738489151000977,0.01609402499507099,0.025,huber,7,1.0,15,480,0.6,0.8,"{'alpha': 0.8, 'learning_rate': 0.025, 'loss': 'huber', 'max_depth': 7, 'max_features': 1.0, 'min_samples_leaf': 15, 'n_estimators': 480, 'subsample': 0.6}",-9.045648719042678,-9.421184017968644,-9.319120573911544,-9.310255606806967,-9.460190805716522,-9.311279944689272,0.14482805158427325,135,-13.626780093504538,-14.88828644915645,-14.203613038658553,-13.48846240822474,-14.284365467967001,-14.098301491502259,0.5027967173490115,197,-0.4645122319540924,-0.4232515894641235,-0.49033232628398793,-0.41277493220849654,-0.49668474984930683,-0.45751116595200153,0.034163905973249274,228,0.9955491709647922,-0.36478732407708525,1.6867768665383713,-1.0209423878013004,1.5422414120484051,0.5677675475346365,1.0750289422321626,106,-10.808324516844841,-10.698597381947003,-11.222896034469876,-10.040960063459785,-11.075870782325252,-10.769329755809352,0.40908088171147733,182,quantile_0.40
147.53073778152466,1.1001836586960672,0.13982224464416504,0.017882802388313235,0.025,huber,7,1.0,20,480,0.6,0.8,"{'alpha': 0.8, 'learning_rate': 0.025, 'loss': 'huber', 'max_depth': 7, 'max_features': 1.0, 'min_samples_leaf': 20, 'n_estimators': 480, 'subsample': 0.6}",-9.02033092497209,-9.371576597949716,-9.301029930285813,-9.243148158200963,-9.36635440990351,-9.260488004262418,0.1289714016758507,77,-13.612344585995181,-14.831786131949553,-14.150649951757147,-13.417813501964103,-14.159904467123837,-14.034499727757964,0.4946513314042263,111,-0.4747810329205678,-0.4335452618831365,-0.4954682779456193,-0.4136788189213619,-0.5,-0.46349467833413704,0.03423716920740671,290,1.03673814307256,-0.4050442462754525,1.6750647136985868,-1.0040989013533586,1.5310501061450383,0.5667419630574748,1.0762040124061119,107,-10.591270891951599,-10.340941465635508,-11.076485753533037,-9.958268202285943,-10.89740451604855,-10.572874165890926,0.3976974445120733,84,quantile_0.40
178.5964858531952,1.894674190789967,0.1676124095916748,0.011408162366512962,0.025,huber,8,1.0,5,480,0.6,0.8,"{'alpha': 0.8, 'learning_rate': 0.025, 'loss': 'huber', 'max_depth': 8, 'max_features': 1.0, 'min_samples_leaf': 5, 'n_estimators': 480, 'subsample': 0.6}",-9.09052174533033,-9.447662229067381,-9.34238894486732,-9.394246358198219,-9.419017521349186,-9.338767359762489,0.1288527075590762,151,-13.679513136851032,-14.875545444479581,-14.18705190273864,-13.54328522154398,-14.172195981545519,-14.09151833743175,0.4691784060690251,190,-0.4569616430081546,-0.4211323039660914,-0.4918429003021148,-0.39891533594456163,-0.4804098854731766,-0.44985241373881985,0.03511960074089145,171,0.9538159051594952,-0.402893521434613,1.5664520212294994,-1.0929223245470898,1.2797872400715569,0.4608478640957697,1.029202674257934,147,-10.990350945397163,-10.738630855970898,-11.089761547229875,-10.404869511966805,-11.135079736008162,-10.871738519314581,0.27078990557069066,236,quantile_0.40
174.67657780647278,1.3464713500754626,0.1599888801574707,0.014236240008330459,0.025,huber,8,1.0,10,480,0.6,0.8,"{'alpha': 0.8, 'learning_rate': 0.025, 'loss': 'huber', 'max_depth': 8, 'max_features': 1.0, 'min_samples_leaf': 10, 'n_estimators': 480, 'subsample': 0.6}",-9.004964375221359,-9.359525263688308,-9.30105927382813,-9.269281804008044,-9.343649245310983,-9.255695992411365,0.12932520071964165,73,-13.633520235394041,-14.879078301223448,-14.145816358412059,-13.454235136539008,-14.14136139325367,-14.050802284964448,0.4966460423342295,134,-0.45756569012382964,-0.41840750832576445,-0.4936555891238671,-0.402832178366978,-0.49638336347197104,-0.45376886588248205,0.038121735829747386,202,0.9898350600310128,-0.41120178581638106,1.6207883444038107,-1.0892566668017292,1.408138194478087,0.5036606292589602,1.0655306964769045,129,-10.921709877927595,-10.693311305141451,-11.062214080889754,-10.15314264412407,-10.830124688895003,-10.732100519395575,0.31344289260172914,159,quantile_0.40
170.20813126564025,2.406410340686912,0.16414813995361327,0.006433855634504417,0.025,huber,8,1.0,15,480,0.6,0.8,"{'alpha': 0.8, 'learning_rate': 0.025, 'loss': 'huber', 'max_depth': 8, 'max_features': 1.0, 'min_samples_leaf': 15, 'n_estimators': 480, 'subsample': 0.6}",-8.989843387023525,-9.33197084344464,-9.32075369876137,-9.256740957070397,-9.41297166627284,-9.262456110514554,0.1450766689740628,79,-13.63104183949513,-14.858420527180327,-14.193361922523831,-13.457354529483109,-14.209780106196995,-14.069991784975878,0.4948499385829553,162,-0.4663243733011175,-0.4217378141083863,-0.4930513595166163,-0.41699307020186804,-0.49065702230259195,-0.4577527278861161,0.03274319104823714,230,0.9677124434571618,-0.34347323073771785,1.6453304263638735,-1.0401216967456255,1.3904627059239412,0.5239821296523266,1.0396159641911384,123,-10.676640982746616,-10.65649950278929,-11.120630653849435,-9.852225189674103,-11.009150874370063,-10.6630294406859,0.4442590156134876,121,quantile_0.40
167.02956557273865,2.0794723402794917,0.16886467933654786,0.017319624257167095,0.025,huber,8,1.0,20,480,0.6,0.8,"{'alpha': 0.8, 'learning_rate': 0.025, 'loss': 'huber', 'max_depth': 8, 'max_features': 1.0, 'min_samples_leaf': 20, 'n_estimators': 480, 'subsample': 0.6}",-8.974196093545135,-9.323713043122954,-9.299992511221696,-9.220922631177219,-9.343063400542654,-9.23237753592193,0.1356128256602347,50,-13.643747258330803,-14.793391533848403,-14.23470332925551,-13.400786492261291,-14.163180162491892,-14.047161755237578,0.48703906048585516,125,-0.46421020839625493,-0.41840750832576445,-0.5018126888217522,-0.41277493220849654,-0.4945750452079566,-0.4583560765920449,0.037170123817668835,239,0.9347076311963654,-0.37591803574241,1.5959568384949125,-1.0221199433939745,1.3895307796529142,0.5044314540415614,1.0261910604664168,128,-10.672862795256703,-10.692679779080295,-10.856590110644783,-9.93132340173452,-10.850319162062428,-10.600755049755746,0.34337217089524197,91,quantile_0.40
202.94534306526185,2.7614065841413935,0.18852601051330567,0.009546678252774181,0.025,huber,9,1.0,5,480,0.6,0.8,"{'alpha': 0.8, 'learning_rate': 0.025, 'loss': 'huber', 'max_depth': 9, 'max_features': 1.0, 'min_samples_leaf': 5, 'n_estimators': 480, 'subsample': 0.6}",-9.124893564478471,-9.49081458387833,-9.42968231135655,-9.407491700477557,-9.506977413365638,-9.39197191471131,0.1385567904487241,167,-13.7176448554075,-14.923686233165231,-14.261053301594242,-13.507968476240496,-14.230069447197847,-14.128084462721063,0.49276126760214933,214,-0.453035336756267,-0.4123524069028156,-0.47311178247734137,-0.3952997890931003,-0.4734779987944545,-0.44145546280479575,0.0320592980140415,105,0.9290860316685281,-0.39445356902199236,1.5152254624179247,-1.1676811613022555,1.252502696392401,0.42693589203092125,1.0330124581750795,155,-11.09624214761424,-11.029838631450252,-11.566936376498568,-10.42222987024498,-11.362175367338374,-11.095484478629281,0.3875493881171379,305,quantile_0.40
194.62350296974182,2.620379554089022,0.18525481224060059,0.013128592461848667,0.025,huber,9,1.0,10,480,0.6,0.8,"{'alpha': 0.8, 'learning_rate': 0.025, 'loss': 'huber', 'max_depth': 9, 'max_features': 1.0, 'min_samples_leaf': 10, 'n_estimators': 480, 'subsample': 0.6}",-8.999532001899501,-9.38254076058894,-9.366022017319853,-9.322607610184921,-9.378805793877325,-9.289901636774108,0.14674091065534753,113,-13.62031620667304,-14.877041789317207,-14.238543206425588,-13.543789942929347,-14.127373971263935,-14.081413023321824,0.48197018317560547,179,-0.45484747810329207,-0.41628822282773237,-0.48398791540785496,-0.40795420307321484,-0.4831223628691983,-0.44924003645625843,0.03217829267116031,167,0.9719064876812472,-0.38915785457471214,1.5638764434120251,-1.1293668674593242,1.2820414766180728,0.45985993713546175,1.0395671836880884,148,-10.96129908333395,-10.80187045038727,-11.291499346136865,-10.041863377070259,-11.033278616189563,-10.82596217462358,0.4227084998825296,208,quantile_0.40
189.1700979232788,1.5087833525324863,0.18549551963806152,0.01652504387763445,0.025,huber,9,1.0,15,480,0.6,0.8,"{'alpha': 0.8, 'learning_rate': 0.025, 'loss': 'huber', 'max_depth': 9, 'max_features': 1.0, 'min_samples_leaf': 15, 'n_estimators': 480, 'subsample': 0.6}",-9.025555523988556,-9.401875096252782,-9.309529630869221,-9.2793125142818,-9.423419846470049,-9.287938522372482,0.14193107754783563,110,-13.758563098732996,-14.952781908717293,-14.194088070814125,-13.508444876901287,-14.224992357915603,-14.12777406261626,0.49282294323264303,213,-0.4614919963757173,-0.41628822282773237,-0.49154078549848945,-0.40584513407652906,-0.4939722724532851,-0.45382768224635067,0.03688941293426646,203,0.9317529287644619,-0.37235840800283826,1.6483292242938627,-1.0390019251059897,1.3125106235841868,0.4962464887067367,1.029049054764567,132,-10.788170251003024,-10.84527040774166,-11.146439093604736,-10.152038175751489,-10.866936333020119,-10.759770852224204,0.3281622998041985,175,quantile_0.40
182.98343892097472,2.7996936124420864,0.18454861640930176,0.012150991168578346,0.025,huber,9,1.0,20,480,0.6,0.8,"{'alpha': 0.8, 'learning_rate': 0.025, 'loss': 'huber', 'max_depth': 9, 'max_features': 1.0, 'min_samples_leaf': 20, 'n_estimators': 480, 'subsample': 0.6}",-9.029073279177151,-9.38032099909157,-9.324924098365061,-9.259206160196516,-9.370140710545979,-9.272733049475255,0.12910490720140252,91,-13.764342723890897,-14.974315602271638,-14.21125921138206,-13.486173278020235,-14.189754989823514,-14.125169161077668,0.504211059173801,212,-0.45726366656599216,-0.4229488343929761,-0.4990936555891239,-0.41337752335040673,-0.48673899939722726,-0.45588453585914523,0.03380098960993805,216,0.9090280318289976,-0.4036727145329649,1.6221341080941345,-1.1525198318671341,1.2737476952738565,0.4497434577593779,1.0545133430002076,151,-10.866926499584332,-10.611978984930948,-10.966937852112572,-9.805427085905693,-10.933876696752385,-10.637029423857186,0.43405080644181177,109,quantile_0.40
109.31625590324401,1.6368735322601051,0.08201055526733399,0.004817681046186332,0.03,huber,6,1.0,5,400,0.6,0.8,"{'alpha': 0.8, 'learning_rate': 0.03, 'loss': 'huber', 'max_depth': 6, 'max_features': 1.0, 'min_samples_leaf': 5, 'n_estimators': 400, 'subsample': 0.6}",-9.065870973862065,-9.552460677405337,-9.34514478541605,-9.378584233784464,-9.459589204566266,-9.360329975006836,0.1637293576353843,159,-13.556909997402162,-14.902567521626427,-14.187651829034918,-13.491263081252612,-14.273050668770308,-14.082288619617284,0.5187837557320161,180,-0.46572032618544246,-0.4296094459582198,-0.5036253776435046,-0.41458270563422717,-0.4960819770946353,-0.46192396650320583,0.035229569807791766,271,1.1299604529877416,-0.3819220002386576,1.7192776460227355,-0.9375137041849333,1.4762088555537611,0.6012022500281294,1.0610838296055134,93,-10.946302806193165,-10.673111081987857,-10.984774519514808,-10.180200976650013,-11.022168275661679,-10.761311532001503,0.3154908924048183,176,quantile_0.40
107.43779773712158,0.7653489681792301,0.09479231834411621,0.00902146953572941,0.03,huber,6,1.0,10,400,0.6,0.8,"{'alpha': 0.8, 'learning_rate': 0.03, 'loss': 'huber', 'max_depth': 6, 'max_features': 1.0, 'min_samples_leaf': 10, 'n_estimators': 400, 'subsample': 0.6}",-9.064220739662758,-9.511754037180467,-9.277766447514956,-9.380739214556037,-9.406925571889074,-9.328281202160658,0.15157752434723265,147,-13.563251482789275,-14.891318556448486,-14.124087434182126,-13.541715720165831,-14.207166400845292,-14.065507918886201,0.4964034023403531,159,-0.46572032618544246,-0.42749016046018773,-0.5081570996978853,-0.4136788189213619,-0.4948764315852923,-0.46198456737003396,0.036745184196835375,273,1.0610241308096169,-0.35302763474420606,1.7578054735469366,-0.9484688835857196,1.5158087505093638,0.6066283673071984,1.0674793029400689,91,-10.870520676437755,-10.712207261773006,-10.858425403898593,-10.191808167695006,-11.035819878720467,-10.733756277704966,0.28971069185519505,161,quantile_0.40
106.30836658477783,1.1457171447324312,0.09357118606567383,0.013253703384130639,0.03,huber,6,1.0,15,400,0.6,0.8,"{'alpha': 0.8, 'learning_rate': 0.03, 'loss': 'huber', 'max_depth': 6, 'max_features': 1.0, 'min_samples_leaf': 15, 'n_estimators': 400, 'subsample': 0.6}",-9.09455161272915,-9.491483274012127,-9.31690865292415,-9.360108706446503,-9.37463477291334,-9.327537403805055,0.13004049329281298,144,-13.62648880542299,-14.92103098228041,-14.155007284282313,-13.480037084870284,-14.178923031563233,-14.072297437683847,0.5075581203824958,167,-0.4699486559951676,-0.4359673024523161,-0.5069486404833837,-0.413980114492317,-0.5081374321880651,-0.46699642912224987,0.03760588594423522,309,1.0665432320104307,-0.28059678666946336,1.7128596906640543,-0.9285442754766958,1.5391666924936418,0.6218857106043936,1.0438061827629634,87,-10.810856372407697,-10.563735440171119,-10.878585583217209,-10.183537971757202,-10.73902528535598,-10.635148130581841,0.24898881532326478,106,quantile_0.40
106.01439051628113,1.8242897003580956,0.08740177154541015,0.006496305438964891,0.03,huber,6,1.0,20,400,0.6,0.8,"{'alpha': 0.8, 'learning_rate': 0.03, 'loss': 'huber', 'max_depth': 6, 'max_features': 1.0, 'min_samples_leaf': 20, 'n_estimators': 400, 'subsample': 0.6}",-9.048605399464288,-9.56324883503681,-9.331279646093234,-9.353704784517095,-9.40711049743209,-9.340789832508701,0.16704216290877139,152,-13.622614734810504,-14.958119014172848,-14.180637452335619,-13.46415907147318,-14.21989022009056,-14.089084098576544,0.5270367917646704,188,-0.46813651464814254,-0.44020587344838025,-0.5108761329305136,-0.4203073214823742,-0.504822182037372,-0.4688696049093565,0.0353201882576488,316,1.04793745842757,-0.2856768938100275,1.719208463324939,-0.927077798078486,1.5303603822870278,0.6169503224302046,1.042477777838047,88,-10.783759162090304,-10.537764828704283,-10.815232301056815,-10.024363787809946,-10.832993545942696,-10.598822725120808,0.30646425598144617,89,quantile_0.40
126.9749611377716,2.3784861262729864,0.10986318588256835,0.003048946451356015,0.03,huber,7,1.0,5,400,0.6,0.8,"{'alpha': 0.8, 'learning_rate': 0.03, 'loss': 'huber', 'max_depth': 7, 'max_features': 1.0, 'min_samples_leaf': 5, 'n_estimators': 400, 'subsample': 0.6}",-9.080814640129532,-9.504586012834205,-9.365280320579835,-9.338889801581642,-9.451501057280765,-9.348214366481196,0.14628809946969984,154,-13.640462802196037,-14.916536459821536,-14.212457134040415,-13.466655456664192,-14.215811173389625,-14.090384605222363,0.5108087886384621,189,-0.4593778314708547,-0.4217378141083863,-0.49758308157099695,-0.40494124736366377,-0.48342374924653403,-0.45341274475208715,0.035327181023634656,199,0.9488756932676085,-0.3865379716887554,1.5876079972180404,-1.0797542571822838,1.4009716033415947,0.4942326129912408,1.0466649080019885,134,-10.91660246347072,-10.81009069630417,-11.00608996111444,-10.197943032686561,-11.224596099733477,-10.831064450661874,0.34470290629364025,211,quantile_0.40
125.46915531158447,2.0519460620904666,0.11165294647216797,0.008582181043008598,0.03,huber,7,1.0,10,400,0.6,0.8,"{'alpha': 0.8, 'learning_rate': 0.03, 'loss': 'huber', 'max_depth': 7, 'max_features': 1.0, 'min_samples_leaf': 10, 'n_estimators': 400, 'subsample': 0.6}",-8.99359718634336,-9.467558996351896,-9.3180263663078,-9.293490373999834,-9.483260497782116,-9.311186684156999,0.17622980855876325,134,-13.55421812921772,-14.927608980382963,-14.171487344631736,-13.431029168681656,-14.283913383438382,-14.07365140127049,0.5414424766889087,172,-0.4669284204167925,-0.4259763851044505,-0.4891238670694864,-0.4091593853570353,-0.5045207956600362,-0.45914177072156015,0.036378552937462685,243,0.9925315780509067,-0.36813974687673884,1.5635862871503787,-0.9965845311801239,1.5458039871309763,0.5474395148550799,1.0440008109495993,115,-10.693425724097484,-10.680661613722974,-11.1235756278402,-10.138965571545883,-10.93023774221674,-10.713373255884655,0.33066851521570007,149,quantile_0.40
124.48499999046325,1.3041196204651002,0.11201949119567871,0.009678314092754388,0.03,huber,7,1.0,15,400,0.6,0.8,"{'alpha': 0.8, 'learning_rate': 0.03, 'loss': 'huber', 'max_depth': 7, 'max_features': 1.0, 'min_samples_leaf': 15, 'n_estimators': 400, 'subsample': 0.6}",-9.038161211833138,-9.443404275499864,-9.304468305684953,-9.250660013291434,-9.433625382892638,-9.294063837840405,0.14782306322878463,119,-13.637408323686799,-14.925229021668459,-14.225576767383728,-13.412868070786347,-14.22623208209288,-14.08546285312364,0.5287327690246827,182,-0.4590758079130172,-0.42415985467756584,-0.49486404833836856,-0.41428141006327207,-0.4984930681133213,-0.458174837821109,0.03480264842787152,235,0.9582625389057458,-0.3727918164940377,1.6669964133573687,-1.0387996215713644,1.5444486832962627,0.551623239498795,1.07509099813904,114,-10.887552315360672,-10.692445735937277,-11.085332179496362,-9.910968960043238,-11.0112605053249,-10.71751193923249,0.4246489304284291,151,quantile_0.40
122.20689301490783,2.230566703841788,0.11594157218933106,0.010428513944318032,0.03,huber,7,1.0,20,400,0.6,0.8,"{'alpha': 0.8, 'learning_rate': 0.03, 'loss': 'huber', 'max_depth': 7, 'max_features': 1.0, 'min_samples_leaf': 20, 'n_estimators': 400, 'subsample': 0.6}",-9.004951117594935,-9.454775667216563,-9.275131901871001,-9.291051839887583,-9.436783596547262,-9.292538824623469,0.16133149019281282,117,-13.612594582625697,-14.925465645436633,-14.197093940103642,-13.462601913763208,-14.261988123611253,-14.091948841108087,0.5216468484748452,191,-0.46572032618544246,-0.4247653648198607,-0.5039274924471299,-0.41006327206990056,-0.5072332730560579,-0.46234194571567827,0.03975188441298098,279,0.9653110749603181,-0.3449727448639056,1.6485478621506178,-1.0138912045760213,1.532614225145304,0.5575218425632625,1.0574753361757459,109,-10.704130388959289,-10.723335371536288,-10.83854317113656,-10.09254083343096,-10.8129714712941,-10.63430424727144,0.2756611480381347,105,quantile_0.40
146.87199416160584,1.9070698856996093,0.12974958419799804,0.004765429226496349,0.03,huber,8,1.0,5,400,0.6,0.8,"{'alpha': 0.8, 'learning_rate': 0.03, 'loss': 'huber', 'max_depth': 8, 'max_features': 1.0, 'min_samples_leaf': 5, 'n_estimators': 400, 'subsample': 0.6}",-9.107616141375516,-9.456749149111522,-9.378266950670403,-9.39318079287123,-9.490630443034323,-9.365288695412598,0.1352162102721806,161,-13.648829690499257,-14.887890454991904,-14.227610047919665,-13.537938066754268,-14.233951709654331,-14.107243993963886,0.4846038880679578,205,-0.4593778314708547,-0.41689373297002724,-0.4854984894259819,-0.4022295872250678,-0.4819168173598553,-0.4491832916903574,0.03388649257753518,166,0.9353298965964627,-0.44880720453964523,1.562717550355897,-1.0698475488452492,1.2910170102569891,0.45408194076489095,1.0294370032598605,150,-10.93103035230941,-10.80364278973163,-11.26778428699348,-10.346495519446526,-11.186212085684986,-10.907033006833206,0.32666500533537196,249,quantile_0.40
145.91567568778993,1.6740742562977957,0.15067687034606933,0.028600903316850286,0.03,huber,8,1.0,10,400,0.6,0.8,"{'alpha': 0.8, 'learning_rate': 0.03, 'loss': 'huber', 'max_depth': 8, 'max_features': 1.0, 'min_samples_leaf': 10, 'n_estimators': 400, 'subsample': 0.6}",-8.998970860412518,-9.426947909443607,-9.290467630446006,-9.291901030418876,-9.400655575100316,-9.281788601164264,0.1518973624073019,102,-13.542168292449405,-14.915274989903972,-14.130757715329382,-13.502529959626628,-14.169649042124087,-14.052075999886696,0.5151957782129584,138,-0.4560555723346421,-0.420829548894944,-0.49033232628398793,-0.4088580897860801,-0.4909584086799277,-0.45340678919591626,0.03413648684901763,198,0.8423303712597681,-0.43307517878637075,1.5985653120942966,-1.023739580912697,1.3933352160058925,0.47548322793217784,1.030678405257826,140,-10.789585555651303,-10.685885478187357,-11.103727369010596,-10.111285132981212,-10.992775151900059,-10.736651737546106,0.345486993934324,162,quantile_0.40
142.46435136795043,1.7582684555538908,0.12834429740905762,0.003495645304845871,0.03,huber,8,1.0,15,400,0.6,0.8,"{'alpha': 0.8, 'learning_rate': 0.03, 'loss': 'huber', 'max_depth': 8, 'max_features': 1.0, 'min_samples_leaf': 15, 'n_estimators': 400, 'subsample': 0.6}",-9.054480488701419,-9.448146938222127,-9.334587758681069,-9.305647146947836,-9.428505762573634,-9.314273619025217,0.14067736069912687,138,-13.698705723047993,-14.979901695478047,-14.201558223825637,-13.543118650129847,-14.259259803757587,-14.136508819247823,0.5048552697076563,216,-0.45816973723950466,-0.4262791401755979,-0.5,-0.4067490207893944,-0.4951778179626281,-0.45727514323342505,0.036814311593666486,227,0.9512163952630028,-0.3879066255855711,1.6780111905389128,-1.0444139808445916,1.447600026044444,0.5289014010832395,1.063829749049405,122,-10.919203158472708,-10.627121361022208,-11.012598949219981,-10.155197362332096,-10.982020391550453,-10.73922824451949,0.32240675029436805,164,quantile_0.40
139.49038591384888,1.7414459363673607,0.1391129970550537,0.007341432674080976,0.03,huber,8,1.0,20,400,0.6,0.8,"{'alpha': 0.8, 'learning_rate': 0.03, 'loss': 'huber', 'max_depth': 8, 'max_features': 1.0, 'min_samples_leaf': 20, 'n_estimators': 400, 'subsample': 0.6}",-8.991540759636832,-9.42017838396005,-9.292131862202911,-9.206528974430853,-9.441613138291068,-9.270398623704342,0.16374477743957105,87,-13.623567164207415,-14.9120642769005,-14.145087768253797,-13.423590762316156,-14.263297365359948,-14.073521467407563,0.5232894928434355,171,-0.46058592570220475,-0.4217378141083863,-0.5012084592145015,-0.4109671587827659,-0.4897528631705847,-0.4568504441956886,0.035783597261387266,224,0.8983069797225468,-0.37340642083638226,1.6746012921958058,-1.099256008967073,1.3870626324571735,0.4974616949144142,1.0626046398202464,130,-10.736159300006197,-10.725587865828238,-10.940291362585821,-9.863650649697318,-11.055244986874667,-10.66418683299845,0.41927759171838136,125,quantile_0.40
169.45010375976562,1.2674725713231385,0.1664571762084961,0.014334506475472783,0.03,huber,9,1.0,5,400,0.6,0.8,"{'alpha': 0.8, 'learning_rate': 0.03, 'loss': 'huber', 'max_depth': 9, 'max_features': 1.0, 'min_samples_leaf': 5, 'n_estimators': 400, 'subsample': 0.6}",-9.087877673062348,-9.526301834611674,-9.473619297383642,-9.394495955341604,-9.546568241228258,-9.405772600325506,0.16741459352055704,174,-13.662201782629213,-14.923939764449148,-14.283042058824659,-13.570882808099157,-14.285489958961737,-14.145111274592782,0.49157803084272605,217,-0.45726366656599216,-0.41628822282773237,-0.4809667673716012,-0.39921663151551673,-0.4819168173598553,-0.4471304211281396,0.033777645815081414,144,0.899516705487764,-0.4479658771902214,1.5869735296345922,-1.1188783580677077,1.178963627476854,0.41972192546825615,1.0285232380273193,157,-10.9208265480117,-10.903906788132023,-11.498292166278379,-10.364820681264929,-11.127990850645265,-10.963167406866457,0.36792625594110295,270,quantile_0.40
162.31780471801758,2.4556514845684743,0.1591183662414551,0.008912352449552066,0.03,huber,9,1.0,10,400,0.6,0.8,"{'alpha': 0.8, 'learning_rate': 0.03, 'loss': 'huber', 'max_depth': 9, 'max_features': 1.0, 'min_samples_leaf': 10, 'n_estimators': 400, 'subsample': 0.6}",-9.079661505361404,-9.373499053102428,-9.31841146797696,-9.306378402405448,-9.441014776025078,-9.303793040974265,0.12177360999420954,130,-13.768447011441765,-14.818933089534065,-14.151374324310565,-13.550570647582806,-14.188274910905445,-14.09551999675493,0.4333580998884924,195,-0.4494110540622169,-0.4229488343929761,-0.48489425981873113,-0.4091593853570353,-0.4770946353224834,-0.4487016337906885,0.029473269516358314,161,0.8171177313622162,-0.38716483999703544,1.5706888190661674,-1.10371083018646,1.2324659043471071,0.4258793569183991,1.0114272129400919,156,-11.010832006986528,-10.62342945808415,-11.228324595050701,-10.023804739394263,-11.185915634072936,-10.814461286717716,0.44932250451292444,201,quantile_0.40
156.6154291152954,1.9063352972263297,0.16226625442504883,0.020934580627031955,0.03,huber,9,1.0,15,400,0.6,0.8,"{'alpha': 0.8, 'learning_rate': 0.03, 'loss': 'huber', 'max_depth': 9, 'max_features': 1.0, 'min_samples_leaf': 15, 'n_estimators': 400, 'subsample': 0.6}",-9.106826918051,-9.395405465638273,-9.334125798682768,-9.309843409032348,-9.36986017966982,-9.303212354214843,0.10247765991272142,129,-13.796158534980512,-14.865333482667292,-14.189282246790428,-13.558211424234132,-14.18610567045746,-14.119018271825965,0.4438844149433245,210,-0.4608879492600423,-0.41992128368150167,-0.48942598187311176,-0.40765290750225974,-0.487040385774563,-0.4529857016182957,0.03375908473785994,193,0.9379175284283726,-0.4249916965588851,1.5767117753090136,-1.061792696422458,1.3177572666354234,0.4691204354782933,1.0305188289114473,144,-10.897165420148495,-10.68106585409849,-11.14656554626938,-10.11651157248789,-10.972003306572029,-10.762662339915256,0.35593965542114575,178,quantile_0.40
154.99566717147826,1.6202016533786692,0.15842094421386718,0.014838946392997559,0.03,huber,9,1.0,20,400,0.6,0.8,"{'alpha': 0.8, 'learning_rate': 0.03, 'loss': 'huber', 'max_depth': 9, 'max_features': 1.0, 'min_samples_leaf': 20, 'n_estimators': 400, 'subsample': 0.6}",-9.07820939383126,-9.40354585189191,-9.274620140435484,-9.27562400984709,-9.404751169490872,-9.287350113099324,0.11943521416472895,109,-13.792115005558669,-14.930702504872619,-14.103984131027948,-13.499858576427126,-14.204332328044654,-14.106198509186203,0.48077823371830486,204,-0.4593778314708547,-0.420829548894944,-0.49486404833836856,-0.41488400120518226,-0.4939722724532851,-0.4567855404725269,0.03431652107256142,223,0.9589939791661299,-0.4069778399581101,1.5853818562555284,-1.0561170007725007,1.2913783552551683,0.4745318699892431,1.0252682324155846,141,-10.924779871135554,-10.689087821373143,-10.972712640124316,-9.905789311226782,-10.826649714187724,-10.663803871609504,0.3912230105468825,123,quantile_0.40
226.06913170814514,4.086106051601426,0.23834614753723143,0.03166833836680593,0.01,squared_error,6,0.75,2,1200,0.6,,"{'learning_rate': 0.01, 'loss': 'squared_error', 'max_depth': 6, 'max_features': 0.75, 'min_samples_leaf': 2, 'n_estimators': 1200, 'subsample': 0.6}",-9.160014287129336,-9.79922639609345,-9.408746594391308,-9.623553163566882,-9.500485993696705,-9.498405286975537,0.21387230301258678,217,-13.370399865665721,-14.87760690772814,-14.03408455474621,-13.578009784750819,-13.909415774335047,-13.953903377445187,0.5183451979460604,18,-0.4533373603141045,-0.41537995761429003,-0.4930513595166163,-0.40162699608315755,-0.4668474984930681,-0.4460486344042473,0.03349275780803893,134,0.5503857111291898,-0.6106642632656496,1.248936102361831,-1.510404033120993,0.7580370413662814,0.08725811169413192,1.0053404667372248,221,-10.709904861503656,-11.060430293269032,-10.807882881817672,-10.100353324812419,-10.987017246720136,-10.733117721624582,0.34003468538577175,160,quantile_0.40
228.0919801712036,4.221330228888685,0.23939251899719238,0.014714736360400903,0.01,squared_error,6,0.75,5,1200,0.6,,"{'learning_rate': 0.01, 'loss': 'squared_error', 'max_depth': 6, 'max_features': 0.75, 'min_samples_leaf': 5, 'n_estimators': 1200, 'subsample': 0.6}",-9.141021602774998,-9.799686623162904,-9.39971999164634,-9.620397015252859,-9.522061980068608,-9.496577442581142,0.2207520077382508,215,-13.368358904530172,-14.87932336548873,-14.035939801249272,-13.575664452117175,-13.965006516283664,-13.964858607933802,0.5193423413919686,27,-0.4533373603141045,-0.4171964880411747,-0.4927492447129909,-0.4040373606507984,-0.46594333936106086,-0.4466527586160258,0.03232782224568774,140,0.5949112400794236,-0.5893870806382041,1.2529374235670458,-1.5787627914916966,0.8206811359565086,0.10007598549461545,1.0379867211213076,201,-10.738065837005658,-11.038323435761642,-10.809410191402915,-9.951597311209284,-11.098713343781156,-10.72722202383213,0.4106716613807348,156,quantile_0.40
225.44526834487914,3.135238148541999,0.23489727973937988,0.014872831454480257,0.01,squared_error,6,0.75,10,1200,0.6,,"{'learning_rate': 0.01, 'loss': 'squared_error', 'max_depth': 6, 'max_features': 0.75, 'min_samples_leaf': 10, 'n_estimators': 1200, 'subsample': 0.6}",-9.081942713096163,-9.807940283542047,-9.349362798667036,-9.60885248399632,-9.485665300101596,-9.466752715880633,0.2444659964794931,204,-13.277087976249499,-14.882933929471317,-13.98196369769994,-13.571862652286297,-13.923355804112228,-13.927440811963857,0.5413596158790661,7,-0.4569616430081546,-0.42385709960641843,-0.5009063444108761,-0.40373606507984333,-0.47649186256781195,-0.4523906029346209,0.03503417520163331,190,0.5827803700712779,-0.6356028137158558,1.2808625883064406,-1.5505612638915434,0.8531017684108338,0.10611612983623064,1.044983498621537,187,-10.574982858019629,-10.820082379584253,-10.610990962268458,-9.97965244758498,-10.848839068097483,-10.566909543110961,0.31319642027367506,83,quantile_0.40
226.64741930961608,1.0596692571775366,0.23735246658325196,0.017366426733800067,0.01,squared_error,6,0.75,15,1200,0.6,,"{'learning_rate': 0.01, 'loss': 'squared_error', 'max_depth': 6, 'max_features': 0.75, 'min_samples_leaf': 15, 'n_estimators': 1200, 'subsample': 0.6}",-9.100811108954472,-9.80667107298134,-9.371986136930499,-9.5832511440843,-9.456594392896891,-9.463862771169499,0.23326884492244415,201,-13.323542723338516,-14.89514215385436,-14.033319245827359,-13.547133245546574,-13.923259432195312,-13.944479360152425,0.5395458830699282,16,-0.45665961945031713,-0.42355434453527097,-0.4927492447129909,-0.39650497137692076,-0.47739602169981915,-0.44937284035506375,0.035161099510604685,168,0.5766666162310993,-0.6039465227276979,1.299166646250774,-1.5580822998974326,0.8248915708754982,0.10773920214644823,1.042608041584194,185,-10.595942046325868,-10.863688059145023,-10.828177716839367,-10.119884268182451,-10.768298746147977,-10.635198167328138,0.27358872745897284,107,quantile_0.40
262.3982637882233,2.875590691168984,0.32296552658081057,0.027852158519980977,0.01,squared_error,7,0.75,2,1200,0.6,,"{'learning_rate': 0.01, 'loss': 'squared_error', 'max_depth': 7, 'max_features': 0.75, 'min_samples_leaf': 2, 'n_estimators': 1200, 'subsample': 0.6}",-9.07539199014679,-9.736159294306466,-9.360963683531034,-9.510240276752606,-9.461533783810308,-9.428857805709441,0.21525460535358332,184,-13.320536274004057,-14.939713519860678,-14.03588056315323,-13.466979091112801,-13.872598086100728,-13.927141506846297,0.5691784616477369,6,-0.43823618242222895,-0.40962761126248864,-0.4770392749244713,-0.400120518228382,-0.46081977094635324,-0.4371686715567848,0.02926176605013907,92,0.48957339960379825,-0.6267766004237831,1.243195811519321,-1.4639518378137193,0.8067399906435817,0.0897561527058397,0.9931536041737552,218,-10.913025639374291,-11.119102379118441,-11.11455602552776,-10.054831072604733,-11.141312094060826,-10.86856544213721,0.4151653148665193,234,quantile_0.40
262.31349444389343,4.286898240288512,0.32602295875549314,0.0207823398200812,0.01,squared_error,7,0.75,5,1200,0.6,,"{'learning_rate': 0.01, 'loss': 'squared_error', 'max_depth': 7, 'max_features': 0.75, 'min_samples_leaf': 5, 'n_estimators': 1200, 'subsample': 0.6}",-9.05816835016657,-9.72998473940912,-9.365991960247957,-9.515841159697997,-9.460567258908092,-9.426110693685947,0.21935089575679262,183,-13.333056713141676,-14.888833576991399,-14.016397912247644,-13.48992885225872,-13.915465952753864,-13.928736601478661,0.5435133095070723,10,-0.44125641800060406,-0.41174689676052073,-0.48610271903323266,-0.40162699608315755,-0.46865581675708257,-0.4418777693269195,0.032253031815635595,109,0.5158332242577435,-0.6334248529404279,1.276811824136853,-1.4317990456580858,0.8429751257628992,0.11407925511179635,0.9993142229943982,176,-10.848569203599899,-11.046300479781653,-10.947072879525706,-10.064116945423281,-10.992653901073425,-10.779742681880792,0.36365943592763844,186,quantile_0.40
261.95853958129885,3.016610844806331,0.323801851272583,0.01838997195519802,0.01,squared_error,7,0.75,10,1200,0.6,,"{'learning_rate': 0.01, 'loss': 'squared_error', 'max_depth': 7, 'max_features': 0.75, 'min_samples_leaf': 10, 'n_estimators': 1200, 'subsample': 0.6}",-9.04657379069611,-9.716771821905676,-9.282698742913084,-9.45014750260838,-9.434252024365144,-9.386088776497678,0.21987924867292002,166,-13.34651289252502,-14.85854112152655,-13.933680475432903,-13.449691644719541,-13.91103244462934,-13.899891715766671,0.5346368309920851,1,-0.4539414074297795,-0.4159854677565849,-0.49033232628398793,-0.3998192226574269,-0.4704641350210971,-0.4461085118297753,0.033646374175282254,137,0.5734498483617136,-0.6245619892614918,1.2755635642079022,-1.5113440718847257,0.8582286034783562,0.1142671909803509,1.0297006456371602,175,-10.596107208556372,-10.928518587053766,-10.766435069799895,-9.927991178060212,-10.938645330936811,-10.63153947488141,0.373347846619088,103,quantile_0.40
260.1268265724182,5.159047755297744,0.31668896675109864,0.022925643429301094,0.01,squared_error,7,0.75,15,1200,0.6,,"{'learning_rate': 0.01, 'loss': 'squared_error', 'max_depth': 7, 'max_features': 0.75, 'min_samples_leaf': 15, 'n_estimators': 1200, 'subsample': 0.6}",-9.064181210084858,-9.669851861336246,-9.338741802515957,-9.478428418571783,-9.415770955209897,-9.393394849543748,0.19775158825701303,169,-13.38847093258458,-14.856557660770264,-13.989419507725922,-13.448952147501503,-13.894946705264099,-13.915669390769272,0.5266692407093674,2,-0.4494110540622169,-0.418104753254617,-0.49395770392749244,-0.3998192226574269,-0.474080771549126,-0.4470747010901759,0.03465585220822186,142,0.5675750883721461,-0.576245438096364,1.305986882455268,-1.5054052833493807,0.8156214116513915,0.1215065322066122,1.021515167821683,168,-10.715976177483581,-10.874794357697802,-10.77493943341124,-9.97078514913457,-10.790769190478626,-10.625452861641165,0.3312495101537056,101,quantile_0.40
299.2316933631897,1.8128362114283394,0.39888629913330076,0.03253049607087588,0.01,squared_error,8,0.75,2,1200,0.6,,"{'learning_rate': 0.01, 'loss': 'squared_error', 'max_depth': 8, 'max_features': 0.75, 'min_samples_leaf': 2, 'n_estimators': 1200, 'subsample': 0.6}",-9.039068742019586,-9.65081341968505,-9.363973619723872,-9.516936766300699,-9.480835982137227,-9.410325705973289,0.20695516754067989,177,-13.342509910668921,-14.908855328416461,-14.029683905675213,-13.4837188263772,-13.89149568142577,-13.931252730512714,0.5502510085211156,12,-0.4373301117487164,-0.40236148955495005,-0.46314199395770395,-0.3889725821030431,-0.45690174804098854,-0.4297415850810804,0.02940281869808764,82,0.5587607965995611,-0.6150465665472997,1.198629701961421,-1.4959564409517787,0.7717571678996105,0.08362893179230282,0.9925457044920657,227,-10.973209116839776,-11.228419080479307,-11.403201890012499,-10.310470061902812,-11.219691316564058,-11.02699829315969,0.38354558081027235,283,quantile_0.40
296.9697900772095,2.6869644511172432,0.38890972137451174,0.024004319206994428,0.01,squared_error,8,0.75,5,1200,0.6,,"{'learning_rate': 0.01, 'loss': 'squared_error', 'max_depth': 8, 'max_features': 0.75, 'min_samples_leaf': 5, 'n_estimators': 1200, 'subsample': 0.6}",-9.044748716764888,-9.646430823372793,-9.311468542048749,-9.455561207349074,-9.442609140655263,-9.380163686038154,0.19884900495947305,164,-13.384637213787064,-14.90564783140287,-13.981009231752493,-13.445434457109105,-13.898783079028506,-13.923102362616007,0.5454267275694733,4,-0.44518272425249167,-0.4141689373297003,-0.4691842900302115,-0.39198553781259415,-0.46594333936106086,-0.43729296575721166,0.029958746563608675,93,0.591042388086488,-0.5751824688655617,1.194479349732506,-1.4528496225804248,0.8056450616066338,0.11262694159592826,0.9801386376630224,177,-10.822287770747254,-10.951145217447872,-11.195971513778478,-10.207916890794445,-10.997318060512606,-10.834927890656129,0.335717767980429,215,quantile_0.40
294.01008043289187,5.319861098430814,0.3846275806427002,0.029702910333546488,0.01,squared_error,8,0.75,10,1200,0.6,,"{'learning_rate': 0.01, 'loss': 'squared_error', 'max_depth': 8, 'max_features': 0.75, 'min_samples_leaf': 10, 'n_estimators': 1200, 'subsample': 0.6}",-9.075574848672478,-9.652303205483694,-9.281844860667436,-9.492323880532412,-9.417204793134172,-9.383850317698037,0.19513321905457912,165,-13.424771855254116,-14.91634180843518,-13.974737145957402,-13.536011241021678,-13.865280758739239,-13.943428561881523,0.52699926841668,15,-0.44910903050437934,-0.4141689373297003,-0.4818731117824773,-0.39198553781259415,-0.4665461121157324,-0.44073654590897665,0.03319924057559514,104,0.6094374677656831,-0.5979117452140407,1.2286099921331055,-1.4603016886974416,0.7703757755375141,0.11004196030496408,0.990334154450879,184,-10.7824733623829,-10.930794953680797,-10.905832464818115,-10.245304248539687,-10.91808537689039,-10.756498081262377,0.26106875025486814,174,quantile_0.40
290.13550796508787,5.6201820984592095,0.3937044620513916,0.032015867540293175,0.01,squared_error,8,0.75,15,1200,0.6,,"{'learning_rate': 0.01, 'loss': 'squared_error', 'max_depth': 8, 'max_features': 0.75, 'min_samples_leaf': 15, 'n_estimators': 1200, 'subsample': 0.6}",-9.024233808322018,-9.654514828885814,-9.282787406381523,-9.44249605717556,-9.3963849515277,-9.360083410458524,0.20667323671996396,158,-13.366958327133013,-14.934957229761062,-13.98711253966363,-13.503311592972358,-13.853652531545332,-13.929198444215078,0.5510182431450988,11,-0.4533373603141045,-0.410535876475931,-0.49244712990936557,-0.39680626694787585,-0.4731766124171187,-0.4452606492128791,0.03639982205085284,127,0.5457471392247663,-0.6129500039209731,1.2820465050590868,-1.470356736948172,0.8369844973541111,0.1162942801537638,1.0111440128023836,172,-10.555032284252965,-11.011905832175104,-10.726871241370679,-10.045379804037472,-10.813477653308869,-10.63053336302902,0.3275056215910727,102,quantile_0.40
333.09018926620485,2.648439944195493,0.47711682319641113,0.0321843659475704,0.01,squared_error,9,0.75,2,1200,0.6,,"{'learning_rate': 0.01, 'loss': 'squared_error', 'max_depth': 9, 'max_features': 0.75, 'min_samples_leaf': 2, 'n_estimators': 1200, 'subsample': 0.6}",-9.093856359209912,-9.637707016096979,-9.385636063960101,-9.532913968893789,-9.476617038341258,-9.425346089300408,0.18480208301513354,182,-13.43737537088533,-14.927938884195717,-14.064825810338666,-13.529314877531215,-13.939175492989381,-13.97972608718806,0.5300959119325267,40,-0.4309876170341287,-0.3996366939146231,-0.4570996978851964,-0.38806869539017774,-0.45418927064496684,-0.4259963949738186,0.028001822168916557,81,0.5613054973485856,-0.658158198747521,1.2243404213093774,-1.4542547195637843,0.6738603201041813,0.06941866409016777,0.9789887955383841,236,-11.201205643680865,-11.234640054433806,-11.605757490496355,-10.408800484676355,-11.174281312316513,-11.124936997120779,0.3909798920609762,308,quantile_0.40
328.18116068840027,2.9233128833450173,0.4539766788482666,0.00680520268954732,0.01,squared_error,9,0.75,5,1200,0.6,,"{'learning_rate': 0.01, 'loss': 'squared_error', 'max_depth': 9, 'max_features': 0.75, 'min_samples_leaf': 5, 'n_estimators': 1200, 'subsample': 0.6}",-9.03636618349086,-9.6352773784066,-9.371753907128841,-9.462419610883138,-9.49129654310138,-9.399422724602164,0.2003059856479635,171,-13.404735181719975,-14.948925845742806,-14.065242624740568,-13.466474078267044,-13.941489897942107,-13.9653735256825,0.555182031818252,28,-0.4427665357897916,-0.4017559794126552,-0.47371601208459213,-0.38987646881590843,-0.46232670283303196,-0.43408833978719585,0.03299436226766226,85,0.571957110869022,-0.6403899363125292,1.2777653137165579,-1.4251061201490482,0.7187518871427837,0.10059565105335724,0.9865954295499771,199,-10.850326885274754,-11.194466172282109,-11.240404534757104,-10.307512934987036,-11.042027604807735,-10.926947626421747,0.33841834528123693,256,quantile_0.40
322.6419677257538,3.0143989762551557,0.44939255714416504,0.01729942111331115,0.01,squared_error,9,0.75,10,1200,0.6,,"{'learning_rate': 0.01, 'loss': 'squared_error', 'max_depth': 9, 'max_features': 0.75, 'min_samples_leaf': 10, 'n_estimators': 1200, 'subsample': 0.6}",-8.961022805158686,-9.61475980394689,-9.289544159497112,-9.461107299757614,-9.450147375336675,-9.355316288739395,0.22239106760837954,157,-13.335650348345215,-14.906269557274323,-13.984594000132658,-13.487051525193767,-13.903541392125,-13.923421364614194,0.5488207865559404,5,-0.4433705829054666,-0.4087193460490463,-0.4746223564954683,-0.39228683338354925,-0.4629294755877034,-0.4363857188842468,0.03138642919925445,90,0.5957845989199481,-0.6631990323848619,1.2243432085052819,-1.4326674294503832,0.7785427027376725,0.10056080966553146,0.9901425006806385,200,-10.777448676738542,-10.950742677210881,-11.076055756870762,-10.23286940458898,-11.047784400732645,-10.816980183228363,0.31017133529724705,203,quantile_0.40
322.64843101501464,3.2363408683680728,0.4519566535949707,0.027573756155764403,0.01,squared_error,9,0.75,15,1200,0.6,,"{'learning_rate': 0.01, 'loss': 'squared_error', 'max_depth': 9, 'max_features': 0.75, 'min_samples_leaf': 15, 'n_estimators': 1200, 'subsample': 0.6}",-9.022518092003756,-9.615756119168063,-9.270758283967492,-9.431178446746745,-9.435360561348267,-9.355114300646864,0.1989449922939906,156,-13.43123022423262,-14.905204913278979,-13.965441110225976,-13.487146664105971,-13.905226180908896,-13.938849818550489,0.5286573951397066,13,-0.44518272425249167,-0.4120496518316682,-0.4806646525679758,-0.39620367580596566,-0.4620253164556962,-0.43922520418275945,0.031183096693474716,98,0.5436382096169676,-0.6949260613572588,1.2979964680936789,-1.4420328510866094,0.7947454332889122,0.0998842397111381,1.0123689352727014,203,-10.74407853279044,-10.824945511002603,-10.993896363709139,-10.082119479846385,-11.070936624333385,-10.74319530233639,0.350419895585739,168,quantile_0.40
151.44657788276672,2.361152466166774,0.1655733585357666,0.013596944955953282,0.015,squared_error,6,0.75,2,800,0.6,,"{'learning_rate': 0.015, 'loss': 'squared_error', 'max_depth': 6, 'max_features': 0.75, 'min_samples_leaf': 2, 'n_estimators': 800, 'subsample': 0.6}",-9.183739394698645,-9.86440401771771,-9.4333302301686,-9.615656558424437,-9.532758990602087,-9.525977838322296,0.22285926830900124,231,-13.351587749223283,-14.949301945228452,-14.064910699701109,-13.541973899211166,-13.951885319689579,-13.971931922610716,0.5538934691312188,34,-0.4593778314708547,-0.41537995761429003,-0.49154078549848945,-0.40042181379933717,-0.46232670283303196,-0.44580941824320064,0.03326940693819171,130,0.5601570903902724,-0.6131558655306617,1.2067270403120174,-1.547917184184522,0.7638706974027233,0.07393635567796586,1.009766246134116,234,-10.605536246590862,-11.135886533044395,-10.823168274520851,-10.074050783710412,-11.13566404980442,-10.754861177534188,0.39513484683317884,173,quantile_0.40
152.72405843734742,2.210419680623158,0.1699343204498291,0.016094475755875564,0.015,squared_error,6,0.75,5,800,0.6,,"{'learning_rate': 0.015, 'loss': 'squared_error', 'max_depth': 6, 'max_features': 0.75, 'min_samples_leaf': 5, 'n_estimators': 800, 'subsample': 0.6}",-9.169671479570882,-9.831680821698654,-9.453457816371394,-9.629879963180837,-9.504633873082208,-9.517864790780795,0.21752691677854194,226,-13.400230796351824,-14.898201996464143,-14.110347688077512,-13.552558139120721,-13.950709101424906,-13.982409544287822,0.5253100469721921,43,-0.4593778314708547,-0.4229488343929761,-0.49667673716012084,-0.40373606507984333,-0.46865581675708257,-0.4502790569721755,0.03312530417946717,173,0.6269339462340362,-0.6121918884758479,1.244665588428437,-1.5472686006598588,0.7757763703797419,0.09758308318130167,1.0261846146854623,206,-10.662906168586483,-10.899059393856454,-10.769704522471848,-10.00977131052505,-10.967974658458761,-10.661883210779717,0.34258456716920044,120,quantile_0.40
149.90150465965272,2.5510079073071092,0.16824736595153808,0.013947646422655556,0.015,squared_error,6,0.75,10,800,0.6,,"{'learning_rate': 0.015, 'loss': 'squared_error', 'max_depth': 6, 'max_features': 0.75, 'min_samples_leaf': 10, 'n_estimators': 800, 'subsample': 0.6}",-9.162472222117332,-9.774655142042167,-9.413006309946008,-9.621582895898978,-9.52419007245915,-9.499181328492728,0.20605463307938585,218,-13.374738372347583,-14.81886377508568,-14.050203611411357,-13.586828540464126,-13.972051481791697,-13.960537156220088,0.4955230735717397,21,-0.4578677136816672,-0.42022403875264913,-0.49939577039274924,-0.39620367580596566,-0.46865581675708257,-0.44846940307802274,0.03638357123881407,157,0.611000487742421,-0.6195293260562398,1.2901914454617596,-1.5589119792938575,0.8056775109424913,0.10568562775931489,1.043571530759426,190,-10.672812711855421,-10.893148620389598,-10.71614778294002,-10.174906757495208,-11.020739756182202,-10.69555112577249,0.2887227844142173,142,quantile_0.40
151.563157081604,2.6265169513981363,0.162664794921875,0.012252525103873207,0.015,squared_error,6,0.75,15,800,0.6,,"{'learning_rate': 0.015, 'loss': 'squared_error', 'max_depth': 6, 'max_features': 0.75, 'min_samples_leaf': 15, 'n_estimators': 800, 'subsample': 0.6}",-9.15469754262668,-9.7637148806162,-9.425586594734195,-9.626298745839666,-9.47874189528437,-9.489807931820224,0.20503685968995441,214,-13.358599401385339,-14.810070906018904,-14.065176936473746,-13.548705743923616,-13.925940534974636,-13.94169870455525,0.5027949360135472,14,-0.45665961945031713,-0.41628822282773237,-0.4984894259818731,-0.40313347393793314,-0.46835443037974683,-0.4485850345155205,0.03480058800212216,160,0.5520225341814047,-0.6111805912182782,1.2816235405524008,-1.5759413309010266,0.8113584846618339,0.09157652745526693,1.0412292600762885,213,-10.62795971372737,-10.993025730138669,-10.739656226605648,-9.98472954416343,-10.985377432645272,-10.666149729456077,0.3687680565489691,126,quantile_0.40
177.544446516037,1.0959367812716452,0.22784757614135742,0.036340545685343166,0.015,squared_error,7,0.75,2,800,0.6,,"{'learning_rate': 0.015, 'loss': 'squared_error', 'max_depth': 7, 'max_features': 0.75, 'min_samples_leaf': 2, 'n_estimators': 800, 'subsample': 0.6}",-9.124324743741822,-9.774301221601377,-9.3593730841129,-9.552852185332913,-9.520774279008933,-9.466325102759589,0.21619616946218892,203,-13.345638122223543,-14.978517324576204,-14.01738113674753,-13.534584270516575,-13.92734843681051,-13.960693858174873,0.5657124556620828,22,-0.44427665357897916,-0.41265516197396307,-0.4806646525679758,-0.3949984935221452,-0.4692585895117541,-0.4403707102309634,0.032558124688304754,101,0.49019293908341804,-0.6181991749844232,1.1640955596184117,-1.5369643257304588,0.8342681707138894,0.0666786337401674,1.0013601078182683,238,-10.820417419386255,-11.09413245046801,-10.946788564032257,-10.146732191464737,-11.033407465696957,-10.808295618209641,0.3433282511729852,200,quantile_0.40
177.55981073379516,2.3797240950651273,0.24570918083190918,0.03192034686894011,0.015,squared_error,7,0.75,5,800,0.6,,"{'learning_rate': 0.015, 'loss': 'squared_error', 'max_depth': 7, 'max_features': 0.75, 'min_samples_leaf': 5, 'n_estimators': 800, 'subsample': 0.6}",-9.080738362134591,-9.778701263690156,-9.340368153212781,-9.520712307155963,-9.48686237181877,-9.441476491602453,0.22909108827841174,191,-13.353380005741874,-15.0095223213819,-14.019998449649332,-13.500338143858603,-13.905275095116387,-13.957702803149619,0.580920336382181,20,-0.4457867713681667,-0.41537995761429003,-0.48036253776435045,-0.4022295872250678,-0.46775165762507537,-0.44230210231939016,0.029796066422948065,113,0.5776210918844666,-0.6145986809884816,1.2097282688604944,-1.5070171483126427,0.8378973442939743,0.10072617514756224,1.0096795513455514,198,-10.832936365940753,-11.03098791204943,-10.981389672032243,-9.961593345393625,-11.036582712004538,-10.768698001484118,0.41020493789971285,181,quantile_0.40
173.2275725364685,2.76941273269165,0.2088149070739746,0.01723823187208156,0.015,squared_error,7,0.75,10,800,0.6,,"{'learning_rate': 0.015, 'loss': 'squared_error', 'max_depth': 7, 'max_features': 0.75, 'min_samples_leaf': 10, 'n_estimators': 800, 'subsample': 0.6}",-9.06477893526043,-9.752401630438342,-9.322900278903198,-9.472362046395189,-9.442314205791,-9.410951419357632,0.22312845099378378,178,-13.33715451414093,-14.934185810923696,-14.000371658458132,-13.418038212300862,-13.893338690615435,-13.916617777287811,0.5705016367241024,3,-0.4587737843551797,-0.4223433242506812,-0.47854984894259817,-0.3974088580897861,-0.4707655213984328,-0.44556826740733557,0.03084087773577119,128,0.5812560890617261,-0.5714029201620724,1.232439977246964,-1.509051703010249,0.7953750742703025,0.10572330348133425,1.0037170619642932,189,-10.51284462328198,-10.86911782797223,-11.028464724702346,-10.019039814137455,-10.873448473509413,-10.660583092720685,0.3626402445790215,119,quantile_0.40
174.39454021453858,1.386276231661838,0.20490221977233886,0.007196777806193506,0.015,squared_error,7,0.75,15,800,0.6,,"{'learning_rate': 0.015, 'loss': 'squared_error', 'max_depth': 7, 'max_features': 0.75, 'min_samples_leaf': 15, 'n_estimators': 800, 'subsample': 0.6}",-9.088021705074368,-9.75461512493673,-9.304333946461021,-9.543728598711636,-9.490828673000262,-9.436305609636804,0.22563315740795706,188,-13.381824459519441,-14.947507777693865,-13.96355808519055,-13.515075877736997,-13.961845948844218,-13.953962429797013,0.5490445969891597,19,-0.45816973723950466,-0.4171964880411747,-0.49154078549848945,-0.4073516119313046,-0.46714888487040385,-0.4482815015161754,0.03151715385369918,154,0.5402154311370913,-0.6387090382508598,1.2433805315196016,-1.434366037138855,0.7891257489571593,0.09992932724482748,0.9875194294484073,202,-10.507281858271634,-10.925195139449722,-10.729236300588772,-9.953762700392035,-11.002867345824104,-10.623668668905253,0.3763440633820006,99,quantile_0.40
199.5600549221039,1.7873833789674873,0.2632701873779297,0.018244407927615416,0.015,squared_error,8,0.75,2,800,0.6,,"{'learning_rate': 0.015, 'loss': 'squared_error', 'max_depth': 8, 'max_features': 0.75, 'min_samples_leaf': 2, 'n_estimators': 800, 'subsample': 0.6}",-9.083734057151068,-9.729924641796089,-9.407383378143395,-9.522971355264307,-9.484402565514712,-9.445683199573915,0.21011420885207419,192,-13.38924868224573,-15.01323084180415,-14.074301833018428,-13.5357891215262,-13.928161482034595,-13.988146392125818,0.5701095764097163,50,-0.4364240410752039,-0.4099303663336361,-0.4746223564954683,-0.3895751732449533,-0.4620253164556962,-0.43451545072099157,0.03160080452976198,87,0.47224634488361894,-0.5818816222799229,1.2631663862061366,-1.5018296697748839,0.7285400082911266,0.07604828946521511,0.9914170001455663,232,-10.948045367175379,-11.158045086211926,-11.241094754932195,-10.29472902325576,-11.05236251137892,-10.938855348590838,0.33682632179193844,263,quantile_0.40
197.8044487476349,0.8180536470352704,0.24848589897155762,0.00859687420851869,0.015,squared_error,8,0.75,5,800,0.6,,"{'learning_rate': 0.015, 'loss': 'squared_error', 'max_depth': 8, 'max_features': 0.75, 'min_samples_leaf': 5, 'n_estimators': 800, 'subsample': 0.6}",-9.061098021680337,-9.712621730052534,-9.365763197020176,-9.494140518725462,-9.395850352298321,-9.405894763955365,0.2109336252567618,175,-13.420404776952335,-14.984292224419253,-14.034683109614402,-13.486396090235395,-13.879389042800954,-13.96103304880447,0.5615529514514159,24,-0.4457867713681667,-0.4084165909778989,-0.4788519637462236,-0.3980114492316963,-0.4674502712477396,-0.4397034093143451,0.031801224794920875,99,0.6078380491206155,-0.6019605597524801,1.212430814024379,-1.4690595660367822,0.8093258394404229,0.11171491535923098,0.9952442212475906,179,-10.844799231172749,-11.153637452001885,-11.045369771784694,-10.08146997803699,-10.915788073561945,-10.808212901311652,0.3785836116842097,199,quantile_0.40
194.74197220802307,4.2817563947098565,0.2906672477722168,0.032345354976260655,0.015,squared_error,8,0.75,10,800,0.6,,"{'learning_rate': 0.015, 'loss': 'squared_error', 'max_depth': 8, 'max_features': 0.75, 'min_samples_leaf': 10, 'n_estimators': 800, 'subsample': 0.6}",-9.022069417232398,-9.689688270459586,-9.341843727025449,-9.522521458117197,-9.4652737275005,-9.408279320067027,0.2231870977526829,176,-13.356961730323897,-14.97301401480746,-14.021664234942662,-13.535712904856247,-13.917520993807589,-13.96097477574757,0.5613331062560212,23,-0.4515252189670794,-0.41659097789887983,-0.48882175226586105,-0.39258812895450435,-0.4695599758890898,-0.44381721079508285,0.03496626569025283,123,0.6232013949219634,-0.5980633588450444,1.2562488455095304,-1.497117475057824,0.8250200109112199,0.12185788348796908,1.0170538781555627,166,-10.680766441151535,-10.911932079601321,-10.840446976233244,-10.221149585485056,-10.957379532750352,-10.722334923044302,0.26760350846210057,153,quantile_0.40
196.24586362838744,2.5413918980898598,0.2608997344970703,0.013653560652728857,0.015,squared_error,8,0.75,15,800,0.6,,"{'learning_rate': 0.015, 'loss': 'squared_error', 'max_depth': 8, 'max_features': 0.75, 'min_samples_leaf': 15, 'n_estimators': 800, 'subsample': 0.6}",-9.0214950605867,-9.726363735673354,-9.274884947721398,-9.41629635722848,-9.422203215589947,-9.372248663359976,0.229059347787652,162,-13.375033891451814,-15.021470635630694,-13.959955614787704,-13.389433507264977,-13.891628983972339,-13.927504526621505,0.5989734885519428,8,-0.44669284204167925,-0.41174689676052073,-0.48610271903323266,-0.402832178366978,-0.4701627486437613,-0.44350747696923437,0.03224350811172708,121,0.5592303828416996,-0.6779626889030609,1.2232333385032657,-1.4904664203620874,0.8264661937679744,0.08810016116955824,1.013350892508767,219,-10.724064213384528,-10.987819359368487,-10.798250940771794,-9.837632595534613,-10.899065737259482,-10.649366569263782,0.4155859246533927,113,quantile_0.40
221.68770489692687,1.818771179243551,0.29831581115722655,0.014697066850333911,0.015,squared_error,9,0.75,2,800,0.6,,"{'learning_rate': 0.015, 'loss': 'squared_error', 'max_depth': 9, 'max_features': 0.75, 'min_samples_leaf': 2, 'n_estimators': 800, 'subsample': 0.6}",-9.102972621239891,-9.729121644185597,-9.436092537024624,-9.537789965367725,-9.497842199880408,-9.46076379353965,0.20393477841713845,196,-13.447064912039204,-15.021005053613875,-14.119498954304504,-13.56413381775762,-13.928003986765773,-14.015941344896197,0.5579176737551568,83,-0.440048323769254,-0.4035725098395398,-0.46314199395770395,-0.38806869539017774,-0.4602169981916817,-0.43100970422967144,0.030212502653988057,83,0.5484872341972182,-0.6604328390853196,1.252492092281537,-1.4472165687420646,0.7618193261951911,0.09102984896931243,0.9938932073252702,216,-10.966363617485337,-11.235513549604732,-11.539209107307043,-10.424151049456745,-11.146547787661701,-11.062357022303113,0.3690476328163359,292,quantile_0.40
219.2347644329071,3.2226300470975624,0.2881059169769287,0.009871697437790594,0.015,squared_error,9,0.75,5,800,0.6,,"{'learning_rate': 0.015, 'loss': 'squared_error', 'max_depth': 9, 'max_features': 0.75, 'min_samples_leaf': 5, 'n_estimators': 800, 'subsample': 0.6}",-9.103590760891285,-9.670587711075648,-9.443965869111876,-9.496908686720175,-9.487502452595301,-9.440511096078858,0.18539221790862653,190,-13.482992456149512,-14.98299148700053,-14.149855819385639,-13.546964471304909,-13.958193383149393,-14.024199523398,0.5403862931878737,99,-0.4418604651162791,-0.40811383590675143,-0.47401812688821754,-0.39650497137692076,-0.46443640747438214,-0.4369867613525102,0.03040058959117808,91,0.5800024784604578,-0.6687106630470242,1.2582099470512023,-1.4510426365835243,0.7566607644518547,0.09502397806659324,0.999958155160283,207,-10.957750244529603,-11.028634973901536,-11.288783286010132,-10.14598382234177,-11.028596221337594,-10.889949709624126,0.38874331720664995,239,quantile_0.40
215.15992379188538,2.9540983444205278,0.30225062370300293,0.020047636450931952,0.015,squared_error,9,0.75,10,800,0.6,,"{'learning_rate': 0.015, 'loss': 'squared_error', 'max_depth': 9, 'max_features': 0.75, 'min_samples_leaf': 10, 'n_estimators': 800, 'subsample': 0.6}",-8.998563984205953,-9.698129713978703,-9.331329793545075,-9.504008119723865,-9.473756145245986,-9.401157551339917,0.23280840048963097,172,-13.382421336197927,-15.047310532267717,-14.017281631230608,-13.570964589042335,-13.973147143509818,-13.998225046449681,0.5767734597252546,63,-0.44608879492600423,-0.4072055706933091,-0.4836858006042296,-0.3977101536607412,-0.46775165762507537,-0.4404883955018719,0.033401766854887396,103,0.6055065974425493,-0.6316459076942514,1.2742334890975724,-1.4017382854841838,0.7622079205277883,0.12171276277789493,0.9860067879059876,167,-10.764752097440146,-11.132563573292769,-10.963277472063448,-10.186149083273298,-10.941665196597095,-10.797681484533351,0.32721722941276005,193,quantile_0.40
213.938538646698,3.337658262809384,0.31505255699157714,0.019576774148252898,0.015,squared_error,9,0.75,15,800,0.6,,"{'learning_rate': 0.015, 'loss': 'squared_error', 'max_depth': 9, 'max_features': 0.75, 'min_samples_leaf': 15, 'n_estimators': 800, 'subsample': 0.6}",-9.033331630993054,-9.694747226505894,-9.25776707724144,-9.438959515070492,-9.399468849232303,-9.364854859808636,0.2176667389473581,160,-13.381643149533797,-14.986324487416713,-13.945215966860353,-13.493114785872786,-13.836043453462217,-13.928468368629172,0.5685829714833004,9,-0.44820295983086683,-0.4099303663336361,-0.4818731117824773,-0.3931907200964146,-0.48131404460518384,-0.4429022405297157,0.03627856908819223,118,0.5683387685221143,-0.6748808346704859,1.263991809746605,-1.4164847620812935,0.8401494025293654,0.11622287680926106,1.0020867932696356,173,-10.711297403232724,-11.001705573202491,-10.917561729131798,-10.20176004029546,-10.637148828849472,-10.693894714942388,0.27946160553366384,141,quantile_0.40
115.04939451217652,1.8574558326782853,0.12256383895874023,0.007381957031970569,0.02,squared_error,6,0.75,2,600,0.6,,"{'learning_rate': 0.02, 'loss': 'squared_error', 'max_depth': 6, 'max_features': 0.75, 'min_samples_leaf': 2, 'n_estimators': 600, 'subsample': 0.6}",-9.142578410586694,-9.859269634354831,-9.450250668861425,-9.624070541375216,-9.51233543685155,-9.517700938405943,0.23378575869121132,225,-13.343390004296314,-14.880637410635721,-14.052629731272004,-13.56993723685867,-13.92025237922665,-13.953369352457873,0.5272324726136887,17,-0.4569616430081546,-0.4150772025431426,-0.4882175226586103,-0.3998192226574269,-0.4743821579264617,-0.4468915497587592,0.034038017037105815,141,0.5569208937959723,-0.6213483391201755,1.2363751777641758,-1.5659959372046781,0.7753173828262464,0.07625383561230817,1.0246214230525785,231,-10.61303443384369,-11.127955520846122,-10.944533277330054,-10.077147555102492,-10.843212215911983,-10.721176600606869,0.36241361069260336,152,quantile_0.40
113.05239639282226,3.8425448226855434,0.12224140167236328,0.008467768609421005,0.02,squared_error,6,0.75,5,600,0.6,,"{'learning_rate': 0.02, 'loss': 'squared_error', 'max_depth': 6, 'max_features': 0.75, 'min_samples_leaf': 5, 'n_estimators': 600, 'subsample': 0.6}",-9.142195097063983,-9.870860544876987,-9.434709627304793,-9.628229529291133,-9.529262253218471,-9.521051410351074,0.23870819312917949,228,-13.349758469575818,-14.908716173322972,-14.040871649903991,-13.570199694793814,-13.988301237895367,-13.971569445098392,0.5349903371918128,33,-0.46028390214436726,-0.41477444747199516,-0.4918429003021148,-0.402832178366978,-0.4704641350210971,-0.4480395126613105,0.03382837024348448,151,0.6283806649298502,-0.6033344280231664,1.2539340208918905,-1.5290630380610188,0.8033690046804258,0.11065724488359625,1.0250303042998579,182,-10.61364053410813,-11.171765972251155,-10.865912308209774,-10.052779949286741,-10.981316628349948,-10.737083078441149,0.3869638354773726,163,quantile_0.40
112.76284961700439,1.9420956158411313,0.14241065979003906,0.01784714240370804,0.02,squared_error,6,0.75,10,600,0.6,,"{'learning_rate': 0.02, 'loss': 'squared_error', 'max_depth': 6, 'max_features': 0.75, 'min_samples_leaf': 10, 'n_estimators': 600, 'subsample': 0.6}",-9.154087606022793,-9.793382259356175,-9.469100884691839,-9.634077346029677,-9.498273398982354,-9.50978429901657,0.21174718088891342,223,-13.355159764170248,-14.836587733964985,-14.103536359259135,-13.573264362562444,-13.941009064209581,-13.961911456833278,0.5108321237385381,26,-0.4584717607973422,-0.42204056917953375,-0.49516616314199396,-0.40132570051220245,-0.48010849909584086,-0.45142253854538267,0.0350972188774199,183,0.601777151710308,-0.6280740925199165,1.2945297948297623,-1.5146163894554798,0.8215257589311071,0.11502844469915621,1.0329791730777758,174,-10.639548159701677,-10.858325995358737,-10.868705780724984,-10.11579989296913,-10.747361458241325,-10.64594825739917,0.2778877847774196,112,quantile_0.40
113.23962364196777,2.2197775817271457,0.11547636985778809,0.0009737813825260506,0.02,squared_error,6,0.75,15,600,0.6,,"{'learning_rate': 0.02, 'loss': 'squared_error', 'max_depth': 6, 'max_features': 0.75, 'min_samples_leaf': 15, 'n_estimators': 600, 'subsample': 0.6}",-9.138392449392617,-9.780277726038456,-9.417691692040458,-9.627049664097047,-9.559216847898446,-9.504525675893406,0.21708805837238537,222,-13.373354923996187,-14.827908789538787,-14.0545189099824,-13.570730011629054,-14.027253501780793,-13.970753227385444,0.5023600171897725,31,-0.4578677136816672,-0.42385709960641843,-0.49033232628398793,-0.4067490207893944,-0.4783001808318264,-0.45142126823865886,0.031728523835195026,182,0.5545144451222763,-0.6410923355884759,1.2895846806118347,-1.5673226222004735,0.7926431287032495,0.08566545932968224,1.0420753118656345,222,-10.584833353475862,-10.780974765948674,-10.918387182217836,-9.907494093353604,-10.821509578564719,-10.602639794712138,0.36412865101033576,93,quantile_0.40
133.45075488090515,1.8700025346512672,0.15645127296447753,0.005619578511781303,0.02,squared_error,7,0.75,2,600,0.6,,"{'learning_rate': 0.02, 'loss': 'squared_error', 'max_depth': 7, 'max_features': 0.75, 'min_samples_leaf': 2, 'n_estimators': 600, 'subsample': 0.6}",-9.100835558374312,-9.80033533852557,-9.447619400170463,-9.58582268681423,-9.573615229876346,-9.501645642752184,0.23023835006598709,219,-13.350634769726923,-14.972678055998982,-14.118122492873168,-13.550238985050397,-14.027050397532962,-14.003744940236487,0.562970211986469,74,-0.4427665357897916,-0.42204056917953375,-0.47945619335347434,-0.3904790599578186,-0.472875226039783,-0.44152351686408026,0.032889160953939,106,0.509266918185872,-0.6172340614864127,1.2436266726697573,-1.5453690557870385,0.8596106696904666,0.08998022865452895,1.026990924583018,217,-10.852336050440234,-10.87940585296282,-11.14934609360464,-10.295627161025946,-11.031690100306783,-10.841681051668086,0.2934187307284196,218,quantile_0.40
129.76197743415833,2.7802872203637548,0.15937585830688478,0.005269004598045645,0.02,squared_error,7,0.75,5,600,0.6,,"{'learning_rate': 0.02, 'loss': 'squared_error', 'max_depth': 7, 'max_features': 0.75, 'min_samples_leaf': 5, 'n_estimators': 600, 'subsample': 0.6}",-9.138420208949025,-9.733368859409852,-9.412184021850788,-9.529236854469666,-9.500686281891861,-9.462779245314238,0.19330853969871697,200,-13.441988651037068,-14.950121548803004,-14.106006034626033,-13.465229397850624,-13.906337570616337,-13.973936640586611,0.5507632261743851,36,-0.4503171247357294,-0.4171964880411747,-0.47945619335347434,-0.3974088580897861,-0.4701627486437613,-0.44290828257278514,0.031192116477605406,119,0.5625795503961827,-0.6339246039290519,1.2117773299935712,-1.4805695486934474,0.8008644309807241,0.09214543174959575,0.9977751824778691,211,-10.77129785485982,-10.905466028974265,-11.079178347386526,-10.126431686077055,-10.95530296965104,-10.76753537738974,0.3353896162226906,180,quantile_0.40
128.99561018943785,1.760395051644061,0.1608036518096924,0.009709118885887711,0.02,squared_error,7,0.75,10,600,0.6,,"{'learning_rate': 0.02, 'loss': 'squared_error', 'max_depth': 7, 'max_features': 0.75, 'min_samples_leaf': 10, 'n_estimators': 600, 'subsample': 0.6}",-9.118703798140395,-9.717611438341327,-9.393686920830918,-9.581337626409178,-9.51199554473445,-9.464667065691254,0.20226795286499447,202,-13.422342706340007,-14.886446717359364,-14.061361871834986,-13.58187420486862,-13.980362115961782,-13.986477523272953,0.5094195817026377,47,-0.4593778314708547,-0.42052679382379654,-0.4936555891238671,-0.40343476950888824,-0.4734779987944545,-0.4500945965443722,0.03341232240567659,172,0.5367649950805057,-0.6015337007712902,1.271952516810866,-1.5680794988683846,0.8333300065605055,0.09448686376244046,1.0369663481151181,208,-10.509289011950825,-10.838878605901309,-10.802713139104746,-9.931293400040289,-10.924821826606193,-10.601399196720672,0.36305703011732343,92,quantile_0.40
130.63940358161926,2.907911012725843,0.163681697845459,0.011626677881482231,0.02,squared_error,7,0.75,15,600,0.6,,"{'learning_rate': 0.02, 'loss': 'squared_error', 'max_depth': 7, 'max_features': 0.75, 'min_samples_leaf': 15, 'n_estimators': 600, 'subsample': 0.6}",-9.116734070241993,-9.774446110531592,-9.36648359296982,-9.584461522996271,-9.504911577486963,-9.469407374845328,0.2202355104593381,206,-13.413175459067364,-14.948421179651918,-14.00836874264208,-13.54685483756714,-13.984275741161973,-13.980219192018097,0.5380645315269844,41,-0.4557535487768046,-0.4226460793218286,-0.48700906344410877,-0.4088580897860801,-0.48583484026522,-0.45202032431880845,0.03196058534546282,186,0.5178102653811963,-0.6221782760114122,1.2398858217028275,-1.5430238483637952,0.8652071131172144,0.09154021516520616,1.027633983398754,214,-10.56990599577481,-10.827342642342463,-10.889293660845674,-9.834020501881056,-10.672473267811617,-10.558607213731126,0.379391961072817,82,quantile_0.40
148.10177645683288,2.330338592875322,0.20726728439331055,0.016248214073064704,0.02,squared_error,8,0.75,2,600,0.6,,"{'learning_rate': 0.02, 'loss': 'squared_error', 'max_depth': 8, 'max_features': 0.75, 'min_samples_leaf': 2, 'n_estimators': 600, 'subsample': 0.6}",-9.05119808842114,-9.768103260417055,-9.384095814681665,-9.572218855360203,-9.528397551384147,-9.460802714052843,0.23877861802240083,197,-13.398706319473083,-14.97639844733404,-14.053920126192358,-13.559974151581104,-13.986740820929915,-13.995147973102098,0.5498174679814786,58,-0.44216248867411656,-0.41537995761429003,-0.48308157099697885,-0.39921663151551673,-0.4695599758890898,-0.44188012493799833,0.031579251335330495,111,0.6131766847830828,-0.6564943377883763,1.278028220705435,-1.459799599961307,0.7292848898709947,0.10083917152196586,1.0052218884708422,197,-10.928533085409557,-10.967800390467394,-11.035531756451313,-10.160422456101488,-10.922654152787088,-10.802988368243367,0.32379368663219255,196,quantile_0.40
148.08215408325196,3.274527903883598,0.19167542457580566,0.008985893979430648,0.02,squared_error,8,0.75,5,600,0.6,,"{'learning_rate': 0.02, 'loss': 'squared_error', 'max_depth': 8, 'max_features': 0.75, 'min_samples_leaf': 5, 'n_estimators': 600, 'subsample': 0.6}",-9.050628337269796,-9.712120056142803,-9.418248855473326,-9.52043867255993,-9.444480144583657,-9.429183213205903,0.2154243098336934,185,-13.393589639896607,-14.976180528268857,-14.136181079359217,-13.520277238065509,-13.901142987118295,-13.985474294541698,0.5617933591109949,46,-0.44639081848384177,-0.4135634271874054,-0.4743202416918429,-0.3998192226574269,-0.46172393007836043,-0.4391635280197755,0.02828617864537366,96,0.623557219175921,-0.5937445385927206,1.259404965384717,-1.4578305026126817,0.793934962190351,0.12506442110911736,1.000485282343535,165,-10.836004187209664,-11.024156052147847,-11.255743358929974,-10.082817074625062,-11.087161006617546,-10.857176335906018,0.40980760648203657,229,quantile_0.40
146.98578844070434,2.520112765511648,0.19198756217956542,0.007767255880832766,0.02,squared_error,8,0.75,10,600,0.6,,"{'learning_rate': 0.02, 'loss': 'squared_error', 'max_depth': 8, 'max_features': 0.75, 'min_samples_leaf': 10, 'n_estimators': 600, 'subsample': 0.6}",-9.033877853730717,-9.66789148237276,-9.412594061830683,-9.476591379363668,-9.434222090969337,-9.405035373653432,0.20633976770079518,173,-13.389107207975135,-14.969294044232866,-14.128892048474764,-13.48780248215173,-13.914305873834003,-13.977880331333699,0.5650800809678234,38,-0.4448807006946542,-0.4247653648198607,-0.49154078549848945,-0.40162699608315755,-0.4783001808318264,-0.4482228055855977,0.03320748873674119,153,0.5609680292974971,-0.5731932513988945,1.2993067725707603,-1.3451548588379107,0.8773832676037657,0.1638619918470436,0.9773866126827497,161,-10.783616673016436,-10.705555330330247,-10.896248236591513,-10.123119959349209,-10.77942866406602,-10.657593772670683,0.2740963456384405,117,quantile_0.40
148.4555073261261,2.424230462377667,0.21031389236450196,0.021529230628722418,0.02,squared_error,8,0.75,15,600,0.6,,"{'learning_rate': 0.02, 'loss': 'squared_error', 'max_depth': 8, 'max_features': 0.75, 'min_samples_leaf': 15, 'n_estimators': 600, 'subsample': 0.6}",-9.043277557125842,-9.69167821503254,-9.387862326845005,-9.527905222799918,-9.54652932782249,-9.439450529925159,0.22023772331688388,189,-13.426658799779664,-14.959660412482428,-14.096940594045178,-13.54867572865002,-14.043493055113561,-14.015085718014172,0.541019975091966,82,-0.4494110540622169,-0.42204056917953375,-0.48700906344410877,-0.4067490207893944,-0.48251959011452683,-0.4495458595179561,0.03187126333278319,170,0.5744556918091851,-0.7086657118209383,1.2813016258233045,-1.4804013070172832,0.8895250927808661,0.11124307831502682,1.0387404004312495,180,-10.700374592481142,-10.64235663490241,-10.953763239246928,-9.892468702400949,-10.814125099176122,-10.60061765364151,0.36972037013877596,90,quantile_0.40
165.38388471603395,2.1919236359324192,0.23380675315856933,0.01118135602506027,0.02,squared_error,9,0.75,2,600,0.6,,"{'learning_rate': 0.02, 'loss': 'squared_error', 'max_depth': 9, 'max_features': 0.75, 'min_samples_leaf': 2, 'n_estimators': 600, 'subsample': 0.6}",-9.088886128662725,-9.771579339119299,-9.496436002127645,-9.569760613937852,-9.50660232793358,-9.48665288235622,0.2221720328787467,212,-13.464604044786215,-15.171093823268986,-14.164122668676834,-13.568403986831743,-13.953621564730403,-14.064369217658836,0.6087289904485238,157,-0.4355179704016913,-0.40599455040871935,-0.4670694864048338,-0.3853570352515818,-0.4656419529837251,-0.43191619909011025,0.032329059525478,84,0.5581505038980503,-0.6889665240636105,1.2210579453287471,-1.4198876149471649,0.7566555186190094,0.08540196576700629,0.9827848489150622,223,-11.075360017478756,-11.185633903105494,-11.473125797568132,-10.574444286024272,-11.020546775036083,-11.065822155842547,0.29115087264304423,294,quantile_0.40
162.7827168941498,3.6592552245783447,0.2456742286682129,0.016780492943107805,0.02,squared_error,9,0.75,5,600,0.6,,"{'learning_rate': 0.02, 'loss': 'squared_error', 'max_depth': 9, 'max_features': 0.75, 'min_samples_leaf': 5, 'n_estimators': 600, 'subsample': 0.6}",-9.02828067677587,-9.767364513541713,-9.455026162566197,-9.545386221668695,-9.445571727122053,-9.448325860334904,0.23987363819859328,195,-13.36322962465747,-15.10917143609735,-14.162656467517461,-13.548606167056802,-13.94826426989224,-14.026385593044264,0.6107613105920892,104,-0.43672606463304137,-0.4087193460490463,-0.4755287009063444,-0.3931907200964146,-0.46353224834237494,-0.4355394160054443,0.03129497691884689,89,0.5265991544194194,-0.6574402605286163,1.2204815906828654,-1.4600412027824219,0.7593238983107176,0.07778463602039283,0.9876386512443669,230,-10.939214080597372,-11.144474002852686,-11.2248826757479,-10.281708857350015,-11.00775152314237,-10.919606227938068,0.3343131293078853,255,quantile_0.40
160.38920888900756,3.0006504514447743,0.24740133285522461,0.030066695449394665,0.02,squared_error,9,0.75,10,600,0.6,,"{'learning_rate': 0.02, 'loss': 'squared_error', 'max_depth': 9, 'max_features': 0.75, 'min_samples_leaf': 10, 'n_estimators': 600, 'subsample': 0.6}",-9.052622556293137,-9.670597680669417,-9.314594787142832,-9.488331552480798,-9.434964947656532,-9.392222304848543,0.2048954814446172,168,-13.446372587680541,-14.957817556013634,-14.024939134921482,-13.55875144454179,-13.886546496514452,-13.97488544393438,0.5345948041732803,37,-0.44729688915735427,-0.4150772025431426,-0.47764350453172205,-0.3983127448026514,-0.47106690777576854,-0.4418794497621278,0.03090871141110608,110,0.5532520312575506,-0.6328395095914274,1.2247130966419746,-1.4228783804202443,0.7915942376321425,0.10276829510399921,0.9802952141272276,194,-10.737694381965,-10.88683998507316,-11.032608822051774,-10.124523100631233,-10.854677983617345,-10.727268854667702,0.3157022847903089,157,quantile_0.40
159.41317415237427,2.086631684754923,0.2483976364135742,0.02861290473605589,0.02,squared_error,9,0.75,15,600,0.6,,"{'learning_rate': 0.02, 'loss': 'squared_error', 'max_depth': 9, 'max_features': 0.75, 'min_samples_leaf': 15, 'n_estimators': 600, 'subsample': 0.6}",-9.013862348887708,-9.702694457521321,-9.386222742185227,-9.45317756387921,-9.424457566490162,-9.396082935792725,0.2210273023643318,170,-13.403051178273612,-15.034053761792201,-14.095879781435578,-13.53061942009357,-13.921824278252318,-13.997085683969456,0.5764017898306174,60,-0.4563575958924796,-0.4129579170451105,-0.48610271903323266,-0.40584513407652906,-0.4743821579264617,-0.4471291047947627,0.032307500275431,143,0.5635464557959415,-0.6097324779498504,1.2177354461029521,-1.4722051446214863,0.8260213825407995,0.10507313237367126,0.9966679904294206,191,-10.493315867739101,-11.009550373359446,-10.9071167194636,-9.832534320533178,-10.80403086178041,-10.609309628575147,0.42511939677377647,96,quantile_0.40
90.5632294178009,3.158523716848206,0.10058856010437012,0.0068161934951506435,0.025,squared_error,6,0.75,2,480,0.6,,"{'learning_rate': 0.025, 'loss': 'squared_error', 'max_depth': 6, 'max_features': 0.75, 'min_samples_leaf': 2, 'n_estimators': 480, 'subsample': 0.6}",-9.208687932938812,-9.832122645166878,-9.446434721823005,-9.609329290179256,-9.543886040515098,-9.528092126124609,0.20394629261963695,233,-13.389530060813195,-14.868873909441447,-14.037406328173304,-13.567646293486597,-13.98310171826834,-13.969311662036578,0.5121564330500572,29,-0.44608879492600423,-0.4217378141083863,-0.49154078549848945,-0.39891533594456163,-0.47106690777576854,-0.44586992765064204,0.03318992483621971,131,0.5886696255395776,-0.6642816543427205,1.2369422810099668,-1.5287013313851492,0.8279970196237243,0.0921251880890798,1.0293590068155622,212,-10.98139840085374,-10.869123759042424,-10.867233521627886,-10.128249318443217,-11.008927701068652,-10.770986540207184,0.32646429468688437,183,quantile_0.40
91.51935453414917,1.361609593934995,0.10128393173217773,0.015386094022444521,0.025,squared_error,6,0.75,5,480,0.6,,"{'learning_rate': 0.025, 'loss': 'squared_error', 'max_depth': 6, 'max_features': 0.75, 'min_samples_leaf': 5, 'n_estimators': 480, 'subsample': 0.6}",-9.155861340301415,-9.851162117151306,-9.463501957346475,-9.631412101518427,-9.552995378084004,-9.530986578880327,0.2273126335728338,234,-13.32722872966942,-14.953934623759764,-14.059315027475678,-13.591558432719365,-14.036478954561282,-13.993703153637103,0.5539111296430685,57,-0.45967985502869224,-0.42537087496215564,-0.4930513595166163,-0.40584513407652906,-0.4770946353224834,-0.45220837178129536,0.03228962640877461,187,0.5966915463485828,-0.5632744699766689,1.2768154821768598,-1.4734191287242602,0.758606574078245,0.11908400078055173,0.9979097727203261,169,-10.60798377388244,-10.917399608049049,-10.891682207359755,-10.050623116816569,-10.806663069259107,-10.654870355073385,0.3210469020463817,115,quantile_0.40
90.63081903457642,0.7437855625736371,0.10166254043579101,0.0059132679165612555,0.025,squared_error,6,0.75,10,480,0.6,,"{'learning_rate': 0.025, 'loss': 'squared_error', 'max_depth': 6, 'max_features': 0.75, 'min_samples_leaf': 10, 'n_estimators': 480, 'subsample': 0.6}",-9.227712406036654,-9.828960844154645,-9.486440537767434,-9.725281460557836,-9.552976132495624,-9.564274276202438,0.2075774188142103,241,-13.384842412659788,-14.902255379818731,-14.104736458449256,-13.654863017805086,-13.965651544812289,-14.00246976270903,0.5145332268407486,73,-0.45726366656599216,-0.4229488343929761,-0.4960725075528701,-0.40132570051220245,-0.4770946353224834,-0.45094106886930485,0.03465856605715856,178,0.5238738973430174,-0.6126048166692524,1.2870210521956493,-1.546990627570098,0.7702613720400684,0.08431217546787692,1.0253869102835935,225,-10.662979607163175,-10.89535574759637,-10.858756961869004,-10.18909432232969,-10.818857245751557,-10.68500877694196,0.26029449592572246,135,quantile_0.40
91.68589000701904,1.0839179420246923,0.09978551864624023,0.007547296684357256,0.025,squared_error,6,0.75,15,480,0.6,,"{'learning_rate': 0.025, 'loss': 'squared_error', 'max_depth': 6, 'max_features': 0.75, 'min_samples_leaf': 15, 'n_estimators': 480, 'subsample': 0.6}",-9.141551437807372,-9.830005579772124,-9.461241393839982,-9.644191177500907,-9.56340306330581,-9.528078530445239,0.22792994920194337,232,-13.350866698255505,-14.83803034472723,-14.07116993676474,-13.621727161045529,-14.03123926958144,-13.982606682074888,0.5042395575773252,44,-0.45212926608275444,-0.42567363003330305,-0.48882175226586105,-0.4136788189213619,-0.4767932489451477,-0.4514193432496857,0.028741844778933063,181,0.5501667073383208,-0.5670514929154323,1.2600551419199442,-1.5531221107703317,0.8150339014846155,0.1010164294114233,1.0234663373690176,196,-10.717861983492782,-10.880347563615807,-10.966468335403388,-9.779409407312011,-10.883582126793499,-10.645533883323496,0.4405011498790125,111,quantile_0.40
103.8882511138916,2.6889919170863275,0.12596626281738282,0.008449601975440757,0.025,squared_error,7,0.75,2,480,0.6,,"{'learning_rate': 0.025, 'loss': 'squared_error', 'max_depth': 7, 'max_features': 0.75, 'min_samples_leaf': 2, 'n_estimators': 480, 'subsample': 0.6}",-9.177906958793862,-9.854716895200275,-9.404061966999286,-9.582917237960244,-9.498599805434544,-9.503640572877643,0.22162268347413225,221,-13.471373152089233,-15.061483157777609,-14.036449664991814,-13.558866977876308,-13.898021359059781,-14.005238862358947,0.5678700863186099,77,-0.4494110540622169,-0.41537995761429003,-0.481570996978852,-0.39650497137692076,-0.46835443037974683,-0.44224428208240524,0.031916984325613254,112,0.5976705019003514,-0.5964242553439943,1.2247297110512885,-1.4738282181630005,0.807663048492297,0.11196215758738844,0.9974674309702054,178,-10.875986885873166,-11.144366104025252,-11.03553966573005,-10.225709140086265,-11.002631965678654,-10.856846752278678,0.3269718317013081,228,quantile_0.40
104.56231021881104,3.4706657390132105,0.1315542697906494,0.011380266835937623,0.025,squared_error,7,0.75,5,480,0.6,,"{'learning_rate': 0.025, 'loss': 'squared_error', 'max_depth': 7, 'max_features': 0.75, 'min_samples_leaf': 5, 'n_estimators': 480, 'subsample': 0.6}",-9.076647758729733,-9.753893659233043,-9.360516726485796,-9.6013804887613,-9.56886337643372,-9.472260401928718,0.234229560724983,207,-13.335120740952362,-14.899755086119418,-14.027522273431186,-13.593016426386887,-14.042274731947137,-13.979537851767398,0.5324866954666483,39,-0.4475989127151918,-0.4171964880411747,-0.4800604229607251,-0.40373606507984333,-0.46986136226642555,-0.4436906502126721,0.029398131087673453,122,0.5449800404692491,-0.6421696795532493,1.160301733458528,-1.5210883819114736,0.8309780165367244,0.0746003457999557,1.0032042191000057,233,-10.748046438308984,-10.920182984354994,-10.957806514290658,-10.006899068147227,-11.066925510543918,-10.739972103129157,0.380601521942466,165,quantile_0.40
105.15791015625,0.8366977820319422,0.14150614738464357,0.005430927185962078,0.025,squared_error,7,0.75,10,480,0.6,,"{'learning_rate': 0.025, 'loss': 'squared_error', 'max_depth': 7, 'max_features': 0.75, 'min_samples_leaf': 10, 'n_estimators': 480, 'subsample': 0.6}",-9.038033997543064,-9.771399055688637,-9.364149105319814,-9.59427022056293,-9.542025284672082,-9.461975532757304,0.24857562186643795,199,-13.318105512606524,-14.91721235316378,-14.05071044902092,-13.538191526909799,-14.029922429761246,-13.970828454292453,0.5511329539411769,32,-0.4584717607973422,-0.42385709960641843,-0.4873111782477341,-0.4073516119313046,-0.4680530440024111,-0.44900893891704213,0.029282187030652485,165,0.6268160726803907,-0.6407899965665581,1.2503706444863785,-1.3992220387127277,0.868717834739421,0.1411785033253809,0.9979752600411792,162,-10.540289388178477,-10.770857757957224,-10.890905260960476,-10.058936729127522,-11.121328290472427,-10.676463485339225,0.3612984716424276,133,quantile_0.40
103.07016758918762,1.5049856307292189,0.13494448661804198,0.01211287107364399,0.025,squared_error,7,0.75,15,480,0.6,,"{'learning_rate': 0.025, 'loss': 'squared_error', 'max_depth': 7, 'max_features': 0.75, 'min_samples_leaf': 15, 'n_estimators': 480, 'subsample': 0.6}",-9.087519423909512,-9.756255846533406,-9.34279669959733,-9.549492368422031,-9.500577182975539,-9.447328304287563,0.2232032491779981,194,-13.395543125691633,-14.92105480527661,-14.024496856604946,-13.570120738400318,-13.996021173353116,-13.981447339865326,0.5286589009616517,42,-0.45726366656599216,-0.4265818952467454,-0.48429003021148037,-0.40373606507984333,-0.4707655213984328,-0.44852743570049886,0.02945400135562226,158,0.5402904723115852,-0.5835049970641221,1.2611594192996667,-1.4741208993696042,0.9411559847693869,0.1369959959893825,1.0186149867342047,163,-10.527634929454441,-10.751453532930107,-10.947939723502513,-10.000805188725748,-11.090163460492208,-10.663599367021003,0.38165617241056166,122,quantile_0.40
119.33476839065551,1.5637515557976995,0.15720901489257813,0.010044941765974456,0.025,squared_error,8,0.75,2,480,0.6,,"{'learning_rate': 0.025, 'loss': 'squared_error', 'max_depth': 8, 'max_features': 0.75, 'min_samples_leaf': 2, 'n_estimators': 480, 'subsample': 0.6}",-9.090901028360658,-9.753104969501909,-9.40728578069733,-9.59876885578492,-9.48637896339195,-9.467287919547353,0.22118338053184305,205,-13.391725000889263,-15.017643463366008,-14.105926440713475,-13.555597638293355,-13.920183519438599,-13.99821521254014,0.5693268492255086,62,-0.4448807006946542,-0.4123524069028156,-0.47492447129909365,-0.3983127448026514,-0.4656419529837251,-0.439222455336588,0.02966561463732019,97,0.5930513585927624,-0.6603583128697236,1.2160877509463335,-1.4119900247156816,0.7604365220858914,0.0994454588079164,0.9786914703764076,204,-10.88376318845987,-11.02545602307493,-11.184276841520525,-10.27682259467428,-11.002891191202421,-10.874641967786406,0.3138591076092817,238,quantile_0.40
120.21530265808106,1.3266701667001184,0.16419730186462403,0.003725470067378813,0.025,squared_error,8,0.75,5,480,0.6,,"{'learning_rate': 0.025, 'loss': 'squared_error', 'max_depth': 8, 'max_features': 0.75, 'min_samples_leaf': 5, 'n_estimators': 480, 'subsample': 0.6}",-9.119652407090879,-9.694686784255355,-9.418540913932985,-9.555024524115215,-9.593791533036272,-9.476339232486142,0.19911213344495246,208,-13.447114998182341,-14.938777578378177,-14.102944431961319,-13.52698449632986,-14.072603846066771,-14.017685070183694,0.5338602625428005,87,-0.44639081848384177,-0.41326067211625794,-0.4827794561933535,-0.39710756251883095,-0.47377938517179025,-0.44266357889681485,0.03326033939011777,116,0.5479302184256918,-0.6271793970655526,1.2017523556549667,-1.4953090479019318,0.7720746311436368,0.0798537520513622,0.9937761841480567,228,-10.82860827912225,-10.970687509116456,-10.999114744160236,-10.148025669784477,-10.939549596930322,-10.777197159822748,0.31985750277502045,185,quantile_0.40
117.34651136398315,1.1136373557694677,0.15973472595214844,0.014405420804903816,0.025,squared_error,8,0.75,10,480,0.6,,"{'learning_rate': 0.025, 'loss': 'squared_error', 'max_depth': 8, 'max_features': 0.75, 'min_samples_leaf': 10, 'n_estimators': 480, 'subsample': 0.6}",-9.108554910643724,-9.784868287425448,-9.366797416366905,-9.544859824955857,-9.502070213777438,-9.461430130633875,0.22212637979940023,198,-13.447259838735226,-15.107384281356818,-14.059339218663744,-13.547681346893178,-13.943507653987513,-14.021034467927297,0.5900701789184454,94,-0.45212926608275444,-0.420829548894944,-0.48851963746223565,-0.39439590238023503,-0.4743821579264617,-0.4460513025493261,0.03448929022586629,136,0.622917552173722,-0.6152977578086929,1.236486321633688,-1.4749805208806275,0.8208285431164393,0.1179908276469058,1.0074952990744572,171,-10.761825425647483,-10.894637215584224,-10.852464184533693,-10.230683502760003,-10.880361523308094,-10.7239943703667,0.25094260743746183,154,quantile_0.40
114.57344651222229,3.470803250007271,0.15434789657592773,0.010973435821364768,0.025,squared_error,8,0.75,15,480,0.6,,"{'learning_rate': 0.025, 'loss': 'squared_error', 'max_depth': 8, 'max_features': 0.75, 'min_samples_leaf': 15, 'n_estimators': 480, 'subsample': 0.6}",-9.05103047277236,-9.718724252982062,-9.356216082204208,-9.445137217178681,-9.530427289941349,-9.420307063015732,0.22012209072442487,181,-13.438936563260214,-14.995049541847388,-14.056037674916636,-13.467549367823475,-14.007434577602965,-13.993001545090134,0.5641577879601962,56,-0.46058592570220475,-0.4211323039660914,-0.4824773413897281,-0.4040373606507984,-0.4767932489451477,-0.4490052361307941,0.03106663171387503,164,0.5478441052698568,-0.6004327674510364,1.2104150006100238,-1.5034109973708554,0.8649737839669663,0.10387782500499106,1.0079909133456044,192,-10.420286468163207,-10.825922637206679,-10.950391009428648,-9.827960225034367,-10.901371922638365,-10.585186452494252,0.42234703620395064,86,quantile_0.40
132.96819620132447,3.302551704755272,0.19100966453552246,0.01763663907897437,0.025,squared_error,9,0.75,2,480,0.6,,"{'learning_rate': 0.025, 'loss': 'squared_error', 'max_depth': 9, 'max_features': 0.75, 'min_samples_leaf': 2, 'n_estimators': 480, 'subsample': 0.6}",-9.11786210649298,-9.760825565773654,-9.52668934623658,-9.594062221067123,-9.515264484891487,-9.502940744892365,0.21156990931894737,220,-13.48438164804057,-15.03018681524786,-14.278007464084288,-13.606383866930011,-13.994668446014984,-14.078725648063543,0.5528849349801833,176,-0.43914225309574145,-0.41174689676052073,-0.47311178247734137,-0.3952997890931003,-0.45810729355033153,-0.43548160299540706,0.02870284685749074,88,0.4879279096918539,-0.7042756116226446,1.2755815397445593,-1.4493915210496662,0.6377952846538699,0.04952752028359449,0.9855394235452968,240,-10.93699131485144,-10.997714889176757,-11.416193049999226,-10.301891026432145,-11.08153036689194,-10.946864129470303,0.36251295342926365,266,quantile_0.40
129.59689774513245,3.2476991341139136,0.18637490272521973,0.011675737626805878,0.025,squared_error,9,0.75,5,480,0.6,,"{'learning_rate': 0.025, 'loss': 'squared_error', 'max_depth': 9, 'max_features': 0.75, 'min_samples_leaf': 5, 'n_estimators': 480, 'subsample': 0.6}",-9.123017081633408,-9.715178498355824,-9.415459352068227,-9.611304842801301,-9.523352177624933,-9.477662390496738,0.20297993806621945,209,-13.495879586913277,-15.042335481663134,-14.084464478430776,-13.65722320899616,-14.005623387955602,-14.057105228791789,0.5383228418908871,144,-0.4448807006946542,-0.4093248561913412,-0.47945619335347434,-0.3946971979511901,-0.4620253164556962,-0.43807685292927123,0.031750725491139255,94,0.5895361970948698,-0.6228040144938626,1.2325850103268163,-1.4730874789323176,0.7113191951750759,0.0875097818341164,0.9891790014214339,220,-10.915907639466846,-11.10655063616718,-11.104293270172525,-10.309444057511891,-11.075877239057542,-10.902414568475196,0.3047333038097979,247,quantile_0.40
129.39419121742247,2.1062108348951782,0.18868088722229004,0.010195061009089033,0.025,squared_error,9,0.75,10,480,0.6,,"{'learning_rate': 0.025, 'loss': 'squared_error', 'max_depth': 9, 'max_features': 0.75, 'min_samples_leaf': 10, 'n_estimators': 480, 'subsample': 0.6}",-9.007908326599082,-9.705049113377898,-9.442445524406946,-9.480804385875247,-9.51108454485106,-9.429458379022048,0.22940035260372393,186,-13.362952580342565,-15.040702621232544,-14.145721537067404,-13.552363470977255,-13.980615421100866,-14.016471126144129,0.5847262369913154,84,-0.4593778314708547,-0.4144716924008477,-0.48489425981873113,-0.4070503163603495,-0.47649186256781195,-0.44845719252371896,0.0319449732032018,156,0.5569339915506742,-0.6491051171834435,1.271681484674109,-1.372679526912678,0.7492677496922393,0.1112197163641802,0.972881168525189,181,-10.410648558643604,-10.924683352604196,-11.04790043615523,-9.95961006916979,-10.766555633553027,-10.62187961002517,0.39429291254416304,98,quantile_0.40
127.91101570129395,3.041148006829965,0.1927065372467041,0.024703231970615296,0.025,squared_error,9,0.75,15,480,0.6,,"{'learning_rate': 0.025, 'loss': 'squared_error', 'max_depth': 9, 'max_features': 0.75, 'min_samples_leaf': 15, 'n_estimators': 480, 'subsample': 0.6}",-9.060000971489762,-9.739208109463181,-9.311051532028095,-9.452697292700558,-9.495593865779787,-9.411710354292277,0.22351860804527174,179,-13.444822150192874,-15.066327006639069,-13.997178018601923,-13.54787159708241,-13.942994763724569,-13.999838707248168,0.5749701302144627,65,-0.44910903050437934,-0.42204056917953375,-0.4836858006042296,-0.4070503163603495,-0.47377938517179025,-0.4471330203640565,0.029278980117225142,145,0.5095135918300291,-0.5689746732406108,1.222460336115014,-1.4152522055420054,0.781999910188596,0.1059493918702046,0.9629207494972141,188,-10.653887935155291,-10.86416106163671,-10.88879584120977,-9.87279061594346,-10.846391904791062,-10.62520547174726,0.38534501266185966,100,quantile_0.40
77.23752074241638,0.918434046025758,0.08689818382263184,0.010903912639397835,0.03,squared_error,6,0.75,2,400,0.6,,"{'learning_rate': 0.03, 'loss': 'squared_error', 'max_depth': 6, 'max_features': 0.75, 'min_samples_leaf': 2, 'n_estimators': 400, 'subsample': 0.6}",-9.227009140023029,-9.904341238747817,-9.516867152271901,-9.723834986557293,-9.560351640487296,-9.586480831617468,0.22567680356616926,247,-13.411507464867462,-14.912681888496959,-14.126699113331432,-13.671674615577968,-13.984671058799552,-14.021446828214675,0.5101170573717213,96,-0.44971307762005436,-0.42385709960641843,-0.48882175226586105,-0.3952997890931003,-0.4719710669077758,-0.445932557098642,0.03341491406536596,133,0.5869780241524054,-0.6556699439265053,1.2211009739669474,-1.6166563956542035,0.7264352833404546,0.05243758837581973,1.0385635737832983,239,-10.911387340693372,-10.910129030998139,-10.983521167444557,-10.254468652136948,-10.897688062982272,-10.791438850851057,0.2701838280920225,188,quantile_0.40
75.61891803741455,1.6361479637387184,0.0873640537261963,0.007519313308287868,0.03,squared_error,6,0.75,5,400,0.6,,"{'learning_rate': 0.03, 'loss': 'squared_error', 'max_depth': 6, 'max_features': 0.75, 'min_samples_leaf': 5, 'n_estimators': 400, 'subsample': 0.6}",-9.247138892764458,-9.904425373774359,-9.466121015523543,-9.686483115147606,-9.569617826770754,-9.574757244796142,0.21923766733203287,244,-13.463783227799302,-14.972062776172386,-14.089576443678636,-13.661284813032816,-13.991854823700807,-14.035712416876791,0.5193988534940492,113,-0.4578677136816672,-0.42900393581592494,-0.5012084592145015,-0.4067490207893944,-0.4701627486437613,-0.4529983756290498,0.03273308503152458,194,0.6196165334407397,-0.5635037027661728,1.295910532637376,-1.5915527425423805,0.7472710636731252,0.10154833688853757,1.0412241863708307,195,-10.77467916100442,-10.886755215010597,-10.736083310552335,-9.950768113583981,-10.971614531568202,-10.663980066343907,0.3661672262780947,124,quantile_0.40
75.04989137649537,0.8697524925344807,0.08161592483520508,0.004349689600170756,0.03,squared_error,6,0.75,10,400,0.6,,"{'learning_rate': 0.03, 'loss': 'squared_error', 'max_depth': 6, 'max_features': 0.75, 'min_samples_leaf': 10, 'n_estimators': 400, 'subsample': 0.6}",-9.177344346668912,-9.891617166803385,-9.46313850222469,-9.652268594529831,-9.564809062318888,-9.549835534509139,0.23400747121386775,237,-13.364005885946497,-14.914754868503318,-14.061365738315642,-13.59753528088768,-13.98864481109166,-13.985261316948959,0.5302926329782742,45,-0.4578677136816672,-0.4280956706024826,-0.4933534743202417,-0.411268454353721,-0.4816154309825196,-0.4544401487881264,0.03105581362200721,208,0.5821891959793754,-0.5648520933214748,1.1857464516500327,-1.588477320108828,0.7831449076954471,0.07955022837891046,1.0167528454466364,229,-10.657590883808865,-10.893318613051893,-10.792348192689936,-9.803561626301578,-10.742963477004873,-10.57795655857143,0.3946323398299467,85,quantile_0.40
76.26091003417969,1.0103728784104304,0.08462944030761718,0.00646107557936726,0.03,squared_error,6,0.75,15,400,0.6,,"{'learning_rate': 0.03, 'loss': 'squared_error', 'max_depth': 6, 'max_features': 0.75, 'min_samples_leaf': 15, 'n_estimators': 400, 'subsample': 0.6}",-9.193374150880237,-9.833727394196956,-9.467229708812328,-9.71152035440084,-9.460214400408415,-9.533213201739756,0.2223850028136436,235,-13.444912787730084,-14.920404158207333,-14.066751738961514,-13.726420876589293,-13.96738320791547,-14.02517455388074,0.496480014381628,102,-0.46421020839625493,-0.4332425068119891,-0.48429003021148037,-0.4061464296474842,-0.4807112718505124,-0.45372008938354413,0.029851875313778184,201,0.5689700638217953,-0.5183914470074136,1.2010370117913451,-1.600987207696719,0.818366131414801,0.09379891046476171,1.022138788597907,209,-10.515003804449716,-10.750717901316232,-11.014336508171601,-9.984740175783003,-10.69101260331957,-10.591162198608025,0.34294384165059516,88,quantile_0.40
87.05077252388,2.8293318593423726,0.10921940803527833,0.00763141474739269,0.03,squared_error,7,0.75,2,400,0.6,,"{'learning_rate': 0.03, 'loss': 'squared_error', 'max_depth': 7, 'max_features': 0.75, 'min_samples_leaf': 2, 'n_estimators': 400, 'subsample': 0.6}",-9.223002462430985,-9.888182405560281,-9.448239145140832,-9.628124671018485,-9.491191251578813,-9.535747987145879,0.21917861864198754,236,-13.498543116235883,-15.040755686970993,-14.057525065703215,-13.622452854102725,-13.942670913982516,-14.032389527399067,0.5437873855605967,109,-0.4479009362730293,-0.4250681198910082,-0.48126888217522656,-0.4019282916541127,-0.474080771549126,-0.4460494003085005,0.029720310290668555,135,0.5804124723963325,-0.6237888210707366,1.2666921693641375,-1.5995869749252634,0.7950329161932075,0.08375235239153551,1.0474906900646057,226,-10.943731237091455,-10.897539889447637,-11.131959400819662,-9.987524967516269,-10.848598788514801,-10.761870856677962,0.3988929944594244,177,quantile_0.40
88.37573757171631,0.8488707134173535,0.12723369598388673,0.01493820273047194,0.03,squared_error,7,0.75,5,400,0.6,,"{'learning_rate': 0.03, 'loss': 'squared_error', 'max_depth': 7, 'max_features': 0.75, 'min_samples_leaf': 5, 'n_estimators': 400, 'subsample': 0.6}",-9.144667814602327,-9.852944119648274,-9.456286892234498,-9.645595541676878,-9.478874423662466,-9.515673758364889,0.23373376631957643,224,-13.44659167639554,-15.00622493370549,-14.149704909448051,-13.66314483749235,-13.946336177152011,-14.042400506838689,0.5382421650610423,120,-0.4539414074297795,-0.4262791401755979,-0.48126888217522656,-0.40494124736366377,-0.472875226039783,-0.4478611806368102,0.028588988404616836,150,0.5857517264101487,-0.5748210085794306,1.1795763140032443,-1.497704173282601,0.7974152110779041,0.09804361392585308,0.9895302537893981,205,-10.717704291514405,-10.882684884893605,-11.0498139399394,-10.06058461744814,-10.865751755279971,-10.715307897815103,0.3438636412380024,150,quantile_0.40
87.60906410217285,2.706818099953529,0.10329561233520508,0.003013868386544617,0.03,squared_error,7,0.75,10,400,0.6,,"{'learning_rate': 0.03, 'loss': 'squared_error', 'max_depth': 7, 'max_features': 0.75, 'min_samples_leaf': 10, 'n_estimators': 400, 'subsample': 0.6}",-9.155359141035015,-9.813239328127391,-9.377568007939802,-9.594588118279198,-9.497869564096048,-9.487724831895491,0.21912728864768116,213,-13.490143621066453,-15.030371759707151,-14.049438852816968,-13.586758530926277,-13.949783274694894,-14.02129920784235,0.5468245862245253,95,-0.4593778314708547,-0.42779291553133514,-0.4909365558912387,-0.4022295872250678,-0.47619047619047616,-0.45130547326179454,0.03229963470231725,179,0.5870944549671381,-0.5386754014145986,1.2353628974457957,-1.4506425971570631,0.7989817718314132,0.12642422513453705,0.9822212549552289,164,-10.603965764747906,-10.840015799692976,-10.808861937485027,-10.123503814458566,-10.811693902723835,-10.637608243821663,0.2705688982834248,110,quantile_0.40
85.63022446632385,0.6575181095884847,0.11964268684387207,0.007245438386736268,0.03,squared_error,7,0.75,15,400,0.6,,"{'learning_rate': 0.03, 'loss': 'squared_error', 'max_depth': 7, 'max_features': 0.75, 'min_samples_leaf': 15, 'n_estimators': 400, 'subsample': 0.6}",-9.139036327668174,-9.778448418446535,-9.419734793533753,-9.617369996349666,-9.466753209161581,-9.484268549031942,0.2135015083057241,210,-13.438045858504518,-14.948681777520678,-14.039004428906788,-13.6052255950622,-13.93133083782608,-13.992457699564053,0.524897851160851,55,-0.4569616430081546,-0.4320314865273993,-0.48882175226586105,-0.4046399517927087,-0.47860156720916214,-0.45221128016065715,0.03075579691447887,188,0.530866801902942,-0.658770948747697,1.1619866589906196,-1.5376651028453048,0.8443276010349374,0.06814900206709944,1.011938076555354,237,-10.580650780571698,-10.554412993137793,-10.823701485740319,-9.983820008019723,-10.772092609644849,-10.542935575422877,0.29849851867611094,81,quantile_0.40
98.94062805175781,1.9284609151218324,0.15197386741638183,0.016412015926734094,0.03,squared_error,8,0.75,2,400,0.6,,"{'learning_rate': 0.03, 'loss': 'squared_error', 'max_depth': 8, 'max_features': 0.75, 'min_samples_leaf': 2, 'n_estimators': 400, 'subsample': 0.6}",-9.140636668530094,-9.796388903001574,-9.506149999726583,-9.618658736207093,-9.564725166885351,-9.52531189487014,0.21544929385880068,230,-13.451635571417318,-15.03867256204465,-14.191470652413496,-13.681514931154851,-14.001518599406433,-14.07296246328735,0.5460810724409934,169,-0.44608879492600423,-0.4171964880411747,-0.4755287009063444,-0.39439590238023503,-0.46865581675708257,-0.44037314060216814,0.030723136407545752,102,0.5977350895289828,-0.7750479590064422,1.1979534533031508,-1.458646252241158,0.787368167616517,0.06987249984021009,1.0115597601406041,235,-10.915283984743942,-10.811861080557298,-11.254949945847658,-10.344950891628319,-11.044451988384951,-10.874299578232433,0.30319461229541855,237,quantile_0.40
99.11035690307617,1.6498957771679343,0.13957767486572265,0.024261698058942988,0.03,squared_error,8,0.75,5,400,0.6,,"{'learning_rate': 0.03, 'loss': 'squared_error', 'max_depth': 8, 'max_features': 0.75, 'min_samples_leaf': 5, 'n_estimators': 400, 'subsample': 0.6}",-9.113842886713064,-9.769692879409563,-9.441786301477077,-9.612444092664447,-9.48981835279886,-9.485516902612602,0.2176873627049735,211,-13.442189293376234,-15.024331890046602,-14.174379417103417,-13.629522806005939,-13.94447212120099,-14.042979105546635,0.5517096094007358,121,-0.45726366656599216,-0.4159854677565849,-0.47643504531722053,-0.40554383850557396,-0.4665461121157324,-0.4443548260522208,0.028281955565714296,124,0.6008379369373764,-0.6372775244773217,1.1951091650832493,-1.3980791263418408,0.7909872042388569,0.11031553108806402,0.9710667541337461,183,-10.622624903271667,-10.976844220284278,-11.163006973466924,-10.12759187341186,-11.017995102794297,-10.781612614645805,0.37214887876123026,187,quantile_0.40
98.96363439559937,1.673338688227603,0.14847135543823242,0.027257898774168326,0.03,squared_error,8,0.75,10,400,0.6,,"{'learning_rate': 0.03, 'loss': 'squared_error', 'max_depth': 8, 'max_features': 0.75, 'min_samples_leaf': 10, 'n_estimators': 400, 'subsample': 0.6}",-9.124288805119194,-9.845211607430223,-9.407297446165488,-9.644974665565345,-9.571153941653073,-9.518585293186664,0.24218884813514527,227,-13.464937107500267,-15.100068630291437,-14.104061041859158,-13.71735773932446,-14.086569881128685,-14.0945988800208,0.5567599558241841,193,-0.4509211718514044,-0.4223433242506812,-0.4770392749244713,-0.40132570051220245,-0.47257383966244726,-0.4448406622402413,0.02912914175413085,126,0.547858678486126,-0.6347535674571212,1.2390514049544201,-1.4169254488417296,0.7999727688803582,0.10704076720441073,0.9827161478696204,186,-10.724876194982322,-10.903993873129448,-11.15877602824791,-10.251086843207837,-10.97302245712689,-10.80235107933888,0.3086724272343154,195,quantile_0.40
97.69583911895752,1.0229400629318675,0.13434419631958008,0.006846842006712234,0.03,squared_error,8,0.75,15,400,0.6,,"{'learning_rate': 0.03, 'loss': 'squared_error', 'max_depth': 8, 'max_features': 0.75, 'min_samples_leaf': 15, 'n_estimators': 400, 'subsample': 0.6}",-9.076589245108494,-9.724998346907572,-9.39067908884115,-9.510660637737592,-9.526849038181501,-9.445955271355263,0.21358012157612588,193,-13.419447177680755,-15.013132128453739,-14.073354309262093,-13.498759618691293,-13.995237421256725,-13.999986131068919,0.5692317181859089,66,-0.46239806704922987,-0.41992128368150167,-0.4809667673716012,-0.4091593853570353,-0.4816154309825196,-0.4508121868883775,0.030599264586882165,177,0.5795797895316643,-0.647744042966655,1.265147613717072,-1.4724269291525243,0.8708461599142667,0.11908051820876478,1.0209404300910976,170,-10.441402898005736,-10.808280809631166,-11.077508286893128,-9.82286365198595,-10.794603462854115,-10.588931821874016,0.4330697377553616,87,quantile_0.40
110.65449542999268,2.1024760332000088,0.15892386436462402,0.010220041938227564,0.03,squared_error,9,0.75,2,400,0.6,,"{'learning_rate': 0.03, 'loss': 'squared_error', 'max_depth': 9, 'max_features': 0.75, 'min_samples_leaf': 2, 'n_estimators': 400, 'subsample': 0.6}",-9.183059720970574,-9.74227975137305,-9.515919419279443,-9.58013820915299,-9.601243148079863,-9.524528049771183,0.18604742824253898,229,-13.544095944279892,-14.964916100050024,-14.252482679031669,-13.580490109238196,-14.170340502448424,-14.102465067009641,0.5206088890527534,201,-0.439444276653579,-0.4174992431123221,-0.4779456193353474,-0.3995179270864718,-0.458710066305003,-0.4386234264985447,0.028020895600207023,95,0.5098118391208172,-0.6982750957501398,1.3046181187033148,-1.3698291293955254,0.7153797733128106,0.09234110119825545,0.9792946773320738,210,-11.028555922839379,-10.8311629360125,-11.31984173537387,-10.275269922969466,-11.245254550979267,-10.940017013634897,0.37390207719520396,264,quantile_0.40
107.46319012641906,2.7891886246987667,0.16313071250915528,0.013396283012597241,0.03,squared_error,9,0.75,5,400,0.6,,"{'learning_rate': 0.03, 'loss': 'squared_error', 'max_depth': 9, 'max_features': 0.75, 'min_samples_leaf': 5, 'n_estimators': 400, 'subsample': 0.6}",-9.073047667901399,-9.736918035780718,-9.543653252975849,-9.59878441417966,-9.53296641580178,-9.497073957327881,0.22410996965108015,216,-13.402186259271641,-15.007709781064747,-14.224822812315487,-13.681917469662821,-14.049951639214648,-14.07331759230587,0.5477590499577208,170,-0.4506191482935669,-0.40750832576445656,-0.4743202416918429,-0.4070503163603495,-0.4689572031344183,-0.44169104704892687,0.029176213803742773,107,0.5438135431911688,-0.6740700224040534,1.272236830318447,-1.4248861928547454,0.705889333724581,0.08459669839507959,0.9860514717232713,224,-10.670719661503853,-11.11983171923593,-11.401463750224243,-10.04040273744537,-10.916620622406322,-10.829807698163144,0.4619329505213715,210,quantile_0.40
108.14544129371643,1.6687636776094534,0.1582406997680664,0.017121774961385845,0.03,squared_error,9,0.75,10,400,0.6,,"{'learning_rate': 0.03, 'loss': 'squared_error', 'max_depth': 9, 'max_features': 0.75, 'min_samples_leaf': 10, 'n_estimators': 400, 'subsample': 0.6}",-9.009222798534399,-9.747157754117772,-9.43739427333989,-9.481808431458347,-9.484167964229353,-9.431950244335955,0.23803211304467078,187,-13.377682247788687,-15.049335509604763,-14.124795817182145,-13.558352219530637,-13.988968991732985,-14.019826957167846,0.5826091822834948,93,-0.4439746300211416,-0.4123524069028156,-0.4791540785498489,-0.4070503163603495,-0.4701627486437613,-0.4425388360955834,0.029245422100078394,114,0.5751712422374985,-0.7298640922438506,1.2008668464603758,-1.3502231148276067,0.7615931500925062,0.09150880634378464,0.9661120030164126,215,-10.793853288774065,-10.933965112029941,-11.10108584695425,-9.98842770758602,-10.895972877346132,-10.74266096653808,0.3898868235128476,167,quantile_0.40
106.84149475097657,1.566086482236055,0.15572805404663087,0.008541256619833189,0.03,squared_error,9,0.75,15,400,0.6,,"{'learning_rate': 0.03, 'loss': 'squared_error', 'max_depth': 9, 'max_features': 0.75, 'min_samples_leaf': 15, 'n_estimators': 400, 'subsample': 0.6}",-9.071279099604139,-9.680343833990882,-9.332438074659532,-9.556921689499951,-9.457565677038467,-9.419709674958595,0.20842772212113875,180,-13.471782095029926,-15.010262831159627,-13.992380668643516,-13.61429555589742,-13.93353012679895,-14.004450255505887,0.5390343840122751,76,-0.4475989127151918,-0.42839842567363,-0.4836858006042296,-0.40313347393793314,-0.47769740807715494,-0.44810280420162785,0.03017531214654426,152,0.5634664900595235,-0.6135214821280983,1.2085431029073392,-1.4554759587472423,0.815317947751043,0.10366601996851306,0.9883218028530154,193,-10.762699948507553,-10.582231176043384,-10.896517082369252,-10.048093565160032,-10.75250090443268,-10.60840853530258,0.2973930415550473,95,quantile_0.40
238.46337537765504,2.0035699022125666,0.2289954662322998,0.011587777246570322,0.01,quantile,6,0.75,5,1200,0.6,0.4,"{'alpha': 0.4, 'learning_rate': 0.01, 'loss': 'quantile', 'max_depth': 6, 'max_features': 0.75, 'min_samples_leaf': 5, 'n_estimators': 1200, 'subsample': 0.6}",-9.278912507122174,-10.222530609986878,-9.784844769159863,-10.069565457988997,-9.426953558170728,-9.756561380485728,0.3613000382527433,308,-13.916969628849634,-15.803851982246444,-15.090488263868126,-14.81729633594235,-14.314921064126667,-14.788705455006644,0.6491236821455814,306,-0.3947447900936273,-0.3533151680290645,-0.4108761329305136,-0.3504067490207894,-0.41500904159132007,-0.384870376333063,0.027805090704753933,5,-1.6609896947125382,-3.236903465719746,-1.2724771015505267,-3.518146875116906,-1.213279622644817,-2.1803593519489066,0.9934987816565151,320,-9.649174610515804,-9.88582967331377,-10.35880036021577,-9.34830536395205,-9.89577709443536,-9.827577420486552,0.3321962067697318,67,quantile_0.40
237.39231395721436,1.8151680857176038,0.23287501335144042,0.013957416241365579,0.01,quantile,6,0.75,10,1200,0.6,0.4,"{'alpha': 0.4, 'learning_rate': 0.01, 'loss': 'quantile', 'max_depth': 6, 'max_features': 0.75, 'min_samples_leaf': 10, 'n_estimators': 1200, 'subsample': 0.6}",-9.241637753503479,-10.199398231477232,-9.751414686929367,-10.056368340751938,-9.393343362663986,-9.728432475065201,0.3685465159159219,298,-13.890698095135741,-15.842064980986764,-15.091959516662454,-14.841953866127938,-14.307136299553017,-14.794762551693182,0.6697025217118464,308,-0.4059196617336152,-0.3533151680290645,-0.4199395770392749,-0.35131063573365473,-0.4258589511754069,-0.39126879874220327,0.0324662065392071,17,-1.6433187214639478,-3.2211952746037595,-1.2364296238788457,-3.4480274933802053,-1.1560689406303395,-2.1410080107914196,0.9910767993934131,313,-9.35938776602786,-9.875323207606291,-10.138345524711234,-9.405267269479749,-9.671364661113813,-9.68993768578779,0.2919187675802091,49,quantile_0.40
235.56920289993286,1.1125076352506498,0.23019537925720215,0.014878777265638056,0.01,quantile,6,0.75,15,1200,0.6,0.4,"{'alpha': 0.4, 'learning_rate': 0.01, 'loss': 'quantile', 'max_depth': 6, 'max_features': 0.75, 'min_samples_leaf': 15, 'n_estimators': 1200, 'subsample': 0.6}",-9.2465527243079,-10.1570631474655,-9.736791794161668,-10.007092595102527,-9.377152285974901,-9.704930509402498,0.35051098342976,285,-13.896291786186504,-15.82688194990934,-15.083863891525592,-14.797705627363094,-14.37296583184639,-14.795541817366185,0.653302051371355,310,-0.40682573240712777,-0.35755373902512866,-0.42084592145015104,-0.35131063573365473,-0.4318866787221218,-0.3936845414676368,0.03307814240541673,23,-1.6471643627512698,-3.197041900997484,-1.2051285653198205,-3.4973962631231035,-1.158375282321284,-2.1410212749025925,1.0040234690159353,314,-9.339857039760208,-9.732832420441937,-10.136326377410807,-9.264872266655107,-9.514969329421739,-9.597771486737958,0.31384097120308047,34,quantile_0.40
234.85664706230165,2.3705867651387487,0.23680195808410645,0.012086888918333065,0.01,quantile,6,0.75,20,1200,0.6,0.4,"{'alpha': 0.4, 'learning_rate': 0.01, 'loss': 'quantile', 'max_depth': 6, 'max_features': 0.75, 'min_samples_leaf': 20, 'n_estimators': 1200, 'subsample': 0.6}",-9.226092577724735,-10.165470311012696,-9.692727120849716,-9.926614571514781,-9.35932324463014,-9.674045565146415,0.3479512616221687,271,-13.877578317758324,-15.86063654460794,-15.034050923141782,-14.74564069253724,-14.341808510875836,-14.771942997784226,0.6692607671749368,301,-0.40652370884929023,-0.36179231002119283,-0.43051359516616317,-0.36065079843326303,-0.4349005424954792,-0.3988761909930777,0.03222905098705109,53,-1.6309466555223813,-3.192266713890455,-1.2038346623195222,-3.419479711003642,-1.0767201908299648,-2.104649586713193,1.0004189231537914,303,-9.34157806404606,-9.637025724391114,-9.85902948692454,-9.02137869759251,-9.522410579524943,-9.476284510495834,0.2826815149239073,8,quantile_0.40
282.79829211235045,4.255812684756877,0.2963810920715332,0.007606970362836885,0.01,quantile,7,0.75,5,1200,0.6,0.4,"{'alpha': 0.4, 'learning_rate': 0.01, 'loss': 'quantile', 'max_depth': 7, 'max_features': 0.75, 'min_samples_leaf': 5, 'n_estimators': 1200, 'subsample': 0.6}",-9.228638199089634,-10.244589116526523,-9.69969330697599,-10.008297692231904,-9.46026072373833,-9.728295807712476,0.36531588282052396,297,-13.794023592542771,-15.753720255206677,-14.847489995692925,-14.641786087746608,-14.274642812347933,-14.662332548707383,0.65270151496134,290,-0.39897311990335244,-0.34483802603693614,-0.4066465256797583,-0.34799638445314857,-0.4177215189873418,-0.38323511501210744,0.030663318736638502,2,-1.5327262816851344,-3.1721892008719976,-1.159203773664577,-3.4100269115298674,-1.086816393069999,-2.0721925121643148,1.0094881813899348,300,-9.644649643651135,-10.254669412382306,-10.50112197446537,-9.480372606558467,-10.022759123072698,-9.980714552025995,0.3770741523447544,73,quantile_0.40
277.4419732093811,4.657281260417812,0.30819549560546877,0.011502823485818778,0.01,quantile,7,0.75,10,1200,0.6,0.4,"{'alpha': 0.4, 'learning_rate': 0.01, 'loss': 'quantile', 'max_depth': 7, 'max_features': 0.75, 'min_samples_leaf': 10, 'n_estimators': 1200, 'subsample': 0.6}",-9.233002652711342,-10.123788418160657,-9.603532052697386,-9.97440071763566,-9.396875711666242,-9.666319910574256,0.3371935813436307,269,-13.7915262647554,-15.688221970824017,-14.767918641196694,-14.647554210407879,-14.223194424090039,-14.623683102254805,0.6336391570488842,282,-0.40380549682875266,-0.345443536179231,-0.41570996978851965,-0.3564326604398915,-0.41470765521398434,-0.3872198636900758,0.03011797297041999,8,-1.5863945334460225,-3.115841286559527,-1.1017229911096147,-3.447665024250345,-1.0396904947488226,-2.0582628660228663,1.0221573659650194,297,-9.468182304744754,-10.143404634390246,-10.225649707069595,-9.155636418573904,-10.07599583929215,-9.81377378081413,0.4241784865169137,65,quantile_0.40
273.8194668292999,3.510866008482134,0.31484575271606446,0.030601474312620093,0.01,quantile,7,0.75,15,1200,0.6,0.4,"{'alpha': 0.4, 'learning_rate': 0.01, 'loss': 'quantile', 'max_depth': 7, 'max_features': 0.75, 'min_samples_leaf': 15, 'n_estimators': 1200, 'subsample': 0.6}",-9.19714972085346,-10.0687975212585,-9.594789450686372,-9.963874280209621,-9.339652802793012,-9.632852755160194,0.3396690302203705,258,-13.785097423294749,-15.62871926573153,-14.785710882040108,-14.611042454895957,-14.18997905892636,-14.60010981697774,0.6204928873962037,276,-0.4098459679855029,-0.35876475930971846,-0.4287009063444109,-0.36034950286230794,-0.4306811332127788,-0.39766845394294387,0.031960423992034824,44,-1.5779544261895353,-3.0426126535099094,-1.0785395209037554,-3.4320894220313556,-1.0216737413119108,-2.030573952789293,1.0116898313569418,288,-9.295193670092944,-9.792189290368604,-9.932624125292623,-9.063124558651197,-9.656772052482259,-9.547980739377525,0.3219971176574273,27,quantile_0.40
274.02364959716795,2.563783599507553,0.3069563865661621,0.016828239248965215,0.01,quantile,7,0.75,20,1200,0.6,0.4,"{'alpha': 0.4, 'learning_rate': 0.01, 'loss': 'quantile', 'max_depth': 7, 'max_features': 0.75, 'min_samples_leaf': 20, 'n_estimators': 1200, 'subsample': 0.6}",-9.166644382084481,-10.079938304760317,-9.59107310638574,-9.90538470191818,-9.304920375814975,-9.609592174192738,0.3458581527536572,253,-13.800996330169086,-15.662631349385979,-14.830673536650325,-14.632663183365569,-14.188126852530518,-14.623018250420296,0.6306916367772505,281,-0.413470250679553,-0.36179231002119283,-0.42477341389728096,-0.3567339560108466,-0.43158529234478604,-0.39767104459073194,0.031929479643419786,45,-1.5162525876868311,-3.100349436086287,-1.0789381081992309,-3.40139539053052,-0.9665306067607007,-2.012693225852714,1.031920334753857,280,-9.25144164764449,-9.645850223108921,-10.019618365575159,-9.116022180952553,-9.660187588590112,-9.538624001174247,0.32208593563669136,24,quantile_0.40
322.86244015693666,3.293399315657865,0.3940478801727295,0.03623560144805505,0.01,quantile,8,0.75,5,1200,0.6,0.4,"{'alpha': 0.4, 'learning_rate': 0.01, 'loss': 'quantile', 'max_depth': 8, 'max_features': 0.75, 'min_samples_leaf': 5, 'n_estimators': 1200, 'subsample': 0.6}",-9.249405256015468,-10.163018739621084,-9.633320186673405,-9.998487988308407,-9.478589648060288,-9.70456436373573,0.33462863896593165,284,-13.729317482234272,-15.585582519743209,-14.698176982638689,-14.514962114530395,-14.195291704069879,-14.544666160643288,0.6155990168537162,260,-0.3865901540320145,-0.34362700575234634,-0.4141993957703928,-0.3564326604398915,-0.4207353827606992,-0.38431691975106885,0.030520928667659396,4,-1.5037924025693499,-3.0247787506060906,-1.0845395164768004,-3.2964424679159166,-1.0629971575622286,-1.9945100590260771,0.968818668939353,275,-10.017860999125038,-10.386610873883932,-10.319644062126462,-9.401559206332491,-10.001051534195046,-10.025345335132593,0.34839054772837663,78,quantile_0.40
316.15533142089845,2.626318856334532,0.3656435489654541,0.009989216917667106,0.01,quantile,8,0.75,10,1200,0.6,0.4,"{'alpha': 0.4, 'learning_rate': 0.01, 'loss': 'quantile', 'max_depth': 8, 'max_features': 0.75, 'min_samples_leaf': 10, 'n_estimators': 1200, 'subsample': 0.6}",-9.200892150116488,-10.07453355795949,-9.582727410482212,-9.903675946973076,-9.38756218145641,-9.629878249397535,0.32176167403817085,255,-13.728277083580691,-15.581313206974247,-14.640570172449962,-14.420783117844179,-14.202291654972191,-14.514647047164255,0.6129253425745739,255,-0.4028994261552401,-0.35573720859824404,-0.41963746223564957,-0.3567339560108466,-0.4204339963833635,-0.39108840987666876,0.02913982798781423,16,-1.5155437757751462,-3.000136960549973,-1.0330636872952945,-3.328441291571948,-1.0004571874489456,-1.9755285805282614,0.993054424822358,266,-9.5375518993419,-9.94329019627389,-10.186964335402697,-9.215879992093052,-9.97434206814221,-9.771605698250749,0.3483425444194505,57,quantile_0.40
310.4237147808075,2.7300235695771273,0.37847037315368653,0.02473051645009455,0.01,quantile,8,0.75,15,1200,0.6,0.4,"{'alpha': 0.4, 'learning_rate': 0.01, 'loss': 'quantile', 'max_depth': 8, 'max_features': 0.75, 'min_samples_leaf': 15, 'n_estimators': 1200, 'subsample': 0.6}",-9.139592760944153,-10.053759809949735,-9.52162470032292,-9.898918026166369,-9.330279534352439,-9.588834966347122,0.342196816050093,248,-13.685117618265895,-15.58406186347174,-14.645671499323443,-14.515394943399938,-14.171672391843448,-14.520383663260892,0.6271207474689435,257,-0.4044095439444277,-0.3605812897366031,-0.4259818731117825,-0.3681831877071407,-0.43007836045810727,-0.3978468509916122,0.0287825418825006,47,-1.4632603285177634,-2.995310311861334,-0.9894859575961273,-3.371714906322192,-0.9350218834064764,-1.9509586775407783,1.0299151070105363,258,-9.490790397223215,-9.787598107550792,-10.014673488803435,-8.864070030590353,-9.760148873804733,-9.583456179594505,0.3962186217985914,33,quantile_0.40
308.12581996917726,3.2834608933976788,0.39459972381591796,0.01534166572449182,0.01,quantile,8,0.75,20,1200,0.6,0.4,"{'alpha': 0.4, 'learning_rate': 0.01, 'loss': 'quantile', 'max_depth': 8, 'max_features': 0.75, 'min_samples_leaf': 20, 'n_estimators': 1200, 'subsample': 0.6}",-9.165521845195324,-10.024258620605751,-9.466223621409592,-9.859289817322113,-9.25532291178514,-9.554123363263585,0.3353126717395331,239,-13.769456039971624,-15.562034415033748,-14.581105792163847,-14.495668284030073,-14.105371657172391,-14.502727237674339,0.6039706664022666,253,-0.40924192086982786,-0.3569482288828338,-0.4280966767371601,-0.3708948478457367,-0.42857142857142855,-0.39875062058139743,0.02961054882719476,52,-1.5153586118780005,-3.0177501093088948,-0.9510428835462695,-3.3436220109629926,-0.9044902021100102,-1.9464527635612334,1.0355799230580003,256,-9.346749249267031,-9.814460395595214,-9.945394580920109,-8.783713017589731,-9.742638161287651,-9.526591080931947,0.421699503501944,21,quantile_0.40
365.34407420158385,2.7707272309196185,0.4409464359283447,0.02241422435544155,0.01,quantile,9,0.75,5,1200,0.6,0.4,"{'alpha': 0.4, 'learning_rate': 0.01, 'loss': 'quantile', 'max_depth': 9, 'max_features': 0.75, 'min_samples_leaf': 5, 'n_estimators': 1200, 'subsample': 0.6}",-9.32133506223045,-10.144715821728337,-9.690350121769235,-10.015804547740169,-9.526947358997367,-9.739830582493111,0.3043024054338223,303,-13.740429145681835,-15.54491630419888,-14.642077241838747,-14.416662192413531,-14.156288348786108,-14.50007464658382,0.6023398990025011,252,-0.38508003624282694,-0.35149863760217986,-0.40634441087613293,-0.354926182585116,-0.4077757685352622,-0.38112500716830355,0.02419100594438583,1,-1.6145164851225666,-2.987635432789864,-0.9859981930883409,-3.3432998149754853,-1.0050909842341935,-1.98730818204209,0.9945565729624704,272,-10.00677502306047,-10.180808150156663,-10.710559436406601,-9.399848560291165,-10.449194180141983,-10.149437070011377,0.4445069568312969,80,quantile_0.40
353.30982222557066,4.7577531806492335,0.42844562530517577,0.024733404025028414,0.01,quantile,9,0.75,10,1200,0.6,0.4,"{'alpha': 0.4, 'learning_rate': 0.01, 'loss': 'quantile', 'max_depth': 9, 'max_features': 0.75, 'min_samples_leaf': 10, 'n_estimators': 1200, 'subsample': 0.6}",-9.238063073731183,-10.046659006257356,-9.534461410914899,-9.94385733159411,-9.412887441234668,-9.635185652746443,0.3104373484198569,259,-13.739783777449507,-15.479365608868848,-14.522654280220033,-14.430161273594345,-14.12411442349792,-14.45921587272613,0.5788695200849822,243,-0.3899124131682271,-0.35392067817135936,-0.4096676737160121,-0.35733654715275687,-0.4213381555153707,-0.38643509354474526,0.027107124072108,7,-1.4836822358065491,-2.9151037328324962,-0.926631271259093,-3.4157091014018612,-0.9537430433547022,-1.9389738769309404,1.0330909199040623,252,-9.943747077602039,-10.075075734868397,-10.50586938136457,-9.134453615517739,-10.038426721089316,-9.939514506088413,0.44655554412902804,71,quantile_0.40
345.5701003551483,5.080708105993069,0.4353335857391357,0.026927902184420534,0.01,quantile,9,0.75,15,1200,0.6,0.4,"{'alpha': 0.4, 'learning_rate': 0.01, 'loss': 'quantile', 'max_depth': 9, 'max_features': 0.75, 'min_samples_leaf': 15, 'n_estimators': 1200, 'subsample': 0.6}",-9.161988463526331,-9.990863759485842,-9.499611401442609,-9.887588203237678,-9.319136990007204,-9.571837763539932,0.3201037027262489,243,-13.689356550554788,-15.4990751710774,-14.552874242131555,-14.424696512969453,-14.060231092744452,-14.445246713895529,0.6069872124393173,241,-0.41256418000604045,-0.35392067817135936,-0.42477341389728096,-0.36486893642663454,-0.4318866787221218,-0.3976027774446874,0.03199094585460949,43,-1.4851710094518582,-2.9137359775171454,-0.92072047744998,-3.3302165871384197,-0.9006454635843342,-1.9100979030283476,1.0200442386632276,247,-9.303785721244722,-9.998183517469032,-10.098196642395306,-8.985927495389529,-9.746181048384884,-9.626454884976695,0.42176949679802767,38,quantile_0.40
334.5288113117218,4.061850171906359,0.44179577827453614,0.024293754014819802,0.01,quantile,9,0.75,20,1200,0.6,0.4,"{'alpha': 0.4, 'learning_rate': 0.01, 'loss': 'quantile', 'max_depth': 9, 'max_features': 0.75, 'min_samples_leaf': 20, 'n_estimators': 1200, 'subsample': 0.6}",-9.14734382319752,-9.989310072044347,-9.472301866983159,-9.836025333779773,-9.308690304971332,-9.550734280195226,0.31660717004917494,238,-13.70127469885076,-15.480083505721659,-14.536506781676216,-14.423776412500894,-14.117638648813578,-14.451856009512621,0.5899626342513654,242,-0.4059196617336152,-0.36239782016348776,-0.4308157099697885,-0.36697800542332026,-0.4376130198915009,-0.40074484343634253,0.031308119512028686,62,-1.4467521630124383,-3.0053000869129396,-0.8519116089013059,-3.3574252159283406,-0.8834480455658014,-1.9089674240641652,1.066083976245355,245,-9.485364206425894,-9.635833325350477,-10.00473062912024,-8.826959684379682,-9.626361507130701,-9.5158498704814,0.3849967043143824,17,quantile_0.40
161.44239401817322,2.723431651708494,0.15429134368896485,0.006854734768460929,0.015,quantile,6,0.75,5,800,0.6,0.4,"{'alpha': 0.4, 'learning_rate': 0.015, 'loss': 'quantile', 'max_depth': 6, 'max_features': 0.75, 'min_samples_leaf': 5, 'n_estimators': 800, 'subsample': 0.6}",-9.350357901982074,-10.218553684118401,-9.743084775067278,-10.067073281559034,-9.441483219743535,-9.764110572494065,0.33882937005013175,309,-13.99960500447492,-15.796572665988204,-15.039368684142547,-14.803592191335744,-14.338427894778823,-14.795513288144047,0.6170976670908866,309,-0.39625490788281487,-0.3505903723887375,-0.4169184290030212,-0.35793913829466706,-0.41832429174201324,-0.3880054278622508,0.028730183455673616,11,-1.626907845540579,-3.222821207159572,-1.2826208217511061,-3.423946515774634,-1.1915801920965186,-2.1495753164644817,0.9714344789952224,317,-9.745557597895498,-9.97707442633636,-10.146425972998742,-9.279687599174423,-9.860654987655908,-9.801880116812185,0.2928196134693375,63,quantile_0.40
160.31094675064088,0.7882287861010763,0.15777173042297363,0.007685359345562824,0.015,quantile,6,0.75,10,800,0.6,0.4,"{'alpha': 0.4, 'learning_rate': 0.015, 'loss': 'quantile', 'max_depth': 6, 'max_features': 0.75, 'min_samples_leaf': 10, 'n_estimators': 800, 'subsample': 0.6}",-9.294491124888468,-10.151921246883727,-9.747273738541745,-10.05660932677425,-9.383983156019191,-9.726855718621476,0.3447711638300023,296,-13.931608570792028,-15.75751421047222,-15.068382721258752,-14.83108449702455,-14.274779993324428,-14.772673998574394,0.6349890034081461,302,-0.4022953790395651,-0.35876475930971846,-0.4214501510574018,-0.35763784272371196,-0.42857142857142855,-0.3937439121403652,0.030268493663484268,25,-1.6293909161852942,-3.1566580845668892,-1.2256977590931912,-3.441032062566463,-1.218361561606463,-2.1342280768036597,0.9666642797352162,311,-9.526706753384463,-9.749094609760554,-10.109826699632514,-9.248989443936665,-9.526558526814851,-9.63223520670581,0.28668131575390277,39,quantile_0.40
159.3242913722992,2.448655480845732,0.1526240348815918,0.004414925370464657,0.015,quantile,6,0.75,15,800,0.6,0.4,"{'alpha': 0.4, 'learning_rate': 0.015, 'loss': 'quantile', 'max_depth': 6, 'max_features': 0.75, 'min_samples_leaf': 15, 'n_estimators': 800, 'subsample': 0.6}",-9.28426267096942,-10.19310795437845,-9.723730878778769,-10.024015614641954,-9.429453717133658,-9.73091416718045,0.34349937905931816,301,-13.932113349072063,-15.865269780843482,-15.030700657813131,-14.803195706615167,-14.418561409299198,-14.809968180728609,0.6459502343422496,314,-0.4022953790395651,-0.3620950650923403,-0.4244712990936556,-0.35583006929798133,-0.4318866787221218,-0.3953156982491329,0.03130152385524833,33,-1.6191621696133223,-3.188863442219631,-1.180308549085617,-3.4735288346614466,-1.1492768671423106,-2.1222279725444655,1.0050518893070486,306,-9.52670711711338,-9.671830946346395,-10.06360423889122,-9.20451550497684,-9.586052612795287,-9.610542084024624,0.2762271744736236,35,quantile_0.40
156.79776973724364,2.7489009561206403,0.16376109123229982,0.0071579799289599256,0.015,quantile,6,0.75,20,800,0.6,0.4,"{'alpha': 0.4, 'learning_rate': 0.015, 'loss': 'quantile', 'max_depth': 6, 'max_features': 0.75, 'min_samples_leaf': 20, 'n_estimators': 800, 'subsample': 0.6}",-9.257278025763636,-10.104080770610212,-9.646794001169887,-10.030120622820302,-9.400018026997824,-9.687658289472372,0.3347602469242727,273,-13.945327727784539,-15.737116903342176,-14.975154533415466,-14.819398923059277,-14.457510710023344,-14.78690175952496,0.5926464893081579,305,-0.40954394442766534,-0.3602785346654556,-0.427190332326284,-0.3663754142814101,-0.4273658830620856,-0.39815082175258015,0.029225341315839006,49,-1.6114756149305824,-3.1682872720586834,-1.2432842207289234,-3.472163962229959,-1.165654851317172,-2.132173184253064,0.986358446416609,310,-9.334532368093006,-9.625599128451974,-9.835791150374678,-8.949777202507954,-9.633856493973342,-9.475911268680191,0.307789450086442,7,quantile_0.40
187.48453164100647,3.045974067024479,0.2093356132507324,0.015538872310014395,0.015,quantile,7,0.75,5,800,0.6,0.4,"{'alpha': 0.4, 'learning_rate': 0.015, 'loss': 'quantile', 'max_depth': 7, 'max_features': 0.75, 'min_samples_leaf': 5, 'n_estimators': 800, 'subsample': 0.6}",-9.230719364451382,-10.219410283679927,-9.709224225656932,-10.003203194791093,-9.403728762562018,-9.71325716622827,0.365766730366469,289,-13.775209706836291,-15.718455951014867,-14.851253461655167,-14.58559417999803,-14.203203759197287,-14.62674341174033,0.6555043520921708,283,-0.3938387194201148,-0.34726006660611564,-0.4148036253776435,-0.3594456161494426,-0.4159132007233273,-0.38625224565532873,0.028254180349991265,6,-1.50852370499481,-3.1463172754899,-1.1502304867083262,-3.3608624083540812,-1.0512887523275554,-2.0434445255749347,1.002024237459145,293,-9.803753768581558,-10.184143943352945,-10.316922533109937,-9.239702041150228,-10.041085490564473,-9.917121555351827,0.37901405990856996,70,quantile_0.40
185.61641206741334,2.280361783078474,0.21265625953674316,0.010016506166120358,0.015,quantile,7,0.75,10,800,0.6,0.4,"{'alpha': 0.4, 'learning_rate': 0.015, 'loss': 'quantile', 'max_depth': 7, 'max_features': 0.75, 'min_samples_leaf': 10, 'n_estimators': 800, 'subsample': 0.6}",-9.226474256109569,-10.18019503112283,-9.668711024490674,-10.002937332335053,-9.377909661433945,-9.691245461098415,0.3608110036552219,276,-13.82429968153835,-15.71131662442075,-14.869373603084176,-14.639389626181114,-14.24524016380965,-14.657923939806807,0.6355986047537812,289,-0.40682573240712777,-0.353012412957917,-0.4199395770392749,-0.36245857185899366,-0.432790837854129,-0.39500542642348846,0.031660321348408335,32,-1.5975863230033636,-3.089329832205194,-1.11911826896626,-3.348889361873618,-1.0489258377201345,-2.0407699247537137,0.9838965914917273,292,-9.376112823502094,-10.043365245293717,-10.179551086613602,-9.179046223591648,-9.622412370154048,-9.680097549831022,0.3816291339227861,47,quantile_0.40
181.9581717967987,2.3139605539319397,0.20556068420410156,0.010834804386315705,0.015,quantile,7,0.75,15,800,0.6,0.4,"{'alpha': 0.4, 'learning_rate': 0.015, 'loss': 'quantile', 'max_depth': 7, 'max_features': 0.75, 'min_samples_leaf': 15, 'n_estimators': 800, 'subsample': 0.6}",-9.20985473373376,-10.091345798781587,-9.647647182842269,-9.97911998046041,-9.345785452315878,-9.65475062962678,0.34329961124911745,264,-13.823107801079567,-15.648401138151272,-14.840159317160932,-14.683339303695854,-14.27186850446947,-14.653375212911419,0.610041651688215,287,-0.41165810933252794,-0.3599757795943082,-0.4314199395770393,-0.3591443205784875,-0.4355033152501507,-0.3995402928665027,0.03362641109847856,56,-1.4958286750288692,-3.0737946060347348,-1.117053865534346,-3.3952922433696333,-1.0211854824255464,-2.0206309744786255,1.0089209657770586,283,-9.369457182821677,-9.747254663432654,-9.886647016907991,-9.165991719548778,-9.557447301071322,-9.545359576756486,0.2577776092614024,26,quantile_0.40
180.65033316612244,2.68864360891823,0.21349725723266602,0.009169880166749364,0.015,quantile,7,0.75,20,800,0.6,0.4,"{'alpha': 0.4, 'learning_rate': 0.015, 'loss': 'quantile', 'max_depth': 7, 'max_features': 0.75, 'min_samples_leaf': 20, 'n_estimators': 800, 'subsample': 0.6}",-9.19392248256962,-10.082506326798221,-9.55896104706998,-9.949435438446848,-9.37018742669152,-9.631002544315239,0.33749330569462815,257,-13.847887522987374,-15.654575324818122,-14.771305511504634,-14.675084901236968,-14.281492224892165,-14.646069097087851,0.600603198248334,286,-0.40561763817577773,-0.35755373902512866,-0.4353474320241692,-0.36547152756854473,-0.43731163351416513,-0.4002603940615571,0.03366516971213058,59,-1.5293491831225938,-3.127376737814132,-1.051406044735358,-3.44939582252576,-0.9470666197563816,-2.0209188815908448,1.058257997645918,284,-9.448027622661618,-9.725991969692823,-9.77099481531145,-8.892675797709023,-9.630570240320742,-9.49365208913913,0.3202815894745847,10,quantile_0.40
215.96174569129943,1.5125120041592524,0.2518002033233643,0.01670831597793852,0.015,quantile,8,0.75,5,800,0.6,0.4,"{'alpha': 0.4, 'learning_rate': 0.015, 'loss': 'quantile', 'max_depth': 8, 'max_features': 0.75, 'min_samples_leaf': 5, 'n_estimators': 800, 'subsample': 0.6}",-9.293918006794412,-10.097804283195039,-9.714938819418087,-10.01718160580332,-9.43939614451019,-9.712647771944209,0.313398376237054,288,-13.74658598451066,-15.533162443046715,-14.770288702089069,-14.505071393760586,-14.18856335251315,-14.548734375184035,0.5988750458559204,263,-0.3908184838417397,-0.3548289433848017,-0.41027190332326285,-0.3612533895751732,-0.42224231464737794,-0.3878830069544711,0.026427823862511197,10,-1.6266451008975626,-2.9799035500064766,-1.0607244963010307,-3.307141622111604,-0.9602374955073535,-1.9869304529648055,0.9768023894887736,271,-9.809250614924448,-10.030045273772108,-10.546925408511584,-9.287165431973648,-10.04063111969715,-9.942803569775787,0.40739226795988626,72,quantile_0.40
213.19756917953492,1.1683816486899057,0.2530070304870605,0.0096492168347271,0.015,quantile,8,0.75,10,800,0.6,0.4,"{'alpha': 0.4, 'learning_rate': 0.015, 'loss': 'quantile', 'max_depth': 8, 'max_features': 0.75, 'min_samples_leaf': 10, 'n_estimators': 800, 'subsample': 0.6}",-9.246436885794242,-10.103179213648712,-9.617673171539657,-9.963815568937894,-9.415605850342782,-9.66934213805266,0.3227475322440507,270,-13.751263369241173,-15.588650389998215,-14.69994780793684,-14.508486702015059,-14.207826013461574,-14.551234856530574,0.6095995324283641,265,-0.4050135910601027,-0.36239782016348776,-0.4169184290030212,-0.3657728231394998,-0.4279686558167571,-0.3956142638365737,0.02676888193132418,35,-1.5456509027440422,-2.8962744665811058,-1.0598018061029186,-3.2762008854722158,-0.9773699861271904,-1.9510596094054946,0.954588780745483,259,-9.50682415730023,-9.9433610608038,-10.263244282462177,-9.141759940042252,-9.858474154037793,-9.74273271892925,0.3850717412505991,55,quantile_0.40
208.0546124458313,2.844736733147914,0.2649787425994873,0.016470505191267987,0.015,quantile,8,0.75,15,800,0.6,0.4,"{'alpha': 0.4, 'learning_rate': 0.015, 'loss': 'quantile', 'max_depth': 8, 'max_features': 0.75, 'min_samples_leaf': 15, 'n_estimators': 800, 'subsample': 0.6}",-9.233226747395891,-10.134812990528157,-9.59198473962337,-9.992133589757756,-9.375334354428054,-9.665498484346646,0.34739169400559894,268,-13.780616542548401,-15.701476744306984,-14.698148927245578,-14.564432617876596,-14.208083152502232,-14.590551596895958,0.6401079554155729,272,-0.40169133192389006,-0.36088404480775055,-0.4229607250755287,-0.3705935522747816,-0.42766726943942135,-0.3967593847042744,0.02697340348879962,39,-1.5042380205721622,-3.020443899602297,-1.0019164177242732,-3.356821655135432,-0.9633677487662767,-1.969357548360088,1.0192284492320578,264,-9.620557020493747,-9.856862880590656,-10.154687909102147,-8.952276549191666,-9.834709371947069,-9.683818746265057,0.4033822142585456,48,quantile_0.40
205.02754726409913,2.900236596387004,0.27919487953186034,0.044981626407292516,0.015,quantile,8,0.75,20,800,0.6,0.4,"{'alpha': 0.4, 'learning_rate': 0.015, 'loss': 'quantile', 'max_depth': 8, 'max_features': 0.75, 'min_samples_leaf': 20, 'n_estimators': 800, 'subsample': 0.6}",-9.149838391394145,-10.059855798957793,-9.499108313523196,-9.892908679513639,-9.298060402825241,-9.579954317242803,0.3461923829284299,245,-13.728393683250653,-15.616567369161805,-14.660763220864046,-14.505489408871508,-14.155477025233656,-14.533338141476332,0.6294621301513093,259,-0.4077318030806403,-0.36815016651528915,-0.4283987915407855,-0.3630611630009039,-0.4376130198915009,-0.4009909888058239,0.03051226206952375,66,-1.4570493152782573,-3.0053964189218054,-0.9858426740575718,-3.3735663478089637,-0.9360205426284777,-1.9515750597390151,1.033551586552771,260,-9.433638752229518,-9.58095367280381,-9.93614572166122,-8.97829759291611,-9.5541488485306,-9.496636917628251,0.3086192964182849,11,quantile_0.40
243.73858070373535,3.184208872573486,0.3165855884552002,0.04136960425348281,0.015,quantile,9,0.75,5,800,0.6,0.4,"{'alpha': 0.4, 'learning_rate': 0.015, 'loss': 'quantile', 'max_depth': 9, 'max_features': 0.75, 'min_samples_leaf': 5, 'n_estimators': 800, 'subsample': 0.6}",-9.274684696730251,-10.09691838869767,-9.686966336073457,-9.963790950112372,-9.530244141660473,-9.710520902654846,0.29545099787124,287,-13.689929867556907,-15.471887138896435,-14.63794591899064,-14.36356051907873,-14.160923293669617,-14.464849347638467,0.5911375829225475,246,-0.38719420114768954,-0.3527096578867696,-0.40996978851963745,-0.35613136486893643,-0.4132007233273056,-0.3838411471500677,0.025662950890558697,3,-1.467671049057452,-2.8617576001897573,-0.9958923516422173,-3.3594040654021544,-0.9627658057351335,-1.9294981744053428,0.9932989572842905,250,-10.081521913979968,-10.256539092035036,-10.599651764357924,-9.272402737036046,-10.367211202990617,-10.115465342079919,0.4537887141093265,79,quantile_0.40
237.61790981292725,2.098334168475887,0.2947355270385742,0.013362210658585567,0.015,quantile,9,0.75,10,800,0.6,0.4,"{'alpha': 0.4, 'learning_rate': 0.015, 'loss': 'quantile', 'max_depth': 9, 'max_features': 0.75, 'min_samples_leaf': 10, 'n_estimators': 800, 'subsample': 0.6}",-9.258591983746337,-10.073314841676659,-9.556044245221699,-10.026187364551284,-9.388164174727143,-9.660460521984625,0.331888895346237,265,-13.727484857689834,-15.506118332929065,-14.547443833528245,-14.546158657097743,-14.100960421635374,-14.485633220576052,0.5952538697506662,250,-0.39867109634551495,-0.35573720859824404,-0.4148036253776435,-0.3678818921361856,-0.432790837854129,-0.39397693206234335,0.028654958296738576,27,-1.5435926433158107,-2.867456830936405,-1.021026043144742,-3.3805389422075636,-0.9065144001054039,-1.9438257719419851,1.0004998596315118,255,-9.675895006123284,-10.12806340828726,-10.288022668927432,-9.032312495396729,-9.798786195053944,-9.78461595475773,0.43574212753774677,59,quantile_0.40
232.12061200141906,2.176615539459414,0.28194942474365237,0.011434628985701257,0.015,quantile,9,0.75,15,800,0.6,0.4,"{'alpha': 0.4, 'learning_rate': 0.015, 'loss': 'quantile', 'max_depth': 9, 'max_features': 0.75, 'min_samples_leaf': 15, 'n_estimators': 800, 'subsample': 0.6}",-9.226629819925101,-10.018036992460052,-9.495533043555985,-9.943524917849047,-9.320708549586493,-9.600886664675336,0.3228258713328056,250,-13.745664977115657,-15.487181537259243,-14.544582658007416,-14.494431575360679,-14.136978615922967,-14.481767872733192,0.5789110135378758,248,-0.4025974025974026,-0.35876475930971846,-0.4253776435045317,-0.36667670985236517,-0.43670886075949367,-0.39802507520470237,0.03095027253408114,48,-1.4997142369924188,-2.9469368910224767,-0.9216663397837247,-3.3294144044272596,-0.8521989704659436,-1.9099861685383648,1.0348000981666872,246,-9.59633064331962,-9.854786343902244,-10.077947013311856,-9.01899457438246,-9.6958298079786,-9.648777676578955,0.3544621956664127,43,quantile_0.40
226.8387146472931,2.5232528263792386,0.3018961429595947,0.03540566198987121,0.015,quantile,9,0.75,20,800,0.6,0.4,"{'alpha': 0.4, 'learning_rate': 0.015, 'loss': 'quantile', 'max_depth': 9, 'max_features': 0.75, 'min_samples_leaf': 20, 'n_estimators': 800, 'subsample': 0.6}",-9.193607844558109,-9.995880687701545,-9.511308495463926,-9.829453632600938,-9.314406055853572,-9.568931343235617,0.30302767172579836,242,-13.713540655433851,-15.50911100611305,-14.58531266882918,-14.38179225709288,-14.126905497673247,-14.463332417028443,0.5984231938555572,244,-0.4028994261552401,-0.36451710566151985,-0.4256797583081571,-0.3727026212714673,-0.4397227245328511,-0.4011043271858471,0.02913361112710031,68,-1.524942324687541,-2.9336715293132585,-0.9430496268642318,-3.338090241427194,-0.9084833479069141,-1.9296474140398279,1.017026359052512,251,-9.51684840190834,-9.687075103885595,-10.064207542606454,-8.70850246374521,-9.558208205951683,-9.506968343619457,0.44344669811561477,14,quantile_0.40
120.97827939987182,1.1337838921097094,0.1338362693786621,0.03805035194117295,0.02,quantile,6,0.75,5,600,0.6,0.4,"{'alpha': 0.4, 'learning_rate': 0.02, 'loss': 'quantile', 'max_depth': 6, 'max_features': 0.75, 'min_samples_leaf': 5, 'n_estimators': 600, 'subsample': 0.6}",-9.307144237882596,-10.235567510910872,-9.750980472296732,-10.116266633734375,-9.417063553264503,-9.765404481617816,0.3676164929110477,310,-13.951015452144606,-15.824957802977547,-15.11625983313774,-14.912871419689838,-14.333311031403346,-14.827683107870616,0.6477716142165889,317,-0.39806704922983993,-0.3563427187405389,-0.42084592145015104,-0.3498041578788792,-0.42887281494876434,-0.3907865324496347,0.03247481804278301,14,-1.6430047602749738,-3.1595910502775664,-1.286387405437817,-3.5379584482475104,-1.108078857366393,-2.1470041043208523,1.0034070380423668,316,-9.626694161744627,-9.92861098108403,-10.056641439807255,-9.402844473570587,-9.687003239982406,-9.740358859237782,0.23028503131812056,54,quantile_0.40
120.5839252948761,2.1977775231495955,0.12184643745422363,0.007713318821761245,0.02,quantile,6,0.75,10,600,0.6,0.4,"{'alpha': 0.4, 'learning_rate': 0.02, 'loss': 'quantile', 'max_depth': 6, 'max_features': 0.75, 'min_samples_leaf': 10, 'n_estimators': 600, 'subsample': 0.6}",-9.319358133955848,-10.155130997406616,-9.768179020775873,-10.089158788456288,-9.418084109653014,-9.749982210049527,0.33914918815046446,306,-14.007664361772735,-15.716855556394759,-15.082052618947563,-14.88327371284936,-14.37475377155162,-14.812920004303209,0.5890514049312581,315,-0.4074297795228028,-0.35937026945201334,-0.4169184290030212,-0.35221452244652,-0.43158529234478604,-0.3935036585538287,0.03181911427014665,22,-1.6433597308895176,-3.148872487495485,-1.2374117463793473,-3.5127388968423165,-1.1599488202383188,-2.140466336368997,0.9923761499562067,312,-9.420026209248562,-9.747966241885619,-10.230739013859601,-9.335815919703494,-9.56721120470599,-9.660351717880655,0.31773352414342176,45,quantile_0.40
118.64977412223816,1.462974717194538,0.12554869651794434,0.011627088706247846,0.02,quantile,6,0.75,15,600,0.6,0.4,"{'alpha': 0.4, 'learning_rate': 0.02, 'loss': 'quantile', 'max_depth': 6, 'max_features': 0.75, 'min_samples_leaf': 15, 'n_estimators': 600, 'subsample': 0.6}",-9.237740361621867,-10.199838800619,-9.757375091692403,-10.024396397597107,-9.404697655482147,-9.724809661402505,0.3622633301844448,295,-13.916347465821099,-15.834401103482088,-15.104440673074961,-14.814743972790712,-14.365223944877249,-14.80703143200922,0.6530715068243821,313,-0.413470250679553,-0.3548289433848017,-0.42507552870090637,-0.3585417294365773,-0.4349005424954792,-0.3973633989394635,0.03391970485590943,41,-1.5955350030446886,-3.1556306705970845,-1.1857877069576568,-3.4857838956935345,-1.115124303752296,-2.107572316009052,1.0094271251935283,304,-9.241541980368533,-9.926202838507848,-10.082428657950251,-9.118342392360486,-9.530424248454485,-9.579788023528321,0.37481463950493066,31,quantile_0.40
118.86109023094177,0.6715455780474676,0.12148590087890625,0.00469073943161406,0.02,quantile,6,0.75,20,600,0.6,0.4,"{'alpha': 0.4, 'learning_rate': 0.02, 'loss': 'quantile', 'max_depth': 6, 'max_features': 0.75, 'min_samples_leaf': 20, 'n_estimators': 600, 'subsample': 0.6}",-9.250852764725295,-10.148115229383805,-9.710765813666654,-9.982361920158064,-9.402456759594054,-9.698910497505574,0.3379084785242032,283,-13.90131059487831,-15.768738867340511,-15.019038679494926,-14.788538574736807,-14.40499743026975,-14.77652482934406,0.6240959155874953,304,-0.4074297795228028,-0.36542537087496213,-0.42628398791540784,-0.3684844832780958,-0.4318866787221218,-0.3999020600626781,0.0281119004574522,58,-1.5110816863570171,-3.1807633157652297,-1.182910416337965,-3.41233471878781,-1.0500452333757186,-2.0674270741247485,1.0173740588300757,299,-9.498288376752173,-9.533207692908928,-10.002551865754064,-8.914930613797166,-9.669679498950606,-9.523731609632588,0.35268836976925944,19,quantile_0.40
139.5769061088562,1.504871626590988,0.1765206813812256,0.013338876363234858,0.02,quantile,7,0.75,5,600,0.6,0.4,"{'alpha': 0.4, 'learning_rate': 0.02, 'loss': 'quantile', 'max_depth': 7, 'max_features': 0.75, 'min_samples_leaf': 5, 'n_estimators': 600, 'subsample': 0.6}",-9.262264751653092,-10.180357822716191,-9.763435683944284,-9.994734225528981,-9.528024037310306,-9.74576330423057,0.3262981663626581,305,-13.852644052881514,-15.69933112336683,-14.93754091770611,-14.56849960002764,-14.340680006241357,-14.679739140044692,0.6192658853365488,296,-0.4022953790395651,-0.3527096578867696,-0.42749244712990936,-0.36004820729135284,-0.43037974683544306,-0.39458508763660805,0.03277178130714519,31,-1.4557556720892384,-3.0859088043367735,-1.055572789611022,-3.3650991352636592,-1.0810862828470826,-2.0086845368295547,1.0074585389277246,278,-9.702459295208678,-10.057066569831427,-10.18481490467954,-9.20659366719272,-9.81335415592051,-9.792857718566575,0.3393329543841473,62,quantile_0.40
137.68519687652588,2.042015955259809,0.15763707160949708,0.011318620306013804,0.02,quantile,7,0.75,10,600,0.6,0.4,"{'alpha': 0.4, 'learning_rate': 0.02, 'loss': 'quantile', 'max_depth': 7, 'max_features': 0.75, 'min_samples_leaf': 10, 'n_estimators': 600, 'subsample': 0.6}",-9.251585362441599,-10.122683878058485,-9.616150405366794,-10.04026220722982,-9.441565384871314,-9.694449447593602,0.3373961704800115,281,-13.861436380598072,-15.682513529962153,-14.754893314296963,-14.7217367407393,-14.25541940008577,-14.65519987313645,0.6098564085390544,288,-0.40471156750226517,-0.3620950650923403,-0.42658610271903324,-0.36215727628803857,-0.43791440626883665,-0.39869288357410276,0.03170752273632648,51,-1.5236221515616974,-3.067000446019193,-1.0980908419674384,-3.3321886200163684,-1.0535452021145426,-2.014889452335848,0.9847091611656791,281,-9.547494847471402,-9.74286052509439,-9.983986244635927,-9.261271312795945,-9.577237084097375,-9.622570002819009,0.2380418473634504,37,quantile_0.40
137.8176420688629,1.1886608543825115,0.16113572120666503,0.011182236415423945,0.02,quantile,7,0.75,15,600,0.6,0.4,"{'alpha': 0.4, 'learning_rate': 0.02, 'loss': 'quantile', 'max_depth': 7, 'max_features': 0.75, 'min_samples_leaf': 15, 'n_estimators': 600, 'subsample': 0.6}",-9.247694122317974,-10.132817194651972,-9.67266579513927,-9.997812284268106,-9.39027787351859,-9.688253453979183,0.33958460957573944,274,-13.86155192285506,-15.717647653717295,-14.896929609162179,-14.693156578318623,-14.293744617522119,-14.692606076315055,0.6232495669993514,299,-0.4113560857746904,-0.37178322736905844,-0.4299093655589124,-0.3594456161494426,-0.4376130198915009,-0.402021462948721,0.031172689465481063,72,-1.511113236071352,-2.994144275579221,-1.1398402919300814,-3.4555405994327946,-0.9893573320348417,-2.0179991470096583,1.0105033423440046,282,-9.403751583833541,-9.600584955902807,-9.923981874779486,-9.100502817254148,-9.598572436860566,-9.525478733726109,0.2702629889863288,20,quantile_0.40
135.9428193092346,1.1429765876071576,0.16962261199951173,0.009299090855642414,0.02,quantile,7,0.75,20,600,0.6,0.4,"{'alpha': 0.4, 'learning_rate': 0.02, 'loss': 'quantile', 'max_depth': 7, 'max_features': 0.75, 'min_samples_leaf': 20, 'n_estimators': 600, 'subsample': 0.6}",-9.21326657370151,-10.071805468419202,-9.631918366696423,-9.984405845156571,-9.359177058655385,-9.652114662525818,0.33626352100604334,263,-13.825936912789233,-15.73347453630042,-14.82292920430424,-14.683319478171157,-14.255286112557117,-14.664189248824433,0.6385615270075251,291,-0.40712775596496525,-0.37117771722676357,-0.4280966767371601,-0.36938836999096114,-0.43158529234478604,-0.4014751624529273,0.026813333235658078,69,-1.4759736240711512,-3.012061360378085,-1.1083798650337033,-3.445803950076095,-1.0096410764281276,-2.0103719751974323,1.0163149388967354,279,-9.502291155870221,-9.509924465277242,-9.955156118738039,-8.85057899256611,-9.673100694493732,-9.498210285389067,0.36303341905936276,12,quantile_0.40
163.2274948120117,2.191374058567947,0.19953932762145996,0.007555344127683368,0.02,quantile,8,0.75,5,600,0.6,0.4,"{'alpha': 0.4, 'learning_rate': 0.02, 'loss': 'quantile', 'max_depth': 8, 'max_features': 0.75, 'min_samples_leaf': 5, 'n_estimators': 600, 'subsample': 0.6}",-9.262431311982171,-10.174083187082516,-9.675875085046059,-10.068935982518358,-9.513299271085387,-9.738924967542896,0.3406459723561841,302,-13.734624836877233,-15.55573382608002,-14.682198169233898,-14.614399173742617,-14.211232721351289,-14.559637745457014,0.6020398049102975,268,-0.3950468136514648,-0.3548289433848017,-0.4163141993957704,-0.35372100030129555,-0.4165159734779988,-0.38728538604226626,0.028061816282020587,9,-1.448869622174721,-2.967811647563471,-1.0282716233592666,-3.372288221665479,-1.0021303062527223,-1.963874284203132,1.0056891834758985,261,-9.889412368101095,-10.154571200951965,-10.385909817918462,-9.466002520558222,-10.217097910750645,-10.022598763656077,0.3208674362932929,77,quantile_0.40
157.67154388427736,1.7102479185356225,0.20570549964904786,0.005744471055995285,0.02,quantile,8,0.75,10,600,0.6,0.4,"{'alpha': 0.4, 'learning_rate': 0.02, 'loss': 'quantile', 'max_depth': 8, 'max_features': 0.75, 'min_samples_leaf': 10, 'n_estimators': 600, 'subsample': 0.6}",-9.293937002684746,-10.141452866192413,-9.649840755127476,-9.975562874951184,-9.397031248058296,-9.691564949402823,0.32546979983277,277,-13.864640755773108,-15.60597702235106,-14.72626915754824,-14.54575734618179,-14.1308375415368,-14.5746963646782,0.5980871501442205,271,-0.41014799154334036,-0.35543445352709657,-0.4268882175226586,-0.36215727628803857,-0.42254370102471367,-0.39543432798116956,0.03048970086849622,34,-1.459610438535947,-2.979167681534318,-1.0147719946446316,-3.3386460408679857,-0.9443962439295601,-1.9473184799024885,1.0113219318297961,257,-9.550609445470057,-10.07539521504501,-10.113969425760162,-9.163031186490073,-10.002083788765743,-9.781017812306208,0.3691559245870382,58,quantile_0.40
155.57154097557068,1.3814922870926454,0.20378332138061522,0.019009592227986392,0.02,quantile,8,0.75,15,600,0.6,0.4,"{'alpha': 0.4, 'learning_rate': 0.02, 'loss': 'quantile', 'max_depth': 8, 'max_features': 0.75, 'min_samples_leaf': 15, 'n_estimators': 600, 'subsample': 0.6}",-9.252606659363831,-10.076087992606128,-9.545150503955849,-9.966449469375545,-9.3468116939574,-9.637421263851751,0.3291620130025381,260,-13.823301316697645,-15.636944392732655,-14.659645883058715,-14.565614761165119,-14.13710530383287,-14.5645223314974,0.615017506938892,270,-0.40471156750226517,-0.36330608537693004,-0.42235649546827797,-0.3588430250075324,-0.43731163351416513,-0.3973057613738341,0.03136308373061882,40,-1.5387576427071907,-3.0760429530432023,-1.0301491795518696,-3.3198424923857286,-0.8974693396796678,-1.9724523214735317,1.0261566402427307,265,-9.530057497817216,-9.633811985698477,-10.080348492051924,-9.261162282380019,-9.660550631114237,-9.633186177812373,0.2644770854445797,40,quantile_0.40
153.2603150844574,2.8063848675904985,0.20027060508728028,0.01897214094101857,0.02,quantile,8,0.75,20,600,0.6,0.4,"{'alpha': 0.4, 'learning_rate': 0.02, 'loss': 'quantile', 'max_depth': 8, 'max_features': 0.75, 'min_samples_leaf': 20, 'n_estimators': 600, 'subsample': 0.6}",-9.133528547104904,-10.07399050727508,-9.562853846404757,-9.878728885168025,-9.29930722616605,-9.589681802423764,0.3496329686218751,249,-13.738558020953382,-15.616409476367327,-14.711026911265852,-14.502135990448561,-14.161806490869326,-14.54598737798089,0.6284109453313388,261,-0.39323467230443976,-0.35815924916742353,-0.427190332326284,-0.3678818921361856,-0.43731163351416513,-0.3967555558896996,0.03132676498267416,38,-1.5560031647505201,-2.910923898580555,-1.0530940430357187,-3.4463441195283453,-0.9357922667529779,-1.9804314985296234,1.014502953213957,268,-9.634864263047378,-9.999834745781072,-9.960150264905062,-8.742459065175305,-9.562419929473664,-9.579945653676495,0.45289499592097465,32,quantile_0.40
181.65561347007753,2.203550463217591,0.22330160140991212,0.01848357415134476,0.02,quantile,9,0.75,5,600,0.6,0.4,"{'alpha': 0.4, 'learning_rate': 0.02, 'loss': 'quantile', 'max_depth': 9, 'max_features': 0.75, 'min_samples_leaf': 5, 'n_estimators': 600, 'subsample': 0.6}",-9.372054307890648,-10.181333965471522,-9.728059567545206,-10.13572445757922,-9.591966177267203,-9.80182769515076,0.3129539310853381,317,-13.80925234164689,-15.60630674728304,-14.681526842537744,-14.597077613176145,-14.26699572202618,-14.592231853333999,0.5924829826843917,273,-0.3953488372093023,-0.36088404480775055,-0.41268882175226584,-0.3609520940042181,-0.42224231464737794,-0.39042322248418293,0.025587433044209414,13,-1.5247339875746428,-2.8938923222027633,-1.111590885989272,-3.3056864646043964,-1.0692417974754218,-1.9810290915692992,0.9363247853925001,269,-9.924552169811422,-10.096652578740231,-10.439425818429774,-9.461141944358696,-10.092219661723457,-10.002798434612716,0.31842187736287375,76,quantile_0.40
177.1363286972046,1.081592737270943,0.23815174102783204,0.010319364962313449,0.02,quantile,9,0.75,10,600,0.6,0.4,"{'alpha': 0.4, 'learning_rate': 0.02, 'loss': 'quantile', 'max_depth': 9, 'max_features': 0.75, 'min_samples_leaf': 10, 'n_estimators': 600, 'subsample': 0.6}",-9.226311005359753,-10.148222394019554,-9.567320923564965,-10.029967826559956,-9.496076943442562,-9.693579818589358,0.34442578340805535,280,-13.728373185093494,-15.592250015272231,-14.532709122262702,-14.51694724596894,-14.200080971639126,-14.514072108047298,0.6129822894046016,254,-0.39897311990335244,-0.36300333030578263,-0.4172205438066465,-0.3612533895751732,-0.43037974683544306,-0.3941660260852796,0.028001456245000046,29,-1.4848762044541315,-2.920731341215108,-0.9972418181917826,-3.339448653872579,-0.9560921037382057,-1.9396780242943614,0.9984283035942347,253,-9.701699706963856,-9.955130503508373,-10.270442374650699,-9.26014726194721,-9.921452975538886,-9.821774564521805,0.33432487025242785,66,quantile_0.40
172.26609568595887,2.0947708590137473,0.21699261665344238,0.0074387514356307905,0.02,quantile,9,0.75,15,600,0.6,0.4,"{'alpha': 0.4, 'learning_rate': 0.02, 'loss': 'quantile', 'max_depth': 9, 'max_features': 0.75, 'min_samples_leaf': 15, 'n_estimators': 600, 'subsample': 0.6}",-9.242524897531332,-10.008333957301605,-9.463562475721213,-9.973660780275356,-9.338889561977252,-9.605394334561353,0.3227369867045048,251,-13.741322708219183,-15.484530673168475,-14.468197181989709,-14.537654082503057,-14.13968929646292,-14.47427878846867,0.5785908793104461,247,-0.4119601328903654,-0.3672419013018468,-0.4259818731117825,-0.3636637541428141,-0.4358047016274864,-0.40093047261485903,0.029963865120047804,63,-1.3830621624829742,-2.829020626560122,-0.8398611499486788,-3.3437814530867143,-0.908557598440534,-1.8608565981038048,1.030921948951154,241,-9.539105980844983,-9.774638059125769,-10.122145882378398,-9.115397467663254,-9.672144348207066,-9.644686347643894,0.3276897705896348,42,quantile_0.40
169.32676815986633,1.3693187558880917,0.22696752548217775,0.019382442068750363,0.02,quantile,9,0.75,20,600,0.6,0.4,"{'alpha': 0.4, 'learning_rate': 0.02, 'loss': 'quantile', 'max_depth': 9, 'max_features': 0.75, 'min_samples_leaf': 20, 'n_estimators': 600, 'subsample': 0.6}",-9.165423690984632,-10.045765880078605,-9.458053658633178,-9.878333631471598,-9.37709735272726,-9.584934842779054,0.3267209689585302,246,-13.696235261482375,-15.554079011298402,-14.493081574254283,-14.455928373310792,-14.219922735267092,-14.48384939112259,0.6060114773207957,249,-0.4050135910601027,-0.37026945201332123,-0.4362537764350453,-0.366074118710455,-0.4388185654008439,-0.40328590072395365,0.031071654632226782,76,-1.402187623342364,-2.892029118508502,-0.8655315054521314,-3.3939759547542345,-0.8528950672049193,-1.8813238538524302,1.0610101697936174,242,-9.58392043995658,-9.660176828890453,-9.84807767556415,-8.856618571615195,-9.71267279648459,-9.532293262502193,0.34865812244143085,23,quantile_0.40
95.18677372932434,2.2634310469526873,0.0988037109375,0.0057916746731452706,0.025,quantile,6,0.75,5,480,0.6,0.4,"{'alpha': 0.4, 'learning_rate': 0.025, 'loss': 'quantile', 'max_depth': 6, 'max_features': 0.75, 'min_samples_leaf': 5, 'n_estimators': 480, 'subsample': 0.6}",-9.320422765367443,-10.208188459439617,-9.830336704325603,-10.116497582497988,-9.584788560785952,-9.81204681448332,0.32963419501820873,318,-13.972862692047778,-15.753813011103691,-15.100373622142525,-14.885234829137955,-14.514953921779853,-14.84544761524236,0.5936882200931621,318,-0.39806704922983993,-0.3578564940962761,-0.41933534743202416,-0.3615546851461284,-0.42766726943942135,-0.3928961690687379,0.02879189126056585,21,-1.6506445378054753,-3.159236634629706,-1.1944616592771764,-3.473713388010925,-1.2395500966697732,-2.1435212632786116,0.9758989981365269,315,-9.633776825287436,-9.848852739994555,-10.297098846941749,-9.186416975626068,-9.756695286799674,-9.744568134929896,0.3578044061514022,56,quantile_0.40
96.59951400756836,1.506672542512621,0.10215301513671875,0.008801965749102842,0.025,quantile,6,0.75,10,480,0.6,0.4,"{'alpha': 0.4, 'learning_rate': 0.025, 'loss': 'quantile', 'max_depth': 6, 'max_features': 0.75, 'min_samples_leaf': 10, 'n_estimators': 480, 'subsample': 0.6}",-9.306864471045923,-10.130238576620329,-9.71468442257283,-10.06529791173061,-9.4929665110838,-9.742010378610699,0.3185459086213708,304,-13.95180044806634,-15.746688858864742,-15.00584968790841,-14.867650620913901,-14.448489068776915,-14.80409573690606,0.5976770089917156,311,-0.4119601328903654,-0.35573720859824404,-0.42235649546827797,-0.35763784272371196,-0.4246534056660639,-0.3944690170693327,0.031149434313301756,30,-1.5560539224409489,-3.1620745120251907,-1.272175345142546,-3.4121808664378785,-1.2131063090783367,-2.12311819102498,0.9607184868666016,307,-9.407233770685876,-9.793976981003292,-9.994529701821975,-9.301472398199907,-9.7489624379894,-9.64923505794009,0.2567596760627781,44,quantile_0.40
94.37578129768372,2.1365055824120787,0.10030713081359863,0.00472154513820996,0.025,quantile,6,0.75,15,480,0.6,0.4,"{'alpha': 0.4, 'learning_rate': 0.025, 'loss': 'quantile', 'max_depth': 6, 'max_features': 0.75, 'min_samples_leaf': 15, 'n_estimators': 480, 'subsample': 0.6}",-9.315024782545562,-10.172260868194606,-9.701742961386756,-10.034931642595703,-9.429244034864888,-9.730640857917503,0.3322748773515412,300,-13.950462585479075,-15.824591864283429,-15.03797890475705,-14.818465430076506,-14.397121130441699,-14.805723983007553,0.6309714418059167,312,-0.4098459679855029,-0.36239782016348776,-0.4256797583081571,-0.3612533895751732,-0.4294755877034358,-0.3977305047471514,0.030048873679913646,46,-1.5916469622946443,-3.149805822303896,-1.2729781840202579,-3.5017698948577416,-1.142792876459584,-2.131798747987225,0.9920311157632182,309,-9.422293280342958,-9.688875946774022,-9.900358911668953,-9.04235356161063,-9.647173664417123,-9.540211072962737,0.2915528815932903,25,quantile_0.40
94.18196549415589,1.0473122909844217,0.10018610954284668,0.0019605390986197364,0.025,quantile,6,0.75,20,480,0.6,0.4,"{'alpha': 0.4, 'learning_rate': 0.025, 'loss': 'quantile', 'max_depth': 6, 'max_features': 0.75, 'min_samples_leaf': 20, 'n_estimators': 480, 'subsample': 0.6}",-9.3092782751999,-10.143180776816667,-9.712251416492302,-10.050995526286224,-9.388610261014838,-9.720863251161985,0.3368108718998269,293,-13.950408163787873,-15.811155620144122,-14.991363101735356,-14.858179859965194,-14.352811385978036,-14.792783626322114,0.6299149125690348,307,-0.4104500151011779,-0.3729942476536482,-0.43293051359516616,-0.37029225670382643,-0.4273658830620856,-0.40280658322318086,0.026514106515681965,74,-1.612319968870412,-3.0805008983815125,-1.2286843724309895,-3.4794807023086927,-1.1481073419886927,-2.10981865679606,0.9764209499644105,305,-9.376243175959138,-9.46754530782115,-9.79783911927528,-8.873416477128325,-9.64103973389589,-9.431216762815955,0.3142994268514976,3,quantile_0.40
113.12089881896972,0.5998836639650482,0.12645440101623534,0.006116477515948792,0.025,quantile,7,0.75,5,480,0.6,0.4,"{'alpha': 0.4, 'learning_rate': 0.025, 'loss': 'quantile', 'max_depth': 7, 'max_features': 0.75, 'min_samples_leaf': 5, 'n_estimators': 480, 'subsample': 0.6}",-9.326365830382874,-10.162676931677137,-9.74979532128709,-10.144160141209197,-9.520985838979461,-9.780796812707152,0.3325163713264119,313,-13.845748384973236,-15.666553598208663,-14.90263489492383,-14.750046794472878,-14.26787334397123,-14.686571403309966,0.6153647817464111,298,-0.39927514346119,-0.3642143505903724,-0.41963746223564957,-0.36215727628803857,-0.4231464737793852,-0.39368614127092716,0.026211733898517157,24,-1.561894739427104,-3.0683742424602816,-1.1492073598593582,-3.437697295686158,-1.0923424612391197,-2.0619032197344045,0.9928608700555209,298,-9.723208692191589,-9.739186110757803,-10.247640803572999,-9.259047497625193,-9.959486726261558,-9.785713966081829,0.3246606520528187,60,quantile_0.40
110.92668642997742,1.8848527264785604,0.12874016761779786,0.005219794094414914,0.025,quantile,7,0.75,10,480,0.6,0.4,"{'alpha': 0.4, 'learning_rate': 0.025, 'loss': 'quantile', 'max_depth': 7, 'max_features': 0.75, 'min_samples_leaf': 10, 'n_estimators': 480, 'subsample': 0.6}",-9.271932750016761,-10.159235041460503,-9.676699652882187,-10.047820551512638,-9.41555855589444,-9.714249310353306,0.345123791396925,290,-13.84606933612525,-15.672769817650476,-14.839139459583098,-14.771956575867874,-14.216685827472944,-14.66932420333993,0.6211125182642642,293,-0.39957716701902746,-0.36542537087496213,-0.43202416918429004,-0.3567339560108466,-0.4282700421940928,-0.39640614105664385,0.031073132820529002,36,-1.594493740611326,-3.03182822514869,-1.129538975903472,-3.44345311845219,-1.0018188095168805,-2.0402265739265117,1.0058467989751114,291,-9.606954104361828,-9.75220576399251,-9.89199365062921,-9.256712631050517,-9.822937536411239,-9.666160737289061,0.22544905996521805,46,quantile_0.40
108.80885515213012,1.0643862541159559,0.12657179832458496,0.005760033540148405,0.025,quantile,7,0.75,15,480,0.6,0.4,"{'alpha': 0.4, 'learning_rate': 0.025, 'loss': 'quantile', 'max_depth': 7, 'max_features': 0.75, 'min_samples_leaf': 15, 'n_estimators': 480, 'subsample': 0.6}",-9.318357383130719,-10.21084262356852,-9.605028231669095,-10.054076009179381,-9.40772744475207,-9.719206338459959,0.35343445205227547,292,-13.911224647265366,-15.812813954608439,-14.77456763332337,-14.74405091099028,-14.305534250812498,-14.709638279399991,0.636107068736787,300,-0.40652370884929023,-0.3642143505903724,-0.4287009063444109,-0.36517023199758963,-0.43399638336347196,-0.399721116229027,0.03005126102485237,57,-1.6122621024546515,-3.097198476630418,-1.0357727304351725,-3.486129143303023,-1.0288539207882847,-2.05204327472231,1.0413531031508183,295,-9.478039180653216,-9.765738411195576,-9.99444528156599,-8.992993254060904,-9.653160539066612,-9.57687533330846,0.3366126034575934,30,quantile_0.40
109.08352870941162,1.2735120133183333,0.14154276847839356,0.011487743752322758,0.025,quantile,7,0.75,20,480,0.6,0.4,"{'alpha': 0.4, 'learning_rate': 0.025, 'loss': 'quantile', 'max_depth': 7, 'max_features': 0.75, 'min_samples_leaf': 20, 'n_estimators': 480, 'subsample': 0.6}",-9.188562439494481,-10.001840388658856,-9.600155314907468,-10.007488475292035,-9.352935811560027,-9.630196485982575,0.3326514753166759,256,-13.799900414399437,-15.587379647309827,-14.799226895852538,-14.697665674129107,-14.2905674754367,-14.63494802142552,0.5922751929608107,284,-0.41407429779522803,-0.371480472297911,-0.42628398791540784,-0.3675805965652305,-0.4255575647980711,-0.4009953838743697,0.026082753810529515,67,-1.47997649419831,-2.9803338567208386,-1.0524465306166273,-3.468723366562205,-1.1272706693549086,-2.021750183490578,1.0045671659181956,285,-9.308215924462298,-9.450707447021706,-10.025838439405629,-8.894328440932094,-9.66457398790247,-9.468732847944839,0.37543345954647767,6,quantile_0.40
128.97797722816466,0.6666834182228902,0.16365289688110352,0.014455163879518168,0.025,quantile,8,0.75,5,480,0.6,0.4,"{'alpha': 0.4, 'learning_rate': 0.025, 'loss': 'quantile', 'max_depth': 8, 'max_features': 0.75, 'min_samples_leaf': 5, 'n_estimators': 480, 'subsample': 0.6}",-9.336183809034216,-10.233093046401063,-9.739940734296841,-10.07568774346924,-9.562991815772254,-9.789579429794722,0.3280048265232828,315,-13.799593913758233,-15.628871118328435,-14.79167280970596,-14.626724483791783,-14.251686243587852,-14.619709713834453,0.6092714426011682,279,-0.39655693144065235,-0.3527096578867696,-0.4178247734138973,-0.36034950286230794,-0.42766726943942135,-0.39102162700860976,0.030001791743776072,15,-1.5970172039724324,-3.1188589866622602,-1.1459588596567594,-3.429997458699353,-0.9824648187369129,-2.0548594655455434,1.0206713092394513,296,-9.75795149632885,-10.085113776531015,-10.284193783463005,-9.221173099979621,-10.031778920423982,-9.876042215345295,0.3680629070525816,69,quantile_0.40
126.09176683425903,1.4842389076881046,0.15698614120483398,0.013857362891157353,0.025,quantile,8,0.75,10,480,0.6,0.4,"{'alpha': 0.4, 'learning_rate': 0.025, 'loss': 'quantile', 'max_depth': 8, 'max_features': 0.75, 'min_samples_leaf': 10, 'n_estimators': 480, 'subsample': 0.6}",-9.270402823328773,-10.137253339064463,-9.605677200681905,-9.96914750555396,-9.441822475271145,-9.684860668780049,0.32329275416260517,272,-13.783729313777298,-15.596346161769967,-14.651205332920192,-14.522692250099494,-14.221796624666668,-14.555153936646724,0.6000973133911643,267,-0.4013893083660526,-0.35755373902512866,-0.4214501510574018,-0.3615546851461284,-0.4207353827606992,-0.3925366532710821,0.027904174739038615,20,-1.5495165505015474,-3.0196111787416804,-1.0034689951586675,-3.333385693115117,-1.0433271607760555,-1.9898619156586137,0.9927983442612522,273,-9.617702953096668,-9.953248118351462,-10.205487154222908,-9.176705606451883,-9.980733328615583,-9.786775432147701,0.3581684024182802,61,quantile_0.40
124.76855268478394,2.2748111847809223,0.16171774864196778,0.011433587751802816,0.025,quantile,8,0.75,15,480,0.6,0.4,"{'alpha': 0.4, 'learning_rate': 0.025, 'loss': 'quantile', 'max_depth': 8, 'max_features': 0.75, 'min_samples_leaf': 15, 'n_estimators': 480, 'subsample': 0.6}",-9.276810336037126,-10.141767278827214,-9.555397295385196,-9.967224536854348,-9.379484070885924,-9.664136703597961,0.335519387302166,267,-13.892223288169975,-15.685896363849416,-14.681989512228023,-14.558552840777956,-14.176484306183067,-14.599029262241686,0.61121514464279,275,-0.40712775596496525,-0.37420526793823794,-0.4259818731117825,-0.3687857788490509,-0.4382157926461724,-0.40286329370204177,0.02751368020874634,75,-1.5241561864322137,-3.0986668770133745,-0.9648129678691056,-3.347219243396852,-0.953654103135848,-1.977701875569479,1.040428933368028,267,-9.521156487144609,-9.410744590287667,-10.08327451208449,-8.975407503670517,-9.613790864166006,-9.520874791470657,0.35625556695629146,18,quantile_0.40
123.63996281623841,1.0565243179472017,0.16478052139282226,0.01051400095498889,0.025,quantile,8,0.75,20,480,0.6,0.4,"{'alpha': 0.4, 'learning_rate': 0.025, 'loss': 'quantile', 'max_depth': 8, 'max_features': 0.75, 'min_samples_leaf': 20, 'n_estimators': 480, 'subsample': 0.6}",-9.191055114174755,-10.119637403273593,-9.527994714331697,-9.903925172651796,-9.406216936052395,-9.629765868096847,0.3370270207607307,254,-13.825196449302823,-15.65742466245299,-14.648543230969116,-14.600746951755957,-14.29835229891864,-14.606052718679905,0.6019356478390688,277,-0.4050135910601027,-0.37117771722676357,-0.427190332326284,-0.3705935522747816,-0.4358047016274864,-0.40195597890308365,0.02728648313980715,70,-1.5182469677940655,-3.002142745112969,-0.9918959008049194,-3.3857351592599176,-0.9403505764091227,-1.967674269876199,1.0286441570165552,263,-9.472284777280558,-9.587718130466778,-9.990978455719109,-8.794257176604734,-9.712913064072051,-9.511630320828647,0.39805804395260747,15,quantile_0.40
145.10023665428162,1.6520730873507457,0.17768917083740235,0.010371531802203933,0.025,quantile,9,0.75,5,480,0.6,0.4,"{'alpha': 0.4, 'learning_rate': 0.025, 'loss': 'quantile', 'max_depth': 9, 'max_features': 0.75, 'min_samples_leaf': 5, 'n_estimators': 480, 'subsample': 0.6}",-9.390835052685354,-10.116520114706056,-9.72200187455327,-10.073992094862113,-9.542581379463574,-9.769186103254075,0.2864518031991415,311,-13.819578988766798,-15.467652508758489,-14.639843241782142,-14.552380910276439,-14.18513148007076,-14.532917425930927,0.5505176513901399,258,-0.39716097855632737,-0.3548289433848017,-0.41450151057401813,-0.3543235914432058,-0.4234478601567209,-0.3888525768230148,0.029235558604418115,12,-1.6209054126607607,-2.933880407200236,-0.9755830454349087,-3.438276497223593,-0.9976685600424269,-1.9932627845123854,1.013741196315249,274,-9.781839177992937,-10.121270884766094,-10.550527086144962,-9.363920097177823,-10.089687094248882,-9.98144886806614,0.39403084638107994,74,quantile_0.40
141.6907005786896,3.039210894662591,0.17107062339782714,0.0028833279985151436,0.025,quantile,9,0.75,10,480,0.6,0.4,"{'alpha': 0.4, 'learning_rate': 0.025, 'loss': 'quantile', 'max_depth': 9, 'max_features': 0.75, 'min_samples_leaf': 10, 'n_estimators': 480, 'subsample': 0.6}",-9.277768321892669,-10.127706979294409,-9.671233935492,-10.009094608893115,-9.441899838998435,-9.705540736914125,0.3237412572193489,286,-13.721068927016812,-15.537054330703809,-14.659194751887155,-14.555264739429438,-14.105071430483148,-14.515530835904073,0.6107986578970376,256,-0.41981274539414076,-0.36603088101725706,-0.4226586102719033,-0.36667670985236517,-0.4294755877034358,-0.40093090684782046,0.028406962325812288,64,-1.3783903786401865,-2.992743431202286,-0.9471226213711159,-3.339426700603179,-0.9384459381812845,-1.9192258139996106,1.0362265565814468,249,-9.40821596047085,-9.746395615942218,-10.320517673245222,-9.094752583243345,-9.899810541372387,-9.693938474854804,0.41914141747409595,51,quantile_0.40
137.72051892280578,1.7342073123122232,0.17424240112304687,0.008371465705693753,0.025,quantile,9,0.75,15,480,0.6,0.4,"{'alpha': 0.4, 'learning_rate': 0.025, 'loss': 'quantile', 'max_depth': 9, 'max_features': 0.75, 'min_samples_leaf': 15, 'n_estimators': 480, 'subsample': 0.6}",-9.270608077042636,-10.07564934971131,-9.599050945250346,-9.89631748051302,-9.35571125180267,-9.639467420863998,0.30803730251395955,262,-13.784525359703741,-15.508437396255498,-14.639339619651707,-14.390738207369024,-14.125897115487199,-14.489787539693435,0.5830326077468532,251,-0.413470250679553,-0.37208598244020585,-0.4341389728096677,-0.37782464597770415,-0.4342977697408077,-0.4063635243295877,0.026801942541312445,78,-1.4362503351017941,-2.862014337902616,-0.9816223473063732,-3.3036180685792735,-0.886547189138571,-1.8940104556057258,0.998098568285252,243,-9.473907408168783,-9.693505469489065,-9.924735093665465,-8.724549181901157,-9.750411644663249,-9.513421759577543,0.41991769069283,16,quantile_0.40
135.78725395202636,0.793537051440568,0.1765425205230713,0.006211177120971313,0.025,quantile,9,0.75,20,480,0.6,0.4,"{'alpha': 0.4, 'learning_rate': 0.025, 'loss': 'quantile', 'max_depth': 9, 'max_features': 0.75, 'min_samples_leaf': 20, 'n_estimators': 480, 'subsample': 0.6}",-9.131644419700391,-10.067866661885484,-9.459915632408567,-9.830891937799668,-9.302388288146467,-9.558541387988116,0.34385157506361863,240,-13.709378255254922,-15.558777196069482,-14.473690185711224,-14.412965397432764,-14.166621923378559,-14.46428659156939,0.6097741921097687,245,-0.4028994261552401,-0.37723281864971236,-0.43746223564954684,-0.3766194636938837,-0.4336949969861362,-0.4055817882269038,0.026292169249934827,77,-1.534520296961719,-2.8826549850494207,-0.8346028757456275,-3.4631266154424054,-0.8755793084898992,-1.9180968163378143,1.0700861984565124,248,-9.428065206292256,-9.523577114201247,-9.858351251572627,-8.453845241961501,-9.715132798645062,-9.395794322534538,0.4940797298215685,2,quantile_0.40
79.73601894378662,0.5673262556122352,0.08357315063476563,0.0039009851908194284,0.03,quantile,6,0.75,5,400,0.6,0.4,"{'alpha': 0.4, 'learning_rate': 0.03, 'loss': 'quantile', 'max_depth': 6, 'max_features': 0.75, 'min_samples_leaf': 5, 'n_estimators': 400, 'subsample': 0.6}",-9.397710695945197,-10.358557655852422,-9.843664915869976,-10.107611957425139,-9.481062219652015,-9.837721488948949,0.36468118525303145,320,-14.015439553811596,-15.919805181363797,-15.09738457671645,-14.826576745175727,-14.374214924728781,-14.846684196359272,0.652539425193708,319,-0.39897311990335244,-0.36633363608840447,-0.4178247734138973,-0.3588430250075324,-0.4267631103074141,-0.3937475329441201,0.027080971295176087,26,-1.6670859699900418,-3.281541190085087,-1.2134667608546905,-3.4819878025804307,-1.1616048030942765,-2.1611373053209055,1.0140199511749197,318,-9.688152334457804,-9.659250159681617,-10.327532860846203,-9.231925512145084,-9.74716091389074,-9.73080435620429,0.34990620008237666,52,quantile_0.40
80.78607668876649,0.9417193903878485,0.08905239105224609,0.009097563309307796,0.03,quantile,6,0.75,10,400,0.6,0.4,"{'alpha': 0.4, 'learning_rate': 0.03, 'loss': 'quantile', 'max_depth': 6, 'max_features': 0.75, 'min_samples_leaf': 10, 'n_estimators': 400, 'subsample': 0.6}",-9.366938308770775,-10.255900717184566,-9.751345751772023,-10.176024586726609,-9.432455562352082,-9.796532985361212,0.36719979050284357,316,-14.02839971650521,-15.905986010440028,-15.021447752090486,-14.997298346206055,-14.421521955616361,-14.874930756171628,0.6358789721445534,320,-0.40712775596496525,-0.36905843172873143,-0.4232628398791541,-0.36215727628803857,-0.42977697408077153,-0.39827665558833214,0.027760531749105557,50,-1.6526143981097068,-3.220854915727798,-1.2691011016584968,-3.602619053327293,-1.103531217732618,-2.1697441373111825,1.0366634389390104,319,-9.474082517877891,-9.531073126419894,-10.020067734431038,-9.075346491411121,-9.68982152014284,-9.55807827805656,0.30711726861816113,28,quantile_0.40
80.05491361618041,0.9323920127456347,0.08274412155151367,0.0039953262332322395,0.03,quantile,6,0.75,15,400,0.6,0.4,"{'alpha': 0.4, 'learning_rate': 0.03, 'loss': 'quantile', 'max_depth': 6, 'max_features': 0.75, 'min_samples_leaf': 15, 'n_estimators': 400, 'subsample': 0.6}",-9.323495169724412,-10.20245502230474,-9.72798799965352,-10.09245329632086,-9.434261729349139,-9.756130643470534,0.34752940519738756,307,-13.97808558115114,-15.816617808196108,-15.017515930824574,-14.859915726675414,-14.398574872234782,-14.814141983816404,0.6196935224752066,316,-0.413470250679553,-0.36542537087496213,-0.43323262839879156,-0.36185598071708347,-0.4358047016274864,-0.4019577864595753,0.032246049213441444,71,-1.6271748753161432,-3.197885913873035,-1.1902883593061475,-3.486014444623128,-1.1153443318701428,-2.123341584997719,1.014332393760568,308,-9.306981919205908,-9.58413080577876,-9.853481802492958,-9.128547272599818,-9.544318092958266,-9.483491978607141,0.24813786687768744,9,quantile_0.40
78.28584098815918,1.1381474766508795,0.091984224319458,0.013113396526012377,0.03,quantile,6,0.75,20,400,0.6,0.4,"{'alpha': 0.4, 'learning_rate': 0.03, 'loss': 'quantile', 'max_depth': 6, 'max_features': 0.75, 'min_samples_leaf': 20, 'n_estimators': 400, 'subsample': 0.6}",-9.291346159730738,-10.119541280918668,-9.726097749754112,-10.01914195011029,-9.43191076112428,-9.717607580327616,0.3212062359295394,291,-13.991298216336315,-15.698430554841861,-15.047385271964778,-14.791981867878553,-14.346511695060762,-14.775121521216454,0.5873664527679175,303,-0.40471156750226517,-0.36815016651528915,-0.4232628398791541,-0.3675805965652305,-0.4394213381555154,-0.40062530172349087,0.02891669099460104,61,-1.6146569188295983,-3.1407559678699015,-1.1808744816823458,-3.455137186516472,-1.0590128607311553,-2.0900874831258944,1.008274004223902,301,-9.48414853605361,-9.47817758593753,-10.094464317386706,-8.928660578019626,-9.527186294068718,-9.502527462293239,0.3691209017860245,13,quantile_0.40
94.93953466415405,0.7259982515116571,0.11548552513122559,0.010893414017292383,0.03,quantile,7,0.75,5,400,0.6,0.4,"{'alpha': 0.4, 'learning_rate': 0.03, 'loss': 'quantile', 'max_depth': 7, 'max_features': 0.75, 'min_samples_leaf': 5, 'n_estimators': 400, 'subsample': 0.6}",-9.343756771107529,-10.212644824167157,-9.78195380693463,-10.10010116900316,-9.505339044771075,-9.78875912319671,0.33317061800923453,314,-13.830736407989368,-15.605674848215994,-14.93146088895679,-14.731687935548969,-14.286138145584216,-14.677139645259066,0.5998521562699225,295,-0.39806704922983993,-0.36270057523463517,-0.41389728096676737,-0.3609520940042181,-0.42254370102471367,-0.39163214009203484,0.025577215744199716,18,-1.6559136278779523,-3.0755879159378643,-1.1460855357391018,-3.509818392311459,-1.0736429567482477,-2.092209685722925,1.0099139099254086,302,-9.656467620346406,-9.838772524157493,-10.432381013743505,-9.129026934824605,-9.977306569208183,-9.806790932456039,0.4250699916575996,64,quantile_0.40
92.34620189666748,1.4690571672219894,0.12175140380859376,0.013484176527120372,0.03,quantile,7,0.75,10,400,0.6,0.4,"{'alpha': 0.4, 'learning_rate': 0.03, 'loss': 'quantile', 'max_depth': 7, 'max_features': 0.75, 'min_samples_leaf': 10, 'n_estimators': 400, 'subsample': 0.6}",-9.329840781431708,-10.163720878987037,-9.65604428476394,-10.00008357619736,-9.501296133357974,-9.730197130947605,0.3095031668128998,299,-13.886696318608479,-15.697756920382531,-14.802745405015301,-14.678132042066057,-14.34093288315505,-14.681252713845485,0.5991975411966809,297,-0.4053156146179402,-0.3636088404480775,-0.4253776435045317,-0.35703525158180177,-0.4318866787221218,-0.39664480577489464,0.030993677701328114,37,-1.482214104018903,-3.048954485609299,-1.0944774989172412,-3.4781459228821903,-1.0446629987316736,-2.0296910020318615,1.0277699279742827,287,-9.6808837291035,-9.78354429530669,-10.063489368307023,-9.133464587068799,-9.790338011406163,-9.690343998238436,0.3059825944472555,50,quantile_0.40
91.7775755405426,0.6164439376215118,0.10707631111145019,0.004473480791873868,0.03,quantile,7,0.75,15,400,0.6,0.4,"{'alpha': 0.4, 'learning_rate': 0.03, 'loss': 'quantile', 'max_depth': 7, 'max_features': 0.75, 'min_samples_leaf': 15, 'n_estimators': 400, 'subsample': 0.6}",-9.255055997381856,-10.182321568372869,-9.659382954848393,-10.002237520014054,-9.35994555194405,-9.691788718512244,0.3574650823699831,278,-13.840142530289462,-15.732175498160524,-14.86837188259461,-14.7001006318142,-14.208954811300401,-14.669949070831839,0.6433817395327327,294,-0.40018121413470253,-0.36905843172873143,-0.43051359516616317,-0.36004820729135284,-0.43731163351416513,-0.39942261636702303,0.031225405849867254,54,-1.5746425435538194,-3.1729529999378263,-1.1307943504914124,-3.3864662956952247,-0.9552789164321164,-2.04402702122208,1.0311454994826676,294,-9.596169413443256,-9.496285636399076,-9.905132729972493,-9.187340875947362,-9.609470674234524,-9.55887986599934,0.2305646307412162,29,quantile_0.40
89.5476095199585,1.6265139810201183,0.12334995269775391,0.02077750896416931,0.03,quantile,7,0.75,20,400,0.6,0.4,"{'alpha': 0.4, 'learning_rate': 0.03, 'loss': 'quantile', 'max_depth': 7, 'max_features': 0.75, 'min_samples_leaf': 20, 'n_estimators': 400, 'subsample': 0.6}",-9.179675423034272,-10.093806573340038,-9.64192780684945,-10.026805380143086,-9.368689811648062,-9.662180999002981,0.35738228143877027,266,-13.833168888916155,-15.625954315714441,-14.846885982960028,-14.770538387235266,-14.261909650443556,-14.66769144505389,0.6036625989338574,292,-0.4107520386590154,-0.3657281259461096,-0.4323262839879154,-0.3678818921361856,-0.43640747438215793,-0.4026191630222768,0.030521904566756103,73,-1.6182500008453817,-2.9959334405308073,-1.0434573579559034,-3.460010615780456,-1.0599108746218073,-2.0355124579468713,1.0061494118041916,290,-9.204367490024785,-9.703756191088116,-9.944422496798616,-8.925139976625541,-9.5195195141758,-9.45944113374257,0.3602905693378613,5,quantile_0.40
108.09721312522888,1.6172525204308432,0.13366951942443847,0.00838122430350387,0.03,quantile,8,0.75,5,400,0.6,0.4,"{'alpha': 0.4, 'learning_rate': 0.03, 'loss': 'quantile', 'max_depth': 8, 'max_features': 0.75, 'min_samples_leaf': 5, 'n_estimators': 400, 'subsample': 0.6}",-9.347045040892462,-10.19892512445237,-9.74165737517216,-10.056679610666444,-9.542400405368463,-9.777341511310379,0.3154007767615587,312,-13.868590143764203,-15.642571794841555,-14.852665235662862,-14.5879003526056,-14.25366277968239,-14.641078061311323,0.5995689922852069,285,-0.39927514346119,-0.3563427187405389,-0.427190332326284,-0.363362458571859,-0.4246534056660639,-0.3941648117531872,0.029751136245323,28,-1.5479569656340002,-3.003573467168157,-1.0593744224171058,-3.360627787353701,-1.0277502381060062,-1.9998565761357938,0.9892276339140371,276,-9.766558478510124,-10.096111522519012,-10.16207799632929,-9.214011609276533,-10.025411375080493,-9.85283419634309,0.3464494956313762,68,quantile_0.40
106.435187625885,1.1890842193084528,0.1411414623260498,0.018265101186358993,0.03,quantile,8,0.75,10,400,0.6,0.4,"{'alpha': 0.4, 'learning_rate': 0.03, 'loss': 'quantile', 'max_depth': 8, 'max_features': 0.75, 'min_samples_leaf': 10, 'n_estimators': 400, 'subsample': 0.6}",-9.323771829845588,-10.130610732623085,-9.566949022395825,-10.006907768338548,-9.449411451696106,-9.695530160979832,0.3167216137912357,282,-13.854971339566516,-15.596184972937584,-14.689285485043126,-14.562178163994593,-14.267247908926286,-14.59397357409362,0.577476745741346,274,-0.4059196617336152,-0.3563427187405389,-0.42749244712990936,-0.3612533895751732,-0.43670886075949367,-0.3975434155877461,0.03321295378011274,42,-1.5714437612844085,-3.1005023060526193,-1.1206756093694445,-3.351757057141092,-0.9721156938298908,-2.0232988855354908,1.0048936518251628,286,-9.549091605284994,-9.864251543314461,-9.87885688944075,-9.211194833387973,-9.705889345962769,-9.64185684347819,0.24649695415073378,41,quantile_0.40
103.99001908302307,1.709257380889273,0.15106239318847656,0.04245014272544145,0.03,quantile,8,0.75,15,400,0.6,0.4,"{'alpha': 0.4, 'learning_rate': 0.03, 'loss': 'quantile', 'max_depth': 8, 'max_features': 0.75, 'min_samples_leaf': 15, 'n_estimators': 400, 'subsample': 0.6}",-9.309770222785822,-10.191190969533125,-9.578223726263078,-9.942391599000024,-9.422590851692465,-9.688833473854903,0.3296857214744133,275,-13.889591213488288,-15.707512996588502,-14.661763325957924,-14.560320478054113,-14.244618823047379,-14.61276136742724,0.6102681988928951,278,-0.399879190576865,-0.37057220708446864,-0.429607250755287,-0.37029225670382643,-0.4345991561181435,-0.40099001224771813,0.027630960470705356,65,-1.6479234638730482,-3.044691968597128,-1.046946076123191,-3.3798563110894873,-1.0565987563633645,-2.0352033152092437,0.9911068516663084,289,-9.580201895302189,-9.642518872586438,-9.929159290423005,-8.861291546206292,-9.624952070839791,-9.527624735071543,0.35515279771545827,22,quantile_0.40
101.1385106086731,1.2761331538801162,0.13267292976379394,0.003628627110803908,0.03,quantile,8,0.75,20,400,0.6,0.4,"{'alpha': 0.4, 'learning_rate': 0.03, 'loss': 'quantile', 'max_depth': 8, 'max_features': 0.75, 'min_samples_leaf': 20, 'n_estimators': 400, 'subsample': 0.6}",-9.264705772563378,-10.09444392931003,-9.488447244939083,-9.869496142705097,-9.320288866959718,-9.60747639129546,0.3224679959596407,252,-13.863331727415467,-15.624626472552402,-14.600041920551703,-14.513434341920068,-14.143432485131779,-14.548973389514284,0.5992442720207912,264,-0.4059196617336152,-0.3751135331516803,-0.4398791540785498,-0.377523350406749,-0.43670886075949367,-0.4070289120260176,0.02775045142372957,79,-1.5068637742490374,-3.071978326074527,-0.9246384711607676,-3.324038434084002,-0.9992083134508722,-1.9653454638038412,1.0293085423556447,262,-9.555883503131987,-9.360453546201319,-9.734274396018622,-8.668944187914372,-9.527034256915925,-9.369317978036445,0.36972322914468436,1,quantile_0.40
121.66105933189392,1.4938422996233405,0.15638151168823242,0.012763584799163286,0.03,quantile,9,0.75,5,400,0.6,0.4,"{'alpha': 0.4, 'learning_rate': 0.03, 'loss': 'quantile', 'max_depth': 9, 'max_features': 0.75, 'min_samples_leaf': 5, 'n_estimators': 400, 'subsample': 0.6}",-9.473273087457006,-10.236360749280687,-9.746642085380852,-10.152197480063194,-9.559023304203444,-9.833499341277037,0.30871023614227516,319,-13.926021882805742,-15.584972222272308,-14.73351309059335,-14.649725170866564,-14.216647551768565,-14.622175983661304,0.5637757262228599,280,-0.39565086076713984,-0.3599757795943082,-0.4169184290030212,-0.3612533895751732,-0.42495479204339964,-0.39175065019660843,0.027169354337302533,19,-1.560720213407685,-2.9888449906208967,-1.0658211776469497,-3.3525983641756336,-1.0421555027532858,-2.00202804972089,0.9788196023032663,277,-9.999413193121107,-10.066671383874386,-10.410694639347543,-9.411121545300588,-10.020910413195615,-9.981762234967848,0.32207685541845005,75,quantile_0.40
117.23118343353272,2.5221222534140715,0.13236083984375,0.0071999223881729375,0.03,quantile,9,0.75,10,400,0.6,0.4,"{'alpha': 0.4, 'learning_rate': 0.03, 'loss': 'quantile', 'max_depth': 9, 'max_features': 0.75, 'min_samples_leaf': 10, 'n_estimators': 400, 'subsample': 0.6}",-9.305591232839294,-10.152809159139611,-9.564336696275834,-10.144915508340773,-9.455799317741713,-9.724690382867447,0.3559591689894057,294,-13.785071286511132,-15.57989103563302,-14.581258754514835,-14.697234058946835,-14.12313115776997,-14.55331725867516,0.6083762729242463,266,-0.4053156146179402,-0.35937026945201334,-0.4308157099697885,-0.36938836999096114,-0.432790837854129,-0.39953616037696643,0.030462678631785388,55,-1.4037761060637097,-2.909464809071579,-0.9554318707888582,-3.4385415855272203,-0.9975713690093716,-1.940957148092148,1.0325276276127116,254,-9.74773095557152,-10.077829144176373,-9.991400761697719,-9.077673348212963,-9.771727135756931,-9.733272269083102,0.35123995624230947,53,quantile_0.40
105.88730678558349,4.759322313332623,0.11511354446411133,0.008872292039253946,0.03,quantile,9,0.75,15,400,0.6,0.4,"{'alpha': 0.4, 'learning_rate': 0.03, 'loss': 'quantile', 'max_depth': 9, 'max_features': 0.75, 'min_samples_leaf': 15, 'n_estimators': 400, 'subsample': 0.6}",-9.314788025106843,-10.14044623391873,-9.575382350717607,-10.050355903207048,-9.38474090830995,-9.693142684252035,0.3405328615554963,279,-13.84917387032842,-15.558154467525169,-14.630769405243399,-14.652252080163855,-14.126004923443647,-14.563270949340898,0.5836785268629635,269,-0.40712775596496525,-0.37208598244020585,-0.4232628398791541,-0.3675805965652305,-0.43128390596745025,-0.4002682161634012,0.026078718499047533,60,-1.5206689867024097,-3.0315538765152437,-0.9372130783113769,-3.431089454372703,-0.9861032643337403,-1.981325732047095,1.04858358150111,270,-9.572080169197731,-9.552754864322099,-10.204261346061609,-9.003830058885734,-9.736785360836153,-9.613942359860664,0.38504552478279236,36,quantile_0.40
94.35087814331055,2.721982805681989,0.09367566108703614,0.011716921523095893,0.03,quantile,9,0.75,20,400,0.6,0.4,"{'alpha': 0.4, 'learning_rate': 0.03, 'loss': 'quantile', 'max_depth': 9, 'max_features': 0.75, 'min_samples_leaf': 20, 'n_estimators': 400, 'subsample': 0.6}",-9.240052434847831,-10.099505089878864,-9.526210374785066,-9.986147817888716,-9.345366523910274,-9.639456448262148,0.3437082428809827,261,-13.803102125244648,-15.636513020779075,-14.56507780580597,-14.541155817205915,-14.196655054705815,-14.548500764748287,0.6104938904308547,262,-0.40622168529145275,-0.37541628822282774,-0.4299093655589124,-0.3844531485387165,-0.44544906570223025,-0.4082899106628279,0.02646260557965571,80,-1.4860053292557056,-2.903442852730989,-0.8436040109776705,-3.3669048506654318,-0.9214904420000735,-1.904289497125974,1.0395634111297938,244,-9.544107794280865,-9.584110310201382,-10.098182383767558,-8.608647103532162,-9.455487428882964,-9.458107004132987,0.4805327138840433,4,quantile_0.40
