mean_fit_time,std_fit_time,mean_score_time,std_score_time,param_learning_rate,param_loss,param_max_depth,param_max_features,param_min_samples_leaf,param_n_estimators,param_subsample,param_alpha,params,split0_test_MAE,split1_test_MAE,split2_test_MAE,split3_test_MAE,split4_test_MAE,mean_test_MAE,std_test_MAE,rank_test_MAE,split0_test_RMSE,split1_test_RMSE,split2_test_RMSE,split3_test_RMSE,split4_test_RMSE,mean_test_RMSE,std_test_RMSE,rank_test_RMSE,split0_test_overestimation_rate,split1_test_overestimation_rate,split2_test_overestimation_rate,split3_test_overestimation_rate,split4_test_overestimation_rate,mean_test_overestimation_rate,std_test_overestimation_rate,rank_test_overestimation_rate,split0_test_mean_signed_error,split1_test_mean_signed_error,split2_test_mean_signed_error,split3_test_mean_signed_error,split4_test_mean_signed_error,mean_test_mean_signed_error,std_test_mean_signed_error,rank_test_mean_signed_error,split0_test_mean_overestimation,split1_test_mean_overestimation,split2_test_mean_overestimation,split3_test_mean_overestimation,split4_test_mean_overestimation,mean_test_mean_overestimation,std_test_mean_overestimation,rank_test_mean_overestimation,profile
393.376483631134,18.646544312264666,0.4548664569854736,0.24910050281979182,0.01,absolute_error,6,1.0,5,1200,0.6,,"{'learning_rate': 0.01, 'loss': 'absolute_error', 'max_depth': 6, 'max_features': 1.0, 'min_samples_leaf': 5, 'n_estimators': 1200, 'subsample': 0.6}",-8.915778877391977,-9.321342043902249,-9.513733058424615,-9.326893184029068,-9.294808641104042,-9.27451116097039,0.19558372280875297,93,-13.617256406745925,-14.637886282605207,-14.71798086138823,-13.773563663985954,-14.22183816248895,-14.193705075442853,0.44311745358878585,144,-0.47780126849894294,-0.4211323039660914,-0.4933534743202417,-0.42121120819523955,-0.49819168173598555,-0.4623379873433002,0.03428084364129767,118,1.699462679084894,-0.19981368498357213,1.88938290492808,-0.21899713448030295,1.8272040668057348,0.9994477662709667,0.9889410424171368,13,-11.108427557994602,-10.829765697163332,-11.556740305786104,-10.81155471689998,-11.162382989971155,-11.093774253563033,0.27151715536218357,144,huber_0.80
397.2306559085846,18.820281140914467,0.24936790466308595,0.035108820250923045,0.01,absolute_error,6,1.0,10,1200,0.6,,"{'learning_rate': 0.01, 'loss': 'absolute_error', 'max_depth': 6, 'max_features': 1.0, 'min_samples_leaf': 10, 'n_estimators': 1200, 'subsample': 0.6}",-8.906000436239465,-9.2861355689762,-9.479538964814777,-9.299738665740055,-9.317356165564641,-9.257753960267028,0.1892299046086378,75,-13.65521287573169,-14.611232335673794,-14.70421391167363,-13.766620443408314,-14.288107619133706,-14.205077437124228,0.42792256406498264,150,-0.48655995167623073,-0.410535876475931,-0.4761329305135952,-0.42663452847243144,-0.5030138637733574,-0.4605754301823092,0.03570488359734824,93,1.6898888109938761,-0.23816557528243418,1.8497948570990668,-0.1739322753712509,1.8464817743667015,0.9948135183611919,0.982411904043861,14,-10.888575200989942,-11.019706817540749,-11.897238245728055,-10.695109961028976,-11.09694855742726,-11.119515756542997,0.4120138814238978,148,huber_0.80
391.27203102111815,20.832357493736946,0.28495111465454104,0.04167261706929329,0.01,absolute_error,6,1.0,15,1200,0.6,,"{'learning_rate': 0.01, 'loss': 'absolute_error', 'max_depth': 6, 'max_features': 1.0, 'min_samples_leaf': 15, 'n_estimators': 1200, 'subsample': 0.6}",-8.886903466834385,-9.252410628755065,-9.473654732535108,-9.276705111353683,-9.28920008005382,-9.235774803906413,0.19136581259063368,54,-13.66560554443336,-14.649680930630495,-14.737211163673615,-13.752036303938976,-14.30632911519997,-14.222172611575283,0.444050771443121,155,-0.48958018725460584,-0.4129579170451105,-0.4824773413897281,-0.43567339560108465,-0.5135623869801085,-0.4668502456541274,0.03693036575957892,147,1.6366313599923836,-0.23172946347161225,1.8068280693944083,-0.16810291700580818,1.8737886394001206,0.9834831376618984,0.9695396299922183,18,-10.747508886990571,-10.922034416763655,-11.69016846411606,-10.45347533991722,-10.868191482144416,-10.936275717986383,0.41034660277515955,108,huber_0.80
387.33653230667113,11.26398885313484,0.2627236843109131,0.029152542254704993,0.01,absolute_error,6,1.0,20,1200,0.6,,"{'learning_rate': 0.01, 'loss': 'absolute_error', 'max_depth': 6, 'max_features': 1.0, 'min_samples_leaf': 20, 'n_estimators': 1200, 'subsample': 0.6}",-8.859279033517971,-9.246192292105507,-9.421862703076282,-9.22371043815058,-9.255501154052782,-9.201309124180623,0.18497651624711953,29,-13.632178054700184,-14.671244196125519,-14.674537676895877,-13.731023348552819,-14.278814580572222,-14.197559571369325,0.44627344083950793,145,-0.47931138628813047,-0.4223433242506812,-0.486404833836858,-0.43748116902681533,-0.5033152501506932,-0.4657711927106357,0.03067554542729543,144,1.6848721142607999,-0.05754484628192567,1.8757411463924072,-0.15318978291815877,1.92701780465245,1.0553792872211143,0.9516562224435977,1,-10.9992704632311,-10.878172943926627,-11.613375385633962,-10.36675552848361,-11.108861648198792,-10.993287193894817,0.4009228947921567,120,huber_0.80
468.3945855140686,13.704373468653987,0.42402048110961915,0.1718142846771194,0.01,absolute_error,7,1.0,5,1200,0.6,,"{'learning_rate': 0.01, 'loss': 'absolute_error', 'max_depth': 7, 'max_features': 1.0, 'min_samples_leaf': 5, 'n_estimators': 1200, 'subsample': 0.6}",-8.860469800411414,-9.319933180820446,-9.471319349688255,-9.33589773370545,-9.389503418566171,-9.275424696638346,0.21410942490663123,95,-13.48212790708896,-14.584510716488957,-14.558088505963257,-13.661796779299598,-14.202709784847078,-14.09784673873757,0.45363196905680625,117,-0.4750830564784053,-0.4138661822585528,-0.4791540785498489,-0.41729436577282314,-0.4843279083785413,-0.4539451182876343,0.0314802058928846,45,1.470573947061969,-0.21317107622400025,1.797646609218485,-0.2944440341048017,1.7642673428054843,0.9049745577514272,0.9533105232161775,42,-10.872881706256953,-11.002061167330671,-11.759229925593097,-10.833424125983589,-11.514689292542363,-11.196457243541335,0.3720937343986863,157,huber_0.80
467.9772991657257,18.917189207186365,0.3611344814300537,0.06631823426593204,0.01,absolute_error,7,1.0,10,1200,0.6,,"{'learning_rate': 0.01, 'loss': 'absolute_error', 'max_depth': 7, 'max_features': 1.0, 'min_samples_leaf': 10, 'n_estimators': 1200, 'subsample': 0.6}",-8.830003567196997,-9.229794889368343,-9.427438261946959,-9.244728412600494,-9.363711646591959,-9.219135355540951,0.20807911172536775,42,-13.486406459721952,-14.540676532060559,-14.520416744926814,-13.607278975780646,-14.222577807407339,-14.07547130397946,0.44771288119261143,97,-0.4744790093627303,-0.40750832576445656,-0.48851963746223565,-0.42573064175956615,-0.4891500904159132,-0.4570775409529803,0.03394053667287355,65,1.5273273390815103,-0.2968471049309941,1.7964857174536315,-0.278954762670024,1.8185947034905607,0.9133211784849369,0.9861574435414711,40,-10.914424771065606,-10.96044819167777,-11.487689663517612,-10.529866505350048,-11.430342720139803,-11.06455437035017,0.3555594743958378,135,huber_0.80
448.2730144500732,21.796794055063167,0.5541338920593262,0.2556037814335967,0.01,absolute_error,7,1.0,15,1200,0.6,,"{'learning_rate': 0.01, 'loss': 'absolute_error', 'max_depth': 7, 'max_features': 1.0, 'min_samples_leaf': 15, 'n_estimators': 1200, 'subsample': 0.6}",-8.800043258064878,-9.177850604320705,-9.351807449515988,-9.238170350901372,-9.277775055905913,-9.169129343741771,0.19299867398347476,19,-13.522466544223269,-14.549421923095986,-14.489248721104163,-13.63877201120193,-14.195869912974969,-14.079155822520061,0.4258613444708031,99,-0.4850498338870432,-0.4178019981834696,-0.5006042296072507,-0.43296173546248873,-0.5060277275467149,-0.4684891049373935,0.036183321948652994,155,1.577972318085844,-0.21113232064445178,1.8848888972106332,-0.23977026276600694,1.7898021543715958,0.9603521572515229,0.9733324046085857,28,-10.69788591925126,-10.730822641660387,-11.223133647454771,-10.391680547154238,-10.935741865306962,-10.795852924165525,0.27543402635904596,57,huber_0.80
442.79088139533997,11.816613541643964,0.33313894271850586,0.02209796066246238,0.01,absolute_error,7,1.0,20,1200,0.6,,"{'learning_rate': 0.01, 'loss': 'absolute_error', 'max_depth': 7, 'max_features': 1.0, 'min_samples_leaf': 20, 'n_estimators': 1200, 'subsample': 0.6}",-8.765307089988827,-9.187353582212852,-9.359619709772323,-9.18858252338756,-9.232088389419465,-9.146590258956206,0.20074527688617447,9,-13.506853945058225,-14.562281468117169,-14.547589585532242,-13.63046361018085,-14.189131270203728,-14.087263975818445,0.4457489446913461,107,-0.48716399879190575,-0.41659097789887983,-0.5036253776435046,-0.44350708044591747,-0.5099457504520796,-0.47216663704645745,0.036199057178932924,160,1.5444236124636719,-0.21546787850902088,1.8930160220714465,-0.21556363933304243,1.8149467513354658,0.9642709736057042,0.9702151515325788,27,-10.581375807755805,-10.76821892417651,-11.171632955129837,-10.11598154761445,-10.83157878162673,-10.693757603260668,0.34622502967920255,28,huber_0.80
515.7305958271027,17.059291969048502,0.3841001033782959,0.01184397699229866,0.01,absolute_error,8,1.0,5,1200,0.6,,"{'learning_rate': 0.01, 'loss': 'absolute_error', 'max_depth': 8, 'max_features': 1.0, 'min_samples_leaf': 5, 'n_estimators': 1200, 'subsample': 0.6}",-8.875405596514724,-9.310649732744688,-9.48319121098299,-9.310006557139651,-9.377668542181913,-9.271384327912795,0.2078418120809213,88,-13.456243502096651,-14.521142920023653,-14.433274082958523,-13.56124067605744,-14.124252012897461,-14.019230638806743,0.43842598526489457,29,-0.4590758079130172,-0.41537995761429003,-0.4743202416918429,-0.4188008436275987,-0.4713682941531043,-0.44778902899997064,0.02560445730555631,17,1.4091272008810412,-0.2743433068125108,1.710104991519059,-0.3161071501929489,1.5541061080371144,0.8165775686863508,0.9128568011804343,66,-11.201344767163611,-10.877157479903055,-11.799302684803115,-10.737680622897878,-11.595789095085273,-11.242254929970587,0.40616588431130196,159,huber_0.80
518.6419401168823,12.884854094849684,0.4960536003112793,0.22841720134305038,0.01,absolute_error,8,1.0,10,1200,0.6,,"{'learning_rate': 0.01, 'loss': 'absolute_error', 'max_depth': 8, 'max_features': 1.0, 'min_samples_leaf': 10, 'n_estimators': 1200, 'subsample': 0.6}",-8.872306711461578,-9.19448467778986,-9.35927108084246,-9.269022592359262,-9.358431885594245,-9.210703389609481,0.18004030393676385,35,-13.492225520119042,-14.444886429059586,-14.352659723186099,-13.584877615087528,-14.147444026806916,-14.004418662851833,0.3934708248719158,19,-0.46058592570220475,-0.4087193460490463,-0.4809667673716012,-0.4275384151852968,-0.4936708860759494,-0.45429626807681966,0.03192013277273455,47,1.4039698717296323,-0.20955139734163836,1.8227479218944935,-0.3068234030738053,1.66292319550628,0.8746532377429924,0.9350738900191962,52,-11.155656317031506,-10.991568379748324,-11.624523523573904,-10.481162476828198,-11.162654505217198,-11.083113040479827,0.3675430828565658,141,huber_0.80
507.84870357513427,6.325424228512978,0.6143828392028808,0.46113381262114556,0.01,absolute_error,8,1.0,15,1200,0.6,,"{'learning_rate': 0.01, 'loss': 'absolute_error', 'max_depth': 8, 'max_features': 1.0, 'min_samples_leaf': 15, 'n_estimators': 1200, 'subsample': 0.6}",-8.811854733028932,-9.165836189572529,-9.370850330814054,-9.189958582016923,-9.283142082160424,-9.164328383518573,0.19061210063546793,16,-13.502400852949233,-14.472647843065253,-14.424731607265091,-13.549648549393645,-14.139898987103887,-14.017865567955422,0.41765777760601275,27,-0.46723044397463004,-0.4174992431123221,-0.49154078549848945,-0.4377824645977704,-0.4984930681133213,-0.46250920105930665,0.03097505295654383,122,1.4091173932463104,-0.18339097023946915,1.8266664831366617,-0.2791002451528567,1.6845641418767743,0.8915713605734841,0.9270501989101411,46,-10.937827637394093,-10.757438926561672,-11.390221467171747,-10.177267315915978,-11.000861321449642,-10.852723333698625,0.39583122656297165,81,huber_0.80
509.63697772026063,8.43511706096466,0.5220113277435303,0.2789257105413097,0.01,absolute_error,8,1.0,20,1200,0.6,,"{'learning_rate': 0.01, 'loss': 'absolute_error', 'max_depth': 8, 'max_features': 1.0, 'min_samples_leaf': 20, 'n_estimators': 1200, 'subsample': 0.6}",-8.743679643202405,-9.167975140527888,-9.294188255129388,-9.173125480232788,-9.215467894996276,-9.118887282817749,0.19297171720296546,5,-13.480590229190538,-14.523932816749324,-14.411915740299992,-13.532389701479724,-14.08232795779897,-14.00623128910371,0.43340738865049594,20,-0.48021745696164303,-0.4214350590372389,-0.49395770392749244,-0.43898764688159087,-0.504822182037372,-0.4678840097690674,0.0322145458743551,154,1.4483855409977977,-0.19536259426613406,1.825821170810301,-0.35625104260326873,1.7088673151897256,0.8862920780256843,0.958038019580977,50,-10.611926988958134,-10.645308635166156,-11.256034006073508,-10.042280802502528,-10.819983351461836,-10.675106756832433,0.3908488189004176,22,huber_0.80
583.9104999065399,21.537457965850436,0.8339030265808105,0.38226156603839156,0.01,absolute_error,9,1.0,5,1200,0.6,,"{'learning_rate': 0.01, 'loss': 'absolute_error', 'max_depth': 9, 'max_features': 1.0, 'min_samples_leaf': 5, 'n_estimators': 1200, 'subsample': 0.6}",-8.904124219730239,-9.37480695667891,-9.474373358272123,-9.422063682057148,-9.474227586875498,-9.329919160722785,0.21610127063989226,149,-13.427005714297298,-14.5655230348595,-14.374739755309298,-13.585017285311803,-14.167189236177679,-14.023895005191116,0.44404429428429004,32,-0.45756569012382964,-0.40750832576445656,-0.45861027190332326,-0.411268454353721,-0.46624472573839665,-0.4402394935767454,0.02539529540254284,2,1.2260788208480755,-0.2993985979156224,1.5243460222562584,-0.5419521082065824,1.4410590128803142,0.6700266299724887,0.8991356218909602,77,-11.069670715298614,-11.135242871097748,-11.991357427387662,-10.796003777879129,-11.705533593403292,-11.33956167701329,0.4401853335061107,160,huber_0.80
564.3673588275909,9.120955110345161,0.4814188003540039,0.09275746353154501,0.01,absolute_error,9,1.0,10,1200,0.6,,"{'learning_rate': 0.01, 'loss': 'absolute_error', 'max_depth': 9, 'max_features': 1.0, 'min_samples_leaf': 10, 'n_estimators': 1200, 'subsample': 0.6}",-8.87400364819417,-9.25867587508062,-9.373530929121097,-9.27729122207472,-9.414354259923885,-9.239571186878896,0.19179246631247762,60,-13.436953610404663,-14.517444345122806,-14.318474518907678,-13.528364718530328,-14.157574954026714,-13.991762429398438,0.43200146373497617,8,-0.46118997281787977,-0.4144716924008477,-0.46676737160120846,-0.42181379933714974,-0.48794454490657024,-0.45043747621273117,0.02793533372532908,28,1.2094266199028525,-0.2978212449349881,1.668691230646492,-0.573165186455458,1.4270120984531114,0.686828703522402,0.9318963661572593,76,-10.931970405261705,-10.809971820077072,-11.828399789265607,-10.317497968650116,-11.109219758213364,-10.999411948293572,0.49086071245053525,122,huber_0.80
531.7489304542542,11.728196668892984,0.45890049934387206,0.02188021333571185,0.01,absolute_error,9,1.0,15,1200,0.6,,"{'learning_rate': 0.01, 'loss': 'absolute_error', 'max_depth': 9, 'max_features': 1.0, 'min_samples_leaf': 15, 'n_estimators': 1200, 'subsample': 0.6}",-8.789136575163207,-9.175209768560512,-9.366095412112427,-9.198952413861747,-9.29815245424776,-9.16550932478913,0.20034867790794464,17,-13.43614484186784,-14.492973337371238,-14.392014122364992,-13.50103540252582,-14.117579567255508,-13.98794945427708,0.44197171148213454,5,-0.46179401993355484,-0.4093248561913412,-0.49425981873111785,-0.4245254594757457,-0.4960819770946353,-0.457197226285279,0.035400560111456966,66,1.3322682565927078,-0.2562845354170882,1.8207569112820012,-0.4570613693819622,1.6336622239467815,0.8146682974044881,0.9710933409257959,68,-10.958787245893992,-10.894678271106779,-11.31677297996197,-10.296073944864588,-11.018153433247111,-10.896893175014887,0.3334134460265973,94,huber_0.80
515.4322480201721,4.605055230281094,0.4452018737792969,0.04248375276940741,0.01,absolute_error,9,1.0,20,1200,0.6,,"{'learning_rate': 0.01, 'loss': 'absolute_error', 'max_depth': 9, 'max_features': 1.0, 'min_samples_leaf': 20, 'n_estimators': 1200, 'subsample': 0.6}",-8.72827232123589,-9.122362867208329,-9.245381759361086,-9.170764588333475,-9.305212691661387,-9.114398845560034,0.2029288855523849,4,-13.464370006872942,-14.480834049243656,-14.325933540503419,-13.518501275918076,-14.143301381133986,-13.986588050734415,0.4185237031486633,4,-0.4747810329205678,-0.41537995761429003,-0.5006042296072507,-0.4371798734558602,-0.5057263411693791,-0.4667342869534695,0.03533563053652914,146,1.3616912121425186,-0.17872107252467673,1.8472033396585696,-0.35649032864664465,1.6563459362768025,0.8660058173813139,0.9401107587283732,54,-10.625912614190812,-10.765615469329482,-11.079196342110759,-10.080832621605992,-10.83744086039896,-10.6777995815272,0.3326794661815559,23,huber_0.80
244.55247917175294,5.506560292929895,0.1738100528717041,0.01685748803848327,0.015,absolute_error,6,1.0,5,800,0.6,,"{'learning_rate': 0.015, 'loss': 'absolute_error', 'max_depth': 6, 'max_features': 1.0, 'min_samples_leaf': 5, 'n_estimators': 800, 'subsample': 0.6}",-8.897356490568555,-9.303630940543387,-9.513600602682537,-9.328688942596393,-9.302486804823367,-9.269152756242848,0.20190674791660915,86,-13.61079704615711,-14.59165855195959,-14.716732641807464,-13.772190007194663,-14.216486344346684,-14.181572918293103,0.4356981909630674,141,-0.4744790093627303,-0.41659097789887983,-0.4845921450151057,-0.43085266646580295,-0.502411091018686,-0.461785177952241,0.03265299955682086,107,1.684065927584624,-0.18825255838398436,1.8506524975531773,-0.2463439767846975,1.7720321948894773,0.9744308169717193,0.9746423046627357,22,-11.150569581955818,-10.940441423064136,-11.725585337213284,-10.539966063471686,-11.02137193792658,-11.075586868726301,0.3837221947047443,138,huber_0.80
242.18531770706176,6.2610422510775,0.16996469497680664,0.01707171908237833,0.015,absolute_error,6,1.0,10,800,0.6,,"{'learning_rate': 0.015, 'loss': 'absolute_error', 'max_depth': 6, 'max_features': 1.0, 'min_samples_leaf': 10, 'n_estimators': 800, 'subsample': 0.6}",-8.90239391174629,-9.33038772743566,-9.466188477161829,-9.26908479832925,-9.25662955383386,-9.244936893701379,0.18671349295389217,63,-13.606098306956662,-14.68127160747406,-14.697148545438171,-13.733185837841129,-14.219565467529995,-14.187453953048003,0.4580413759548029,142,-0.48112352763515553,-0.4187102633969119,-0.47643504531722053,-0.4317565531786683,-0.5045207956600362,-0.46250923703759844,0.03215421796617816,123,1.7094388163121585,-0.17983832643703976,1.8773576596697048,-0.2870573758102518,1.7521617666542388,0.9744125080777621,0.9883388879054489,23,-11.02817895875754,-10.927066041756488,-11.904609293884713,-10.401726802282118,-10.910146236971181,-11.034345466730407,0.4867315179804355,128,huber_0.80
238.12916707992554,6.6736312313838315,0.15366778373718262,0.007043707785308964,0.015,absolute_error,6,1.0,15,800,0.6,,"{'learning_rate': 0.015, 'loss': 'absolute_error', 'max_depth': 6, 'max_features': 1.0, 'min_samples_leaf': 15, 'n_estimators': 800, 'subsample': 0.6}",-8.893938169578874,-9.275588024773086,-9.468917111238225,-9.278814405636702,-9.265797580633345,-9.236611058372047,0.18737288513763128,55,-13.640470907484474,-14.664137678709663,-14.705858823660352,-13.759498926059567,-14.241422096517496,-14.202277686486308,0.4427461544922116,147,-0.4856538810027182,-0.4144716924008477,-0.48126888217522656,-0.42181379933714974,-0.5006027727546715,-0.4607622055341228,0.03546034416747262,95,1.7267568196658043,-0.18721512923133,1.8405090899049712,-0.20189021665971738,1.7348620506075987,0.9826045228574654,0.9619937714372029,21,-10.934428205655822,-10.963804117594748,-11.749592192650338,-10.75939692257665,-10.987413803870394,-11.078927048469591,0.3447895345560667,140,huber_0.80
240.33052525520324,5.155563603677231,0.16736211776733398,0.025318914211651406,0.015,absolute_error,6,1.0,20,800,0.6,,"{'learning_rate': 0.015, 'loss': 'absolute_error', 'max_depth': 6, 'max_features': 1.0, 'min_samples_leaf': 20, 'n_estimators': 800, 'subsample': 0.6}",-8.845230940611762,-9.24601437898502,-9.464464805465163,-9.241213089459922,-9.22035026840398,-9.203454696585169,0.1999865092583929,33,-13.596093106270459,-14.659731790949927,-14.715923563678396,-13.764945703204797,-14.226597081103236,-14.192658249041363,0.45430036733645607,143,-0.47840531561461797,-0.4223433242506812,-0.4845921450151057,-0.425429346188611,-0.498794454490657,-0.46191291711193455,0.031759716663081,110,1.6942202573323752,-0.15940448191276144,1.9299155097523275,-0.20062452468502864,1.7824333556560084,1.0093080232285843,0.9740812473797155,6,-11.015190314518005,-10.757373652340384,-11.7566704623971,-10.625252636858313,-11.029376454571311,-11.036772704137023,0.3914552036479077,129,huber_0.80
287.7883097171783,8.28063257777477,0.27901639938354494,0.06321017316086568,0.015,absolute_error,7,1.0,5,800,0.6,,"{'learning_rate': 0.015, 'loss': 'absolute_error', 'max_depth': 7, 'max_features': 1.0, 'min_samples_leaf': 5, 'n_estimators': 800, 'subsample': 0.6}",-8.880672078762199,-9.282941480225137,-9.467354707809092,-9.351354381214545,-9.37672345479705,-9.271809220561606,0.204296185775258,89,-13.487946597150376,-14.555508849012146,-14.562177214139306,-13.705895559317009,-14.213243872419982,-14.104954418407763,0.4390273818876617,123,-0.4805194805194805,-0.41992128368150167,-0.4909365558912387,-0.42603193733052125,-0.487040385774563,-0.46088992863946104,0.031194470511223298,97,1.5281746392003535,-0.24032992529206695,1.8007141735124388,-0.3825764513606094,1.746103344559473,0.8904171561239178,0.986577498931841,47,-10.830826990312385,-10.767031710866592,-11.476094768361312,-10.525945526586002,-11.41879310651762,-11.003738420528782,0.3767241405325061,123,huber_0.80
285.3581530570984,10.769646470746281,0.239459228515625,0.024344296423272203,0.015,absolute_error,7,1.0,10,800,0.6,,"{'learning_rate': 0.015, 'loss': 'absolute_error', 'max_depth': 7, 'max_features': 1.0, 'min_samples_leaf': 10, 'n_estimators': 800, 'subsample': 0.6}",-8.84153844838501,-9.225076696123834,-9.42193839913963,-9.297356848302167,-9.3283704933408,-9.222856177058288,0.20086089366059645,43,-13.49352523686097,-14.541886323269848,-14.52679398601697,-13.703317280256856,-14.177664548292816,-14.088637474939492,0.426138872867363,109,-0.4693446088794926,-0.4135634271874054,-0.475226586102719,-0.42844230189816207,-0.5042194092827004,-0.4581592666700958,0.032893248258182774,74,1.5514095489229671,-0.20623729269429664,1.7876660599763006,-0.32810914193838686,1.7388810676031958,0.9087220483739561,0.9641202748273693,41,-11.071766672807824,-10.903816452975022,-11.793957647703031,-10.467276068010333,-10.974638577170406,-11.042291083733323,0.4290141692429564,131,huber_0.80
290.88986387252805,7.916037833838013,0.27117099761962893,0.1206926563761355,0.015,absolute_error,7,1.0,15,800,0.6,,"{'learning_rate': 0.015, 'loss': 'absolute_error', 'max_depth': 7, 'max_features': 1.0, 'min_samples_leaf': 15, 'n_estimators': 800, 'subsample': 0.6}",-8.816198850362445,-9.19316640124016,-9.429202464523003,-9.238143573411248,-9.262186264572472,-9.187779510821866,0.20221728521262963,24,-13.545856302594368,-14.563802136426514,-14.565004724017491,-13.651724912170538,-14.174317315957946,-14.100141078233372,0.4347161305475406,119,-0.479613409845968,-0.42355434453527097,-0.4824773413897281,-0.4377824645977704,-0.5060277275467149,-0.46589105758309046,0.030518356145826507,145,1.5302955055540537,-0.1875419875313627,1.8445019840439707,-0.18021590102667326,1.687108073460821,0.9388295349001619,0.9220597426483342,32,-10.786285520289525,-10.631014095239513,-11.683143933862459,-10.345238108962286,-10.818867961165713,-10.8529099239039,0.44762810638758477,82,huber_0.80
290.7990517616272,7.7867896932944225,0.2060235023498535,0.008256932957974153,0.015,absolute_error,7,1.0,20,800,0.6,,"{'learning_rate': 0.015, 'loss': 'absolute_error', 'max_depth': 7, 'max_features': 1.0, 'min_samples_leaf': 20, 'n_estimators': 800, 'subsample': 0.6}",-8.803287527973003,-9.142913081089869,-9.366083772632626,-9.213374961802254,-9.233992517731094,-9.151930372245769,0.18868198462336958,11,-13.548457971184682,-14.505665236718105,-14.529838735476527,-13.669442080982227,-14.176405212043901,-14.085961847281089,0.41079356415234275,105,-0.4753850800362428,-0.4296094459582198,-0.48036253776435045,-0.44200060259114193,-0.498794454490657,-0.4652304241681223,0.025562162382356573,142,1.5688186196670815,-0.10343061688705125,1.9525450221870189,-0.300038778923248,1.795207262522254,0.982620301713211,0.976667898025389,20,-10.909162469770115,-10.520581599458039,-11.781340034859443,-10.082945736528773,-11.055856456459399,-10.869977259415155,0.567126901192955,88,huber_0.80
328.6705788135529,7.297912845901466,0.3035797119140625,0.043196037832473166,0.015,absolute_error,8,1.0,5,800,0.6,,"{'learning_rate': 0.015, 'loss': 'absolute_error', 'max_depth': 8, 'max_features': 1.0, 'min_samples_leaf': 5, 'n_estimators': 800, 'subsample': 0.6}",-8.922156299460465,-9.291703563195812,-9.4443788991247,-9.34739767236027,-9.448641438333832,-9.290855574495016,0.1937021803488836,116,-13.511471294181453,-14.513833574225087,-14.407185074885588,-13.612051297079827,-14.207121760095113,-14.050332600093412,0.4121217514426482,60,-0.4690425853216551,-0.4171964880411747,-0.4649546827794562,-0.42211509490810484,-0.48553345388788427,-0.451768460987655,0.027154704916318207,31,1.33891837634312,-0.2580558568104837,1.7517898711030202,-0.44787478796677194,1.566831313113977,0.7903217831565723,0.9445181396918172,70,-10.938318818926486,-10.826610440562677,-12.040064531986275,-10.541583316667388,-11.34368050568089,-11.138051522764744,0.5193406914484447,151,huber_0.80
325.47120609283445,8.759411151150529,0.3352339267730713,0.14297212549370508,0.015,absolute_error,8,1.0,10,800,0.6,,"{'learning_rate': 0.015, 'loss': 'absolute_error', 'max_depth': 8, 'max_features': 1.0, 'min_samples_leaf': 10, 'n_estimators': 800, 'subsample': 0.6}",-8.888818963951312,-9.24647598408086,-9.421096742529091,-9.256039234172645,-9.352885511220013,-9.233063287190785,0.18380745053340686,51,-13.536133186908371,-14.506955164897422,-14.465100123677209,-13.565328887851841,-14.170570521142746,-14.04881757689552,0.4229921001384748,56,-0.4684385382059801,-0.41174689676052073,-0.4770392749244713,-0.42603193733052125,-0.4957805907172996,-0.4558074475877586,0.03173673034260124,55,1.4013862119173706,-0.24337903918735462,1.7744693336647845,-0.3639836182260147,1.6552118050629698,0.844740938646351,0.9461640465179117,59,-10.983516872115153,-10.932804856243843,-11.734428027929617,-10.435902612916147,-11.101783250889646,-11.03768712401888,0.41608544909676615,130,huber_0.80
326.9962195396423,7.166533724888699,0.26373863220214844,0.015984336163345585,0.015,absolute_error,8,1.0,15,800,0.6,,"{'learning_rate': 0.015, 'loss': 'absolute_error', 'max_depth': 8, 'max_features': 1.0, 'min_samples_leaf': 15, 'n_estimators': 800, 'subsample': 0.6}",-8.802945286371608,-9.162737619993475,-9.386305752802535,-9.109481196313785,-9.344702234205265,-9.161234417937333,0.20754243072060527,14,-13.462760411841456,-14.468261964693648,-14.460154835182745,-13.470372234809984,-14.20862905273842,-14.014035699853249,0.4566584636159554,23,-0.48323769254001814,-0.4114441416893733,-0.475226586102719,-0.4383850557396806,-0.5030138637733574,-0.4622614679690297,0.03292821817354991,117,1.4559890270351643,-0.20753915929170577,1.830684206950936,-0.28636345801268626,1.6521370577178223,0.8889815348799062,0.9353610271812919,48,-10.614791097403073,-10.88264183800513,-11.801728152188174,-10.063205420419706,-10.93095050047957,-10.858663401699129,0.5634533901675527,84,huber_0.80
318.0338146686554,9.315092404628658,0.2471153736114502,0.007079749289842707,0.015,absolute_error,8,1.0,20,800,0.6,,"{'learning_rate': 0.015, 'loss': 'absolute_error', 'max_depth': 8, 'max_features': 1.0, 'min_samples_leaf': 20, 'n_estimators': 800, 'subsample': 0.6}",-8.776613921241204,-9.134579581911673,-9.267973392440577,-9.15315708710634,-9.225465723676983,-9.111557941275354,0.17429214421939393,3,-13.517002270749726,-14.520524753495534,-14.370933863244153,-13.55384606604365,-14.123053655605055,-14.017072121827624,0.4134157724586103,24,-0.4880700694654183,-0.42415985467756584,-0.48580060422960725,-0.43567339560108465,-0.5018083182640145,-0.4671024484475382,0.03106641686141551,150,1.4109067866140133,-0.1766446618825215,1.8902661549353388,-0.3361760366367816,1.679707237317076,0.893611896069425,0.9525426038030337,45,-10.436534982583115,-10.55962135647976,-11.48438212121091,-10.118796717326578,-10.8658750404139,-10.693042043602853,0.4624813531529547,27,huber_0.80
373.58528232574463,5.709858700499367,0.29809231758117677,0.0030921699189244475,0.015,absolute_error,9,1.0,5,800,0.6,,"{'learning_rate': 0.015, 'loss': 'absolute_error', 'max_depth': 9, 'max_features': 1.0, 'min_samples_leaf': 5, 'n_estimators': 800, 'subsample': 0.6}",-8.932385712450474,-9.358257303098659,-9.429802110509472,-9.335340059159842,-9.464100119268773,-9.303977060897443,0.19156275709339995,131,-13.47161533129678,-14.574447168905687,-14.321208367575828,-13.520919756835736,-14.180662194860162,-14.013770563894838,0.441262572461615,22,-0.4500151011778919,-0.42052679382379654,-0.4637462235649547,-0.4184995480566436,-0.4704641350210971,-0.4446503603288767,0.021566617001242492,8,1.1601472131119055,-0.36621458631457926,1.600688085875714,-0.5431286990893924,1.3546767635900936,0.6412337554347483,0.9073578455742861,82,-11.213549166623165,-10.6914028414463,-11.892808648219859,-10.504445465829308,-11.497982606446417,-11.160037745713009,0.5105767929635711,155,huber_0.80
363.2564312458038,6.517736664028322,0.3646075248718262,0.11164675594709352,0.015,absolute_error,9,1.0,10,800,0.6,,"{'learning_rate': 0.015, 'loss': 'absolute_error', 'max_depth': 9, 'max_features': 1.0, 'min_samples_leaf': 10, 'n_estimators': 800, 'subsample': 0.6}",-8.858805479689075,-9.260143567112165,-9.368874958379676,-9.287485504424916,-9.380184082533061,-9.231098718427779,0.19174674264061284,48,-13.381348825163837,-14.498646746241038,-14.343867497685611,-13.524649316064435,-14.117877725449546,-13.973278022120894,0.44405085744626444,3,-0.46028390214436726,-0.40599455040871935,-0.47401812688821754,-0.41247363663754144,-0.4798071127185051,-0.44651546575947015,0.03116116389906513,12,1.1728600114288759,-0.2708006564165853,1.643483592608223,-0.5582725131481516,1.4694443678338038,0.6913429604612332,0.9199055848613767,75,-10.897258674898799,-11.07076794706469,-11.615967751360722,-10.581540510609052,-11.306239697963964,-11.094354916379444,0.3519536897312536,145,huber_0.80
358.9671123504639,6.382648549420139,0.36188321113586425,0.1295012879578356,0.015,absolute_error,9,1.0,15,800,0.6,,"{'learning_rate': 0.015, 'loss': 'absolute_error', 'max_depth': 9, 'max_features': 1.0, 'min_samples_leaf': 15, 'n_estimators': 800, 'subsample': 0.6}",-8.809181465412292,-9.160650337052113,-9.343277113925602,-9.214271215603715,-9.288919077392025,-9.16325984187715,0.18771090972601553,15,-13.454540122387641,-14.477488097462608,-14.368140966161484,-13.527262546793759,-14.121498825447947,-13.989786111650687,0.4239740980160825,6,-0.47266686801570523,-0.4120496518316682,-0.4891238670694864,-0.43296173546248873,-0.4960819770946353,-0.46057681989479676,0.03267781596794899,94,1.35793116962221,-0.24223471570635316,1.7656738036075408,-0.43484347828627823,1.6314063510749657,0.815586626062417,0.9534072067639577,67,-10.75505109731605,-10.822015722742485,-11.355968973759945,-10.138803291634158,-11.00657344217906,-10.81568250552634,0.3975501389645495,62,huber_0.80
342.1202368736267,5.578207750575182,0.37936153411865237,0.16436990396226145,0.015,absolute_error,9,1.0,20,800,0.6,,"{'learning_rate': 0.015, 'loss': 'absolute_error', 'max_depth': 9, 'max_features': 1.0, 'min_samples_leaf': 20, 'n_estimators': 800, 'subsample': 0.6}",-8.754424054887384,-9.122518930914183,-9.236969229261335,-9.13203299437075,-9.225327849829375,-9.094254611852607,0.1762149489123041,1,-13.508785132408505,-14.486034824308621,-14.31762627316446,-13.452798413879979,-14.08365504213186,-13.969779937178686,0.4195878518093001,2,-0.47327091513138025,-0.42022403875264913,-0.4909365558912387,-0.43567339560108465,-0.5033152501506932,-0.4646840311054092,0.03185469702321164,137,1.3859265779788605,-0.21864495587578583,1.866372558718781,-0.33551084970356215,1.6355733373793544,0.8667433336995296,0.9469310707616244,53,-10.713050716471008,-10.594198753440859,-11.308326559450517,-10.095317080964868,-10.789362317113344,-10.70005108548812,0.3886006873773788,30,huber_0.80
193.6384418964386,7.0417067009752055,0.1250835418701172,0.005615473866781468,0.02,absolute_error,6,1.0,5,600,0.6,,"{'learning_rate': 0.02, 'loss': 'absolute_error', 'max_depth': 6, 'max_features': 1.0, 'min_samples_leaf': 5, 'n_estimators': 600, 'subsample': 0.6}",-8.937055580450801,-9.313636983742613,-9.512737636740813,-9.392681357643978,-9.289689220443387,-9.289160155804318,0.19249963959053523,112,-13.672117425575957,-14.630466164749482,-14.712472864737965,-13.858829965800112,-14.22315688818863,-14.219408661810428,0.41027778916426744,154,-0.4805194805194805,-0.407811080835604,-0.4806646525679758,-0.4326604398915336,-0.5,-0.46033113076291876,0.03440541683835858,91,1.6706966436680841,-0.20732904262006788,1.9121068213064065,-0.22161830170435773,1.7862366753880838,0.9880185592076298,0.9848063635682134,16,-11.037796233204785,-11.164860849861828,-11.884423367736108,-10.598453441038858,-11.075925895831471,-11.15229195753461,0.4151752708151202,154,huber_0.80
184.1036386013031,1.3228449609753137,0.1768021583557129,0.07802600553822234,0.02,absolute_error,6,1.0,10,600,0.6,,"{'learning_rate': 0.02, 'loss': 'absolute_error', 'max_depth': 6, 'max_features': 1.0, 'min_samples_leaf': 10, 'n_estimators': 600, 'subsample': 0.6}",-8.935537830320563,-9.313171654541549,-9.574411117677457,-9.324960210292565,-9.317731701852255,-9.293162502936877,0.20445600780303871,118,-13.715817326604455,-14.627989769498246,-14.814004003886737,-13.807992999717724,-14.259334480743044,-14.245027716090041,0.4339727211690824,159,-0.4941105406221685,-0.41689373297002724,-0.48882175226586105,-0.4371798734558602,-0.5102471368294154,-0.4694506072286665,0.03592028867523902,157,1.7246868463162037,-0.20429045378251112,1.8649321419069123,-0.14805903812883148,1.7876587306842648,1.0049856453992076,0.9655998840256043,8,-10.787287256828952,-10.924703923786167,-11.700935163542725,-10.495566847143841,-10.882364280908497,-10.958171494442038,0.4004420463467181,113,huber_0.80
185.23041920661927,9.180928636978354,0.1185391902923584,0.0061829749300480455,0.02,absolute_error,6,1.0,15,600,0.6,,"{'learning_rate': 0.02, 'loss': 'absolute_error', 'max_depth': 6, 'max_features': 1.0, 'min_samples_leaf': 15, 'n_estimators': 600, 'subsample': 0.6}",-8.911110130369565,-9.302517175606614,-9.470040951512642,-9.215391393447598,-9.255103247856292,-9.230832579758541,0.18188417556623038,47,-13.671220131679256,-14.696894318463286,-14.720902238671982,-13.718328118015904,-14.207516246632341,-14.202972210692554,0.45384388963418126,149,-0.4636061612805799,-0.42052679382379654,-0.4854984894259819,-0.43055137089484785,-0.5081374321880651,-0.4616640495226543,0.03283869728774781,105,1.680264843182598,-0.12715045400519057,1.86485578538223,-0.17286713941970921,1.8426544578561757,1.017551498599221,0.955546704133663,5,-11.422815158772384,-10.909372311536897,-11.673462414163668,-10.501097970300409,-10.92003560722241,-11.085356692399152,0.4145856665055074,142,huber_0.80
190.2746415615082,5.978861395295972,0.1285487174987793,0.005184411757182565,0.02,absolute_error,6,1.0,20,600,0.6,,"{'learning_rate': 0.02, 'loss': 'absolute_error', 'max_depth': 6, 'max_features': 1.0, 'min_samples_leaf': 20, 'n_estimators': 600, 'subsample': 0.6}",-8.879754740971372,-9.263972623971853,-9.483500297031554,-9.287070738061905,-9.172909608640637,-9.217441601735464,0.19688377096159676,41,-13.652173952429246,-14.652578540238238,-14.748881862650705,-13.823513557483903,-14.18679230479453,-14.212788043519321,0.43527251853382226,152,-0.46481425551192995,-0.4123524069028156,-0.4891238670694864,-0.43055137089484785,-0.5072332730560579,-0.46081503468702756,0.03531728259429303,96,1.723473347497739,-0.1084044438960736,1.9377510710688428,-0.15703415350826735,1.8255324224921758,1.0442636487308834,0.9635130125799494,3,-11.405876608486428,-11.101630579585278,-11.675213720942654,-10.602726180592555,-10.84160150305962,-11.125409718533309,0.38347274971738066,150,huber_0.80
222.5290581226349,3.427412198273342,0.19020404815673828,0.033118245863916485,0.02,absolute_error,7,1.0,5,600,0.6,,"{'learning_rate': 0.02, 'loss': 'absolute_error', 'max_depth': 7, 'max_features': 1.0, 'min_samples_leaf': 5, 'n_estimators': 600, 'subsample': 0.6}",-8.92053351338392,-9.283161101521861,-9.453417883610038,-9.403870377200452,-9.37307623082004,-9.28681182130726,0.19135044314689342,106,-13.52770038089399,-14.512084782975444,-14.510478711615072,-13.783454064123424,-14.245837294153464,-14.115911046752279,0.3964940185980586,128,-0.47629115070975536,-0.4156827126854375,-0.4930513595166163,-0.43446821331726426,-0.4951778179626281,-0.46293425083834033,0.03215001642356995,126,1.5488625349542482,-0.1447844500132707,1.905286409874587,-0.2973504936874284,1.6668108926529026,0.9357649787562078,0.9527275983651184,33,-10.990542268880048,-10.992009497426395,-11.518784072130547,-10.480076107274522,-11.147396675497024,-11.025761724241708,0.3340714032360535,126,huber_0.80
212.3850526332855,5.513945594985595,0.16024537086486818,0.00623938752964189,0.02,absolute_error,7,1.0,10,600,0.6,,"{'learning_rate': 0.02, 'loss': 'absolute_error', 'max_depth': 7, 'max_features': 1.0, 'min_samples_leaf': 10, 'n_estimators': 600, 'subsample': 0.6}",-8.89192676934354,-9.218313343315637,-9.421136535404907,-9.23853776746954,-9.355186623444048,-9.225020207795534,0.18252882233128723,44,-13.589908126873752,-14.499407593583383,-14.52685138716588,-13.618220679542343,-14.243176881451296,-14.095512933723331,0.413384207669053,115,-0.479613409845968,-0.40962761126248864,-0.4873111782477341,-0.4413980114492317,-0.5042194092827004,-0.46443392401762457,0.03426676399828827,133,1.5771241549440083,-0.17161736692861765,1.8514107878109303,-0.24362800989144473,1.758409276234191,0.9543397684338135,0.9531034411689686,30,-10.914051514583146,-11.042585665190806,-11.566066844341108,-10.189114500137098,-11.020595097170471,-10.946482724284525,0.4411963987166791,110,huber_0.80
214.22442770004272,6.619009124157609,0.2477236270904541,0.10259716393860124,0.02,absolute_error,7,1.0,15,600,0.6,,"{'learning_rate': 0.02, 'loss': 'absolute_error', 'max_depth': 7, 'max_features': 1.0, 'min_samples_leaf': 15, 'n_estimators': 600, 'subsample': 0.6}",-8.85837024782797,-9.18901513810635,-9.431415641103225,-9.23405520342482,-9.267479100661891,-9.19606706622485,0.18762760978768903,25,-13.611751660262579,-14.544431786388618,-14.554129679377743,-13.647522641262505,-14.152813279924246,-14.102129809443138,0.41222376010263023,121,-0.47870733917245545,-0.4102331214047835,-0.4809667673716012,-0.43055137089484785,-0.523508137432188,-0.46479334725517524,0.04012963110912973,138,1.5437319119846518,-0.16814582800242503,1.9281213134174138,-0.2449746846773159,1.7963984495211573,0.9710262324486963,0.9697044188685666,25,-10.864782413608705,-10.99480860932593,-11.80906636917818,-10.439033674500687,-10.567054033249097,-10.934949019972517,0.4803886789671833,106,huber_0.80
208.27568645477294,6.086168582681623,0.16366066932678222,0.008130581879874985,0.02,absolute_error,7,1.0,20,600,0.6,,"{'learning_rate': 0.02, 'loss': 'absolute_error', 'max_depth': 7, 'max_features': 1.0, 'min_samples_leaf': 20, 'n_estimators': 600, 'subsample': 0.6}",-8.795480195754775,-9.120704570548597,-9.32496100987538,-9.198664850888564,-9.215782509662196,-9.131118627345902,0.18003718720774106,6,-13.587027678049322,-14.474205053661946,-14.43712265776914,-13.651936878130227,-14.183198419283602,-14.066698137378847,0.37919893974949975,85,-0.466626396858955,-0.4108386315470784,-0.48398791540785496,-0.44230189816209703,-0.5141651597347799,-0.4635840003421531,0.03526763789824018,131,1.6433497427749246,-0.10969706158123499,1.8693599825230678,-0.2604751252439684,1.7200942089374385,0.9725263494820455,0.9491756890021169,24,-11.185425866172116,-10.966601990463962,-11.564669939088287,-10.104172922143873,-10.634595238075494,-10.891093191188748,0.4962002917021947,92,huber_0.80
256.3770031452179,5.6367013173704565,0.1941697120666504,0.0031989587172999933,0.02,absolute_error,8,1.0,5,600,0.6,,"{'learning_rate': 0.02, 'loss': 'absolute_error', 'max_depth': 8, 'max_features': 1.0, 'min_samples_leaf': 5, 'n_estimators': 600, 'subsample': 0.6}",-8.927885244619329,-9.354773114746473,-9.422766928682304,-9.316620122462702,-9.430015617844987,-9.29041220567116,0.18615147831965279,114,-13.508974039849983,-14.537397055626453,-14.36979222392076,-13.611138241193073,-14.183846159401199,-14.042229543998294,0.41054709441596515,48,-0.4587737843551797,-0.41477444747199516,-0.475226586102719,-0.4332630310334438,-0.49065702230259195,-0.4545389742531859,0.027511116464287014,49,1.3321645114153886,-0.2130256648019885,1.7106429689311238,-0.37986808645091974,1.567885475940486,0.8035598410068181,0.9077845696933733,69,-11.182035794019404,-11.02014300261556,-11.713791087444513,-10.313310155606086,-11.207320586357554,-11.087320125208624,0.45153986179804656,143,huber_0.80
244.99280347824097,6.889606134049622,0.19573488235473632,0.013838555032734212,0.02,absolute_error,8,1.0,10,600,0.6,,"{'learning_rate': 0.02, 'loss': 'absolute_error', 'max_depth': 8, 'max_features': 1.0, 'min_samples_leaf': 10, 'n_estimators': 600, 'subsample': 0.6}",-8.885621110432108,-9.266651707704916,-9.371208455165247,-9.270877426748266,-9.371877787827092,-9.233247297575526,0.17979295929285186,52,-13.579759161318616,-14.50979653126171,-14.390940312718547,-13.592293496557186,-14.246226858342967,-14.063803272039806,0.39895542733359696,80,-0.4663243733011175,-0.4138661822585528,-0.48700906344410877,-0.4296474841819825,-0.502411091018686,-0.45985163884088953,0.03351919494227584,86,1.4525692486272364,-0.2144171711456504,1.8054134658726748,-0.36473194744199183,1.7243579218786989,0.8806383035581936,0.9637707669207827,51,-11.08476304366758,-10.936185323429138,-11.47475761744278,-10.36447995996407,-11.042984428555433,-10.980634074611801,0.357913416594679,117,huber_0.80
241.26863579750062,8.052950129584392,0.2054142475128174,0.01227520382700225,0.02,absolute_error,8,1.0,15,600,0.6,,"{'learning_rate': 0.02, 'loss': 'absolute_error', 'max_depth': 8, 'max_features': 1.0, 'min_samples_leaf': 15, 'n_estimators': 600, 'subsample': 0.6}",-8.800628149797193,-9.208127569755035,-9.404928083747699,-9.2022910581059,-9.229293918846224,-9.16905375605041,0.19881372396729363,18,-13.462912169438667,-14.538665195371017,-14.483091965571296,-13.549456514129014,-14.013360233884836,-14.009497215678966,0.4504926904229825,21,-0.4874660223497433,-0.4114441416893733,-0.4873111782477341,-0.43446821331726426,-0.504822182037372,-0.46510234752829743,0.03574544614236665,141,1.4163224288447729,-0.0872369032468599,1.873500882943835,-0.320235156000781,1.7438901719052684,0.9252482848892472,0.9366820806957239,36,-10.479654078650416,-11.08399627353808,-11.572101636623984,-10.22175573477354,-10.868365615854763,-10.845174667888156,0.4707978047082904,76,huber_0.80
241.37865643501283,8.214906900284475,0.22873735427856445,0.039856062376957824,0.02,absolute_error,8,1.0,20,600,0.6,,"{'learning_rate': 0.02, 'loss': 'absolute_error', 'max_depth': 8, 'max_features': 1.0, 'min_samples_leaf': 20, 'n_estimators': 600, 'subsample': 0.6}",-8.799812037073584,-9.179057197908913,-9.326130761742304,-9.173154479135935,-9.265091492182526,-9.148649193608652,0.18345082907859364,10,-13.536808405960434,-14.569369736093845,-14.405168129096928,-13.585970067449415,-14.195076756639091,-14.058478619047943,0.4231469115104805,72,-0.45756569012382964,-0.41114138661822586,-0.49154078549848945,-0.44471226272973785,-0.5198915009041591,-0.46497032517488834,0.03764331878488249,140,1.409341801451079,-0.23361276166753753,1.8723443761414655,-0.3196260886671134,1.7403728619909786,0.8937640378497745,0.9678306109173777,44,-11.155943352922495,-10.878793436268507,-11.391196283465051,-9.954221113809625,-10.584385718013824,-10.7929079808959,0.4987979713107457,54,huber_0.80
279.7019717693329,6.201643440047735,0.27063684463500975,0.03813160539069408,0.02,absolute_error,9,1.0,5,600,0.6,,"{'learning_rate': 0.02, 'loss': 'absolute_error', 'max_depth': 9, 'max_features': 1.0, 'min_samples_leaf': 5, 'n_estimators': 600, 'subsample': 0.6}",-8.94326981377349,-9.337941452443543,-9.505311158098996,-9.434093920801049,-9.450547089727552,-9.334232686968926,0.20279786623845328,150,-13.427135304477178,-14.51252918807484,-14.42993856590856,-13.666520755612659,-14.139254837350117,-14.035075730284671,0.42430085560794367,42,-0.44367260646330414,-0.4159854677565849,-0.4706948640483384,-0.4151852967761374,-0.48342374924653403,-0.4457923968581798,0.027806447683770358,9,1.1091955378431808,-0.31127794296579786,1.620793514141282,-0.6069397456203317,1.4330157855650874,0.6489574297926841,0.9241603413377413,81,-11.328697338054047,-10.84973419643559,-11.818808236558189,-10.630379066554717,-11.256752375380604,-11.176874242596629,0.4116278922167676,156,huber_0.80
266.0410562515259,5.25422154951041,0.2577864170074463,0.03718316804971527,0.02,absolute_error,9,1.0,10,600,0.6,,"{'learning_rate': 0.02, 'loss': 'absolute_error', 'max_depth': 9, 'max_features': 1.0, 'min_samples_leaf': 10, 'n_estimators': 600, 'subsample': 0.6}",-8.866402384913558,-9.336141671769333,-9.407289649399036,-9.294168981127761,-9.381814258130811,-9.257163389068099,0.19918678598191664,74,-13.427984695442078,-14.580380822210323,-14.346356869482449,-13.550386281428134,-14.204031542296239,-14.021828042171844,0.4528588163059717,31,-0.4614919963757173,-0.4066000605510142,-0.4800604229607251,-0.4278397107562519,-0.4891500904159132,-0.45302845621192434,0.0312960061901063,37,1.1968265497378765,-0.3055036667203059,1.7309425459819563,-0.4998256076409032,1.422699463689647,0.7090278570096542,0.9254388440070379,73,-10.902928993007494,-11.105062297348077,-11.600864873099775,-10.277614667817918,-11.04417021842276,-10.986128209939205,0.42528317765876444,119,huber_0.80
257.4810844421387,3.991949016220903,0.24031667709350585,0.01813020082756004,0.02,absolute_error,9,1.0,15,600,0.6,,"{'learning_rate': 0.02, 'loss': 'absolute_error', 'max_depth': 9, 'max_features': 1.0, 'min_samples_leaf': 15, 'n_estimators': 600, 'subsample': 0.6}",-8.813694930664829,-9.2468092490002,-9.307000460323714,-9.191364130905939,-9.318249664052777,-9.175423686989493,0.18649900609555697,20,-13.480432844039036,-14.569390601609825,-14.315694960382245,-13.531222504988301,-14.112274153802954,-14.001803012964473,0.4303860048673917,18,-0.47025067955300515,-0.418104753254617,-0.4851963746223565,-0.44230189816209703,-0.49427365883062085,-0.4620254728845393,0.02815151584386749,114,1.323655188862294,-0.14177264610358004,1.7965939592567701,-0.28624883220801317,1.5556216080413647,0.8495698555697672,0.8823791339899965,58,-10.77866610332508,-10.888463395860803,-11.442371584312392,-10.066783949720168,-10.999849049026942,-10.835226816449076,0.4454801759193822,74,huber_0.80
249.48289008140563,2.75907464962117,0.24374189376831054,0.03744521130902615,0.02,absolute_error,9,1.0,20,600,0.6,,"{'learning_rate': 0.02, 'loss': 'absolute_error', 'max_depth': 9, 'max_features': 1.0, 'min_samples_leaf': 20, 'n_estimators': 600, 'subsample': 0.6}",-8.73287065565414,-9.066346175185375,-9.251498088150884,-9.212566443389626,-9.248500224722044,-9.102356317420412,0.19675566872586248,2,-13.426727307789884,-14.416533381441699,-14.296698224225102,-13.568348977724565,-14.100880930636512,-13.961837764363551,0.39481369272128275,1,-0.45273331319842947,-0.41901301846805933,-0.4945619335347432,-0.44200060259114193,-0.5036166365280289,-0.46238510086408063,0.032016278360461496,121,1.2591546514303869,-0.18932449279032734,1.947323249304385,-0.3808989506269907,1.6194287829524319,0.8511366480539773,0.9548662380052213,57,-11.035222078638048,-10.592775511904206,-11.321960484721115,-9.990560466420993,-10.789882838858142,-10.7460802761085,0.44977154083004484,45,huber_0.80
144.72073912620544,1.9719363862365014,0.09784140586853027,0.0062330054822123376,0.025,absolute_error,6,1.0,5,480,0.6,,"{'learning_rate': 0.025, 'loss': 'absolute_error', 'max_depth': 6, 'max_features': 1.0, 'min_samples_leaf': 5, 'n_estimators': 480, 'subsample': 0.6}",-8.966514681154742,-9.337120870000819,-9.49929338377935,-9.35958531627327,-9.240518649681325,-9.280606580177901,0.17749151358997534,101,-13.69616639151042,-14.68096461413881,-14.637892684018288,-13.822678437257531,-14.176997279868203,-14.20293988135865,0.40491548257529786,148,-0.48716399879190575,-0.4072055706933091,-0.4836858006042296,-0.4314552576077132,-0.502411091018686,-0.4623843437431687,0.036527330125971445,120,1.7027128042851956,-0.20583861987547816,1.819175109598673,-0.26220044111580443,1.791292848465421,0.9690283402716015,0.9831986604678987,26,-10.950344762644644,-11.212128353964312,-11.700228205209639,-10.542674720896517,-10.978869391376998,-11.076849086818424,0.3789056936302929,139,huber_0.80
141.67542662620545,2.3030001346090065,0.10595111846923828,0.009526890509134226,0.025,absolute_error,6,1.0,10,480,0.6,,"{'learning_rate': 0.025, 'loss': 'absolute_error', 'max_depth': 6, 'max_features': 1.0, 'min_samples_leaf': 10, 'n_estimators': 480, 'subsample': 0.6}",-8.896927651856936,-9.354762912131736,-9.534157570477483,-9.336550212169822,-9.29401075887994,-9.283281821103184,0.20989062088876295,104,-13.612478096513337,-14.719489743566907,-14.738398075305891,-13.861969976088952,-14.2397000828237,-14.234407194859756,0.450520851147162,158,-0.492600422832981,-0.4135634271874054,-0.48489425981873113,-0.44410967158782766,-0.5159734779987944,-0.47022825188514794,0.03660960018516754,159,1.7097547693680137,-0.21427380803797727,1.8285192339435676,-0.11444788476703795,1.8064851158197404,1.0032074852652613,0.9546745754060909,10,-10.766010268754082,-11.050891475410571,-11.716654274963764,-10.382685761414463,-10.75684734586844,-10.934617825282265,0.4449180654770945,105,huber_0.80
137.8637149810791,1.1272989712197472,0.10652976036071778,0.002789383785673841,0.025,absolute_error,6,1.0,15,480,0.6,,"{'learning_rate': 0.025, 'loss': 'absolute_error', 'max_depth': 6, 'max_features': 1.0, 'min_samples_leaf': 15, 'n_estimators': 480, 'subsample': 0.6}",-8.840917481984045,-9.264783398059809,-9.459704538905678,-9.329581578898292,-9.29698424956111,-9.238394249481786,0.20948046649910948,58,-13.620140861539427,-14.649145806493348,-14.729153455057045,-13.82796136327404,-14.248980242050946,-14.215076345682963,0.4376407854115345,153,-0.4753850800362428,-0.41659097789887983,-0.4851963746223565,-0.4299487797529376,-0.5036166365280289,-0.46214756976768906,0.03328160970394143,115,1.6146250753503453,-0.11545700043608621,1.8770456210288058,-0.23082290348334417,1.7743722889927964,0.9839526162905035,0.949158279057461,17,-10.996919125582643,-10.98118644307818,-11.682641042771838,-10.581212348879541,-10.99184948980307,-11.046761690023052,0.3552121856767441,132,huber_0.80
136.17060613632202,4.2326840524892475,0.10156397819519043,0.004959847668584969,0.025,absolute_error,6,1.0,20,480,0.6,,"{'learning_rate': 0.025, 'loss': 'absolute_error', 'max_depth': 6, 'max_features': 1.0, 'min_samples_leaf': 20, 'n_estimators': 480, 'subsample': 0.6}",-8.7859897348003,-9.226713649796986,-9.507624732678874,-9.302438324957308,-9.240311204170412,-9.212615529280777,0.23582787818174,38,-13.551738172381633,-14.629101916484759,-14.754295265437296,-13.828815560419782,-14.266696486874167,-14.206129480319527,0.45905414714761045,151,-0.4645122319540924,-0.4102331214047835,-0.4782477341389728,-0.4181982524856885,-0.502411091018686,-0.45472048620044464,0.03531799159174321,51,1.7104512349005294,-0.1784792648853129,1.8996783640314618,-0.2522971229734956,1.8234935192180157,1.0005693460582397,0.9949234677370656,12,-11.29834722063701,-11.028161687587918,-11.926144425177263,-10.82039576706926,-11.010709079844874,-11.216751636063265,0.3860087167911639,158,huber_0.80
160.20547590255737,0.9289383218302819,0.12627482414245605,0.010866383478083433,0.025,absolute_error,7,1.0,5,480,0.6,,"{'learning_rate': 0.025, 'loss': 'absolute_error', 'max_depth': 7, 'max_features': 1.0, 'min_samples_leaf': 5, 'n_estimators': 480, 'subsample': 0.6}",-8.833006811005164,-9.301391705476632,-9.443387842068388,-9.393546914291898,-9.30162003534484,-9.254590661637383,0.2177559451772238,71,-13.52171049804124,-14.564482474371733,-14.516060408805819,-13.761643270274085,-14.146418267943993,-14.102062983887373,0.4098506150994532,120,-0.48172757475083056,-0.4084165909778989,-0.49154078549848945,-0.4299487797529376,-0.4972875226039783,-0.46178425071682694,0.03579182635164959,106,1.5896828105828327,-0.26372772496250874,1.7567148001232369,-0.33470146152579666,1.5811095922598462,0.8658156032955221,0.9535659344462885,55,-10.818033021027542,-11.064271359391457,-11.39285179645184,-10.534796095911243,-10.942089971027983,-10.950408448762014,0.2825055599855826,111,huber_0.80
159.065744638443,1.708202896561726,0.12627673149108887,0.0076806508068257475,0.025,absolute_error,7,1.0,10,480,0.6,,"{'learning_rate': 0.025, 'loss': 'absolute_error', 'max_depth': 7, 'max_features': 1.0, 'min_samples_leaf': 10, 'n_estimators': 480, 'subsample': 0.6}",-8.916542579303625,-9.249041579677693,-9.426652344122052,-9.337973529018829,-9.305230850142292,-9.2470881764529,0.17501326561402655,65,-13.618815542850227,-14.545237338780927,-14.527596142336904,-13.74356333182355,-14.160980074325147,-14.119238486023352,0.38510473945453383,131,-0.47568710359408034,-0.41659097789887983,-0.4873111782477341,-0.44471226272973785,-0.4978902953586498,-0.46443836356581636,0.029823557513230722,134,1.5527517394107806,-0.23598514584007477,1.7897642464270276,-0.24587580693550118,1.6380602170597978,0.8997430500244059,0.9344507924875385,43,-11.004391583893144,-10.81763277651368,-11.508474555089103,-10.222449979537453,-10.98966094460549,-10.908521967927772,0.41344243662521707,101,huber_0.80
158.48366117477417,4.280056763538843,0.1432098388671875,0.009925745952404093,0.025,absolute_error,7,1.0,15,480,0.6,,"{'learning_rate': 0.025, 'loss': 'absolute_error', 'max_depth': 7, 'max_features': 1.0, 'min_samples_leaf': 15, 'n_estimators': 480, 'subsample': 0.6}",-8.779269317430838,-9.253059854637613,-9.46353357366342,-9.246147020449754,-9.297460217620829,-9.207893996760491,0.22829632737646358,34,-13.49730369947987,-14.584303123869104,-14.587449324284952,-13.678595328009736,-14.172269788988944,-14.10398425292652,0.4512481886533608,122,-0.48082150407731805,-0.4193157735392068,-0.48580060422960725,-0.4426031937330521,-0.5090415913200723,-0.46751653337985133,0.032185859226095924,151,1.6438268089316295,-0.16081143147736096,1.853589808840177,-0.23960400378081895,1.8477700792400351,0.9889542523507323,0.9742005801519368,15,-10.83884148064891,-10.84176770458423,-11.647909949031998,-10.174512005556227,-10.947268835104898,-10.890059994985252,0.46788327837942845,90,huber_0.80
161.49497165679932,5.712591083481936,0.1415116310119629,0.025622345923338664,0.025,absolute_error,7,1.0,20,480,0.6,,"{'learning_rate': 0.025, 'loss': 'absolute_error', 'max_depth': 7, 'max_features': 1.0, 'min_samples_leaf': 20, 'n_estimators': 480, 'subsample': 0.6}",-8.805844094713237,-9.21606447552662,-9.392647917511939,-9.260151598126063,-9.261879163115907,-9.187317449798753,0.19968634172374863,23,-13.520819856843787,-14.666445275503715,-14.555122996281195,-13.740594919727652,-14.189791126372661,-14.1345548349458,0.4460293947983901,135,-0.4693446088794926,-0.4150772025431426,-0.48217522658610273,-0.44652003615546854,-0.515370705244123,-0.4656975558816659,0.03371181938123013,143,1.6230693728426357,-0.15274197025482428,2.000627175869484,-0.15737036692695333,1.71123574576726,1.0049639914595203,0.9553557959934842,9,-11.110081239085423,-10.9176346589762,-11.81445506237234,-10.19302662157552,-10.645846569495422,-10.93620883030098,0.536381039260453,107,huber_0.80
188.9360876083374,2.78217814493138,0.18731560707092285,0.029656029993144335,0.025,absolute_error,8,1.0,5,480,0.6,,"{'learning_rate': 0.025, 'loss': 'absolute_error', 'max_depth': 8, 'max_features': 1.0, 'min_samples_leaf': 5, 'n_estimators': 480, 'subsample': 0.6}",-8.905676065118563,-9.343768512776832,-9.44683310262031,-9.346141596216775,-9.454913924711661,-9.299466640288829,0.20253047028251178,124,-13.475658758383107,-14.606085088526514,-14.431851858132696,-13.675850912857156,-14.173484992860233,-14.072586322151944,0.4330345718745161,93,-0.4663243733011175,-0.4102331214047835,-0.49244712990936557,-0.4287435974691172,-0.4837251356238698,-0.45629467154165065,0.031751389282173074,59,1.367075037444782,-0.1876922705306368,1.7989121369615737,-0.3986221548157101,1.5187577089291127,0.8196860915978244,0.9215536424838433,64,-11.014598089568405,-11.159601412597484,-11.418225994790197,-10.434580824318388,-11.342879277389436,-11.073977119732783,0.34942829585258034,137,huber_0.80
181.65997948646546,1.9461574665978274,0.17321577072143554,0.009819270134435239,0.025,absolute_error,8,1.0,10,480,0.6,,"{'learning_rate': 0.025, 'loss': 'absolute_error', 'max_depth': 8, 'max_features': 1.0, 'min_samples_leaf': 10, 'n_estimators': 480, 'subsample': 0.6}",-8.906283826886789,-9.199788687048366,-9.437455360656811,-9.362736706660552,-9.413038597336678,-9.263860635717839,0.19704418742229307,81,-13.52642959904457,-14.438931240440837,-14.452185733998935,-13.705674244394821,-14.200853205375564,-14.064814804650945,0.38140958628242955,83,-0.4759891271519178,-0.4144716924008477,-0.48580060422960725,-0.43507080445917445,-0.4984930681133213,-0.46196505927097375,0.031868554883876875,112,1.3331108038282864,-0.2284596420738376,1.7583776315049084,-0.3303986915415665,1.6548658093322661,0.8374991822100114,0.9232540126719345,61,-10.755912316718785,-10.82260768281624,-11.523074379370426,-10.38030812748612,-11.101362400643154,-10.916652981406946,0.3805817555430941,103,huber_0.80
181.9953233242035,2.409078195253289,0.17531304359436034,0.014330268724730772,0.025,absolute_error,8,1.0,15,480,0.6,,"{'learning_rate': 0.025, 'loss': 'absolute_error', 'max_depth': 8, 'max_features': 1.0, 'min_samples_leaf': 15, 'n_estimators': 480, 'subsample': 0.6}",-8.8373754718341,-9.133958205384069,-9.385364618712149,-9.26372552482442,-9.360498058086547,-9.196184375768258,0.19998294085058632,27,-13.499694123023403,-14.483783747866266,-14.436910393407041,-13.686210806274271,-14.214442184557006,-14.064208251025596,0.3997696807467373,82,-0.4714587737843552,-0.4196185286103542,-0.48126888217522656,-0.43989153359445615,-0.5039180229053647,-0.4632311482139514,0.029984241329117856,129,1.455651077818295,-0.16767340712163037,1.820163947697136,-0.23124983553323983,1.7196974909248888,0.9193178547570898,0.9214272173815339,38,-10.916146990999064,-10.683852340786737,-11.641650833275184,-10.266707812588159,-10.994045703235631,-10.900480736176956,0.4487602762716575,95,huber_0.80
176.5916043281555,3.853021692434782,0.16141481399536134,0.005837764548315612,0.025,absolute_error,8,1.0,20,480,0.6,,"{'learning_rate': 0.025, 'loss': 'absolute_error', 'max_depth': 8, 'max_features': 1.0, 'min_samples_leaf': 20, 'n_estimators': 480, 'subsample': 0.6}",-8.713263592669266,-9.169594136097626,-9.315810887844334,-9.218917786005152,-9.280831184429772,-9.13968351740923,0.21906628273982096,7,-13.426537522559244,-14.544111498049869,-14.38445547204654,-13.644889989666972,-14.224641475512158,-14.044927191566956,0.4334044749601977,50,-0.4614919963757173,-0.42022403875264913,-0.4797583081570997,-0.4410967158782766,-0.515370705244123,-0.46358835288157313,0.032660715409713555,132,1.472554585883303,-0.08111818380606055,1.864923268809641,-0.31338407826327946,1.7324684985679146,0.9350888182383038,0.9360167899952574,34,-11.035747378660849,-10.81384584669274,-11.652465383666453,-10.094763106555765,-10.68483285034688,-10.856330913184538,0.5054151667092653,83,huber_0.80
207.92517037391661,3.6738293248499625,0.20225028991699218,0.03285284703546723,0.025,absolute_error,9,1.0,5,480,0.6,,"{'learning_rate': 0.025, 'loss': 'absolute_error', 'max_depth': 9, 'max_features': 1.0, 'min_samples_leaf': 5, 'n_estimators': 480, 'subsample': 0.6}",-8.96894821081167,-9.290103303056592,-9.466249062917045,-9.502500238711084,-9.531010614035965,-9.35176228590647,0.20895337370809958,155,-13.520341822365182,-14.415979406812195,-14.355427672488641,-13.7820881328436,-14.183143813404303,-14.051396169582784,0.34561801794218433,62,-0.4569616430081546,-0.40448077505298213,-0.4770392749244713,-0.43055137089484785,-0.48282097649186256,-0.4503708080744637,0.02934745263357647,27,1.2628826708715306,-0.31210861552805375,1.5552287032473453,-0.5896016776025034,1.3629921274850114,0.655878641694666,0.9127447027882958,78,-11.195502990500023,-11.098172325189655,-11.551960546549758,-10.350563444478441,-11.281617071275468,-11.095563275598668,0.40197860289842446,147,huber_0.80
198.64203734397887,1.7691241704612488,0.18842778205871583,0.0022166783630038164,0.025,absolute_error,9,1.0,10,480,0.6,,"{'learning_rate': 0.025, 'loss': 'absolute_error', 'max_depth': 9, 'max_features': 1.0, 'min_samples_leaf': 10, 'n_estimators': 480, 'subsample': 0.6}",-8.937542690691973,-9.347143414208809,-9.426534786336097,-9.32962286773179,-9.412220416815494,-9.290612835156832,0.18035475965503853,115,-13.498748577960207,-14.61675906094291,-14.32862991350618,-13.637892600328534,-14.175766411859936,-14.051559312919554,0.42151302093634996,63,-0.46602234974328,-0.4114441416893733,-0.48398791540785496,-0.4386863513106357,-0.48794454490657024,-0.45761706061154284,0.028900302310426104,69,1.2381321797706608,-0.3295947653833026,1.6820697326317222,-0.41453010750761793,1.4908328114365594,0.7333819701896044,0.9139075117404014,72,-10.91758246795262,-10.95841176860583,-11.476117652242035,-10.161123925543963,-11.172430701463965,-10.937133303161682,0.43563621442691464,109,huber_0.80
193.44429154396056,4.703061989134904,0.23232588768005372,0.03161337736428576,0.025,absolute_error,9,1.0,15,480,0.6,,"{'learning_rate': 0.025, 'loss': 'absolute_error', 'max_depth': 9, 'max_features': 1.0, 'min_samples_leaf': 15, 'n_estimators': 480, 'subsample': 0.6}",-8.856994110295538,-9.165718259041455,-9.416895409420635,-9.268260723042687,-9.353959834902456,-9.212365667340553,0.19670816210440203,36,-13.53056082742792,-14.496623557070802,-14.408878373018164,-13.670586792311354,-14.200918546591021,-14.061513619283852,0.39093511356279403,76,-0.4669284204167925,-0.4171964880411747,-0.481570996978852,-0.44441096715878275,-0.49668474984930683,-0.4613583244889818,0.028017905508751714,103,1.3161138480443357,-0.24921794084658616,1.7865712323024532,-0.40288139149761987,1.6467623026696794,0.8194696101344524,0.9489561948355711,65,-10.893648269748812,-10.68621210123282,-11.632206582215629,-9.97430305132138,-11.07414928776224,-10.852103858456177,0.5399342001621003,80,huber_0.80
186.85461111068724,1.1759549822416844,0.18920278549194336,0.018927963469615634,0.025,absolute_error,9,1.0,20,480,0.6,,"{'learning_rate': 0.025, 'loss': 'absolute_error', 'max_depth': 9, 'max_features': 1.0, 'min_samples_leaf': 20, 'n_estimators': 480, 'subsample': 0.6}",-8.773059351899922,-9.193463419740516,-9.254873204363475,-9.186615427747105,-9.316911289810076,-9.144984538712219,0.19185724067370008,8,-13.478280808907497,-14.565854780829643,-14.312561087290005,-13.54273879414406,-14.197620923567072,-14.019411278947654,0.4327435341377847,30,-0.46239806704922987,-0.42779291553133514,-0.472809667673716,-0.4341669177463091,-0.5084388185654009,-0.4611212773131982,0.029032793768866534,100,1.405734163667068,-0.16791577117194484,1.8818573425105323,-0.3519788378982056,1.6648468288201719,0.8865087451855242,0.9499249014504791,49,-11.006526887668944,-10.54896811154352,-11.777181504841202,-10.174239709128555,-10.799488274337628,-10.86128089750397,0.5354163836223491,85,huber_0.80
115.44362325668335,1.804976408312396,0.08440656661987304,0.008266119082860904,0.03,absolute_error,6,1.0,5,400,0.6,,"{'learning_rate': 0.03, 'loss': 'absolute_error', 'max_depth': 6, 'max_features': 1.0, 'min_samples_leaf': 5, 'n_estimators': 400, 'subsample': 0.6}",-8.93730800115028,-9.396244674908788,-9.565460296570151,-9.43993753096754,-9.297517478933543,-9.327293596506061,0.21313923428875084,143,-13.640132889781047,-14.707274706266302,-14.798075858703367,-13.896026218200356,-14.19682672403655,-14.247667279397524,0.4493379181779263,160,-0.49743279975838117,-0.420829548894944,-0.4779456193353474,-0.4377824645977704,-0.5036166365280289,-0.4675214138228944,0.03277424453056154,152,1.7189255628504823,-0.19237737762729926,1.8655823959393112,-0.3396015831648644,1.7107899630159393,0.9526637922027138,0.9976373940521825,31,-10.711229304920012,-10.935386216877973,-11.958518113845235,-10.393673437975597,-10.929253169475876,-10.98561204861894,0.5249614039139582,118,huber_0.80
113.53237533569336,3.466926081785656,0.09947061538696289,0.01495746642201797,0.03,absolute_error,6,1.0,10,400,0.6,,"{'learning_rate': 0.03, 'loss': 'absolute_error', 'max_depth': 6, 'max_features': 1.0, 'min_samples_leaf': 10, 'n_estimators': 400, 'subsample': 0.6}",-8.886373943221978,-9.303758029439816,-9.54116674985043,-9.40159487088335,-9.248932778879366,-9.276365274454989,0.21881426665977424,97,-13.605299026188227,-14.646025098581356,-14.805065346447114,-13.87659529334436,-14.19618414914803,-14.225833782741816,0.4516591532647894,156,-0.47357293868921774,-0.4211323039660914,-0.47945619335347434,-0.44380837601687256,-0.5066305003013863,-0.46492006246540846,0.029627700186495506,139,1.6349349421079264,-0.15033670707510755,1.915745258157427,-0.24136974033411138,1.757517940121644,0.9832983385955558,0.967310067408252,19,-11.108435497234474,-10.86763142622956,-11.94781939083365,-10.32002281340561,-10.86240436812771,-11.0212626991662,0.5304115975999727,124,huber_0.80
110.79524431228637,1.2509456861704025,0.09768447875976563,0.022068244769254966,0.03,absolute_error,6,1.0,15,400,0.6,,"{'learning_rate': 0.03, 'loss': 'absolute_error', 'max_depth': 6, 'max_features': 1.0, 'min_samples_leaf': 15, 'n_estimators': 400, 'subsample': 0.6}",-8.871534272163078,-9.285869660506975,-9.531412583084952,-9.33281737020399,-9.273599927133201,-9.25904676261844,0.21481267905288412,76,-13.633002245268736,-14.624271615268166,-14.768540700872606,-13.86844193422558,-14.239165399510691,-14.226684379029155,0.43188789865411037,157,-0.4781032920567804,-0.41477444747199516,-0.48036253776435045,-0.4326604398915336,-0.49909584086799275,-0.4609993116105304,0.031807722114562585,99,1.7643161395545128,-0.18038214810023412,1.875029595389276,-0.1760247984401509,1.9125286378213997,1.0390934852449607,0.9951139942731931,4,-11.12296295426309,-10.97643257426258,-11.872743273820658,-10.581961889165804,-11.206393290615749,-11.152098796425577,0.4192946378924187,153,huber_0.80
111.4988410949707,1.4264232035740072,0.08858041763305664,0.003282327679977315,0.03,absolute_error,6,1.0,20,400,0.6,,"{'learning_rate': 0.03, 'loss': 'absolute_error', 'max_depth': 6, 'max_features': 1.0, 'min_samples_leaf': 20, 'n_estimators': 400, 'subsample': 0.6}",-8.813867448078142,-9.235349826896853,-9.427515815644309,-9.260064653854418,-9.190901244499898,-9.185539797794723,0.20236425921532364,22,-13.607537982479142,-14.640630811109373,-14.71642289285352,-13.806539253124654,-14.221328582212681,-14.198491904355873,0.4397986480551155,146,-0.47025067955300515,-0.4144716924008477,-0.48942598187311176,-0.4296474841819825,-0.49156118143459915,-0.45907140388870926,0.031486071745072605,82,1.7016025614354984,-0.12909601205669002,1.8926996919059325,-0.15383873321792946,1.9156735970835703,1.0454082210300764,0.971957727945867,2,-11.180706872671696,-10.985374854060282,-11.564788064812129,-10.597322521245617,-11.297245654314517,-11.125087593420847,0.32376659112531253,149,huber_0.80
133.4532588005066,2.2743180503564577,0.12334575653076171,0.021351173228987802,0.03,absolute_error,7,1.0,5,400,0.6,,"{'learning_rate': 0.03, 'loss': 'absolute_error', 'max_depth': 7, 'max_features': 1.0, 'min_samples_leaf': 5, 'n_estimators': 400, 'subsample': 0.6}",-8.948890344486966,-9.313598443868123,-9.524623915464785,-9.364946045533477,-9.359642961929794,-9.30234034225663,0.1906130619856108,128,-13.62537237913457,-14.55347676940113,-14.654187375432748,-13.736737669110314,-14.171140893622043,-14.148183017340159,0.41555955961874863,139,-0.48867411658109333,-0.4214350590372389,-0.48429003021148037,-0.4416993070201868,-0.5144665461121157,-0.47011301179242293,0.03373312962711343,158,1.6248544752865626,-0.16780804558866258,1.8578796509062585,-0.28455032750901066,1.7571726029054682,0.9575096712001233,0.9700029893101197,29,-10.818809980924028,-10.850770720372509,-11.751742609073036,-10.27893362487149,-10.804216181641298,-10.900894623376473,0.4752630416307272,96,huber_0.80
130.5819636821747,3.5922402041489163,0.10931982994079589,0.0056106077064789475,0.03,absolute_error,7,1.0,10,400,0.6,,"{'learning_rate': 0.03, 'loss': 'absolute_error', 'max_depth': 7, 'max_features': 1.0, 'min_samples_leaf': 10, 'n_estimators': 400, 'subsample': 0.6}",-8.87458465634734,-9.262743098759266,-9.404958894731115,-9.439024355595915,-9.357074593149816,-9.26767711971669,0.20530177718245932,84,-13.509266448721025,-14.592026602469678,-14.52643223591162,-13.904965270892541,-14.228615665550343,-14.152261244709042,0.4034414714576067,140,-0.4753850800362428,-0.40902210112019377,-0.47371601208459213,-0.4410967158782766,-0.5027124773960217,-0.4603864773030654,0.032263040469829744,92,1.5699669393047109,-0.15822759473663778,1.8184510330277284,-0.3595265202438439,1.7183618623492978,0.917805143940251,0.9661047271683153,39,-10.985359063914848,-11.129613142038023,-11.846137391862811,-10.291958099567461,-11.015676906278793,-11.053748920732385,0.49398112823587337,134,huber_0.80
126.50538892745972,1.3974819991910956,0.11283431053161622,0.007846979398674146,0.03,absolute_error,7,1.0,15,400,0.6,,"{'learning_rate': 0.03, 'loss': 'absolute_error', 'max_depth': 7, 'max_features': 1.0, 'min_samples_leaf': 15, 'n_estimators': 400, 'subsample': 0.6}",-8.824257280742884,-9.219088501859144,-9.380654589581784,-9.333732326791521,-9.32349428947273,-9.216245397689613,0.20297716755630493,39,-13.524182749979355,-14.639474333424234,-14.53590957684763,-13.764857192470133,-14.270633135958079,-14.147011397735886,0.4342812986930983,138,-0.46511627906976744,-0.42204056917953375,-0.4845921450151057,-0.45344983428743596,-0.5093429776974081,-0.46690836104985023,0.029362817143833524,148,1.5874947398478771,-0.0925716067493196,1.8736523552975388,-0.19528296218367583,1.8542256727066144,1.0055036397838069,0.9444980288474882,7,-11.19263342213507,-10.812369191014255,-11.61214338764045,-10.076582538582537,-10.972684862281382,-10.933282680330738,0.5056129752915852,104,huber_0.80
126.13634557724,3.3010670245550355,0.10652327537536621,0.0028487423067180637,0.03,absolute_error,7,1.0,20,400,0.6,,"{'learning_rate': 0.03, 'loss': 'absolute_error', 'max_depth': 7, 'max_features': 1.0, 'min_samples_leaf': 20, 'n_estimators': 400, 'subsample': 0.6}",-8.813997305156983,-9.221125188449154,-9.366471566151956,-9.212751539851576,-9.191303559621984,-9.161129831846331,0.18430459372057487,13,-13.59189502815135,-14.620603121148934,-14.539127306662863,-13.695747699990102,-14.136685431324713,-14.116811717455594,0.42080485675430296,129,-0.4723648444578677,-0.4262791401755979,-0.48308157099697885,-0.42633323290147634,-0.5078360458107294,-0.46317896686853005,0.03223027775049166,128,1.6581076973274027,-0.166914959933711,1.9200864349352118,-0.223874587231948,1.8270436562460863,1.0028896482686085,0.9821592311864652,11,-11.084763319445587,-10.620048432097482,-11.681834578986406,-10.542078659273692,-10.848331175741917,-10.955411233109016,0.4096830490163591,112,huber_0.80
153.540966796875,2.828426184896419,0.16452426910400392,0.036400831022207,0.03,absolute_error,8,1.0,5,400,0.6,,"{'learning_rate': 0.03, 'loss': 'absolute_error', 'max_depth': 8, 'max_features': 1.0, 'min_samples_leaf': 5, 'n_estimators': 400, 'subsample': 0.6}",-8.98943048645183,-9.347099844761445,-9.49396367487045,-9.376546539458305,-9.431329967290528,-9.327674102566512,0.1763923912977046,145,-13.569139846341224,-14.599447400952588,-14.533198788600792,-13.657401075929242,-14.182901359674053,-14.10841769429958,0.42926298574274996,126,-0.47025067955300515,-0.4087193460490463,-0.49244712990936557,-0.42392286833383547,-0.5018083182640145,-0.4594296684218534,0.03697422522533461,85,1.4082169433308083,-0.17986933110253917,1.7942806200969679,-0.4607040335470356,1.6115253890037256,0.8346899175563853,0.9550494095060725,62,-11.055430520234527,-11.214578661709394,-11.461376876178575,-10.515878207931593,-11.003061282938239,-11.050065109798465,0.31107422632544046,133,huber_0.80
148.3081618309021,3.1121736799611397,0.15126237869262696,0.027444954270236053,0.03,absolute_error,8,1.0,10,400,0.6,,"{'learning_rate': 0.03, 'loss': 'absolute_error', 'max_depth': 8, 'max_features': 1.0, 'min_samples_leaf': 10, 'n_estimators': 400, 'subsample': 0.6}",-8.939445152134988,-9.284665070063133,-9.410667138490428,-9.33834570099986,-9.388579759203509,-9.272340564178384,0.17203122885840327,90,-13.52454453063037,-14.615357880848073,-14.326530471193177,-13.694363979970472,-14.197801183182829,-14.071719609164987,0.40451589501701685,91,-0.47025067955300515,-0.4099303663336361,-0.4827794561933535,-0.4251280506176559,-0.5069318866787221,-0.4590040878752745,0.03617912079472219,81,1.432872274307467,-0.24376111273795054,1.8333331498410952,-0.4080552791899171,1.6696770026708947,0.8568132069783179,0.9754321010433319,56,-11.02849807288085,-11.027365498908814,-11.645069134661245,-10.503059500349822,-10.907043976188845,-11.022207236597916,0.3662786029649637,125,huber_0.80
154.7113220691681,3.595766901031428,0.1386436939239502,0.005257819896808467,0.03,absolute_error,8,1.0,15,400,0.6,,"{'learning_rate': 0.03, 'loss': 'absolute_error', 'max_depth': 8, 'max_features': 1.0, 'min_samples_leaf': 15, 'n_estimators': 400, 'subsample': 0.6}",-8.790167530674633,-9.216302801524941,-9.367050203542378,-9.29962407247761,-9.343195280702718,-9.203267977784455,0.21284297056421422,32,-13.409899103932267,-14.545384205372455,-14.44243203549322,-13.695661807789826,-14.223846995684667,-14.063444829654486,0.43909272043743425,79,-0.47055270311084263,-0.42052679382379654,-0.4873111782477341,-0.44923169629406445,-0.5117540687160941,-0.46787528803850637,0.03130409938324502,153,1.3648745679381329,-0.1824762459571463,1.9129218485464485,-0.15151267528034304,1.7174527574961596,0.9322520505486503,0.9146125738727008,35,-10.790546979623514,-10.741083194039032,-11.573684901554252,-10.181952289502926,-10.806604885378055,-10.818774450019555,0.44326359507763363,63,huber_0.80
151.87981534004211,2.661600556307182,0.1441946506500244,0.017978618785990337,0.03,absolute_error,8,1.0,20,400,0.6,,"{'learning_rate': 0.03, 'loss': 'absolute_error', 'max_depth': 8, 'max_features': 1.0, 'min_samples_leaf': 20, 'n_estimators': 400, 'subsample': 0.6}",-8.833594904775211,-9.237661276097043,-9.343424823424975,-9.204084202384921,-9.27383717089725,-9.17852047551588,0.17855167551907264,21,-13.593772980333377,-14.66283536702895,-14.426655017849843,-13.5671263472655,-14.190458267916807,-14.088169596078895,0.44072444502978986,108,-0.45182724252491696,-0.4217378141083863,-0.5039274924471299,-0.42633323290147634,-0.5102471368294154,-0.46281458376226503,0.037627197568487016,124,1.4426073049986727,-0.1256703226174997,1.8637412504082225,-0.26273529458289707,1.7077857924067315,0.925145746122646,0.9248274655109717,37,-11.371826710080658,-10.802909590575354,-11.119820055272147,-10.486338171376298,-10.761082395818846,-10.90839538462466,0.30673429721646356,100,huber_0.80
175.58986439704896,4.1399117711941775,0.17059822082519532,0.018381602836305053,0.03,absolute_error,9,1.0,5,400,0.6,,"{'learning_rate': 0.03, 'loss': 'absolute_error', 'max_depth': 9, 'max_features': 1.0, 'min_samples_leaf': 5, 'n_estimators': 400, 'subsample': 0.6}",-8.98514879723444,-9.383111391286045,-9.460947998682734,-9.401309336442882,-9.49057366069001,-9.344218236867222,0.18371101271587287,153,-13.46825405359798,-14.648922992247883,-14.341093384510122,-13.63457844012529,-14.149202693756228,-14.0484103128475,0.4391528359546168,55,-0.4720628209000302,-0.40811383590675143,-0.47764350453172205,-0.4233202771919253,-0.48583484026522,-0.45339505575912986,0.031444215745412465,39,1.2413808200305751,-0.30312103348667835,1.711015780505672,-0.5725158584960629,1.446052281746364,0.704562398059974,0.9483970105809583,74,-10.831746501204247,-11.124335367882532,-11.694876694849341,-10.428030446016189,-11.25549779063396,-11.066897360117254,0.423479433351427,136,huber_0.80
170.51178913116456,1.4102469325875235,0.18194093704223632,0.059602214399494056,0.03,absolute_error,9,1.0,10,400,0.6,,"{'learning_rate': 0.03, 'loss': 'absolute_error', 'max_depth': 9, 'max_features': 1.0, 'min_samples_leaf': 10, 'n_estimators': 400, 'subsample': 0.6}",-8.89534145346382,-9.238361464213307,-9.40148891862211,-9.340626614468166,-9.460937691438843,-9.26735122844125,0.20003479691749573,83,-13.520505685813838,-14.585821544611386,-14.377366463129151,-13.611626391513786,-14.24072022505482,-14.067208062024596,0.42466523179461496,86,-0.4717607973421927,-0.41628822282773237,-0.4688821752265861,-0.4335643266043989,-0.49216395418927067,-0.45653189523803617,0.027572286369492445,62,1.2808673769370216,-0.27845587971272995,1.770730472052091,-0.4340957352696977,1.522679145654158,0.7723450759321686,0.9357405222932282,71,-10.785348091375539,-10.761661143856513,-11.913674672400646,-10.271291170277872,-11.158493773874639,-10.978093770357042,0.5461537658199395,116,huber_0.80
166.54471125602723,3.41384423067485,0.14985694885253906,0.006352022786410338,0.03,absolute_error,9,1.0,15,400,0.6,,"{'learning_rate': 0.03, 'loss': 'absolute_error', 'max_depth': 9, 'max_features': 1.0, 'min_samples_leaf': 15, 'n_estimators': 400, 'subsample': 0.6}",-8.90908177791091,-9.294172486340981,-9.340593228911043,-9.259140988445962,-9.44668672646642,-9.249935041615062,0.18174310483005712,66,-13.583228818965122,-14.608327477350668,-14.363733546364012,-13.589258514138859,-14.323108785844372,-14.093531428532605,0.42554197087292533,114,-0.46481425551192995,-0.4262791401755979,-0.4809667673716012,-0.44441096715878275,-0.498794454490657,-0.46305311694171375,0.025695520256648913,127,1.2988372596055444,-0.17228543750639133,1.8074497272424763,-0.3995549006571756,1.6138246232065878,0.8296542543782083,0.9280062650104316,63,-10.980643253156915,-10.699429304794263,-11.589202947508843,-9.967785161142704,-11.087243703388229,-10.864860873998191,0.5328496148583273,87,huber_0.80
162.0586184501648,2.3629092048598905,0.16056036949157715,0.0122650482180864,0.03,absolute_error,9,1.0,20,400,0.6,,"{'learning_rate': 0.03, 'loss': 'absolute_error', 'max_depth': 9, 'max_features': 1.0, 'min_samples_leaf': 20, 'n_estimators': 400, 'subsample': 0.6}",-8.73992060386409,-9.189236372232703,-9.301182985152169,-9.220048880327475,-9.317758169804113,-9.15362940227611,0.2123886463102232,12,-13.396670572037404,-14.492109387655224,-14.340766610914867,-13.582695085422236,-14.192485214761849,-14.000945374158317,0.4320855036100266,15,-0.4500151011778919,-0.41992128368150167,-0.48942598187311176,-0.4293461886110274,-0.5111512959614225,-0.459971970260991,0.03500856300477214,90,1.3121867840545178,-0.20151924001508673,1.7989437322397128,-0.4229767827617154,1.7079385680100188,0.8389146123054895,0.9566313385271633,60,-11.168633409865274,-10.701668957359331,-11.339944269928125,-10.24473062870904,-10.78515972171795,-10.848027397515944,0.38317373433900487,79,huber_0.80
341.0008224964142,2.8751879967713028,0.26427640914916994,0.05667771308865765,0.01,huber,6,1.0,5,1200,0.6,0.8,"{'alpha': 0.8, 'learning_rate': 0.01, 'loss': 'huber', 'max_depth': 6, 'max_features': 1.0, 'min_samples_leaf': 5, 'n_estimators': 1200, 'subsample': 0.6}",-9.009274097953305,-9.457352618680783,-9.284492065078647,-9.329992438911146,-9.355434594959984,-9.287309163116774,0.15012604489449666,108,-13.498795468526888,-14.832726994992248,-14.166268396083744,-13.514165789995412,-14.142765238251137,-14.030944377569886,0.4947553800499819,38,-0.46481425551192995,-0.4150772025431426,-0.49697885196374625,-0.40584513407652906,-0.49065702230259195,-0.454674493279588,0.03778747858893368,50,1.0438299717802697,-0.28172765665929683,1.6732951848350144,-0.9698734721186217,1.4714960668866328,0.5874040189447997,1.034369960654826,98,-10.814109023680269,-11.05291365775236,-11.024399938362983,-10.29964174119688,-11.033094574940748,-10.844831787186648,0.2860635375128235,75,huber_0.80
339.3797389984131,4.154571440130114,0.3171830654144287,0.07528262794192146,0.01,huber,6,1.0,10,1200,0.6,0.8,"{'alpha': 0.8, 'learning_rate': 0.01, 'loss': 'huber', 'max_depth': 6, 'max_features': 1.0, 'min_samples_leaf': 10, 'n_estimators': 1200, 'subsample': 0.6}",-8.984110209766062,-9.455885469115483,-9.272890239201535,-9.325347264213828,-9.343118709586832,-9.276270378376747,0.15780228793879472,96,-13.502509758075123,-14.865248923934583,-14.156483809646426,-13.489996347015135,-14.133467927571159,-14.029541353248485,0.5087619049911608,37,-0.46481425551192995,-0.42052679382379654,-0.5090634441087614,-0.4040373606507984,-0.4960819770946353,-0.4589047662379843,0.0410274566572096,80,1.1059429915086028,-0.27077784754106726,1.7135246802346822,-0.9102781163754263,1.5621845062728965,0.6401192428199376,1.0443046326248464,83,-10.853855149259395,-10.920954094334158,-10.790811092977412,-10.413726510691895,-10.991432585122292,-10.79415588647703,0.20164204964477705,55,huber_0.80
344.1453305721283,2.678710945727599,0.39292306900024415,0.3007703663657598,0.01,huber,6,1.0,15,1200,0.6,0.8,"{'alpha': 0.8, 'learning_rate': 0.01, 'loss': 'huber', 'max_depth': 6, 'max_features': 1.0, 'min_samples_leaf': 15, 'n_estimators': 1200, 'subsample': 0.6}",-8.966433230352003,-9.449695884005788,-9.27021597366209,-9.301329341469978,-9.319055614158554,-9.261346008729683,0.15966024182660274,78,-13.484616868820657,-14.868227331864633,-14.1570100381283,-13.491262306237326,-14.121322004100772,-14.024487709830336,0.5127622165964203,33,-0.47327091513138025,-0.42385709960641843,-0.5051359516616314,-0.4061464296474842,-0.4960819770946353,-0.4608984746283099,0.03928806535620799,98,1.1007637998222666,-0.2559165615460152,1.7251887785531421,-0.8958113613982481,1.5845958084673013,0.6517640927796894,1.0433494390045972,80,-10.635765592503828,-10.84537610788737,-10.883609368969024,-10.34789101478415,-10.989767746133834,-10.740481966055643,0.2274751892029702,43,huber_0.80
388.050243806839,17.480363275821876,0.25025362968444825,0.01772950139214002,0.01,huber,6,1.0,20,1200,0.6,0.8,"{'alpha': 0.8, 'learning_rate': 0.01, 'loss': 'huber', 'max_depth': 6, 'max_features': 1.0, 'min_samples_leaf': 20, 'n_estimators': 1200, 'subsample': 0.6}",-8.952187462208409,-9.456510221637817,-9.239155406363647,-9.322323479789516,-9.300058464448673,-9.254047006889612,0.16679989735362946,69,-13.484482650201215,-14.868549889327895,-14.13826634247044,-13.495536989381785,-14.100121608069045,-14.017391495890076,0.5103429385213566,25,-0.47629115070975536,-0.4232515894641235,-0.5120845921450151,-0.4118710454956312,-0.498794454490657,-0.46445856646103645,0.04012645983325147,135,1.1066860223537875,-0.2569632765737056,1.7488124594550887,-0.9154854109610749,1.5898291963350486,0.6545757981218289,1.0556942862111045,79,-10.559584688454484,-10.867705135746338,-10.728664789339238,-10.205667721449009,-10.916207630960841,-10.655565993189983,0.25686626050033695,12,huber_0.80
478.2189301967621,7.240764451945021,0.43439292907714844,0.09690914662071155,0.01,huber,7,1.0,5,1200,0.6,0.8,"{'alpha': 0.8, 'learning_rate': 0.01, 'loss': 'huber', 'max_depth': 7, 'max_features': 1.0, 'min_samples_leaf': 5, 'n_estimators': 1200, 'subsample': 0.6}",-8.934412748744792,-9.44110683520275,-9.247744922744314,-9.314603364478486,-9.385203663889202,-9.264614307011907,0.17748687645753994,82,-13.466887962242552,-14.845164010891775,-14.085349859784547,-13.47993432950629,-14.118949107358684,-13.999257053956772,0.5080176533541322,12,-0.4560555723346421,-0.40902210112019377,-0.49214501510574016,-0.40343476950888824,-0.4822182037371911,-0.44857513236133106,0.03657387743996981,19,0.9818685332494482,-0.3665156345817132,1.6555508172755053,-1.0814920056580288,1.4246596637051534,0.522814274798073,1.0650684786986595,126,-10.871790504861897,-11.093032840729565,-11.077320104194477,-10.203770201615047,-11.208477037799398,-10.890878137840076,0.3602715214195906,91,huber_0.80
464.2085918903351,3.7907684117393674,0.5983362674713135,0.3157656769454819,0.01,huber,7,1.0,10,1200,0.6,0.8,"{'alpha': 0.8, 'learning_rate': 0.01, 'loss': 'huber', 'max_depth': 7, 'max_features': 1.0, 'min_samples_leaf': 10, 'n_estimators': 1200, 'subsample': 0.6}",-8.941562372675271,-9.372236613946512,-9.21858691274816,-9.281983327668978,-9.344603124708012,-9.231794470349389,0.15451719625563543,49,-13.503555340466502,-14.81471404228232,-14.086084635766339,-13.456124697994586,-14.140329310464026,-14.000161605394755,0.4966123969680225,13,-0.4614919963757173,-0.40902210112019377,-0.49969788519637465,-0.4019282916541127,-0.484629294755877,-0.45135391382045514,0.03945135170234482,30,1.0195192072091555,-0.3413755864841852,1.688210706971285,-1.0801663177739182,1.4823397802261902,0.5537055580297054,1.0804770584494285,113,-10.792258216949389,-11.039575859995585,-10.913391814169094,-10.203084953463906,-11.17033475079965,-10.823729119075526,0.3349490338509756,64,huber_0.80
459.8514395236969,2.1463986375951913,0.5723104476928711,0.29084648201314284,0.01,huber,7,1.0,15,1200,0.6,0.8,"{'alpha': 0.8, 'learning_rate': 0.01, 'loss': 'huber', 'max_depth': 7, 'max_features': 1.0, 'min_samples_leaf': 15, 'n_estimators': 1200, 'subsample': 0.6}",-8.927882948065863,-9.35332776588875,-9.198510250696488,-9.280147721032321,-9.324087845620605,-9.216791306260806,0.15360405195597268,40,-13.494404004883986,-14.798583821829775,-14.085961498484435,-13.4854740166503,-14.139863703870006,-14.000857409143702,0.48683631282748513,14,-0.46179401993355484,-0.4211323039660914,-0.5051359516616314,-0.40584513407652906,-0.4885473176612417,-0.4564909454598097,0.03804550424141658,61,0.9870475179789462,-0.30098541127078077,1.712370166047235,-1.0400214019222196,1.5057082756719373,0.5728238293010236,1.0681978128532796,103,-10.735230468631247,-10.747622860281508,-10.799944431645251,-10.15181115557774,-11.08367166269237,-10.703656115765622,0.30369265060186884,31,huber_0.80
460.00654191970824,9.45186561841714,0.3975400924682617,0.13023345703232603,0.01,huber,7,1.0,20,1200,0.6,0.8,"{'alpha': 0.8, 'learning_rate': 0.01, 'loss': 'huber', 'max_depth': 7, 'max_features': 1.0, 'min_samples_leaf': 20, 'n_estimators': 1200, 'subsample': 0.6}",-8.911983756662266,-9.362127858058212,-9.197407716095329,-9.277452135098496,-9.313807691946435,-9.21255583157215,0.1596297579813466,37,-13.476689225105972,-14.818602445496797,-14.089009647445174,-13.45227986416601,-14.154348802525131,-13.998185996947816,0.5051121252227901,11,-0.46572032618544246,-0.4229488343929761,-0.5018126888217522,-0.40825549864416993,-0.49276672694394213,-0.45830081499765657,0.037122843689117,78,0.9930241190247994,-0.27214988032136095,1.7129842230428292,-1.0301185726974607,1.5362807348414156,0.5880041247780445,1.0664929369666465,97,-10.634072981971423,-10.745954638677459,-10.870980529364028,-10.100701141553149,-11.009355779841616,-10.672213014281533,0.31199105093711965,18,huber_0.80
555.1985421657562,15.381619999205252,0.5894062042236328,0.16177379233577877,0.01,huber,8,1.0,5,1200,0.6,0.8,"{'alpha': 0.8, 'learning_rate': 0.01, 'loss': 'huber', 'max_depth': 8, 'max_features': 1.0, 'min_samples_leaf': 5, 'n_estimators': 1200, 'subsample': 0.6}",-8.941098549603781,-9.377116066070267,-9.300779013517706,-9.358519608306647,-9.419484229489754,-9.27939949339763,0.173399461877179,100,-13.501704620932934,-14.780447200397866,-14.132005140403344,-13.489967473481293,-14.101940526221812,-14.00121299228745,0.47861031471194865,16,-0.44820295983086683,-0.41840750832576445,-0.48308157099697885,-0.38806869539017774,-0.47528631705846897,-0.4426094103204514,0.03548939409227221,5,0.9643768369865168,-0.3735256628010268,1.548501327352758,-1.1679503473983184,1.2716585490167513,0.44861214063133625,1.0432985843914877,152,-11.050211928908514,-10.759355680896633,-11.229242629231155,-10.552988888569386,-11.24705508531534,-10.967770842584205,0.271530722078439,115,huber_0.80
526.7813092231751,9.002141015213956,0.508820629119873,0.15645620440772376,0.01,huber,8,1.0,10,1200,0.6,0.8,"{'alpha': 0.8, 'learning_rate': 0.01, 'loss': 'huber', 'max_depth': 8, 'max_features': 1.0, 'min_samples_leaf': 10, 'n_estimators': 1200, 'subsample': 0.6}",-8.937060815706408,-9.346475403653418,-9.240259184951558,-9.252602660515937,-9.357664880522506,-9.226812589069965,0.15247527030028965,45,-13.538019381325713,-14.798149152670023,-14.099759443911816,-13.394186773471372,-14.124623662405478,-13.990947682756882,0.4985079957270854,7,-0.4584717607973422,-0.4141689373297003,-0.4836858006042296,-0.3986140403736065,-0.4810126582278481,-0.4471906394665453,0.034794276050770886,14,0.9795371513906762,-0.3525143613158978,1.5787587693198264,-1.0798480617438373,1.3387072872924757,0.4929281569886486,1.031460794730807,135,-10.814840536580515,-10.85784112676931,-11.183931739112516,-10.251463534892139,-11.118597384965573,-10.84533486446401,0.32957236393544315,77,huber_0.80
519.8008522987366,3.966464365981027,0.505617618560791,0.1476360588528478,0.01,huber,8,1.0,15,1200,0.6,0.8,"{'alpha': 0.8, 'learning_rate': 0.01, 'loss': 'huber', 'max_depth': 8, 'max_features': 1.0, 'min_samples_leaf': 15, 'n_estimators': 1200, 'subsample': 0.6}",-8.955244155277882,-9.325432113627153,-9.216895556724317,-9.19957775510358,-9.31556840514566,-9.202543597175717,0.13360238292585933,31,-13.570269438808461,-14.820666500157857,-14.087111101721382,-13.391305331189038,-14.106674194141467,-13.995205313203641,0.4995045229372196,10,-0.46511627906976744,-0.420829548894944,-0.49516616314199396,-0.4061464296474842,-0.4843279083785413,-0.4543172658265462,0.0350078460028035,48,0.9734904229285712,-0.30746437439795093,1.5944223205750554,-1.0042423372123852,1.4708114777113712,0.5454035019209323,1.02653442774071,116,-10.673389671571938,-10.714513468587787,-10.916858503313277,-10.089138817500325,-11.135410221319114,-10.705862136458489,0.3494303886909505,33,huber_0.80
528.4501077651978,22.73803663288841,0.5075332164764405,0.07172476459561228,0.01,huber,8,1.0,20,1200,0.6,0.8,"{'alpha': 0.8, 'learning_rate': 0.01, 'loss': 'huber', 'max_depth': 8, 'max_features': 1.0, 'min_samples_leaf': 20, 'n_estimators': 1200, 'subsample': 0.6}",-8.926821134375018,-9.336291071631088,-9.159290850165293,-9.236661720002202,-9.33210282348912,-9.198233519932543,0.15075730107622684,28,-13.560297552963423,-14.836354146649086,-14.039481257377096,-13.429367644435173,-14.141482584759352,-14.001396637236827,0.4979988201313222,17,-0.4608879492600423,-0.4211323039660914,-0.49667673716012084,-0.40554383850557396,-0.4912597950572634,-0.4551001247898184,0.036549346708081305,54,0.9519426595366591,-0.35352171767734347,1.6480496829556512,-1.0700664301985119,1.4391927484175535,0.5231193886068016,1.0578552498200475,124,-10.717099253486753,-10.665020552160033,-10.879652422332825,-10.068696050096007,-10.962932118891516,-10.658680079393427,0.31398478823202347,13,huber_0.80
636.9897243976593,7.832849629291188,0.5061791419982911,0.039872218259920586,0.01,huber,9,1.0,5,1200,0.6,0.8,"{'alpha': 0.8, 'learning_rate': 0.01, 'loss': 'huber', 'max_depth': 9, 'max_features': 1.0, 'min_samples_leaf': 5, 'n_estimators': 1200, 'subsample': 0.6}",-8.995861415746075,-9.394188086187553,-9.369031490601381,-9.36626683248164,-9.440170619438712,-9.313103688891072,0.16082138106266594,137,-13.56504612145032,-14.780787590200081,-14.154943444487248,-13.491792906993068,-14.102918947629378,-14.019097802152018,0.46687573023106244,28,-0.4479009362730293,-0.405086285195277,-0.4637462235649547,-0.3865622175354022,-0.4674502712477396,-0.4341491867632806,0.03250608963780821,1,0.8661590898058044,-0.43863773252621874,1.486374769629144,-1.1497741267584611,1.1748192515848956,0.3877882503470328,1.0101709524591036,160,-11.009153706635963,-11.053879976884675,-11.704037368522165,-10.627645865274834,-11.354138101887921,-11.149771003841112,0.3607104344007033,152,huber_0.80
605.4470542430878,6.001878109310688,0.490436315536499,0.06794011287503646,0.01,huber,9,1.0,10,1200,0.6,0.8,"{'alpha': 0.8, 'learning_rate': 0.01, 'loss': 'huber', 'max_depth': 9, 'max_features': 1.0, 'min_samples_leaf': 10, 'n_estimators': 1200, 'subsample': 0.6}",-8.92521009402725,-9.330739050433962,-9.252680462561303,-9.315706203839683,-9.432354918421781,-9.251338145856796,0.17296018645357353,68,-13.57287783129803,-14.794284504033543,-14.093312629227066,-13.485248768165295,-14.176759621627959,-14.024496670870377,0.4722797533692294,34,-0.4533373603141045,-0.4108386315470784,-0.47854984894259817,-0.3977101536607412,-0.47588908981314043,-0.4432650168555325,0.03327917558886236,7,0.8945724241018389,-0.3961897029004306,1.5395381503349095,-1.1185901196239132,1.2741054879030418,0.43868724796308933,1.023695263384778,153,-10.830546274991809,-10.873550661349759,-11.275960735065171,-10.305389501330357,-11.248902985492643,-10.906870031645948,0.3526836581082407,97,huber_0.80
563.7608555793762,23.852356011367306,0.4494659423828125,0.01775069886717581,0.01,huber,9,1.0,15,1200,0.6,0.8,"{'alpha': 0.8, 'learning_rate': 0.01, 'loss': 'huber', 'max_depth': 9, 'max_features': 1.0, 'min_samples_leaf': 15, 'n_estimators': 1200, 'subsample': 0.6}",-8.921739398512695,-9.329428324310024,-9.225122224296975,-9.234132481247856,-9.302263655602099,-9.20253721679393,0.14587835604732308,30,-13.58788036997528,-14.816045457166028,-14.087603127108185,-13.41896953711966,-14.049294585988662,-13.99195861547156,0.48644632204781285,9,-0.4515252189670794,-0.4135634271874054,-0.47945619335347434,-0.4019282916541127,-0.4831223628691983,-0.44591909880625397,0.03323350342852111,10,0.8868542761804917,-0.3901802956936707,1.5983540722937783,-1.0869254224041918,1.358091916759313,0.4732389094271442,1.0391854610224185,143,-10.86162329662513,-10.8075901312298,-11.28724213664631,-10.135150010607994,-11.032769740828188,-10.824875063187484,0.3832423142868128,66,huber_0.80
516.0119467735291,6.250665443008521,0.5174837112426758,0.07288928360084819,0.01,huber,9,1.0,20,1200,0.6,0.8,"{'alpha': 0.8, 'learning_rate': 0.01, 'loss': 'huber', 'max_depth': 9, 'max_features': 1.0, 'min_samples_leaf': 20, 'n_estimators': 1200, 'subsample': 0.6}",-8.933782565381627,-9.28668943402485,-9.22624127735989,-9.208848749223266,-9.325295877833327,-9.196171580764592,0.13768039693394654,26,-13.644714716805058,-14.815867294661393,-14.116900956124564,-13.40267651869543,-14.108646563057558,-14.0177612098688,0.4842633627682072,26,-0.4645122319540924,-0.42022403875264913,-0.48761329305135953,-0.40584513407652906,-0.4864376130198915,-0.45292646217090426,0.03390133767797066,35,0.9019811638963673,-0.3430297433113222,1.6208246110843858,-1.071204724192614,1.3740312524778207,0.49652051199092756,1.0354796178096994,131,-10.587195613666918,-10.641537449001005,-11.122610932698436,-10.025553273599384,-10.997635507550305,-10.67490655530321,0.38342132886813074,21,huber_0.80
223.94395318031312,2.4802798440162914,0.1563272476196289,0.004993693812049466,0.015,huber,6,1.0,5,800,0.6,0.8,"{'alpha': 0.8, 'learning_rate': 0.015, 'loss': 'huber', 'max_depth': 6, 'max_features': 1.0, 'min_samples_leaf': 5, 'n_estimators': 800, 'subsample': 0.6}",-9.028074169821986,-9.483442626022825,-9.3100421300698,-9.390505164459631,-9.413075227564995,-9.325027863587847,0.15845562195161883,141,-13.568012656120311,-14.849423688100002,-14.161397201514113,-13.500354809242877,-14.198553619421412,-14.055548394879745,0.49149231110928077,68,-0.46572032618544246,-0.41992128368150167,-0.4987915407854985,-0.4040373606507984,-0.4924653405666064,-0.4561871703739694,0.03809707669144282,58,1.077769698449778,-0.3203694427043535,1.6566726166651005,-1.0324902326948484,1.494465979843032,0.5752097239117417,1.0633834467988073,102,-10.8496916497561,-10.91046529361965,-10.993284618925655,-10.34312138647551,-11.074425252809007,-10.834197640317184,0.2569944275357833,71,huber_0.80
228.3909282207489,12.532767778737595,0.164511775970459,0.005637441719121132,0.015,huber,6,1.0,10,800,0.6,0.8,"{'alpha': 0.8, 'learning_rate': 0.015, 'loss': 'huber', 'max_depth': 6, 'max_features': 1.0, 'min_samples_leaf': 10, 'n_estimators': 800, 'subsample': 0.6}",-9.022662671998564,-9.443280348058085,-9.316878251041071,-9.370589580146351,-9.344768374096756,-9.299635845068167,0.14471804317448528,125,-13.563094469476214,-14.809372783858258,-14.212326748117556,-13.477110196511425,-14.159711694298819,-14.044323178452453,0.4858296501792357,49,-0.4669284204167925,-0.42567363003330305,-0.5036253776435046,-0.4106658632118108,-0.4924653405666064,-0.45987172637440354,0.03637925062237306,87,1.0814649545684651,-0.3108038656812964,1.7345194364502095,-0.969132575757286,1.4600038134646691,0.5992103526089523,1.0535926174439878,94,-10.819782202963594,-10.727087418666619,-10.971843534971846,-10.229066690230121,-10.970083879537574,-10.743572745273951,0.27357301602539597,44,huber_0.80
268.51656637191775,12.579771001700815,0.5362746715545654,0.6593569502111111,0.015,huber,6,1.0,15,800,0.6,0.8,"{'alpha': 0.8, 'learning_rate': 0.015, 'loss': 'huber', 'max_depth': 6, 'max_features': 1.0, 'min_samples_leaf': 15, 'n_estimators': 800, 'subsample': 0.6}",-9.011151086340146,-9.452725287180838,-9.28902387025136,-9.322722224155486,-9.340921466731539,-9.283308786931872,0.14674949174209165,105,-13.573686913675314,-14.847143581453325,-14.174289287755672,-13.449954639600472,-14.15266372749762,-14.03954762999648,0.49956138521596066,44,-0.4696466324373301,-0.4320314865273993,-0.5039274924471299,-0.4154865923470925,-0.49005424954792043,-0.46222929066137447,0.03365938962143785,116,1.0988483221724374,-0.2744567289754235,1.7276348454606243,-0.9327825835255384,1.511687264050671,0.6261862238365541,1.0452035292974273,86,-10.76341094584732,-10.622221810705147,-10.930797466728619,-10.09652272199086,-11.0728646275324,-10.69716351456087,0.3366037708408953,29,huber_0.80
285.4672481536865,11.839127449220443,0.1701629638671875,0.009758018889699526,0.015,huber,6,1.0,20,800,0.6,0.8,"{'alpha': 0.8, 'learning_rate': 0.015, 'loss': 'huber', 'max_depth': 6, 'max_features': 1.0, 'min_samples_leaf': 20, 'n_estimators': 800, 'subsample': 0.6}",-8.970382245223197,-9.455784021730649,-9.292300966686938,-9.293355178341956,-9.352552249409879,-9.272874932278523,0.1625440536488883,92,-13.537949357454563,-14.840735874297481,-14.191855201269403,-13.45249073483921,-14.181754521105377,-14.040957137793209,0.5062706174684874,45,-0.47085472666868017,-0.4305177111716621,-0.5057401812688822,-0.41729436577282314,-0.4984930681133213,-0.4645800105990737,0.03543952491273992,136,1.0829554879379744,-0.24551990468375187,1.750880589311443,-0.9580196064434809,1.519938517313526,0.6300470166871421,1.052793797192974,85,-10.67562579682381,-10.696730794165225,-10.917840785649533,-9.987356954198933,-10.905358030226196,-10.63658247221274,0.3399948571768211,9,huber_0.80
388.1604166507721,20.631410453055732,0.32103643417358396,0.10517063269885683,0.015,huber,7,1.0,5,800,0.6,0.8,"{'alpha': 0.8, 'learning_rate': 0.015, 'loss': 'huber', 'max_depth': 7, 'max_features': 1.0, 'min_samples_leaf': 5, 'n_estimators': 800, 'subsample': 0.6}",-9.01824748589263,-9.451982635315996,-9.241291307854388,-9.306300096071492,-9.424424442216683,-9.288449193470239,0.15542454024437066,111,-13.59525982102121,-14.82604769766902,-14.085530412099939,-13.423044248524555,-14.2018857817095,-14.026353592204845,0.4947015487351161,35,-0.44880700694654185,-0.41689373297002724,-0.4909365558912387,-0.40132570051220245,-0.4864376130198915,-0.4488801218679804,0.035955155945661725,22,0.98138825866326,-0.3754928666971568,1.6320536494508329,-1.0596967145441132,1.43688845942494,0.5230281572595527,1.0571215849731652,125,-11.14024022551297,-10.885855376088609,-11.074083633440086,-10.274202936670186,-11.1641376107952,-10.907703956501411,0.33145570894216253,99,huber_0.80
403.77052664756775,7.722959331844875,0.3605839729309082,0.15848375251592076,0.015,huber,7,1.0,10,800,0.6,0.8,"{'alpha': 0.8, 'learning_rate': 0.015, 'loss': 'huber', 'max_depth': 7, 'max_features': 1.0, 'min_samples_leaf': 10, 'n_estimators': 800, 'subsample': 0.6}",-9.004203552280714,-9.42714221802935,-9.250423355430597,-9.327951687534702,-9.380617375240321,-9.278067637703135,0.14899251069943337,99,-13.590057527767836,-14.812095515496951,-14.129265019003187,-13.503698119119516,-14.20970357867501,-14.0489639520125,0.47382807153210565,58,-0.46330413772274237,-0.41901301846805933,-0.5009063444108761,-0.40072310937029226,-0.4831223628691983,-0.4534137945682337,0.037935951053547565,42,0.9771223920660363,-0.34020664147196505,1.697289914153124,-1.0532863791346843,1.4933917389091118,0.5548622049043245,1.072527158707004,111,-10.771893807604982,-10.843261636332745,-10.927904379469878,-10.324666976909647,-11.253887161805308,-10.824322792424512,0.29933863928733584,65,huber_0.80
399.37187061309817,7.549809570227424,0.34914398193359375,0.11380890337660889,0.015,huber,7,1.0,15,800,0.6,0.8,"{'alpha': 0.8, 'learning_rate': 0.015, 'loss': 'huber', 'max_depth': 7, 'max_features': 1.0, 'min_samples_leaf': 15, 'n_estimators': 800, 'subsample': 0.6}",-8.944367358851993,-9.419879187216537,-9.233374599971398,-9.288650721331432,-9.344362589395331,-9.246126891353338,0.16301522946918567,64,-13.55349762207762,-14.859474086457801,-14.110809860036886,-13.46902767254439,-14.165798800829732,-14.031721608389287,0.5009447986655605,39,-0.4599818785865297,-0.4259763851044505,-0.4981873111782477,-0.40855679421512503,-0.4984930681133213,-0.4582390874395349,0.03668376502744606,77,0.9525295378711703,-0.31457373867667643,1.7003273039024989,-1.0265882648224742,1.5329344797667988,0.5689258636082635,1.0660929125827177,105,-10.757920428447273,-10.687570681068644,-10.9734849308134,-10.111277762962107,-10.910178861995147,-10.688086533057316,0.30605968186683047,25,huber_0.80
394.90810470581056,10.462782379319385,0.3692427635192871,0.1441508660075603,0.015,huber,7,1.0,20,800,0.6,0.8,"{'alpha': 0.8, 'learning_rate': 0.015, 'loss': 'huber', 'max_depth': 7, 'max_features': 1.0, 'min_samples_leaf': 20, 'n_estimators': 800, 'subsample': 0.6}",-8.946091026376417,-9.426032562842424,-9.2142267937767,-9.29162238954791,-9.34626682559823,-9.244847919628336,0.16461765098248995,62,-13.576270431504698,-14.873875802939494,-14.090091194988137,-13.491961944298083,-14.17461098504225,-14.04136207175453,0.4962579262509416,47,-0.4699486559951676,-0.42355434453527097,-0.5078549848942598,-0.41036456764085566,-0.497588908981314,-0.4618622924093736,0.03892716967977098,109,1.0677050358883753,-0.3269081437620901,1.712538540602368,-1.0156033193147047,1.5317223830965148,0.5938908993020927,1.0764518373694691,96,-10.654138419716816,-10.741389548328213,-10.75776123045649,-10.083739828966229,-10.930699029209315,-10.633545611335412,0.2891610107249956,6,huber_0.80
456.46251945495607,14.700166427254748,0.39958910942077636,0.16158602116584733,0.015,huber,8,1.0,5,800,0.6,0.8,"{'alpha': 0.8, 'learning_rate': 0.015, 'loss': 'huber', 'max_depth': 8, 'max_features': 1.0, 'min_samples_leaf': 5, 'n_estimators': 800, 'subsample': 0.6}",-9.0037708690621,-9.445841908893241,-9.301845281966674,-9.289856079908988,-9.436962194461694,-9.295655266858539,0.1598700245622098,121,-13.56416540121471,-14.909746542578505,-14.13421135872758,-13.435106158590443,-14.19381768985639,-14.047409430193525,0.5255540574766254,53,-0.45756569012382964,-0.4102331214047835,-0.4854984894259819,-0.40102440494124736,-0.47739602169981915,-0.44634354551913225,0.03458638365387639,11,0.9566199413646419,-0.40297619435622606,1.5658180295877178,-1.1010356805050752,1.3193773621587341,0.4675606916499585,1.0381973626298189,145,-10.884110222218794,-11.021618249120205,-11.19227304332453,-10.209877875890902,-11.265635937142228,-10.914703065539332,0.37665482857508753,102,huber_0.80
438.4282140254974,10.250753471670537,0.4909102439880371,0.17642315545285875,0.015,huber,8,1.0,10,800,0.6,0.8,"{'alpha': 0.8, 'learning_rate': 0.015, 'loss': 'huber', 'max_depth': 8, 'max_features': 1.0, 'min_samples_leaf': 10, 'n_estimators': 800, 'subsample': 0.6}",-8.986172333929497,-9.406367484083743,-9.280201670397453,-9.282197715178937,-9.4187704704326,-9.274741934804446,0.15583793903997353,94,-13.605565949319834,-14.85712954382922,-14.154932522732308,-13.484938012145253,-14.210361221102648,-14.062585449825852,0.490756429171989,77,-0.4614919963757173,-0.4123524069028156,-0.48338368580060426,-0.40042181379933717,-0.4810126582278481,-0.4477325122212645,0.034807906393563716,16,0.9387357344643694,-0.4144395337959648,1.5563769798265368,-1.1179303829176734,1.4070433678197782,0.47395723307940935,1.0565657855242125,142,-10.753066300540608,-10.903207789941458,-11.20908604132544,-10.194583625197566,-11.253148595025497,-10.862618470406114,0.3827462034114408,86,huber_0.80
412.2307240486145,4.496743449889527,0.42497568130493163,0.13208105591104713,0.015,huber,8,1.0,15,800,0.6,0.8,"{'alpha': 0.8, 'learning_rate': 0.015, 'loss': 'huber', 'max_depth': 8, 'max_features': 1.0, 'min_samples_leaf': 15, 'n_estimators': 800, 'subsample': 0.6}",-8.956579753475701,-9.3668273061813,-9.251255387535608,-9.27925963545192,-9.420815663954068,-9.25494754931972,0.16103252009163685,72,-13.58342028869993,-14.863998999291812,-14.113731804401091,-13.478563584783547,-14.240720522312131,-14.056087039897701,0.4994159338126906,69,-0.46602234974328,-0.4178019981834696,-0.48851963746223565,-0.40825549864416993,-0.49909584086799275,-0.4559390649802296,0.03675277405116672,57,0.9785103930103982,-0.36991244447427823,1.5970181813799385,-1.0561265774269868,1.5138948958181602,0.5326768896614464,1.0614464316864363,119,-10.659456732020569,-10.766960068195033,-11.103211352229579,-10.071062221248988,-10.954519818032686,-10.711042038345372,0.35452510098312806,34,huber_0.80
392.7636545658112,4.105597311742046,0.30519704818725585,0.020590756547136383,0.015,huber,8,1.0,20,800,0.6,0.8,"{'alpha': 0.8, 'learning_rate': 0.015, 'loss': 'huber', 'max_depth': 8, 'max_features': 1.0, 'min_samples_leaf': 20, 'n_estimators': 800, 'subsample': 0.6}",-8.97264240376308,-9.387688699724563,-9.226829912059591,-9.280487779663328,-9.356023687161395,-9.244734496474393,0.14727808153865632,61,-13.633887905262059,-14.908513969197443,-14.135607024644088,-13.488208732130511,-14.206933940471265,-14.074630314341073,0.5009448076916868,96,-0.46481425551192995,-0.42022403875264913,-0.4930513595166163,-0.41217234106658635,-0.5,-0.4580523989695564,0.036238696790485025,73,0.9188496029166028,-0.36044263850780234,1.6478463884766295,-1.0137652418579013,1.4616805780503028,0.5308337378155663,1.0435429076259763,120,-10.640263168978697,-10.740991981339684,-11.027934606242306,-10.028235417754464,-10.817704265211697,-10.65102588790537,0.3364281698125693,11,huber_0.80
502.24265627861024,5.3882397216700975,0.49246978759765625,0.16696405417895688,0.015,huber,9,1.0,5,800,0.6,0.8,"{'alpha': 0.8, 'learning_rate': 0.015, 'loss': 'huber', 'max_depth': 9, 'max_features': 1.0, 'min_samples_leaf': 5, 'n_estimators': 800, 'subsample': 0.6}",-9.016598200312979,-9.431992507824956,-9.361589524300651,-9.33517733497093,-9.502470155125845,-9.329565544507073,0.16696878342593666,148,-13.595165946811623,-14.83805789961586,-14.168250408084221,-13.4238405038514,-14.226099703804763,-14.050282892433575,0.502986848387781,59,-0.4494110540622169,-0.41174689676052073,-0.47492447129909365,-0.39138294667068396,-0.4819168173598553,-0.4418764372304741,0.035240762890009464,4,0.8880918992889802,-0.4138300866601234,1.5355529794874447,-1.1483660277849046,1.1740803631752712,0.40710582550133356,1.0184713036899222,159,-11.019633373582693,-10.951099440113031,-11.47250053674892,-10.458824760796928,-11.077171550882772,-10.995845932424869,0.3239670655324626,121,huber_0.80
462.299646282196,10.527472147934162,0.45380163192749023,0.18090388195200652,0.015,huber,9,1.0,10,800,0.6,0.8,"{'alpha': 0.8, 'learning_rate': 0.015, 'loss': 'huber', 'max_depth': 9, 'max_features': 1.0, 'min_samples_leaf': 10, 'n_estimators': 800, 'subsample': 0.6}",-8.961807939181194,-9.45013913473135,-9.293645228523136,-9.260326199465434,-9.422002892488797,-9.277584278877983,0.17372530406170647,98,-13.601397436288506,-14.937519892492132,-14.116279987169301,-13.428822797477643,-14.203427069860751,-14.057489436657667,0.529612949394035,71,-0.45273331319842947,-0.4114441416893733,-0.4854984894259819,-0.4070503163603495,-0.4849306811332128,-0.4483313883614694,0.03407366856624461,18,0.9034779667048806,-0.41378211845432405,1.5232044023721332,-1.1254593489259286,1.2557707763655783,0.4286423356124679,1.0229943752280952,154,-10.895250711937555,-10.981268294614797,-11.139941592490153,-9.992458577698228,-11.00958764240485,-10.803701363829116,0.4131519834571593,59,huber_0.80
440.9241237640381,6.65474945722908,0.4077244758605957,0.12953950682942833,0.015,huber,9,1.0,15,800,0.6,0.8,"{'alpha': 0.8, 'learning_rate': 0.015, 'loss': 'huber', 'max_depth': 9, 'max_features': 1.0, 'min_samples_leaf': 15, 'n_estimators': 800, 'subsample': 0.6}",-8.91750431104154,-9.384544416573037,-9.242837702499397,-9.272017355712698,-9.377367605055097,-9.238854278176353,0.1701722755960131,59,-13.583889000567043,-14.920532947081503,-14.11538431642993,-13.459620636422153,-14.15925642643277,-14.04773666538668,0.5176526501080408,54,-0.4584717607973422,-0.41537995761429003,-0.48882175226586105,-0.40132570051220245,-0.4891500904159132,-0.45062985232112174,0.03654416493848915,29,0.928193048812865,-0.42269991044236155,1.6085094126955886,-1.0686403764453305,1.354355264856359,0.47994348789542407,1.0442281130701316,137,-10.737517772884695,-10.787526386206132,-11.099492877408961,-10.220348421241889,-10.969764781998215,-10.762930047947979,0.3005663755655454,51,huber_0.80
435.1475438117981,4.9544190790059135,0.42652530670166017,0.0946047035224298,0.015,huber,9,1.0,20,800,0.6,0.8,"{'alpha': 0.8, 'learning_rate': 0.015, 'loss': 'huber', 'max_depth': 9, 'max_features': 1.0, 'min_samples_leaf': 20, 'n_estimators': 800, 'subsample': 0.6}",-8.931387112517392,-9.401448439479491,-9.23139026326247,-9.274263147979333,-9.337892563454298,-9.235276305338598,0.16249737925901586,53,-13.617856170302202,-14.972180935539598,-14.104391418076709,-13.495582945331128,-14.167062888871001,-14.071414871624128,0.521327804860647,90,-0.45816973723950466,-0.4174992431123221,-0.48972809667673717,-0.4088580897860801,-0.4873417721518987,-0.45231938779330855,0.03394564005938461,33,0.8561349655308389,-0.38595463986229633,1.627000896707607,-1.0534198976850337,1.395594279367583,0.4878711208117398,1.0388787900380716,136,-10.681109294798183,-10.797018136379835,-11.086142732727007,-10.053418845883117,-11.012278708869204,-10.725993543731468,0.36635568696583837,37,huber_0.80
228.80097332000733,6.624608584972238,0.22883362770080568,0.07797301676573706,0.02,huber,6,1.0,5,600,0.6,0.8,"{'alpha': 0.8, 'learning_rate': 0.02, 'loss': 'huber', 'max_depth': 6, 'max_features': 1.0, 'min_samples_leaf': 5, 'n_estimators': 600, 'subsample': 0.6}",-9.020084376754937,-9.454954298758611,-9.303995490077272,-9.357424540353987,-9.442538953962838,-9.31579953198153,0.15795338550275684,139,-13.554713651303667,-14.83345432460715,-14.186840628926866,-13.466900250980858,-14.239033857508026,-14.056188542665314,0.500675989031757,70,-0.46179401993355484,-0.4217378141083863,-0.502416918429003,-0.4064477252184393,-0.49698613622664256,-0.45787652278320523,0.03867733955572282,71,1.0228592971508081,-0.3649055048510398,1.678800790646654,-1.014277185005162,1.530983937137296,0.5706922670157113,1.071633423289048,104,-10.873834697286439,-10.776895608857396,-10.92996262453283,-10.263493725872037,-11.040069421670783,-10.776851215643896,0.2704324823326882,53,huber_0.80
230.38948130607605,3.321095449411696,0.1407947540283203,0.004287227824802723,0.02,huber,6,1.0,10,600,0.6,0.8,"{'alpha': 0.8, 'learning_rate': 0.02, 'loss': 'huber', 'max_depth': 6, 'max_features': 1.0, 'min_samples_leaf': 10, 'n_estimators': 600, 'subsample': 0.6}",-9.047251157381522,-9.472138440317119,-9.308593420296454,-9.31466255238839,-9.457053516947685,-9.319939817466235,0.15263045762719002,140,-13.558598785591084,-14.881400393274056,-14.20057610323319,-13.481970698323137,-14.274025001359247,-14.079314196356142,0.5145722123436492,100,-0.4645122319540924,-0.4174992431123221,-0.5048338368580061,-0.41217234106658635,-0.4972875226039783,-0.459261035118997,0.0387604475107285,84,1.0539555202631956,-0.3331495420078297,1.6752989014614206,-0.9243553393172338,1.5839532098768514,0.6111405500552809,1.0511245378227299,90,-10.872917851001839,-10.944916726292815,-10.878720402459178,-10.178154108254082,-11.101230399879942,-10.795187897577572,0.3193214861427191,56,huber_0.80
229.7092529296875,7.546989051426322,0.14664945602416993,0.004797216471758792,0.02,huber,6,1.0,15,600,0.6,0.8,"{'alpha': 0.8, 'learning_rate': 0.02, 'loss': 'huber', 'max_depth': 6, 'max_features': 1.0, 'min_samples_leaf': 15, 'n_estimators': 600, 'subsample': 0.6}",-8.971754620405795,-9.414523613443489,-9.302317820684888,-9.351968441409921,-9.43332254448495,-9.294777408085809,0.16805076732513405,120,-13.481501510472155,-14.838133349828976,-14.200176318291295,-13.500140863376213,-14.272850056596091,-14.058560419712943,0.5135247706214063,73,-0.4693446088794926,-0.4247653648198607,-0.5018126888217522,-0.41488400120518226,-0.4984930681133213,-0.4618599463679218,0.03626837414460688,108,1.0493124002954533,-0.29660973865538903,1.6973957164614157,-0.9358296017458496,1.5428585142678939,0.6114254581247048,1.0447171916914442,89,-10.675596172954261,-10.732882939567034,-10.959979472593096,-10.142761368498569,-11.009361775375435,-10.704116345797678,0.3083507871390085,32,huber_0.80
222.829509973526,8.838633999445758,0.17135348320007324,0.04616133213420295,0.02,huber,6,1.0,20,600,0.6,0.8,"{'alpha': 0.8, 'learning_rate': 0.02, 'loss': 'huber', 'max_depth': 6, 'max_features': 1.0, 'min_samples_leaf': 20, 'n_estimators': 600, 'subsample': 0.6}",-9.028419814155896,-9.406603623605339,-9.338799508092336,-9.33411248165912,-9.396233842785932,-9.300833854059725,0.13931738518680342,126,-13.574273701587108,-14.830872460223112,-14.232983842220506,-13.476427354810765,-14.23768746902749,-14.070448965573798,0.4963228306303139,88,-0.4714587737843552,-0.4232515894641235,-0.5030211480362538,-0.40825549864416993,-0.5006027727546715,-0.4613179565367148,0.039115116977146445,102,1.054504173391649,-0.24327100239758373,1.6979758560467746,-0.8962613252460291,1.5396799881239078,0.6305255379837437,1.0237546970576754,84,-10.693325215493248,-10.82492405144822,-10.97048842501515,-10.334032467946512,-10.922745963563772,-10.74910322469338,0.2281696407809137,46,huber_0.80
280.2035827636719,15.180004957761243,0.16710638999938965,0.017080174954248416,0.02,huber,7,1.0,5,600,0.6,0.8,"{'alpha': 0.8, 'learning_rate': 0.02, 'loss': 'huber', 'max_depth': 7, 'max_features': 1.0, 'min_samples_leaf': 5, 'n_estimators': 600, 'subsample': 0.6}",-9.014798403563836,-9.438428664088793,-9.349420339468997,-9.278764014124768,-9.402178394802624,-9.296717963209804,0.15085247643804092,122,-13.587309168730114,-14.801228024787566,-14.222095239171132,-13.409434434862582,-14.185805746448729,-14.041174522800025,0.49727680836373106,46,-0.4620960434913923,-0.4156827126854375,-0.4909365558912387,-0.40162699608315755,-0.4924653405666064,-0.45256152974356645,0.03771004526450012,34,1.032742373759874,-0.40863337507908704,1.6462299947952581,-1.0241112230996285,1.4600522638354876,0.5412560068423808,1.063896360295142,117,-10.871701801868891,-10.861403437581593,-11.198646955819902,-10.276516359119444,-11.028421458188879,-10.847338002515743,0.3107532713721132,78,huber_0.80
274.63831572532655,5.828905495433801,0.28618426322937013,0.1597218469208501,0.02,huber,7,1.0,10,600,0.6,0.8,"{'alpha': 0.8, 'learning_rate': 0.02, 'loss': 'huber', 'max_depth': 7, 'max_features': 1.0, 'min_samples_leaf': 10, 'n_estimators': 600, 'subsample': 0.6}",-9.01369526833435,-9.41025497572851,-9.277618315788926,-9.304031773449834,-9.428644874650587,-9.286849041590441,0.14854529226517033,107,-13.595601540801315,-14.824350398702176,-14.153796055311815,-13.454597362109338,-14.265300207034999,-14.058729112791928,0.49342630941133503,74,-0.4554515252189671,-0.420829548894944,-0.5012084592145015,-0.40132570051220245,-0.487040385774563,-0.4531711239230356,0.0379310904517357,38,0.9810973373320918,-0.3845626706825114,1.6712137876924789,-1.0886790314358195,1.4678209402742286,0.5293780726360937,1.0809172571878067,121,-10.972399972599998,-10.723691253081633,-10.9224334727316,-10.235268675204399,-11.186408902821947,-10.808040455287916,0.32200770035299525,60,huber_0.80
261.26241393089293,18.65620251284011,0.16961426734924318,0.007375407818819619,0.02,huber,7,1.0,15,600,0.6,0.8,"{'alpha': 0.8, 'learning_rate': 0.02, 'loss': 'huber', 'max_depth': 7, 'max_features': 1.0, 'min_samples_leaf': 15, 'n_estimators': 600, 'subsample': 0.6}",-8.970226338175863,-9.388718054650129,-9.245077408426408,-9.289319294490038,-9.359085062350236,-9.250485231618535,0.14898631678294103,67,-13.577477444478875,-14.881961822678733,-14.147316359062485,-13.468152319243643,-14.184055121419195,-14.051792613376586,0.5062430138735722,64,-0.4578677136816672,-0.42930669088707235,-0.5012084592145015,-0.41699307020186804,-0.5021097046413502,-0.46149712772529183,0.03537337772560693,104,0.9879679828847494,-0.338795265672401,1.6522351188958577,-1.025324145969076,1.5174343061842142,0.5587035992646688,1.0596123606390881,108,-10.874532123031557,-10.540160427360165,-10.871038114959823,-9.909031755036516,-10.83081970732212,-10.605116425542036,0.36959282584364583,4,huber_0.80
258.22492389678956,9.058142038182494,0.37119288444519044,0.2473817415493912,0.02,huber,7,1.0,20,600,0.6,0.8,"{'alpha': 0.8, 'learning_rate': 0.02, 'loss': 'huber', 'max_depth': 7, 'max_features': 1.0, 'min_samples_leaf': 20, 'n_estimators': 600, 'subsample': 0.6}",-8.98531889112392,-9.413978050141024,-9.257232228646924,-9.245491073861912,-9.4125950012732,-9.262923049009396,0.1566011713433707,80,-13.614829104155776,-14.909063540743043,-14.164681896278816,-13.423508584893398,-14.280884023141008,-14.078593429842408,0.5257807180091774,98,-0.47055270311084263,-0.4178019981834696,-0.4960725075528701,-0.4118710454956312,-0.5033152501506932,-0.4599227008987013,0.03843392767581993,88,0.9940296779667299,-0.3622410554026285,1.7160564233387687,-1.0670672105095298,1.5978938732591823,0.5757343417305046,1.1044193344635573,101,-10.603858508427198,-10.83256786000758,-11.06016608954709,-9.928379225481548,-10.937964696316902,-10.672587275956065,0.40119959250542164,19,huber_0.80
318.4682790279388,5.060961929481469,0.2374058723449707,0.025183314479240434,0.02,huber,8,1.0,5,600,0.6,0.8,"{'alpha': 0.8, 'learning_rate': 0.02, 'loss': 'huber', 'max_depth': 8, 'max_features': 1.0, 'min_samples_leaf': 5, 'n_estimators': 600, 'subsample': 0.6}",-9.024617894842303,-9.455543461520524,-9.323708199143866,-9.307449699312867,-9.45272586649246,-9.312809024262403,0.15694042422044568,136,-13.594629560995987,-14.881520958674752,-14.20508875929901,-13.445859089212766,-14.187428838047131,-14.062905441245928,0.5110542120440933,78,-0.4560555723346421,-0.4159854677565849,-0.4836858006042296,-0.400120518228382,-0.4819168173598553,-0.4475528352567387,0.03407372705816184,15,0.9312695267227541,-0.41194755855044674,1.5560367423427062,-1.120185923606948,1.350331269176114,0.4611008112168359,1.0462652928733136,146,-10.915212997616521,-10.870086341888706,-11.246706981986431,-10.230997165499979,-11.208425133254636,-10.894285724049256,0.3643788095485839,93,huber_0.80
303.37649846076965,5.425250203900858,0.3405002117156982,0.09352994246407642,0.02,huber,8,1.0,10,600,0.6,0.8,"{'alpha': 0.8, 'learning_rate': 0.02, 'loss': 'huber', 'max_depth': 8, 'max_features': 1.0, 'min_samples_leaf': 10, 'n_estimators': 600, 'subsample': 0.6}",-8.929161457664643,-9.441994339940772,-9.237109044355856,-9.293758942046903,-9.369362019441118,-9.25427716068986,0.17665561962806642,70,-13.576052551357023,-14.937403099475402,-14.088657642341168,-13.463425340358283,-14.131739136974767,-14.039455554101329,0.5222643103823468,43,-0.4578677136816672,-0.418104753254617,-0.4854984894259819,-0.4061464296474842,-0.4912597950572634,-0.45177543621340266,0.03449375562951424,32,0.9632611769759227,-0.3953113837400454,1.5407092681429664,-1.1092319444625245,1.39443934994134,0.47877329337153185,1.047536682811344,138,-10.80270822668038,-10.818679871227733,-11.099744435087462,-10.075832754073646,-10.955304583929754,-10.750453974199795,0.35396798413018093,47,huber_0.80
318.056920671463,10.878447642525503,0.28741884231567383,0.12062881158487372,0.02,huber,8,1.0,15,600,0.6,0.8,"{'alpha': 0.8, 'learning_rate': 0.02, 'loss': 'huber', 'max_depth': 8, 'max_features': 1.0, 'min_samples_leaf': 15, 'n_estimators': 600, 'subsample': 0.6}",-8.965940961158974,-9.380833750149014,-9.231460796289904,-9.22578439969091,-9.381940088627074,-9.237191999183175,0.1518717008926792,56,-13.644033471794415,-14.878944595318975,-14.106998990665565,-13.42299638907865,-14.19157927122251,-14.048910543616023,0.5036624132573275,57,-0.46572032618544246,-0.41477444747199516,-0.4987915407854985,-0.4106658632118108,-0.49216395418927067,-0.45642322636880356,0.03738252753179038,60,0.9705679402227374,-0.3622010508667947,1.6632127340256906,-1.0021767798760313,1.428157577606236,0.5395120842223676,1.0419303475712203,118,-10.667892662929589,-10.871731315959549,-10.921068862914783,-10.012528866531763,-10.982211897293976,-10.691086721125933,0.35531868787057047,26,huber_0.80
324.0949892044067,18.22041825918591,0.22484030723571777,0.008710274862464692,0.02,huber,8,1.0,20,600,0.6,0.8,"{'alpha': 0.8, 'learning_rate': 0.02, 'loss': 'huber', 'max_depth': 8, 'max_features': 1.0, 'min_samples_leaf': 20, 'n_estimators': 600, 'subsample': 0.6}",-8.955183101499536,-9.386631789454507,-9.248265489758891,-9.254780903407868,-9.343945270441495,-9.23776131091246,0.15078985468496456,57,-13.63853997727991,-14.898472232627327,-14.141526056334369,-13.420852603345942,-14.166975479700943,-14.053273269857698,0.5112802826072169,67,-0.4614919963757173,-0.4250681198910082,-0.49697885196374625,-0.4160891834890027,-0.49156118143459915,-0.4582378666308148,0.033162147710445324,76,0.9763652198097116,-0.3868990072023823,1.6267818093374244,-1.0301508318826376,1.4061325545723806,0.5184459489268993,1.0434450083336997,127,-10.760260632151475,-10.586224138097851,-10.941157009121216,-9.883253876680751,-10.934628517288793,-10.621104834668019,0.3913401408252206,5,huber_0.80
396.80101776123047,17.564281026793303,0.3727914810180664,0.10965872249880444,0.02,huber,9,1.0,5,600,0.6,0.8,"{'alpha': 0.8, 'learning_rate': 0.02, 'loss': 'huber', 'max_depth': 9, 'max_features': 1.0, 'min_samples_leaf': 5, 'n_estimators': 600, 'subsample': 0.6}",-9.070346694410135,-9.46588527414858,-9.409967542625502,-9.405809235929716,-9.509697135034486,-9.372341176429684,0.1557906795622519,158,-13.651366019508856,-14.88393925975213,-14.230752520528524,-13.523407666901722,-14.271533546358562,-14.112199802609961,0.48868552940557985,127,-0.4515252189670794,-0.4108386315470784,-0.481570996978852,-0.39680626694787585,-0.472875226039783,-0.4427232680961337,0.03352838197297862,6,0.8909736318253929,-0.43266666157117345,1.5648750524154835,-1.1453554068907261,1.214021133410986,0.41836954983799257,1.0334785243651394,158,-11.030746354570512,-10.993633410959164,-11.394833434625363,-10.408673598549889,-11.338845511377334,-11.033346462016453,0.3509423239966599,127,huber_0.80
379.8083495616913,10.450498276851095,0.3589066982269287,0.13705083093404755,0.02,huber,9,1.0,10,600,0.6,0.8,"{'alpha': 0.8, 'learning_rate': 0.02, 'loss': 'huber', 'max_depth': 9, 'max_features': 1.0, 'min_samples_leaf': 10, 'n_estimators': 600, 'subsample': 0.6}",-9.009822411902347,-9.371206208929019,-9.30695182403283,-9.352344137775022,-9.498264923041058,-9.307717901136055,0.16190907519948058,133,-13.658519869028046,-14.83443899370733,-14.149349488855595,-13.521044827443138,-14.267647472439014,-14.086200130294623,0.4688460938084623,106,-0.45967985502869224,-0.4120496518316682,-0.4879154078549849,-0.4040373606507984,-0.48402652200120555,-0.44954175947346986,0.035329379178883055,25,0.9853269464648269,-0.41344135213788746,1.5333353552189204,-1.1910706950982664,1.3663397573633036,0.4560980023621794,1.0712914681944652,149,-10.871859239669421,-10.869763894923254,-11.108777264186775,-10.099651959822578,-11.223150164875987,-10.834640504695603,0.3921524618886128,72,huber_0.80
361.09834690093993,4.471178052459684,0.27174072265625,0.022180712000783257,0.02,huber,9,1.0,15,600,0.6,0.8,"{'alpha': 0.8, 'learning_rate': 0.02, 'loss': 'huber', 'max_depth': 9, 'max_features': 1.0, 'min_samples_leaf': 15, 'n_estimators': 600, 'subsample': 0.6}",-9.006164829262481,-9.348165768872239,-9.293318403247957,-9.261018131081851,-9.432153384542712,-9.26816410340145,0.143262119332247,85,-13.704859087830112,-14.815610502622278,-14.170441036861172,-13.448503215635663,-14.27718428351876,-14.083319625293598,0.4748995320000295,103,-0.4494110540622169,-0.41326067211625794,-0.4851963746223565,-0.4088580897860801,-0.487040385774563,-0.4487533152722949,0.03360293349560786,21,0.9039267403640351,-0.4596957629521025,1.5886965989190176,-1.0033154254828354,1.356948724302327,0.4773121750300883,1.0257853333983544,139,-11.025642871987026,-10.754071952217659,-11.214031649182031,-10.098494944687964,-11.076188365454158,-10.833685956705768,0.3967775031981301,70,huber_0.80
339.2438467502594,4.819911102481235,0.2979706287384033,0.08634381379103681,0.02,huber,9,1.0,20,600,0.6,0.8,"{'alpha': 0.8, 'learning_rate': 0.02, 'loss': 'huber', 'max_depth': 9, 'max_features': 1.0, 'min_samples_leaf': 20, 'n_estimators': 600, 'subsample': 0.6}",-8.923739477035337,-9.324196740769493,-9.238178103518507,-9.263127608400168,-9.394698017551724,-9.228787989455046,0.1618338319705251,46,-13.627106703140575,-14.812618828043341,-14.09634660354488,-13.478319167301272,-14.21530991034326,-14.045940242474666,0.4725755300165179,51,-0.45816973723950466,-0.41537995761429003,-0.4879154078549849,-0.4188008436275987,-0.4933694996986136,-0.45472708920699845,0.03300134571426973,52,0.8874477379298953,-0.44225206437045106,1.668111912819736,-1.0326981955981032,1.3966574500973366,0.49545336817568264,1.0540868204857474,133,-10.706935025955795,-10.691349586787913,-11.176414846464267,-9.826185331327357,-10.936382847177637,-10.667453527542595,0.45633903875200094,17,huber_0.80
191.17914204597474,10.258883473110878,0.14566278457641602,0.035744002160653314,0.025,huber,6,1.0,5,480,0.6,0.8,"{'alpha': 0.8, 'learning_rate': 0.025, 'loss': 'huber', 'max_depth': 6, 'max_features': 1.0, 'min_samples_leaf': 5, 'n_estimators': 480, 'subsample': 0.6}",-9.01707408713849,-9.462338335223006,-9.324509085006763,-9.341213312883834,-9.482212453218438,-9.325469454694106,0.16652804697949913,142,-13.499619847981448,-14.744899898356838,-14.171008876780462,-13.497987572919268,-14.222576453312167,-14.027218529870037,0.47588921057635514,36,-0.4614919963757173,-0.42900393581592494,-0.5018126888217522,-0.40494124736366377,-0.49216395418927067,-0.4578827645132658,0.03675555945709565,72,1.0432231323245666,-0.3112436871006241,1.6875877337375933,-0.9591510984363011,1.4671861150380718,0.5855204391126614,1.0384194237722357,99,-10.89975264844312,-10.665513628351528,-10.97231802228893,-10.349726372675358,-11.123730694879086,-10.802208273327604,0.2702791874161588,58,huber_0.80
177.47136688232422,2.903571512909661,0.1669475555419922,0.0466195050230525,0.025,huber,6,1.0,10,480,0.6,0.8,"{'alpha': 0.8, 'learning_rate': 0.025, 'loss': 'huber', 'max_depth': 6, 'max_features': 1.0, 'min_samples_leaf': 10, 'n_estimators': 480, 'subsample': 0.6}",-8.96694626168787,-9.458538712034688,-9.306956572500875,-9.358178791855432,-9.437469029209536,-9.305617873457681,0.17789458284101856,132,-13.462284470619593,-14.861506553616689,-14.183997942437069,-13.519017718919995,-14.238705390650422,-14.053102415248754,0.517573504150796,66,-0.46813651464814254,-0.42749016046018773,-0.5027190332326285,-0.40825549864416993,-0.49306811332127787,-0.4599338640612813,0.036657823195696215,89,1.0873216998179651,-0.3098677312429334,1.6900564029109588,-1.0562173108128952,1.5152140442050308,0.5853014209756251,1.0801071220224001,100,-10.738606845337364,-10.700446264006787,-10.937533938886169,-10.167605223461317,-11.10666333667162,-10.730171121672651,0.3169166591849929,38,huber_0.80
183.59612464904785,3.588811232793263,0.1159088134765625,0.002583600067448834,0.025,huber,6,1.0,15,480,0.6,0.8,"{'alpha': 0.8, 'learning_rate': 0.025, 'loss': 'huber', 'max_depth': 6, 'max_features': 1.0, 'min_samples_leaf': 15, 'n_estimators': 480, 'subsample': 0.6}",-8.946968021492749,-9.474635782801428,-9.265072206933741,-9.314481919981224,-9.408126591865386,-9.281856904614907,0.18254008411080264,103,-13.479302925238455,-14.918898074846268,-14.124956897002658,-13.435814243547684,-14.210727248437244,-14.033939877814465,0.5455392389585265,40,-0.4729688915735427,-0.4317287314562519,-0.5042296072507553,-0.40494124736366377,-0.4924653405666064,-0.46126676364216407,0.03741966344216514,101,1.09227229594015,-0.30450156707908516,1.681819700312995,-1.0152881409440546,1.527451629255938,0.5963507834971887,1.0677120099692219,95,-10.613002774910708,-10.620250110284326,-10.855066570697032,-10.247404818684661,-11.102891229400413,-10.687723100795429,0.28438858382075793,24,huber_0.80
177.61413493156434,5.210975967702564,0.1405454158782959,0.031928055122898445,0.025,huber,6,1.0,20,480,0.6,0.8,"{'alpha': 0.8, 'learning_rate': 0.025, 'loss': 'huber', 'max_depth': 6, 'max_features': 1.0, 'min_samples_leaf': 20, 'n_estimators': 480, 'subsample': 0.6}",-8.98328070860525,-9.457887042119756,-9.312979691606252,-9.347169916920357,-9.39122524364476,-9.298508520579276,0.16489015955545605,123,-13.524270046685274,-14.880307838033259,-14.206497305918443,-13.478255046729812,-14.2314102361252,-14.0641480946984,0.5194411648905881,81,-0.4645122319540924,-0.4332425068119891,-0.5051359516616314,-0.4136788189213619,-0.4978902953586498,-0.46289196094154494,0.035533327791704795,125,1.0347576472538507,-0.2711104248905038,1.7468903055305958,-1.0213921280963352,1.53608954673868,0.6050469893072574,1.0740813441429409,92,-10.783395642473824,-10.602349114852625,-10.947419165826247,-10.063094130046224,-10.973616971698624,-10.673975004979509,0.3331172780646066,20,huber_0.80
216.9022231578827,7.493930638419707,0.16917800903320312,0.03597591130862743,0.025,huber,7,1.0,5,480,0.6,0.8,"{'alpha': 0.8, 'learning_rate': 0.025, 'loss': 'huber', 'max_depth': 7, 'max_features': 1.0, 'min_samples_leaf': 5, 'n_estimators': 480, 'subsample': 0.6}",-8.997303357415333,-9.508570025014233,-9.313265085019598,-9.336283955744467,-9.483984617179798,-9.327881408074685,0.18252817616421413,146,-13.50918748774027,-14.927832323691433,-14.178323157753063,-13.464707178281328,-14.275915857130846,-14.071193200919387,0.5423826135824084,89,-0.45726366656599216,-0.4232515894641235,-0.49425981873111785,-0.4061464296474842,-0.4945750452079566,-0.45509930992333486,0.03607554670901726,53,1.0087709315490194,-0.3838194215398752,1.6828915767967696,-1.0352061677343982,1.5072195965257131,0.5559713031194458,1.0765595638280119,110,-10.941252302100716,-10.779345938224537,-11.123862637717657,-10.21931646083287,-11.111765868700452,-10.835108641515246,0.3327143090481671,73,huber_0.80
214.1747803211212,5.957922921184876,0.18266425132751465,0.04605654206467909,0.025,huber,7,1.0,10,480,0.6,0.8,"{'alpha': 0.8, 'learning_rate': 0.025, 'loss': 'huber', 'max_depth': 7, 'max_features': 1.0, 'min_samples_leaf': 10, 'n_estimators': 480, 'subsample': 0.6}",-8.997477718571094,-9.476050512135377,-9.337595615853164,-9.28771576037718,-9.412598293696465,-9.302287580126656,0.16536629468410072,127,-13.540172102340183,-14.90527713732974,-14.1955277136596,-13.433648175456076,-14.2197725777358,-14.058879541304279,0.5330890827647824,75,-0.46270009060706735,-0.4178019981834696,-0.48972809667673717,-0.4064477252184393,-0.49427365883062085,-0.45419031390326686,0.0361814569629815,46,0.9899884220619792,-0.3885008046091685,1.6145528386896668,-0.961046633208077,1.514549045513069,0.5539085736894939,1.0412671820768271,112,-10.792591511630587,-10.875426334767779,-11.181866559079818,-10.243222695728042,-11.053742338871107,-10.829369888015467,0.32299822788919585,68,huber_0.80
207.91568150520325,7.90142186719907,0.15010600090026854,0.0068276264846764,0.025,huber,7,1.0,15,480,0.6,0.8,"{'alpha': 0.8, 'learning_rate': 0.025, 'loss': 'huber', 'max_depth': 7, 'max_features': 1.0, 'min_samples_leaf': 15, 'n_estimators': 480, 'subsample': 0.6}",-9.045648719042678,-9.421184017968644,-9.319120573911544,-9.310255606806967,-9.460190805716522,-9.311279944689272,0.14482805158427325,135,-13.626780093504538,-14.88828644915645,-14.203613038658553,-13.48846240822474,-14.284365467967001,-14.098301491502259,0.5027967173490115,118,-0.4645122319540924,-0.4232515894641235,-0.49033232628398793,-0.41277493220849654,-0.49668474984930683,-0.45751116595200153,0.034163905973249274,68,0.9955491709647922,-0.36478732407708525,1.6867768665383713,-1.0209423878013004,1.5422414120484051,0.5677675475346365,1.0750289422321626,106,-10.808324516844841,-10.698597381947003,-11.222896034469876,-10.040960063459785,-11.075870782325252,-10.769329755809352,0.40908088171147733,52,huber_0.80
207.87797756195067,6.334597979740931,0.22087135314941406,0.08358036206340501,0.025,huber,7,1.0,20,480,0.6,0.8,"{'alpha': 0.8, 'learning_rate': 0.025, 'loss': 'huber', 'max_depth': 7, 'max_features': 1.0, 'min_samples_leaf': 20, 'n_estimators': 480, 'subsample': 0.6}",-9.02033092497209,-9.371576597949716,-9.301029930285813,-9.243148158200963,-9.36635440990351,-9.260488004262418,0.1289714016758507,77,-13.612344585995181,-14.831786131949553,-14.150649951757147,-13.417813501964103,-14.159904467123837,-14.034499727757964,0.4946513314042263,41,-0.4747810329205678,-0.4335452618831365,-0.4954682779456193,-0.4136788189213619,-0.5,-0.46349467833413704,0.03423716920740671,130,1.03673814307256,-0.4050442462754525,1.6750647136985868,-1.0040989013533586,1.5310501061450383,0.5667419630574748,1.0762040124061119,107,-10.591270891951599,-10.340941465635508,-11.076485753533037,-9.958268202285943,-10.89740451604855,-10.572874165890926,0.3976974445120733,1,huber_0.80
255.69332671165466,5.086247359861136,0.19188709259033204,0.025112409840342142,0.025,huber,8,1.0,5,480,0.6,0.8,"{'alpha': 0.8, 'learning_rate': 0.025, 'loss': 'huber', 'max_depth': 8, 'max_features': 1.0, 'min_samples_leaf': 5, 'n_estimators': 480, 'subsample': 0.6}",-9.09052174533033,-9.447662229067381,-9.34238894486732,-9.394246358198219,-9.419017521349186,-9.338767359762489,0.1288527075590762,151,-13.679513136851032,-14.875545444479581,-14.18705190273864,-13.54328522154398,-14.172195981545519,-14.09151833743175,0.4691784060690251,112,-0.4569616430081546,-0.4211323039660914,-0.4918429003021148,-0.39891533594456163,-0.4804098854731766,-0.44985241373881985,0.03511960074089145,26,0.9538159051594952,-0.402893521434613,1.5664520212294994,-1.0929223245470898,1.2797872400715569,0.4608478640957697,1.029202674257934,147,-10.990350945397163,-10.738630855970898,-11.089761547229875,-10.404869511966805,-11.135079736008162,-10.871738519314581,0.27078990557069066,89,huber_0.80
250.740473651886,5.180572274191964,0.2073662757873535,0.03806985809108502,0.025,huber,8,1.0,10,480,0.6,0.8,"{'alpha': 0.8, 'learning_rate': 0.025, 'loss': 'huber', 'max_depth': 8, 'max_features': 1.0, 'min_samples_leaf': 10, 'n_estimators': 480, 'subsample': 0.6}",-9.004964375221359,-9.359525263688308,-9.30105927382813,-9.269281804008044,-9.343649245310983,-9.255695992411365,0.12932520071964165,73,-13.633520235394041,-14.879078301223448,-14.145816358412059,-13.454235136539008,-14.14136139325367,-14.050802284964448,0.4966460423342295,61,-0.45756569012382964,-0.41840750832576445,-0.4936555891238671,-0.402832178366978,-0.49638336347197104,-0.45376886588248205,0.038121735829747386,43,0.9898350600310128,-0.41120178581638106,1.6207883444038107,-1.0892566668017292,1.408138194478087,0.5036606292589602,1.0655306964769045,129,-10.921709877927595,-10.693311305141451,-11.062214080889754,-10.15314264412407,-10.830124688895003,-10.732100519395575,0.31344289260172914,39,huber_0.80
242.71883835792542,9.364531729554157,0.2467249870300293,0.06687059323448474,0.025,huber,8,1.0,15,480,0.6,0.8,"{'alpha': 0.8, 'learning_rate': 0.025, 'loss': 'huber', 'max_depth': 8, 'max_features': 1.0, 'min_samples_leaf': 15, 'n_estimators': 480, 'subsample': 0.6}",-8.989843387023525,-9.33197084344464,-9.32075369876137,-9.256740957070397,-9.41297166627284,-9.262456110514554,0.1450766689740628,79,-13.63104183949513,-14.858420527180327,-14.193361922523831,-13.457354529483109,-14.209780106196995,-14.069991784975878,0.4948499385829553,87,-0.4663243733011175,-0.4217378141083863,-0.4930513595166163,-0.41699307020186804,-0.49065702230259195,-0.4577527278861161,0.03274319104823714,70,0.9677124434571618,-0.34347323073771785,1.6453304263638735,-1.0401216967456255,1.3904627059239412,0.5239821296523266,1.0396159641911384,123,-10.676640982746616,-10.65649950278929,-11.120630653849435,-9.852225189674103,-11.009150874370063,-10.6630294406859,0.4442590156134876,14,huber_0.80
238.89174656867982,8.50572038650201,0.19036736488342285,0.007872193086321316,0.025,huber,8,1.0,20,480,0.6,0.8,"{'alpha': 0.8, 'learning_rate': 0.025, 'loss': 'huber', 'max_depth': 8, 'max_features': 1.0, 'min_samples_leaf': 20, 'n_estimators': 480, 'subsample': 0.6}",-8.974196093545135,-9.323713043122954,-9.299992511221696,-9.220922631177219,-9.343063400542654,-9.23237753592193,0.1356128256602347,50,-13.643747258330803,-14.793391533848403,-14.23470332925551,-13.400786492261291,-14.163180162491892,-14.047161755237578,0.48703906048585516,52,-0.46421020839625493,-0.41840750832576445,-0.5018126888217522,-0.41277493220849654,-0.4945750452079566,-0.4583560765920449,0.037170123817668835,79,0.9347076311963654,-0.37591803574241,1.5959568384949125,-1.0221199433939745,1.3895307796529142,0.5044314540415614,1.0261910604664168,128,-10.672862795256703,-10.692679779080295,-10.856590110644783,-9.93132340173452,-10.850319162062428,-10.600755049755746,0.34337217089524197,3,huber_0.80
297.51595463752744,9.561349217143956,0.22564196586608887,0.0713509596515101,0.025,huber,9,1.0,5,480,0.6,0.8,"{'alpha': 0.8, 'learning_rate': 0.025, 'loss': 'huber', 'max_depth': 9, 'max_features': 1.0, 'min_samples_leaf': 5, 'n_estimators': 480, 'subsample': 0.6}",-9.124893564478471,-9.49081458387833,-9.42968231135655,-9.407491700477557,-9.506977413365638,-9.39197191471131,0.1385567904487241,159,-13.7176448554075,-14.923686233165231,-14.261053301594242,-13.507968476240496,-14.230069447197847,-14.128084462721063,0.49276126760214933,134,-0.453035336756267,-0.4123524069028156,-0.47311178247734137,-0.3952997890931003,-0.4734779987944545,-0.44145546280479575,0.0320592980140415,3,0.9290860316685281,-0.39445356902199236,1.5152254624179247,-1.1676811613022555,1.252502696392401,0.42693589203092125,1.0330124581750795,155,-11.09624214761424,-11.029838631450252,-11.566936376498568,-10.42222987024498,-11.362175367338374,-11.095484478629281,0.3875493881171379,146,huber_0.80
277.59065341949463,4.743865029911467,0.20116305351257324,0.010817194355036355,0.025,huber,9,1.0,10,480,0.6,0.8,"{'alpha': 0.8, 'learning_rate': 0.025, 'loss': 'huber', 'max_depth': 9, 'max_features': 1.0, 'min_samples_leaf': 10, 'n_estimators': 480, 'subsample': 0.6}",-8.999532001899501,-9.38254076058894,-9.366022017319853,-9.322607610184921,-9.378805793877325,-9.289901636774108,0.14674091065534753,113,-13.62031620667304,-14.877041789317207,-14.238543206425588,-13.543789942929347,-14.127373971263935,-14.081413023321824,0.48197018317560547,101,-0.45484747810329207,-0.41628822282773237,-0.48398791540785496,-0.40795420307321484,-0.4831223628691983,-0.44924003645625843,0.03217829267116031,24,0.9719064876812472,-0.38915785457471214,1.5638764434120251,-1.1293668674593242,1.2820414766180728,0.45985993713546175,1.0395671836880884,148,-10.96129908333395,-10.80187045038727,-11.291499346136865,-10.041863377070259,-11.033278616189563,-10.82596217462358,0.4227084998825296,67,huber_0.80
264.3605767726898,10.051146066547474,0.20431432723999024,0.012734204352328443,0.025,huber,9,1.0,15,480,0.6,0.8,"{'alpha': 0.8, 'learning_rate': 0.025, 'loss': 'huber', 'max_depth': 9, 'max_features': 1.0, 'min_samples_leaf': 15, 'n_estimators': 480, 'subsample': 0.6}",-9.025555523988556,-9.401875096252782,-9.309529630869221,-9.2793125142818,-9.423419846470049,-9.287938522372482,0.14193107754783563,110,-13.758563098732996,-14.952781908717293,-14.194088070814125,-13.508444876901287,-14.224992357915603,-14.12777406261626,0.49282294323264303,133,-0.4614919963757173,-0.41628822282773237,-0.49154078549848945,-0.40584513407652906,-0.4939722724532851,-0.45382768224635067,0.03688941293426646,44,0.9317529287644619,-0.37235840800283826,1.6483292242938627,-1.0390019251059897,1.3125106235841868,0.4962464887067367,1.029049054764567,132,-10.788170251003024,-10.84527040774166,-11.146439093604736,-10.152038175751489,-10.866936333020119,-10.759770852224204,0.3281622998041985,48,huber_0.80
238.05267977714539,10.51320834491577,0.18567872047424316,0.004942487961371713,0.025,huber,9,1.0,20,480,0.6,0.8,"{'alpha': 0.8, 'learning_rate': 0.025, 'loss': 'huber', 'max_depth': 9, 'max_features': 1.0, 'min_samples_leaf': 20, 'n_estimators': 480, 'subsample': 0.6}",-9.029073279177151,-9.38032099909157,-9.324924098365061,-9.259206160196516,-9.370140710545979,-9.272733049475255,0.12910490720140252,91,-13.764342723890897,-14.974315602271638,-14.21125921138206,-13.486173278020235,-14.189754989823514,-14.125169161077668,0.504211059173801,132,-0.45726366656599216,-0.4229488343929761,-0.4990936555891239,-0.41337752335040673,-0.48673899939722726,-0.45588453585914523,0.03380098960993805,56,0.9090280318289976,-0.4036727145329649,1.6221341080941345,-1.1525198318671341,1.2737476952738565,0.4497434577593779,1.0545133430002076,151,-10.866926499584332,-10.611978984930948,-10.966937852112572,-9.805427085905693,-10.933876696752385,-10.637029423857186,0.43405080644181177,10,huber_0.80
142.36466164588927,3.3145125825048702,0.11306533813476563,0.038354053864102046,0.03,huber,6,1.0,5,400,0.6,0.8,"{'alpha': 0.8, 'learning_rate': 0.03, 'loss': 'huber', 'max_depth': 6, 'max_features': 1.0, 'min_samples_leaf': 5, 'n_estimators': 400, 'subsample': 0.6}",-9.065870973862065,-9.552460677405337,-9.34514478541605,-9.378584233784464,-9.459589204566266,-9.360329975006836,0.1637293576353843,156,-13.556909997402162,-14.902567521626427,-14.187651829034918,-13.491263081252612,-14.273050668770308,-14.082288619617284,0.5187837557320161,102,-0.46572032618544246,-0.4296094459582198,-0.5036253776435046,-0.41458270563422717,-0.4960819770946353,-0.46192396650320583,0.035229569807791766,111,1.1299604529877416,-0.3819220002386576,1.7192776460227355,-0.9375137041849333,1.4762088555537611,0.6012022500281294,1.0610838296055134,93,-10.946302806193165,-10.673111081987857,-10.984774519514808,-10.180200976650013,-11.022168275661679,-10.761311532001503,0.3154908924048183,49,huber_0.80
144.58306355476378,7.036186318766499,0.09715027809143066,0.004274212732467752,0.03,huber,6,1.0,10,400,0.6,0.8,"{'alpha': 0.8, 'learning_rate': 0.03, 'loss': 'huber', 'max_depth': 6, 'max_features': 1.0, 'min_samples_leaf': 10, 'n_estimators': 400, 'subsample': 0.6}",-9.064220739662758,-9.511754037180467,-9.277766447514956,-9.380739214556037,-9.406925571889074,-9.328281202160658,0.15157752434723265,147,-13.563251482789275,-14.891318556448486,-14.124087434182126,-13.541715720165831,-14.207166400845292,-14.065507918886201,0.4964034023403531,84,-0.46572032618544246,-0.42749016046018773,-0.5081570996978853,-0.4136788189213619,-0.4948764315852923,-0.46198456737003396,0.036745184196835375,113,1.0610241308096169,-0.35302763474420606,1.7578054735469366,-0.9484688835857196,1.5158087505093638,0.6066283673071984,1.0674793029400689,91,-10.870520676437755,-10.712207261773006,-10.858425403898593,-10.191808167695006,-11.035819878720467,-10.733756277704966,0.28971069185519505,40,huber_0.80
134.6615852355957,2.182446429187964,0.11279940605163574,0.019249152758273606,0.03,huber,6,1.0,15,400,0.6,0.8,"{'alpha': 0.8, 'learning_rate': 0.03, 'loss': 'huber', 'max_depth': 6, 'max_features': 1.0, 'min_samples_leaf': 15, 'n_estimators': 400, 'subsample': 0.6}",-9.09455161272915,-9.491483274012127,-9.31690865292415,-9.360108706446503,-9.37463477291334,-9.327537403805055,0.13004049329281298,144,-13.62648880542299,-14.92103098228041,-14.155007284282313,-13.480037084870284,-14.178923031563233,-14.072297437683847,0.5075581203824958,92,-0.4699486559951676,-0.4359673024523161,-0.5069486404833837,-0.413980114492317,-0.5081374321880651,-0.46699642912224987,0.03760588594423522,149,1.0665432320104307,-0.28059678666946336,1.7128596906640543,-0.9285442754766958,1.5391666924936418,0.6218857106043936,1.0438061827629634,87,-10.810856372407697,-10.563735440171119,-10.878585583217209,-10.183537971757202,-10.73902528535598,-10.635148130581841,0.24898881532326478,8,huber_0.80
128.91400642395018,4.742807967724569,0.09658584594726563,0.01805381785607427,0.03,huber,6,1.0,20,400,0.6,0.8,"{'alpha': 0.8, 'learning_rate': 0.03, 'loss': 'huber', 'max_depth': 6, 'max_features': 1.0, 'min_samples_leaf': 20, 'n_estimators': 400, 'subsample': 0.6}",-9.048605399464288,-9.56324883503681,-9.331279646093234,-9.353704784517095,-9.40711049743209,-9.340789832508701,0.16704216290877139,152,-13.622614734810504,-14.958119014172848,-14.180637452335619,-13.46415907147318,-14.21989022009056,-14.089084098576544,0.5270367917646704,110,-0.46813651464814254,-0.44020587344838025,-0.5108761329305136,-0.4203073214823742,-0.504822182037372,-0.4688696049093565,0.0353201882576488,156,1.04793745842757,-0.2856768938100275,1.719208463324939,-0.927077798078486,1.5303603822870278,0.6169503224302046,1.042477777838047,88,-10.783759162090304,-10.537764828704283,-10.815232301056815,-10.024363787809946,-10.832993545942696,-10.598822725120808,0.30646425598144617,2,huber_0.80
142.69593443870545,3.419504924575809,0.12310600280761719,0.02041536934280095,0.03,huber,7,1.0,5,400,0.6,0.8,"{'alpha': 0.8, 'learning_rate': 0.03, 'loss': 'huber', 'max_depth': 7, 'max_features': 1.0, 'min_samples_leaf': 5, 'n_estimators': 400, 'subsample': 0.6}",-9.080814640129532,-9.504586012834205,-9.365280320579835,-9.338889801581642,-9.451501057280765,-9.348214366481196,0.14628809946969984,154,-13.640462802196037,-14.916536459821536,-14.212457134040415,-13.466655456664192,-14.215811173389625,-14.090384605222363,0.5108087886384621,111,-0.4593778314708547,-0.4217378141083863,-0.49758308157099695,-0.40494124736366377,-0.48342374924653403,-0.45341274475208715,0.035327181023634656,41,0.9488756932676085,-0.3865379716887554,1.5876079972180404,-1.0797542571822838,1.4009716033415947,0.4942326129912408,1.0466649080019885,134,-10.91660246347072,-10.81009069630417,-11.00608996111444,-10.197943032686561,-11.224596099733477,-10.831064450661874,0.34470290629364025,69,huber_0.80
136.92726621627807,2.4766659283968777,0.12436041831970215,0.015201704679188818,0.03,huber,7,1.0,10,400,0.6,0.8,"{'alpha': 0.8, 'learning_rate': 0.03, 'loss': 'huber', 'max_depth': 7, 'max_features': 1.0, 'min_samples_leaf': 10, 'n_estimators': 400, 'subsample': 0.6}",-8.99359718634336,-9.467558996351896,-9.3180263663078,-9.293490373999834,-9.483260497782116,-9.311186684156999,0.17622980855876325,134,-13.55421812921772,-14.927608980382963,-14.171487344631736,-13.431029168681656,-14.283913383438382,-14.07365140127049,0.5414424766889087,95,-0.4669284204167925,-0.4259763851044505,-0.4891238670694864,-0.4091593853570353,-0.5045207956600362,-0.45914177072156015,0.036378552937462685,83,0.9925315780509067,-0.36813974687673884,1.5635862871503787,-0.9965845311801239,1.5458039871309763,0.5474395148550799,1.0440008109495993,115,-10.693425724097484,-10.680661613722974,-11.1235756278402,-10.138965571545883,-10.93023774221674,-10.713373255884655,0.33066851521570007,35,huber_0.80
138.12329449653626,2.3618588607032454,0.12120394706726074,0.013413439111777172,0.03,huber,7,1.0,15,400,0.6,0.8,"{'alpha': 0.8, 'learning_rate': 0.03, 'loss': 'huber', 'max_depth': 7, 'max_features': 1.0, 'min_samples_leaf': 15, 'n_estimators': 400, 'subsample': 0.6}",-9.038161211833138,-9.443404275499864,-9.304468305684953,-9.250660013291434,-9.433625382892638,-9.294063837840405,0.14782306322878463,119,-13.637408323686799,-14.925229021668459,-14.225576767383728,-13.412868070786347,-14.22623208209288,-14.08546285312364,0.5287327690246827,104,-0.4590758079130172,-0.42415985467756584,-0.49486404833836856,-0.41428141006327207,-0.4984930681133213,-0.458174837821109,0.03480264842787152,75,0.9582625389057458,-0.3727918164940377,1.6669964133573687,-1.0387996215713644,1.5444486832962627,0.551623239498795,1.07509099813904,114,-10.887552315360672,-10.692445735937277,-11.085332179496362,-9.910968960043238,-11.0112605053249,-10.71751193923249,0.4246489304284291,36,huber_0.80
143.5888596057892,3.9947494256566656,0.11275339126586914,0.005925574810158629,0.03,huber,7,1.0,20,400,0.6,0.8,"{'alpha': 0.8, 'learning_rate': 0.03, 'loss': 'huber', 'max_depth': 7, 'max_features': 1.0, 'min_samples_leaf': 20, 'n_estimators': 400, 'subsample': 0.6}",-9.004951117594935,-9.454775667216563,-9.275131901871001,-9.291051839887583,-9.436783596547262,-9.292538824623469,0.16133149019281282,117,-13.612594582625697,-14.925465645436633,-14.197093940103642,-13.462601913763208,-14.261988123611253,-14.091948841108087,0.5216468484748452,113,-0.46572032618544246,-0.4247653648198607,-0.5039274924471299,-0.41006327206990056,-0.5072332730560579,-0.46234194571567827,0.03975188441298098,119,0.9653110749603181,-0.3449727448639056,1.6485478621506178,-1.0138912045760213,1.532614225145304,0.5575218425632625,1.0574753361757459,109,-10.704130388959289,-10.723335371536288,-10.83854317113656,-10.09254083343096,-10.8129714712941,-10.63430424727144,0.2756611480381347,7,huber_0.80
177.83028831481934,7.273921937981618,0.2341299533843994,0.10520084473054508,0.03,huber,8,1.0,5,400,0.6,0.8,"{'alpha': 0.8, 'learning_rate': 0.03, 'loss': 'huber', 'max_depth': 8, 'max_features': 1.0, 'min_samples_leaf': 5, 'n_estimators': 400, 'subsample': 0.6}",-9.107616141375516,-9.456749149111522,-9.378266950670403,-9.39318079287123,-9.490630443034323,-9.365288695412598,0.1352162102721806,157,-13.648829690499257,-14.887890454991904,-14.227610047919665,-13.537938066754268,-14.233951709654331,-14.107243993963886,0.4846038880679578,125,-0.4593778314708547,-0.41689373297002724,-0.4854984894259819,-0.4022295872250678,-0.4819168173598553,-0.4491832916903574,0.03388649257753518,23,0.9353298965964627,-0.44880720453964523,1.562717550355897,-1.0698475488452492,1.2910170102569891,0.45408194076489095,1.0294370032598605,150,-10.93103035230941,-10.80364278973163,-11.26778428699348,-10.346495519446526,-11.186212085684986,-10.907033006833206,0.32666500533537196,98,huber_0.80
185.80335731506347,6.1386604052924145,0.1416867733001709,0.004245057463787993,0.03,huber,8,1.0,10,400,0.6,0.8,"{'alpha': 0.8, 'learning_rate': 0.03, 'loss': 'huber', 'max_depth': 8, 'max_features': 1.0, 'min_samples_leaf': 10, 'n_estimators': 400, 'subsample': 0.6}",-8.998970860412518,-9.426947909443607,-9.290467630446006,-9.291901030418876,-9.400655575100316,-9.281788601164264,0.1518973624073019,102,-13.542168292449405,-14.915274989903972,-14.130757715329382,-13.502529959626628,-14.169649042124087,-14.052075999886696,0.5151957782129584,65,-0.4560555723346421,-0.420829548894944,-0.49033232628398793,-0.4088580897860801,-0.4909584086799277,-0.45340678919591626,0.03413648684901763,40,0.8423303712597681,-0.43307517878637075,1.5985653120942966,-1.023739580912697,1.3933352160058925,0.47548322793217784,1.030678405257826,140,-10.789585555651303,-10.685885478187357,-11.103727369010596,-10.111285132981212,-10.992775151900059,-10.736651737546106,0.345486993934324,41,huber_0.80
182.10758290290832,8.223117537717185,0.1787055492401123,0.07744757943022504,0.03,huber,8,1.0,15,400,0.6,0.8,"{'alpha': 0.8, 'learning_rate': 0.03, 'loss': 'huber', 'max_depth': 8, 'max_features': 1.0, 'min_samples_leaf': 15, 'n_estimators': 400, 'subsample': 0.6}",-9.054480488701419,-9.448146938222127,-9.334587758681069,-9.305647146947836,-9.428505762573634,-9.314273619025217,0.14067736069912687,138,-13.698705723047993,-14.979901695478047,-14.201558223825637,-13.543118650129847,-14.259259803757587,-14.136508819247823,0.5048552697076563,136,-0.45816973723950466,-0.4262791401755979,-0.5,-0.4067490207893944,-0.4951778179626281,-0.45727514323342505,0.036814311593666486,67,0.9512163952630028,-0.3879066255855711,1.6780111905389128,-1.0444139808445916,1.447600026044444,0.5289014010832395,1.063829749049405,122,-10.919203158472708,-10.627121361022208,-11.012598949219981,-10.155197362332096,-10.982020391550453,-10.73922824451949,0.32240675029436805,42,huber_0.80
172.24786405563356,8.12425453810937,0.19038038253784179,0.07794730388431527,0.03,huber,8,1.0,20,400,0.6,0.8,"{'alpha': 0.8, 'learning_rate': 0.03, 'loss': 'huber', 'max_depth': 8, 'max_features': 1.0, 'min_samples_leaf': 20, 'n_estimators': 400, 'subsample': 0.6}",-8.991540759636832,-9.42017838396005,-9.292131862202911,-9.206528974430853,-9.441613138291068,-9.270398623704342,0.16374477743957105,87,-13.623567164207415,-14.9120642769005,-14.145087768253797,-13.423590762316156,-14.263297365359948,-14.073521467407563,0.5232894928434355,94,-0.46058592570220475,-0.4217378141083863,-0.5012084592145015,-0.4109671587827659,-0.4897528631705847,-0.4568504441956886,0.035783597261387266,64,0.8983069797225468,-0.37340642083638226,1.6746012921958058,-1.099256008967073,1.3870626324571735,0.4974616949144142,1.0626046398202464,130,-10.736159300006197,-10.725587865828238,-10.940291362585821,-9.863650649697318,-11.055244986874667,-10.66418683299845,0.41927759171838136,16,huber_0.80
214.593354845047,9.399232841808686,0.1974346160888672,0.040116692352525705,0.03,huber,9,1.0,5,400,0.6,0.8,"{'alpha': 0.8, 'learning_rate': 0.03, 'loss': 'huber', 'max_depth': 9, 'max_features': 1.0, 'min_samples_leaf': 5, 'n_estimators': 400, 'subsample': 0.6}",-9.087877673062348,-9.526301834611674,-9.473619297383642,-9.394495955341604,-9.546568241228258,-9.405772600325506,0.16741459352055704,160,-13.662201782629213,-14.923939764449148,-14.283042058824659,-13.570882808099157,-14.285489958961737,-14.145111274592782,0.49157803084272605,137,-0.45726366656599216,-0.41628822282773237,-0.4809667673716012,-0.39921663151551673,-0.4819168173598553,-0.4471304211281396,0.033777645815081414,13,0.899516705487764,-0.4479658771902214,1.5869735296345922,-1.1188783580677077,1.178963627476854,0.41972192546825615,1.0285232380273193,157,-10.9208265480117,-10.903906788132023,-11.498292166278379,-10.364820681264929,-11.127990850645265,-10.963167406866457,0.36792625594110295,114,huber_0.80
221.88377289772035,9.109035006740887,0.22188277244567872,0.03864138839425917,0.03,huber,9,1.0,10,400,0.6,0.8,"{'alpha': 0.8, 'learning_rate': 0.03, 'loss': 'huber', 'max_depth': 9, 'max_features': 1.0, 'min_samples_leaf': 10, 'n_estimators': 400, 'subsample': 0.6}",-9.079661505361404,-9.373499053102428,-9.31841146797696,-9.306378402405448,-9.441014776025078,-9.303793040974265,0.12177360999420954,130,-13.768447011441765,-14.818933089534065,-14.151374324310565,-13.550570647582806,-14.188274910905445,-14.09551999675493,0.4333580998884924,116,-0.4494110540622169,-0.4229488343929761,-0.48489425981873113,-0.4091593853570353,-0.4770946353224834,-0.4487016337906885,0.029473269516358314,20,0.8171177313622162,-0.38716483999703544,1.5706888190661674,-1.10371083018646,1.2324659043471071,0.4258793569183991,1.0114272129400919,156,-11.010832006986528,-10.62342945808415,-11.228324595050701,-10.023804739394263,-11.185915634072936,-10.814461286717716,0.44932250451292444,61,huber_0.80
199.90840878486634,3.4672659361327054,0.15155401229858398,0.029980132425765593,0.03,huber,9,1.0,15,400,0.6,0.8,"{'alpha': 0.8, 'learning_rate': 0.03, 'loss': 'huber', 'max_depth': 9, 'max_features': 1.0, 'min_samples_leaf': 15, 'n_estimators': 400, 'subsample': 0.6}",-9.106826918051,-9.395405465638273,-9.334125798682768,-9.309843409032348,-9.36986017966982,-9.303212354214843,0.10247765991272142,129,-13.796158534980512,-14.865333482667292,-14.189282246790428,-13.558211424234132,-14.18610567045746,-14.119018271825965,0.4438844149433245,130,-0.4608879492600423,-0.41992128368150167,-0.48942598187311176,-0.40765290750225974,-0.487040385774563,-0.4529857016182957,0.03375908473785994,36,0.9379175284283726,-0.4249916965588851,1.5767117753090136,-1.061792696422458,1.3177572666354234,0.4691204354782933,1.0305188289114473,144,-10.897165420148495,-10.68106585409849,-11.14656554626938,-10.11651157248789,-10.972003306572029,-10.762662339915256,0.35593965542114575,50,huber_0.80
171.4091028213501,9.291348547687475,0.11508402824401856,0.006990244126800317,0.03,huber,9,1.0,20,400,0.6,0.8,"{'alpha': 0.8, 'learning_rate': 0.03, 'loss': 'huber', 'max_depth': 9, 'max_features': 1.0, 'min_samples_leaf': 20, 'n_estimators': 400, 'subsample': 0.6}",-9.07820939383126,-9.40354585189191,-9.274620140435484,-9.27562400984709,-9.404751169490872,-9.287350113099324,0.11943521416472895,109,-13.792115005558669,-14.930702504872619,-14.103984131027948,-13.499858576427126,-14.204332328044654,-14.106198509186203,0.48077823371830486,124,-0.4593778314708547,-0.420829548894944,-0.49486404833836856,-0.41488400120518226,-0.4939722724532851,-0.4567855404725269,0.03431652107256142,63,0.9589939791661299,-0.4069778399581101,1.5853818562555284,-1.0561170007725007,1.2913783552551683,0.4745318699892431,1.0252682324155846,141,-10.924779871135554,-10.689087821373143,-10.972712640124316,-9.905789311226782,-10.826649714187724,-10.663803871609504,0.3912230105468825,15,huber_0.80
