mean_fit_time,std_fit_time,mean_score_time,std_score_time,param_bootstrap,param_criterion,param_max_depth,param_max_features,param_max_samples,param_min_samples_leaf,param_min_samples_split,param_n_estimators,params,split0_test_MAE,split1_test_MAE,split2_test_MAE,split3_test_MAE,split4_test_MAE,mean_test_MAE,std_test_MAE,rank_test_MAE,split0_test_RMSE,split1_test_RMSE,split2_test_RMSE,split3_test_RMSE,split4_test_RMSE,mean_test_RMSE,std_test_RMSE,rank_test_RMSE,split0_test_overestimation_rate,split1_test_overestimation_rate,split2_test_overestimation_rate,split3_test_overestimation_rate,split4_test_overestimation_rate,mean_test_overestimation_rate,std_test_overestimation_rate,rank_test_overestimation_rate,split0_test_mean_signed_error,split1_test_mean_signed_error,split2_test_mean_signed_error,split3_test_mean_signed_error,split4_test_mean_signed_error,mean_test_mean_signed_error,std_test_mean_signed_error,rank_test_mean_signed_error,split0_test_mean_overestimation,split1_test_mean_overestimation,split2_test_mean_overestimation,split3_test_mean_overestimation,split4_test_mean_overestimation,mean_test_mean_overestimation,std_test_mean_overestimation,rank_test_mean_overestimation,mean_MAE,mean_RMSE,overestimation_rate,mean_overstimation,mean_signed_error,chunk_id
94.56035284996032,0.042216033818150284,2.6669974327087402,0.24747943342009715,True,poisson,20,0.875,1.0,1,2,1000,"{'bootstrap': True, 'criterion': 'poisson', 'max_depth': 20, 'max_features': 0.875, 'max_samples': 1.0, 'min_samples_leaf': 1, 'min_samples_split': 2, 'n_estimators': 1000}",-9.941777597182512,-10.170636849575702,-10.429947939643347,-10.163308411741934,-9.955569974711405,-10.132248154570982,0.17807740226215715,74,-14.124250927751516,-14.56058291442154,-14.935448228090205,-13.991458823052982,-14.078785298979927,-14.338105238459232,0.3576196857268022,45,-0.40471156750226517,-0.3787465940054496,-0.4205438066465257,-0.3817414884001205,-0.4234478601567209,-0.40183826334221634,0.01877356363306028,57,0.7091741535838886,-1.5409494396884102,1.197323037623586,-1.3418775873156232,0.3808181435026154,-0.11910233845878873,1.1122739496042007,74,-13.158694495069982,-11.392429062692935,-13.824090134609754,-11.554194517076137,-12.20503052535022,-12.426887746959805,0.9347335982358361,32,10.132248154570982,14.338105238459232,0.40183826334221634,12.426887746959805,-0.11910233845878873,n1000__poisson__boostrap_true__samples_1.0
91.72912659645081,1.173472951630836,3.0443270206451416,0.8132256531729487,True,poisson,20,0.875,1.0,1,4,1000,"{'bootstrap': True, 'criterion': 'poisson', 'max_depth': 20, 'max_features': 0.875, 'max_samples': 1.0, 'min_samples_leaf': 1, 'min_samples_split': 4, 'n_estimators': 1000}",-9.935654091174477,-10.175812145485592,-10.430439488363712,-10.179207721238145,-9.972051739163385,-10.13863303708506,0.17727344832414266,77,-14.1077703742734,-14.570090109521788,-14.93258348934143,-14.005493318413563,-14.083841655757084,-14.339955789461452,0.35652182457272197,47,-0.40682573240712777,-0.37904934907659704,-0.41963746223564957,-0.3814401928291654,-0.4231464737793852,-0.40201984206558494,0.01860632796041905,64,0.6756188070151238,-1.5443847784524092,1.1794198115866696,-1.3656127282393498,0.3661931857923464,-0.13775314045952386,1.107856682300462,77,-13.041545867077124,-11.385624837584105,-13.833201685686019,-11.553049676841628,-12.215917614317348,-12.405867936301245,0.9214818666450001,22,10.13863303708506,14.339955789461452,0.40201984206558494,12.405867936301245,-0.13775314045952386,n1000__poisson__boostrap_true__samples_1.0
83.65093359947204,1.839207665484235,6.449290752410889,0.6614278040678923,True,poisson,20,0.875,1.0,1,8,1000,"{'bootstrap': True, 'criterion': 'poisson', 'max_depth': 20, 'max_features': 0.875, 'max_samples': 1.0, 'min_samples_leaf': 1, 'min_samples_split': 8, 'n_estimators': 1000}",-10.003830185996065,-10.198987706796364,-10.464460225300796,-10.178796056764932,-9.973507253604922,-10.163916285692617,0.17530614970230377,93,-14.168570906145986,-14.583841157378435,-14.95110476742004,-13.991645738343621,-14.09193954932928,-14.357420423723472,0.35879320060512815,64,-0.4035034732709151,-0.3763245534362701,-0.4205438066465257,-0.3799337149743899,-0.42887281494876434,-0.401835672655373,0.02104421941430983,51,0.664670905193264,-1.5812504383329857,1.1928453035381406,-1.3931134027925627,0.34767562874800706,-0.15383440072922736,1.1232398195166233,79,-13.21983799136522,-11.44987377221824,-13.859799317692845,-11.562125586254677,-12.032918061717156,-12.424910945849627,0.9528450173294705,29,10.163916285692617,14.357420423723472,0.401835672655373,12.424910945849627,-0.15383440072922736,n1000__poisson__boostrap_true__samples_1.0
79.36882519721985,4.202580773443358,5.536049270629883,0.269402584695006,True,poisson,20,0.875,1.0,2,2,1000,"{'bootstrap': True, 'criterion': 'poisson', 'max_depth': 20, 'max_features': 0.875, 'max_samples': 1.0, 'min_samples_leaf': 2, 'min_samples_split': 2, 'n_estimators': 1000}",-9.917543842088234,-10.1099619267647,-10.394746505522908,-10.085412912562633,-9.932344161153747,-10.088001869618443,0.1719688808003568,44,-14.132597609785728,-14.540410527310382,-14.92468796453682,-13.935061605098065,-14.09410829116252,-14.325373199578703,0.36011338949991234,21,-0.4059196617336152,-0.38086587950348166,-0.42114803625377645,-0.3793311238324797,-0.42646172393007836,-0.40274528505068624,0.019688264143591316,75,0.7934722741498094,-1.4574248553609683,1.3021852649586705,-1.2739859757328593,0.4586600257188436,-0.03541865325330083,1.1204024994357091,50,-13.193517247345296,-11.359034160113882,-13.886959885327844,-11.614426530316928,-12.182809855845672,-12.447349535789922,0.9568089197440136,38,10.088001869618443,14.325373199578703,0.40274528505068624,12.447349535789922,-0.03541865325330083,n1000__poisson__boostrap_true__samples_1.0
79.1742968082428,3.4286519289857997,4.267853736877441,1.6785683987069104,True,poisson,20,0.875,1.0,2,4,1000,"{'bootstrap': True, 'criterion': 'poisson', 'max_depth': 20, 'max_features': 0.875, 'max_samples': 1.0, 'min_samples_leaf': 2, 'min_samples_split': 4, 'n_estimators': 1000}",-9.917543842088234,-10.1099619267647,-10.394746505522908,-10.085412912562635,-9.932344161153747,-10.088001869618447,0.1719688808003568,45,-14.132597609785728,-14.540410527310382,-14.92468796453682,-13.935061605098065,-14.094108291162522,-14.325373199578703,0.3601133894999121,21,-0.4059196617336152,-0.38086587950348166,-0.42114803625377645,-0.3793311238324797,-0.42646172393007836,-0.40274528505068624,0.019688264143591316,75,0.7934722741498099,-1.4574248553609683,1.3021852649586705,-1.2739859757328593,0.45866002571884473,-0.0354186532533005,1.1204024994357094,49,-13.193517247345296,-11.359034160113882,-13.886959885327844,-11.614426530316928,-12.182809855845676,-12.447349535789924,0.9568089197440135,39,10.088001869618447,14.325373199578703,0.40274528505068624,12.447349535789924,-0.0354186532533005,n1000__poisson__boostrap_true__samples_1.0
80.43383660316468,0.5208584761601439,2.479038190841675,0.3011568630780324,True,poisson,20,0.875,1.0,2,8,1000,"{'bootstrap': True, 'criterion': 'poisson', 'max_depth': 20, 'max_features': 0.875, 'max_samples': 1.0, 'min_samples_leaf': 2, 'min_samples_split': 8, 'n_estimators': 1000}",-9.955682291884807,-10.175157647108163,-10.430743030481546,-10.137829944083503,-9.957450614152553,-10.131372705542114,0.17475549995136533,70,-14.157916716079155,-14.59303839724822,-14.943843892176801,-13.99209685079032,-14.101627098230816,-14.357704590905064,0.3572397451899413,65,-0.4050135910601027,-0.37783832879200724,-0.42084592145015104,-0.3799337149743899,-0.4255575647980711,-0.4018378242149444,0.01994886027354161,56,0.7629252349943777,-1.5264225016753052,1.2499949014292355,-1.32697861466225,0.44927990967676795,-0.07824021404743481,1.1319562577193674,67,-13.232404743287464,-11.445020907598048,-13.877689359161767,-11.59524804216857,-12.22717134492411,-12.475506879427991,0.9420655581429918,54,10.131372705542114,14.357704590905064,0.4018378242149444,12.475506879427991,-0.07824021404743481,n1000__poisson__boostrap_true__samples_1.0
71.63219242095947,6.8912819254531055,4.826366519927978,1.4589691526329627,True,poisson,20,0.875,1.0,3,2,1000,"{'bootstrap': True, 'criterion': 'poisson', 'max_depth': 20, 'max_features': 0.875, 'max_samples': 1.0, 'min_samples_leaf': 3, 'min_samples_split': 2, 'n_estimators': 1000}",-9.939709540201745,-10.14604155757804,-10.398204607173977,-10.120893424433683,-9.936538673628515,-10.108277560603193,0.16944166820609802,60,-14.150591133109149,-14.566457734420636,-14.927057372468644,-13.966533989889875,-14.099577429409091,-14.34204353185948,0.35469823116288707,49,-0.40622168529145275,-0.37935210414774445,-0.42235649546827797,-0.38324796625489604,-0.42616033755274263,-0.4034677177430227,0.019337664928107363,82,0.8090210122056631,-1.4568813724472889,1.3261236880056404,-1.2569474686345916,0.5147026922254468,-0.012796289729026022,1.129569780279265,30,-13.23012894387395,-11.452632119507925,-13.879659033277731,-11.564243957270905,-12.262100018353413,-12.477752814456785,0.9448055764359443,56,10.108277560603193,14.34204353185948,0.4034677177430227,12.477752814456785,-0.012796289729026022,n1000__poisson__boostrap_true__samples_1.0
65.55411825180053,4.288090329204525,5.231899213790894,0.7434111985440023,True,poisson,20,0.875,1.0,3,4,1000,"{'bootstrap': True, 'criterion': 'poisson', 'max_depth': 20, 'max_features': 0.875, 'max_samples': 1.0, 'min_samples_leaf': 3, 'min_samples_split': 4, 'n_estimators': 1000}",-9.939709540201745,-10.14604155757804,-10.398204607173977,-10.120893424433683,-9.936538673628515,-10.108277560603193,0.16944166820609802,60,-14.150591133109149,-14.566457734420636,-14.927057372468644,-13.966533989889875,-14.099577429409091,-14.34204353185948,0.35469823116288707,49,-0.40622168529145275,-0.37935210414774445,-0.42235649546827797,-0.38324796625489604,-0.42616033755274263,-0.4034677177430227,0.019337664928107363,82,0.8090210122056626,-1.456881372447289,1.326123688005641,-1.2569474686345914,0.5147026922254477,-0.012796289729025823,1.1295697802792655,29,-13.230128943873948,-11.452632119507925,-13.87965903327773,-11.564243957270905,-12.262100018353413,-12.477752814456785,0.9448055764359434,56,10.108277560603193,14.34204353185948,0.4034677177430227,12.477752814456785,-0.012796289729025823,n1000__poisson__boostrap_true__samples_1.0
72.02046346664429,0.48536359452395533,3.8717748641967775,0.34963630364157744,True,poisson,20,0.875,1.0,3,8,1000,"{'bootstrap': True, 'criterion': 'poisson', 'max_depth': 20, 'max_features': 0.875, 'max_samples': 1.0, 'min_samples_leaf': 3, 'min_samples_split': 8, 'n_estimators': 1000}",-9.969405913419855,-10.168706630091915,-10.434875805597962,-10.113147089643377,-9.949547842907013,-10.127136656332024,0.1749536673515507,65,-14.195871347758251,-14.575458428498834,-14.960526239608665,-13.957750174684946,-14.109462394577378,-14.359813717025613,0.3629231746655383,67,-0.4098459679855029,-0.3796548592188919,-0.4217522658610272,-0.3796324194034348,-0.4273658830620856,-0.4036502791061885,0.020401647562995534,87,0.8282977479353553,-1.4938829906076152,1.3192332448736575,-1.281110519552399,0.5165729196985136,-0.02217791953049759,1.1457549779373923,35,-13.172880185242112,-11.424618214201216,-13.934849912987485,-11.63235292703649,-12.244918438055405,-12.481923935504543,0.9470218928459315,61,10.127136656332024,14.359813717025613,0.4036502791061885,12.481923935504543,-0.02217791953049759,n1000__poisson__boostrap_true__samples_1.0
67.93146357536315,3.472082769772051,4.554935598373413,1.1791622946914366,True,poisson,20,0.875,1.0,4,2,1000,"{'bootstrap': True, 'criterion': 'poisson', 'max_depth': 20, 'max_features': 0.875, 'max_samples': 1.0, 'min_samples_leaf': 4, 'min_samples_split': 2, 'n_estimators': 1000}",-9.99697143859041,-10.183096325634562,-10.459562601266455,-10.123024054794467,-9.977593712752636,-10.148049626607706,0.1736517902014013,85,-14.237200825984843,-14.56830259621084,-15.008381811814271,-13.990494380485787,-14.146502122572699,-14.39017634741369,0.3623344503137744,91,-0.4083358501963153,-0.37904934907659704,-0.42356495468277944,-0.3814401928291654,-0.4273658830620856,-0.4039512459693886,0.020391270368686716,88,0.8664141111641149,-1.4903045316260926,1.3390450593294625,-1.2604544101072945,0.5372449005115807,-0.0016109741456457939,1.152569920379701,5,-13.302022764510811,-11.466570006234013,-13.927742994498034,-11.617246702494755,-12.30191626192196,-12.523099745931914,0.9555616866936119,88,10.148049626607706,14.39017634741369,0.4039512459693886,12.523099745931914,-0.0016109741456457939,n1000__poisson__boostrap_true__samples_1.0
64.54319877624512,0.7481590982478501,5.45550651550293,0.12931606430779938,True,poisson,20,0.875,1.0,4,4,1000,"{'bootstrap': True, 'criterion': 'poisson', 'max_depth': 20, 'max_features': 0.875, 'max_samples': 1.0, 'min_samples_leaf': 4, 'min_samples_split': 4, 'n_estimators': 1000}",-9.99697143859041,-10.183096325634562,-10.459562601266454,-10.123024054794467,-9.977593712752638,-10.148049626607706,0.17365179020140034,85,-14.237200825984845,-14.56830259621084,-15.00838181181427,-13.990494380485787,-14.146502122572699,-14.39017634741369,0.36233445031377365,91,-0.4083358501963153,-0.37904934907659704,-0.42356495468277944,-0.3814401928291654,-0.4273658830620856,-0.4039512459693886,0.020391270368686716,88,0.8664141111641152,-1.4903045316260932,1.3390450593294627,-1.260454410107294,0.5372449005115812,-0.0016109741456456384,1.152569920379701,4,-13.302022764510811,-11.466570006234013,-13.92774299449803,-11.617246702494755,-12.30191626192196,-12.523099745931914,0.9555616866936109,88,10.148049626607706,14.39017634741369,0.4039512459693886,12.523099745931914,-0.0016109741456456384,n1000__poisson__boostrap_true__samples_1.0
68.56069235801696,0.44538178496227454,6.139198064804077,0.8039451224878166,True,poisson,20,0.875,1.0,4,8,1000,"{'bootstrap': True, 'criterion': 'poisson', 'max_depth': 20, 'max_features': 0.875, 'max_samples': 1.0, 'min_samples_leaf': 4, 'min_samples_split': 8, 'n_estimators': 1000}",-9.99697143859041,-10.183096325634562,-10.459562601266452,-10.123024054794467,-9.977593712752636,-10.148049626607705,0.17365179020140004,84,-14.237200825984845,-14.568302596210838,-15.00838181181427,-13.99049438048579,-14.146502122572699,-14.39017634741369,0.3623344503137727,91,-0.4083358501963153,-0.37904934907659704,-0.42356495468277944,-0.3814401928291654,-0.4273658830620856,-0.4039512459693886,0.020391270368686716,88,0.8664141111641144,-1.4903045316260934,1.3390450593294636,-1.2604544101072948,0.537244900511581,-0.001610974145645838,1.1525699203797015,6,-13.302022764510811,-11.466570006234015,-13.927742994498034,-11.617246702494755,-12.30191626192196,-12.523099745931914,0.9555616866936115,88,10.148049626607705,14.39017634741369,0.4039512459693886,12.523099745931914,-0.001610974145645838,n1000__poisson__boostrap_true__samples_1.0
112.35096364021301,0.980445270068509,7.805277109146118,1.5650528463252449,True,poisson,20,1.0,1.0,1,2,1000,"{'bootstrap': True, 'criterion': 'poisson', 'max_depth': 20, 'max_features': 1.0, 'max_samples': 1.0, 'min_samples_leaf': 1, 'min_samples_split': 2, 'n_estimators': 1000}",-9.888748769810237,-10.091590389767624,-10.382672145375226,-10.101155653186042,-9.912079125959064,-10.075249216819637,0.17711800002618103,26,-14.076433131687633,-14.574787436853244,-14.908356364979989,-13.954979408433909,-14.06661886201029,-14.316235040793012,0.3654520018544908,12,-0.4019933554817276,-0.3787465940054496,-0.42084592145015104,-0.38053630611630007,-0.4234478601567209,-0.4011140074420698,0.01904030270859251,28,0.6895113921558239,-1.4665408648061309,1.2095918913137027,-1.313637065733588,0.34101540977127426,-0.10801184745978362,1.0837787288744027,73,-13.157257474180927,-11.38630638726931,-13.772575004106374,-11.54622889618159,-12.106678885962014,-12.393809329540042,0.9273345152903089,18,10.075249216819637,14.316235040793012,0.4011140074420698,12.393809329540042,-0.10801184745978362,n1000__poisson__boostrap_true__samples_1.0
102.40953078269959,1.8478410897670374,7.14107928276062,0.9047110469418702,True,poisson,20,1.0,1.0,1,4,1000,"{'bootstrap': True, 'criterion': 'poisson', 'max_depth': 20, 'max_features': 1.0, 'max_samples': 1.0, 'min_samples_leaf': 1, 'min_samples_split': 4, 'n_estimators': 1000}",-9.876096200258596,-10.066329991179142,-10.376774156791992,-10.103294894595328,-9.923449699515333,-10.069188988468078,0.17567287079914937,21,-14.061398802614791,-14.553841480204662,-14.891533948877038,-13.934260645437387,-14.085925712947013,-14.305392118016178,0.36075646697178715,3,-0.4013893083660526,-0.37541628822282774,-0.4172205438066465,-0.3811388972582103,-0.4219409282700422,-0.3994211931847559,0.018645678506379496,1,0.6552344753859742,-1.4778630262504768,1.1506745069802742,-1.317588094870781,0.3453202732480892,-0.12884437310138402,1.068619977313615,75,-13.118598896561009,-11.438591284338465,-13.814574611544607,-11.52559718114062,-12.168492417724654,-12.413170878261871,0.9229324042880389,26,10.069188988468078,14.305392118016178,0.3994211931847559,12.413170878261871,-0.12884437310138402,n1000__poisson__boostrap_true__samples_1.0
95.56221323013305,0.7193063893200811,4.262041521072388,1.4786566358638416,True,poisson,20,1.0,1.0,1,8,1000,"{'bootstrap': True, 'criterion': 'poisson', 'max_depth': 20, 'max_features': 1.0, 'max_samples': 1.0, 'min_samples_leaf': 1, 'min_samples_split': 8, 'n_estimators': 1000}",-9.913136023051331,-10.102798691224786,-10.407030245828272,-10.140227079050538,-9.939692919464616,-10.100576991723909,0.17692284406965808,53,-14.092395386847192,-14.576487283468126,-14.921269969592135,-13.993104536160285,-14.08908217867654,-14.334467870948856,0.3572820316997253,38,-0.40471156750226517,-0.37904934907659704,-0.41812688821752264,-0.3799337149743899,-0.4234478601567209,-0.4010538759854991,0.01863661657376335,23,0.6266657382225698,-1.4816668403970426,1.16044206445463,-1.375805326505714,0.3357944890416075,-0.14691397503678982,1.080032593337495,78,-13.021374489394733,-11.372044130704486,-13.832490371039162,-11.534145835327624,-12.133120007624072,-12.378634966818016,0.9288136766872366,12,10.100576991723909,14.334467870948856,0.4010538759854991,12.378634966818016,-0.14691397503678982,n1000__poisson__boostrap_true__samples_1.0
91.29762573242188,2.4040220436520787,6.6315165042877195,1.269866093470071,True,poisson,20,1.0,1.0,2,2,1000,"{'bootstrap': True, 'criterion': 'poisson', 'max_depth': 20, 'max_features': 1.0, 'max_samples': 1.0, 'min_samples_leaf': 2, 'min_samples_split': 2, 'n_estimators': 1000}",-9.839353154436226,-10.067672281160482,-10.340432782482097,-10.030572665523358,-9.886466386959361,-10.032899454112306,0.17589435737304548,1,-14.069018012620706,-14.581258823444696,-14.886009997597245,-13.8934281381775,-14.075230158052895,-14.300989025978605,0.37193660517779514,1,-0.4035034732709151,-0.3766273085074175,-0.41933534743202416,-0.3799337149743899,-0.4246534056660639,-0.40081064997016214,0.019695548388803278,16,0.7669633308360172,-1.385970678741875,1.2638969651950978,-1.240823872458306,0.45354292405431107,-0.02847826622295102,1.0814687253911235,37,-13.142782141742664,-11.525586974593516,-13.836574735162651,-11.567476702689497,-12.174645455622201,-12.449413201962106,0.9068342524845122,42,10.032899454112306,14.300989025978605,0.40081064997016214,12.449413201962106,-0.02847826622295102,n1000__poisson__boostrap_true__samples_1.0
92.40458965301514,0.6188414224128854,4.707829427719116,0.8916326112540935,True,poisson,20,1.0,1.0,2,4,1000,"{'bootstrap': True, 'criterion': 'poisson', 'max_depth': 20, 'max_features': 1.0, 'max_samples': 1.0, 'min_samples_leaf': 2, 'min_samples_split': 4, 'n_estimators': 1000}",-9.839353154436225,-10.067672281160485,-10.340432782482099,-10.030572665523358,-9.886466386959361,-10.032899454112306,0.17589435737304665,1,-14.069018012620706,-14.581258823444697,-14.886009997597245,-13.8934281381775,-14.075230158052895,-14.300989025978605,0.3719366051777954,1,-0.4035034732709151,-0.3766273085074175,-0.41933534743202416,-0.3799337149743899,-0.4246534056660639,-0.40081064997016214,0.019695548388803278,16,0.7669633308360183,-1.3859706787418755,1.2638969651950984,-1.2408238724583063,0.4535429240543105,-0.02847826622295091,1.0814687253911237,36,-13.142782141742664,-11.525586974593516,-13.836574735162648,-11.567476702689495,-12.174645455622203,-12.449413201962106,0.9068342524845114,42,10.032899454112306,14.300989025978605,0.40081064997016214,12.449413201962106,-0.02847826622295091,n1000__poisson__boostrap_true__samples_1.0
88.15826768875122,1.1165361348734602,5.89729676246643,1.5842724507268147,True,poisson,20,1.0,1.0,2,8,1000,"{'bootstrap': True, 'criterion': 'poisson', 'max_depth': 20, 'max_features': 1.0, 'max_samples': 1.0, 'min_samples_leaf': 2, 'min_samples_split': 8, 'n_estimators': 1000}",-9.868495199029116,-10.087104911725534,-10.393157193161493,-10.083650553851964,-9.903564057694737,-10.06719438309257,0.18610493673829173,19,-14.061397582671676,-14.592810178781098,-14.933771875616749,-13.959906008576374,-14.085475750295902,-14.326672279188362,0.3748234861914502,26,-0.4044095439444277,-0.37844383893430217,-0.42114803625377645,-0.380235010545345,-0.4246534056660639,-0.40177796706878305,0.01956522925840094,47,0.7326125388683512,-1.4290026256147423,1.236136187461255,-1.3147626473749974,0.41061921926809075,-0.07287946547840854,1.0933850364619924,66,-13.106896086698473,-11.43908474040958,-13.806657492776647,-11.530879144848274,-12.144237087637565,-12.405550910474108,0.9189534461170867,21,10.06719438309257,14.326672279188362,0.40177796706878305,12.405550910474108,-0.07287946547840854,n1000__poisson__boostrap_true__samples_1.0
70.21950511932373,14.317570289251265,5.196080303192138,1.3733634372116963,True,poisson,20,1.0,1.0,3,2,1000,"{'bootstrap': True, 'criterion': 'poisson', 'max_depth': 20, 'max_features': 1.0, 'max_samples': 1.0, 'min_samples_leaf': 3, 'min_samples_split': 2, 'n_estimators': 1000}",-9.874579844185618,-10.06984746425481,-10.356501237759009,-10.059436265707717,-9.903456570804055,-10.052764276542241,0.17125126293145754,13,-14.10065179091083,-14.595212539435034,-14.91165347125575,-13.944002326897522,-14.100731999317935,-14.330450425563413,0.3640923119405823,30,-0.40410752038659015,-0.37723281864971236,-0.4199395770392749,-0.37902982826152454,-0.42374924653405666,-0.40081179817423174,0.019663584287542522,18,0.7954095153443099,-1.378809525094074,1.2958801114421943,-1.223003329875528,0.47577569039712236,-0.006949507557195089,1.0894912061145698,19,-13.201918822647084,-11.519461602346675,-13.873878512897834,-11.656645832284195,-12.246903500236668,-12.49976165408249,0.907412977360735,73,10.052764276542241,14.330450425563413,0.40081179817423174,12.49976165408249,-0.006949507557195089,n1000__poisson__boostrap_true__samples_1.0
73.09837760925294,7.1521154880536155,2.881416606903076,0.6170112362003187,True,poisson,20,1.0,1.0,3,4,1000,"{'bootstrap': True, 'criterion': 'poisson', 'max_depth': 20, 'max_features': 1.0, 'max_samples': 1.0, 'min_samples_leaf': 3, 'min_samples_split': 4, 'n_estimators': 1000}",-9.87457984418562,-10.06984746425481,-10.356501237759009,-10.059436265707717,-9.903456570804055,-10.052764276542243,0.17125126293145715,14,-14.10065179091083,-14.595212539435034,-14.911653471255748,-13.944002326897522,-14.100731999317935,-14.330450425563413,0.36409231194058167,30,-0.40410752038659015,-0.37723281864971236,-0.4199395770392749,-0.37902982826152454,-0.42374924653405666,-0.40081179817423174,0.019663584287542522,18,0.7954095153443104,-1.378809525094074,1.2958801114421943,-1.223003329875528,0.4757756903971229,-0.00694950755719489,1.0894912061145698,18,-13.201918822647082,-11.519461602346675,-13.873878512897834,-11.656645832284196,-12.246903500236668,-12.499761654082493,0.9074129773607342,74,10.052764276542243,14.330450425563413,0.40081179817423174,12.499761654082493,-0.00694950755719489,n1000__poisson__boostrap_true__samples_1.0
74.4258819103241,1.1481734946984452,2.751696062088013,0.48237732049038606,True,poisson,20,1.0,1.0,3,8,1000,"{'bootstrap': True, 'criterion': 'poisson', 'max_depth': 20, 'max_features': 1.0, 'max_samples': 1.0, 'min_samples_leaf': 3, 'min_samples_split': 8, 'n_estimators': 1000}",-9.87392537617771,-10.082576234065748,-10.369372950277144,-10.072012025639664,-9.910353033538298,-10.061647923939713,0.1751399437038765,17,-14.09621331859808,-14.587318670352508,-14.933865240069574,-13.935465001088954,-14.105891740438494,-14.33175079410952,0.37185733545179567,34,-0.40471156750226517,-0.37571904329397515,-0.4205438066465257,-0.37902982826152454,-0.4228450874020494,-0.40056986662126803,0.019969146700529503,14,0.784309545346212,-1.4106704047316685,1.2707244085774698,-1.2607121785918785,0.47170536570067434,-0.028928652739838155,1.0979608181347391,38,-13.167692472076757,-11.540412954992126,-13.839339891454301,-11.623491332413195,-12.276432561894126,-12.489473842566102,0.8919806862079624,68,10.061647923939713,14.33175079410952,0.40056986662126803,12.489473842566102,-0.028928652739838155,n1000__poisson__boostrap_true__samples_1.0
66.85755934715272,2.985766953017268,2.7931799411773683,0.3693456129552088,True,poisson,20,1.0,1.0,4,2,1000,"{'bootstrap': True, 'criterion': 'poisson', 'max_depth': 20, 'max_features': 1.0, 'max_samples': 1.0, 'min_samples_leaf': 4, 'min_samples_split': 2, 'n_estimators': 1000}",-9.916318640138128,-10.141642143531904,-10.411090035442388,-10.062643119964651,-9.899239605667278,-10.086186708948869,0.18600868667913015,39,-14.153986826665477,-14.664757012089938,-14.984507199011588,-13.940034117512356,-14.102793019114767,-14.369215634878824,0.3917728013686681,81,-0.40682573240712777,-0.3796548592188919,-0.4199395770392749,-0.3811388972582103,-0.4219409282700422,-0.40189999883870947,0.018315008385769303,58,0.824079516761845,-1.3776620328173754,1.3317075221431758,-1.2313034212086884,0.4988070953036032,0.009125736036512021,1.105893746185415,1,-13.20024435690268,-11.542036007053463,-13.981532343743963,-11.585461051451004,-12.321685340650493,-12.52619181996032,0.9452748601019137,91,10.086186708948869,14.369215634878824,0.40189999883870947,12.52619181996032,0.009125736036512021,n1000__poisson__boostrap_true__samples_1.0
62.240358448028566,0.8789810126988514,3.9001466751098635,0.21957698866392866,True,poisson,20,1.0,1.0,4,4,1000,"{'bootstrap': True, 'criterion': 'poisson', 'max_depth': 20, 'max_features': 1.0, 'max_samples': 1.0, 'min_samples_leaf': 4, 'min_samples_split': 4, 'n_estimators': 1000}",-9.916318640138131,-10.141642143531904,-10.411090035442388,-10.062643119964651,-9.899239605667278,-10.086186708948869,0.1860086866791295,39,-14.153986826665477,-14.664757012089936,-14.984507199011588,-13.940034117512356,-14.102793019114767,-14.369215634878824,0.3917728013686678,81,-0.40682573240712777,-0.3796548592188919,-0.4199395770392749,-0.3811388972582103,-0.4219409282700422,-0.40189999883870947,0.018315008385769303,58,0.8240795167618441,-1.3776620328173752,1.3317075221431758,-1.2313034212086882,0.49880709530360345,0.009125736036511988,1.1058937461854146,2,-13.200244356902676,-11.542036007053463,-13.98153234374396,-11.585461051451006,-12.321685340650493,-12.52619181996032,0.9452748601019119,91,10.086186708948869,14.369215634878824,0.40189999883870947,12.52619181996032,0.009125736036511988,n1000__poisson__boostrap_true__samples_1.0
63.4551064491272,0.4340361093729988,4.069673204421997,0.2851126116855754,True,poisson,20,1.0,1.0,4,8,1000,"{'bootstrap': True, 'criterion': 'poisson', 'max_depth': 20, 'max_features': 1.0, 'max_samples': 1.0, 'min_samples_leaf': 4, 'min_samples_split': 8, 'n_estimators': 1000}",-9.916318640138131,-10.141642143531906,-10.411090035442388,-10.062643119964651,-9.899239605667278,-10.086186708948869,0.1860086866791296,39,-14.153986826665477,-14.664757012089936,-14.98450719901159,-13.940034117512356,-14.102793019114767,-14.369215634878824,0.3917728013686684,81,-0.40682573240712777,-0.3796548592188919,-0.4199395770392749,-0.3811388972582103,-0.4219409282700422,-0.40189999883870947,0.018315008385769303,58,0.8240795167618448,-1.3776620328173763,1.331707522143176,-1.2313034212086884,0.49880709530360345,0.0091257360365119,1.1058937461854152,3,-13.200244356902676,-11.542036007053463,-13.98153234374396,-11.585461051451004,-12.321685340650493,-12.52619181996032,0.9452748601019122,91,10.086186708948869,14.369215634878824,0.40189999883870947,12.52619181996032,0.0091257360365119,n1000__poisson__boostrap_true__samples_1.0
85.58152537345886,0.9716032180965866,5.249061632156372,0.17457393667844845,True,poisson,22,0.875,1.0,1,2,1000,"{'bootstrap': True, 'criterion': 'poisson', 'max_depth': 22, 'max_features': 0.875, 'max_samples': 1.0, 'min_samples_leaf': 1, 'min_samples_split': 2, 'n_estimators': 1000}",-9.93183350532939,-10.167009450460652,-10.403386099457304,-10.185338058186106,-9.972865420897321,-10.132086506866155,0.16918122087807952,73,-14.089793976885975,-14.570995049717956,-14.893226387011827,-14.010545734846758,-14.091849990809273,-14.33128222785436,0.34402318073525245,33,-0.40320144971307764,-0.37753557372085983,-0.42356495468277944,-0.380235010545345,-0.42374924653405666,-0.40165724703922373,0.020055702420262844,43,0.6331630757603,-1.5734249957599002,1.1788462079208493,-1.3707814096389608,0.34125528758112006,-0.15818836682731835,1.107846480974149,80,-13.101387146062908,-11.381158562099671,-13.672321304358666,-11.590932455042783,-12.170075572806352,-12.383175008074076,0.8780459485160113,14,10.132086506866155,14.33128222785436,0.40165724703922373,12.383175008074076,-0.15818836682731835,n1000__poisson__boostrap_true__samples_1.0
76.57709703445434,1.040823645399343,5.022061729431153,0.8290468470151018,True,poisson,22,0.875,1.0,1,4,1000,"{'bootstrap': True, 'criterion': 'poisson', 'max_depth': 22, 'max_features': 0.875, 'max_samples': 1.0, 'min_samples_leaf': 1, 'min_samples_split': 4, 'n_estimators': 1000}",-9.942921030154421,-10.170878347956084,-10.422568395024685,-10.186951848358984,-9.973764412340033,-10.13941680676684,0.17290201658278098,78,-14.123622699286612,-14.585988173951684,-14.916960740734746,-14.001403254900907,-14.078975729392855,-14.34139011965336,0.3529829394777377,48,-0.4022953790395651,-0.3745080230093854,-0.41933534743202416,-0.3793311238324797,-0.4258589511754069,-0.4002657648977722,0.020613102431018528,10,0.6392951198312673,-1.57638796753041,1.1664817541740315,-1.4249775912065261,0.33191566836238856,-0.17273460327384976,1.1176689928364292,83,-13.152296423649627,-11.474374182112369,-13.818355905564754,-11.549242477954332,-12.099874914285435,-12.418828780713302,0.9215809624881899,27,10.13941680676684,14.34139011965336,0.4002657648977722,12.418828780713302,-0.17273460327384976,n1000__poisson__boostrap_true__samples_1.0
67.18697190284729,0.4927294631335754,5.002012395858765,0.06992913536899444,True,poisson,22,0.875,1.0,1,8,1000,"{'bootstrap': True, 'criterion': 'poisson', 'max_depth': 22, 'max_features': 0.875, 'max_samples': 1.0, 'min_samples_leaf': 1, 'min_samples_split': 8, 'n_estimators': 1000}",-9.999537164774022,-10.190213173648626,-10.450163484088389,-10.201361961423054,-9.982140988242607,-10.16468335443534,0.1697592269782338,94,-14.165194999296077,-14.557747086540775,-14.947604622075525,-14.019357883831951,-14.100962864833464,-14.35817349131556,0.34798065993730243,66,-0.40169133192389006,-0.37783832879200724,-0.42205438066465256,-0.3808376016872552,-0.4267631103074141,-0.4018369506750439,0.020233564314869116,52,0.6169156247273919,-1.5951599022053555,1.1523968810452447,-1.4401405256784696,0.30242979066794323,-0.19271162628864907,1.1165051034841025,90,-13.214689919563602,-11.373982754638273,-13.745338156260678,-11.502568807451057,-12.049507713426982,-12.377217470268118,0.9436098958267842,11,10.16468335443534,14.35817349131556,0.4018369506750439,12.377217470268118,-0.19271162628864907,n1000__poisson__boostrap_true__samples_1.0
70.62291040420533,0.6737095610980576,4.625798320770263,0.36383516116355846,True,poisson,22,0.875,1.0,2,2,1000,"{'bootstrap': True, 'criterion': 'poisson', 'max_depth': 22, 'max_features': 0.875, 'max_samples': 1.0, 'min_samples_leaf': 2, 'min_samples_split': 2, 'n_estimators': 1000}",-9.91935832883337,-10.141634469196548,-10.393174298720592,-10.105171909099141,-9.927965789307953,-10.09746095903152,0.17315097254386366,51,-14.121391296732183,-14.561457405502445,-14.928068504169968,-13.93781092761961,-14.088656796813803,-14.327476986167602,0.3651857170114621,28,-0.4053156146179402,-0.37935210414774445,-0.41933534743202416,-0.38234407954203076,-0.42766726943942135,-0.40280288303583217,0.019320329091907472,77,0.7528295459439396,-1.469879592833435,1.2925093223635962,-1.286353179710552,0.4641587411592269,-0.049347032615444875,1.1185571852057778,58,-13.165280943885126,-11.42969128357038,-13.933578092863353,-11.532568700882871,-12.1497777280092,-12.442179349842185,0.968005005305874,34,10.09746095903152,14.327476986167602,0.40280288303583217,12.442179349842185,-0.049347032615444875,n1000__poisson__boostrap_true__samples_1.0
69.97713527679443,1.7424778314657452,4.585449266433716,0.3151456225960575,True,poisson,22,0.875,1.0,2,4,1000,"{'bootstrap': True, 'criterion': 'poisson', 'max_depth': 22, 'max_features': 0.875, 'max_samples': 1.0, 'min_samples_leaf': 2, 'min_samples_split': 4, 'n_estimators': 1000}",-9.919358328833372,-10.14163446919655,-10.393174298720593,-10.105171909099141,-9.927965789307953,-10.097460959031523,0.173150972543864,52,-14.121391296732183,-14.561457405502445,-14.928068504169966,-13.937810927619608,-14.088656796813803,-14.327476986167602,0.36518571701146185,28,-0.4053156146179402,-0.37935210414774445,-0.41933534743202416,-0.38234407954203076,-0.42766726943942135,-0.40280288303583217,0.019320329091907472,77,0.7528295459439399,-1.4698795928334347,1.2925093223635966,-1.2863531797105527,0.46415874115922773,-0.04934703261544464,1.118557185205778,57,-13.165280943885126,-11.429691283570378,-13.93357809286335,-11.532568700882871,-12.1497777280092,-12.442179349842185,0.9680050053058734,34,10.097460959031523,14.327476986167602,0.40280288303583217,12.442179349842185,-0.04934703261544464,n1000__poisson__boostrap_true__samples_1.0
60.388061952590945,0.7980267352468196,5.049311923980713,0.6721324583175029,True,poisson,22,0.875,1.0,2,8,1000,"{'bootstrap': True, 'criterion': 'poisson', 'max_depth': 22, 'max_features': 0.875, 'max_samples': 1.0, 'min_samples_leaf': 2, 'min_samples_split': 8, 'n_estimators': 1000}",-9.936615858130375,-10.188673397441823,-10.411910018047559,-10.148893861421351,-9.970668884630493,-10.131352403934319,0.17090786378156195,69,-14.129672566830177,-14.5954892500296,-14.928466116218742,-13.981703006238938,-14.123429392062315,-14.351752066275955,0.3550757002708026,62,-0.40561763817577773,-0.37693006357856496,-0.4205438066465257,-0.380235010545345,-0.4258589511754069,-0.40183709402432405,0.020140970227158918,53,0.7382381261327498,-1.5516686374195434,1.2528137120657588,-1.3342761968068764,0.42492368638634254,-0.09399386192831374,1.134803257537093,71,-13.158764535329562,-11.457038844318708,-13.868619090041337,-11.59101268972086,-12.20544095917688,-12.45617522371747,0.9271760137742651,46,10.131352403934319,14.351752066275955,0.40183709402432405,12.45617522371747,-0.09399386192831374,n1000__poisson__boostrap_true__samples_1.0
60.97091450691223,0.5756035919985149,4.61341347694397,0.7213932182776991,True,poisson,22,0.875,1.0,3,2,1000,"{'bootstrap': True, 'criterion': 'poisson', 'max_depth': 22, 'max_features': 0.875, 'max_samples': 1.0, 'min_samples_leaf': 3, 'min_samples_split': 2, 'n_estimators': 1000}",-9.922746423961124,-10.142494148528057,-10.412850276651499,-10.10705939460602,-9.934800776097978,-10.103990203968936,0.1779667881769398,55,-14.14306799980649,-14.549540450258753,-14.94952919162087,-13.95572084981465,-14.089391700156861,-14.337450038331525,0.3645977844495874,43,-0.4080338266384778,-0.3766273085074175,-0.42114803625377645,-0.38264537511298585,-0.4267631103074141,-0.4030435313640144,0.02014545198268179,79,0.8107411944830363,-1.4929417134646559,1.3195957708751285,-1.2748490336163412,0.48746828621135807,-0.029997099102294845,1.138935950925045,41,-13.15269337700541,-11.482906629025086,-13.929123535621642,-11.540986688238089,-12.210836422578522,-12.463309330493749,0.9486277173090814,50,10.103990203968936,14.337450038331525,0.4030435313640144,12.463309330493749,-0.029997099102294845,n1000__poisson__boostrap_true__samples_1.0
60.73417019844055,0.3888393041028542,4.603656005859375,0.6274274627357143,True,poisson,22,0.875,1.0,3,4,1000,"{'bootstrap': True, 'criterion': 'poisson', 'max_depth': 22, 'max_features': 0.875, 'max_samples': 1.0, 'min_samples_leaf': 3, 'min_samples_split': 4, 'n_estimators': 1000}",-9.922746423961124,-10.142494148528057,-10.412850276651499,-10.10705939460602,-9.934800776097974,-10.103990203968934,0.1779667881769405,54,-14.14306799980649,-14.549540450258753,-14.94952919162087,-13.95572084981465,-14.089391700156861,-14.337450038331525,0.3645977844495874,43,-0.4080338266384778,-0.3766273085074175,-0.42114803625377645,-0.38264537511298585,-0.4267631103074141,-0.4030435313640144,0.02014545198268179,79,0.8107411944830365,-1.4929417134646559,1.3195957708751291,-1.274849033616341,0.4874682862113578,-0.02999709910229468,1.138935950925045,40,-13.15269337700541,-11.482906629025086,-13.92912353562164,-11.540986688238089,-12.210836422578522,-12.463309330493749,0.9486277173090808,50,10.103990203968934,14.337450038331525,0.4030435313640144,12.463309330493749,-0.02999709910229468,n1000__poisson__boostrap_true__samples_1.0
57.50950541496277,0.8434598146637625,4.823266124725341,0.7561138962011837,True,poisson,22,0.875,1.0,3,8,1000,"{'bootstrap': True, 'criterion': 'poisson', 'max_depth': 22, 'max_features': 0.875, 'max_samples': 1.0, 'min_samples_leaf': 3, 'min_samples_split': 8, 'n_estimators': 1000}",-9.959866212492205,-10.173059827038957,-10.436633975469883,-10.135469286291487,-9.9435733620534,-10.129720532669186,0.178666428400807,66,-14.176931403557367,-14.595573464122477,-14.97612352725535,-13.96381228166258,-14.100725581479777,-14.362633251615511,0.37222854028936875,74,-0.4083358501963153,-0.3802603693611868,-0.41963746223564957,-0.3796324194034348,-0.4258589511754069,-0.4027450104743987,0.01944539854071195,74,0.8167270810466074,-1.508830732299339,1.311561576368821,-1.3056551964607404,0.4948778964725317,-0.03826387497442384,1.1494456121169596,52,-13.195747187465608,-11.392495501562482,-13.998029977172827,-11.629425779423908,-12.255761244086713,-12.494291937942307,0.9769455777056908,72,10.129720532669186,14.362633251615511,0.4027450104743987,12.494291937942307,-0.03826387497442384,n1000__poisson__boostrap_true__samples_1.0
56.40034584999084,0.6865849263055434,4.092595767974854,0.3868870521280015,True,poisson,22,0.875,1.0,4,2,1000,"{'bootstrap': True, 'criterion': 'poisson', 'max_depth': 22, 'max_features': 0.875, 'max_samples': 1.0, 'min_samples_leaf': 4, 'min_samples_split': 2, 'n_estimators': 1000}",-9.987203530465095,-10.186813305610965,-10.455184838878294,-10.139868501746776,-9.956351774441941,-10.145084390228615,0.17803211073608205,80,-14.215688806287341,-14.578199094104153,-15.00435555062529,-14.008201438399766,-14.123276215033414,-14.385944220889993,0.3633360720449382,87,-0.4077318030806403,-0.3802603693611868,-0.4229607250755287,-0.3811388972582103,-0.42857142857142855,-0.4041326446693989,0.02031404765210329,91,0.8472627728282213,-1.4965952067090944,1.3327353589553117,-1.254906892747381,0.5141162325616275,-0.011477547022262979,1.1464975443144179,28,-13.286265900075618,-11.426668145172325,-13.935005662439014,-11.655805367695253,-12.215546008170831,-12.503858216710608,0.9615613146274488,75,10.145084390228615,14.385944220889993,0.4041326446693989,12.503858216710608,-0.011477547022262979,n1000__poisson__boostrap_true__samples_1.0
55.8820677280426,0.49165230504812363,4.293354225158692,0.16746605442773482,True,poisson,22,0.875,1.0,4,4,1000,"{'bootstrap': True, 'criterion': 'poisson', 'max_depth': 22, 'max_features': 0.875, 'max_samples': 1.0, 'min_samples_leaf': 4, 'min_samples_split': 4, 'n_estimators': 1000}",-9.987203530465095,-10.186813305610965,-10.455184838878294,-10.139868501746776,-9.956351774441941,-10.145084390228615,0.17803211073608205,80,-14.215688806287341,-14.578199094104152,-15.00435555062529,-14.008201438399766,-14.123276215033414,-14.385944220889991,0.363336072044938,85,-0.4077318030806403,-0.3802603693611868,-0.4229607250755287,-0.3811388972582103,-0.42857142857142855,-0.4041326446693989,0.02031404765210329,91,0.8472627728282215,-1.4965952067090933,1.3327353589553126,-1.2549068927473805,0.5141162325616278,-0.011477547022262401,1.1464975443144179,26,-13.28626590007562,-11.426668145172325,-13.935005662439014,-11.655805367695251,-12.215546008170831,-12.503858216710608,0.9615613146274494,75,10.145084390228615,14.385944220889991,0.4041326446693989,12.503858216710608,-0.011477547022262401,n1000__poisson__boostrap_true__samples_1.0
53.710903787612914,0.9891321244450864,5.261525011062622,0.40935109355589594,True,poisson,22,0.875,1.0,4,8,1000,"{'bootstrap': True, 'criterion': 'poisson', 'max_depth': 22, 'max_features': 0.875, 'max_samples': 1.0, 'min_samples_leaf': 4, 'min_samples_split': 8, 'n_estimators': 1000}",-9.987203530465095,-10.186813305610967,-10.455184838878298,-10.139868501746776,-9.956351774441941,-10.145084390228615,0.17803211073608335,80,-14.215688806287341,-14.578199094104152,-15.00435555062529,-14.008201438399766,-14.123276215033414,-14.385944220889991,0.363336072044938,85,-0.4077318030806403,-0.3802603693611868,-0.4229607250755287,-0.3811388972582103,-0.42857142857142855,-0.4041326446693989,0.02031404765210329,91,0.8472627728282215,-1.4965952067090935,1.3327353589553121,-1.2549068927473812,0.5141162325616283,-0.011477547022262558,1.146497544314418,27,-13.28626590007562,-11.426668145172325,-13.935005662439014,-11.655805367695251,-12.215546008170831,-12.503858216710608,0.9615613146274494,75,10.145084390228615,14.385944220889991,0.4041326446693989,12.503858216710608,-0.011477547022262558,n1000__poisson__boostrap_true__samples_1.0
97.17927241325378,1.5980578782808397,5.469540405273437,0.39487650097550475,True,poisson,22,1.0,1.0,1,2,1000,"{'bootstrap': True, 'criterion': 'poisson', 'max_depth': 22, 'max_features': 1.0, 'max_samples': 1.0, 'min_samples_leaf': 1, 'min_samples_split': 2, 'n_estimators': 1000}",-9.891918579603797,-10.086368600599291,-10.370602385768318,-10.109302506569376,-9.944792721833522,-10.08059695887486,0.1667349930560646,27,-14.07491716329292,-14.588240821782911,-14.882193498355415,-13.96039052648546,-14.12161140433392,-14.325470682850128,0.3511716478845611,23,-0.4028994261552401,-0.3760217983651226,-0.4190332326283988,-0.3808376016872552,-0.4219409282700422,-0.4001465974212118,0.018942645846803784,8,0.639696627315225,-1.4956249116790925,1.1494279214151661,-1.3286257756801834,0.3519186270617295,-0.13664150231343106,1.0735947903249885,76,-13.069781840370645,-11.423199035629391,-13.745962623207403,-11.52811157825207,-12.201602948440874,-12.393731605180076,0.8959595489679599,17,10.08059695887486,14.325470682850128,0.4001465974212118,12.393731605180076,-0.13664150231343106,n1000__poisson__boostrap_true__samples_1.0
85.39701166152955,0.23006559506589677,3.1936642646789553,0.2925373209985044,True,poisson,22,1.0,1.0,1,4,1000,"{'bootstrap': True, 'criterion': 'poisson', 'max_depth': 22, 'max_features': 1.0, 'max_samples': 1.0, 'min_samples_leaf': 1, 'min_samples_split': 4, 'n_estimators': 1000}",-9.89959419967654,-10.117499446015616,-10.38221027225949,-10.104095128173784,-9.947814358579349,-10.090242680940957,0.169004477062704,47,-14.070911121369575,-14.625182919005985,-14.893467887690168,-13.978278173528656,-14.103607084201078,-14.334289437159091,0.3596181481364509,36,-0.40410752038659015,-0.37753557372085983,-0.4199395770392749,-0.3793311238324797,-0.4231464737793852,-0.4008120537517179,0.019384392888362616,20,0.6210664272537947,-1.482374574378503,1.1380627440477897,-1.3840732253402854,0.29491003156097234,-0.16248171937124636,1.0722848287078577,81,-13.017155207685477,-11.436173797521002,-13.716584058984568,-11.493944676530731,-12.103048264417943,-12.353381201027943,0.8878609242099669,3,10.090242680940957,14.334289437159091,0.4008120537517179,12.353381201027943,-0.16248171937124636,n1000__poisson__boostrap_true__samples_1.0
72.65418872833251,3.1992818335841147,4.702968263626099,0.9928328790736142,True,poisson,22,1.0,1.0,1,8,1000,"{'bootstrap': True, 'criterion': 'poisson', 'max_depth': 22, 'max_features': 1.0, 'max_samples': 1.0, 'min_samples_leaf': 1, 'min_samples_split': 8, 'n_estimators': 1000}",-9.939704732421884,-10.12185965323291,-10.416797082853579,-10.133403546275837,-9.9434075213045,-10.111034507217742,0.1741039967904532,62,-14.112345358387328,-14.611369656060326,-14.940085393235771,-13.97266062893571,-14.089409436869909,-14.34517409469781,0.36964052614319176,55,-0.4044095439444277,-0.37753557372085983,-0.4163141993957704,-0.37782464597770415,-0.42163954189270647,-0.39954470098629374,0.018704155908004293,2,0.6143366110313235,-1.531921974423394,1.1178430167958002,-1.4077730182987425,0.28362757091108676,-0.1847775587967852,1.0830810825076982,88,-13.048704588563696,-11.376328850484297,-13.853286912133322,-11.547196061545444,-12.127699226580173,-12.390643127861386,0.936135420537002,16,10.111034507217742,14.34517409469781,0.39954470098629374,12.390643127861386,-0.1847775587967852,n1000__poisson__boostrap_true__samples_1.0
74.63623762130737,0.9472829576831506,4.729229831695557,0.42827516256491444,True,poisson,22,1.0,1.0,2,2,1000,"{'bootstrap': True, 'criterion': 'poisson', 'max_depth': 22, 'max_features': 1.0, 'max_samples': 1.0, 'min_samples_leaf': 2, 'min_samples_split': 2, 'n_estimators': 1000}",-9.83778438353088,-10.054509630716996,-10.343108135750406,-10.042287652339898,-9.901692883707426,-10.03587653720912,0.1743704699363246,3,-14.074411887904144,-14.566737902258739,-14.88973034238685,-13.919936614207586,-14.090363524306435,-14.30823605421275,0.3627333587549706,6,-0.40380549682875266,-0.37693006357856496,-0.4178247734138973,-0.37842723711961435,-0.4219409282700422,-0.39978569984217427,0.01903147460768998,4,0.7632465863919115,-1.390325033248174,1.2475776905709839,-1.269110093208178,0.4283912439551428,-0.04404392110766279,1.0822623799590825,53,-13.126407457522198,-11.49309306242551,-13.870271180449674,-11.591630700142588,-12.241149691280143,-12.464510418364023,0.9132066257940019,52,10.03587653720912,14.30823605421275,0.39978569984217427,12.464510418364023,-0.04404392110766279,n1000__poisson__boostrap_true__samples_1.0
76.237802028656,0.3920523241915285,3.059590768814087,0.5788319938397073,True,poisson,22,1.0,1.0,2,4,1000,"{'bootstrap': True, 'criterion': 'poisson', 'max_depth': 22, 'max_features': 1.0, 'max_samples': 1.0, 'min_samples_leaf': 2, 'min_samples_split': 4, 'n_estimators': 1000}",-9.83778438353088,-10.054509630716996,-10.343108135750406,-10.042287652339898,-9.901692883707424,-10.03587653720912,0.1743704699363249,3,-14.074411887904144,-14.566737902258739,-14.88973034238685,-13.919936614207586,-14.090363524306435,-14.30823605421275,0.3627333587549706,6,-0.40380549682875266,-0.37693006357856496,-0.4178247734138973,-0.37842723711961435,-0.4219409282700422,-0.39978569984217427,0.01903147460768998,4,0.7632465863919108,-1.390325033248175,1.2475776905709846,-1.2691100932081774,0.42839124395514255,-0.04404392110766288,1.0822623799590825,54,-13.126407457522198,-11.49309306242551,-13.870271180449674,-11.591630700142588,-12.241149691280143,-12.464510418364023,0.9132066257940019,52,10.03587653720912,14.30823605421275,0.39978569984217427,12.464510418364023,-0.04404392110766288,n1000__poisson__boostrap_true__samples_1.0
67.56824893951416,2.5716216136988113,4.2914386749267575,0.7244782211027504,True,poisson,22,1.0,1.0,2,8,1000,"{'bootstrap': True, 'criterion': 'poisson', 'max_depth': 22, 'max_features': 1.0, 'max_samples': 1.0, 'min_samples_leaf': 2, 'min_samples_split': 8, 'n_estimators': 1000}",-9.86644145793462,-10.09394041149344,-10.38585277969503,-10.081782610165284,-9.901060966646062,-10.065815645186888,0.18458812776459677,18,-14.065677413530603,-14.598415982530662,-14.92977270235265,-13.959471199918926,-14.082939495180925,-14.327255358702752,0.37414801438331796,27,-0.40380549682875266,-0.3766273085074175,-0.4202416918429003,-0.38294667068394095,-0.4240506329113924,-0.40153436015488075,0.01912050355592186,35,0.7359070801617188,-1.4644287004712104,1.2356656776249444,-1.289116807927209,0.4232258068682941,-0.07174938874869244,1.0980148150555127,65,-13.128038896648086,-11.456301117968824,-13.827184073950077,-11.480274507328154,-12.173412762800513,-12.41304227173913,0.9331504540627703,23,10.065815645186888,14.327255358702752,0.40153436015488075,12.41304227173913,-0.07174938874869244,n1000__poisson__boostrap_true__samples_1.0
65.0543867111206,1.4069907688066972,5.389303731918335,0.5002628360920706,True,poisson,22,1.0,1.0,3,2,1000,"{'bootstrap': True, 'criterion': 'poisson', 'max_depth': 22, 'max_features': 1.0, 'max_samples': 1.0, 'min_samples_leaf': 3, 'min_samples_split': 2, 'n_estimators': 1000}",-9.871172614410813,-10.07660682593028,-10.362610336166663,-10.041292974114782,-9.915234108415852,-10.053383371807678,0.17239071965234837,15,-14.104157806042506,-14.598858065539051,-14.93033520344712,-13.924218525549826,-14.122862085285474,-14.336086337172796,0.3717717621587645,40,-0.4044095439444277,-0.37693006357856496,-0.4202416918429003,-0.3811388972582103,-0.42374924653405666,-0.401293888631632,0.019353497366451602,33,0.794051642686698,-1.3604780011432505,1.288701068912447,-1.2239925252527317,0.4736892175686254,-0.005605719445642354,1.0830097787302828,13,-13.186167854835647,-11.561997392880144,-13.86263147045717,-11.567043553270016,-12.258338405269022,-12.4872357353424,0.909443034593743,63,10.053383371807678,14.336086337172796,0.401293888631632,12.4872357353424,-0.005605719445642354,n1000__poisson__boostrap_true__samples_1.0
68.28040471076966,0.5168890543790968,3.7782167911529543,0.5836708912544641,True,poisson,22,1.0,1.0,3,4,1000,"{'bootstrap': True, 'criterion': 'poisson', 'max_depth': 22, 'max_features': 1.0, 'max_samples': 1.0, 'min_samples_leaf': 3, 'min_samples_split': 4, 'n_estimators': 1000}",-9.871172614410815,-10.07660682593028,-10.362610336166663,-10.041292974114782,-9.915234108415852,-10.053383371807678,0.172390719652348,15,-14.104157806042505,-14.598858065539051,-14.93033520344712,-13.924218525549827,-14.122862085285474,-14.336086337172796,0.37177176215876434,40,-0.4044095439444277,-0.37693006357856496,-0.4202416918429003,-0.3811388972582103,-0.42374924653405666,-0.401293888631632,0.019353497366451602,33,0.7940516426866981,-1.3604780011432502,1.2887010689124465,-1.2239925252527317,0.47368921756862487,-0.005605719445642488,1.0830097787302826,14,-13.186167854835647,-11.561997392880144,-13.862631470457172,-11.567043553270015,-12.258338405269022,-12.487235735342399,0.9094430345937439,62,10.053383371807678,14.336086337172796,0.401293888631632,12.487235735342399,-0.005605719445642488,n1000__poisson__boostrap_true__samples_1.0
66.45839824676514,2.1871069949096364,2.9098766803741456,0.7707244711596485,True,poisson,22,1.0,1.0,3,8,1000,"{'bootstrap': True, 'criterion': 'poisson', 'max_depth': 22, 'max_features': 1.0, 'max_samples': 1.0, 'min_samples_leaf': 3, 'min_samples_split': 8, 'n_estimators': 1000}",-9.891926706284343,-10.107101532294376,-10.362521752638784,-10.072762588462398,-9.923287314417898,-10.071519978819559,0.1674373254252857,22,-14.108335010937024,-14.617594339196916,-14.914544129001854,-13.94211497258334,-14.138840042997177,-14.344285698943262,0.363184313468738,52,-0.4059196617336152,-0.3745080230093854,-0.41812688821752264,-0.3808376016872552,-0.4255575647980711,-0.40098994788916986,0.020144249828517025,22,0.7700630262373254,-1.413399280965933,1.27283566339575,-1.2656938303599903,0.48904479630158376,-0.029429925078252827,1.0997836423929341,39,-13.133127977819656,-11.606830451147067,-13.91366800833609,-11.562761553853598,-12.233752812807095,-12.4900281607927,0.9105895232020038,69,10.071519978819559,14.344285698943262,0.40098994788916986,12.4900281607927,-0.029429925078252827,n1000__poisson__boostrap_true__samples_1.0
59.79775848388672,0.670898791002125,4.674769067764283,0.6220148849463731,True,poisson,22,1.0,1.0,4,2,1000,"{'bootstrap': True, 'criterion': 'poisson', 'max_depth': 22, 'max_features': 1.0, 'max_samples': 1.0, 'min_samples_leaf': 4, 'min_samples_split': 2, 'n_estimators': 1000}",-9.917978781799729,-10.125965742465686,-10.385583267169142,-10.075260837967491,-9.915597173480837,-10.084077160576575,0.17246013489135026,34,-14.152388814083801,-14.641974241612225,-14.955471638696169,-13.94800516081031,-14.121964553431619,-14.363960881726825,0.37510545940135254,75,-0.40682573240712777,-0.37693006357856496,-0.4199395770392749,-0.3796324194034348,-0.4246534056660639,-0.40159623961889324,0.019931322924364146,39,0.822729478260377,-1.3950709925915863,1.30310311047855,-1.248642709745668,0.5007659293419657,-0.003423036851272321,1.1073392553316475,10,-13.200625482204535,-11.5815844814595,-13.917105003602108,-11.625216495066754,-12.264546761946795,-12.517815644855938,0.9123209023199407,86,10.084077160576575,14.363960881726825,0.40159623961889324,12.517815644855938,-0.003423036851272321,n1000__poisson__boostrap_true__samples_1.0
61.862807273864746,0.25994841516008416,3.459678316116333,0.2698031117355111,True,poisson,22,1.0,1.0,4,4,1000,"{'bootstrap': True, 'criterion': 'poisson', 'max_depth': 22, 'max_features': 1.0, 'max_samples': 1.0, 'min_samples_leaf': 4, 'min_samples_split': 4, 'n_estimators': 1000}",-9.917978781799729,-10.125965742465686,-10.385583267169142,-10.075260837967491,-9.915597173480839,-10.084077160576577,0.1724601348913499,35,-14.152388814083803,-14.641974241612225,-14.955471638696169,-13.948005160810308,-14.12196455343162,-14.363960881726825,0.3751054594013525,75,-0.40682573240712777,-0.37693006357856496,-0.4199395770392749,-0.3796324194034348,-0.4246534056660639,-0.40159623961889324,0.019931322924364146,39,0.8227294782603765,-1.3950709925915865,1.30310311047855,-1.2486427097456685,0.5007659293419663,-0.003423036851272454,1.1073392553316477,11,-13.200625482204535,-11.581584481459497,-13.917105003602103,-11.625216495066754,-12.264546761946795,-12.517815644855936,0.9123209023199395,85,10.084077160576577,14.363960881726825,0.40159623961889324,12.517815644855936,-0.003423036851272454,n1000__poisson__boostrap_true__samples_1.0
62.363056325912474,0.1868924032254892,2.7151082515716554,0.0536118193914655,True,poisson,22,1.0,1.0,4,8,1000,"{'bootstrap': True, 'criterion': 'poisson', 'max_depth': 22, 'max_features': 1.0, 'max_samples': 1.0, 'min_samples_leaf': 4, 'min_samples_split': 8, 'n_estimators': 1000}",-9.917978781799729,-10.125965742465686,-10.385583267169142,-10.075260837967491,-9.915597173480839,-10.084077160576577,0.1724601348913499,35,-14.152388814083801,-14.641974241612225,-14.955471638696169,-13.948005160810308,-14.121964553431619,-14.363960881726825,0.3751054594013529,75,-0.40682573240712777,-0.37693006357856496,-0.4199395770392749,-0.3796324194034348,-0.4246534056660639,-0.40159623961889324,0.019931322924364146,39,0.8227294782603765,-1.3950709925915865,1.30310311047855,-1.2486427097456687,0.5007659293419663,-0.0034230368512724986,1.107339255331648,12,-13.200625482204535,-11.5815844814595,-13.917105003602108,-11.625216495066756,-12.264546761946795,-12.51781564485594,0.9123209023199403,87,10.084077160576577,14.363960881726825,0.40159623961889324,12.51781564485594,-0.0034230368512724986,n1000__poisson__boostrap_true__samples_1.0
84.50230631828308,2.50002001968663,5.233156967163086,0.9307762893472047,True,poisson,24,0.875,1.0,1,2,1000,"{'bootstrap': True, 'criterion': 'poisson', 'max_depth': 24, 'max_features': 0.875, 'max_samples': 1.0, 'min_samples_leaf': 1, 'min_samples_split': 2, 'n_estimators': 1000}",-9.950718635327702,-10.173705289963216,-10.426902375342356,-10.151687109369005,-9.976289567845466,-10.13586059556955,0.17095524287791325,75,-14.111222664309299,-14.576243456506724,-14.915698783587187,-13.980992783947425,-14.094675878514673,-14.335766713373062,0.3545587769816975,39,-0.4022953790395651,-0.37844383893430217,-0.42235649546827797,-0.3808376016872552,-0.4258589511754069,-0.4019584532609614,0.01993215945932715,61,0.6207283072000455,-1.5650542747073093,1.1717956822720228,-1.4000902966155042,0.2951730199798326,-0.1754895123741825,1.1046448063304941,85,-13.138911721737752,-11.373749721356104,-13.730933680509153,-11.489932682566803,-12.059700235811869,-12.358645608396335,0.9280129473335783,5,10.13586059556955,14.335766713373062,0.4019584532609614,12.358645608396335,-0.1754895123741825,n1000__poisson__boostrap_true__samples_1.0
73.23422026634216,0.454411184999693,2.9504998683929444,0.3540354945704895,True,poisson,24,0.875,1.0,1,4,1000,"{'bootstrap': True, 'criterion': 'poisson', 'max_depth': 24, 'max_features': 0.875, 'max_samples': 1.0, 'min_samples_leaf': 1, 'min_samples_split': 4, 'n_estimators': 1000}",-9.959001228998675,-10.169754461546571,-10.434805740088056,-10.200979613302689,-9.9550408203121,-10.143916372849619,0.17799327458230724,79,-14.121940467064805,-14.561570748718806,-14.924980449032997,-14.021209970617027,-14.05383350808317,-14.336707028703362,0.35279166882814966,42,-0.40561763817577773,-0.37783832879200724,-0.4199395770392749,-0.37842723711961435,-0.4240506329113924,-0.40117468280761337,0.019784852312563238,30,0.601890720413552,-1.595712993383004,1.128484124830658,-1.4277855319219073,0.28523782822034505,-0.20157717036807127,1.1044287376115762,94,-13.018284901155578,-11.346177471692412,-13.767801961467963,-11.591652530295706,-12.074358406478554,-12.359655054218042,0.9071967649764788,6,10.143916372849619,14.336707028703362,0.40117468280761337,12.359655054218042,-0.20157717036807127,n1000__poisson__boostrap_true__samples_1.0
66.88147840499877,0.5862989351078812,4.578276062011719,0.39867679710175524,True,poisson,24,0.875,1.0,1,8,1000,"{'bootstrap': True, 'criterion': 'poisson', 'max_depth': 24, 'max_features': 0.875, 'max_samples': 1.0, 'min_samples_leaf': 1, 'min_samples_split': 8, 'n_estimators': 1000}",-10.002571556437472,-10.198780862736307,-10.475930700264424,-10.210270029334666,-10.002875543633664,-10.178085738481306,0.17417208644459398,96,-14.165302313345512,-14.598208392211964,-14.963217418497077,-14.033833676470271,-14.1033847888878,-14.372789317882525,0.3549477948111957,84,-0.4035034732709151,-0.3760217983651226,-0.4199395770392749,-0.38053630611630007,-0.42616033755274263,-0.40123229846887104,0.020201094297081716,31,0.6177676023154118,-1.597050110013508,1.1354111623339653,-1.44617535833889,0.28751186867435313,-0.20050696700573356,1.113053044066032,93,-13.160158291403741,-11.437808645830676,-13.82501495151103,-11.51545139075019,-12.073375330282179,-12.402361721955563,0.9405745553010781,20,10.178085738481306,14.372789317882525,0.40123229846887104,12.402361721955563,-0.20050696700573356,n1000__poisson__boostrap_true__samples_1.0
64.68356113433838,2.7704219017572314,4.780117750167847,1.003622351823316,True,poisson,24,0.875,1.0,2,2,1000,"{'bootstrap': True, 'criterion': 'poisson', 'max_depth': 24, 'max_features': 0.875, 'max_samples': 1.0, 'min_samples_leaf': 2, 'min_samples_split': 2, 'n_estimators': 1000}",-9.904666335680021,-10.127051899900955,-10.38820080242001,-10.130328987082677,-9.926023368897864,-10.095254278796306,0.17494104978469371,49,-14.098343595932908,-14.566924969261505,-14.918031311617186,-13.979665291367665,-14.068433320164994,-14.326279697668852,0.3596279429833909,24,-0.4050135910601027,-0.3787465940054496,-0.4202416918429003,-0.37902982826152454,-0.4255575647980711,-0.4017178539936096,0.019822974346863413,44,0.7428589735324987,-1.464482024336296,1.2607950060352413,-1.3090931220092188,0.4535059541049103,-0.06328304253457287,1.1122517553632885,61,-13.14465186383395,-11.435838648677086,-13.859876393237558,-11.636598504045633,-12.195211860383573,-12.45443545403556,0.9192667214798041,44,10.095254278796306,14.326279697668852,0.4017178539936096,12.45443545403556,-0.06328304253457287,n1000__poisson__boostrap_true__samples_1.0
65.53126902580262,0.6033601171077074,2.961783742904663,0.5515603967048497,True,poisson,24,0.875,1.0,2,4,1000,"{'bootstrap': True, 'criterion': 'poisson', 'max_depth': 24, 'max_features': 0.875, 'max_samples': 1.0, 'min_samples_leaf': 2, 'min_samples_split': 4, 'n_estimators': 1000}",-9.904666335680021,-10.127051899900955,-10.38820080242001,-10.13032898708268,-9.926023368897864,-10.095254278796306,0.1749410497846938,49,-14.098343595932908,-14.566924969261505,-14.918031311617186,-13.979665291367665,-14.068433320164994,-14.326279697668852,0.3596279429833909,24,-0.4050135910601027,-0.3787465940054496,-0.4202416918429003,-0.37902982826152454,-0.4255575647980711,-0.4017178539936096,0.019822974346863413,44,0.7428589735324981,-1.464482024336295,1.2607950060352413,-1.3090931220092192,0.4535059541049103,-0.06328304253457293,1.1122517553632882,62,-13.14465186383395,-11.435838648677086,-13.859876393237556,-11.636598504045633,-12.195211860383571,-12.45443545403556,0.9192667214798037,44,10.095254278796306,14.326279697668852,0.4017178539936096,12.45443545403556,-0.06328304253457293,n1000__poisson__boostrap_true__samples_1.0
61.81093325614929,0.5325854431334115,3.3522931575775146,0.5779174337402129,True,poisson,24,0.875,1.0,2,8,1000,"{'bootstrap': True, 'criterion': 'poisson', 'max_depth': 24, 'max_features': 0.875, 'max_samples': 1.0, 'min_samples_leaf': 2, 'min_samples_split': 8, 'n_estimators': 1000}",-9.957682078975209,-10.160797278620663,-10.42581408824127,-10.145468344817834,-9.960320738675401,-10.130016505866076,0.1715681981788031,67,-14.15138653071977,-14.57511136744805,-14.935801273639212,-13.986655281249304,-14.106680239094434,-14.351126938430156,0.35341282117977,60,-0.4059196617336152,-0.3787465940054496,-0.41963746223564957,-0.3796324194034348,-0.42706449668474983,-0.4022001268125798,0.01997749791473114,65,0.7281086883150284,-1.5357644875931025,1.235967075705476,-1.337578483861009,0.3988348404256874,-0.10208647340158394,1.1236019424820625,72,-13.162445398250735,-11.386284296068757,-13.895066829612572,-11.600550177982425,-12.12832682126232,-12.434534704635363,0.9540576967423339,33,10.130016505866076,14.351126938430156,0.4022001268125798,12.434534704635363,-0.10208647340158394,n1000__poisson__boostrap_true__samples_1.0
57.437440156936646,3.417787615411201,4.281631565093994,1.3706336168174518,True,poisson,24,0.875,1.0,3,2,1000,"{'bootstrap': True, 'criterion': 'poisson', 'max_depth': 24, 'max_features': 0.875, 'max_samples': 1.0, 'min_samples_leaf': 3, 'min_samples_split': 2, 'n_estimators': 1000}",-9.931522168709025,-10.134390754235088,-10.409777730973804,-10.112900681679944,-9.936579687449962,-10.105034204609565,0.1745139858476402,56,-14.150528504386715,-14.560862849253688,-14.94314470617632,-13.978515514540131,-14.098194280465846,-14.34624917096454,0.3570459805004972,56,-0.40622168529145275,-0.3766273085074175,-0.4232628398791541,-0.3793311238324797,-0.4243520192887282,-0.4019589953598464,0.020626132774147744,62,0.8072416955017828,-1.4993118209901353,1.2976960237530435,-1.273462414363974,0.49359825134065183,-0.034847652951726205,1.1351532074151804,47,-13.21786139568847,-11.463692008242797,-13.830027882992814,-11.65134853424214,-12.289534943503996,-12.490492952934044,0.9079962926529215,70,10.105034204609565,14.34624917096454,0.4019589953598464,12.490492952934044,-0.034847652951726205,n1000__poisson__boostrap_true__samples_1.0
58.20920853614807,1.6622210805183812,3.3637935638427736,0.9436678021857383,True,poisson,24,0.875,1.0,3,4,1000,"{'bootstrap': True, 'criterion': 'poisson', 'max_depth': 24, 'max_features': 0.875, 'max_samples': 1.0, 'min_samples_leaf': 3, 'min_samples_split': 4, 'n_estimators': 1000}",-9.931522168709025,-10.134390754235088,-10.409777730973804,-10.112900681679944,-9.936579687449962,-10.105034204609565,0.1745139858476402,56,-14.150528504386715,-14.560862849253688,-14.94314470617632,-13.978515514540131,-14.098194280465844,-14.34624917096454,0.3570459805004974,56,-0.40622168529145275,-0.3766273085074175,-0.4232628398791541,-0.3793311238324797,-0.4243520192887282,-0.4019589953598464,0.020626132774147744,62,0.807241695501783,-1.4993118209901353,1.2976960237530435,-1.2734624143639743,0.49359825134065183,-0.034847652951726246,1.1351532074151807,48,-13.21786139568847,-11.463692008242798,-13.830027882992814,-11.651348534242137,-12.289534943503998,-12.490492952934044,0.9079962926529217,70,10.105034204609565,14.34624917096454,0.4019589953598464,12.490492952934044,-0.034847652951726246,n1000__poisson__boostrap_true__samples_1.0
58.30875768661499,0.35695551382108437,2.740381193161011,0.32445990976657507,True,poisson,24,0.875,1.0,3,8,1000,"{'bootstrap': True, 'criterion': 'poisson', 'max_depth': 24, 'max_features': 0.875, 'max_samples': 1.0, 'min_samples_leaf': 3, 'min_samples_split': 8, 'n_estimators': 1000}",-9.972712842130834,-10.16084431330505,-10.446361747420651,-10.123161084820046,-9.955769780972915,-10.131769953729899,0.17672727759285078,71,-14.198643052023677,-14.583049059298821,-14.979391434263952,-13.966276637556938,-14.113265721540335,-14.368125180936744,0.3674230514891757,79,-0.40622168529145275,-0.3787465940054496,-0.4226586102719033,-0.3817414884001205,-0.42616033755274263,-0.4031057431043338,0.019866240506219896,81,0.7890077098351207,-1.4956308173508592,1.3093261192445698,-1.289047933997147,0.5067388633229739,-0.035921211789068375,1.138925526888137,51,-13.246117750022039,-11.439328607968301,-13.906835896591096,-11.570805662028887,-12.275319548010524,-12.48768149292417,0.9564546443873404,64,10.131769953729899,14.368125180936744,0.4031057431043338,12.48768149292417,-0.035921211789068375,n1000__poisson__boostrap_true__samples_1.0
54.28878197669983,4.010020989754729,3.8531826972961425,1.4057656267809664,True,poisson,24,0.875,1.0,4,2,1000,"{'bootstrap': True, 'criterion': 'poisson', 'max_depth': 24, 'max_features': 0.875, 'max_samples': 1.0, 'min_samples_leaf': 4, 'min_samples_split': 2, 'n_estimators': 1000}",-9.989309427005912,-10.186241259634391,-10.454168151868284,-10.148160360816012,-9.962913813680315,-10.148158602600983,0.175864052848835,87,-14.213811463706634,-14.58106132665221,-15.004157582618891,-14.010631940929695,-14.133440086228058,-14.3886204800271,0.36179274878643986,90,-0.4074297795228028,-0.3802603693611868,-0.42235649546827797,-0.3808376016872552,-0.42646172393007836,-0.4034691939939202,0.019758093727624996,84,0.8497562996792136,-1.501642422070906,1.3417540960855672,-1.2536546909885666,0.5235648941365493,-0.008044364631628498,1.1508923938030093,22,-13.301759310991272,-11.419279442863132,-13.96441439224866,-11.677557087878673,-12.294747827751362,-12.531551612346622,0.9663175155514329,96,10.148158602600983,14.3886204800271,0.4034691939939202,12.531551612346622,-0.008044364631628498,n1000__poisson__boostrap_true__samples_1.0
53.2138108253479,3.1860608702103206,4.774780559539795,1.0052556169077993,True,poisson,24,0.875,1.0,4,4,1000,"{'bootstrap': True, 'criterion': 'poisson', 'max_depth': 24, 'max_features': 0.875, 'max_samples': 1.0, 'min_samples_leaf': 4, 'min_samples_split': 4, 'n_estimators': 1000}",-9.989309427005914,-10.186241259634391,-10.454168151868284,-10.14816036081601,-9.962913813680315,-10.148158602600983,0.17586405284883466,87,-14.213811463706634,-14.58106132665221,-15.00415758261889,-14.010631940929693,-14.133440086228058,-14.388620480027097,0.3617927487864396,88,-0.4074297795228028,-0.3802603693611868,-0.42235649546827797,-0.3808376016872552,-0.42646172393007836,-0.4034691939939202,0.019758093727624996,84,0.8497562996792145,-1.501642422070906,1.3417540960855678,-1.2536546909885662,0.5235648941365497,-0.008044364631628009,1.1508923938030096,20,-13.301759310991272,-11.419279442863132,-13.964414392248656,-11.677557087878673,-12.294747827751362,-12.531551612346618,0.9663175155514319,94,10.148158602600983,14.388620480027097,0.4034691939939202,12.531551612346618,-0.008044364631628009,n1000__poisson__boostrap_true__samples_1.0
56.54248747825623,0.0993714772812984,3.772596311569214,0.05674649021436068,True,poisson,24,0.875,1.0,4,8,1000,"{'bootstrap': True, 'criterion': 'poisson', 'max_depth': 24, 'max_features': 0.875, 'max_samples': 1.0, 'min_samples_leaf': 4, 'min_samples_split': 8, 'n_estimators': 1000}",-9.989309427005912,-10.186241259634391,-10.454168151868283,-10.14816036081601,-9.962913813680315,-10.148158602600983,0.17586405284883438,87,-14.213811463706634,-14.58106132665221,-15.00415758261889,-14.010631940929695,-14.13344008622806,-14.388620480027097,0.36179274878643897,88,-0.4074297795228028,-0.3802603693611868,-0.42235649546827797,-0.3808376016872552,-0.42646172393007836,-0.4034691939939202,0.019758093727624996,84,0.849756299679214,-1.5016424220709064,1.3417540960855676,-1.2536546909885666,0.5235648941365508,-0.00804436463162812,1.1508923938030098,21,-13.301759310991272,-11.41927944286313,-13.964414392248656,-11.677557087878673,-12.294747827751362,-12.531551612346618,0.9663175155514323,94,10.148158602600983,14.388620480027097,0.4034691939939202,12.531551612346618,-0.00804436463162812,n1000__poisson__boostrap_true__samples_1.0
96.4970730304718,0.4991238602184615,5.932760429382324,0.2836006925269829,True,poisson,24,1.0,1.0,1,2,1000,"{'bootstrap': True, 'criterion': 'poisson', 'max_depth': 24, 'max_features': 1.0, 'max_samples': 1.0, 'min_samples_leaf': 1, 'min_samples_split': 2, 'n_estimators': 1000}",-9.889113728388724,-10.106634370141473,-10.36445110556761,-10.137110756504356,-9.931208268627381,-10.085703645845909,0.16929108055346945,38,-14.051410409439804,-14.605100153701832,-14.866084414024865,-13.991888124973217,-14.094580790536249,-14.321812778535195,0.3493094458321297,19,-0.4028994261552401,-0.3751135331516803,-0.42205438066465256,-0.37812594154865925,-0.4219409282700422,-0.40002684195805494,0.02036670702275582,6,0.6159234704544281,-1.5043376139941789,1.1407397595991717,-1.3694042335638283,0.2872369600297195,-0.16596833149493756,1.0736597383042996,82,-13.036798412807228,-11.4662575405789,-13.629986314853989,-11.59363264925881,-12.108857595958662,-12.367106502691517,0.8390275116769514,8,10.085703645845909,14.321812778535195,0.40002684195805494,12.367106502691517,-0.16596833149493756,n1000__poisson__boostrap_true__samples_1.0
83.85281810760497,1.5577723957732683,4.256346559524536,0.34677829979209457,True,poisson,24,1.0,1.0,1,4,1000,"{'bootstrap': True, 'criterion': 'poisson', 'max_depth': 24, 'max_features': 1.0, 'max_samples': 1.0, 'min_samples_leaf': 1, 'min_samples_split': 4, 'n_estimators': 1000}",-9.88508712916576,-10.107574747522445,-10.375295468733025,-10.111093454031922,-9.944806819121366,-10.084771523714902,0.1703414040208298,37,-14.054624918429486,-14.60040595741979,-14.877027702360351,-13.952553324059956,-14.116348347575537,-14.320192049969023,0.3566012245774171,15,-0.40320144971307764,-0.37723281864971236,-0.41812688821752264,-0.3817414884001205,-0.42163954189270647,-0.4003884373746279,0.01821025263170121,13,0.605802288245816,-1.495363235624224,1.1255230190585708,-1.3893693529321376,0.24690714150711093,-0.18130002794897276,1.067414775994217,87,-13.009488712003643,-11.414981791251938,-13.752785113652521,-11.423599957202121,-12.08581376746436,-12.337333868314916,0.9169732534085979,2,10.084771523714902,14.320192049969023,0.4003884373746279,12.337333868314916,-0.18130002794897276,n1000__poisson__boostrap_true__samples_1.0
73.5516131401062,0.4778714388327614,4.577357530593872,0.21062516856963723,True,poisson,24,1.0,1.0,1,8,1000,"{'bootstrap': True, 'criterion': 'poisson', 'max_depth': 24, 'max_features': 1.0, 'max_samples': 1.0, 'min_samples_leaf': 1, 'min_samples_split': 8, 'n_estimators': 1000}",-9.935119014919378,-10.122008301529842,-10.394615482188971,-10.149329543662109,-9.959680844949915,-10.112150637450043,0.1648351091985531,63,-14.095380315415118,-14.600458210727737,-14.91041302783374,-13.991232756497713,-14.099213734694471,-14.339339609033757,0.35571413440097766,46,-0.40169133192389006,-0.37541628822282774,-0.42235649546827797,-0.37782464597770415,-0.42374924653405666,-0.4002076016253513,0.020797066729797704,9,0.5953187928491698,-1.5400321672710515,1.128849146819375,-1.431803581234049,0.2612760581977931,-0.19727835012775255,1.0884977606132389,92,-13.107623902827697,-11.429946440103539,-13.64186978612934,-11.536470761283386,-12.060147583443845,-12.35521169475756,0.8758000356641845,4,10.112150637450043,14.339339609033757,0.4002076016253513,12.35521169475756,-0.19727835012775255,n1000__poisson__boostrap_true__samples_1.0
74.7794430732727,0.9073967878808823,4.929763698577881,0.3586464526188928,True,poisson,24,1.0,1.0,2,2,1000,"{'bootstrap': True, 'criterion': 'poisson', 'max_depth': 24, 'max_features': 1.0, 'max_samples': 1.0, 'min_samples_leaf': 2, 'min_samples_split': 2, 'n_estimators': 1000}",-9.857690368467777,-10.075045410236402,-10.332723315847929,-10.039274503601623,-9.896948659956411,-10.040336451622029,0.1676994743008335,5,-14.058721534957796,-14.601879120685238,-14.87361729164909,-13.902275351274515,-14.098818823656641,-14.307062424444656,0.3679109868436054,4,-0.40380549682875266,-0.37783832879200724,-0.4202416918429003,-0.3766194636938837,-0.4231464737793852,-0.4003302909873859,0.01998604929047962,11,0.7449596089982986,-1.3763839722911635,1.2456568236163619,-1.2823809472026033,0.4278224486461916,-0.04806520764658294,1.0786139439877669,56,-13.128412144872916,-11.511089234588589,-13.775858469312295,-11.62565188547534,-12.199996630464186,-12.448201672942666,0.8765537602637103,40,10.040336451622029,14.307062424444656,0.4003302909873859,12.448201672942666,-0.04806520764658294,n1000__poisson__boostrap_true__samples_1.0
74.18128833770751,0.8042148797574294,4.667893123626709,1.0846175266865763,True,poisson,24,1.0,1.0,2,4,1000,"{'bootstrap': True, 'criterion': 'poisson', 'max_depth': 24, 'max_features': 1.0, 'max_samples': 1.0, 'min_samples_leaf': 2, 'min_samples_split': 4, 'n_estimators': 1000}",-9.857690368467777,-10.075045410236402,-10.332723315847929,-10.039274503601623,-9.896948659956411,-10.040336451622029,0.1676994743008335,5,-14.058721534957796,-14.601879120685238,-14.87361729164909,-13.902275351274513,-14.098818823656641,-14.307062424444656,0.3679109868436058,4,-0.40380549682875266,-0.37783832879200724,-0.4202416918429003,-0.3766194636938837,-0.4231464737793852,-0.4003302909873859,0.01998604929047962,11,0.7449596089982986,-1.376383972291164,1.2456568236163623,-1.282380947202603,0.4278224486461916,-0.0480652076465829,1.078613943987767,55,-13.128412144872916,-11.51108923458859,-13.775858469312295,-11.62565188547534,-12.199996630464186,-12.448201672942666,0.87655376026371,40,10.040336451622029,14.307062424444656,0.4003302909873859,12.448201672942666,-0.0480652076465829,n1000__poisson__boostrap_true__samples_1.0
65.96328115463257,0.6983167327614132,5.077034854888916,0.41642455639165316,True,poisson,24,1.0,1.0,2,8,1000,"{'bootstrap': True, 'criterion': 'poisson', 'max_depth': 24, 'max_features': 1.0, 'max_samples': 1.0, 'min_samples_leaf': 2, 'min_samples_split': 8, 'n_estimators': 1000}",-9.877147016779682,-10.108892793152647,-10.376190075864647,-10.081104569894984,-9.921690251389071,-10.073004941416206,0.17580172336766464,23,-14.07452624420835,-14.624227992950956,-14.912774295734163,-13.946618081284816,-14.113464232268013,-14.33432216928926,0.37019963805246514,37,-0.40561763817577773,-0.37693006357856496,-0.42084592145015104,-0.3799337149743899,-0.42495479204339964,-0.4016564260444567,0.0200499923726841,42,0.7279716327686461,-1.4668073131695751,1.2065337866109969,-1.3138944592632336,0.4095168654283442,-0.08733589752496432,1.0948127774636074,69,-13.072802624219849,-11.463778449953448,-13.761240482697191,-11.537815367639487,-12.155654331063893,-12.398258251114774,0.8927711679285949,19,10.073004941416206,14.33432216928926,0.4016564260444567,12.398258251114774,-0.08733589752496432,n1000__poisson__boostrap_true__samples_1.0
65.83515615463257,0.773067352478857,4.487107944488526,0.6824962773635528,True,poisson,24,1.0,1.0,3,2,1000,"{'bootstrap': True, 'criterion': 'poisson', 'max_depth': 24, 'max_features': 1.0, 'max_samples': 1.0, 'min_samples_leaf': 3, 'min_samples_split': 2, 'n_estimators': 1000}",-9.861464044822895,-10.07306469410426,-10.364843374147513,-10.037174886701395,-9.892529218239682,-10.045815243603148,0.17892909571228505,11,-14.09353105696796,-14.568132114766916,-14.917218940115378,-13.91723022560148,-14.092595452401412,-14.31774155797063,0.3697131340931343,13,-0.4053156146179402,-0.37693006357856496,-0.4199395770392749,-0.3814401928291654,-0.4240506329113924,-0.4015352161952676,0.019334835916483745,36,0.7805037678276344,-1.3996344926094508,1.2984830597086099,-1.2144294403179445,0.47052275495805934,-0.012910870086618342,1.090836209195294,32,-13.128001277081186,-11.505357411862395,-13.886910250382654,-11.565044287735658,-12.21912098332271,-12.46088684207692,0.9222370123846575,47,10.045815243603148,14.31774155797063,0.4015352161952676,12.46088684207692,-0.012910870086618342,n1000__poisson__boostrap_true__samples_1.0
65.6855450630188,0.7209807643673838,4.796080493927002,0.3337649240322697,True,poisson,24,1.0,1.0,3,4,1000,"{'bootstrap': True, 'criterion': 'poisson', 'max_depth': 24, 'max_features': 1.0, 'max_samples': 1.0, 'min_samples_leaf': 3, 'min_samples_split': 4, 'n_estimators': 1000}",-9.861464044822895,-10.073064694104263,-10.364843374147513,-10.037174886701399,-9.892529218239682,-10.04581524360315,0.17892909571228505,12,-14.09353105696796,-14.56813211476692,-14.917218940115378,-13.917230225601482,-14.092595452401412,-14.31774155797063,0.36971313409313433,13,-0.4053156146179402,-0.37693006357856496,-0.4199395770392749,-0.3814401928291654,-0.4240506329113924,-0.4015352161952676,0.019334835916483745,36,0.7805037678276345,-1.3996344926094513,1.298483059708611,-1.2144294403179445,0.47052275495805906,-0.012910870086618242,1.090836209195294,31,-13.128001277081186,-11.505357411862395,-13.886910250382654,-11.565044287735658,-12.21912098332271,-12.46088684207692,0.9222370123846575,47,10.04581524360315,14.31774155797063,0.4015352161952676,12.46088684207692,-0.012910870086618242,n1000__poisson__boostrap_true__samples_1.0
62.703427982330325,0.3596047374375791,4.499441003799438,0.3853477494653776,True,poisson,24,1.0,1.0,3,8,1000,"{'bootstrap': True, 'criterion': 'poisson', 'max_depth': 24, 'max_features': 1.0, 'max_samples': 1.0, 'min_samples_leaf': 3, 'min_samples_split': 8, 'n_estimators': 1000}",-9.89409440531811,-10.1020549841445,-10.37253123595131,-10.055705526549685,-9.919225400911417,-10.068722310575003,0.17112837182964827,20,-14.117935714332623,-14.624940556888532,-14.936394926549506,-13.929093512822792,-14.127833650912404,-14.347239672301171,0.3741088646255874,58,-0.40561763817577773,-0.3760217983651226,-0.4187311178247734,-0.3793311238324797,-0.42646172393007836,-0.4012326804256464,0.02038231859972485,32,0.785259078653354,-1.3986536296322734,1.2674794495393886,-1.2688295207813793,0.45714748030013735,-0.031519428384154544,1.0948344853007206,44,-13.16431101467964,-11.573001076470971,-13.899146958504407,-11.582065712130664,-12.165655554720825,-12.4768360633013,0.9176006827655612,55,10.068722310575003,14.347239672301171,0.4012326804256464,12.4768360633013,-0.031519428384154544,n1000__poisson__boostrap_true__samples_1.0
61.05097374916077,1.0227159239133883,4.144803619384765,0.7122588227104729,True,poisson,24,1.0,1.0,4,2,1000,"{'bootstrap': True, 'criterion': 'poisson', 'max_depth': 24, 'max_features': 1.0, 'max_samples': 1.0, 'min_samples_leaf': 4, 'min_samples_split': 2, 'n_estimators': 1000}",-9.927307568677927,-10.11466843337797,-10.398378566967258,-10.066452442727401,-9.910234267167363,-10.083408255783585,0.17597025321052343,28,-14.16106203187809,-14.630497410616002,-14.96469898035251,-13.944243606565216,-14.101760520889282,-14.360452510060219,0.3789316573146937,68,-0.4083358501963153,-0.37783832879200724,-0.42114803625377645,-0.3817414884001205,-0.4231464737793852,-0.4024420354843209,0.01922071962412914,68,0.8332509543287768,-1.395569008409077,1.30016397645385,-1.2443168115171286,0.4894008417970459,-0.0034140094693065892,1.1063566884023008,8,-13.176112895589938,-11.538135176551386,-13.888872244879439,-11.55511766376752,-12.288457724908799,-12.489339141139416,0.921766043276056,65,10.083408255783585,14.360452510060219,0.4024420354843209,12.489339141139416,-0.0034140094693065892,n1000__poisson__boostrap_true__samples_1.0
60.20765309333801,0.547876351314192,4.611554861068726,0.47586497798673333,True,poisson,24,1.0,1.0,4,4,1000,"{'bootstrap': True, 'criterion': 'poisson', 'max_depth': 24, 'max_features': 1.0, 'max_samples': 1.0, 'min_samples_leaf': 4, 'min_samples_split': 4, 'n_estimators': 1000}",-9.927307568677927,-10.11466843337797,-10.398378566967258,-10.066452442727401,-9.910234267167363,-10.083408255783585,0.17597025321052343,28,-14.16106203187809,-14.630497410616,-14.964698980352507,-13.944243606565216,-14.101760520889282,-14.360452510060219,0.37893165731469236,68,-0.4083358501963153,-0.37783832879200724,-0.42114803625377645,-0.3817414884001205,-0.4231464737793852,-0.4024420354843209,0.01922071962412914,68,0.8332509543287768,-1.3955690084090773,1.3001639764538504,-1.2443168115171288,0.4894008417970456,-0.0034140094693066447,1.1063566884023008,9,-13.176112895589938,-11.538135176551386,-13.888872244879435,-11.55511766376752,-12.2884577249088,-12.489339141139416,0.9217660432760549,65,10.083408255783585,14.360452510060219,0.4024420354843209,12.489339141139416,-0.0034140094693066447,n1000__poisson__boostrap_true__samples_1.0
60.11414937973022,0.6950400762995008,4.853793001174926,0.17209770868136923,True,poisson,24,1.0,1.0,4,8,1000,"{'bootstrap': True, 'criterion': 'poisson', 'max_depth': 24, 'max_features': 1.0, 'max_samples': 1.0, 'min_samples_leaf': 4, 'min_samples_split': 8, 'n_estimators': 1000}",-9.927307568677927,-10.11466843337797,-10.398378566967258,-10.066452442727401,-9.910234267167363,-10.083408255783585,0.17597025321052343,28,-14.16106203187809,-14.630497410616,-14.96469898035251,-13.944243606565216,-14.101760520889284,-14.360452510060219,0.3789316573146932,68,-0.4083358501963153,-0.37783832879200724,-0.42114803625377645,-0.3817414884001205,-0.4231464737793852,-0.4024420354843209,0.01922071962412914,68,0.8332509543287767,-1.3955690084090773,1.3001639764538506,-1.2443168115171281,0.48940084179704646,-0.003414009469306323,1.1063566884023008,7,-13.176112895589938,-11.538135176551386,-13.888872244879435,-11.55511766376752,-12.2884577249088,-12.489339141139416,0.9217660432760549,65,10.083408255783585,14.360452510060219,0.4024420354843209,12.489339141139416,-0.003414009469306323,n1000__poisson__boostrap_true__samples_1.0
87.77456126213073,0.8588348556546449,5.406478452682495,0.11720870873081105,True,poisson,26,0.875,1.0,1,2,1000,"{'bootstrap': True, 'criterion': 'poisson', 'max_depth': 26, 'max_features': 0.875, 'max_samples': 1.0, 'min_samples_leaf': 1, 'min_samples_split': 2, 'n_estimators': 1000}",-9.970639078146798,-10.176187862564504,-10.432138128470827,-10.187153582605273,-9.964400471105405,-10.14610382457856,0.17216837159157783,83,-14.145366803931982,-14.576062091208843,-14.924878012492128,-14.01831011556557,-14.07881679116162,-14.34868676287203,0.34842888298614455,59,-0.4022953790395651,-0.37844383893430217,-0.42114803625377645,-0.380235010545345,-0.4255575647980711,-0.401535965914212,0.019744489116301528,38,0.608182572698042,-1.5590441258226924,1.1617854574172708,-1.4126100963256194,0.3237319736980825,-0.17559084366698327,1.1042064145982151,86,-13.148077509739965,-11.384970304983279,-13.764665376359254,-11.538316097845552,-12.087827001366133,-12.384771258058837,0.9263917516019725,15,10.14610382457856,14.34868676287203,0.401535965914212,12.384771258058837,-0.17559084366698327,n1000__poisson__boostrap_true__samples_1.0
76.34671597480774,0.637889748330605,4.821342468261719,0.5213461119895112,True,poisson,26,0.875,1.0,1,4,1000,"{'bootstrap': True, 'criterion': 'poisson', 'max_depth': 26, 'max_features': 0.875, 'max_samples': 1.0, 'min_samples_leaf': 1, 'min_samples_split': 4, 'n_estimators': 1000}",-9.96416118031256,-10.173994761561337,-10.409848587294348,-10.171267102738224,-9.973636161274696,-10.138581558636233,0.16342441253190365,76,-14.124063852854922,-14.562060688464,-14.90316440221612,-13.995672555305264,-14.067601416090225,-14.330512582986106,0.3479671924783961,32,-0.4028994261552401,-0.37693006357856496,-0.4169184290030212,-0.3808376016872552,-0.4255575647980711,-0.40062861704443054,0.019210792326242863,15,0.6026061708019907,-1.5732616949563731,1.158019054920224,-1.4507324009248894,0.29637189561121147,-0.19339939490956726,1.1121815372778412,91,-13.11340580942289,-11.408924224496463,-13.873058657873274,-11.449151374730404,-12.06653212915986,-12.382214439136579,0.966934656471396,13,10.138581558636233,14.330512582986106,0.40062861704443054,12.382214439136579,-0.19339939490956726,n1000__poisson__boostrap_true__samples_1.0
66.41597371101379,0.8414406898139595,4.647516441345215,0.34490225153670206,True,poisson,26,0.875,1.0,1,8,1000,"{'bootstrap': True, 'criterion': 'poisson', 'max_depth': 26, 'max_features': 0.875, 'max_samples': 1.0, 'min_samples_leaf': 1, 'min_samples_split': 8, 'n_estimators': 1000}",-9.992220445262296,-10.19761822055637,-10.475140090897218,-10.199672523821949,-10.005573265444227,-10.174044909196411,0.17510774655440117,95,-14.145104561794298,-14.573836216090061,-14.958608590950487,-14.022982760877927,-14.121025659791409,-14.364311557900837,0.35237327620550285,78,-0.4028994261552401,-0.37753557372085983,-0.42114803625377645,-0.3808376016872552,-0.4231464737793852,-0.4011134223193034,0.019272025159189122,24,0.5932760568305068,-1.624156972690883,1.1308042655648298,-1.4715727796394247,0.2462524128041171,-0.2250794034261708,1.1172684230678436,96,-13.136648770025962,-11.354507819446553,-13.778936807707812,-11.459083485340905,-12.11380256425499,-12.368595889355245,0.9486278299300387,10,10.174044909196411,14.364311557900837,0.4011134223193034,12.368595889355245,-0.2250794034261708,n1000__poisson__boostrap_true__samples_1.0
69.19646353721619,1.069257993809065,5.7372541427612305,0.24926177051179269,True,poisson,26,0.875,1.0,2,2,1000,"{'bootstrap': True, 'criterion': 'poisson', 'max_depth': 26, 'max_features': 0.875, 'max_samples': 1.0, 'min_samples_leaf': 2, 'min_samples_split': 2, 'n_estimators': 1000}",-9.90466601005964,-10.119554588440431,-10.387656313816272,-10.090772341941431,-9.932761511047925,-10.087082153061141,0.17233885948676858,42,-14.09455128265893,-14.55128570156438,-14.921683738317455,-13.925789149628885,-14.086772072289596,-14.316016388891848,0.3677122885848746,10,-0.40380549682875266,-0.3796548592188919,-0.4199395770392749,-0.3817414884001205,-0.42646172393007836,-0.4023206290834237,0.019145039955572776,66,0.7400206444382691,-1.4762446640901021,1.2794573655938395,-1.301860309998867,0.4373943032071992,-0.06424653216993229,1.1161949625016951,63,-13.18046279470553,-11.383115103719751,-13.89141952476528,-11.511601828736133,-12.158366428162017,-12.424993136017743,0.9707753678949326,30,10.087082153061141,14.316016388891848,0.4023206290834237,12.424993136017743,-0.06424653216993229,n1000__poisson__boostrap_true__samples_1.0
70.01213827133179,1.251342616352877,4.734965133666992,0.6727609417790335,True,poisson,26,0.875,1.0,2,4,1000,"{'bootstrap': True, 'criterion': 'poisson', 'max_depth': 26, 'max_features': 0.875, 'max_samples': 1.0, 'min_samples_leaf': 2, 'min_samples_split': 4, 'n_estimators': 1000}",-9.90466601005964,-10.119554588440431,-10.387656313816272,-10.090772341941431,-9.932761511047925,-10.087082153061141,0.17233885948676858,42,-14.09455128265893,-14.551285701564382,-14.921683738317455,-13.925789149628885,-14.086772072289596,-14.316016388891848,0.36771228858487487,10,-0.40380549682875266,-0.3796548592188919,-0.4199395770392749,-0.3817414884001205,-0.42646172393007836,-0.4023206290834237,0.019145039955572776,66,0.7400206444382691,-1.4762446640901024,1.2794573655938397,-1.301860309998867,0.4373943032071989,-0.06424653216993234,1.1161949625016954,64,-13.180462794705527,-11.383115103719751,-13.89141952476528,-11.511601828736135,-12.158366428162017,-12.424993136017743,0.9707753678949317,30,10.087082153061141,14.316016388891848,0.4023206290834237,12.424993136017743,-0.06424653216993234,n1000__poisson__boostrap_true__samples_1.0
66.03991694450379,0.28660249437984303,4.010998773574829,0.7866441633702572,True,poisson,26,0.875,1.0,2,8,1000,"{'bootstrap': True, 'criterion': 'poisson', 'max_depth': 26, 'max_features': 0.875, 'max_samples': 1.0, 'min_samples_leaf': 2, 'min_samples_split': 8, 'n_estimators': 1000}",-9.956130765309144,-10.174784099129681,-10.421132169728423,-10.148912131083584,-9.95859149198479,-10.131910131447125,0.17129761753685707,72,-14.14912976508398,-14.593326072855337,-14.937716987490914,-13.998752929682158,-14.10699682524649,-14.357184516071777,0.35415664539382463,63,-0.4059196617336152,-0.37904934907659704,-0.4202416918429003,-0.37872853269056944,-0.4246534056660639,-0.4017185282019492,0.01964279661527279,46,0.7445260354111193,-1.5224409549410836,1.240658720812806,-1.3332470054677286,0.4006638712630728,-0.09396786658436282,1.1229700669018636,70,-13.1807569446372,-11.413214618712034,-13.87509987336142,-11.638501412855616,-12.197306350339392,-12.460975839981135,0.9339829741748328,49,10.131910131447125,14.357184516071777,0.4017185282019492,12.460975839981135,-0.09396786658436282,n1000__poisson__boostrap_true__samples_1.0
61.07718930244446,2.4595695394045762,5.094154930114746,1.2490623337648359,True,poisson,26,0.875,1.0,3,2,1000,"{'bootstrap': True, 'criterion': 'poisson', 'max_depth': 26, 'max_features': 0.875, 'max_samples': 1.0, 'min_samples_leaf': 3, 'min_samples_split': 2, 'n_estimators': 1000}",-9.925844751251633,-10.140722349137196,-10.405758099786611,-10.10435010600777,-9.954047624380253,-10.106144586112693,0.1712358698695,58,-14.147503475600516,-14.567400204582635,-14.942631551153358,-13.956866743120633,-14.10924501132446,-14.34472939715632,0.3610699856631499,53,-0.40682573240712777,-0.37571904329397515,-0.4229607250755287,-0.380235010545345,-0.4267631103074141,-0.4025007243258781,0.021161290830886588,71,0.8091391631628749,-1.4860337748552275,1.3096078350953337,-1.2788888275224972,0.4961023625566491,-0.03001464831257339,1.1362433752367491,43,-13.193590104167203,-11.517500548289014,-13.849236158735444,-11.605271784188835,-12.243501997407007,-12.4818201185575,0.9090091179198088,58,10.106144586112693,14.34472939715632,0.4025007243258781,12.4818201185575,-0.03001464831257339,n1000__poisson__boostrap_true__samples_1.0
61.045295524597165,0.9593910882032419,4.869987154006958,0.4206701456184949,True,poisson,26,0.875,1.0,3,4,1000,"{'bootstrap': True, 'criterion': 'poisson', 'max_depth': 26, 'max_features': 0.875, 'max_samples': 1.0, 'min_samples_leaf': 3, 'min_samples_split': 4, 'n_estimators': 1000}",-9.925844751251633,-10.140722349137196,-10.405758099786611,-10.10435010600777,-9.954047624380253,-10.106144586112693,0.1712358698695,58,-14.147503475600518,-14.567400204582635,-14.942631551153358,-13.956866743120633,-14.10924501132446,-14.34472939715632,0.36106998566314974,53,-0.40682573240712777,-0.37571904329397515,-0.4229607250755287,-0.380235010545345,-0.4267631103074141,-0.4025007243258781,0.021161290830886588,71,0.8091391631628749,-1.486033774855228,1.3096078350953335,-1.2788888275224972,0.4961023625566499,-0.030014648312573354,1.1362433752367493,42,-13.1935901041672,-11.517500548289016,-13.849236158735444,-11.605271784188835,-12.243501997407007,-12.4818201185575,0.9090091179198079,58,10.106144586112693,14.34472939715632,0.4025007243258781,12.4818201185575,-0.030014648312573354,n1000__poisson__boostrap_true__samples_1.0
60.43315343856811,0.6139717033680996,3.5268773555755617,0.8658567243365386,True,poisson,26,0.875,1.0,3,8,1000,"{'bootstrap': True, 'criterion': 'poisson', 'max_depth': 26, 'max_features': 0.875, 'max_samples': 1.0, 'min_samples_leaf': 3, 'min_samples_split': 8, 'n_estimators': 1000}",-9.961431803516962,-10.155382156021336,-10.450949102787163,-10.128906101493527,-9.956472726874066,-10.130628378138612,0.18009928046872362,68,-14.180102597784964,-14.58931943751451,-14.989832983898793,-13.970902902005578,-14.115205148094045,-14.369072613859577,0.3721692026293043,80,-0.4080338266384778,-0.37723281864971236,-0.4214501510574018,-0.3799337149743899,-0.42616033755274263,-0.4025621697745449,0.02048019230043439,73,0.7952609200238661,-1.4787002357523062,1.3003890647861345,-1.2886218039611905,0.5077755766362421,-0.032779295653450835,1.1334033542125477,45,-13.181128648276715,-11.500433540388682,-13.941551732855778,-11.63398238838613,-12.277360633326449,-12.50689138864675,0.9317143420827497,84,10.130628378138612,14.369072613859577,0.4025621697745449,12.50689138864675,-0.032779295653450835,n1000__poisson__boostrap_true__samples_1.0
55.971816825866696,3.9872876150046297,3.8954909324645994,1.3519077261399746,True,poisson,26,0.875,1.0,4,2,1000,"{'bootstrap': True, 'criterion': 'poisson', 'max_depth': 26, 'max_features': 0.875, 'max_samples': 1.0, 'min_samples_leaf': 4, 'min_samples_split': 2, 'n_estimators': 1000}",-9.99949053673446,-10.183139973148766,-10.464192739212107,-10.149460503715906,-9.97209857268733,-10.153676465099714,0.1755278101295451,90,-14.231242903152747,-14.580901295171445,-15.015970286241766,-14.01564590839888,-14.144124138631103,-14.397576906319188,0.3616060832205811,94,-0.40954394442766534,-0.3796548592188919,-0.4229607250755287,-0.3820427839710756,-0.42857142857142855,-0.40455474825291804,0.020333548654968652,94,0.8472926565745327,-1.495234729354334,1.3513729045952685,-1.261229046690082,0.5247055149497977,-0.006618539984963423,1.1528777931162133,15,-13.24251443696389,-11.44184649930343,-13.967686528929434,-11.632507967613847,-12.24627143557665,-12.506165373677451,0.9635196748206045,81,10.153676465099714,14.397576906319188,0.40455474825291804,12.506165373677451,-0.006618539984963423,n1000__poisson__boostrap_true__samples_1.0
54.48454098701477,2.9696757169764947,5.362255620956421,0.548638058097412,True,poisson,26,0.875,1.0,4,4,1000,"{'bootstrap': True, 'criterion': 'poisson', 'max_depth': 26, 'max_features': 0.875, 'max_samples': 1.0, 'min_samples_leaf': 4, 'min_samples_split': 4, 'n_estimators': 1000}",-9.999490536734458,-10.183139973148766,-10.464192739212107,-10.149460503715908,-9.97209857268733,-10.153676465099714,0.1755278101295454,90,-14.231242903152747,-14.580901295171445,-15.015970286241766,-14.01564590839888,-14.144124138631103,-14.397576906319188,0.3616060832205811,94,-0.40954394442766534,-0.3796548592188919,-0.4229607250755287,-0.3820427839710756,-0.42857142857142855,-0.40455474825291804,0.020333548654968652,94,0.8472926565745327,-1.495234729354334,1.3513729045952678,-1.261229046690082,0.5247055149497974,-0.006618539984963601,1.1528777931162133,16,-13.24251443696389,-11.44184649930343,-13.967686528929434,-11.632507967613847,-12.24627143557665,-12.506165373677451,0.9635196748206045,81,10.153676465099714,14.397576906319188,0.40455474825291804,12.506165373677451,-0.006618539984963601,n1000__poisson__boostrap_true__samples_1.0
58.970094728469846,0.6244790507567981,4.159887456893921,0.30922325754084107,True,poisson,26,0.875,1.0,4,8,1000,"{'bootstrap': True, 'criterion': 'poisson', 'max_depth': 26, 'max_features': 0.875, 'max_samples': 1.0, 'min_samples_leaf': 4, 'min_samples_split': 8, 'n_estimators': 1000}",-9.99949053673446,-10.183139973148764,-10.464192739212107,-10.149460503715908,-9.97209857268733,-10.153676465099714,0.17552781012954505,90,-14.231242903152747,-14.580901295171445,-15.015970286241766,-14.01564590839888,-14.144124138631103,-14.397576906319188,0.3616060832205811,94,-0.40954394442766534,-0.3796548592188919,-0.4229607250755287,-0.3820427839710756,-0.42857142857142855,-0.40455474825291804,0.020333548654968652,94,0.8472926565745328,-1.4952347293543338,1.3513729045952676,-1.261229046690082,0.5247055149497969,-0.006618539984963689,1.152877793116213,17,-13.24251443696389,-11.44184649930343,-13.967686528929434,-11.632507967613847,-12.24627143557665,-12.506165373677451,0.9635196748206045,81,10.153676465099714,14.397576906319188,0.40455474825291804,12.506165373677451,-0.006618539984963689,n1000__poisson__boostrap_true__samples_1.0
102.45674352645874,1.2174508147640508,6.095882272720337,0.1587436540637043,True,poisson,26,1.0,1.0,1,2,1000,"{'bootstrap': True, 'criterion': 'poisson', 'max_depth': 26, 'max_features': 1.0, 'max_samples': 1.0, 'min_samples_leaf': 1, 'min_samples_split': 2, 'n_estimators': 1000}",-9.883111719892206,-10.11473772403634,-10.362389006725207,-10.157014408737032,-9.936806917438245,-10.090811955365806,0.1706260481795031,48,-14.046831926785378,-14.626873718885975,-14.863867281647384,-13.994677661133341,-14.086197862560317,-14.323689690202476,0.3535573193080007,20,-0.40108728480821504,-0.3766273085074175,-0.4202416918429003,-0.3799337149743899,-0.42254370102471367,-0.40008674023152724,0.019328877959190614,7,0.617829960232524,-1.5194039703322486,1.1264366906240528,-1.3976128431674602,0.3086226186445422,-0.17282550879971798,1.0824405942565745,84,-13.090594089944645,-11.410927406947192,-13.669307353783626,-11.527539173721411,-12.123514693553027,-12.36437654358998,0.8829057497380659,7,10.090811955365806,14.323689690202476,0.40008674023152724,12.36437654358998,-0.17282550879971798,n1000__poisson__boostrap_true__samples_1.0
86.54916725158691,0.8938812944049165,5.236651039123535,0.516658467557389,True,poisson,26,1.0,1.0,1,4,1000,"{'bootstrap': True, 'criterion': 'poisson', 'max_depth': 26, 'max_features': 1.0, 'max_samples': 1.0, 'min_samples_leaf': 1, 'min_samples_split': 4, 'n_estimators': 1000}",-9.900263287939552,-10.106092886926582,-10.395042571336178,-10.119554772334254,-9.929315171869062,-10.090053738081126,0.1766369470755315,46,-14.083727376140175,-14.580162686145238,-14.903600480295003,-13.948425057610521,-14.08834846075905,-14.320852812189997,0.362167263470833,18,-0.40471156750226517,-0.37693006357856496,-0.4214501510574018,-0.380235010545345,-0.42224231464737794,-0.40111382146619096,0.019461254804999908,25,0.5927449284940841,-1.4949537965361794,1.1010538284092797,-1.4048135699408186,0.2611200936877058,-0.18896970317718567,1.0641137216586487,89,-12.963563509183494,-11.42272787773474,-13.638738022637087,-11.459677516142555,-12.067046470777074,-12.31035067929499,0.867411775493322,1,10.090053738081126,14.320852812189997,0.40111382146619096,12.31035067929499,-0.18896970317718567,n1000__poisson__boostrap_true__samples_1.0
76.39496202468872,0.677867176463444,5.143199300765991,0.184291983979939,True,poisson,26,1.0,1.0,1,8,1000,"{'bootstrap': True, 'criterion': 'poisson', 'max_depth': 26, 'max_features': 1.0, 'max_samples': 1.0, 'min_samples_leaf': 1, 'min_samples_split': 8, 'n_estimators': 1000}",-9.917319251855375,-10.126063213939009,-10.410458766781577,-10.163458463563137,-9.957552669759323,-10.114970473179685,0.17529052221350724,64,-14.081610703526536,-14.607959009140624,-14.922937781045242,-14.006962003762514,-14.095330242262076,-14.342959947947397,0.3603102292502351,51,-0.4019933554817276,-0.3763245534362701,-0.41812688821752264,-0.3799337149743899,-0.42254370102471367,-0.39978444262692475,0.018993294807559805,3,0.5632560422175307,-1.5255334800244502,1.1212534537849352,-1.4303662831882873,0.26012215514352394,-0.2022536224133495,1.0780350343264815,95,-13.03575687403283,-11.42701114687039,-13.789728125027152,-11.49291552207142,-12.090672278540533,-12.367216789308465,0.9160077038466424,9,10.114970473179685,14.342959947947397,0.39978444262692475,12.367216789308465,-0.2022536224133495,n1000__poisson__boostrap_true__samples_1.0
77.66676874160767,1.2111637419129535,5.412208795547485,0.8273628130508035,True,poisson,26,1.0,1.0,2,2,1000,"{'bootstrap': True, 'criterion': 'poisson', 'max_depth': 26, 'max_features': 1.0, 'max_samples': 1.0, 'min_samples_leaf': 2, 'min_samples_split': 2, 'n_estimators': 1000}",-9.85778132879134,-10.088741146530847,-10.326727144058477,-10.036591308385418,-9.897710246460225,-10.041510234845262,0.1661555823537783,7,-14.064407409549968,-14.607065420231477,-14.872973572302651,-13.908203130835302,-14.098235020254421,-14.310176910634762,0.3665481692009401,8,-0.40561763817577773,-0.37723281864971236,-0.4202416918429003,-0.3793311238324797,-0.4231464737793852,-0.40111394925605104,0.01957746546260035,26,0.7340120286005666,-1.408577507824444,1.2354957180578856,-1.2682786973715028,0.4186829049940085,-0.05773311070869722,1.0785615042081445,59,-13.056376696323383,-11.505048354192315,-13.75663467778762,-11.557597123095785,-12.19009703579955,-12.41315077743973,0.874650057045272,24,10.041510234845262,14.310176910634762,0.40111394925605104,12.41315077743973,-0.05773311070869722,n1000__poisson__boostrap_true__samples_1.0
77.08095669746399,0.4977287621224674,5.017475223541259,0.6633144531941503,True,poisson,26,1.0,1.0,2,4,1000,"{'bootstrap': True, 'criterion': 'poisson', 'max_depth': 26, 'max_features': 1.0, 'max_samples': 1.0, 'min_samples_leaf': 2, 'min_samples_split': 4, 'n_estimators': 1000}",-9.857781328791342,-10.088741146530847,-10.326727144058477,-10.036591308385422,-9.897710246460225,-10.041510234845262,0.16615558235377786,7,-14.064407409549968,-14.607065420231477,-14.872973572302651,-13.908203130835302,-14.098235020254421,-14.310176910634762,0.3665481692009401,8,-0.40561763817577773,-0.37723281864971236,-0.4202416918429003,-0.3793311238324797,-0.4231464737793852,-0.40111394925605104,0.01957746546260035,26,0.7340120286005668,-1.408577507824444,1.2354957180578856,-1.268278697371503,0.41868290499400823,-0.05773311070869728,1.0785615042081445,60,-13.056376696323383,-11.505048354192315,-13.75663467778762,-11.557597123095785,-12.19009703579955,-12.41315077743973,0.874650057045272,24,10.041510234845262,14.310176910634762,0.40111394925605104,12.41315077743973,-0.05773311070869728,n1000__poisson__boostrap_true__samples_1.0
70.1082525730133,0.7770133324197499,4.6874292373657225,0.4328425098731323,True,poisson,26,1.0,1.0,2,8,1000,"{'bootstrap': True, 'criterion': 'poisson', 'max_depth': 26, 'max_features': 1.0, 'max_samples': 1.0, 'min_samples_leaf': 2, 'min_samples_split': 8, 'n_estimators': 1000}",-9.872726550463346,-10.112189543892907,-10.366930272616422,-10.096985691447038,-9.918188784715563,-10.073404168627054,0.17468903177409295,25,-14.070847775477251,-14.619647117424249,-14.901835520468875,-13.96826783290764,-14.104523372949732,-14.33302432384555,0.3632341745923315,35,-0.40410752038659015,-0.37571904329397515,-0.41933534743202416,-0.3817414884001205,-0.4234478601567209,-0.4008702519338862,0.019285647213578814,21,0.7241936877814795,-1.470041396026601,1.2174034124663224,-1.326842938345311,0.4188964159007709,-0.08727816364466784,1.101403493110897,68,-13.11151080300023,-11.500811979211283,-13.812732167731944,-11.487018073222035,-12.205853628343414,-12.42358533030178,0.9142260519678886,28,10.073404168627054,14.33302432384555,0.4008702519338862,12.42358533030178,-0.08727816364466784,n1000__poisson__boostrap_true__samples_1.0
68.55962448120117,1.3212089271904013,4.944159364700317,0.8846707773145048,True,poisson,26,1.0,1.0,3,2,1000,"{'bootstrap': True, 'criterion': 'poisson', 'max_depth': 26, 'max_features': 1.0, 'max_samples': 1.0, 'min_samples_leaf': 3, 'min_samples_split': 2, 'n_estimators': 1000}",-9.861490855392784,-10.067190579566402,-10.349057715272636,-10.036723393666861,-9.901282304349028,-10.043148969649542,0.17165387783653935,9,-14.09769103735313,-14.57571349676122,-14.904082052770994,-13.921546514067945,-14.104199093527257,-14.320646438896109,0.3636744791534835,16,-0.4059196617336152,-0.3766273085074175,-0.4214501510574018,-0.3817414884001205,-0.4234478601567209,-0.4018372939710552,0.01953320879489552,54,0.7911822244895066,-1.4020440756988803,1.292642405081491,-1.2205380663565486,0.4537582843281376,-0.016999845631258736,1.0914931120469535,33,-13.121651996834172,-11.503608883550813,-13.811479354255253,-11.54732403367914,-12.22705504385439,-12.442223862434755,0.9016234906295942,36,10.043148969649542,14.320646438896109,0.4018372939710552,12.442223862434755,-0.016999845631258736,n1000__poisson__boostrap_true__samples_1.0
67.8115885257721,0.2218136925921986,5.219571208953857,0.09484544864623007,True,poisson,26,1.0,1.0,3,4,1000,"{'bootstrap': True, 'criterion': 'poisson', 'max_depth': 26, 'max_features': 1.0, 'max_samples': 1.0, 'min_samples_leaf': 3, 'min_samples_split': 4, 'n_estimators': 1000}",-9.861490855392784,-10.067190579566402,-10.349057715272636,-10.036723393666863,-9.901282304349028,-10.043148969649542,0.17165387783653935,9,-14.09769103735313,-14.575713496761217,-14.904082052770994,-13.921546514067945,-14.104199093527258,-14.320646438896109,0.36367447915348305,16,-0.4059196617336152,-0.3766273085074175,-0.4214501510574018,-0.3817414884001205,-0.4234478601567209,-0.4018372939710552,0.01953320879489552,54,0.7911822244895068,-1.4020440756988806,1.2926424050814915,-1.220538066356549,0.45375828432813703,-0.016999845631258847,1.0914931120469538,34,-13.121651996834176,-11.503608883550813,-13.811479354255257,-11.54732403367914,-12.22705504385439,-12.442223862434755,0.9016234906295959,36,10.043148969649542,14.320646438896109,0.4018372939710552,12.442223862434755,-0.016999845631258847,n1000__poisson__boostrap_true__samples_1.0
66.090461063385,0.5756409888003275,4.168597984313965,0.39712616998132033,True,poisson,26,1.0,1.0,3,8,1000,"{'bootstrap': True, 'criterion': 'poisson', 'max_depth': 26, 'max_features': 1.0, 'max_samples': 1.0, 'min_samples_leaf': 3, 'min_samples_split': 8, 'n_estimators': 1000}",-9.893710653753116,-10.10816879658214,-10.37151123469664,-10.065259755563128,-9.927472171894898,-10.073224522497984,0.16954555686065853,24,-14.114399547604492,-14.623162072984307,-14.93721429253776,-13.94032254154748,-14.14213240180654,-14.351446171296114,0.3703997348628692,61,-0.4053156146179402,-0.3766273085074175,-0.41842900302114805,-0.3808376016872552,-0.4246534056660639,-0.40117258669996503,0.01940247273372394,29,0.78149678134273,-1.399437380844315,1.257376562491472,-1.2633481879454302,0.4569381802410084,-0.03339480894290699,1.0908183258711428,46,-13.169005893294468,-11.561471007307892,-13.89589119447388,-11.555990701314533,-12.22692460907982,-12.48185668109412,0.9209772643472084,60,10.073224522497984,14.351446171296114,0.40117258669996503,12.48185668109412,-0.03339480894290699,n1000__poisson__boostrap_true__samples_1.0
60.461869955062866,5.398018590183115,3.834555435180664,0.21216171780629597,True,poisson,26,1.0,1.0,4,2,1000,"{'bootstrap': True, 'criterion': 'poisson', 'max_depth': 26, 'max_features': 1.0, 'max_samples': 1.0, 'min_samples_leaf': 4, 'min_samples_split': 2, 'n_estimators': 1000}",-9.91267218338789,-10.119591879375205,-10.3934760155352,-10.06952772937604,-9.923077935303011,-10.08366914859547,0.17464261623336413,31,-14.13764160567207,-14.636621178257158,-14.966528805493457,-13.948933294950253,-14.117353101379232,-14.361415597150435,0.37991658492781427,71,-0.4074297795228028,-0.3781410838631547,-0.41933534743202416,-0.3811388972582103,-0.4228450874020494,-0.40177803909564824,0.018807985530978764,48,0.8187391235738241,-1.397218176190244,1.295180868278528,-1.2514780534176329,0.4930152844420073,-0.008352190662703507,1.1053468649556697,23,-13.16964523252418,-11.533226718022387,-13.937123301665501,-11.56802643261105,-12.316677584858864,-12.504939853936396,0.9327870633535157,78,10.08366914859547,14.361415597150435,0.40177803909564824,12.504939853936396,-0.008352190662703507,n1000__poisson__boostrap_true__samples_1.0
50.92634177207947,1.6587036741558594,3.06986403465271,0.5424253913793659,True,poisson,26,1.0,1.0,4,4,1000,"{'bootstrap': True, 'criterion': 'poisson', 'max_depth': 26, 'max_features': 1.0, 'max_samples': 1.0, 'min_samples_leaf': 4, 'min_samples_split': 4, 'n_estimators': 1000}",-9.912672183387892,-10.119591879375205,-10.3934760155352,-10.069527729376041,-9.923077935303011,-10.08366914859547,0.17464261623336375,31,-14.137641605672068,-14.636621178257158,-14.966528805493457,-13.948933294950253,-14.117353101379232,-14.361415597150435,0.3799165849278145,71,-0.4074297795228028,-0.3781410838631547,-0.41933534743202416,-0.3811388972582103,-0.4228450874020494,-0.40177803909564824,0.018807985530978764,48,0.8187391235738237,-1.3972181761902436,1.2951808682785275,-1.2514780534176333,0.49301528444200676,-0.008352190662703773,1.1053468649556695,25,-13.16964523252418,-11.533226718022387,-13.937123301665501,-11.56802643261105,-12.316677584858864,-12.504939853936396,0.9327870633535157,78,10.08366914859547,14.361415597150435,0.40177803909564824,12.504939853936396,-0.008352190662703773,n1000__poisson__boostrap_true__samples_1.0
43.491808366775516,1.228182363751452,0.7681192398071289,0.20119437071962454,True,poisson,26,1.0,1.0,4,8,1000,"{'bootstrap': True, 'criterion': 'poisson', 'max_depth': 26, 'max_features': 1.0, 'max_samples': 1.0, 'min_samples_leaf': 4, 'min_samples_split': 8, 'n_estimators': 1000}",-9.91267218338789,-10.119591879375205,-10.3934760155352,-10.06952772937604,-9.923077935303011,-10.08366914859547,0.17464261623336413,31,-14.13764160567207,-14.636621178257158,-14.966528805493457,-13.948933294950251,-14.117353101379232,-14.361415597150435,0.37991658492781466,71,-0.4074297795228028,-0.3781410838631547,-0.41933534743202416,-0.3811388972582103,-0.4228450874020494,-0.40177803909564824,0.018807985530978764,48,0.8187391235738237,-1.3972181761902436,1.2951808682785284,-1.2514780534176329,0.49301528444200676,-0.008352190662703507,1.1053468649556695,23,-13.169645232524184,-11.533226718022387,-13.937123301665501,-11.56802643261105,-12.316677584858864,-12.504939853936397,0.9327870633535161,80,10.08366914859547,14.361415597150435,0.40177803909564824,12.504939853936397,-0.008352190662703507,n1000__poisson__boostrap_true__samples_1.0
