mean_fit_time,std_fit_time,mean_score_time,std_score_time,param_bootstrap,param_criterion,param_max_depth,param_max_features,param_max_samples,param_min_samples_leaf,param_min_samples_split,param_n_estimators,params,split0_test_MAE,split1_test_MAE,split2_test_MAE,split3_test_MAE,split4_test_MAE,mean_test_MAE,std_test_MAE,rank_test_MAE,split0_test_RMSE,split1_test_RMSE,split2_test_RMSE,split3_test_RMSE,split4_test_RMSE,mean_test_RMSE,std_test_RMSE,rank_test_RMSE,split0_test_overestimation_rate,split1_test_overestimation_rate,split2_test_overestimation_rate,split3_test_overestimation_rate,split4_test_overestimation_rate,mean_test_overestimation_rate,std_test_overestimation_rate,rank_test_overestimation_rate,split0_test_mean_signed_error,split1_test_mean_signed_error,split2_test_mean_signed_error,split3_test_mean_signed_error,split4_test_mean_signed_error,mean_test_mean_signed_error,std_test_mean_signed_error,rank_test_mean_signed_error,split0_test_mean_overestimation,split1_test_mean_overestimation,split2_test_mean_overestimation,split3_test_mean_overestimation,split4_test_mean_overestimation,mean_test_mean_overestimation,std_test_mean_overestimation,rank_test_mean_overestimation,mean_MAE,mean_RMSE,overestimation_rate,mean_overstimation,mean_signed_error,chunk_id
67.15246558189392,0.5678679169525653,1.9785765647888183,0.3437357368169378,True,squared_error,20,0.875,0.7,1,2,1000,"{'bootstrap': True, 'criterion': 'squared_error', 'max_depth': 20, 'max_features': 0.875, 'max_samples': 0.7, 'min_samples_leaf': 1, 'min_samples_split': 2, 'n_estimators': 1000}",-10.052589573598631,-10.27358178382933,-10.555363901892042,-10.20468271382141,-10.101687850298049,-10.237581164687892,0.1766652780727079,82,-14.201894900364975,-14.652688247864159,-15.04638326416513,-13.986951525490708,-14.174476672744625,-14.412478922125919,0.38512322735625637,46,-0.41316822712171547,-0.38449894035725096,-0.4299093655589124,-0.385959626393492,-0.4355033152501507,-0.40980789493630426,0.021377084333780372,89,0.9180478927453847,-1.3377625659815604,1.361275224277418,-1.2257194395701045,0.547156430541528,0.052599508402533135,1.1201272798346982,68,-13.276235618079328,-11.620083022264245,-13.859478393401588,-11.63199809025764,-12.22590495634108,-12.522740016068777,0.9001052150975586,54,10.237581164687892,14.412478922125919,0.40980789493630426,12.522740016068777,0.052599508402533135,n1000__squared_error__boostrap_true__samples_0.7
64.07114210128785,0.5990923798886761,3.457625389099121,0.35782632938144465,True,squared_error,20,0.875,0.7,1,4,1000,"{'bootstrap': True, 'criterion': 'squared_error', 'max_depth': 20, 'max_features': 0.875, 'max_samples': 0.7, 'min_samples_leaf': 1, 'min_samples_split': 4, 'n_estimators': 1000}",-10.060838297622706,-10.27345904930226,-10.562405483485033,-10.208134866969518,-10.128169463551933,-10.24660143218629,0.17347465544621865,89,-14.19991581636914,-14.618897444354513,-15.071416385727602,-14.003336537613535,-14.221625164874164,-14.42303826978779,0.38085572321607386,57,-0.41316822712171547,-0.38631547078413564,-0.43111782477341387,-0.3865622175354022,-0.4370102471368294,-0.41083479747029933,0.021411939536626925,96,0.883820274832337,-1.3951098502173898,1.35262527562939,-1.2667117771837144,0.5521055346261605,0.02534589153735667,1.1369460924231565,79,-13.244796978581375,-11.49106089521055,-13.818763774586102,-11.565309132891299,-12.219707739294797,-12.467927704112826,0.9229177815264091,8,10.24660143218629,14.42303826978779,0.41083479747029933,12.467927704112826,0.02534589153735667,n1000__squared_error__boostrap_true__samples_0.7
59.30459322929382,1.5181162740907455,5.686943006515503,0.6884008875029558,True,squared_error,20,0.875,0.7,1,8,1000,"{'bootstrap': True, 'criterion': 'squared_error', 'max_depth': 20, 'max_features': 0.875, 'max_samples': 0.7, 'min_samples_leaf': 1, 'min_samples_split': 8, 'n_estimators': 1000}",-10.113446519050653,-10.290752575165948,-10.5991451270577,-10.252029262903648,-10.116346445191859,-10.274343985873962,0.1772648795840868,93,-14.246973859207781,-14.66028262416547,-15.079673008136261,-14.05633969683712,-14.183583520549364,-14.445370541779202,0.376235433854478,82,-0.413470250679553,-0.3838934302149561,-0.42749244712990936,-0.385959626393492,-0.4358047016274864,-0.40932409120907937,0.021171297825446824,72,0.8977022662969252,-1.4058858130299083,1.3166423222714017,-1.3240219187097046,0.5263774360697923,0.002162858579701221,1.1442041023900054,89,-13.315527256495917,-11.572048468192168,-13.936839737554532,-11.565986094995978,-12.210428021447497,-12.520165915737218,0.9534031432299882,52,10.274343985873962,14.445370541779202,0.40932409120907937,12.520165915737218,0.002162858579701221,n1000__squared_error__boostrap_true__samples_0.7
57.34197769165039,3.0730794021567243,5.215107440948486,1.2131525428698402,True,squared_error,20,0.875,0.7,2,2,1000,"{'bootstrap': True, 'criterion': 'squared_error', 'max_depth': 20, 'max_features': 0.875, 'max_samples': 0.7, 'min_samples_leaf': 2, 'min_samples_split': 2, 'n_estimators': 1000}",-10.018645949982195,-10.190608078846585,-10.503440406023842,-10.143884626778341,-10.056222074777482,-10.182560227281689,0.17167054387954417,48,-14.206443761747984,-14.599405409169574,-15.02724106630319,-13.972825398814738,-14.163395411704665,-14.393862209548029,0.376544658326619,30,-0.41407429779522803,-0.3860127157129882,-0.4283987915407855,-0.38354926182585114,-0.43248945147679324,-0.4089049036703292,0.020639409090279327,58,0.9792518087333445,-1.3281209071554991,1.3986002174615162,-1.2001001173758254,0.6185044754687193,0.09362709542645106,1.1364752289535227,5,-13.280101925276128,-11.479527501213981,-13.89130975449102,-11.659238329421422,-12.341025328821217,-12.530240567844753,0.9287891731294657,59,10.182560227281689,14.393862209548029,0.4089049036703292,12.530240567844753,0.09362709542645106,n1000__squared_error__boostrap_true__samples_0.7
57.79160947799683,1.4926911604818907,2.697299766540527,1.3385563907195954,True,squared_error,20,0.875,0.7,2,4,1000,"{'bootstrap': True, 'criterion': 'squared_error', 'max_depth': 20, 'max_features': 0.875, 'max_samples': 0.7, 'min_samples_leaf': 2, 'min_samples_split': 4, 'n_estimators': 1000}",-10.018645949982195,-10.190608078846585,-10.503440406023842,-10.143884626778341,-10.056222074777482,-10.182560227281689,0.17167054387954417,48,-14.206443761747984,-14.599405409169574,-15.02724106630319,-13.972825398814738,-14.163395411704665,-14.393862209548029,0.376544658326619,30,-0.41407429779522803,-0.3860127157129882,-0.4283987915407855,-0.38354926182585114,-0.43248945147679324,-0.4089049036703292,0.020639409090279327,58,0.979251808733345,-1.328120907155499,1.3986002174615157,-1.2001001173758257,0.6185044754687193,0.09362709542645112,1.1364752289535227,4,-13.280101925276128,-11.479527501213981,-13.89130975449102,-11.659238329421424,-12.341025328821214,-12.530240567844753,0.9287891731294656,59,10.182560227281689,14.393862209548029,0.4089049036703292,12.530240567844753,0.09362709542645112,n1000__squared_error__boostrap_true__samples_0.7
57.06449317932129,0.4570616948142726,2.315822458267212,0.7561593117566818,True,squared_error,20,0.875,0.7,2,8,1000,"{'bootstrap': True, 'criterion': 'squared_error', 'max_depth': 20, 'max_features': 0.875, 'max_samples': 0.7, 'min_samples_leaf': 2, 'min_samples_split': 8, 'n_estimators': 1000}",-10.04761388811963,-10.263250937519182,-10.552416819903678,-10.187612128628269,-10.063963718403802,-10.222971498514912,0.18299765227435769,65,-14.207383808200658,-14.650161073837278,-15.080833737817917,-14.011892619406792,-14.175373409593082,-14.425128929771144,0.39016490544111215,60,-0.4152823920265781,-0.3851044504995459,-0.4280966767371601,-0.3838505573968063,-0.43731163351416513,-0.4099291420348511,0.02193114374032943,90,0.9360871546990892,-1.4212782257005485,1.3717204482113137,-1.2750802022826075,0.5800470795085236,0.03829925088715409,1.1604187104395567,74,-13.22437605555374,-11.479966928906034,-13.926921085907065,-11.609377340479298,-12.169823510500718,-12.482092984269372,0.9488850142350328,20,10.222971498514912,14.425128929771144,0.4099291420348511,12.482092984269372,0.03829925088715409,n1000__squared_error__boostrap_true__samples_0.7
52.35286693572998,3.4726283640598847,3.902874708175659,2.067330015769693,True,squared_error,20,0.875,0.7,3,2,1000,"{'bootstrap': True, 'criterion': 'squared_error', 'max_depth': 20, 'max_features': 0.875, 'max_samples': 0.7, 'min_samples_leaf': 3, 'min_samples_split': 2, 'n_estimators': 1000}",-10.017314449611739,-10.233337336526182,-10.51418366120577,-10.134406089999363,-10.055356945813973,-10.190919696631406,0.17776876885611215,53,-14.216150996627265,-14.635867931555467,-15.07518014610807,-13.978782596862315,-14.188998256656381,-14.418995985561898,0.3912656299596677,53,-0.4164904862579281,-0.38268240993036634,-0.4256797583081571,-0.3862609219644471,-0.4349005424954792,-0.40920282379127554,0.0210458326168749,67,1.0070050619817383,-1.3705889383227463,1.3880344443683175,-1.2088512015796054,0.6230075554925194,0.08772138438804471,1.151537866231834,20,-13.234779515187093,-11.57976976236786,-13.980249087810583,-11.553789654705609,-12.276789125202681,-12.525075429054766,0.9507739178809711,55,10.190919696631406,14.418995985561898,0.40920282379127554,12.525075429054766,0.08772138438804471,n1000__squared_error__boostrap_true__samples_0.7
51.803753519058226,0.9282877300448541,3.366738271713257,0.8167999578761042,True,squared_error,20,0.875,0.7,3,4,1000,"{'bootstrap': True, 'criterion': 'squared_error', 'max_depth': 20, 'max_features': 0.875, 'max_samples': 0.7, 'min_samples_leaf': 3, 'min_samples_split': 4, 'n_estimators': 1000}",-10.017314449611739,-10.233337336526182,-10.51418366120577,-10.134406089999363,-10.055356945813973,-10.190919696631406,0.17776876885611215,53,-14.216150996627265,-14.635867931555469,-15.07518014610807,-13.978782596862315,-14.188998256656381,-14.418995985561901,0.3912656299596679,54,-0.4164904862579281,-0.38268240993036634,-0.4256797583081571,-0.3862609219644471,-0.4349005424954792,-0.40920282379127554,0.0210458326168749,67,1.0070050619817386,-1.370588938322747,1.3880344443683168,-1.2088512015796047,0.6230075554925192,0.08772138438804458,1.1515378662318339,21,-13.234779515187093,-11.57976976236786,-13.980249087810583,-11.553789654705609,-12.276789125202681,-12.525075429054766,0.9507739178809711,55,10.190919696631406,14.418995985561901,0.40920282379127554,12.525075429054766,0.08772138438804458,n1000__squared_error__boostrap_true__samples_0.7
53.155868721008304,1.1388692505169673,1.88514986038208,0.8927017170200765,True,squared_error,20,0.875,0.7,3,8,1000,"{'bootstrap': True, 'criterion': 'squared_error', 'max_depth': 20, 'max_features': 0.875, 'max_samples': 0.7, 'min_samples_leaf': 3, 'min_samples_split': 8, 'n_estimators': 1000}",-10.087391950494062,-10.265305136366983,-10.543274443503941,-10.178724711115528,-10.062491294948872,-10.227437507285877,0.17342426304529915,70,-14.275128808923082,-14.660021604452222,-15.080079198041396,-14.011307558917332,-14.193826716011532,-14.444072777269113,0.3819918724412426,81,-0.4164904862579281,-0.3823796548592189,-0.4268882175226586,-0.38324796625489604,-0.4358047016274864,-0.4089622053044376,0.022209865443468816,60,0.9914207314863678,-1.3839065379863755,1.401897449858741,-1.2319548546538903,0.6150675056734537,0.07850485887565936,1.1600547029108634,52,-13.300198981159244,-11.613325245625951,-13.990983357052539,-11.67229919559598,-12.25039422561026,-12.565440201008794,0.9354700920050452,93,10.227437507285877,14.444072777269113,0.4089622053044376,12.565440201008794,0.07850485887565936,n1000__squared_error__boostrap_true__samples_0.7
50.722969102859494,3.222992743531111,3.107225036621094,1.9619578145946397,True,squared_error,20,0.875,0.7,4,2,1000,"{'bootstrap': True, 'criterion': 'squared_error', 'max_depth': 20, 'max_features': 0.875, 'max_samples': 0.7, 'min_samples_leaf': 4, 'min_samples_split': 2, 'n_estimators': 1000}",-10.099541349525992,-10.27201530151668,-10.574929109812649,-10.182915996681071,-10.082660540450256,-10.24241245959733,0.17939693965274545,84,-14.301509635076947,-14.681606055283106,-15.12288341117574,-14.04087822158545,-14.203027657387377,-14.469980996101725,0.38854667799811365,94,-0.4158864391422531,-0.3854072055706933,-0.4287009063444109,-0.3838505573968063,-0.4349005424954792,-0.4097491301899286,0.02141352511119492,86,0.988378925785748,-1.407161156700038,1.4062802022706598,-1.2393262426341256,0.650982227453753,0.07983079123519946,1.171534211976523,48,-13.330466242395484,-11.500633637207137,-13.97385582205629,-11.649832964553305,-12.340341893245151,-12.559026111891473,0.9582810215001833,90,10.24241245959733,14.469980996101725,0.4097491301899286,12.559026111891473,0.07983079123519946,n1000__squared_error__boostrap_true__samples_0.7
47.88550066947937,0.4217360816817497,4.410884714126587,0.1719150289390447,True,squared_error,20,0.875,0.7,4,4,1000,"{'bootstrap': True, 'criterion': 'squared_error', 'max_depth': 20, 'max_features': 0.875, 'max_samples': 0.7, 'min_samples_leaf': 4, 'min_samples_split': 4, 'n_estimators': 1000}",-10.099541349525992,-10.27201530151668,-10.574929109812649,-10.182915996681071,-10.082660540450256,-10.24241245959733,0.17939693965274545,84,-14.301509635076947,-14.681606055283108,-15.12288341117574,-14.04087822158545,-14.203027657387377,-14.469980996101725,0.3885466779981138,94,-0.4158864391422531,-0.3854072055706933,-0.4287009063444109,-0.3838505573968063,-0.4349005424954792,-0.4097491301899286,0.02141352511119492,86,0.988378925785747,-1.407161156700038,1.4062802022706602,-1.2393262426341247,0.6509822274537532,0.07983079123519957,1.1715342119765229,47,-13.330466242395483,-11.500633637207137,-13.97385582205629,-11.649832964553303,-12.340341893245151,-12.559026111891473,0.9582810215001833,90,10.24241245959733,14.469980996101725,0.4097491301899286,12.559026111891473,0.07983079123519957,n1000__squared_error__boostrap_true__samples_0.7
50.406464433670045,1.193245644713983,3.516749048233032,0.38843772131159526,True,squared_error,20,0.875,0.7,4,8,1000,"{'bootstrap': True, 'criterion': 'squared_error', 'max_depth': 20, 'max_features': 0.875, 'max_samples': 0.7, 'min_samples_leaf': 4, 'min_samples_split': 8, 'n_estimators': 1000}",-10.099541349525992,-10.27201530151668,-10.574929109812649,-10.182915996681071,-10.082660540450256,-10.24241245959733,0.17939693965274545,84,-14.301509635076947,-14.681606055283106,-15.12288341117574,-14.040878221585448,-14.203027657387377,-14.469980996101725,0.38854667799811404,94,-0.4158864391422531,-0.3854072055706933,-0.4287009063444109,-0.3838505573968063,-0.4349005424954792,-0.4097491301899286,0.02141352511119492,86,0.9883789257857477,-1.4071611567000384,1.4062802022706593,-1.2393262426341252,0.6509822274537532,0.07983079123519934,1.171534211976523,49,-13.330466242395483,-11.500633637207137,-13.97385582205629,-11.649832964553305,-12.340341893245151,-12.559026111891473,0.958281021500183,90,10.24241245959733,14.469980996101725,0.4097491301899286,12.559026111891473,0.07983079123519934,n1000__squared_error__boostrap_true__samples_0.7
73.27141752243043,2.1268836636191275,6.7423302173614506,1.545554763348727,True,squared_error,20,1.0,0.7,1,2,1000,"{'bootstrap': True, 'criterion': 'squared_error', 'max_depth': 20, 'max_features': 1.0, 'max_samples': 0.7, 'min_samples_leaf': 1, 'min_samples_split': 2, 'n_estimators': 1000}",-9.978961992151085,-10.19110203075537,-10.49660086165956,-10.142591916571112,-10.078016745611135,-10.177454709349654,0.17466722511646118,39,-14.110021582088963,-14.67607200425395,-15.002679702268736,-13.984282869740897,-14.192487330599542,-14.393108697790419,0.38449209303588083,25,-0.41256418000604045,-0.3832879200726612,-0.4259818731117825,-0.38294667068394095,-0.4349005424954792,-0.4079362372739809,0.021476287211782234,25,0.8917502439326275,-1.2929250776357215,1.3164709712911615,-1.21104592756546,0.5305382936981594,0.0469577007441534,1.0896832166866373,71,-13.174571088460166,-11.607692921071958,-13.865697789740032,-11.66160548289133,-12.196530014008399,-12.501219459234377,0.8844637350059907,35,10.177454709349654,14.393108697790419,0.4079362372739809,12.501219459234377,0.0469577007441534,n1000__squared_error__boostrap_true__samples_0.7
71.75834312438965,0.3633916302097739,3.895482969284058,0.3161905760323724,True,squared_error,20,1.0,0.7,1,4,1000,"{'bootstrap': True, 'criterion': 'squared_error', 'max_depth': 20, 'max_features': 1.0, 'max_samples': 0.7, 'min_samples_leaf': 1, 'min_samples_split': 4, 'n_estimators': 1000}",-9.991899343462233,-10.208431738074358,-10.502097499543904,-10.1295002409803,-10.038493605122959,-10.174084485436751,0.18018675801606948,35,-14.129304169587959,-14.665069978574353,-15.020982093327298,-13.976045180796474,-14.145386224978424,-14.387357529452903,0.3931726819670936,16,-0.41165810933252794,-0.3838934302149561,-0.4283987915407855,-0.38234407954203076,-0.4333936106088005,-0.4079376042478201,0.02151121296050932,26,0.892734079329931,-1.2865049379771916,1.2976957157655413,-1.22986502130102,0.511742792300624,0.03716052562357695,1.0866119266160568,75,-13.220477352481605,-11.620317121735384,-13.771973040435212,-11.638254253000602,-12.171656594802311,-12.484535672491024,0.8671867612488857,23,10.174084485436751,14.387357529452903,0.4079376042478201,12.484535672491024,0.03716052562357695,n1000__squared_error__boostrap_true__samples_0.7
66.36783318519592,1.6223108094360257,5.415956735610962,1.2501874306880445,True,squared_error,20,1.0,0.7,1,8,1000,"{'bootstrap': True, 'criterion': 'squared_error', 'max_depth': 20, 'max_features': 1.0, 'max_samples': 0.7, 'min_samples_leaf': 1, 'min_samples_split': 8, 'n_estimators': 1000}",-10.035616578684445,-10.239640990265,-10.534050540647122,-10.164039181266691,-10.068323397818672,-10.208334137736387,0.17802679562704943,61,-14.17903811293072,-14.731832053987775,-15.040593723856324,-13.996192004379713,-14.179281220824716,-14.425387423195849,0.39442415168443995,61,-0.4119601328903654,-0.38449894035725096,-0.42779456193353477,-0.3865622175354022,-0.43640747438215793,-0.4094446654197423,0.02105200686813172,78,0.8841780502623193,-1.3250252150353097,1.3103118302021497,-1.2859939290027105,0.5098470735568837,0.018663561996666522,1.1105280292299768,83,-13.253460416584582,-11.59251019904869,-13.843516754064654,-11.483332888645421,-12.119602770726553,-12.458484605813979,0.9344489321755106,5,10.208334137736387,14.425387423195849,0.4094446654197423,12.458484605813979,0.018663561996666522,n1000__squared_error__boostrap_true__samples_0.7
62.052521276473996,3.8708556987526155,6.300772666931152,1.3686739653581206,True,squared_error,20,1.0,0.7,2,2,1000,"{'bootstrap': True, 'criterion': 'squared_error', 'max_depth': 20, 'max_features': 1.0, 'max_samples': 0.7, 'min_samples_leaf': 2, 'min_samples_split': 2, 'n_estimators': 1000}",-9.918964033082727,-10.183518958384017,-10.433017715300283,-10.05876203062943,-10.021141283861605,-10.123080804251611,0.17658192774762724,7,-14.101635026340109,-14.679170464000352,-14.978571711914705,-13.9279493528005,-14.190397987254766,-14.375544908462086,0.3912742238029063,7,-0.413470250679553,-0.38268240993036634,-0.4287009063444109,-0.38264537511298585,-0.43399638336347196,-0.40829906508615765,0.021989330523798308,46,0.9372136877516306,-1.2509807779711868,1.3574662877298438,-1.1968622992106137,0.5992969597308032,0.08922677160609542,1.0988963782853705,14,-13.12812433662621,-11.670954750752996,-13.751410165620056,-11.579781578180727,-12.235629893138755,-12.47318014486375,0.8439171267711174,10,10.123080804251611,14.375544908462086,0.40829906508615765,12.47318014486375,0.08922677160609542,n1000__squared_error__boostrap_true__samples_0.7
64.91751599311829,1.312482190280822,4.415805387496948,1.2024691341207698,True,squared_error,20,1.0,0.7,2,4,1000,"{'bootstrap': True, 'criterion': 'squared_error', 'max_depth': 20, 'max_features': 1.0, 'max_samples': 0.7, 'min_samples_leaf': 2, 'min_samples_split': 4, 'n_estimators': 1000}",-9.918964033082728,-10.183518958384017,-10.433017715300283,-10.05876203062943,-10.021141283861605,-10.123080804251611,0.17658192774762685,7,-14.101635026340109,-14.67917046400035,-14.978571711914705,-13.9279493528005,-14.190397987254766,-14.375544908462086,0.391274223802906,7,-0.413470250679553,-0.38268240993036634,-0.4287009063444109,-0.38264537511298585,-0.43399638336347196,-0.40829906508615765,0.021989330523798308,46,0.9372136877516309,-1.2509807779711868,1.3574662877298433,-1.1968622992106144,0.5992969597308038,0.08922677160609535,1.0988963782853705,15,-13.12812433662621,-11.670954750752994,-13.751410165620053,-11.579781578180727,-12.235629893138755,-12.473180144863749,0.8439171267711167,9,10.123080804251611,14.375544908462086,0.40829906508615765,12.473180144863749,0.08922677160609535,n1000__squared_error__boostrap_true__samples_0.7
62.21797952651978,1.2696885244792997,4.391998910903931,0.7978539836483366,True,squared_error,20,1.0,0.7,2,8,1000,"{'bootstrap': True, 'criterion': 'squared_error', 'max_depth': 20, 'max_features': 1.0, 'max_samples': 0.7, 'min_samples_leaf': 2, 'min_samples_split': 8, 'n_estimators': 1000}",-10.004333683494696,-10.21769834973433,-10.494286285570297,-10.101655056578075,-10.018861841110272,-10.167367043297535,0.18020053721325674,23,-14.166608893093418,-14.708280820873828,-15.040137766579509,-13.966186077290244,-14.167082843601989,-14.409659280287798,0.4003156870036679,43,-0.4113560857746904,-0.38449894035725096,-0.427190332326284,-0.38354926182585114,-0.43399638336347196,-0.4081182007295097,0.021001964951077538,41,0.9288189674875552,-1.290121204246876,1.3256852328398459,-1.2208571468760476,0.5748827488497751,0.06368171961085052,1.1032011850539425,65,-13.289158747210802,-11.609365083285455,-13.834549408040157,-11.57712814701533,-12.204876579683138,-12.503015593046978,0.9094799642558969,36,10.167367043297535,14.409659280287798,0.4081182007295097,12.503015593046978,0.06368171961085052,n1000__squared_error__boostrap_true__samples_0.7
56.81173062324524,4.534886127563078,4.933090448379517,1.1686669664656606,True,squared_error,20,1.0,0.7,3,2,1000,"{'bootstrap': True, 'criterion': 'squared_error', 'max_depth': 20, 'max_features': 1.0, 'max_samples': 0.7, 'min_samples_leaf': 3, 'min_samples_split': 2, 'n_estimators': 1000}",-9.96901931889045,-10.166154696490214,-10.45920563106775,-10.06765889310265,-9.971895681986636,-10.12678684430754,0.18134500623488237,13,-14.167505088054922,-14.676216642107704,-15.029318547470337,-13.945786947690603,-14.147215802263178,-14.39320860551735,0.39909148925186394,26,-0.41316822712171547,-0.38298516500151375,-0.42779456193353477,-0.38234407954203076,-0.432790837854129,-0.4078165742905847,0.02152636009558819,20,0.959228257169279,-1.2845827955374263,1.3557521189334951,-1.2095962597442764,0.5811714670083579,0.08039455756588584,1.1114767273457724,45,-13.22493703374772,-11.595190509425711,-13.80914906514976,-11.583888841653446,-12.191879108762322,-12.481008911747793,0.8933621911424158,19,10.12678684430754,14.39320860551735,0.4078165742905847,12.481008911747793,0.08039455756588584,n1000__squared_error__boostrap_true__samples_0.7
57.73610157966614,2.633887790100527,4.625444650650024,0.9393131497468613,True,squared_error,20,1.0,0.7,3,4,1000,"{'bootstrap': True, 'criterion': 'squared_error', 'max_depth': 20, 'max_features': 1.0, 'max_samples': 0.7, 'min_samples_leaf': 3, 'min_samples_split': 4, 'n_estimators': 1000}",-9.96901931889045,-10.16615469649021,-10.459205631067752,-10.06765889310265,-9.971895681986636,-10.12678684430754,0.18134500623488287,13,-14.167505088054922,-14.676216642107704,-15.029318547470337,-13.945786947690603,-14.147215802263178,-14.39320860551735,0.39909148925186394,26,-0.41316822712171547,-0.38298516500151375,-0.42779456193353477,-0.38234407954203076,-0.432790837854129,-0.4078165742905847,0.02152636009558819,20,0.9592282571692786,-1.284582795537428,1.3557521189334953,-1.2095962597442762,0.5811714670083582,0.08039455756588557,1.1114767273457726,46,-13.22493703374772,-11.59519050942571,-13.80914906514976,-11.583888841653446,-12.191879108762324,-12.481008911747791,0.893362191142416,18,10.12678684430754,14.39320860551735,0.4078165742905847,12.481008911747791,0.08039455756588557,n1000__squared_error__boostrap_true__samples_0.7
57.97782111167908,0.41092489877812943,3.9366740226745605,0.5468396408066168,True,squared_error,20,1.0,0.7,3,8,1000,"{'bootstrap': True, 'criterion': 'squared_error', 'max_depth': 20, 'max_features': 1.0, 'max_samples': 0.7, 'min_samples_leaf': 3, 'min_samples_split': 8, 'n_estimators': 1000}",-9.968402782154387,-10.185563678394104,-10.49847526649561,-10.090398188873303,-10.003798122830348,-10.14932760774955,0.19005390831561086,17,-14.143596733874636,-14.685235818757347,-15.051620493865922,-13.969255207402874,-14.181745384220047,-14.406290727624164,0.4011707024688082,37,-0.4158864391422531,-0.38268240993036634,-0.4268882175226586,-0.3820427839710756,-0.43248945147679324,-0.40799786040862945,0.021603015183899427,30,0.9841772648677783,-1.31396318714385,1.3556288620017034,-1.2050933157094368,0.6097777989847134,0.0861054846001817,1.124263478785549,26,-13.167753280933328,-11.591335610205535,-13.884318706767909,-11.628677789444351,-12.27032923643985,-12.508482924758194,0.8943707233094076,43,10.14932760774955,14.406290727624164,0.40799786040862945,12.508482924758194,0.0861054846001817,n1000__squared_error__boostrap_true__samples_0.7
55.454324674606326,2.606633028774088,3.3288386821746827,0.5167053381059523,True,squared_error,20,1.0,0.7,4,2,1000,"{'bootstrap': True, 'criterion': 'squared_error', 'max_depth': 20, 'max_features': 1.0, 'max_samples': 0.7, 'min_samples_leaf': 4, 'min_samples_split': 2, 'n_estimators': 1000}",-10.005284844358844,-10.21367392658937,-10.50932320896472,-10.114471525724936,-10.010416190474714,-10.170633939222515,0.18586399803456755,26,-14.214075836916654,-14.694970242799881,-15.077428623665602,-13.99958957419606,-14.194296742718164,-14.436072204059272,0.39411193799161076,64,-0.4155844155844156,-0.3823796548592189,-0.42628398791540784,-0.38324796625489604,-0.432790837854129,-0.40805737249361346,0.021332894866820187,33,1.0032642193104406,-1.302206624175054,1.3737842474657915,-1.1860015838777156,0.5909431924561315,0.0959566902359188,1.1224383747934374,3,-13.244660592227108,-11.652643111589269,-13.93801760481396,-11.648424424917815,-12.24767076342777,-12.546283299395183,0.9075866912200924,74,10.170633939222515,14.436072204059272,0.40805737249361346,12.546283299395183,0.0959566902359188,n1000__squared_error__boostrap_true__samples_0.7
54.057555484771726,2.696662680531367,5.0476337432861325,1.6597497562367223,True,squared_error,20,1.0,0.7,4,4,1000,"{'bootstrap': True, 'criterion': 'squared_error', 'max_depth': 20, 'max_features': 1.0, 'max_samples': 0.7, 'min_samples_leaf': 4, 'min_samples_split': 4, 'n_estimators': 1000}",-10.005284844358844,-10.21367392658937,-10.509323208964718,-10.114471525724936,-10.010416190474714,-10.170633939222515,0.18586399803456685,26,-14.214075836916654,-14.694970242799881,-15.077428623665602,-13.99958957419606,-14.194296742718164,-14.436072204059272,0.39411193799161076,64,-0.4155844155844156,-0.3823796548592189,-0.42628398791540784,-0.38324796625489604,-0.432790837854129,-0.40805737249361346,0.021332894866820187,33,1.003264219310441,-1.302206624175053,1.3737842474657915,-1.1860015838777158,0.5909431924561309,0.09595669023591895,1.122438374793437,2,-13.244660592227108,-11.652643111589267,-13.93801760481396,-11.648424424917813,-12.247670763427767,-12.546283299395181,0.9075866912200933,72,10.170633939222515,14.436072204059272,0.40805737249361346,12.546283299395181,0.09595669023591895,n1000__squared_error__boostrap_true__samples_0.7
57.01843156814575,0.5113542740312439,5.114367151260376,0.1396076206741921,True,squared_error,20,1.0,0.7,4,8,1000,"{'bootstrap': True, 'criterion': 'squared_error', 'max_depth': 20, 'max_features': 1.0, 'max_samples': 0.7, 'min_samples_leaf': 4, 'min_samples_split': 8, 'n_estimators': 1000}",-10.005284844358844,-10.213673926589372,-10.50932320896472,-10.114471525724936,-10.010416190474714,-10.170633939222517,0.18586399803456763,28,-14.214075836916654,-14.694970242799881,-15.077428623665602,-13.99958957419606,-14.194296742718164,-14.436072204059272,0.39411193799161076,64,-0.4155844155844156,-0.3823796548592189,-0.42628398791540784,-0.38324796625489604,-0.432790837854129,-0.40805737249361346,0.021332894866820187,33,1.0032642193104409,-1.3022066241750536,1.3737842474657922,-1.1860015838777154,0.5909431924561311,0.09595669023591905,1.1224383747934372,1,-13.244660592227108,-11.652643111589269,-13.93801760481396,-11.648424424917813,-12.247670763427767,-12.546283299395181,0.907586691220093,72,10.170633939222517,14.436072204059272,0.40805737249361346,12.546283299395181,0.09595669023591905,n1000__squared_error__boostrap_true__samples_0.7
69.29589214324952,2.2191076910398397,5.819904613494873,0.2950524233291333,True,squared_error,22,0.875,0.7,1,2,1000,"{'bootstrap': True, 'criterion': 'squared_error', 'max_depth': 22, 'max_features': 0.875, 'max_samples': 0.7, 'min_samples_leaf': 1, 'min_samples_split': 2, 'n_estimators': 1000}",-10.041705975000406,-10.283666054656376,-10.555602814521045,-10.231495698914932,-10.099865135979902,-10.242467135814532,0.1791714545727852,87,-14.17979306535259,-14.665863271794448,-15.044761883464487,-14.021811503719334,-14.17430802657782,-14.417307550181736,0.3814073698408284,51,-0.41316822712171547,-0.3854072055706933,-0.42930513595166164,-0.3865622175354022,-0.4355033152501507,-0.40998922028592466,0.020915447065000783,94,0.8999667688657085,-1.3446810933584463,1.3369491092955503,-1.2874906317240777,0.5385573669455012,0.028660304004847183,1.1268637404659625,78,-13.241183645811661,-11.596805705878655,-13.85093133984269,-11.568648798911317,-12.213939745573182,-12.494301847203502,0.9098584284301371,28,10.242467135814532,14.417307550181736,0.40998922028592466,12.494301847203502,0.028660304004847183,n1000__squared_error__boostrap_true__samples_0.7
63.79385709762573,1.7149747289490318,5.629373836517334,0.45219737287455536,True,squared_error,22,0.875,0.7,1,4,1000,"{'bootstrap': True, 'criterion': 'squared_error', 'max_depth': 22, 'max_features': 0.875, 'max_samples': 0.7, 'min_samples_leaf': 1, 'min_samples_split': 4, 'n_estimators': 1000}",-10.07573862451895,-10.289152731420433,-10.58114588059163,-10.23459035820016,-10.107057319366694,-10.257536982819573,0.17996866063398684,92,-14.190326120136266,-14.63922249688112,-15.075585146455882,-14.010282523123687,-14.161430697165901,-14.415369396752572,0.3912083233464909,50,-0.4137722742373905,-0.3851044504995459,-0.4280966767371601,-0.3853570352515818,-0.4358047016274864,-0.40962702767063297,0.021137506677297236,84,0.864709341415962,-1.3898343026207751,1.316107343560591,-1.2722960747889616,0.526995601466523,0.00913638180666787,1.1231691299331008,87,-13.220373436208211,-11.554421686448615,-13.895521585019003,-11.62855931455894,-12.200479803362592,-12.499871165119472,0.9175682930823864,33,10.257536982819573,14.415369396752572,0.40962702767063297,12.499871165119472,0.00913638180666787,n1000__squared_error__boostrap_true__samples_0.7
55.237105798721316,0.2686181976596409,5.930455064773559,0.18167752811025914,True,squared_error,22,0.875,0.7,1,8,1000,"{'bootstrap': True, 'criterion': 'squared_error', 'max_depth': 22, 'max_features': 0.875, 'max_samples': 0.7, 'min_samples_leaf': 1, 'min_samples_split': 8, 'n_estimators': 1000}",-10.115677182506108,-10.29968710550863,-10.577078676771153,-10.257598714606202,-10.137305720225159,-10.27746947992345,0.16521305521840826,94,-14.238982742585543,-14.666546920420807,-15.067482108889948,-14.061057836348779,-14.198757549792182,-14.44656543160745,0.37068714588491936,83,-0.41467834491090305,-0.38419618528610355,-0.4287009063444109,-0.3841518529677614,-0.4361060880048222,-0.40956667550280024,0.021845655624463545,83,0.8679049550607961,-1.422667393569677,1.3174385649002893,-1.3329738755480791,0.5190429603443154,-0.010250957762471046,1.1453021813419697,92,-13.243496160773496,-11.552717142842539,-13.872745620131244,-11.616011702287809,-12.21761054669299,-12.500516234545616,0.9160501811013898,34,10.27746947992345,14.44656543160745,0.40956667550280024,12.500516234545616,-0.010250957762471046,n1000__squared_error__boostrap_true__samples_0.7
57.196599817276,0.5239584172109107,5.579766416549683,0.19380836980394248,True,squared_error,22,0.875,0.7,2,2,1000,"{'bootstrap': True, 'criterion': 'squared_error', 'max_depth': 22, 'max_features': 0.875, 'max_samples': 0.7, 'min_samples_leaf': 2, 'min_samples_split': 2, 'n_estimators': 1000}",-10.00315686453367,-10.225158470381002,-10.499088048481413,-10.142733444940353,-10.041839952034975,-10.182395356074284,0.17639629872448567,47,-14.19174822047483,-14.620595239225487,-15.024699979508247,-13.968417386238874,-14.160936812660765,-14.39327952762164,0.38091208012839184,28,-0.41316822712171547,-0.3838934302149561,-0.4268882175226586,-0.38264537511298585,-0.4333936106088005,-0.40799777211622323,0.02122401695090421,28,0.9643075919026456,-1.3518793801896023,1.3850185597908504,-1.236104870482388,0.5991531679954214,0.07209901380338542,1.1433889829747488,60,-13.27239576581164,-11.556956165182255,-13.919459615492283,-11.63822844040393,-12.27636132554272,-12.532680262486565,0.9260795833302562,61,10.182395356074284,14.39327952762164,0.40799777211622323,12.532680262486565,0.07209901380338542,n1000__squared_error__boostrap_true__samples_0.7
56.83445496559143,0.7285835716225144,5.486713981628418,0.16639090176200835,True,squared_error,22,0.875,0.7,2,4,1000,"{'bootstrap': True, 'criterion': 'squared_error', 'max_depth': 22, 'max_features': 0.875, 'max_samples': 0.7, 'min_samples_leaf': 2, 'min_samples_split': 4, 'n_estimators': 1000}",-10.00315686453367,-10.225158470381002,-10.499088048481411,-10.142733444940353,-10.041839952034975,-10.182395356074283,0.17639629872448503,46,-14.19174822047483,-14.620595239225489,-15.024699979508247,-13.968417386238874,-14.160936812660765,-14.39327952762164,0.380912080128392,28,-0.41316822712171547,-0.3838934302149561,-0.4268882175226586,-0.38264537511298585,-0.4333936106088005,-0.40799777211622323,0.02122401695090421,28,0.9643075919026455,-1.351879380189603,1.3850185597908506,-1.2361048704823885,0.5991531679954214,0.07209901380338521,1.143388982974749,61,-13.27239576581164,-11.556956165182255,-13.919459615492283,-11.63822844040393,-12.27636132554272,-12.532680262486565,0.9260795833302562,61,10.182395356074283,14.39327952762164,0.40799777211622323,12.532680262486565,0.07209901380338521,n1000__squared_error__boostrap_true__samples_0.7
49.95177640914917,0.7710481729551876,6.093522024154663,0.612569765485618,True,squared_error,22,0.875,0.7,2,8,1000,"{'bootstrap': True, 'criterion': 'squared_error', 'max_depth': 22, 'max_features': 0.875, 'max_samples': 0.7, 'min_samples_leaf': 2, 'min_samples_split': 8, 'n_estimators': 1000}",-10.052293884028726,-10.284061391049534,-10.549145544560236,-10.19550851938051,-10.080043430359378,-10.232210553875678,0.17889001008439626,72,-14.218290304721329,-14.689308547098982,-15.083138516087374,-14.027060854748548,-14.179819407902928,-14.439523526111833,0.39067854677736985,68,-0.41498036846874053,-0.38570996064184077,-0.42658610271903324,-0.3841518529677614,-0.4333936106088005,-0.4089643790812353,0.020493579747770593,62,0.9501435572284112,-1.4044754238554222,1.3709260971533206,-1.2594348120238967,0.5792700709523981,0.04728589789096218,1.1545832529146312,70,-13.25657582532838,-11.510703473171958,-13.971472072971629,-11.630913190084941,-12.2974972869793,-12.53343236970724,0.9494288045165511,64,10.232210553875678,14.439523526111833,0.4089643790812353,12.53343236970724,0.04728589789096218,n1000__squared_error__boostrap_true__samples_0.7
51.131115961074826,0.7708215738671318,5.1683323860168455,0.1791534455708944,True,squared_error,22,0.875,0.7,3,2,1000,"{'bootstrap': True, 'criterion': 'squared_error', 'max_depth': 22, 'max_features': 0.875, 'max_samples': 0.7, 'min_samples_leaf': 3, 'min_samples_split': 2, 'n_estimators': 1000}",-10.009675749029606,-10.24762042744622,-10.507641527692856,-10.152412696108879,-10.041524173898924,-10.191774914835296,0.1789833590024546,59,-14.203952777071995,-14.651088152095664,-15.055817353328003,-13.989499043410026,-14.15139575669179,-14.410350616519494,0.3902193238442216,44,-0.41407429779522803,-0.38298516500151375,-0.42930513595166164,-0.3853570352515818,-0.4345991561181435,-0.40926415802362576,0.021581364011004408,70,0.9927384618487248,-1.3794357588374389,1.3939295901163011,-1.2122441795350303,0.627790243008524,0.0845556713202162,1.1540641750670706,32,-13.285555598912527,-11.577713027831937,-13.861435749454015,-11.599851175335656,-12.274890858286724,-12.519889281964172,0.9143502909112464,50,10.191774914835296,14.410350616519494,0.40926415802362576,12.519889281964172,0.0845556713202162,n1000__squared_error__boostrap_true__samples_0.7
49.96656293869019,0.26988009465291485,5.363530397415161,0.1391740458295493,True,squared_error,22,0.875,0.7,3,4,1000,"{'bootstrap': True, 'criterion': 'squared_error', 'max_depth': 22, 'max_features': 0.875, 'max_samples': 0.7, 'min_samples_leaf': 3, 'min_samples_split': 4, 'n_estimators': 1000}",-10.009675749029606,-10.24762042744622,-10.507641527692856,-10.152412696108879,-10.041524173898924,-10.191774914835296,0.1789833590024546,59,-14.203952777071994,-14.651088152095662,-15.055817353328003,-13.989499043410026,-14.15139575669179,-14.410350616519494,0.3902193238442216,44,-0.41407429779522803,-0.38298516500151375,-0.42930513595166164,-0.3853570352515818,-0.4345991561181435,-0.40926415802362576,0.021581364011004408,70,0.992738461848725,-1.3794357588374393,1.3939295901163014,-1.2122441795350305,0.6277902430085246,0.08455567132021627,1.1540641750670708,31,-13.285555598912527,-11.577713027831937,-13.861435749454015,-11.599851175335656,-12.274890858286724,-12.519889281964172,0.9143502909112464,50,10.191774914835296,14.410350616519494,0.40926415802362576,12.519889281964172,0.08455567132021627,n1000__squared_error__boostrap_true__samples_0.7
47.33905711174011,0.48948808214064177,5.845879697799683,0.5491830275560332,True,squared_error,22,0.875,0.7,3,8,1000,"{'bootstrap': True, 'criterion': 'squared_error', 'max_depth': 22, 'max_features': 0.875, 'max_samples': 0.7, 'min_samples_leaf': 3, 'min_samples_split': 8, 'n_estimators': 1000}",-10.068072685792943,-10.272760458354375,-10.543611073938582,-10.173568284772012,-10.065608129959719,-10.224724126563526,0.1769015934344418,68,-14.261659332690003,-14.675524177613044,-15.087464521805314,-14.004617735215767,-14.184095209878029,-14.442672195440432,0.3902554583364897,79,-0.4164904862579281,-0.38268240993036634,-0.427190332326284,-0.38354926182585114,-0.4349005424954792,-0.40896260656718175,0.021900604126001897,61,0.981430086733103,-1.3865735744472694,1.3922037901396367,-1.2458472729738808,0.6151356417085645,0.0712697342320308,1.1600994005660665,64,-13.265012211687363,-11.61039370156059,-13.97013691658377,-11.638297736904168,-12.279524544142538,-12.552673022175686,0.9290009240351413,78,10.224724126563526,14.442672195440432,0.40896260656718175,12.552673022175686,0.0712697342320308,n1000__squared_error__boostrap_true__samples_0.7
47.39228925704956,0.18441506543666053,4.910241365432739,0.19286134512754843,True,squared_error,22,0.875,0.7,4,2,1000,"{'bootstrap': True, 'criterion': 'squared_error', 'max_depth': 22, 'max_features': 0.875, 'max_samples': 0.7, 'min_samples_leaf': 4, 'min_samples_split': 2, 'n_estimators': 1000}",-10.080442758062617,-10.268534520836548,-10.566581862062645,-10.185074696354008,-10.079040609302709,-10.235934889323705,0.1798724735875589,76,-14.275510907345936,-14.662421178815677,-15.113642064970751,-14.043811433549527,-14.207420635629244,-14.460561244062228,0.3845168894122139,88,-0.4155844155844156,-0.3835906751438087,-0.4280966767371601,-0.38264537511298585,-0.4358047016274864,-0.40914436884117134,0.022210922768321185,64,1.0059605865565444,-1.4123468895571376,1.4073508247191568,-1.231461438048699,0.6413113000617058,0.08216287674631409,1.1731445390399475,38,-13.338329023994925,-11.543799426249365,-13.985080166989329,-11.69962299382493,-12.299490883565397,-12.57326449892479,0.946207906949845,94,10.235934889323705,14.460561244062228,0.40914436884117134,12.57326449892479,0.08216287674631409,n1000__squared_error__boostrap_true__samples_0.7
46.681023645401,0.2812931947730717,5.465069532394409,0.2609243010183927,True,squared_error,22,0.875,0.7,4,4,1000,"{'bootstrap': True, 'criterion': 'squared_error', 'max_depth': 22, 'max_features': 0.875, 'max_samples': 0.7, 'min_samples_leaf': 4, 'min_samples_split': 4, 'n_estimators': 1000}",-10.080442758062617,-10.268534520836548,-10.566581862062645,-10.185074696354008,-10.079040609302709,-10.235934889323705,0.1798724735875589,76,-14.275510907345936,-14.662421178815677,-15.113642064970751,-14.043811433549527,-14.207420635629244,-14.460561244062228,0.3845168894122139,88,-0.4155844155844156,-0.3835906751438087,-0.4280966767371601,-0.38264537511298585,-0.4358047016274864,-0.40914436884117134,0.022210922768321185,64,1.005960586556544,-1.4123468895571372,1.407350824719157,-1.231461438048699,0.6413113000617063,0.08216287674631424,1.1731445390399473,37,-13.338329023994929,-11.543799426249365,-13.98508016698933,-11.69962299382493,-12.299490883565397,-12.573264498924791,0.9462079069498461,96,10.235934889323705,14.460561244062228,0.40914436884117134,12.573264498924791,0.08216287674631424,n1000__squared_error__boostrap_true__samples_0.7
46.39951682090759,0.5373597518983213,6.377390432357788,0.6337644037192167,True,squared_error,22,0.875,0.7,4,8,1000,"{'bootstrap': True, 'criterion': 'squared_error', 'max_depth': 22, 'max_features': 0.875, 'max_samples': 0.7, 'min_samples_leaf': 4, 'min_samples_split': 8, 'n_estimators': 1000}",-10.080442758062617,-10.268534520836548,-10.566581862062645,-10.185074696354008,-10.079040609302707,-10.235934889323705,0.1798724735875592,76,-14.275510907345936,-14.662421178815677,-15.113642064970751,-14.043811433549527,-14.207420635629244,-14.460561244062228,0.3845168894122139,88,-0.4155844155844156,-0.3835906751438087,-0.4280966767371601,-0.38264537511298585,-0.4358047016274864,-0.40914436884117134,0.022210922768321185,64,1.0059605865565435,-1.4123468895571378,1.4073508247191573,-1.2314614380486997,0.6413113000617063,0.08216287674631392,1.1731445390399478,39,-13.338329023994925,-11.543799426249365,-13.98508016698933,-11.69962299382493,-12.299490883565397,-12.57326449892479,0.9462079069498456,94,10.235934889323705,14.460561244062228,0.40914436884117134,12.57326449892479,0.08216287674631392,n1000__squared_error__boostrap_true__samples_0.7
81.74396772384644,0.7262998740713916,5.403012752532959,1.0081750081224656,True,squared_error,22,1.0,0.7,1,2,1000,"{'bootstrap': True, 'criterion': 'squared_error', 'max_depth': 22, 'max_features': 1.0, 'max_samples': 0.7, 'min_samples_leaf': 1, 'min_samples_split': 2, 'n_estimators': 1000}",-9.981592891082302,-10.195210589293058,-10.501932436535629,-10.124297869878328,-10.04964147336762,-10.170535052031388,0.18049120929014908,25,-14.111577100741071,-14.673939739947157,-15.007772888859503,-13.952382617994223,-14.157950457160613,-14.380724560940513,0.396159115376549,9,-0.4119601328903654,-0.3848016954283984,-0.42930513595166164,-0.385959626393492,-0.4358047016274864,-0.40956625845828076,0.02123377723789269,82,0.8680220847349109,-1.2898293460298957,1.3140914384469218,-1.210967848061338,0.5212628689912466,0.040515839616369134,1.0838735010502976,72,-13.168282692423308,-11.57139034087263,-13.761801205556736,-11.546972030605227,-12.128029255859863,-12.435295105063553,0.8861998494880075,3,10.170535052031388,14.380724560940513,0.40956625845828076,12.435295105063553,0.040515839616369134,n1000__squared_error__boostrap_true__samples_0.7
75.7222665309906,0.29938205910099636,3.934505653381348,0.40465538091003467,True,squared_error,22,1.0,0.7,1,4,1000,"{'bootstrap': True, 'criterion': 'squared_error', 'max_depth': 22, 'max_features': 1.0, 'max_samples': 0.7, 'min_samples_leaf': 1, 'min_samples_split': 4, 'n_estimators': 1000}",-9.986138125030543,-10.199433603334862,-10.508388559893236,-10.169270607720689,-10.056562702170234,-10.183958719629912,0.17948407551794662,52,-14.120117763935033,-14.659252613377133,-15.01471080027088,-13.983049594791073,-14.163195851539907,-14.388065324782806,0.3879760338851778,17,-0.4098459679855029,-0.3835906751438087,-0.4283987915407855,-0.3841518529677614,-0.4342977697408077,-0.40805701147573326,0.021333654130190578,32,0.8704196817798475,-1.295792522578623,1.3108419354847594,-1.2242596025940378,0.500305404675094,0.032302979353408,1.0861781551790772,77,-13.244680507866322,-11.605653705500337,-13.794659005536376,-11.64254569647661,-12.153951553960027,-12.488298093867934,0.8814577732937185,24,10.183958719629912,14.388065324782806,0.40805701147573326,12.488298093867934,0.032302979353408,n1000__squared_error__boostrap_true__samples_0.7
62.67090020179749,5.240300697156826,6.068901491165161,1.392265396378522,True,squared_error,22,1.0,0.7,1,8,1000,"{'bootstrap': True, 'criterion': 'squared_error', 'max_depth': 22, 'max_features': 1.0, 'max_samples': 0.7, 'min_samples_leaf': 1, 'min_samples_split': 8, 'n_estimators': 1000}",-10.039946125589118,-10.243657618483017,-10.53536845547667,-10.20836115922677,-10.061573725858167,-10.217781416926748,0.17756468101012704,64,-14.17573482325637,-14.704766919965204,-15.045249246621507,-14.043919212363015,-14.177234528930194,-14.429380946227258,0.38252480120630983,62,-0.4110540622168529,-0.3838934302149561,-0.4268882175226586,-0.38324796625489604,-0.4358047016274864,-0.40817767556737,0.02160011818525527,44,0.8540065097691415,-1.3515849499229928,1.2770990265790558,-1.2918698378275133,0.4779519108975066,-0.006879468100960439,1.1031065216820979,91,-13.251240696425864,-11.581433763507,-13.835551084785722,-11.632796657124267,-12.092028375779847,-12.47861011552454,0.9064235282844282,15,10.217781416926748,14.429380946227258,0.40817767556737,12.47861011552454,-0.006879468100960439,n1000__squared_error__boostrap_true__samples_0.7
65.30191059112549,1.9575502575648112,5.63628830909729,0.8409911323870597,True,squared_error,22,1.0,0.7,2,2,1000,"{'bootstrap': True, 'criterion': 'squared_error', 'max_depth': 22, 'max_features': 1.0, 'max_samples': 0.7, 'min_samples_leaf': 2, 'min_samples_split': 2, 'n_estimators': 1000}",-9.938403365979921,-10.1738402155884,-10.441316061351445,-10.05520164232495,-9.99139697804974,-10.120031652658891,0.1788058595164611,1,-14.123208370510078,-14.687836005958747,-14.984291012217227,-13.906108318707261,-14.152188978901581,-14.37072653725898,0.40047815829669453,3,-0.41407429779522803,-0.38268240993036634,-0.42477341389728096,-0.3841518529677614,-0.43128390596745025,-0.40739317611161746,0.020338427137924907,6,0.9368070990290832,-1.25293392272316,1.3418827058692517,-1.1650191138188466,0.5855583099555248,0.08925901566237063,1.0870521939951974,13,-13.131955452095115,-11.655756916666887,-13.86998147919648,-11.571182671416379,-12.262172482739855,-12.498209800422945,0.8841052951205113,29,10.120031652658891,14.37072653725898,0.40739317611161746,12.498209800422945,0.08925901566237063,n1000__squared_error__boostrap_true__samples_0.7
67.9410852432251,0.24666151845802392,3.824588346481323,0.23959026870730318,True,squared_error,22,1.0,0.7,2,4,1000,"{'bootstrap': True, 'criterion': 'squared_error', 'max_depth': 22, 'max_features': 1.0, 'max_samples': 0.7, 'min_samples_leaf': 2, 'min_samples_split': 4, 'n_estimators': 1000}",-9.938403365979921,-10.1738402155884,-10.441316061351445,-10.055201642324953,-9.991396978049742,-10.120031652658891,0.1788058595164607,1,-14.123208370510078,-14.687836005958747,-14.984291012217227,-13.906108318707261,-14.152188978901581,-14.37072653725898,0.40047815829669453,3,-0.41407429779522803,-0.38268240993036634,-0.42477341389728096,-0.3841518529677614,-0.43128390596745025,-0.40739317611161746,0.020338427137924907,6,0.936807099029083,-1.2529339227231593,1.341882705869251,-1.1650191138188466,0.5855583099555254,0.08925901566237074,1.0870521939951971,12,-13.131955452095116,-11.655756916666887,-13.869981479196479,-11.571182671416379,-12.262172482739855,-12.498209800422945,0.884105295120511,29,10.120031652658891,14.37072653725898,0.40739317611161746,12.498209800422945,0.08925901566237074,n1000__squared_error__boostrap_true__samples_0.7
59.65135836601257,4.9545220029697665,5.216319513320923,1.2482387532511947,True,squared_error,22,1.0,0.7,2,8,1000,"{'bootstrap': True, 'criterion': 'squared_error', 'max_depth': 22, 'max_features': 1.0, 'max_samples': 0.7, 'min_samples_leaf': 2, 'min_samples_split': 8, 'n_estimators': 1000}",-9.9986752895958,-10.198530512767512,-10.49250855483894,-10.128242584947527,-10.022189265267105,-10.168029241483378,0.1776233036888179,24,-14.170338422993527,-14.673920622901386,-15.030796384635467,-13.97445314783754,-14.172902411465815,-14.404482197966747,0.38942111244340993,35,-0.41498036846874053,-0.3832879200726612,-0.42658610271903324,-0.3841518529677614,-0.43248945147679324,-0.40829913914099797,0.02084646532126787,48,0.9394130160942163,-1.3034865284556356,1.3133429001574017,-1.238745274555162,0.5424027835403181,0.050585379356227735,1.1065567992532848,69,-13.179043078653436,-11.603605955838121,-13.837595012761291,-11.570290813016573,-12.213699100328583,-12.480846792119602,0.8942343489145785,17,10.168029241483378,14.404482197966747,0.40829913914099797,12.480846792119602,0.050585379356227735,n1000__squared_error__boostrap_true__samples_0.7
57.31920261383057,3.3731350484619353,5.730798149108887,1.0965541605409574,True,squared_error,22,1.0,0.7,3,2,1000,"{'bootstrap': True, 'criterion': 'squared_error', 'max_depth': 22, 'max_features': 1.0, 'max_samples': 0.7, 'min_samples_leaf': 3, 'min_samples_split': 2, 'n_estimators': 1000}",-9.952135763007558,-10.148034899803406,-10.469474169405567,-10.070285779690087,-9.99669779838234,-10.127325682057792,0.18357731956125617,15,-14.159614667670107,-14.643871246636659,-15.032449863893586,-13.948083623642901,-14.1685105394232,-14.39050598825329,0.3936029023158038,23,-0.4152823920265781,-0.38419618528610355,-0.4241691842900302,-0.3811388972582103,-0.432790837854129,-0.40751549934301023,0.021052449390742245,11,0.9753475985108356,-1.2906651494716883,1.3634603338992055,-1.192324976317927,0.6043430016772542,0.09203216165953595,1.1154069452022743,6,-13.156689967268145,-11.527144320467164,-13.948366526331482,-11.646621306874389,-12.247302707032635,-12.505224965594763,0.9238430705843861,38,10.127325682057792,14.39050598825329,0.40751549934301023,12.505224965594763,0.09203216165953595,n1000__squared_error__boostrap_true__samples_0.7
61.57300763130188,0.1448021882510063,3.5937612533569334,0.14850222299055824,True,squared_error,22,1.0,0.7,3,4,1000,"{'bootstrap': True, 'criterion': 'squared_error', 'max_depth': 22, 'max_features': 1.0, 'max_samples': 0.7, 'min_samples_leaf': 3, 'min_samples_split': 4, 'n_estimators': 1000}",-9.952135763007556,-10.148034899803406,-10.469474169405569,-10.070285779690089,-9.99669779838234,-10.127325682057792,0.18357731956125709,15,-14.159614667670109,-14.643871246636659,-15.032449863893588,-13.9480836236429,-14.1685105394232,-14.390505988253292,0.3936029023158046,24,-0.4152823920265781,-0.38419618528610355,-0.4241691842900302,-0.3811388972582103,-0.432790837854129,-0.40751549934301023,0.021052449390742245,11,0.975347598510835,-1.2906651494716883,1.3634603338992048,-1.192324976317928,0.6043430016772545,0.09203216165953558,1.1154069452022743,7,-13.156689967268145,-11.527144320467164,-13.948366526331482,-11.646621306874389,-12.247302707032638,-12.505224965594763,0.9238430705843859,38,10.127325682057792,14.390505988253292,0.40751549934301023,12.505224965594763,0.09203216165953558,n1000__squared_error__boostrap_true__samples_0.7
58.901574516296385,2.4269104256996994,3.2362279415130617,0.31888789946455537,True,squared_error,22,1.0,0.7,3,8,1000,"{'bootstrap': True, 'criterion': 'squared_error', 'max_depth': 22, 'max_features': 1.0, 'max_samples': 0.7, 'min_samples_leaf': 3, 'min_samples_split': 8, 'n_estimators': 1000}",-9.975544066231302,-10.207004570819414,-10.490813823680451,-10.107820115685938,-10.009776188464524,-10.158191752976325,0.18490256472599942,20,-14.16582571958899,-14.709253688084225,-15.048579017124634,-13.99038170065526,-14.175301137084666,-14.417868252507555,0.39694093680778736,52,-0.4155844155844156,-0.3838934302149561,-0.4241691842900302,-0.38354926182585114,-0.43309222423146476,-0.40805770322934354,0.020627817397838203,38,0.9969558727047282,-1.305470889165992,1.3637688704042825,-1.1964889226526623,0.5920305990861313,0.09015910607529751,1.122451195973116,11,-13.201288989032411,-11.593756210765479,-13.973884870876233,-11.616931747713053,-12.239664203581448,-12.525105204393725,0.9305754749527678,57,10.158191752976325,14.417868252507555,0.40805770322934354,12.525105204393725,0.09015910607529751,n1000__squared_error__boostrap_true__samples_0.7
52.32920341491699,2.417168509749668,4.253473091125488,1.6025457962434642,True,squared_error,22,1.0,0.7,4,2,1000,"{'bootstrap': True, 'criterion': 'squared_error', 'max_depth': 22, 'max_features': 1.0, 'max_samples': 0.7, 'min_samples_leaf': 4, 'min_samples_split': 2, 'n_estimators': 1000}",-9.996622881803901,-10.237268180261898,-10.521739183897843,-10.106046863470159,-10.011683541849898,-10.17467213025674,0.19357171656332933,36,-14.20750315198581,-14.731156930042392,-15.102255373509827,-13.984980075967503,-14.185530887772735,-14.442285283855654,0.41211184640183585,76,-0.4143763213530655,-0.38419618528610355,-0.42658610271903324,-0.3817414884001205,-0.43158529234478604,-0.4076970780206217,0.020966825801802254,14,0.9864989050012916,-1.291049311798337,1.3680177173800496,-1.1998597528816906,0.589015628358073,0.09052463721187731,1.118667973748519,9,-13.252593380507285,-11.64277420115648,-13.935940277347672,-11.665207190230122,-12.28111726492669,-12.55552646283365,0.9047132245389345,81,10.17467213025674,14.442285283855654,0.4076970780206217,12.55552646283365,0.09052463721187731,n1000__squared_error__boostrap_true__samples_0.7
56.987906742095944,0.9956798551837949,4.0169073104858395,0.49482440204477596,True,squared_error,22,1.0,0.7,4,4,1000,"{'bootstrap': True, 'criterion': 'squared_error', 'max_depth': 22, 'max_features': 1.0, 'max_samples': 0.7, 'min_samples_leaf': 4, 'min_samples_split': 4, 'n_estimators': 1000}",-9.9966228818039,-10.237268180261898,-10.521739183897843,-10.10604686347016,-10.011683541849898,-10.17467213025674,0.19357171656332953,36,-14.207503151985811,-14.731156930042392,-15.102255373509827,-13.984980075967503,-14.185530887772735,-14.442285283855654,0.4121118464018356,76,-0.4143763213530655,-0.38419618528610355,-0.42658610271903324,-0.3817414884001205,-0.43158529234478604,-0.4076970780206217,0.020966825801802254,14,0.9864989050012923,-1.2910493117983382,1.3680177173800496,-1.1998597528816903,0.5890156283580726,0.09052463721187724,1.1186679737485192,10,-13.252593380507285,-11.64277420115648,-13.935940277347672,-11.66520719023012,-12.28111726492669,-12.55552646283365,0.9047132245389349,81,10.17467213025674,14.442285283855654,0.4076970780206217,12.55552646283365,0.09052463721187724,n1000__squared_error__boostrap_true__samples_0.7
57.62444853782654,0.4124060213230442,3.3515127658843995,0.2784312981932427,True,squared_error,22,1.0,0.7,4,8,1000,"{'bootstrap': True, 'criterion': 'squared_error', 'max_depth': 22, 'max_features': 1.0, 'max_samples': 0.7, 'min_samples_leaf': 4, 'min_samples_split': 8, 'n_estimators': 1000}",-9.9966228818039,-10.237268180261898,-10.521739183897843,-10.10604686347016,-10.011683541849898,-10.17467213025674,0.19357171656332953,36,-14.207503151985811,-14.731156930042392,-15.102255373509827,-13.984980075967503,-14.185530887772735,-14.442285283855654,0.4121118464018356,76,-0.4143763213530655,-0.38419618528610355,-0.42658610271903324,-0.3817414884001205,-0.43158529234478604,-0.4076970780206217,0.020966825801802254,14,0.986498905001292,-1.291049311798337,1.3680177173800496,-1.1998597528816901,0.5890156283580726,0.09052463721187742,1.118667973748519,8,-13.252593380507285,-11.642774201156481,-13.935940277347672,-11.665207190230122,-12.281117264926694,-12.555526462833651,0.904713224538934,83,10.17467213025674,14.442285283855654,0.4076970780206217,12.555526462833651,0.09052463721187742,n1000__squared_error__boostrap_true__samples_0.7
69.17782135009766,0.6588387423531273,6.657307529449463,1.331292692776179,True,squared_error,24,0.875,0.7,1,2,1000,"{'bootstrap': True, 'criterion': 'squared_error', 'max_depth': 24, 'max_features': 0.875, 'max_samples': 0.7, 'min_samples_leaf': 1, 'min_samples_split': 2, 'n_estimators': 1000}",-10.070515378437603,-10.284621923051983,-10.565225814987018,-10.232865569150801,-10.100501937752437,-10.250746124675967,0.17630723025082423,91,-14.221438734518172,-14.654749126006243,-15.044817981339452,-14.01865518596539,-14.166956724598707,-14.421323550485592,0.3768371102119321,56,-0.4110540622168529,-0.3854072055706933,-0.4280966767371601,-0.3847544441096716,-0.4345991561181435,-0.40878230895050427,0.020825220336912593,55,0.8520257963014485,-1.3511215892623099,1.3400346266331575,-1.2709520586134377,0.5371821516107901,0.0214337853339297,1.1179228122409812,82,-13.286015367215649,-11.589690338769554,-13.904873698575436,-11.646276797757837,-12.238500627082939,-12.533071365880284,0.917813771704735,63,10.250746124675967,14.421323550485592,0.40878230895050427,12.533071365880284,0.0214337853339297,n1000__squared_error__boostrap_true__samples_0.7
64.1695689201355,0.6398744984218545,4.333296012878418,0.33929690835398846,True,squared_error,24,0.875,0.7,1,4,1000,"{'bootstrap': True, 'criterion': 'squared_error', 'max_depth': 24, 'max_features': 0.875, 'max_samples': 0.7, 'min_samples_leaf': 1, 'min_samples_split': 4, 'n_estimators': 1000}",-10.080381685386143,-10.249029434079242,-10.574351597219655,-10.228053715470072,-10.082575624867122,-10.242878411404444,0.18013009129086394,88,-14.201602208256894,-14.593492792193308,-15.056682377736543,-14.021241522832101,-14.147528066127993,-14.40410939342937,0.37819267985429156,34,-0.4119601328903654,-0.38419618528610355,-0.42628398791540784,-0.3844531485387165,-0.43670886075949367,-0.40872046307801746,0.021413388457446246,54,0.8700515525116271,-1.405587806406448,1.3228500436066968,-1.284247966425158,0.5117422594301738,0.0029616165433783426,1.1308163552856605,88,-13.290646792771083,-11.509018004808214,-13.954549054264785,-11.631853950266484,-12.12972627332589,-12.503158815087293,0.9605842933074992,37,10.242878411404444,14.40410939342937,0.40872046307801746,12.503158815087293,0.0029616165433783426,n1000__squared_error__boostrap_true__samples_0.7
58.98290700912476,0.40214719385854636,5.601343059539795,0.672196491773729,True,squared_error,24,0.875,0.7,1,8,1000,"{'bootstrap': True, 'criterion': 'squared_error', 'max_depth': 24, 'max_features': 0.875, 'max_samples': 0.7, 'min_samples_leaf': 1, 'min_samples_split': 8, 'n_estimators': 1000}",-10.115790729717455,-10.316976294834957,-10.606052807053018,-10.274568980134855,-10.14370618978968,-10.291419000305993,0.17469739245454186,96,-14.240613541190031,-14.679644753331505,-15.090283117798704,-14.077172490800349,-14.202678001670892,-14.458078380958298,0.37586808698868757,84,-0.41498036846874053,-0.3838934302149561,-0.429607250755287,-0.385959626393492,-0.43670886075949367,-0.4102299073183939,0.021825855573341203,95,0.8681485562690695,-1.4128491346262522,1.3031012391792174,-1.3347576042791451,0.49344676247216923,-0.016582036196988236,1.1376809906533298,96,-13.234287836936454,-11.59713407341063,-13.860513323849753,-11.581277890891926,-12.178769322154873,-12.490396489448726,0.9112760655608036,25,10.291419000305993,14.458078380958298,0.4102299073183939,12.490396489448726,-0.016582036196988236,n1000__squared_error__boostrap_true__samples_0.7
50.95008382797241,5.639450682410691,4.0419166564941404,0.4823332934883448,True,squared_error,24,0.875,0.7,2,2,1000,"{'bootstrap': True, 'criterion': 'squared_error', 'max_depth': 24, 'max_features': 0.875, 'max_samples': 0.7, 'min_samples_leaf': 2, 'min_samples_split': 2, 'n_estimators': 1000}",-9.991079434803305,-10.20787967730339,-10.500060679297757,-10.154765317219663,-10.05395818272915,-10.181548658270653,0.17630566184730853,42,-14.159902362219317,-14.613172828654074,-15.028832168516443,-13.973929859967061,-14.166241781553781,-14.388415800182136,0.3831519612887484,21,-0.413470250679553,-0.3854072055706933,-0.4280966767371601,-0.38264537511298585,-0.4333936106088005,-0.4086026237418386,0.021119238170641572,52,0.9497732650355732,-1.327604370708059,1.3778866549457445,-1.2441662349252005,0.6040610596357264,0.07199007479675694,1.1357905426201629,62,-13.230519828037446,-11.52063995981319,-13.872973068576568,-11.643416674856425,-12.29600411897311,-12.512710730051348,0.9113069574632795,44,10.181548658270653,14.388415800182136,0.4086026237418386,12.512710730051348,0.07199007479675694,n1000__squared_error__boostrap_true__samples_0.7
60.25071020126343,0.35792297262020556,3.944963836669922,0.14115121157442603,True,squared_error,24,0.875,0.7,2,4,1000,"{'bootstrap': True, 'criterion': 'squared_error', 'max_depth': 24, 'max_features': 0.875, 'max_samples': 0.7, 'min_samples_leaf': 2, 'min_samples_split': 4, 'n_estimators': 1000}",-9.991079434803305,-10.20787967730339,-10.500060679297757,-10.154765317219663,-10.05395818272915,-10.181548658270653,0.17630566184730853,42,-14.159902362219317,-14.613172828654074,-15.028832168516443,-13.973929859967061,-14.166241781553781,-14.388415800182136,0.3831519612887484,21,-0.413470250679553,-0.3854072055706933,-0.4280966767371601,-0.38264537511298585,-0.4333936106088005,-0.4086026237418386,0.021119238170641572,52,0.9497732650355729,-1.3276043707080583,1.3778866549457442,-1.244166234925201,0.6040610596357259,0.07199007479675679,1.1357905426201627,63,-13.230519828037446,-11.520639959813188,-13.872973068576568,-11.643416674856425,-12.296004118973109,-12.512710730051348,0.9113069574632799,44,10.181548658270653,14.388415800182136,0.4086026237418386,12.512710730051348,0.07199007479675679,n1000__squared_error__boostrap_true__samples_0.7
55.38405046463013,0.6345624762781942,4.765385437011719,0.8298055173713288,True,squared_error,24,0.875,0.7,2,8,1000,"{'bootstrap': True, 'criterion': 'squared_error', 'max_depth': 24, 'max_features': 0.875, 'max_samples': 0.7, 'min_samples_leaf': 2, 'min_samples_split': 8, 'n_estimators': 1000}",-10.049754868670988,-10.257110035297758,-10.54413018825939,-10.191247210605209,-10.083391953102531,-10.225126851187175,0.1759420340690342,69,-14.211994750752636,-14.648284575627315,-15.063598210946846,-14.02261975664476,-14.178162797957286,-14.42493201838577,0.381017940362895,59,-0.4143763213530655,-0.3848016954283984,-0.4268882175226586,-0.38264537511298585,-0.43520192887281495,-0.40878270765798475,0.021518932832978302,56,0.9470885706400088,-1.3999459151735103,1.3471326919001905,-1.2655140012631292,0.5638146908386719,0.03851520738844634,1.1474831068588185,73,-13.269150374474746,-11.508738429886069,-13.927841519224419,-11.663192331419827,-12.232490181647126,-12.520282567330437,0.9362344650121227,53,10.225126851187175,14.42493201838577,0.40878270765798475,12.520282567330437,0.03851520738844634,n1000__squared_error__boostrap_true__samples_0.7
54.612167024612425,0.4581249159791452,3.692369794845581,0.7962268257130858,True,squared_error,24,0.875,0.7,3,2,1000,"{'bootstrap': True, 'criterion': 'squared_error', 'max_depth': 24, 'max_features': 0.875, 'max_samples': 0.7, 'min_samples_leaf': 3, 'min_samples_split': 2, 'n_estimators': 1000}",-10.00819128845166,-10.233944064486542,-10.51600999128968,-10.139048140190296,-10.058713631543629,-10.191181423192361,0.17949553007019106,55,-14.189683925042889,-14.620202948463081,-15.071119962140436,-13.979715434657383,-14.1733742748292,-14.406819309026597,0.392655068419345,38,-0.4143763213530655,-0.3838934302149561,-0.4256797583081571,-0.38264537511298585,-0.43399638336347196,-0.40811825367052734,0.021227138601905032,42,0.97260967496129,-1.3705838324316697,1.4063897384639938,-1.2200734186560385,0.6253165924195491,0.08273175095142496,1.1530636576179996,33,-13.24979299922022,-11.54403740003046,-14.003954260285543,-11.654361063296141,-12.308893153857575,-12.552207775337987,0.946142825384692,76,10.191181423192361,14.406819309026597,0.40811825367052734,12.552207775337987,0.08273175095142496,n1000__squared_error__boostrap_true__samples_0.7
51.243462800979614,1.2055252120577942,5.046912908554077,1.2818038581795133,True,squared_error,24,0.875,0.7,3,4,1000,"{'bootstrap': True, 'criterion': 'squared_error', 'max_depth': 24, 'max_features': 0.875, 'max_samples': 0.7, 'min_samples_leaf': 3, 'min_samples_split': 4, 'n_estimators': 1000}",-10.00819128845166,-10.233944064486542,-10.51600999128968,-10.139048140190296,-10.058713631543629,-10.191181423192361,0.17949553007019106,55,-14.18968392504289,-14.620202948463081,-15.071119962140436,-13.979715434657383,-14.1733742748292,-14.406819309026599,0.39265506841934483,39,-0.4143763213530655,-0.3838934302149561,-0.4256797583081571,-0.38264537511298585,-0.43399638336347196,-0.40811825367052734,0.021227138601905032,42,0.9726096749612889,-1.3705838324316697,1.406389738463994,-1.2200734186560387,0.6253165924195491,0.08273175095142474,1.1530636576179996,34,-13.24979299922022,-11.544037400030458,-14.003954260285543,-11.654361063296141,-12.308893153857575,-12.552207775337987,0.9461428253846923,76,10.191181423192361,14.406819309026599,0.40811825367052734,12.552207775337987,0.08273175095142474,n1000__squared_error__boostrap_true__samples_0.7
50.49267320632934,1.7243284050471501,4.590630006790161,0.8808016006546878,True,squared_error,24,0.875,0.7,3,8,1000,"{'bootstrap': True, 'criterion': 'squared_error', 'max_depth': 24, 'max_features': 0.875, 'max_samples': 0.7, 'min_samples_leaf': 3, 'min_samples_split': 8, 'n_estimators': 1000}",-10.066413588620083,-10.280628889577875,-10.539163407922038,-10.164935919831773,-10.066325032514824,-10.223493367693319,0.17647490441167862,66,-14.245373158836205,-14.68891051373873,-15.086648841436272,-13.993669554116549,-14.184915006915597,-14.439903415008672,0.3955426523797492,72,-0.4152823920265781,-0.38419618528610355,-0.42930513595166164,-0.38294667068394095,-0.4342977697408077,-0.4092056307378183,0.021842792505815955,69,0.9758709193763306,-1.375983707181847,1.3994241329772394,-1.23223753503142,0.6177245585418528,0.07695967373643116,1.1553719863084226,56,-13.294910547627683,-11.588669439501214,-13.904547769309154,-11.66311012555168,-12.300373540293563,-12.550322284456659,0.9124400615168606,75,10.223493367693319,14.439903415008672,0.4092056307378183,12.550322284456659,0.07695967373643116,n1000__squared_error__boostrap_true__samples_0.7
49.13213963508606,1.7218544100350641,4.02192645072937,1.6497337338238125,True,squared_error,24,0.875,0.7,4,2,1000,"{'bootstrap': True, 'criterion': 'squared_error', 'max_depth': 24, 'max_features': 0.875, 'max_samples': 0.7, 'min_samples_leaf': 4, 'min_samples_split': 2, 'n_estimators': 1000}",-10.084117873222764,-10.264686230492364,-10.571836779227059,-10.171333864130657,-10.080945705614715,-10.234584090537513,0.18159897679965206,73,-14.278778952976555,-14.657200370082114,-15.123242388799126,-14.023613438118332,-14.214019020438894,-14.459370834083003,0.3905271858892171,85,-0.41618846270009063,-0.38298516500151375,-0.43051359516616317,-0.3838505573968063,-0.43640747438215793,-0.40998905092934634,0.022671803719679615,91,1.0053101916311151,-1.40615896865501,1.4140775600895377,-1.240742248632109,0.629929662541561,0.08048323939501897,1.1740027189617492,44,-13.322603890686212,-11.565104958833512,-13.92048296952208,-11.632901715792654,-12.271645190449767,-12.542547745056847,0.9341768104748677,67,10.234584090537513,14.459370834083003,0.40998905092934634,12.542547745056847,0.08048323939501897,n1000__squared_error__boostrap_true__samples_0.7
47.804327917099,2.199059469388037,5.016059255599975,3.1260199920427754,True,squared_error,24,0.875,0.7,4,4,1000,"{'bootstrap': True, 'criterion': 'squared_error', 'max_depth': 24, 'max_features': 0.875, 'max_samples': 0.7, 'min_samples_leaf': 4, 'min_samples_split': 4, 'n_estimators': 1000}",-10.084117873222764,-10.264686230492364,-10.571836779227059,-10.171333864130657,-10.080945705614715,-10.234584090537513,0.18159897679965206,73,-14.278778952976555,-14.657200370082114,-15.123242388799124,-14.023613438118332,-14.214019020438894,-14.459370834083003,0.3905271858892165,85,-0.41618846270009063,-0.38298516500151375,-0.43051359516616317,-0.3838505573968063,-0.43640747438215793,-0.40998905092934634,0.022671803719679615,91,1.0053101916311156,-1.4061589686550087,1.4140775600895366,-1.2407422486321087,0.6299296625415618,0.08048323939501931,1.1740027189617486,42,-13.322603890686212,-11.56510495883351,-13.92048296952208,-11.632901715792654,-12.271645190449767,-12.542547745056845,0.9341768104748681,65,10.234584090537513,14.459370834083003,0.40998905092934634,12.542547745056845,0.08048323939501931,n1000__squared_error__boostrap_true__samples_0.7
46.9782931804657,1.4508384825134393,7.268591737747192,0.34712141072601427,True,squared_error,24,0.875,0.7,4,8,1000,"{'bootstrap': True, 'criterion': 'squared_error', 'max_depth': 24, 'max_features': 0.875, 'max_samples': 0.7, 'min_samples_leaf': 4, 'min_samples_split': 8, 'n_estimators': 1000}",-10.084117873222764,-10.264686230492364,-10.571836779227059,-10.171333864130657,-10.080945705614715,-10.234584090537513,0.18159897679965206,73,-14.278778952976555,-14.657200370082114,-15.123242388799126,-14.023613438118332,-14.214019020438894,-14.459370834083003,0.3905271858892171,85,-0.41618846270009063,-0.38298516500151375,-0.43051359516616317,-0.3838505573968063,-0.43640747438215793,-0.40998905092934634,0.022671803719679615,91,1.0053101916311153,-1.406158968655009,1.4140775600895368,-1.2407422486321087,0.6299296625415616,0.08048323939501922,1.1740027189617486,43,-13.322603890686212,-11.56510495883351,-13.92048296952208,-11.632901715792654,-12.271645190449767,-12.542547745056845,0.9341768104748681,65,10.234584090537513,14.459370834083003,0.40998905092934634,12.542547745056845,0.08048323939501922,n1000__squared_error__boostrap_true__samples_0.7
74.61773290634156,2.9246638333215245,9.387868928909302,0.5170278340951803,True,squared_error,24,1.0,0.7,1,2,1000,"{'bootstrap': True, 'criterion': 'squared_error', 'max_depth': 24, 'max_features': 1.0, 'max_samples': 0.7, 'min_samples_leaf': 1, 'min_samples_split': 2, 'n_estimators': 1000}",-9.976963145117193,-10.210304875444136,-10.515456979296069,-10.144620119271545,-10.06647962199799,-10.182764948225387,0.18372486079105535,50,-14.095632176005184,-14.676288810679123,-15.022948477056936,-13.961690965624747,-14.17490365464826,-14.38629281680285,0.3997208586518984,12,-0.4113560857746904,-0.38570996064184077,-0.42658610271903324,-0.3847544441096716,-0.43128390596745025,-0.4079380998425372,0.019677547449831245,27,0.8660102920522974,-1.280203368349034,1.2793694031186802,-1.2308572771444195,0.4863642845407999,0.024136666843664813,1.074646688028546,80,-13.179546641141037,-11.57618731473121,-13.824672565790658,-11.583703552474523,-12.234219455588992,-12.479665905945286,0.8919800471017381,16,10.182764948225387,14.38629281680285,0.4079380998425372,12.479665905945286,0.024136666843664813,n1000__squared_error__boostrap_true__samples_0.7
68.87630467414856,3.4534833976637422,8.246135187149047,1.5708149702707979,True,squared_error,24,1.0,0.7,1,4,1000,"{'bootstrap': True, 'criterion': 'squared_error', 'max_depth': 24, 'max_features': 1.0, 'max_samples': 0.7, 'min_samples_leaf': 1, 'min_samples_split': 4, 'n_estimators': 1000}",-9.97864348029102,-10.192197070395437,-10.503278970128848,-10.154504088700088,-10.074000770072322,-10.180524875917543,0.1772495471631692,41,-14.108506337009043,-14.6696987364735,-14.999476964877275,-13.96420219295985,-14.193257257406415,-14.387028297745214,0.3870140980318274,15,-0.41256418000604045,-0.3848016954283984,-0.429607250755287,-0.3856583308225369,-0.4361060880048222,-0.40974750900341694,0.021446210785642655,85,0.8479054850526286,-1.2956124551386734,1.3009669685205076,-1.2406712074820065,0.5056407256219826,0.023645903314887785,1.0846393265448873,81,-13.12104817871626,-11.559960261287603,-13.738415631831703,-11.556645051860475,-12.129664990571419,-12.42114682285349,0.8716680890646017,1,10.180524875917543,14.387028297745214,0.40974750900341694,12.42114682285349,0.023645903314887785,n1000__squared_error__boostrap_true__samples_0.7
57.1122793674469,1.2263824463065163,7.849296903610229,0.33662689871498136,True,squared_error,24,1.0,0.7,1,8,1000,"{'bootstrap': True, 'criterion': 'squared_error', 'max_depth': 24, 'max_features': 1.0, 'max_samples': 0.7, 'min_samples_leaf': 1, 'min_samples_split': 8, 'n_estimators': 1000}",-10.036487881331627,-10.233745823381708,-10.5391300170788,-10.200755926777193,-10.071243484214103,-10.216272626556686,0.17784205460933403,63,-14.166152601306871,-14.69799169741935,-15.039994594214367,-14.036037100868601,-14.178635789468135,-14.423762356655464,0.38255054461062843,58,-0.41165810933252794,-0.38419618528610355,-0.42749244712990936,-0.38234407954203076,-0.4336949969861362,-0.4078771636553416,0.021346393300789256,24,0.8375864197578423,-1.3469864569319774,1.2596683681757574,-1.3010969877951117,0.47973664164571456,-0.01421840302955496,1.0976955612160382,94,-13.207652241712118,-11.56539250881933,-13.800008005368406,-11.638285271269316,-12.164055614177508,-12.475078728269335,0.8850524534677967,11,10.216272626556686,14.423762356655464,0.4078771636553416,12.475078728269335,-0.01421840302955496,n1000__squared_error__boostrap_true__samples_0.7
68.1934265613556,3.1740749874550658,6.288982200622558,0.3836870923069903,True,squared_error,24,1.0,0.7,2,2,1000,"{'bootstrap': True, 'criterion': 'squared_error', 'max_depth': 24, 'max_features': 1.0, 'max_samples': 0.7, 'min_samples_leaf': 2, 'min_samples_split': 2, 'n_estimators': 1000}",-9.950323315397696,-10.139951186858822,-10.447299800558742,-10.079288370723818,-9.996651497142732,-10.122702834136362,0.17501379942970488,5,-14.1249518653849,-14.634521665478497,-14.989013592239646,-13.932573818732223,-14.163355363296212,-14.368883261026294,0.3865839007435673,1,-0.41316822712171547,-0.38298516500151375,-0.42749244712990936,-0.3847544441096716,-0.4318866787221218,-0.40805739241698635,0.020704206607701968,36,0.9331209989092049,-1.2711390685342223,1.357489882552772,-1.1905460216145236,0.5642059958871284,0.07862635744007185,1.0985541248703394,51,-13.170717881823887,-11.578532184516268,-13.807015495088026,-11.551188667460355,-12.226421898769392,-12.466775225531583,0.8918322051156365,6,10.122702834136362,14.368883261026294,0.40805739241698635,12.466775225531583,0.07862635744007185,n1000__squared_error__boostrap_true__samples_0.7
67.73478155136108,2.8974628486751213,5.5022519588470455,0.3765215892639196,True,squared_error,24,1.0,0.7,2,4,1000,"{'bootstrap': True, 'criterion': 'squared_error', 'max_depth': 24, 'max_features': 1.0, 'max_samples': 0.7, 'min_samples_leaf': 2, 'min_samples_split': 4, 'n_estimators': 1000}",-9.950323315397696,-10.139951186858825,-10.447299800558742,-10.079288370723818,-9.996651497142734,-10.122702834136364,0.17501379942970466,6,-14.124951865384903,-14.634521665478497,-14.989013592239646,-13.932573818732223,-14.163355363296212,-14.368883261026298,0.3865839007435671,2,-0.41316822712171547,-0.38298516500151375,-0.42749244712990936,-0.3847544441096716,-0.4318866787221218,-0.40805739241698635,0.020704206607701968,36,0.9331209989092052,-1.2711390685342216,1.3574898825527721,-1.1905460216145243,0.5642059958871287,0.078626357440072,1.0985541248703397,50,-13.170717881823887,-11.578532184516268,-13.807015495088026,-11.551188667460355,-12.226421898769392,-12.466775225531583,0.8918322051156365,6,10.122702834136364,14.368883261026298,0.40805739241698635,12.466775225531583,0.078626357440072,n1000__squared_error__boostrap_true__samples_0.7
55.89530382156372,0.40725878851549596,5.876534795761108,0.5402028477472399,True,squared_error,24,1.0,0.7,2,8,1000,"{'bootstrap': True, 'criterion': 'squared_error', 'max_depth': 24, 'max_features': 1.0, 'max_samples': 0.7, 'min_samples_leaf': 2, 'min_samples_split': 8, 'n_estimators': 1000}",-9.977774853503108,-10.201001071453115,-10.49633292070879,-10.123108392671632,-10.023088280437376,-10.164261103754805,0.18331500213972737,21,-14.145936223159243,-14.692112660057635,-15.032418290127428,-13.97746986066556,-14.18175032422124,-14.40593747164622,0.3939084853952766,36,-0.4143763213530655,-0.3823796548592189,-0.42628398791540784,-0.3853570352515818,-0.432790837854129,-0.40823756744668066,0.020776771047832706,45,0.9399122533094664,-1.3077682629585394,1.325706833212642,-1.2329694766085821,0.5447600865320785,0.05392828669741308,1.1093806797259318,66,-13.17363775898558,-11.628799670014878,-13.866389647583253,-11.534937866463356,-12.208955738720281,-12.482544136353468,0.90491178156237,21,10.164261103754805,14.40593747164622,0.40823756744668066,12.482544136353468,0.05392828669741308,n1000__squared_error__boostrap_true__samples_0.7
55.82605938911438,0.7443942945895117,5.6259383201599125,0.44461954418817184,True,squared_error,24,1.0,0.7,3,2,1000,"{'bootstrap': True, 'criterion': 'squared_error', 'max_depth': 24, 'max_features': 1.0, 'max_samples': 0.7, 'min_samples_leaf': 3, 'min_samples_split': 2, 'n_estimators': 1000}",-9.947215108401407,-10.155142221383109,-10.456679385800161,-10.069917394114793,-10.00091411972663,-10.125973645885221,0.1794178895083637,11,-14.147944645361276,-14.651907964766014,-15.02501236346284,-13.93946757656628,-14.17634040919401,-14.388134591870084,0.39472516135630503,19,-0.4152823920265781,-0.3823796548592189,-0.42507552870090637,-0.380235010545345,-0.43309222423146476,-0.4072129620727026,0.021901717795557413,3,0.9714278921031471,-1.2945750552611177,1.3404271296469243,-1.2004375148685045,0.5884832127759029,0.08106513287927039,1.1109317308577367,40,-13.14604617260748,-11.586086045012246,-13.87648278824799,-11.663155197788601,-12.225337630216915,-12.499421566774647,0.8857839700562672,31,10.125973645885221,14.388134591870084,0.4072129620727026,12.499421566774647,0.08106513287927039,n1000__squared_error__boostrap_true__samples_0.7
55.63409733772278,0.5559794368327782,5.32372670173645,0.4142127350654748,True,squared_error,24,1.0,0.7,3,4,1000,"{'bootstrap': True, 'criterion': 'squared_error', 'max_depth': 24, 'max_features': 1.0, 'max_samples': 0.7, 'min_samples_leaf': 3, 'min_samples_split': 4, 'n_estimators': 1000}",-9.947215108401407,-10.155142221383109,-10.456679385800161,-10.069917394114793,-10.00091411972663,-10.125973645885221,0.1794178895083637,11,-14.147944645361276,-14.651907964766014,-15.025012363462844,-13.939467576566276,-14.17634040919401,-14.388134591870084,0.394725161356307,19,-0.4152823920265781,-0.3823796548592189,-0.42507552870090637,-0.380235010545345,-0.43309222423146476,-0.4072129620727026,0.021901717795557413,3,0.9714278921031471,-1.2945750552611177,1.3404271296469241,-1.2004375148685047,0.5884832127759029,0.08106513287927035,1.1109317308577367,41,-13.146046172607484,-11.586086045012246,-13.876482788247994,-11.663155197788601,-12.225337630216915,-12.499421566774647,0.8857839700562687,31,10.125973645885221,14.388134591870084,0.4072129620727026,12.499421566774647,0.08106513287927035,n1000__squared_error__boostrap_true__samples_0.7
53.8061158657074,0.6375152999556473,5.393392515182495,0.5410387677339757,True,squared_error,24,1.0,0.7,3,8,1000,"{'bootstrap': True, 'criterion': 'squared_error', 'max_depth': 24, 'max_features': 1.0, 'max_samples': 0.7, 'min_samples_leaf': 3, 'min_samples_split': 8, 'n_estimators': 1000}",-9.991345523363854,-10.195899699650484,-10.474214129152182,-10.099535520560565,-10.009514758670052,-10.154101926279427,0.17583598303374615,18,-14.185854764794474,-14.688295803622177,-15.034895993555612,-13.980666938247092,-14.173546599063803,-14.412652019856631,0.38945771688919695,47,-0.4152823920265781,-0.3832879200726612,-0.42628398791540784,-0.3811388972582103,-0.4321880650994575,-0.40763625247446306,0.021465992241234192,13,0.983621722558284,-1.3034857677351652,1.366915637357912,-1.2166935801468155,0.6004968127525142,0.08617096495734591,1.1259536148099751,25,-13.213860564090256,-11.600175046254463,-13.888780838819423,-11.653024664123807,-12.274762340997238,-12.526120690857036,0.8958439418536899,58,10.154101926279427,14.412652019856631,0.40763625247446306,12.526120690857036,0.08617096495734591,n1000__squared_error__boostrap_true__samples_0.7
52.68448624610901,1.0360660038673892,5.671686315536499,1.0483476177051267,True,squared_error,24,1.0,0.7,4,2,1000,"{'bootstrap': True, 'criterion': 'squared_error', 'max_depth': 24, 'max_features': 1.0, 'max_samples': 0.7, 'min_samples_leaf': 4, 'min_samples_split': 2, 'n_estimators': 1000}",-9.989469078927382,-10.227877394515758,-10.52280752019993,-10.108562705190144,-10.015597980525849,-10.172862935871812,0.19390095171045618,32,-14.194113005915142,-14.72621266384573,-15.106837494405962,-13.99216456497968,-14.183656714995363,-14.440596888828376,0.4131142752306723,73,-0.4143763213530655,-0.38298516500151375,-0.4256797583081571,-0.3820427839710756,-0.4321880650994575,-0.4074544187466539,0.021148638540301978,8,0.977704022568647,-1.2916933755904738,1.381471018497546,-1.2078850349368493,0.5807352301478137,0.08806637213733674,1.1216327690373478,19,-13.233349176039853,-11.666488464233284,-13.982669255886671,-11.64879699825343,-12.258937793938358,-12.55804833767032,0.9161506542537967,87,10.172862935871812,14.440596888828376,0.4074544187466539,12.55804833767032,0.08806637213733674,n1000__squared_error__boostrap_true__samples_0.7
52.7257523059845,0.7762088952901361,5.312805557250977,0.3300101043194669,True,squared_error,24,1.0,0.7,4,4,1000,"{'bootstrap': True, 'criterion': 'squared_error', 'max_depth': 24, 'max_features': 1.0, 'max_samples': 0.7, 'min_samples_leaf': 4, 'min_samples_split': 4, 'n_estimators': 1000}",-9.989469078927382,-10.227877394515756,-10.52280752019993,-10.108562705190147,-10.015597980525849,-10.172862935871812,0.19390095171045582,32,-14.194113005915144,-14.72621266384573,-15.106837494405962,-13.99216456497968,-14.183656714995363,-14.440596888828376,0.4131142752306721,73,-0.4143763213530655,-0.38298516500151375,-0.4256797583081571,-0.3820427839710756,-0.4321880650994575,-0.4074544187466539,0.021148638540301978,8,0.9777040225686471,-1.2916933755904738,1.3814710184975458,-1.2078850349368484,0.5807352301478148,0.0880663721373371,1.1216327690373475,17,-13.233349176039853,-11.666488464233284,-13.982669255886671,-11.64879699825343,-12.258937793938358,-12.55804833767032,0.9161506542537967,87,10.172862935871812,14.440596888828376,0.4074544187466539,12.55804833767032,0.0880663721373371,n1000__squared_error__boostrap_true__samples_0.7
52.441436195373534,1.296861024558119,6.468135833740234,0.8851165959098565,True,squared_error,24,1.0,0.7,4,8,1000,"{'bootstrap': True, 'criterion': 'squared_error', 'max_depth': 24, 'max_features': 1.0, 'max_samples': 0.7, 'min_samples_leaf': 4, 'min_samples_split': 8, 'n_estimators': 1000}",-9.989469078927382,-10.227877394515758,-10.52280752019993,-10.108562705190144,-10.015597980525847,-10.172862935871812,0.19390095171045646,32,-14.194113005915144,-14.72621266384573,-15.106837494405962,-13.99216456497968,-14.183656714995363,-14.440596888828376,0.4131142752306721,73,-0.4143763213530655,-0.38298516500151375,-0.4256797583081571,-0.3820427839710756,-0.4321880650994575,-0.4074544187466539,0.021148638540301978,8,0.9777040225686465,-1.2916933755904738,1.3814710184975463,-1.207885034936849,0.5807352301478143,0.08806637213733681,1.1216327690373478,18,-13.233349176039853,-11.666488464233284,-13.982669255886671,-11.64879699825343,-12.258937793938356,-12.55804833767032,0.9161506542537968,87,10.172862935871812,14.440596888828376,0.4074544187466539,12.55804833767032,0.08806637213733681,n1000__squared_error__boostrap_true__samples_0.7
69.930393409729,0.7452123572573239,6.946702194213867,0.7521891835848848,True,squared_error,26,0.875,0.7,1,2,1000,"{'bootstrap': True, 'criterion': 'squared_error', 'max_depth': 26, 'max_features': 0.875, 'max_samples': 0.7, 'min_samples_leaf': 1, 'min_samples_split': 2, 'n_estimators': 1000}",-10.059889612827002,-10.271850823855683,-10.565894503494084,-10.24526962857168,-10.101015695562914,-10.248784052862273,0.1781123588621837,90,-14.191921492070428,-14.65365793029323,-15.039903266498277,-14.036857805046271,-14.175096341473694,-14.41948736707638,0.37354258754109637,55,-0.41226215644820297,-0.3860127157129882,-0.4283987915407855,-0.3853570352515818,-0.4349005424954792,-0.4093862482898075,0.020709669054697497,77,0.8650761976186716,-1.3405211218211515,1.3434021110818648,-1.2861493130833155,0.5045075400895053,0.017263082777114948,1.1186867998873706,84,-13.250022636771293,-11.568698825811786,-13.899778488803383,-11.624441097383066,-12.193044385271909,-12.507197086808288,0.9219329478332609,42,10.248784052862273,14.41948736707638,0.4093862482898075,12.507197086808288,0.017263082777114948,n1000__squared_error__boostrap_true__samples_0.7
62.11564636230469,0.4870497547543251,5.649417066574097,0.1389949042645332,True,squared_error,26,0.875,0.7,1,4,1000,"{'bootstrap': True, 'criterion': 'squared_error', 'max_depth': 26, 'max_features': 0.875, 'max_samples': 0.7, 'min_samples_leaf': 1, 'min_samples_split': 4, 'n_estimators': 1000}",-10.072412349503484,-10.279281997025363,-10.550438113586567,-10.20639102468328,-10.103438847171748,-10.242392466394088,0.17073395120058366,83,-14.19826905443699,-14.635969377468824,-15.039616745560364,-13.98224683153979,-14.187896988533478,-14.40879979950789,0.3806848348901803,42,-0.4119601328903654,-0.38419618528610355,-0.4244712990936556,-0.385959626393492,-0.4355033152501507,-0.40841811178275345,0.020469217241627806,49,0.8713176579874462,-1.418641812544151,1.3108526143959844,-1.284896847997274,0.5150505500899224,-0.0012635676136143691,1.1319277915321064,90,-13.282511017156331,-11.531400523775194,-13.971840679580868,-11.557548466987063,-12.191054609036062,-12.506871059307105,0.9695617064199025,40,10.242392466394088,14.40879979950789,0.40841811178275345,12.506871059307105,-0.0012635676136143691,n1000__squared_error__boostrap_true__samples_0.7
53.81801428794861,2.036817042154902,5.552168560028076,0.5131895287008745,True,squared_error,26,0.875,0.7,1,8,1000,"{'bootstrap': True, 'criterion': 'squared_error', 'max_depth': 26, 'max_features': 0.875, 'max_samples': 0.7, 'min_samples_leaf': 1, 'min_samples_split': 8, 'n_estimators': 1000}",-10.105118573765727,-10.290638801919048,-10.604557757324425,-10.269104520719878,-10.136406267860961,-10.281165184318008,0.17706807633978153,95,-14.221957089289575,-14.643394833380595,-15.089292315421718,-14.060443189994977,-14.202036124454324,-14.443424710508236,0.37712709128310334,80,-0.41467834491090305,-0.3835906751438087,-0.427190332326284,-0.3841518529677614,-0.4370102471368294,-0.4093242904971174,0.02195561028386457,73,0.8751887528668119,-1.416177542540358,1.2923033715013645,-1.3411077745703137,0.5120071919963444,-0.015557200149230187,1.1402695720241343,95,-13.23954754496735,-11.567618602891798,-13.924543966199915,-11.620400470772706,-12.183253744760876,-12.507072865918529,0.9294476367650453,41,10.281165184318008,14.443424710508236,0.4093242904971174,12.507072865918529,-0.015557200149230187,n1000__squared_error__boostrap_true__samples_0.7
53.43467984199524,0.554597327785126,6.9725100040435795,0.27155236900580476,True,squared_error,26,0.875,0.7,2,2,1000,"{'bootstrap': True, 'criterion': 'squared_error', 'max_depth': 26, 'max_features': 0.875, 'max_samples': 0.7, 'min_samples_leaf': 2, 'min_samples_split': 2, 'n_estimators': 1000}",-9.989459976879685,-10.220225266225818,-10.495403563267754,-10.146798729275439,-10.056770983100495,-10.181731703749838,0.17531440395471337,44,-14.149169165190154,-14.619060425258285,-15.020818278299304,-13.967388486198717,-14.160296362514439,-14.38334654349218,0.3845888141652627,10,-0.4155844155844156,-0.3854072055706933,-0.42779456193353477,-0.38324796625489604,-0.4345991561181435,-0.4093266610923367,0.021312721714830875,75,0.9329395477857106,-1.3253127296626475,1.394597398257398,-1.2369623238516003,0.5999684654562788,0.07304607159702792,1.1344682667881276,59,-13.14101192811305,-11.539629264834309,-13.896858468449244,-11.624114398428349,-12.26042354032988,-12.492407520030966,0.9064994274827171,26,10.181731703749838,14.38334654349218,0.4093266610923367,12.492407520030966,0.07304607159702792,n1000__squared_error__boostrap_true__samples_0.7
55.83666682243347,0.4833594708389027,5.42335958480835,0.2426282483463151,True,squared_error,26,0.875,0.7,2,4,1000,"{'bootstrap': True, 'criterion': 'squared_error', 'max_depth': 26, 'max_features': 0.875, 'max_samples': 0.7, 'min_samples_leaf': 2, 'min_samples_split': 4, 'n_estimators': 1000}",-9.989459976879685,-10.220225266225818,-10.49540356326776,-10.146798729275439,-10.056770983100495,-10.181731703749838,0.1753144039547153,44,-14.149169165190154,-14.619060425258285,-15.020818278299304,-13.967388486198717,-14.16029636251444,-14.38334654349218,0.3845888141652625,10,-0.4155844155844156,-0.3854072055706933,-0.42779456193353477,-0.38324796625489604,-0.4345991561181435,-0.4093266610923367,0.021312721714830875,75,0.9329395477857112,-1.3253127296626468,1.394597398257398,-1.236962323851601,0.5999684654562785,0.07304607159702799,1.1344682667881274,58,-13.141011928113054,-11.539629264834309,-13.896858468449244,-11.624114398428347,-12.26042354032988,-12.492407520030968,0.9064994274827178,27,10.181731703749838,14.38334654349218,0.4093266610923367,12.492407520030968,0.07304607159702799,n1000__squared_error__boostrap_true__samples_0.7
51.53313760757446,0.244364934308268,4.66015248298645,0.6323730158766993,True,squared_error,26,0.875,0.7,2,8,1000,"{'bootstrap': True, 'criterion': 'squared_error', 'max_depth': 26, 'max_features': 0.875, 'max_samples': 0.7, 'min_samples_leaf': 2, 'min_samples_split': 8, 'n_estimators': 1000}",-10.050421324045393,-10.253764661704272,-10.544639696268353,-10.203474391813701,-10.087884405817114,-10.228036895929765,0.17475272792321425,71,-14.212948060342828,-14.651933989797005,-15.068483533708786,-14.038982585466764,-14.17730736963703,-14.429931107790484,0.37967765889784644,63,-0.4152823920265781,-0.38419618528610355,-0.4283987915407855,-0.38234407954203076,-0.4336949969861362,-0.40878328907632683,0.02168481930136579,57,0.9418639703075633,-1.4171169532340882,1.3488523098694631,-1.2719803430045338,0.5685640935184325,0.034036615491367404,1.1532681749710263,76,-13.234711494400962,-11.500176273079992,-13.881332348489483,-11.679916764380469,-12.285648408893445,-12.516357057848868,0.9126524939041513,46,10.228036895929765,14.429931107790484,0.40878328907632683,12.516357057848868,0.034036615491367404,n1000__squared_error__boostrap_true__samples_0.7
46.73275880813598,1.5184146428413985,5.853175687789917,1.2869236757274245,True,squared_error,26,0.875,0.7,3,2,1000,"{'bootstrap': True, 'criterion': 'squared_error', 'max_depth': 26, 'max_features': 0.875, 'max_samples': 0.7, 'min_samples_leaf': 3, 'min_samples_split': 2, 'n_estimators': 1000}",-10.009565562903438,-10.234882727978018,-10.518000946787312,-10.144577296684202,-10.049180177602993,-10.191241342391193,0.18113056404497496,57,-14.192203296374567,-14.619506360675356,-15.077056370045911,-13.985201800836668,-14.16064480670172,-14.406922526926845,0.39468384520449196,40,-0.4143763213530655,-0.3823796548592189,-0.4268882175226586,-0.38354926182585114,-0.4333936106088005,-0.4081174132339189,0.021430956338848915,39,0.9809392465622349,-1.374937622034785,1.4112947165307574,-1.2240413056184112,0.6335079684750636,0.08535260078297194,1.1582428224271217,27,-13.261501976727711,-11.585272638531473,-13.972388055761785,-11.628931246797865,-12.324464279793808,-12.554511639522529,0.9337295069543011,79,10.191241342391193,14.406922526926845,0.4081174132339189,12.554511639522529,0.08535260078297194,n1000__squared_error__boostrap_true__samples_0.7
48.66677198410034,1.0264808543844117,5.56956295967102,0.525247248667651,True,squared_error,26,0.875,0.7,3,4,1000,"{'bootstrap': True, 'criterion': 'squared_error', 'max_depth': 26, 'max_features': 0.875, 'max_samples': 0.7, 'min_samples_leaf': 3, 'min_samples_split': 4, 'n_estimators': 1000}",-10.009565562903436,-10.234882727978018,-10.518000946787312,-10.144577296684204,-10.049180177602993,-10.191241342391193,0.1811305640449752,57,-14.192203296374567,-14.619506360675356,-15.077056370045911,-13.98520180083667,-14.16064480670172,-14.406922526926845,0.39468384520449157,40,-0.4143763213530655,-0.3823796548592189,-0.4268882175226586,-0.38354926182585114,-0.4333936106088005,-0.4081174132339189,0.021430956338848915,39,0.9809392465622355,-1.3749376220347855,1.411294716530757,-1.2240413056184107,0.6335079684750633,0.08535260078297191,1.158242822427122,28,-13.26150197672771,-11.585272638531473,-13.972388055761785,-11.628931246797865,-12.32446427979381,-12.554511639522529,0.9337295069543008,79,10.191241342391193,14.406922526926845,0.4081174132339189,12.554511639522529,0.08535260078297191,n1000__squared_error__boostrap_true__samples_0.7
48.566097021102905,0.470285846281746,4.692359113693238,0.4861290368759082,True,squared_error,26,0.875,0.7,3,8,1000,"{'bootstrap': True, 'criterion': 'squared_error', 'max_depth': 26, 'max_features': 0.875, 'max_samples': 0.7, 'min_samples_leaf': 3, 'min_samples_split': 8, 'n_estimators': 1000}",-10.06452554578318,-10.27625557594793,-10.540114476704115,-10.17227685909282,-10.066321483745929,-10.223898788254797,0.17642497313114242,67,-14.244867888997236,-14.673296272529159,-15.087790683844295,-14.002835457365258,-14.18178526981821,-14.43811511451083,0.39240448056800153,67,-0.4155844155844156,-0.38419618528610355,-0.4280966767371601,-0.3841518529677614,-0.4345991561181435,-0.4093256573387169,0.021426543149741746,74,0.9771116873372563,-1.380789417527652,1.402960534974935,-1.2445124395930458,0.6135822648788577,0.07367052601407023,1.1599812588007035,57,-13.284469796098028,-11.576723688440573,-13.949039621968124,-11.62009808169402,-12.287073730213955,-12.54348098368294,0.9356986520246515,68,10.223898788254797,14.43811511451083,0.4093256573387169,12.54348098368294,0.07367052601407023,n1000__squared_error__boostrap_true__samples_0.7
44.74654517173767,4.136173868991534,4.643231821060181,1.6742536212992618,True,squared_error,26,0.875,0.7,4,2,1000,"{'bootstrap': True, 'criterion': 'squared_error', 'max_depth': 26, 'max_features': 0.875, 'max_samples': 0.7, 'min_samples_leaf': 4, 'min_samples_split': 2, 'n_estimators': 1000}",-10.083084901167602,-10.26877174823499,-10.578289649614575,-10.175675737546003,-10.076837652210848,-10.236531937754803,0.1847102996435591,79,-14.281950807966155,-14.662588752814697,-15.134903424657567,-14.025002225610466,-14.205191162374815,-14.46192727468474,0.3955680436240081,91,-0.41679250981576565,-0.38298516500151375,-0.42900302114803623,-0.38324796625489604,-0.4355033152501507,-0.4095063954940724,0.02236929361223466,79,1.00211591586134,-1.407067670706579,1.4077196887527426,-1.235865679020066,0.623850921310625,0.07815063523961252,1.1706209292961098,54,-13.29822460332711,-11.569252398449146,-13.969609475350644,-11.66321917619795,-12.285427227316353,-12.557146576128241,0.937349517654313,85,10.236531937754803,14.46192727468474,0.4095063954940724,12.557146576128241,0.07815063523961252,n1000__squared_error__boostrap_true__samples_0.7
44.05950608253479,3.5673445472029477,6.473635005950928,0.2748540183172664,True,squared_error,26,0.875,0.7,4,4,1000,"{'bootstrap': True, 'criterion': 'squared_error', 'max_depth': 26, 'max_features': 0.875, 'max_samples': 0.7, 'min_samples_leaf': 4, 'min_samples_split': 4, 'n_estimators': 1000}",-10.083084901167602,-10.26877174823499,-10.578289649614579,-10.175675737546003,-10.076837652210852,-10.236531937754805,0.1847102996435598,80,-14.281950807966155,-14.662588752814697,-15.134903424657567,-14.025002225610466,-14.205191162374815,-14.46192727468474,0.3955680436240081,91,-0.41679250981576565,-0.38298516500151375,-0.42900302114803623,-0.38324796625489604,-0.4355033152501507,-0.4095063954940724,0.02236929361223466,79,1.0021159158613402,-1.4070676707065797,1.407719688752742,-1.2358656790200668,0.6238509213106247,0.07815063523961205,1.1706209292961098,55,-13.29822460332711,-11.569252398449146,-13.969609475350644,-11.66321917619795,-12.285427227316353,-12.557146576128241,0.937349517654313,85,10.236531937754805,14.46192727468474,0.4095063954940724,12.557146576128241,0.07815063523961205,n1000__squared_error__boostrap_true__samples_0.7
48.86422114372253,0.35042571702008224,5.592226314544678,0.20216962980137815,True,squared_error,26,0.875,0.7,4,8,1000,"{'bootstrap': True, 'criterion': 'squared_error', 'max_depth': 26, 'max_features': 0.875, 'max_samples': 0.7, 'min_samples_leaf': 4, 'min_samples_split': 8, 'n_estimators': 1000}",-10.0830849011676,-10.26877174823499,-10.578289649614579,-10.175675737546003,-10.076837652210848,-10.236531937754805,0.1847102996435607,80,-14.281950807966155,-14.662588752814697,-15.134903424657567,-14.025002225610466,-14.205191162374815,-14.46192727468474,0.3955680436240081,91,-0.41679250981576565,-0.38298516500151375,-0.42900302114803623,-0.38324796625489604,-0.4355033152501507,-0.4095063954940724,0.02236929361223466,79,1.0021159158613409,-1.4070676707065786,1.4077196887527426,-1.2358656790200657,0.6238509213106241,0.07815063523961266,1.1706209292961096,53,-13.29822460332711,-11.569252398449146,-13.969609475350644,-11.66321917619795,-12.28542722731635,-12.55714657612824,0.9373495176543134,84,10.236531937754805,14.46192727468474,0.4095063954940724,12.55714657612824,0.07815063523961266,n1000__squared_error__boostrap_true__samples_0.7
82.31856927871704,1.2448490954301967,8.241642284393311,0.49844797730508933,True,squared_error,26,1.0,0.7,1,2,1000,"{'bootstrap': True, 'criterion': 'squared_error', 'max_depth': 26, 'max_features': 1.0, 'max_samples': 0.7, 'min_samples_leaf': 1, 'min_samples_split': 2, 'n_estimators': 1000}",-10.002689449026432,-10.207185057073579,-10.53180601214667,-10.11968919986188,-10.037531408487611,-10.179780225319234,0.18967339279585846,40,-14.143534439307595,-14.68740944044229,-15.031290888316324,-13.934297093032932,-14.143870798860087,-14.388080531991847,0.40710636266066724,18,-0.41407429779522803,-0.3854072055706933,-0.4280966767371601,-0.38234407954203076,-0.43248945147679324,-0.40848234222438107,0.021014300310886812,51,0.8809347430361333,-1.3028022583512724,1.2843787108552243,-1.2502851899815295,0.46883417784256226,0.016212036680223585,1.0867081310715676,85,-13.142115134908519,-11.551915311932353,-13.800836779511739,-11.59872021623045,-12.146383629074395,-12.44799421433149,0.8862482188259305,4,10.179780225319234,14.388080531991847,0.40848234222438107,12.44799421433149,0.016212036680223585,n1000__squared_error__boostrap_true__samples_0.7
74.34586181640626,0.6268703374236314,6.56794490814209,0.2613962274149721,True,squared_error,26,1.0,0.7,1,4,1000,"{'bootstrap': True, 'criterion': 'squared_error', 'max_depth': 26, 'max_features': 1.0, 'max_samples': 0.7, 'min_samples_leaf': 1, 'min_samples_split': 4, 'n_estimators': 1000}",-9.98059675510072,-10.199145360266062,-10.504661618197703,-10.155742105531207,-10.073858492393077,-10.182800866297756,0.1773970721561497,51,-14.117088044621013,-14.685054548903178,-15.005865028354249,-13.970187995058536,-14.194521972430431,-14.394543517873482,0.38863309595276285,32,-0.41226215644820297,-0.3835906751438087,-0.43021148036253776,-0.3844531485387165,-0.4345991561181435,-0.40902332332228186,0.021744260595600518,63,0.8502609728872926,-1.3048347168955994,1.2826554029189499,-1.2598436250390233,0.4983671784867004,0.013321042471664057,1.0867778794537584,86,-13.135886423944436,-11.59349173443277,-13.699444992941054,-11.569548219731017,-12.163191669895665,-12.43231260818899,0.85100523175506,2,10.182800866297756,14.394543517873482,0.40902332332228186,12.43231260818899,0.013321042471664057,n1000__squared_error__boostrap_true__samples_0.7
65.62699375152587,0.6534975122678609,6.864955234527588,0.2180123130304478,True,squared_error,26,1.0,0.7,1,8,1000,"{'bootstrap': True, 'criterion': 'squared_error', 'max_depth': 26, 'max_features': 1.0, 'max_samples': 0.7, 'min_samples_leaf': 1, 'min_samples_split': 8, 'n_estimators': 1000}",-10.037941038972683,-10.231121240612607,-10.546044900312856,-10.156691678534312,-10.073803492658868,-10.209120470218267,0.18130855787155764,62,-14.1716052486202,-14.695537664031729,-15.045063613188931,-13.977051771844229,-14.186945216725201,-14.415240702882059,0.3946466489492121,49,-0.4098459679855029,-0.38449894035725096,-0.42658610271903324,-0.38324796625489604,-0.43248945147679324,-0.4073336857586953,0.02054909803972015,5,0.8455555744131359,-1.338921992297865,1.2627962538173318,-1.3053775591689027,0.4666315576459675,-0.013863233118066509,1.0975541304141254,93,-13.277545057818882,-11.563359888654958,-13.84109922810585,-11.547763978841898,-12.185771253279249,-12.483107881340167,0.9256872670224807,22,10.209120470218267,14.415240702882059,0.4073336857586953,12.483107881340167,-0.013863233118066509,n1000__squared_error__boostrap_true__samples_0.7
68.44852690696716,0.7894896065367943,7.865633296966553,0.547603849004422,True,squared_error,26,1.0,0.7,2,2,1000,"{'bootstrap': True, 'criterion': 'squared_error', 'max_depth': 26, 'max_features': 1.0, 'max_samples': 0.7, 'min_samples_leaf': 2, 'min_samples_split': 2, 'n_estimators': 1000}",-9.941528316837454,-10.147806658729381,-10.44419370300478,-10.073133417594716,-10.004572764963992,-10.122246972226066,0.1750551842945541,3,-14.125575046279096,-14.650998309977739,-14.996710302221995,-13.93111787972668,-14.171570861570075,-14.375194479955116,0.39072397840076917,5,-0.4143763213530655,-0.3851044504995459,-0.4259818731117825,-0.38294667068394095,-0.4306811332127788,-0.40781808977222267,0.020150181530266275,22,0.9252777029899723,-1.2459590571862356,1.3648585880694166,-1.1893571316650455,0.557423393055143,0.08244869905265013,1.0920342532312706,35,-13.112242978006051,-11.557705435494107,-13.860979816828221,-11.599234261605261,-12.261967548043208,-12.47842600799537,0.8922710070627815,13,10.122246972226066,14.375194479955116,0.40781808977222267,12.47842600799537,0.08244869905265013,n1000__squared_error__boostrap_true__samples_0.7
68.86343498229981,0.8320303564929243,6.481312417984009,0.7752360825433451,True,squared_error,26,1.0,0.7,2,4,1000,"{'bootstrap': True, 'criterion': 'squared_error', 'max_depth': 26, 'max_features': 1.0, 'max_samples': 0.7, 'min_samples_leaf': 2, 'min_samples_split': 4, 'n_estimators': 1000}",-9.941528316837454,-10.147806658729383,-10.44419370300478,-10.073133417594716,-10.004572764963992,-10.122246972226066,0.17505518429455416,3,-14.125575046279096,-14.650998309977739,-14.996710302221995,-13.93111787972668,-14.171570861570077,-14.375194479955118,0.39072397840076895,6,-0.4143763213530655,-0.3851044504995459,-0.4259818731117825,-0.38294667068394095,-0.4306811332127788,-0.40781808977222267,0.020150181530266275,22,0.9252777029899718,-1.245959057186236,1.3648585880694166,-1.1893571316650453,0.557423393055143,0.08244869905265,1.0920342532312706,36,-13.112242978006051,-11.557705435494107,-13.860979816828221,-11.599234261605263,-12.261967548043208,-12.47842600799537,0.8922710070627812,13,10.122246972226066,14.375194479955118,0.40781808977222267,12.47842600799537,0.08244869905265,n1000__squared_error__boostrap_true__samples_0.7
61.17501983642578,0.37735965271395366,6.0774561882019045,0.4727648791621093,True,squared_error,26,1.0,0.7,2,8,1000,"{'bootstrap': True, 'criterion': 'squared_error', 'max_depth': 26, 'max_features': 1.0, 'max_samples': 0.7, 'min_samples_leaf': 2, 'min_samples_split': 8, 'n_estimators': 1000}",-9.975766025057007,-10.203101793470424,-10.499570420631148,-10.128619883701617,-10.020501499557703,-10.16551192448358,0.18514892895086552,22,-14.143101963418978,-14.684608120223336,-15.034857340022127,-13.966300780243746,-14.188435514432316,-14.4034607436681,0.3956859579295774,33,-0.413470250679553,-0.38268240993036634,-0.42779456193353477,-0.3847544441096716,-0.4333936106088005,-0.4084190554523852,0.021199254621861615,50,0.9502661128276224,-1.3017210866850082,1.3271421951772848,-1.2507610664433506,0.5434140452275129,0.05366804002081227,1.1139201637650302,67,-13.212597665644997,-11.630245440867176,-13.822887979634858,-11.537045189694668,-12.187438031153459,-12.478042861399032,0.8985396378857332,12,10.16551192448358,14.4034607436681,0.4084190554523852,12.478042861399032,0.05366804002081227,n1000__squared_error__boostrap_true__samples_0.7
59.33197984695435,1.7043900341518352,6.7989990234375,1.132638194427457,True,squared_error,26,1.0,0.7,3,2,1000,"{'bootstrap': True, 'criterion': 'squared_error', 'max_depth': 26, 'max_features': 1.0, 'max_samples': 0.7, 'min_samples_leaf': 3, 'min_samples_split': 2, 'n_estimators': 1000}",-9.938042479367546,-10.163514386831029,-10.458707187294133,-10.06185602652863,-10.007698379405982,-10.125963691885463,0.18195557009075122,9,-14.136788559836482,-14.660604166839518,-15.023237166516866,-13.933797754928115,-14.179709182335573,-14.38682736609131,0.39764917854106274,13,-0.413470250679553,-0.38298516500151375,-0.4244712990936556,-0.3811388972582103,-0.4318866787221218,-0.4067904581510109,0.021032102176377278,1,0.9693259835867928,-1.2880359040406193,1.3494069407034115,-1.1946941957229458,0.5892278369033344,0.08504613228599474,1.1097610451051725,30,-13.190028115720168,-11.58723534729515,-13.909202051128782,-11.632454591479869,-12.26817905991427,-12.517419833107647,0.905537107334249,47,10.125963691885463,14.38682736609131,0.4067904581510109,12.517419833107647,0.08504613228599474,n1000__squared_error__boostrap_true__samples_0.7
59.2500997543335,0.6421477239244501,6.65536060333252,0.4678643446912159,True,squared_error,26,1.0,0.7,3,4,1000,"{'bootstrap': True, 'criterion': 'squared_error', 'max_depth': 26, 'max_features': 1.0, 'max_samples': 0.7, 'min_samples_leaf': 3, 'min_samples_split': 4, 'n_estimators': 1000}",-9.938042479367546,-10.16351438683103,-10.458707187294134,-10.06185602652863,-10.00769837940598,-10.125963691885465,0.18195557009075217,10,-14.136788559836482,-14.660604166839518,-15.023237166516866,-13.933797754928115,-14.179709182335573,-14.38682736609131,0.39764917854106274,13,-0.413470250679553,-0.38298516500151375,-0.4244712990936556,-0.3811388972582103,-0.4318866787221218,-0.4067904581510109,0.021032102176377278,1,0.9693259835867927,-1.2880359040406189,1.349406940703411,-1.1946941957229447,0.5892278369033346,0.08504613228599496,1.109761045105172,29,-13.190028115720168,-11.58723534729515,-13.909202051128783,-11.632454591479869,-12.26817905991427,-12.517419833107649,0.9055371073342496,48,10.125963691885465,14.38682736609131,0.4067904581510109,12.517419833107649,0.08504613228599496,n1000__squared_error__boostrap_true__samples_0.7
57.80914931297302,0.521986427830652,5.664749002456665,0.4501425409669413,True,squared_error,26,1.0,0.7,3,8,1000,"{'bootstrap': True, 'criterion': 'squared_error', 'max_depth': 26, 'max_features': 1.0, 'max_samples': 0.7, 'min_samples_leaf': 3, 'min_samples_split': 8, 'n_estimators': 1000}",-9.989508634463327,-10.190978117078718,-10.4730700919067,-10.103906298381704,-10.01604409390335,-10.15470144714676,0.17422357180153858,19,-14.186701082718004,-14.677382761329788,-15.032711655477994,-13.98551193929507,-14.18500221733985,-14.413461931232144,0.38467647300752195,48,-0.4158864391422531,-0.3838934302149561,-0.4253776435045317,-0.38264537511298585,-0.4321880650994575,-0.4079981906148369,0.020848139499550868,31,0.9809341064316935,-1.3032233050114668,1.3736777466280705,-1.208252766257589,0.6006856186568512,0.08876428008951187,1.125070284737657,16,-13.189228727343288,-11.575809993792637,-13.924977040323189,-11.623887430362181,-12.282534583777805,-12.519287555119819,0.9135346041212256,49,10.15470144714676,14.413461931232144,0.4079981906148369,12.519287555119819,0.08876428008951187,n1000__squared_error__boostrap_true__samples_0.7
53.19845571517944,4.425821589080644,5.237625360488892,0.2609058788729189,True,squared_error,26,1.0,0.7,4,2,1000,"{'bootstrap': True, 'criterion': 'squared_error', 'max_depth': 26, 'max_features': 1.0, 'max_samples': 0.7, 'min_samples_leaf': 4, 'min_samples_split': 2, 'n_estimators': 1000}",-9.992291044291694,-10.231215983146226,-10.520343405552605,-10.10909379014408,-10.006708089381947,-10.171930462503308,0.19412550187474972,29,-14.197003360841498,-14.730734775674465,-15.102779116080363,-13.991693124047917,-14.177255895727361,-14.439893254474319,0.4130045267364483,69,-0.41467834491090305,-0.38207689978807147,-0.42749244712990936,-0.38354926182585114,-0.4309825195901145,-0.4077558946489699,0.02108221894069861,17,0.9797472253080891,-1.292622495339577,1.3740045853857297,-1.2102003902025622,0.5851065257903139,0.08720709018839864,1.1213897975004972,24,-13.229577097831347,-11.69737491688802,-13.911763904595723,-11.600717672586763,-12.287986326273275,-12.545483983635027,0.8958662429680228,70,10.171930462503308,14.439893254474319,0.4077558946489699,12.545483983635027,0.08720709018839864,n1000__squared_error__boostrap_true__samples_0.7
45.96834020614624,1.1276890135930404,4.234565114974975,0.7780156958721527,True,squared_error,26,1.0,0.7,4,4,1000,"{'bootstrap': True, 'criterion': 'squared_error', 'max_depth': 26, 'max_features': 1.0, 'max_samples': 0.7, 'min_samples_leaf': 4, 'min_samples_split': 4, 'n_estimators': 1000}",-9.992291044291694,-10.231215983146226,-10.520343405552605,-10.10909379014408,-10.006708089381947,-10.171930462503308,0.19412550187474972,29,-14.197003360841498,-14.730734775674465,-15.102779116080361,-13.991693124047917,-14.17725589572736,-14.439893254474319,0.4130045267364479,69,-0.41467834491090305,-0.38207689978807147,-0.42749244712990936,-0.38354926182585114,-0.4309825195901145,-0.4077558946489699,0.02108221894069861,17,0.9797472253080897,-1.2926224953395775,1.3740045853857306,-1.2102003902025615,0.5851065257903131,0.08720709018839885,1.1213897975004976,22,-13.229577097831351,-11.697374916888018,-13.911763904595723,-11.600717672586763,-12.287986326273275,-12.545483983635027,0.8958662429680236,70,10.171930462503308,14.439893254474319,0.4077558946489699,12.545483983635027,0.08720709018839885,n1000__squared_error__boostrap_true__samples_0.7
38.421370124816896,1.6819369808255176,1.0783586502075195,0.5710457852133006,True,squared_error,26,1.0,0.7,4,8,1000,"{'bootstrap': True, 'criterion': 'squared_error', 'max_depth': 26, 'max_features': 1.0, 'max_samples': 0.7, 'min_samples_leaf': 4, 'min_samples_split': 8, 'n_estimators': 1000}",-9.992291044291694,-10.231215983146226,-10.520343405552605,-10.10909379014408,-10.006708089381947,-10.171930462503308,0.19412550187474972,29,-14.197003360841498,-14.730734775674465,-15.102779116080361,-13.991693124047917,-14.177255895727361,-14.439893254474319,0.4130045267364477,69,-0.41467834491090305,-0.38207689978807147,-0.42749244712990936,-0.38354926182585114,-0.4309825195901145,-0.4077558946489699,0.02108221894069861,17,0.9797472253080888,-1.292622495339577,1.3740045853857303,-1.210200390202562,0.5851065257903133,0.08720709018839867,1.1213897975004974,23,-13.229577097831347,-11.69737491688802,-13.911763904595723,-11.600717672586763,-12.287986326273272,-12.545483983635025,0.8958662429680231,69,10.171930462503308,14.439893254474319,0.4077558946489699,12.545483983635025,0.08720709018839867,n1000__squared_error__boostrap_true__samples_0.7
