mean_fit_time,std_fit_time,mean_score_time,std_score_time,param_bootstrap,param_criterion,param_max_depth,param_max_features,param_min_samples_leaf,param_min_samples_split,param_n_estimators,params,split0_test_MAE,split1_test_MAE,split2_test_MAE,split3_test_MAE,split4_test_MAE,mean_test_MAE,std_test_MAE,rank_test_MAE,split0_test_RMSE,split1_test_RMSE,split2_test_RMSE,split3_test_RMSE,split4_test_RMSE,mean_test_RMSE,std_test_RMSE,rank_test_RMSE,split0_test_overestimation_rate,split1_test_overestimation_rate,split2_test_overestimation_rate,split3_test_overestimation_rate,split4_test_overestimation_rate,mean_test_overestimation_rate,std_test_overestimation_rate,rank_test_overestimation_rate,split0_test_mean_signed_error,split1_test_mean_signed_error,split2_test_mean_signed_error,split3_test_mean_signed_error,split4_test_mean_signed_error,mean_test_mean_signed_error,std_test_mean_signed_error,rank_test_mean_signed_error,split0_test_mean_overestimation,split1_test_mean_overestimation,split2_test_mean_overestimation,split3_test_mean_overestimation,split4_test_mean_overestimation,mean_test_mean_overestimation,std_test_mean_overestimation,rank_test_mean_overestimation,mean_MAE,mean_RMSE,overestimation_rate,mean_overstimation,mean_signed_error,chunk_id
117.47557711601257,0.2909562743520035,3.6849953174591064,0.4417761754093194,False,squared_error,20,0.875,1,2,1000,"{'bootstrap': False, 'criterion': 'squared_error', 'max_depth': 20, 'max_features': 0.875, 'min_samples_leaf': 1, 'min_samples_split': 2, 'n_estimators': 1000}",-9.780511840807579,-10.086154804295461,-10.330680856553423,-9.99893895733564,-9.952310336974486,-10.029719359193317,0.18044764306384697,93,-13.981383322970672,-14.670387875730917,-14.859304777760626,-13.853228135080844,-14.14719595161253,-14.302300012631118,0.3935615138684066,81,-0.4035034732709151,-0.37723281864971236,-0.4217522658610272,-0.3850557396806267,-0.4258589511754069,-0.4026806497275377,0.019286610895967424,56,0.7481133936522233,-1.2190896013052561,1.3447327664977613,-1.122838399622867,0.5270512169487112,0.05559387523411452,1.0370395345600094,76,-13.046511284167819,-11.752775427558847,-13.841554116153086,-11.525734644385247,-12.303793926368428,-12.494073879726685,0.8537330734982099,69,10.029719359193317,14.302300012631118,0.4026806497275377,12.494073879726685,0.05559387523411452,n1000__squared_error__boostrap_false
112.25314483642578,1.30899802848901,4.25267448425293,0.8281088559034118,False,squared_error,20,0.875,1,4,1000,"{'bootstrap': False, 'criterion': 'squared_error', 'max_depth': 20, 'max_features': 0.875, 'min_samples_leaf': 1, 'min_samples_split': 4, 'n_estimators': 1000}",-9.803213407236882,-10.067059588839008,-10.31767763335769,-9.987567858354202,-9.92398255186838,-10.019900207931233,0.17210121990859326,88,-14.018834128997216,-14.642604275100762,-14.852686816997648,-13.826188147012731,-14.109514073741803,-14.289965488370033,0.39042893259400685,62,-0.40320144971307764,-0.3796548592188919,-0.4229607250755287,-0.3844531485387165,-0.4258589511754069,-0.40322582674432433,0.019024873639484623,80,0.7430359231203996,-1.2339672686733854,1.3267785644199495,-1.1191299204459066,0.5205270174737882,0.047448863178969035,1.0341433308668038,77,-13.078139150866276,-11.633055794859269,-13.765410719515712,-11.533834449810984,-12.262874292667131,-12.454662881543873,0.8563327182301724,29,10.019900207931233,14.289965488370033,0.40322582674432433,12.454662881543873,0.047448863178969035,n1000__squared_error__boostrap_false
103.64121146202088,1.176089043589123,6.455718040466309,0.3510822669943983,False,squared_error,20,0.875,1,8,1000,"{'bootstrap': False, 'criterion': 'squared_error', 'max_depth': 20, 'max_features': 0.875, 'min_samples_leaf': 1, 'min_samples_split': 8, 'n_estimators': 1000}",-9.804042981188932,-10.083771310189782,-10.341317673482868,-9.986621542054724,-9.930585563579267,-10.029267814099114,0.180349029536558,92,-14.00105866965849,-14.634594323183773,-14.867555858328782,-13.8416678337228,-14.109795506740003,-14.290934438326769,0.39224332608085655,64,-0.4044095439444277,-0.37723281864971236,-0.4259818731117825,-0.3817414884001205,-0.42857142857142855,-0.4035874305354943,0.02143920633816318,88,0.7500462814223691,-1.2605346500370755,1.326170883317065,-1.1358546312778213,0.541937597396757,0.04435309616425882,1.0473082026937672,80,-13.048763834393585,-11.694683261831617,-13.694818128726162,-11.592618538622155,-12.217943687805361,-12.449765490275777,0.8083992213393167,20,10.029267814099114,14.290934438326769,0.4035874305354943,12.449765490275777,0.04435309616425882,n1000__squared_error__boostrap_false
102.24018054008484,4.677541818581088,6.837575960159302,1.3842998938032762,False,squared_error,20,0.875,2,2,1000,"{'bootstrap': False, 'criterion': 'squared_error', 'max_depth': 20, 'max_features': 0.875, 'min_samples_leaf': 2, 'min_samples_split': 2, 'n_estimators': 1000}",-9.721355024992633,-10.006486424195492,-10.24618334411195,-9.914973316119648,-9.88406461980703,-9.95461254584535,0.17243072759390582,37,-13.970955165876658,-14.602287462005837,-14.810175323763005,-13.786915169001805,-14.127822686532802,-14.259631161436022,0.38592225355998316,7,-0.4083358501963153,-0.37753557372085983,-0.4256797583081571,-0.38324796625489604,-0.4231464737793852,-0.40358912445192263,0.01992770756846666,89,0.8205265723784311,-1.1815360605728502,1.39647067560537,-1.0440827647721773,0.6075459250751787,0.11978486954279047,1.0398942698324363,46,-12.90834688198802,-11.687574599456928,-13.675367212655903,-11.5733041430512,-12.397138101110816,-12.448346187652572,0.7828506232918846,17,9.95461254584535,14.259631161436022,0.40358912445192263,12.448346187652572,0.11978486954279047,n1000__squared_error__boostrap_false
103.4358934879303,0.8250494170916262,2.6676178932189942,2.090368647314741,False,squared_error,20,0.875,2,4,1000,"{'bootstrap': False, 'criterion': 'squared_error', 'max_depth': 20, 'max_features': 0.875, 'min_samples_leaf': 2, 'min_samples_split': 4, 'n_estimators': 1000}",-9.721355024992635,-10.006486424195492,-10.246183344111952,-9.914973316119648,-9.884064619807027,-9.95461254584535,0.17243072759390607,37,-13.970955165876658,-14.602287462005837,-14.810175323763005,-13.786915169001805,-14.127822686532802,-14.259631161436022,0.38592225355998316,7,-0.4083358501963153,-0.37753557372085983,-0.4256797583081571,-0.38324796625489604,-0.4231464737793852,-0.40358912445192263,0.01992770756846666,89,0.8205265723784313,-1.1815360605728498,1.3964706756053697,-1.0440827647721769,0.6075459250751793,0.11978486954279077,1.0398942698324358,45,-12.908346881988017,-11.687574599456928,-13.675367212655903,-11.573304143051201,-12.397138101110816,-12.448346187652572,0.7828506232918837,17,9.95461254584535,14.259631161436022,0.40358912445192263,12.448346187652572,0.11978486954279077,n1000__squared_error__boostrap_false
98.24110841751099,0.5316205011491998,3.421288251876831,1.9369867311731397,False,squared_error,20,0.875,2,8,1000,"{'bootstrap': False, 'criterion': 'squared_error', 'max_depth': 20, 'max_features': 0.875, 'min_samples_leaf': 2, 'min_samples_split': 8, 'n_estimators': 1000}",-9.751497560862424,-10.021971936941286,-10.288939089847451,-9.934601544348933,-9.889309008068011,-9.977263828013623,0.1786990833919477,62,-13.998280642816708,-14.648046980868902,-14.846511475167768,-13.820529743943965,-14.109870343472771,-14.284647837254022,0.3938803453105559,52,-0.4035034732709151,-0.3781410838631547,-0.4229607250755287,-0.38324796625489604,-0.4255575647980711,-0.4026821626525131,0.019571056211475594,57,0.8076141232662702,-1.2115756228349928,1.3787673152941824,-1.0904502967430738,0.5978986975749141,0.09645084331146003,1.0508288393474983,67,-13.08428846787055,-11.649615302439186,-13.792895786078141,-11.538419021542394,-12.321726334037969,-12.477388982393649,0.8590680821345631,49,9.977263828013623,14.284647837254022,0.4026821626525131,12.477388982393649,0.09645084331146003,n1000__squared_error__boostrap_false
90.89563174247742,5.868651779799697,4.7185262680053714,1.8529720353161723,False,squared_error,20,0.875,3,2,1000,"{'bootstrap': False, 'criterion': 'squared_error', 'max_depth': 20, 'max_features': 0.875, 'min_samples_leaf': 3, 'min_samples_split': 2, 'n_estimators': 1000}",-9.718594032793177,-10.040090538026108,-10.268490293970405,-9.907058035921757,-9.865656009627171,-9.959977782067725,0.18523565227572567,45,-13.983775411948862,-14.65900426354331,-14.854866137733858,-13.801616800267576,-14.100156676573894,-14.2798838580135,0.4057236384499896,38,-0.40652370884929023,-0.381774144716924,-0.4226586102719033,-0.38294667068394095,-0.4234478601567209,-0.40347019893575586,0.018267785748833563,85,0.8575038981063393,-1.1952644975350761,1.4175564495647772,-1.0674088093632919,0.6247308347511367,0.12742357510477706,1.0603681235090803,29,-13.007971860775744,-11.583846317106216,-13.824451294174931,-11.54161911209581,-12.38686959062179,-12.4689516349549,0.8692544648867442,44,9.959977782067725,14.2798838580135,0.40347019893575586,12.4689516349549,0.12742357510477706,n1000__squared_error__boostrap_false
88.81661801338196,1.952952457261971,4.638238906860352,0.9558496688540603,False,squared_error,20,0.875,3,4,1000,"{'bootstrap': False, 'criterion': 'squared_error', 'max_depth': 20, 'max_features': 0.875, 'min_samples_leaf': 3, 'min_samples_split': 4, 'n_estimators': 1000}",-9.718594032793177,-10.040090538026108,-10.268490293970407,-9.907058035921757,-9.865656009627171,-9.959977782067725,0.18523565227572628,45,-13.983775411948862,-14.65900426354331,-14.854866137733856,-13.801616800267576,-14.10015667657389,-14.2798838580135,0.4057236384499894,38,-0.40652370884929023,-0.381774144716924,-0.4226586102719033,-0.38294667068394095,-0.4234478601567209,-0.40347019893575586,0.018267785748833563,85,0.8575038981063396,-1.1952644975350755,1.4175564495647772,-1.0674088093632916,0.6247308347511358,0.12742357510477711,1.06036812350908,28,-13.007971860775744,-11.583846317106216,-13.824451294174931,-11.54161911209581,-12.386869590621789,-12.4689516349549,0.8692544648867442,44,9.959977782067725,14.2798838580135,0.40347019893575586,12.4689516349549,0.12742357510477711,n1000__squared_error__boostrap_false
90.76719183921814,0.4428009492807136,1.9001168251037597,0.18563291659090864,False,squared_error,20,0.875,3,8,1000,"{'bootstrap': False, 'criterion': 'squared_error', 'max_depth': 20, 'max_features': 0.875, 'min_samples_leaf': 3, 'min_samples_split': 8, 'n_estimators': 1000}",-9.77454997363205,-10.039161052259661,-10.275163836079582,-9.922554291003191,-9.881720745401072,-9.97862997967511,0.170751790711834,63,-14.042630290601421,-14.652084550364803,-14.858892261806009,-13.800759929543826,-14.139086314357696,-14.298690669334752,0.3943826945164434,80,-0.40561763817577773,-0.37844383893430217,-0.42477341389728096,-0.38264537511298585,-0.42706449668474983,-0.40370895256101924,0.020370745273350227,91,0.8416138215591387,-1.2172883815784683,1.4049116576698215,-1.0635029110728873,0.6189951888563288,0.11694587508678667,1.0592160678171934,52,-13.086417842843641,-11.655458172503996,-13.748595264690797,-11.576059657475856,-12.294063327405102,-12.472118852983877,0.8376533647843097,46,9.97862997967511,14.298690669334752,0.40370895256101924,12.472118852983877,0.11694587508678667,n1000__squared_error__boostrap_false
86.27162175178528,4.458278961973211,3.5911035537719727,2.2845389366141116,False,squared_error,20,0.875,4,2,1000,"{'bootstrap': False, 'criterion': 'squared_error', 'max_depth': 20, 'max_features': 0.875, 'min_samples_leaf': 4, 'min_samples_split': 2, 'n_estimators': 1000}",-9.784635989688347,-10.050375158269347,-10.311919455871378,-9.929789084042518,-9.879988456635015,-9.99134162890132,0.181752890909222,73,-14.065099812263394,-14.644398809110157,-14.893691288866052,-13.835058554933862,-14.126810694703435,-14.313011831975382,0.3928298686055168,85,-0.40682573240712777,-0.37904934907659704,-0.4229607250755287,-0.38294667068394095,-0.42766726943942135,-0.4038899493365232,0.01996672533388449,94,0.8852574266601707,-1.222566305024683,1.4257416495944404,-1.0809444219666409,0.654754384942668,0.13244854684119103,1.078936457184361,18,-13.11359209410911,-11.644669585569938,-13.875592235389954,-11.55362526885517,-12.316517529370948,-12.500799342659025,0.8865243513746922,77,9.99134162890132,14.313011831975382,0.4038899493365232,12.500799342659025,0.13244854684119103,n1000__squared_error__boostrap_false
80.77481036186218,0.8566444069202578,5.839620351791382,0.3750689826527159,False,squared_error,20,0.875,4,4,1000,"{'bootstrap': False, 'criterion': 'squared_error', 'max_depth': 20, 'max_features': 0.875, 'min_samples_leaf': 4, 'min_samples_split': 4, 'n_estimators': 1000}",-9.784635989688347,-10.050375158269347,-10.311919455871378,-9.929789084042518,-9.879988456635015,-9.99134162890132,0.181752890909222,73,-14.065099812263394,-14.644398809110157,-14.893691288866053,-13.835058554933862,-14.126810694703435,-14.313011831975382,0.39282986860551733,85,-0.40682573240712777,-0.37904934907659704,-0.4229607250755287,-0.38294667068394095,-0.42766726943942135,-0.4038899493365232,0.01996672533388449,94,0.8852574266601707,-1.222566305024683,1.425741649594441,-1.0809444219666404,0.6547543849426679,0.13244854684119123,1.078936457184361,16,-13.11359209410911,-11.64466958556994,-13.87559223538995,-11.553625268855168,-12.316517529370948,-12.500799342659024,0.8865243513746911,75,9.99134162890132,14.313011831975382,0.4038899493365232,12.500799342659024,0.13244854684119123,n1000__squared_error__boostrap_false
87.95195741653443,0.23238723617080848,3.4938706398010253,0.32162482885902993,False,squared_error,20,0.875,4,8,1000,"{'bootstrap': False, 'criterion': 'squared_error', 'max_depth': 20, 'max_features': 0.875, 'min_samples_leaf': 4, 'min_samples_split': 8, 'n_estimators': 1000}",-9.784635989688345,-10.050375158269347,-10.311919455871378,-9.929789084042518,-9.879988456635015,-9.99134162890132,0.18175289090922242,73,-14.065099812263394,-14.644398809110157,-14.893691288866052,-13.835058554933862,-14.126810694703435,-14.313011831975382,0.3928298686055168,85,-0.40682573240712777,-0.37904934907659704,-0.4229607250755287,-0.38294667068394095,-0.42766726943942135,-0.4038899493365232,0.01996672533388449,94,0.8852574266601705,-1.222566305024683,1.4257416495944408,-1.080944421966641,0.6547543849426686,0.13244854684119114,1.078936457184361,17,-13.113592094109107,-11.64466958556994,-13.87559223538995,-11.553625268855171,-12.316517529370948,-12.500799342659024,0.8865243513746899,75,9.99134162890132,14.313011831975382,0.4038899493365232,12.500799342659024,0.13244854684119114,n1000__squared_error__boostrap_false
138.76544361114503,2.6089560189034198,6.968299007415771,1.3258668784227583,False,squared_error,20,1.0,1,2,1000,"{'bootstrap': False, 'criterion': 'squared_error', 'max_depth': 20, 'max_features': 1.0, 'min_samples_leaf': 1, 'min_samples_split': 2, 'n_estimators': 1000}",-9.712440258692476,-10.030894060985725,-10.268036859600937,-9.918312681774845,-9.905903483950047,-9.967117469000806,0.1819942163898424,53,-13.91994182300349,-14.69936860922499,-14.810055781307753,-13.798064104846219,-14.129526511855003,-14.27139136604749,0.41012314914003134,19,-0.40622168529145275,-0.3781410838631547,-0.42356495468277944,-0.3820427839710756,-0.4219409282700422,-0.40238228721570096,0.01922143673462054,48,0.7349616141424313,-1.1566752676552885,1.297791689221026,-1.0966997106229175,0.5264237536724765,0.06116041575154556,1.0023471214221096,74,-12.859237026377835,-11.734005073807218,-13.652957381098679,-11.545320761535187,-12.362307776582693,-12.430765603880323,0.7683117569605288,8,9.967117469000806,14.27139136604749,0.40238228721570096,12.430765603880323,0.06116041575154556,n1000__squared_error__boostrap_false
124.85767016410827,0.445098216143518,3.9643476963043214,0.17926444915996495,False,squared_error,20,1.0,1,4,1000,"{'bootstrap': False, 'criterion': 'squared_error', 'max_depth': 20, 'max_features': 1.0, 'min_samples_leaf': 1, 'min_samples_split': 4, 'n_estimators': 1000}",-9.72391225284236,-10.024573280116368,-10.292067972289313,-9.940398989890701,-9.903363850696028,-9.976863269166955,0.18565897492639205,61,-13.942874210267085,-14.684254679915973,-14.834865304974187,-13.807720178726408,-14.151732129991819,-14.284289300775095,0.4060443415574365,50,-0.4035034732709151,-0.37844383893430217,-0.42386706948640485,-0.380235010545345,-0.4243520192887282,-0.40208028230513904,0.020043039639510974,39,0.7557745980421496,-1.165743567734324,1.3124005067147602,-1.0881521390942952,0.5379920371099203,0.07045428700764218,1.0100732523738345,73,-12.985869447334812,-11.704285815999159,-13.688806366893614,-11.640494175036952,-12.30270555246454,-12.464432271545816,0.7815165776971251,41,9.976863269166955,14.284289300775095,0.40208028230513904,12.464432271545816,0.07045428700764218,n1000__squared_error__boostrap_false
115.21400814056396,1.6309103596436623,5.110832023620605,1.6155893854139998,False,squared_error,20,1.0,1,8,1000,"{'bootstrap': False, 'criterion': 'squared_error', 'max_depth': 20, 'max_features': 1.0, 'min_samples_leaf': 1, 'min_samples_split': 8, 'n_estimators': 1000}",-9.734726519612215,-10.018337917956325,-10.290088299388884,-9.922661761454707,-9.89639644362131,-9.972442188406689,0.18318037843114926,55,-13.946272952930332,-14.690849495637742,-14.837960931440689,-13.802929337314964,-14.128498909031174,-14.28130232527098,0.4103734807537434,48,-0.4013893083660526,-0.37723281864971236,-0.4244712990936556,-0.3820427839710756,-0.4243520192887282,-0.40189764587384486,0.020082810337895763,31,0.7362717849602283,-1.1682677635571206,1.2938983640841135,-1.0899442037787377,0.508482698049536,0.05608817595160391,1.0011915190844891,75,-13.043444464424137,-11.730249486348542,-13.645194254838296,-11.559853932936335,-12.259726204568135,-12.447693668623089,0.790853208019101,15,9.972442188406689,14.28130232527098,0.40189764587384486,12.447693668623089,0.05608817595160391,n1000__squared_error__boostrap_false
113.2566153049469,3.311464133418769,6.242784452438355,1.4320747955149489,False,squared_error,20,1.0,2,2,1000,"{'bootstrap': False, 'criterion': 'squared_error', 'max_depth': 20, 'max_features': 1.0, 'min_samples_leaf': 2, 'min_samples_split': 2, 'n_estimators': 1000}",-9.68272122714739,-9.963943670997173,-10.218158331719849,-9.847297676481164,-9.849694552551275,-9.91236309177937,0.17723855392733437,10,-13.94923044869367,-14.666402842442539,-14.79782593519886,-13.744334940067553,-14.129415692155787,-14.257441971711682,0.40839385864229344,4,-0.40682573240712777,-0.37420526793823794,-0.4244712990936556,-0.38264537511298585,-0.42254370102471367,-0.40213827511534417,0.020480935832520475,40,0.8061876961767788,-1.11920775851614,1.3765881323531743,-1.025075307866103,0.5990683402725376,0.12751222048404953,1.0125141900808066,27,-12.891157180818977,-11.818026989856332,-13.657868610705233,-11.527935449383222,-12.364120997999077,-12.451821845752567,0.7629571111595005,21,9.91236309177937,14.257441971711682,0.40213827511534417,12.451821845752567,0.12751222048404953,n1000__squared_error__boostrap_false
114.19069952964783,0.8143362138858956,3.8778101444244384,1.1523607057121508,False,squared_error,20,1.0,2,4,1000,"{'bootstrap': False, 'criterion': 'squared_error', 'max_depth': 20, 'max_features': 1.0, 'min_samples_leaf': 2, 'min_samples_split': 4, 'n_estimators': 1000}",-9.68272122714739,-9.963943670997173,-10.218158331719849,-9.847297676481164,-9.849694552551274,-9.912363091779369,0.17723855392733454,9,-13.949230448693669,-14.666402842442539,-14.79782593519886,-13.744334940067551,-14.129415692155783,-14.25744197171168,0.4083938586422944,3,-0.40682573240712777,-0.37420526793823794,-0.4244712990936556,-0.38264537511298585,-0.42254370102471367,-0.40213827511534417,0.020480935832520475,40,0.8061876961767783,-1.1192077585161389,1.3765881323531743,-1.025075307866103,0.5990683402725377,0.12751222048404973,1.0125141900808063,26,-12.891157180818977,-11.818026989856333,-13.657868610705235,-11.527935449383222,-12.364120997999073,-12.451821845752567,0.7629571111595007,21,9.912363091779369,14.25744197171168,0.40213827511534417,12.451821845752567,0.12751222048404973,n1000__squared_error__boostrap_false
106.94554920196533,1.1210062039518294,5.459916496276856,0.7442866792552206,False,squared_error,20,1.0,2,8,1000,"{'bootstrap': False, 'criterion': 'squared_error', 'max_depth': 20, 'max_features': 1.0, 'min_samples_leaf': 2, 'min_samples_split': 8, 'n_estimators': 1000}",-9.692544917061047,-9.987093055033299,-10.246205820273477,-9.867156713427516,-9.877058314039378,-9.934011763966945,0.18237449583225998,26,-13.932738710777834,-14.688468388965802,-14.818240679429778,-13.7763165081838,-14.158151168871553,-14.274783091245755,0.41122936997747744,29,-0.40471156750226517,-0.37753557372085983,-0.4217522658610272,-0.3808376016872552,-0.4228450874020494,-0.40153641923469136,0.019376805689525024,21,0.7869890205993529,-1.1360543040516244,1.3283666382039938,-1.0610192018438698,0.5656641135509196,0.09678925329175443,1.0073158257536117,66,-12.946916741639395,-11.722125498994576,-13.722003881647717,-11.56153892442489,-12.348165721576843,-12.460150153656683,0.7992420893871951,35,9.934011763966945,14.274783091245755,0.40153641923469136,12.460150153656683,0.09678925329175443,n1000__squared_error__boostrap_false
102.17511916160583,4.600831132915265,5.579433345794678,1.8294559494687068,False,squared_error,20,1.0,3,2,1000,"{'bootstrap': False, 'criterion': 'squared_error', 'max_depth': 20, 'max_features': 1.0, 'min_samples_leaf': 3, 'min_samples_split': 2, 'n_estimators': 1000}",-9.679876210861078,-9.97660499178775,-10.208276121877681,-9.86006584395668,-9.845482072830357,-9.914061048262708,0.1748915952481172,13,-13.953824627441533,-14.69083845285139,-14.803965320014468,-13.782480668455277,-14.140288576364469,-14.274279529025426,0.40412854707307255,27,-0.4028994261552401,-0.37753557372085983,-0.42114803625377645,-0.3793311238324797,-0.42254370102471367,-0.4006915721974139,0.019459322161218474,3,0.8233379579707344,-1.1192847806239103,1.3977741535329138,-1.0537575643498711,0.633517908288487,0.13631753496367077,1.0298829050246752,11,-13.034536024363616,-11.730444529861334,-13.77906255796595,-11.607679579036931,-12.39990083357786,-12.510324704961139,0.8148212060662937,82,9.914061048262708,14.274279529025426,0.4006915721974139,12.510324704961139,0.13631753496367077,n1000__squared_error__boostrap_false
104.07952408790588,2.3869926835757003,5.019225931167602,1.0978231327801877,False,squared_error,20,1.0,3,4,1000,"{'bootstrap': False, 'criterion': 'squared_error', 'max_depth': 20, 'max_features': 1.0, 'min_samples_leaf': 3, 'min_samples_split': 4, 'n_estimators': 1000}",-9.679876210861076,-9.97660499178775,-10.208276121877681,-9.86006584395668,-9.845482072830356,-9.914061048262708,0.17489159524811781,13,-13.953824627441533,-14.69083845285139,-14.803965320014468,-13.782480668455278,-14.140288576364469,-14.274279529025426,0.40412854707307216,27,-0.4028994261552401,-0.37753557372085983,-0.42114803625377645,-0.3793311238324797,-0.42254370102471367,-0.4006915721974139,0.019459322161218474,3,0.8233379579707345,-1.1192847806239103,1.3977741535329142,-1.0537575643498718,0.6335179082884864,0.1363175349636706,1.0298829050246756,12,-13.034536024363618,-11.730444529861334,-13.779062557965952,-11.607679579036931,-12.39990083357786,-12.510324704961139,0.8148212060662945,82,9.914061048262708,14.274279529025426,0.4006915721974139,12.510324704961139,0.1363175349636706,n1000__squared_error__boostrap_false
102.87361264228821,0.4420591407778449,4.470614862442017,0.37713415624273217,False,squared_error,20,1.0,3,8,1000,"{'bootstrap': False, 'criterion': 'squared_error', 'max_depth': 20, 'max_features': 1.0, 'min_samples_leaf': 3, 'min_samples_split': 8, 'n_estimators': 1000}",-9.694007044692926,-9.986027693689323,-10.238549272008164,-9.859989152931776,-9.857584774542085,-9.927231587572853,0.18118586794779362,19,-13.965133388626326,-14.703086739723219,-14.828379374026017,-13.7677055013264,-14.149877206458918,-14.282836442032174,0.4142947448128904,49,-0.40561763817577773,-0.37753557372085983,-0.4226586102719033,-0.3817414884001205,-0.4213381555153707,-0.4017782932168064,0.019091880048833648,28,0.8254424427479037,-1.131461893105874,1.3823957824698356,-1.0277252024158865,0.6212225717830245,0.13397474029580067,1.0222494569739422,13,-12.967199275099249,-11.726796647685298,-13.747436787105851,-11.568383603694647,-12.435151207119713,-12.48899350414095,0.8054471907650373,63,9.927231587572853,14.282836442032174,0.4017782932168064,12.48899350414095,0.13397474029580067,n1000__squared_error__boostrap_false
95.45358414649964,7.915559042978591,5.215097379684448,1.8979519395651259,False,squared_error,20,1.0,4,2,1000,"{'bootstrap': False, 'criterion': 'squared_error', 'max_depth': 20, 'max_features': 1.0, 'min_samples_leaf': 4, 'min_samples_split': 2, 'n_estimators': 1000}",-9.717507455127473,-10.016963176468863,-10.239488692412676,-9.883476229332992,-9.845636959533566,-9.940614502575114,0.17732296632331507,36,-13.997320633707533,-14.71926048423971,-14.849032846026645,-13.814499007855494,-14.146537341244771,-14.305330062614832,0.4069277998879844,82,-0.4074297795228028,-0.3781410838631547,-0.4226586102719033,-0.3808376016872552,-0.4246534056660639,-0.402744096202236,0.019918654864650196,61,0.8666736219581848,-1.149662092335791,1.4091912369561197,-1.028679364536411,0.6333596764990527,0.14617661570823104,1.0403031996302237,1,-12.98896350861031,-11.724858078819674,-13.780246807080308,-11.62542357367874,-12.338293413185319,-12.49155707627487,0.808657990581177,65,9.940614502575114,14.305330062614832,0.402744096202236,12.49155707627487,0.14617661570823104,n1000__squared_error__boostrap_false
94.4703619480133,7.571724832941935,6.160270643234253,0.6179941389441348,False,squared_error,20,1.0,4,4,1000,"{'bootstrap': False, 'criterion': 'squared_error', 'max_depth': 20, 'max_features': 1.0, 'min_samples_leaf': 4, 'min_samples_split': 4, 'n_estimators': 1000}",-9.717507455127473,-10.016963176468863,-10.239488692412673,-9.883476229332993,-9.845636959533566,-9.940614502575112,0.17732296632331376,34,-13.997320633707533,-14.71926048423971,-14.849032846026647,-13.814499007855494,-14.146537341244771,-14.305330062614832,0.4069277998879849,82,-0.4074297795228028,-0.3781410838631547,-0.4226586102719033,-0.3808376016872552,-0.4246534056660639,-0.402744096202236,0.019918654864650196,61,0.8666736219581848,-1.1496620923357903,1.4091912369561195,-1.0286793645364114,0.6333596764990526,0.146176615708231,1.0403031996302234,2,-12.98896350861031,-11.724858078819672,-13.780246807080308,-11.625423573678741,-12.338293413185315,-12.49155707627487,0.808657990581177,65,9.940614502575112,14.305330062614832,0.402744096202236,12.49155707627487,0.146176615708231,n1000__squared_error__boostrap_false
101.20515255928039,0.3088177348662349,5.16917576789856,0.18724676976052565,False,squared_error,20,1.0,4,8,1000,"{'bootstrap': False, 'criterion': 'squared_error', 'max_depth': 20, 'max_features': 1.0, 'min_samples_leaf': 4, 'min_samples_split': 8, 'n_estimators': 1000}",-9.717507455127473,-10.016963176468863,-10.239488692412673,-9.883476229332993,-9.845636959533566,-9.940614502575112,0.17732296632331376,34,-13.997320633707533,-14.71926048423971,-14.849032846026645,-13.814499007855494,-14.146537341244773,-14.305330062614832,0.4069277998879843,82,-0.4074297795228028,-0.3781410838631547,-0.4226586102719033,-0.3808376016872552,-0.4246534056660639,-0.402744096202236,0.019918654864650196,61,0.866673621958185,-1.149662092335791,1.4091912369561197,-1.0286793645364112,0.6333596764990526,0.146176615708231,1.0403031996302237,2,-12.98896350861031,-11.724858078819672,-13.780246807080308,-11.62542357367874,-12.33829341318532,-12.49155707627487,0.8086579905811773,65,9.940614502575112,14.305330062614832,0.402744096202236,12.49155707627487,0.146176615708231,n1000__squared_error__boostrap_false
125.04012341499329,0.7294897846192245,8.038444423675537,0.3047285854757803,False,squared_error,22,0.875,1,2,1000,"{'bootstrap': False, 'criterion': 'squared_error', 'max_depth': 22, 'max_features': 0.875, 'min_samples_leaf': 1, 'min_samples_split': 2, 'n_estimators': 1000}",-9.775404635969666,-10.063475740869038,-10.311789562860636,-9.987300904755879,-9.93124843263667,-10.013843855418378,0.17641698450111126,85,-13.980145729471287,-14.62482027924273,-14.821562679700666,-13.815308303278684,-14.11259860057013,-14.270887118452697,0.3861735679867914,18,-0.40471156750226517,-0.37571904329397515,-0.42628398791540784,-0.38294667068394095,-0.4255575647980711,-0.403043766838732,0.020977580050865245,74,0.7322181086622584,-1.2245233419954349,1.3158267242381636,-1.13713046666185,0.5394379599653932,0.045165796841706074,1.033524069076713,79,-12.98161899532698,-11.762715460708908,-13.638345113500012,-11.555356287975643,-12.302314961279619,-12.448070163758231,0.7732169842556944,16,10.013843855418378,14.270887118452697,0.403043766838732,12.448070163758231,0.045165796841706074,n1000__squared_error__boostrap_false
110.50055503845215,0.6007333932421195,6.4697895526885985,0.9771560099545137,False,squared_error,22,0.875,1,4,1000,"{'bootstrap': False, 'criterion': 'squared_error', 'max_depth': 22, 'max_features': 0.875, 'min_samples_leaf': 1, 'min_samples_split': 4, 'n_estimators': 1000}",-9.779402402151883,-10.054390659783984,-10.313134898516264,-9.984668876967662,-9.944103642650823,-10.015140096014123,0.17429196325628032,86,-13.980643620957423,-14.6348221483163,-14.836862600471125,-13.833340813152478,-14.120635485965016,-14.281260933772467,0.38742805323614454,45,-0.4059196617336152,-0.3781410838631547,-0.4241691842900302,-0.38354926182585114,-0.42766726943942135,-0.4038892922304145,0.020285342952011582,93,0.7242279065334721,-1.233265674733809,1.3274195192836125,-1.137785949463191,0.5354840622721473,0.043215972778446354,1.037251638849612,81,-12.938065458354615,-11.663801371345368,-13.721593704742734,-11.53291611798403,-12.252033828377174,-12.421682096160783,0.8184730488720957,2,10.015140096014123,14.281260933772467,0.4038892922304145,12.421682096160783,0.043215972778446354,n1000__squared_error__boostrap_false
99.11881523132324,0.9593668986402215,6.762007761001587,0.5135624185120988,False,squared_error,22,0.875,1,8,1000,"{'bootstrap': False, 'criterion': 'squared_error', 'max_depth': 22, 'max_features': 0.875, 'min_samples_leaf': 1, 'min_samples_split': 8, 'n_estimators': 1000}",-9.803147923145188,-10.100258376181566,-10.332154669984213,-10.002854808627609,-9.915301881042074,-10.03074353179613,0.17976946598338198,94,-14.008521534707485,-14.678289859908073,-14.857509865858043,-13.842877780856186,-14.090981263810482,-14.295636061028054,0.3978528622151853,70,-0.4025974025974026,-0.37783832879200724,-0.4256797583081571,-0.38324796625489604,-0.4246534056660639,-0.4028033723237054,0.020032287544639326,64,0.7214284239048847,-1.2734788756344742,1.3387987414187725,-1.171703537478888,0.501320799753187,0.023273110392696417,1.0541435408139237,93,-13.070844818110574,-11.680630084257631,-13.708607449163903,-11.521458753515175,-12.264852397047079,-12.449278700418873,0.8316173334475919,19,10.03074353179613,14.295636061028054,0.4028033723237054,12.449278700418873,0.023273110392696417,n1000__squared_error__boostrap_false
102.10931277275085,2.014534686706088,7.1837160110473635,0.7870992180313764,False,squared_error,22,0.875,2,2,1000,"{'bootstrap': False, 'criterion': 'squared_error', 'max_depth': 22, 'max_features': 0.875, 'min_samples_leaf': 2, 'min_samples_split': 2, 'n_estimators': 1000}",-9.726530445799144,-10.043326869406236,-10.261449481110207,-9.925660309403932,-9.876999719045305,-9.966793364952963,0.17897525053329275,51,-13.990919013199576,-14.652228074180194,-14.823188611542497,-13.800616358673032,-14.104188266848098,-14.274228064888678,0.3943925173625888,25,-0.4035034732709151,-0.37935210414774445,-0.42356495468277944,-0.3820427839710756,-0.42616033755274263,-0.40292473072505147,0.01978874243907203,69,0.8040447815978504,-1.2209263359013602,1.386103364365241,-1.0764586490036734,0.6005799031367856,0.09866861283896866,1.0515905698023038,62,-13.048927611493808,-11.628247790170231,-13.749429357533423,-11.581427567377153,-12.293001833946315,-12.460206832104186,0.8367859022639046,36,9.966793364952963,14.274228064888678,0.40292473072505147,12.460206832104186,0.09866861283896866,n1000__squared_error__boostrap_false
101.62598247528076,0.22268439006762322,6.84971170425415,0.668530319812516,False,squared_error,22,0.875,2,4,1000,"{'bootstrap': False, 'criterion': 'squared_error', 'max_depth': 22, 'max_features': 0.875, 'min_samples_leaf': 2, 'min_samples_split': 4, 'n_estimators': 1000}",-9.726530445799144,-10.043326869406236,-10.261449481110207,-9.925660309403932,-9.876999719045306,-9.966793364952965,0.17897525053329255,52,-13.990919013199575,-14.652228074180194,-14.823188611542497,-13.800616358673032,-14.104188266848098,-14.274228064888678,0.39439251736258907,25,-0.4035034732709151,-0.37935210414774445,-0.42356495468277944,-0.3820427839710756,-0.42616033755274263,-0.40292473072505147,0.01978874243907203,69,0.8040447815978504,-1.2209263359013602,1.3861033643652403,-1.0764586490036734,0.6005799031367861,0.09866861283896863,1.0515905698023036,63,-13.048927611493808,-11.628247790170231,-13.749429357533426,-11.581427567377153,-12.293001833946315,-12.460206832104186,0.8367859022639056,36,9.966793364952965,14.274228064888678,0.40292473072505147,12.460206832104186,0.09866861283896863,n1000__squared_error__boostrap_false
92.30186858177186,0.9624136519850165,7.045154476165772,1.0375550906612319,False,squared_error,22,0.875,2,8,1000,"{'bootstrap': False, 'criterion': 'squared_error', 'max_depth': 22, 'max_features': 0.875, 'min_samples_leaf': 2, 'min_samples_split': 8, 'n_estimators': 1000}",-9.765840272837215,-10.033908975357058,-10.300854470999926,-9.937705720505718,-9.876288961141798,-9.982919680168342,0.18122931381026075,68,-14.012600922149527,-14.63822663886531,-14.868890925612444,-13.816459011629656,-14.10026721173131,-14.28728894199765,0.398379114311398,56,-0.4035034732709151,-0.3781410838631547,-0.42114803625377645,-0.38053630611630007,-0.4228450874020494,-0.4012347973812392,0.01913340404721948,11,0.8086160150196415,-1.2479878130360262,1.3909685195817842,-1.0964860899256637,0.5854297507931794,0.08810807648658306,1.0632329412225372,70,-13.103302683044184,-11.617252841932093,-13.880894583509848,-11.616788580322723,-12.370628184675784,-12.517773374696926,0.876961405926186,90,9.982919680168342,14.28728894199765,0.4012347973812392,12.517773374696926,0.08810807648658306,n1000__squared_error__boostrap_false
91.46217970848083,2.150372189732792,6.926729154586792,0.5967458751691749,False,squared_error,22,0.875,3,2,1000,"{'bootstrap': False, 'criterion': 'squared_error', 'max_depth': 22, 'max_features': 0.875, 'min_samples_leaf': 3, 'min_samples_split': 2, 'n_estimators': 1000}",-9.722335246476597,-10.020204391326569,-10.259025919395013,-9.907589211879182,-9.8737514074107,-9.956581235297612,0.17869128403310797,39,-13.985489133345212,-14.614950247477429,-14.84010586892806,-13.806761805760258,-14.112795530058252,-14.272020517113841,0.3909578662185331,20,-0.40652370884929023,-0.37935210414774445,-0.4232628398791541,-0.3793311238324797,-0.4267631103074141,-0.4030465774032165,0.02052857737645362,77,0.8506924349328074,-1.2090281723371448,1.4047755511635287,-1.0552669130549583,0.642122652569213,0.1266591106546892,1.058727367803013,30,-13.0041956363843,-11.613453731573053,-13.778437854228681,-11.668331099999047,-12.320504989764599,-12.476984662389935,0.82411455053739,47,9.956581235297612,14.272020517113841,0.4030465774032165,12.476984662389935,0.1266591106546892,n1000__squared_error__boostrap_false
89.87662143707276,0.41684262442754844,7.2780979633331295,0.7008342885157877,False,squared_error,22,0.875,3,4,1000,"{'bootstrap': False, 'criterion': 'squared_error', 'max_depth': 22, 'max_features': 0.875, 'min_samples_leaf': 3, 'min_samples_split': 4, 'n_estimators': 1000}",-9.722335246476597,-10.020204391326569,-10.259025919395013,-9.907589211879182,-9.8737514074107,-9.956581235297612,0.17869128403310797,39,-13.985489133345212,-14.614950247477429,-14.84010586892806,-13.806761805760258,-14.112795530058252,-14.272020517113841,0.3909578662185331,20,-0.40652370884929023,-0.37935210414774445,-0.4232628398791541,-0.3793311238324797,-0.4267631103074141,-0.4030465774032165,0.02052857737645362,77,0.8506924349328078,-1.2090281723371448,1.4047755511635287,-1.0552669130549586,0.6421226525692121,0.12665911065468904,1.058727367803013,31,-13.0041956363843,-11.61345373157305,-13.778437854228681,-11.668331099999047,-12.320504989764599,-12.476984662389935,0.8241145505373905,47,9.956581235297612,14.272020517113841,0.4030465774032165,12.476984662389935,0.12665911065468904,n1000__squared_error__boostrap_false
85.43995728492737,1.366972950477277,6.7071586608886715,0.8271514423071628,False,squared_error,22,0.875,3,8,1000,"{'bootstrap': False, 'criterion': 'squared_error', 'max_depth': 22, 'max_features': 0.875, 'min_samples_leaf': 3, 'min_samples_split': 8, 'n_estimators': 1000}",-9.75590299814133,-10.033294132869237,-10.278912829385611,-9.931918257210977,-9.865570266433165,-9.973119696808064,0.17752629972225611,58,-14.02738863113363,-14.634635209865202,-14.84006774174413,-13.833542303689647,-14.11897171562148,-14.290921120410818,0.38155281147137293,63,-0.4044095439444277,-0.3796548592188919,-0.4229607250755287,-0.38234407954203076,-0.4273658830620856,-0.40334701816859286,0.019825106088373817,84,0.848634401514888,-1.2264591014017658,1.4118244679701382,-1.0658903202703478,0.6174097421326309,0.11710383798910866,1.0645544629911927,51,-13.111136419067115,-11.598475322542685,-13.82012159080269,-11.594305249293125,-12.264643042461678,-12.47773632483346,0.8720267202371952,52,9.973119696808064,14.290921120410818,0.40334701816859286,12.47773632483346,0.11710383798910866,n1000__squared_error__boostrap_false
83.84726901054383,1.4677922382388977,6.540047550201416,1.0558361364445996,False,squared_error,22,0.875,4,2,1000,"{'bootstrap': False, 'criterion': 'squared_error', 'max_depth': 22, 'max_features': 0.875, 'min_samples_leaf': 4, 'min_samples_split': 2, 'n_estimators': 1000}",-9.80524067878318,-10.065504610555868,-10.292391579375451,-9.951843080079929,-9.86549290810055,-9.996094571378995,0.17207548793390046,76,-14.090047347948216,-14.65751036365992,-14.879352710995507,-13.8476894543505,-14.111288712020965,-14.317177717795023,0.3863326933975165,91,-0.40682573240712777,-0.3799576142900394,-0.4202416918429003,-0.3814401928291654,-0.42646172393007836,-0.40298539105986225,0.01927765760237587,71,0.8744344082612109,-1.2233423855892402,1.425842578074815,-1.0775763827019884,0.6235789170435437,0.1245874270176682,1.073931150089728,38,-13.125614036081657,-11.635721844248911,-13.942255593515595,-11.632579450472903,-12.297788097465757,-12.526791804356964,0.895342382448503,94,9.996094571378995,14.317177717795023,0.40298539105986225,12.526791804356964,0.1245874270176682,n1000__squared_error__boostrap_false
82.28800964355469,0.5633043145185966,6.727274370193482,0.4151521632503438,False,squared_error,22,0.875,4,4,1000,"{'bootstrap': False, 'criterion': 'squared_error', 'max_depth': 22, 'max_features': 0.875, 'min_samples_leaf': 4, 'min_samples_split': 4, 'n_estimators': 1000}",-9.805240678783182,-10.065504610555868,-10.292391579375451,-9.951843080079929,-9.86549290810055,-9.996094571378995,0.17207548793390007,76,-14.090047347948216,-14.65751036365992,-14.879352710995507,-13.847689454350501,-14.111288712020965,-14.317177717795023,0.386332693397516,91,-0.40682573240712777,-0.3799576142900394,-0.4202416918429003,-0.3814401928291654,-0.42646172393007836,-0.40298539105986225,0.01927765760237587,71,0.8744344082612117,-1.2233423855892398,1.4258425780748147,-1.0775763827019884,0.6235789170435441,0.12458742701766845,1.073931150089728,36,-13.125614036081657,-11.635721844248911,-13.942255593515595,-11.632579450472903,-12.297788097465757,-12.526791804356964,0.895342382448503,94,9.996094571378995,14.317177717795023,0.40298539105986225,12.526791804356964,0.12458742701766845,n1000__squared_error__boostrap_false
83.67376642227173,2.1556863359857488,7.314838457107544,0.8085962605194621,False,squared_error,22,0.875,4,8,1000,"{'bootstrap': False, 'criterion': 'squared_error', 'max_depth': 22, 'max_features': 0.875, 'min_samples_leaf': 4, 'min_samples_split': 8, 'n_estimators': 1000}",-9.805240678783182,-10.065504610555868,-10.292391579375451,-9.951843080079929,-9.86549290810055,-9.996094571378995,0.17207548793390007,76,-14.090047347948216,-14.65751036365992,-14.879352710995507,-13.847689454350501,-14.111288712020965,-14.317177717795023,0.386332693397516,91,-0.40682573240712777,-0.3799576142900394,-0.4202416918429003,-0.3814401928291654,-0.42646172393007836,-0.40298539105986225,0.01927765760237587,71,0.8744344082612111,-1.2233423855892398,1.4258425780748154,-1.077576382701988,0.6235789170435435,0.12458742701766842,1.0739311500897277,37,-13.125614036081657,-11.635721844248911,-13.942255593515595,-11.632579450472903,-12.297788097465757,-12.526791804356964,0.895342382448503,94,9.996094571378995,14.317177717795023,0.40298539105986225,12.526791804356964,0.12458742701766842,n1000__squared_error__boostrap_false
148.6626266002655,1.9377057692140893,6.682382869720459,0.9198967572545712,False,squared_error,22,1.0,1,2,1000,"{'bootstrap': False, 'criterion': 'squared_error', 'max_depth': 22, 'max_features': 1.0, 'min_samples_leaf': 1, 'min_samples_split': 2, 'n_estimators': 1000}",-9.723883477378532,-10.010038898134669,-10.280180066874216,-9.940844101664123,-9.917422628098047,-9.974473834429917,0.1799458254189698,59,-13.93528875279269,-14.691132892794322,-14.825655132232601,-13.799195830095481,-14.143499807284442,-14.278954483039907,0.4087530084784238,37,-0.40471156750226517,-0.3745080230093854,-0.42386706948640485,-0.3820427839710756,-0.42254370102471367,-0.4015346289987689,0.020300647268839116,19,0.7056307021479007,-1.1547734316473517,1.279146203116688,-1.1184722684561041,0.5165685084769241,0.045619942727611405,0.9975017512348783,78,-12.88511994343732,-11.822531057319162,-13.635555935021344,-11.546313925243462,-12.346641437644706,-12.447232459733199,0.7504508953949791,14,9.974473834429917,14.278954483039907,0.4015346289987689,12.447232459733199,0.045619942727611405,n1000__squared_error__boostrap_false
131.53946275711058,1.351089578928123,5.520227479934692,0.28439656819993786,False,squared_error,22,1.0,1,4,1000,"{'bootstrap': False, 'criterion': 'squared_error', 'max_depth': 22, 'max_features': 1.0, 'min_samples_leaf': 1, 'min_samples_split': 4, 'n_estimators': 1000}",-9.72353696832084,-10.02387279616301,-10.278135779638541,-9.951264082740954,-9.925154213600425,-9.980392768092752,0.179117890705837,66,-13.924014876590977,-14.685914087887124,-14.811306808118129,-13.821855137581217,-14.157610577529514,-14.280140297541394,0.39966345003335774,41,-0.4025974025974026,-0.37783832879200724,-0.42235649546827797,-0.3814401928291654,-0.4246534056660639,-0.4017771650705835,0.019668067191876627,26,0.701069829225442,-1.1792661802771123,1.284034275567635,-1.1192043020190834,0.5059921615044534,0.038525156800266955,1.003208557465257,84,-12.946689087275221,-11.7042210145317,-13.687690587529485,-11.577253717304854,-12.28195304208587,-12.439561489745426,0.7904613053887221,12,9.980392768092752,14.280140297541394,0.4017771650705835,12.439561489745426,0.038525156800266955,n1000__squared_error__boostrap_false
111.28717837333679,4.685073418869444,6.488523674011231,0.7706415151576544,False,squared_error,22,1.0,1,8,1000,"{'bootstrap': False, 'criterion': 'squared_error', 'max_depth': 22, 'max_features': 1.0, 'min_samples_leaf': 1, 'min_samples_split': 8, 'n_estimators': 1000}",-9.738444417326246,-10.048230144028167,-10.303970870474547,-9.936861476493362,-9.90281043513574,-9.986063468691613,0.18740165947098383,71,-13.953680667207506,-14.723113527645657,-14.855485159141626,-13.81209026786516,-14.135923208524858,-14.29605856607696,0.41771409487231986,74,-0.40320144971307764,-0.37693006357856496,-0.42507552870090637,-0.38264537511298585,-0.4234478601567209,-0.40226005545245125,0.019983489605380437,46,0.7191359856135494,-1.1858202382461187,1.2946917996507281,-1.1219062102351252,0.4997280429953282,0.04116587595567237,1.0098991607210481,83,-12.968183039001373,-11.756040128031366,-13.643060923281684,-11.518439578232712,-12.283139740369712,-12.43377268178337,0.7833031174248934,10,9.986063468691613,14.29605856607696,0.40226005545245125,12.43377268178337,0.04116587595567237,n1000__squared_error__boostrap_false
118.27898201942443,2.314233269756873,6.4362259864807125,1.0658104562186406,False,squared_error,22,1.0,2,2,1000,"{'bootstrap': False, 'criterion': 'squared_error', 'max_depth': 22, 'max_features': 1.0, 'min_samples_leaf': 2, 'min_samples_split': 2, 'n_estimators': 1000}",-9.666131614225367,-9.967108443295633,-10.181301380681756,-9.860801819828135,-9.85582522766369,-9.906233697138916,0.16829857084331393,1,-13.918024609145577,-14.663380014123742,-14.758379672125733,-13.759990707368356,-14.139118553782811,-14.247778711309243,0.39797480287171455,1,-0.40561763817577773,-0.37571904329397515,-0.42356495468277944,-0.380235010545345,-0.42224231464737794,-0.401475792269051,0.020252976874246858,17,0.8050155534005569,-1.113205686335942,1.3596729519586974,-1.048538572197758,0.5800877150840308,0.11660639238191702,1.0103402514452104,53,-12.907657584515798,-11.782611122577702,-13.623618060285269,-11.587916687355477,-12.357729887236596,-12.45190666839417,0.7461797323068063,23,9.906233697138916,14.247778711309243,0.401475792269051,12.45190666839417,0.11660639238191702,n1000__squared_error__boostrap_false
120.18341488838196,0.6726731748965433,4.429809522628784,0.49437854725078195,False,squared_error,22,1.0,2,4,1000,"{'bootstrap': False, 'criterion': 'squared_error', 'max_depth': 22, 'max_features': 1.0, 'min_samples_leaf': 2, 'min_samples_split': 4, 'n_estimators': 1000}",-9.666131614225367,-9.967108443295633,-10.181301380681756,-9.860801819828135,-9.855825227663692,-9.906233697138918,0.16829857084331382,2,-13.918024609145577,-14.663380014123742,-14.758379672125733,-13.759990707368356,-14.139118553782811,-14.247778711309243,0.39797480287171455,1,-0.40561763817577773,-0.37571904329397515,-0.42356495468277944,-0.380235010545345,-0.42224231464737794,-0.401475792269051,0.020252976874246858,17,0.8050155534005564,-1.113205686335942,1.3596729519586974,-1.048538572197758,0.5800877150840311,0.11660639238191699,1.0103402514452104,54,-12.907657584515798,-11.782611122577702,-13.62361806028527,-11.587916687355477,-12.357729887236596,-12.45190666839417,0.7461797323068068,23,9.906233697138918,14.247778711309243,0.401475792269051,12.45190666839417,0.11660639238191699,n1000__squared_error__boostrap_false
107.46467094421386,5.624911709148523,5.0798345565795895,1.8200429424514615,False,squared_error,22,1.0,2,8,1000,"{'bootstrap': False, 'criterion': 'squared_error', 'max_depth': 22, 'max_features': 1.0, 'min_samples_leaf': 2, 'min_samples_split': 8, 'n_estimators': 1000}",-9.699294271879015,-9.972629473659246,-10.231512672279983,-9.8661384665298,-9.870164069526169,-9.927947790774843,0.17526544027675853,20,-13.937019800397957,-14.667908171415165,-14.804842386547161,-13.76542797678526,-14.158874443431827,-14.266814555715474,0.4055007238737296,11,-0.399879190576865,-0.37723281864971236,-0.4214501510574018,-0.37902982826152454,-0.4219409282700422,-0.39990658336310914,0.01949141823824532,1,0.7998315462179938,-1.1517237786041326,1.3352342380747788,-1.0686040871790274,0.5942375105873541,0.10179508581939334,1.0190456664639393,61,-13.12787219928973,-11.691593704160129,-13.7225563703492,-11.605332513936892,-12.400315872434522,-12.509534132034096,0.8188162985694198,81,9.927947790774843,14.266814555715474,0.39990658336310914,12.509534132034096,0.10179508581939334,n1000__squared_error__boostrap_false
103.37705783843994,2.444919073978389,6.402673578262329,1.1062911892716156,False,squared_error,22,1.0,3,2,1000,"{'bootstrap': False, 'criterion': 'squared_error', 'max_depth': 22, 'max_features': 1.0, 'min_samples_leaf': 3, 'min_samples_split': 2, 'n_estimators': 1000}",-9.683961628319395,-9.957222808497876,-10.210030775375937,-9.861118834612158,-9.860423068330588,-9.914551423027191,0.1720961757347894,15,-13.954625255242542,-14.67464592552719,-14.802975511432813,-13.781986637255255,-14.166238387561867,-14.276094343403932,0.3989988119754813,32,-0.4050135910601027,-0.37571904329397515,-0.4232628398791541,-0.3814401928291654,-0.42374924653405666,-0.4018369827192908,0.020236013929230513,29,0.8451129994573717,-1.1039266523330908,1.3883199005670754,-1.0402848766775874,0.6261825544655537,0.14308078509586455,1.0229602966622526,5,-12.998421361882501,-11.781803869384484,-13.701120891281716,-11.562538667608544,-12.373597957481365,-12.483496549527722,0.7874478189924564,58,9.914551423027191,14.276094343403932,0.4018369827192908,12.483496549527722,0.14308078509586455,n1000__squared_error__boostrap_false
107.8514548778534,0.5883963200081861,3.797563314437866,0.2717795187846989,False,squared_error,22,1.0,3,4,1000,"{'bootstrap': False, 'criterion': 'squared_error', 'max_depth': 22, 'max_features': 1.0, 'min_samples_leaf': 3, 'min_samples_split': 4, 'n_estimators': 1000}",-9.683961628319395,-9.957222808497876,-10.210030775375937,-9.861118834612158,-9.86042306833059,-9.914551423027191,0.17209617573478928,15,-13.954625255242544,-14.67464592552719,-14.802975511432813,-13.781986637255255,-14.166238387561867,-14.276094343403932,0.3989988119754809,32,-0.4050135910601027,-0.37571904329397515,-0.4232628398791541,-0.3814401928291654,-0.42374924653405666,-0.4018369827192908,0.020236013929230513,29,0.8451129994573717,-1.1039266523330908,1.3883199005670757,-1.0402848766775872,0.6261825544655543,0.1430807850958647,1.0229602966622526,4,-12.998421361882501,-11.781803869384484,-13.701120891281716,-11.562538667608543,-12.373597957481365,-12.483496549527722,0.7874478189924569,58,9.914551423027191,14.276094343403932,0.4018369827192908,12.483496549527722,0.1430807850958647,n1000__squared_error__boostrap_false
103.67764048576355,2.490611052149256,4.45276951789856,0.9309237309523775,False,squared_error,22,1.0,3,8,1000,"{'bootstrap': False, 'criterion': 'squared_error', 'max_depth': 22, 'max_features': 1.0, 'min_samples_leaf': 3, 'min_samples_split': 8, 'n_estimators': 1000}",-9.695130038733694,-9.981239393854786,-10.223624342405913,-9.858143842495016,-9.857457876247096,-9.923119098747302,0.17560954513970023,17,-13.95890422235469,-14.69097583642162,-14.817353451150819,-13.775950777380565,-14.144453537771673,-14.277527565015873,0.4082058954939064,35,-0.4053156146179402,-0.3766273085074175,-0.42356495468277944,-0.38234407954203076,-0.42013261000602775,-0.40159691347123916,0.019152798256522035,22,0.8269696409987999,-1.136332587092557,1.3751662701476515,-1.040272596353341,0.6022825306718199,0.12556265167447467,1.022965711074667,35,-12.980131162292958,-11.742253690810145,-13.691867663178423,-11.531329655612376,-12.448141560314552,-12.47874474644169,0.7954880933702949,53,9.923119098747302,14.277527565015873,0.40159691347123916,12.47874474644169,0.12556265167447467,n1000__squared_error__boostrap_false
94.12008504867553,2.4624936867760963,6.335214853286743,0.9927110620137463,False,squared_error,22,1.0,4,2,1000,"{'bootstrap': False, 'criterion': 'squared_error', 'max_depth': 22, 'max_features': 1.0, 'min_samples_leaf': 4, 'min_samples_split': 2, 'n_estimators': 1000}",-9.720487271542266,-9.990162124734484,-10.231748692273005,-9.873646932262794,-9.845213101164514,-9.932251624395414,0.1725725791209502,23,-13.993767233363048,-14.705898661336583,-14.839468181534606,-13.792527243321246,-14.137163983996542,-14.293765060710404,0.40826656587687776,66,-0.4074297795228028,-0.37753557372085983,-0.42114803625377645,-0.38053630611630007,-0.4231464737793852,-0.4019592338786249,0.01950637408777866,33,0.8655061672836933,-1.1429568420066372,1.3940938844355861,-1.031610501236502,0.6187077723012978,0.1407480961554876,1.034110093541987,7,-12.9911876486111,-11.71704853602649,-13.802560591429494,-11.61786180307849,-12.364419322706397,-12.498615580370394,0.8182276860222081,70,9.932251624395414,14.293765060710404,0.4019592338786249,12.498615580370394,0.1407480961554876,n1000__squared_error__boostrap_false
99.67369198799133,0.44952701933325634,4.580113220214844,0.23492126478726902,False,squared_error,22,1.0,4,4,1000,"{'bootstrap': False, 'criterion': 'squared_error', 'max_depth': 22, 'max_features': 1.0, 'min_samples_leaf': 4, 'min_samples_split': 4, 'n_estimators': 1000}",-9.720487271542265,-9.990162124734484,-10.231748692273005,-9.873646932262794,-9.845213101164514,-9.932251624395414,0.17257257912095064,23,-13.993767233363048,-14.705898661336581,-14.839468181534606,-13.792527243321247,-14.137163983996542,-14.293765060710404,0.408266565876877,66,-0.4074297795228028,-0.37753557372085983,-0.42114803625377645,-0.38053630611630007,-0.4231464737793852,-0.4019592338786249,0.01950637408777866,33,0.8655061672836943,-1.1429568420066372,1.3940938844355857,-1.0316105012365024,0.6187077723012978,0.14074809615548764,1.034110093541987,6,-12.9911876486111,-11.71704853602649,-13.802560591429494,-11.61786180307849,-12.364419322706397,-12.498615580370394,0.8182276860222081,70,9.932251624395414,14.293765060710404,0.4019592338786249,12.498615580370394,0.14074809615548764,n1000__squared_error__boostrap_false
100.50657052993775,0.528419902000851,3.961179780960083,0.16060832423828247,False,squared_error,22,1.0,4,8,1000,"{'bootstrap': False, 'criterion': 'squared_error', 'max_depth': 22, 'max_features': 1.0, 'min_samples_leaf': 4, 'min_samples_split': 8, 'n_estimators': 1000}",-9.720487271542266,-9.990162124734484,-10.231748692273005,-9.873646932262794,-9.845213101164514,-9.932251624395414,0.1725725791209502,23,-13.993767233363048,-14.705898661336583,-14.839468181534606,-13.792527243321247,-14.137163983996542,-14.293765060710404,0.4082665658768773,66,-0.4074297795228028,-0.37753557372085983,-0.42114803625377645,-0.38053630611630007,-0.4231464737793852,-0.4019592338786249,0.01950637408777866,33,0.8655061672836942,-1.142956842006639,1.3940938844355864,-1.0316105012365018,0.6187077723012979,0.14074809615548758,1.0341100935419874,8,-12.9911876486111,-11.71704853602649,-13.802560591429494,-11.61786180307849,-12.364419322706397,-12.498615580370394,0.8182276860222081,70,9.932251624395414,14.293765060710404,0.4019592338786249,12.498615580370394,0.14074809615548758,n1000__squared_error__boostrap_false
128.11662797927858,3.0218390747119637,7.676397228240967,1.6279228196723396,False,squared_error,24,0.875,1,2,1000,"{'bootstrap': False, 'criterion': 'squared_error', 'max_depth': 24, 'max_features': 0.875, 'min_samples_leaf': 1, 'min_samples_split': 2, 'n_estimators': 1000}",-9.770704715020473,-10.074619996496411,-10.309660155911528,-10.009141046364597,-9.951058125678863,-10.023036807894375,0.17541908502270373,89,-13.962183343788615,-14.650629258707898,-14.834273917907472,-13.849150391956782,-14.141291575274902,-14.287505697527134,0.38734552658114435,58,-0.4044095439444277,-0.3763245534362701,-0.42386706948640485,-0.3799337149743899,-0.42495479204339964,-0.40189793477697844,0.02077014449746931,32,0.7079254893380542,-1.2457279945685247,1.3007178493914449,-1.187489991925237,0.49536317569446237,0.014157705586039937,1.0391706897570914,96,-12.955468486419372,-11.730422478828562,-13.695777333411563,-11.609460685838316,-12.291214850339255,-12.456468766967413,0.7818901715527741,31,10.023036807894375,14.287505697527134,0.40189793477697844,12.456468766967413,0.014157705586039937,n1000__squared_error__boostrap_false
114.51583738327027,0.7557058879068547,4.093427944183349,0.3920450039635901,False,squared_error,24,0.875,1,4,1000,"{'bootstrap': False, 'criterion': 'squared_error', 'max_depth': 24, 'max_features': 0.875, 'min_samples_leaf': 1, 'min_samples_split': 4, 'n_estimators': 1000}",-9.777451162563269,-10.071743560008386,-10.312853982719567,-10.015994841377726,-9.940335274303521,-10.023675764194493,0.17525167237021202,91,-13.978773063584129,-14.636480140330958,-14.837729587536225,-13.859057230326082,-14.125031198219775,-14.287414243999432,0.3820500857954966,57,-0.40410752038659015,-0.3799576142900394,-0.42507552870090637,-0.38234407954203076,-0.42616033755274263,-0.40352901609446185,0.019905658006806937,87,0.7308269294349931,-1.2345917282159768,1.314100386618882,-1.139290195202415,0.48962132598011515,0.03213334372311968,1.0312839565438154,88,-13.001834365697402,-11.629128486219255,-13.676339361233216,-11.608267423426263,-12.237127298352583,-12.430539386985744,0.8042629394033917,7,10.023675764194493,14.287414243999432,0.40352901609446185,12.430539386985744,0.03213334372311968,n1000__squared_error__boostrap_false
104.10995335578919,2.6052406413534115,6.570800542831421,1.0253667306454075,False,squared_error,24,0.875,1,8,1000,"{'bootstrap': False, 'criterion': 'squared_error', 'max_depth': 24, 'max_features': 0.875, 'min_samples_leaf': 1, 'min_samples_split': 8, 'n_estimators': 1000}",-9.795277208519037,-10.090593915406219,-10.35554130216564,-10.001247759695785,-9.93194671408812,-10.03492137997496,0.1871168560749731,96,-14.001793633737773,-14.659370634748868,-14.876455119437754,-13.84197728592134,-14.113144270798495,-14.298548188928844,0.39876412228173125,79,-0.4035034732709151,-0.37844383893430217,-0.42386706948640485,-0.38234407954203076,-0.4255575647980711,-0.40274320520634477,0.01986894150338339,60,0.725896131412799,-1.2813020273064761,1.3092360882466323,-1.1677335246408314,0.5273435682031681,0.02268804718305837,1.0508927918315494,95,-13.037277293605655,-11.638836442557375,-13.759947670087179,-11.55178634599976,-12.28892533875442,-12.455354618200877,0.8427850603709157,30,10.03492137997496,14.298548188928844,0.40274320520634477,12.455354618200877,0.02268804718305837,n1000__squared_error__boostrap_false
102.351100730896,3.8314840309346923,7.145732498168945,1.5679662055998371,False,squared_error,24,0.875,2,2,1000,"{'bootstrap': False, 'criterion': 'squared_error', 'max_depth': 24, 'max_features': 0.875, 'min_samples_leaf': 2, 'min_samples_split': 2, 'n_estimators': 1000}",-9.738718458850997,-10.025289321000123,-10.26096037749134,-9.928799013176377,-9.865696385392619,-9.963892711182291,0.17526909140787308,49,-14.00471006506306,-14.617217005241791,-14.81688829925901,-13.80459855219284,-14.104880075592174,-14.269658799469775,0.38311557659348017,14,-0.4050135910601027,-0.37571904329397515,-0.42507552870090637,-0.3838505573968063,-0.4240506329113924,-0.4027418706726366,0.020224397441767454,58,0.8251879690486722,-1.1979286874474677,1.380507904100158,-1.0762838051143313,0.5890606303655261,0.10410880219051148,1.0462271684185607,60,-13.041422141228862,-11.747289352386954,-13.693411518147784,-11.531200147393221,-12.327250809625276,-12.468114793756419,0.8058876362112469,42,9.963892711182291,14.269658799469775,0.4027418706726366,12.468114793756419,0.10410880219051148,n1000__squared_error__boostrap_false
102.26674094200135,0.9006859725731271,4.850047636032104,1.182674412912437,False,squared_error,24,0.875,2,4,1000,"{'bootstrap': False, 'criterion': 'squared_error', 'max_depth': 24, 'max_features': 0.875, 'min_samples_leaf': 2, 'min_samples_split': 4, 'n_estimators': 1000}",-9.738718458850997,-10.025289321000123,-10.260960377491344,-9.928799013176377,-9.865696385392619,-9.963892711182293,0.1752690914078743,50,-14.00471006506306,-14.617217005241791,-14.81688829925901,-13.80459855219284,-14.104880075592174,-14.269658799469775,0.38311557659348017,14,-0.4050135910601027,-0.37571904329397515,-0.42507552870090637,-0.3838505573968063,-0.4240506329113924,-0.4027418706726366,0.020224397441767454,58,0.8251879690486716,-1.1979286874474673,1.380507904100158,-1.0762838051143306,0.5890606303655259,0.10410880219051152,1.0462271684185602,59,-13.041422141228862,-11.747289352386954,-13.693411518147785,-11.531200147393221,-12.327250809625276,-12.468114793756419,0.8058876362112475,42,9.963892711182293,14.269658799469775,0.4027418706726366,12.468114793756419,0.10410880219051152,n1000__squared_error__boostrap_false
96.8215699672699,0.7358684798688109,4.336681652069092,0.7127678999771812,False,squared_error,24,0.875,2,8,1000,"{'bootstrap': False, 'criterion': 'squared_error', 'max_depth': 24, 'max_features': 0.875, 'min_samples_leaf': 2, 'min_samples_split': 8, 'n_estimators': 1000}",-9.754077452220756,-10.04376417765839,-10.291388199878062,-9.941904908008173,-9.89660220741641,-9.985547389036359,0.1790653730830689,70,-13.992161669497362,-14.634170629445759,-14.86202546733792,-13.816003908777036,-14.121722745291946,-14.285216884070005,0.39679953793561396,54,-0.40410752038659015,-0.3763245534362701,-0.4229607250755287,-0.3814401928291654,-0.4255575647980711,-0.40207811130512505,0.02039929517094166,38,0.80690882247132,-1.2235688905522975,1.3969827737843896,-1.1106277248935381,0.5888665854477911,0.09171231325153303,1.0618837605603693,69,-13.067049908634328,-11.71886767228939,-13.817324258150974,-11.576227871547186,-12.319683234675436,-12.499830589059462,0.8429620929855424,74,9.985547389036359,14.285216884070005,0.40207811130512505,12.499830589059462,0.09171231325153303,n1000__squared_error__boostrap_false
89.76347408294677,5.8346895829049545,5.920258045196533,1.7899183584836948,False,squared_error,24,0.875,3,2,1000,"{'bootstrap': False, 'criterion': 'squared_error', 'max_depth': 24, 'max_features': 0.875, 'min_samples_leaf': 3, 'min_samples_split': 2, 'n_estimators': 1000}",-9.73575965779594,-10.0284784075425,-10.263527507177072,-9.897513020381545,-9.871700835962189,-9.95939588577185,0.17821420325332557,43,-14.00867380007409,-14.640557901732128,-14.840264998332634,-13.790580841059626,-14.122579901651543,-14.280531488570006,0.39543079387569624,42,-0.40561763817577773,-0.37723281864971236,-0.4241691842900302,-0.3799337149743899,-0.4258589511754069,-0.4025624614530634,0.02084496093392936,51,0.8401231875236671,-1.2031460786279324,1.4126641922848622,-1.0837442192898827,0.6217355395589417,0.11752652428993113,1.0621658788845616,50,-13.036763998828452,-11.697460947995518,-13.763602038895652,-11.599087490413648,-12.320319141535423,-12.48344672353374,0.8211495770139219,56,9.95939588577185,14.280531488570006,0.4025624614530634,12.48344672353374,0.11752652428993113,n1000__squared_error__boostrap_false
92.53137488365174,4.458096966653497,5.6521965026855465,0.8929369503676445,False,squared_error,24,0.875,3,4,1000,"{'bootstrap': False, 'criterion': 'squared_error', 'max_depth': 24, 'max_features': 0.875, 'min_samples_leaf': 3, 'min_samples_split': 4, 'n_estimators': 1000}",-9.73575965779594,-10.028478407542503,-10.263527507177072,-9.897513020381545,-9.871700835962189,-9.95939588577185,0.1782142032533257,43,-14.00867380007409,-14.640557901732128,-14.840264998332634,-13.790580841059626,-14.122579901651543,-14.280531488570006,0.39543079387569624,42,-0.40561763817577773,-0.37723281864971236,-0.4241691842900302,-0.3799337149743899,-0.4258589511754069,-0.4025624614530634,0.02084496093392936,51,0.8401231875236675,-1.2031460786279307,1.412664192284861,-1.083744219289882,0.6217355395589411,0.11752652428993142,1.062165878884561,49,-13.036763998828452,-11.697460947995518,-13.763602038895657,-11.599087490413648,-12.320319141535423,-12.48344672353374,0.8211495770139235,56,9.95939588577185,14.280531488570006,0.4025624614530634,12.48344672353374,0.11752652428993142,n1000__squared_error__boostrap_false
93.2011155128479,1.2211645316519417,5.181777429580689,0.5981660253363112,False,squared_error,24,0.875,3,8,1000,"{'bootstrap': False, 'criterion': 'squared_error', 'max_depth': 24, 'max_features': 0.875, 'min_samples_leaf': 3, 'min_samples_split': 8, 'n_estimators': 1000}",-9.779008614201222,-10.026024716262617,-10.267483768257366,-9.925933713446492,-9.866012795269187,-9.972892721487376,0.1678251517672917,57,-14.050437349900902,-14.621415566415212,-14.849859952308353,-13.80813689892626,-14.11511302990366,-14.288992559490875,0.38560138303370045,60,-0.4053156146179402,-0.37693006357856496,-0.4217522658610272,-0.38354926182585114,-0.4252561784207354,-0.4025606768608238,0.019541518878075727,50,0.8404094528120715,-1.2291497795123154,1.395306186623621,-1.0740675193133618,0.6181844000134636,0.1101365481246958,1.0619886322914251,55,-13.10018376299591,-11.669107596821787,-13.826588377742144,-11.539412371692013,-12.326919310399658,-12.492442283930302,0.8675067008840535,68,9.972892721487376,14.288992559490875,0.4025606768608238,12.492442283930302,0.1101365481246958,n1000__squared_error__boostrap_false
85.46034374237061,7.201450735375293,5.633050441741943,0.7759092717135254,False,squared_error,24,0.875,4,2,1000,"{'bootstrap': False, 'criterion': 'squared_error', 'max_depth': 24, 'max_features': 0.875, 'min_samples_leaf': 4, 'min_samples_split': 2, 'n_estimators': 1000}",-9.79495542657593,-10.062341023049347,-10.308552815283083,-9.941508484493578,-9.877688761069587,-9.997009302094305,0.17858952670844339,81,-14.084001208837497,-14.657071191915554,-14.896522412170004,-13.840384361488509,-14.114410695251102,-14.318477973932534,0.3934404782680666,94,-0.40471156750226517,-0.37935210414774445,-0.4214501510574018,-0.3817414884001205,-0.4273658830620856,-0.4029242388339235,0.019739059702330784,66,0.8678005247674528,-1.2518202233458942,1.4350249149466379,-1.085346399428565,0.639004375048554,0.12093263839763713,1.085597348174424,42,-13.1732779682455,-11.61258986489246,-13.932344905756405,-11.599685067218145,-12.304085975190405,-12.524396756260582,0.9097675718764213,91,9.997009302094305,14.318477973932534,0.4029242388339235,12.524396756260582,0.12093263839763713,n1000__squared_error__boostrap_false
86.47312269210815,9.39407458681308,6.794847679138184,0.6578271592436894,False,squared_error,24,0.875,4,4,1000,"{'bootstrap': False, 'criterion': 'squared_error', 'max_depth': 24, 'max_features': 0.875, 'min_samples_leaf': 4, 'min_samples_split': 4, 'n_estimators': 1000}",-9.79495542657593,-10.062341023049347,-10.308552815283083,-9.941508484493577,-9.877688761069587,-9.997009302094304,0.1785895267084435,79,-14.084001208837497,-14.65707119191555,-14.896522412170002,-13.840384361488509,-14.114410695251102,-14.318477973932534,0.39344047826806544,94,-0.40471156750226517,-0.37935210414774445,-0.4214501510574018,-0.3817414884001205,-0.4273658830620856,-0.4029242388339235,0.019739059702330784,66,0.8678005247674531,-1.2518202233458942,1.4350249149466372,-1.0853463994285655,0.639004375048554,0.12093263839763695,1.0855973481744243,43,-13.1732779682455,-11.61258986489246,-13.932344905756407,-11.599685067218145,-12.304085975190405,-12.524396756260582,0.9097675718764218,91,9.997009302094304,14.318477973932534,0.4029242388339235,12.524396756260582,0.12093263839763695,n1000__squared_error__boostrap_false
93.40363192558289,0.17221038629800492,6.024200105667115,0.7853789282344696,False,squared_error,24,0.875,4,8,1000,"{'bootstrap': False, 'criterion': 'squared_error', 'max_depth': 24, 'max_features': 0.875, 'min_samples_leaf': 4, 'min_samples_split': 8, 'n_estimators': 1000}",-9.79495542657593,-10.062341023049347,-10.308552815283083,-9.941508484493577,-9.877688761069585,-9.997009302094304,0.17858952670844375,79,-14.084001208837497,-14.657071191915554,-14.896522412170002,-13.840384361488509,-14.114410695251102,-14.318477973932534,0.3934404782680661,94,-0.40471156750226517,-0.37935210414774445,-0.4214501510574018,-0.3817414884001205,-0.4273658830620856,-0.4029242388339235,0.019739059702330784,66,0.8678005247674528,-1.2518202233458948,1.4350249149466379,-1.085346399428565,0.639004375048554,0.12093263839763695,1.0855973481744245,43,-13.1732779682455,-11.61258986489246,-13.932344905756407,-11.599685067218145,-12.304085975190405,-12.524396756260582,0.9097675718764218,91,9.997009302094304,14.318477973932534,0.4029242388339235,12.524396756260582,0.12093263839763695,n1000__squared_error__boostrap_false
154.64540605545045,2.4711655634275687,7.271975946426392,0.4344790049356944,False,squared_error,24,1.0,1,2,1000,"{'bootstrap': False, 'criterion': 'squared_error', 'max_depth': 24, 'max_features': 1.0, 'min_samples_leaf': 1, 'min_samples_split': 2, 'n_estimators': 1000}",-9.710906655686292,-10.02693656349321,-10.253535684830249,-9.954376931454165,-9.934640700591098,-9.976079307211002,0.1743979290856881,60,-13.911880525457768,-14.686596479059848,-14.785150813162833,-13.821216631457395,-14.169081332364138,-14.274785156300396,0.39462872309743086,30,-0.4013893083660526,-0.3781410838631547,-0.4241691842900302,-0.3817414884001205,-0.4234478601567209,-0.4017777850152158,0.019653318577937454,27,0.696914583297066,-1.178145554541935,1.309753387002885,-1.1230539026864337,0.48604026036766346,0.03830175468784915,1.007900878047165,85,-12.964746471886345,-11.700382987416358,-13.630515252054012,-11.567151196716692,-12.304562074185469,-12.433471596451776,0.7771375830972467,9,9.976079307211002,14.274785156300396,0.4017777850152158,12.433471596451776,0.03830175468784915,n1000__squared_error__boostrap_false
137.2312600135803,4.380292991477258,6.533657455444336,0.5628868698448498,False,squared_error,24,1.0,1,4,1000,"{'bootstrap': False, 'criterion': 'squared_error', 'max_depth': 24, 'max_features': 1.0, 'min_samples_leaf': 1, 'min_samples_split': 4, 'n_estimators': 1000}",-9.710012902021932,-10.018494941752826,-10.289201046717585,-9.923470999001802,-9.922649156376101,-9.97276580917405,0.1877248840937814,56,-13.902533251909338,-14.709044534221649,-14.833134981603731,-13.791475785870325,-14.144987339028898,-14.276235178526786,0.4217421304881121,34,-0.4022953790395651,-0.37783832879200724,-0.42235649546827797,-0.3817414884001205,-0.4234478601567209,-0.4015359103713384,0.01932667386653862,20,0.7213538351813392,-1.1804928203621237,1.2684921757785985,-1.1223711287308265,0.4751718448030812,0.03243078133401377,1.000323298667113,87,-12.964810535615626,-11.695481172657647,-13.682390760537327,-11.527565299695889,-12.277569424168156,-12.42956343853493,0.8039459371919181,5,9.97276580917405,14.276235178526786,0.4015359103713384,12.42956343853493,0.03243078133401377,n1000__squared_error__boostrap_false
118.77880191802979,0.7571466595739899,6.453127813339234,0.1331248810378267,False,squared_error,24,1.0,1,8,1000,"{'bootstrap': False, 'criterion': 'squared_error', 'max_depth': 24, 'max_features': 1.0, 'min_samples_leaf': 1, 'min_samples_split': 8, 'n_estimators': 1000}",-9.75063525563909,-10.01068046641539,-10.292698463579104,-9.935338107713347,-9.910837050200936,-9.980037868709573,0.17782463112700692,65,-13.955921448224226,-14.667213050863847,-14.845963434987366,-13.801354118356155,-14.155021001915884,-14.285094610869496,0.4049363700386112,53,-0.40320144971307764,-0.3766273085074175,-0.42084592145015104,-0.3799337149743899,-0.4240506329113924,-0.4009318055112857,0.01983850730066118,7,0.6976339747204809,-1.191390534336215,1.270159817609146,-1.1475666889859353,0.48485278006179017,0.02273786981385336,1.0068581827292817,94,-12.956636487535782,-11.70824543635752,-13.737638517851078,-11.564874440426756,-12.25760442672769,-12.444999861779767,0.8105839403484727,13,9.980037868709573,14.285094610869496,0.4009318055112857,12.444999861779767,0.02273786981385336,n1000__squared_error__boostrap_false
123.89836316108703,0.9890958114690743,5.994613599777222,0.2855535304363139,False,squared_error,24,1.0,2,2,1000,"{'bootstrap': False, 'criterion': 'squared_error', 'max_depth': 24, 'max_features': 1.0, 'min_samples_leaf': 2, 'min_samples_split': 2, 'n_estimators': 1000}",-9.666976272403893,-9.967280521654907,-10.20138417766995,-9.87576501496127,-9.83617218429016,-9.909515634196037,0.1754239076375203,5,-13.920066252307228,-14.696789911610098,-14.795796311257462,-13.771405021921677,-14.118794882774683,-14.260570475974228,0.41281481983613444,9,-0.40471156750226517,-0.37693006357856496,-0.4226586102719033,-0.3808376016872552,-0.4231464737793852,-0.40165686336387474,0.019784156442743558,24,0.8075452322450613,-1.1226636665367142,1.357901359128952,-1.0446569890256467,0.5967089086433301,0.11896696889099649,1.013213023933914,47,-12.94072414249727,-11.732437539138711,-13.674494326949379,-11.59432260208874,-12.32774197519705,-12.45394411717423,0.7748735999660442,27,9.909515634196037,14.260570475974228,0.40165686336387474,12.45394411717423,0.11896696889099649,n1000__squared_error__boostrap_false
120.95016117095948,2.3167712598428825,6.061822986602783,0.43783851967188014,False,squared_error,24,1.0,2,4,1000,"{'bootstrap': False, 'criterion': 'squared_error', 'max_depth': 24, 'max_features': 1.0, 'min_samples_leaf': 2, 'min_samples_split': 4, 'n_estimators': 1000}",-9.666976272403893,-9.967280521654907,-10.20138417766995,-9.87576501496127,-9.83617218429016,-9.909515634196037,0.1754239076375203,5,-13.920066252307231,-14.696789911610098,-14.795796311257462,-13.771405021921677,-14.118794882774683,-14.26057047597423,0.41281481983613383,10,-0.40471156750226517,-0.37693006357856496,-0.4226586102719033,-0.3808376016872552,-0.4231464737793852,-0.40165686336387474,0.019784156442743558,24,0.8075452322450615,-1.1226636665367136,1.3579013591289513,-1.0446569890256474,0.5967089086433298,0.1189669688909963,1.0132130239339139,48,-12.94072414249727,-11.732437539138711,-13.674494326949379,-11.594322602088738,-12.32774197519705,-12.45394411717423,0.7748735999660445,27,9.909515634196037,14.26057047597423,0.40165686336387474,12.45394411717423,0.1189669688909963,n1000__squared_error__boostrap_false
105.47686538696288,1.5068531064784956,6.8634013652801515,0.8967305507892663,False,squared_error,24,1.0,2,8,1000,"{'bootstrap': False, 'criterion': 'squared_error', 'max_depth': 24, 'max_features': 1.0, 'min_samples_leaf': 2, 'min_samples_split': 8, 'n_estimators': 1000}",-9.70436595291057,-9.960592509073553,-10.234661651338437,-9.897374640222218,-9.862468347145498,-9.931892620138054,0.1733622650962947,22,-13.949824850307925,-14.66093010164463,-14.81871729529548,-13.805435667556477,-14.142970587187751,-14.275575700398452,0.39704664449710797,31,-0.40380549682875266,-0.37420526793823794,-0.4232628398791541,-0.3817414884001205,-0.4219409282700422,-0.40099120426326146,0.020153783154690515,8,0.7804506866674205,-1.14983964426771,1.3294552425520645,-1.080123896592183,0.5596452707618557,0.08791753182428952,1.013894345862894,71,-12.982508561571702,-11.772620029309747,-13.660680556308911,-11.54871950201582,-12.350204637220216,-12.46294665728528,0.7784065741074639,40,9.931892620138054,14.275575700398452,0.40099120426326146,12.46294665728528,0.08791753182428952,n1000__squared_error__boostrap_false
108.48410749435425,1.2686007205126573,5.988970470428467,0.5281782122898083,False,squared_error,24,1.0,3,2,1000,"{'bootstrap': False, 'criterion': 'squared_error', 'max_depth': 24, 'max_features': 1.0, 'min_samples_leaf': 3, 'min_samples_split': 2, 'n_estimators': 1000}",-9.676836742072933,-9.964841357744909,-10.199521394563037,-9.858515474318041,-9.856969316792382,-9.91133685709826,0.17125962226272268,7,-13.939903294929046,-14.683757448370985,-14.790599085213776,-13.780824570751532,-14.157437835681325,-14.270504446989332,0.40078523859775345,16,-0.4050135910601027,-0.37753557372085983,-0.42356495468277944,-0.38234407954203076,-0.4213381555153707,-0.40195927090422867,0.01914653142585262,36,0.8336340787600538,-1.1083596445485586,1.3757781424653892,-1.0410562046937786,0.6040935269931674,0.13281797979525464,1.017516221799087,14,-12.97545446971589,-11.729334041173837,-13.6641374706006,-11.5307909046032,-12.414093889728342,-12.462762155164373,0.7893049940630692,38,9.91133685709826,14.270504446989332,0.40195927090422867,12.462762155164373,0.13281797979525464,n1000__squared_error__boostrap_false
108.07562623023986,0.9587724396606995,6.071338224411011,0.9486287138268055,False,squared_error,24,1.0,3,4,1000,"{'bootstrap': False, 'criterion': 'squared_error', 'max_depth': 24, 'max_features': 1.0, 'min_samples_leaf': 3, 'min_samples_split': 4, 'n_estimators': 1000}",-9.676836742072933,-9.964841357744913,-10.199521394563035,-9.858515474318041,-9.856969316792382,-9.91133685709826,0.1712596222627223,7,-13.939903294929046,-14.683757448370985,-14.790599085213776,-13.780824570751532,-14.157437835681325,-14.270504446989332,0.40078523859775345,16,-0.4050135910601027,-0.37753557372085983,-0.42356495468277944,-0.38234407954203076,-0.4213381555153707,-0.40195927090422867,0.01914653142585262,36,0.8336340787600538,-1.1083596445485586,1.3757781424653888,-1.0410562046937786,0.6040935269931674,0.13281797979525456,1.0175162217990867,15,-12.975454469715888,-11.729334041173837,-13.6641374706006,-11.530790904603199,-12.414093889728344,-12.462762155164373,0.7893049940630693,38,9.91133685709826,14.270504446989332,0.40195927090422867,12.462762155164373,0.13281797979525456,n1000__squared_error__boostrap_false
100.48530354499817,0.7697330429481491,6.213786983489991,0.5138473530562451,False,squared_error,24,1.0,3,8,1000,"{'bootstrap': False, 'criterion': 'squared_error', 'max_depth': 24, 'max_features': 1.0, 'min_samples_leaf': 3, 'min_samples_split': 8, 'n_estimators': 1000}",-9.686149551026642,-9.998699407431701,-10.239741168176772,-9.867396959816054,-9.853105794339335,-9.929018576158102,0.1843633829425774,21,-13.953375202724233,-14.72469793461783,-14.83705841719628,-13.795007352316441,-14.147493267570402,-14.291526434885037,0.4163810034952379,65,-0.40561763817577773,-0.37541628822282774,-0.4232628398791541,-0.38053630611630007,-0.4234478601567209,-0.4016561865101561,0.020454824464686067,23,0.8157372175477468,-1.1537244112136087,1.3905887645621955,-1.0508610832454583,0.6150366056096717,0.12335541865210935,1.033125411865843,39,-12.945549922095978,-11.780222746979177,-13.738897957660953,-11.58435573014165,-12.360603730615944,-12.48192601749874,0.7883735892542009,55,9.929018576158102,14.291526434885037,0.4016561865101561,12.48192601749874,0.12335541865210935,n1000__squared_error__boostrap_false
98.84618258476257,0.936911227866407,6.0219114303588865,0.6551050808127029,False,squared_error,24,1.0,4,2,1000,"{'bootstrap': False, 'criterion': 'squared_error', 'max_depth': 24, 'max_features': 1.0, 'min_samples_leaf': 4, 'min_samples_split': 2, 'n_estimators': 1000}",-9.715434053833578,-10.000667325606125,-10.24340148179987,-9.866139966231572,-9.850704973014139,-9.935269560097057,0.1785944393627523,31,-13.999108952794035,-14.701321104194461,-14.854841802352043,-13.792365757516393,-14.142756527918776,-14.298078828955141,0.41032744382041364,76,-0.40622168529145275,-0.3751135331516803,-0.42114803625377645,-0.38053630611630007,-0.4234478601567209,-0.40129348419398614,0.02012737964155542,13,0.8490425694854327,-1.1596727643306357,1.386906485325393,-1.051891295281482,0.6352155796666727,0.13192011497307612,1.0404021674558346,20,-13.003339070561056,-11.784424953951955,-13.807862041314426,-11.581350490452634,-12.381595869677913,-12.511714485191595,0.8164742860915452,84,9.935269560097057,14.298078828955141,0.40129348419398614,12.511714485191595,0.13192011497307612,n1000__squared_error__boostrap_false
100.81532530784607,0.7692552468247256,6.406433486938477,0.267797071070686,False,squared_error,24,1.0,4,4,1000,"{'bootstrap': False, 'criterion': 'squared_error', 'max_depth': 24, 'max_features': 1.0, 'min_samples_leaf': 4, 'min_samples_split': 4, 'n_estimators': 1000}",-9.715434053833578,-10.000667325606123,-10.24340148179987,-9.866139966231572,-9.85070497301414,-9.935269560097057,0.17859443936275202,31,-13.999108952794035,-14.70132110419446,-14.854841802352043,-13.792365757516395,-14.142756527918776,-14.298078828955141,0.4103274438204128,76,-0.40622168529145275,-0.3751135331516803,-0.42114803625377645,-0.38053630611630007,-0.4234478601567209,-0.40129348419398614,0.02012737964155542,13,0.8490425694854318,-1.1596727643306342,1.3869064853253927,-1.0518912952814818,0.6352155796666722,0.13192011497307615,1.040402167455834,19,-13.003339070561056,-11.784424953951955,-13.807862041314422,-11.581350490452634,-12.381595869677913,-12.511714485191595,0.816474286091544,84,9.935269560097057,14.298078828955141,0.40129348419398614,12.511714485191595,0.13192011497307615,n1000__squared_error__boostrap_false
99.99978408813476,1.3230415972759992,7.224165582656861,0.4335367284837404,False,squared_error,24,1.0,4,8,1000,"{'bootstrap': False, 'criterion': 'squared_error', 'max_depth': 24, 'max_features': 1.0, 'min_samples_leaf': 4, 'min_samples_split': 8, 'n_estimators': 1000}",-9.715434053833578,-10.000667325606129,-10.24340148179987,-9.866139966231572,-9.850704973014139,-9.935269560097058,0.17859443936275254,33,-13.999108952794035,-14.701321104194461,-14.854841802352043,-13.792365757516396,-14.142756527918776,-14.298078828955141,0.41032744382041275,76,-0.40622168529145275,-0.3751135331516803,-0.42114803625377645,-0.38053630611630007,-0.4234478601567209,-0.40129348419398614,0.02012737964155542,13,0.8490425694854318,-1.1596727643306346,1.386906485325393,-1.051891295281482,0.6352155796666722,0.13192011497307604,1.0404021674558341,21,-13.003339070561056,-11.784424953951955,-13.807862041314426,-11.581350490452634,-12.381595869677913,-12.511714485191595,0.8164742860915452,84,9.935269560097058,14.298078828955141,0.40129348419398614,12.511714485191595,0.13192011497307604,n1000__squared_error__boostrap_false
141.93675718307495,0.8670448104483712,8.552324151992797,0.8495571816233614,False,squared_error,26,0.875,1,2,1000,"{'bootstrap': False, 'criterion': 'squared_error', 'max_depth': 26, 'max_features': 0.875, 'min_samples_leaf': 1, 'min_samples_split': 2, 'n_estimators': 1000}",-9.801386441952234,-10.067947611564069,-10.303914965467923,-10.013542646897355,-9.93059543156335,-10.023477419488987,0.16653707146973537,90,-14.002799612458869,-14.624480595039389,-14.817967900626929,-13.847531022889413,-14.10100884994505,-14.278757596191928,0.37522684537264905,36,-0.4050135910601027,-0.37693006357856496,-0.4259818731117825,-0.38234407954203076,-0.4255575647980711,-0.40316543441811037,0.020723110589642248,79,0.7392446973213683,-1.2380343523651471,1.3173772428827093,-1.1747314162024123,0.4738869019372746,0.023548614714758564,1.0408155062243176,92,-13.012688181258351,-11.71293313057592,-13.6405947551917,-11.558713346996264,-12.22452988050817,-12.429891858906082,0.7900137234675645,6,10.023477419488987,14.278757596191928,0.40316543441811037,12.429891858906082,0.023548614714758564,n1000__squared_error__boostrap_false
127.84656286239624,0.4098973858462758,6.5567206859588625,0.18238972460328573,False,squared_error,26,0.875,1,4,1000,"{'bootstrap': False, 'criterion': 'squared_error', 'max_depth': 26, 'max_features': 0.875, 'min_samples_leaf': 1, 'min_samples_split': 4, 'n_estimators': 1000}",-9.777446491624564,-10.073366698470458,-10.322207635835355,-9.993416912049204,-9.925451564842632,-10.018377860564444,0.18035663257115248,87,-13.975976148164818,-14.64349464680338,-14.845787797580016,-13.829404580922267,-14.109585510058293,-14.280849736705752,0.3941442407148539,44,-0.4044095439444277,-0.37904934907659704,-0.42507552870090637,-0.38053630611630007,-0.4252561784207354,-0.4028653812517932,0.020311641346626115,65,0.7298928159807899,-1.2427451624094568,1.312296752656768,-1.165871339493698,0.49054334045239345,0.024823281437359325,1.038854138092004,91,-12.990963572621853,-11.648379765818484,-13.685220158460883,-11.598821755863707,-12.246729658316404,-12.434022982216266,0.8031876911698729,11,10.018377860564444,14.280849736705752,0.4028653812517932,12.434022982216266,0.024823281437359325,n1000__squared_error__boostrap_false
110.0153715133667,1.7821634705776093,7.0673774719238285,0.8969105948720514,False,squared_error,26,0.875,1,8,1000,"{'bootstrap': False, 'criterion': 'squared_error', 'max_depth': 26, 'max_features': 0.875, 'min_samples_leaf': 1, 'min_samples_split': 8, 'n_estimators': 1000}",-9.795387187234482,-10.102723968447451,-10.33827419511874,-9.997537615769788,-9.934396820267446,-10.033663957367581,0.18192942495568326,95,-13.98590519087056,-14.679271793931255,-14.87135979122582,-13.837301090676874,-14.107679409586357,-14.296303455258172,0.4049602009566438,75,-0.40652370884929023,-0.3781410838631547,-0.42507552870090637,-0.38234407954203076,-0.4267631103074141,-0.40376950225255925,0.0205236594974806,92,0.7450469402389635,-1.2741819630171876,1.3047815856249307,-1.1706673891544888,0.5210923910111857,0.025214312940680706,1.0507054974956467,90,-12.964107502252816,-11.673608584442018,-13.69527883236018,-11.543097825900782,-12.249757486942974,-12.425170046379753,0.8096042871411261,3,10.033663957367581,14.296303455258172,0.40376950225255925,12.425170046379753,0.025214312940680706,n1000__squared_error__boostrap_false
116.32902932167053,1.8533979487718246,8.882631921768189,0.7945836994253818,False,squared_error,26,0.875,2,2,1000,"{'bootstrap': False, 'criterion': 'squared_error', 'max_depth': 26, 'max_features': 0.875, 'min_samples_leaf': 2, 'min_samples_split': 2, 'n_estimators': 1000}",-9.732708605374544,-10.015180657204148,-10.24625724897452,-9.928990655051972,-9.865893857440025,-9.957806204809042,0.1711391115120393,41,-13.980333634975542,-14.61872649429848,-14.811214681734576,-13.80996767669507,-14.117037007318423,-14.267455899004421,0.3829948187491068,13,-0.40410752038659015,-0.37783832879200724,-0.4253776435045317,-0.3811388972582103,-0.4243520192887282,-0.4025628818460135,0.020336943760517888,54,0.7976136941826439,-1.197054021513579,1.3948355929235488,-1.102001892921727,0.5935783018257453,0.0973943348993264,1.052046325681992,65,-13.029109541791422,-11.669179598431873,-13.683244782202628,-11.579753241703672,-12.32405135811215,-12.457067704448349,0.804845795443662,32,9.957806204809042,14.267455899004421,0.4025628818460135,12.457067704448349,0.0973943348993264,n1000__squared_error__boostrap_false
120.73198642730713,0.7681431827825257,7.106496953964234,0.9886454667712241,False,squared_error,26,0.875,2,4,1000,"{'bootstrap': False, 'criterion': 'squared_error', 'max_depth': 26, 'max_features': 0.875, 'min_samples_leaf': 2, 'min_samples_split': 4, 'n_estimators': 1000}",-9.732708605374544,-10.015180657204148,-10.24625724897452,-9.928990655051974,-9.865893857440023,-9.957806204809042,0.17113911151203945,41,-13.980333634975542,-14.61872649429848,-14.811214681734576,-13.809967676695068,-14.117037007318423,-14.267455899004418,0.3829948187491072,12,-0.40410752038659015,-0.37783832879200724,-0.4253776435045317,-0.3811388972582103,-0.4243520192887282,-0.4025628818460135,0.020336943760517888,54,0.7976136941826439,-1.1970540215135785,1.3948355929235492,-1.1020018929217268,0.5935783018257453,0.09739433489932663,1.0520463256819919,64,-13.029109541791422,-11.669179598431873,-13.683244782202628,-11.57975324170367,-12.324051358112154,-12.457067704448349,0.8048457954436623,32,9.957806204809042,14.267455899004418,0.4025628818460135,12.457067704448349,0.09739433489932663,n1000__squared_error__boostrap_false
109.95123882293701,1.09751313474532,10.463375616073609,2.0525042089221572,False,squared_error,26,0.875,2,8,1000,"{'bootstrap': False, 'criterion': 'squared_error', 'max_depth': 26, 'max_features': 0.875, 'min_samples_leaf': 2, 'min_samples_split': 8, 'n_estimators': 1000}",-9.765726219115484,-10.036349843353506,-10.298337291677086,-9.954325191921638,-9.883063503124378,-9.98756040983842,0.17899568179404018,72,-14.016454800053564,-14.646866960344525,-14.870477353576902,-13.830836321334132,-14.113495937869681,-14.295626274635762,0.39521175456658947,69,-0.40471156750226517,-0.3799576142900394,-0.4205438066465257,-0.38264537511298585,-0.42495479204339964,-0.40256263111904317,0.018638848378813102,53,0.8092864200101944,-1.2290999360126698,1.366769382916003,-1.116209344793691,0.5899556960460512,0.08414044363317759,1.0575691619770178,72,-13.064875689606387,-11.589779459739754,-13.86907438681865,-11.54870334512506,-12.322509823704783,-12.478988540998929,0.8895179969481893,54,9.98756040983842,14.295626274635762,0.40256263111904317,12.478988540998929,0.08414044363317759,n1000__squared_error__boostrap_false
107.09520530700684,2.8874989933339936,10.079699802398682,2.1428565208791315,False,squared_error,26,0.875,3,2,1000,"{'bootstrap': False, 'criterion': 'squared_error', 'max_depth': 26, 'max_features': 0.875, 'min_samples_leaf': 3, 'min_samples_split': 2, 'n_estimators': 1000}",-9.720663363720204,-10.030803613521694,-10.257286536902248,-9.918832253485967,-9.880808050998523,-9.961678763725727,0.1781159841666381,48,-13.981034222997897,-14.636051406609877,-14.838235818042218,-13.819690656556295,-14.131463862894806,-14.28129519342022,0.3903126071677255,46,-0.40410752038659015,-0.3787465940054496,-0.42477341389728096,-0.3811388972582103,-0.42646172393007836,-0.4030456298955219,0.020454269720070598,75,0.8394343606350153,-1.218342306106321,1.413629656105722,-1.0625475649240406,0.6372876244038288,0.12189235402284093,1.0628462672826116,41,-13.06595051021679,-11.633716905832523,-13.737813868725596,-11.618185328591712,-12.331816767132512,-12.477496676099827,0.8253823682948811,50,9.961678763725727,14.28129519342022,0.4030456298955219,12.477496676099827,0.12189235402284093,n1000__squared_error__boostrap_false
107.80110468864441,1.3391322986883352,7.9489234447479244,0.8760686336892143,False,squared_error,26,0.875,3,4,1000,"{'bootstrap': False, 'criterion': 'squared_error', 'max_depth': 26, 'max_features': 0.875, 'min_samples_leaf': 3, 'min_samples_split': 4, 'n_estimators': 1000}",-9.720663363720204,-10.030803613521694,-10.257286536902246,-9.918832253485967,-9.880808050998521,-9.961678763725725,0.17811598416663768,47,-13.981034222997897,-14.636051406609877,-14.838235818042218,-13.819690656556295,-14.131463862894806,-14.28129519342022,0.3903126071677255,46,-0.40410752038659015,-0.3787465940054496,-0.42477341389728096,-0.3811388972582103,-0.42646172393007836,-0.4030456298955219,0.020454269720070598,75,0.8394343606350153,-1.218342306106321,1.413629656105722,-1.06254756492404,0.6372876244038286,0.12189235402284102,1.0628462672826113,40,-13.06595051021679,-11.633716905832523,-13.737813868725596,-11.618185328591712,-12.331816767132509,-12.477496676099827,0.8253823682948812,50,9.961678763725725,14.28129519342022,0.4030456298955219,12.477496676099827,0.12189235402284102,n1000__squared_error__boostrap_false
105.20529346466064,0.7570621059913135,6.289009857177734,0.6508762599052952,False,squared_error,26,0.875,3,8,1000,"{'bootstrap': False, 'criterion': 'squared_error', 'max_depth': 26, 'max_features': 0.875, 'min_samples_leaf': 3, 'min_samples_split': 8, 'n_estimators': 1000}",-9.769103820877273,-10.013547907047656,-10.260771814409587,-9.9315636703495,-9.882777470500912,-9.971552936636986,0.1648496321364498,54,-14.047476125346668,-14.598439712569593,-14.841799785079212,-13.819898139775121,-14.132847608279187,-14.288092274209955,0.37526266134598485,59,-0.4053156146179402,-0.3766273085074175,-0.4217522658610272,-0.38234407954203076,-0.4246534056660639,-0.4021385348388959,0.01971981145107883,45,0.8386018325150153,-1.2477502678548733,1.397340564347267,-1.0716377108275053,0.6178919002420514,0.10688926368439103,1.066373820702401,56,-13.085735252750322,-11.637230547529647,-13.821042970517619,-11.58632555541903,-12.363811558596577,-12.498829176962639,0.8585980284747692,73,9.971552936636986,14.288092274209955,0.4021385348388959,12.498829176962639,0.10688926368439103,n1000__squared_error__boostrap_false
99.02523322105408,1.8727469090776059,7.113463258743286,1.5511989063754776,False,squared_error,26,0.875,4,2,1000,"{'bootstrap': False, 'criterion': 'squared_error', 'max_depth': 26, 'max_features': 0.875, 'min_samples_leaf': 4, 'min_samples_split': 2, 'n_estimators': 1000}",-9.791077927250832,-10.066746503031451,-10.309655639230078,-9.94017310196945,-9.87919897485628,-9.997370429267619,0.18007093893700502,82,-14.072144466986144,-14.670043762350248,-14.896789033998555,-13.83714096678504,-14.107431962979536,-14.316710038619906,0.39873110930487815,89,-0.4059196617336152,-0.37904934907659704,-0.4226586102719033,-0.3817414884001205,-0.4273658830620856,-0.4033469985088643,0.0200680721302655,81,0.8596409902926898,-1.229552390567384,1.4406475103120973,-1.0865471818424055,0.6469944906942596,0.12623668377785144,1.0812728712043098,33,-13.119244916661682,-11.657049582056233,-13.900465841667122,-11.596363231610761,-12.315200958637762,-12.517664906126711,0.8836836648858376,87,9.997370429267619,14.316710038619906,0.4033469985088643,12.517664906126711,0.12623668377785144,n1000__squared_error__boostrap_false
98.60034604072571,1.54148985278352,8.040525245666505,0.44817168681788133,False,squared_error,26,0.875,4,4,1000,"{'bootstrap': False, 'criterion': 'squared_error', 'max_depth': 26, 'max_features': 0.875, 'min_samples_leaf': 4, 'min_samples_split': 4, 'n_estimators': 1000}",-9.791077927250832,-10.066746503031451,-10.309655639230078,-9.94017310196945,-9.87919897485628,-9.997370429267619,0.18007093893700502,82,-14.072144466986144,-14.670043762350248,-14.896789033998555,-13.83714096678504,-14.107431962979536,-14.316710038619906,0.39873110930487815,89,-0.4059196617336152,-0.37904934907659704,-0.4226586102719033,-0.3817414884001205,-0.4273658830620856,-0.4033469985088643,0.0200680721302655,81,0.8596409902926904,-1.229552390567384,1.4406475103120975,-1.086547181842405,0.6469944906942592,0.12623668377785158,1.0812728712043098,32,-13.119244916661682,-11.657049582056233,-13.900465841667122,-11.596363231610761,-12.315200958637762,-12.517664906126711,0.8836836648858376,87,9.997370429267619,14.316710038619906,0.4033469985088643,12.517664906126711,0.12623668377785158,n1000__squared_error__boostrap_false
101.51314353942871,0.6933133673944937,6.048499727249146,0.10039304611359127,False,squared_error,26,0.875,4,8,1000,"{'bootstrap': False, 'criterion': 'squared_error', 'max_depth': 26, 'max_features': 0.875, 'min_samples_leaf': 4, 'min_samples_split': 8, 'n_estimators': 1000}",-9.791077927250832,-10.066746503031451,-10.309655639230078,-9.94017310196945,-9.87919897485628,-9.997370429267619,0.18007093893700502,82,-14.072144466986142,-14.670043762350248,-14.896789033998553,-13.83714096678504,-14.107431962979536,-14.316710038619902,0.39873110930487793,88,-0.4059196617336152,-0.37904934907659704,-0.4226586102719033,-0.3817414884001205,-0.4273658830620856,-0.4033469985088643,0.0200680721302655,81,0.8596409902926905,-1.229552390567384,1.4406475103120973,-1.0865471818424055,0.6469944906942581,0.12623668377785127,1.0812728712043098,34,-13.119244916661685,-11.657049582056235,-13.900465841667122,-11.596363231610761,-12.315200958637762,-12.517664906126713,0.8836836648858378,89,9.997370429267619,14.316710038619902,0.4033469985088643,12.517664906126713,0.12623668377785127,n1000__squared_error__boostrap_false
178.07470846176147,1.4390556573133009,10.10608811378479,0.2640437255542715,False,squared_error,26,1.0,1,2,1000,"{'bootstrap': False, 'criterion': 'squared_error', 'max_depth': 26, 'max_features': 1.0, 'min_samples_leaf': 1, 'min_samples_split': 2, 'n_estimators': 1000}",-9.736113783254073,-10.01654888512912,-10.28015632404269,-9.953965947309891,-9.936743022785992,-9.984705592504353,0.17512758295524009,69,-13.935205718476903,-14.672519970203947,-14.812710838806177,-13.806637371273263,-14.172769640149552,-14.279968707781967,0.39807194948005215,40,-0.4050135910601027,-0.37571904329397515,-0.4199395770392749,-0.3817414884001205,-0.4240506329113924,-0.4012928665409731,0.0195741480335703,12,0.684960568521727,-1.16936521352859,1.2949489825311407,-1.121637042292246,0.5007512650252618,0.03793171205145873,1.001509486781781,86,-12.865092162091601,-11.773669487226655,-13.781869987323518,-11.568468680250025,-12.306896249807297,-12.459199313339818,0.800094387289526,34,9.984705592504353,14.279968707781967,0.4012928665409731,12.459199313339818,0.03793171205145873,n1000__squared_error__boostrap_false
152.77608709335328,3.3434771908449954,7.825819110870361,1.171151667042155,False,squared_error,26,1.0,1,4,1000,"{'bootstrap': False, 'criterion': 'squared_error', 'max_depth': 26, 'max_features': 1.0, 'min_samples_leaf': 1, 'min_samples_split': 4, 'n_estimators': 1000}",-9.71047913389009,-10.036659003601088,-10.28289149919337,-9.955595484091061,-9.925007345078944,-9.982126493170911,0.1850363006911337,67,-13.921396613858295,-14.712594476437154,-14.818541316792286,-13.847453119810263,-14.147437984449107,-14.289484702269423,0.4024874689059757,61,-0.4050135910601027,-0.37723281864971236,-0.42386706948640485,-0.3799337149743899,-0.42616033755274263,-0.4024415063446704,0.020834259944960052,49,0.721905638055845,-1.1692039882603429,1.281025866126362,-1.1269813970634024,0.5061640995830456,0.04258204368830147,1.0046328681578995,82,-12.879055175209912,-11.753292100991366,-13.640971660444873,-11.618624169248532,-12.238552635568766,-12.426099148292689,0.751124921996226,4,9.982126493170911,14.289484702269423,0.4024415063446704,12.426099148292689,0.04258204368830147,n1000__squared_error__boostrap_false
135.11115264892578,0.7516006584103893,6.1293994903564455,0.22844616369172288,False,squared_error,26,1.0,1,8,1000,"{'bootstrap': False, 'criterion': 'squared_error', 'max_depth': 26, 'max_features': 1.0, 'min_samples_leaf': 1, 'min_samples_split': 8, 'n_estimators': 1000}",-9.75606769787087,-10.016732334911989,-10.294005490008937,-9.937375707396908,-9.8938685495959,-9.97960995595692,0.17850999104674278,64,-13.98021281112464,-14.675966417999103,-14.847011648646049,-13.806736507101748,-14.121818652279726,-14.286349207430254,0.40421827835936264,55,-0.40410752038659015,-0.3787465940054496,-0.42386706948640485,-0.380235010545345,-0.4243520192887282,-0.40226164274250353,0.019981574052471147,47,0.7114499324656054,-1.1707220832078389,1.2728556366080315,-1.1488929587406718,0.48150217287551733,0.02923854000012871,1.0044339287560629,89,-12.951401671914825,-11.678006339479943,-13.64444416575273,-11.55664589650953,-12.224957406661991,-12.411091096063803,0.7893327463870803,1,9.97960995595692,14.286349207430254,0.40226164274250353,12.411091096063803,0.02923854000012871,n1000__squared_error__boostrap_false
134.8229565143585,2.9469347769472773,7.209539890289307,0.6010385324922122,False,squared_error,26,1.0,2,2,1000,"{'bootstrap': False, 'criterion': 'squared_error', 'max_depth': 26, 'max_features': 1.0, 'min_samples_leaf': 2, 'min_samples_split': 2, 'n_estimators': 1000}",-9.666150219322374,-9.958230100262252,-10.200724306371006,-9.868883832165787,-9.851504229064442,-9.90909853743717,0.17402167205477106,3,-13.92833452962561,-14.67902824199673,-14.77997302285525,-13.77078826834702,-14.132383339425907,-14.258101480450103,0.40287832031206283,5,-0.40561763817577773,-0.3763245534362701,-0.4226586102719033,-0.3799337149743899,-0.42103676913803495,-0.40111425719927524,0.019720501277022906,9,0.7808541793271232,-1.124117379594263,1.3582442161395532,-1.062885250484527,0.5772634058209457,0.10587183424176641,1.0124341314005598,58,-12.877897082624155,-11.737358936591457,-13.674119302898479,-11.588861733782752,-12.384628136202474,-12.452573038419864,0.7661880653977116,25,9.90909853743717,14.258101480450103,0.40111425719927524,12.452573038419864,0.10587183424176641,n1000__squared_error__boostrap_false
131.02171206474304,0.23218414349959463,6.940383052825927,1.4178956369244045,False,squared_error,26,1.0,2,4,1000,"{'bootstrap': False, 'criterion': 'squared_error', 'max_depth': 26, 'max_features': 1.0, 'min_samples_leaf': 2, 'min_samples_split': 4, 'n_estimators': 1000}",-9.666150219322374,-9.958230100262252,-10.200724306371006,-9.868883832165785,-9.851504229064442,-9.90909853743717,0.17402167205477115,3,-13.92833452962561,-14.679028241996733,-14.77997302285525,-13.77078826834702,-14.132383339425907,-14.258101480450103,0.4028783203120632,5,-0.40561763817577773,-0.3763245534362701,-0.4226586102719033,-0.3799337149743899,-0.42103676913803495,-0.40111425719927524,0.019720501277022906,9,0.7808541793271238,-1.1241173795942634,1.3582442161395532,-1.0628852504845265,0.5772634058209455,0.1058718342417665,1.0124341314005598,57,-12.877897082624155,-11.737358936591457,-13.674119302898479,-11.588861733782752,-12.384628136202474,-12.452573038419864,0.7661880653977116,25,9.90909853743717,14.258101480450103,0.40111425719927524,12.452573038419864,0.1058718342417665,n1000__squared_error__boostrap_false
120.26687588691712,0.6678221398890217,5.341334056854248,0.5941268879156113,False,squared_error,26,1.0,2,8,1000,"{'bootstrap': False, 'criterion': 'squared_error', 'max_depth': 26, 'max_features': 1.0, 'min_samples_leaf': 2, 'min_samples_split': 8, 'n_estimators': 1000}",-9.704245921744821,-9.982942075511492,-10.246551535090376,-9.875932825370507,-9.86442442805072,-9.934819357153582,0.17948811970066747,27,-13.939476422990847,-14.67774303978864,-14.827830841492284,-13.786385664599306,-14.136511742245268,-14.273589542223272,0.40946623437631113,24,-0.4025974025974026,-0.37390251286709053,-0.4214501510574018,-0.3796324194034348,-0.42224231464737794,-0.3999649601145415,0.020285399067079764,2,0.7652481538212975,-1.149916631910012,1.3558369118203009,-1.073469495712638,0.5753447799517054,0.09460874359413074,1.018313412554848,68,-13.002436190622438,-11.811936453528618,-13.764840773933454,-11.593403091720024,-12.36229629984013,-12.506982561928933,0.7957804012816116,80,9.934819357153582,14.273589542223272,0.3999649601145415,12.506982561928933,0.09460874359413074,n1000__squared_error__boostrap_false
115.82681322097778,2.270162413233039,6.7092962741851805,0.9592000927317347,False,squared_error,26,1.0,3,2,1000,"{'bootstrap': False, 'criterion': 'squared_error', 'max_depth': 26, 'max_features': 1.0, 'min_samples_leaf': 3, 'min_samples_split': 2, 'n_estimators': 1000}",-9.669877684152851,-9.964982540332523,-10.209957482335739,-9.85245531443228,-9.867043774255075,-9.912863359101694,0.17650605177104875,11,-13.938498977609745,-14.671716701909993,-14.804862752080691,-13.770855679644058,-14.17603189202641,-14.272393200654182,0.4038053543021522,22,-0.4053156146179402,-0.3751135331516803,-0.42114803625377645,-0.3808376016872552,-0.42224231464737794,-0.40093142007160604,0.019760626415021933,5,0.8416937810974761,-1.1239758670784676,1.3884792411068023,-1.0299946460681486,0.6209070693769292,0.13942191568691825,1.0245844992737034,9,-12.967143487870281,-11.784441098368903,-13.770023513125826,-11.582969524644206,-12.419350784857595,-12.504785681773361,0.7988168724732546,78,9.912863359101694,14.272393200654182,0.40093142007160604,12.504785681773361,0.13942191568691825,n1000__squared_error__boostrap_false
114.96300749778747,1.4178235183751733,6.777577352523804,1.36745448055247,False,squared_error,26,1.0,3,4,1000,"{'bootstrap': False, 'criterion': 'squared_error', 'max_depth': 26, 'max_features': 1.0, 'min_samples_leaf': 3, 'min_samples_split': 4, 'n_estimators': 1000}",-9.669877684152851,-9.964982540332525,-10.209957482335739,-9.852455314432278,-9.867043774255073,-9.912863359101694,0.17650605177104908,11,-13.938498977609745,-14.671716701909993,-14.804862752080691,-13.770855679644058,-14.176031892026408,-14.272393200654182,0.4038053543021523,22,-0.4053156146179402,-0.3751135331516803,-0.42114803625377645,-0.3808376016872552,-0.42224231464737794,-0.40093142007160604,0.019760626415021933,5,0.8416937810974762,-1.123975867078468,1.3884792411068017,-1.0299946460681482,0.6209070693769291,0.13942191568691814,1.0245844992737032,10,-12.967143487870283,-11.784441098368905,-13.770023513125826,-11.582969524644206,-12.419350784857595,-12.504785681773365,0.7988168724732544,79,9.912863359101694,14.272393200654182,0.40093142007160604,12.504785681773365,0.13942191568691814,n1000__squared_error__boostrap_false
113.37991256713867,0.2545596371246237,4.910669755935669,0.6702109181127668,False,squared_error,26,1.0,3,8,1000,"{'bootstrap': False, 'criterion': 'squared_error', 'max_depth': 26, 'max_features': 1.0, 'min_samples_leaf': 3, 'min_samples_split': 8, 'n_estimators': 1000}",-9.69532127316765,-9.992551725517808,-10.231233599857264,-9.856625888433127,-9.847160750860446,-9.924578647567259,0.17990422508162895,18,-13.960671179336124,-14.705730829046601,-14.838418956352784,-13.773077054258557,-14.14363439363388,-14.284306482525588,0.4172584541699511,51,-0.40652370884929023,-0.37481077808053287,-0.4226586102719033,-0.3814401928291654,-0.4219409282700422,-0.4014748436601868,0.020027297640831165,16,0.838369945959713,-1.1435183976764267,1.3829333075239858,-1.047410002525954,0.6199703203260587,0.13006903472147532,1.0314886492523239,25,-12.955814125754344,-11.804667642108274,-13.739418321455304,-11.547309449180847,-12.403550319356011,-12.490151971570956,0.7929499718045621,64,9.924578647567259,14.284306482525588,0.4014748436601868,12.490151971570956,0.13006903472147532,n1000__squared_error__boostrap_false
101.87906427383423,10.232781772854567,4.6754374504089355,0.783505329089851,False,squared_error,26,1.0,4,2,1000,"{'bootstrap': False, 'criterion': 'squared_error', 'max_depth': 26, 'max_features': 1.0, 'min_samples_leaf': 4, 'min_samples_split': 2, 'n_estimators': 1000}",-9.723596597925544,-9.996488208878162,-10.233888455263598,-9.866775266315305,-9.855228730296707,-9.935195451735863,0.17252500437853988,30,-14.007434710387995,-14.689590930247306,-14.84617772871669,-13.784446660742837,-14.150912053489874,-14.295712416716942,0.40586110863806857,71,-0.4050135910601027,-0.37693006357856496,-0.42114803625377645,-0.3820427839710756,-0.4255575647980711,-0.40213840793231814,0.01978577409499106,42,0.8544603544131204,-1.1637048634786156,1.3935587600872132,-1.0622492504116692,0.6358268470423394,0.13157836953047766,1.0461742146642548,24,-13.058891338252543,-11.716740317210727,-13.804465668153222,-11.522958141476405,-12.326247310768748,-12.485860555172328,0.8498572949465649,60,9.935195451735863,14.295712416716942,0.40213840793231814,12.485860555172328,0.13157836953047766,n1000__squared_error__boostrap_false
82.18250589370727,4.768313058332128,3.834850883483887,1.5245174274098734,False,squared_error,26,1.0,4,4,1000,"{'bootstrap': False, 'criterion': 'squared_error', 'max_depth': 26, 'max_features': 1.0, 'min_samples_leaf': 4, 'min_samples_split': 4, 'n_estimators': 1000}",-9.723596597925544,-9.996488208878162,-10.233888455263592,-9.866775266315303,-9.855228730296707,-9.935195451735861,0.17252500437853818,28,-14.007434710387997,-14.689590930247304,-14.84617772871669,-13.784446660742837,-14.150912053489874,-14.295712416716942,0.40586110863806796,71,-0.4050135910601027,-0.37693006357856496,-0.42114803625377645,-0.3820427839710756,-0.4255575647980711,-0.40213840793231814,0.01978577409499106,42,0.8544603544131204,-1.1637048634786145,1.3935587600872135,-1.0622492504116696,0.6358268470423395,0.13157836953047786,1.0461742146642548,22,-13.058891338252543,-11.716740317210727,-13.804465668153222,-11.522958141476405,-12.326247310768748,-12.485860555172328,0.8498572949465649,60,9.935195451735861,14.295712416716942,0.40213840793231814,12.485860555172328,0.13157836953047786,n1000__squared_error__boostrap_false
76.8695942401886,0.4641958628407337,1.0771199703216552,0.2170241500670293,False,squared_error,26,1.0,4,8,1000,"{'bootstrap': False, 'criterion': 'squared_error', 'max_depth': 26, 'max_features': 1.0, 'min_samples_leaf': 4, 'min_samples_split': 8, 'n_estimators': 1000}",-9.723596597925544,-9.996488208878162,-10.233888455263594,-9.866775266315305,-9.855228730296705,-9.935195451735861,0.17252500437853882,28,-14.007434710387995,-14.689590930247306,-14.84617772871669,-13.784446660742837,-14.150912053489874,-14.295712416716942,0.40586110863806857,71,-0.4050135910601027,-0.37693006357856496,-0.42114803625377645,-0.3820427839710756,-0.4255575647980711,-0.40213840793231814,0.01978577409499106,42,0.8544603544131201,-1.163704863478615,1.393558760087213,-1.062249250411669,0.6358268470423394,0.1315783695304777,1.0461742146642543,23,-13.058891338252543,-11.716740317210727,-13.804465668153222,-11.522958141476405,-12.326247310768748,-12.485860555172328,0.8498572949465649,60,9.935195451735861,14.295712416716942,0.40213840793231814,12.485860555172328,0.1315783695304777,n1000__squared_error__boostrap_false
