mean_fit_time,std_fit_time,mean_score_time,std_score_time,param_bootstrap,param_criterion,param_max_depth,param_max_features,param_max_samples,param_min_samples_leaf,param_min_samples_split,param_n_estimators,params,split0_test_MAE,split1_test_MAE,split2_test_MAE,split3_test_MAE,split4_test_MAE,mean_test_MAE,std_test_MAE,rank_test_MAE,split0_test_RMSE,split1_test_RMSE,split2_test_RMSE,split3_test_RMSE,split4_test_RMSE,mean_test_RMSE,std_test_RMSE,rank_test_RMSE,split0_test_overestimation_rate,split1_test_overestimation_rate,split2_test_overestimation_rate,split3_test_overestimation_rate,split4_test_overestimation_rate,mean_test_overestimation_rate,std_test_overestimation_rate,rank_test_overestimation_rate,split0_test_mean_signed_error,split1_test_mean_signed_error,split2_test_mean_signed_error,split3_test_mean_signed_error,split4_test_mean_signed_error,mean_test_mean_signed_error,std_test_mean_signed_error,rank_test_mean_signed_error,split0_test_mean_overestimation,split1_test_mean_overestimation,split2_test_mean_overestimation,split3_test_mean_overestimation,split4_test_mean_overestimation,mean_test_mean_overestimation,std_test_mean_overestimation,rank_test_mean_overestimation,mean_MAE,mean_RMSE,overestimation_rate,mean_overstimation,mean_signed_error,chunk_id
12.786209774017333,0.18358883703642914,0.39280314445495607,0.13474916363051628,True,poisson,20,0.875,0.85,1,2,200,"{'bootstrap': True, 'criterion': 'poisson', 'max_depth': 20, 'max_features': 0.875, 'max_samples': 0.85, 'min_samples_leaf': 1, 'min_samples_split': 2, 'n_estimators': 200}",-9.985618661052909,-10.242516024630621,-10.424488193681876,-10.20090371108542,-9.971321341326506,-10.164969586355467,0.16989468276999678,69,-14.196339583734126,-14.635329467159943,-14.930507913380842,-14.073662346977025,-14.09774532891351,-14.38671692803309,0.33919555403832213,32,-0.4035034732709151,-0.37904934907659704,-0.4178247734138973,-0.38234407954203076,-0.42706449668474983,-0.401957234397638,0.018941970974064793,48,0.7178471520665407,-1.5573930261700861,1.1860594237235786,-1.3599351968241826,0.35487953782694026,-0.13170842187544185,1.1167938227140821,75,-13.263164411391653,-11.45645417887985,-13.894039267394094,-11.561534475505532,-12.089744007421006,-12.452987268118425,0.9646481030868788,20,10.164969586355467,14.38671692803309,0.401957234397638,12.452987268118425,-0.13170842187544185,n200__poisson__boostrap_true__samples_0.85
12.709758043289185,0.1137116944547434,0.3883640766143799,0.07701859996190168,True,poisson,20,0.875,0.85,1,4,200,"{'bootstrap': True, 'criterion': 'poisson', 'max_depth': 20, 'max_features': 0.875, 'max_samples': 0.85, 'min_samples_leaf': 1, 'min_samples_split': 4, 'n_estimators': 200}",-9.991800430816596,-10.188104412077507,-10.477198168299074,-10.21901415028368,-10.032813089609787,-10.18178605021733,0.17145358043035758,74,-14.192825448901125,-14.60407669209277,-15.010480951286157,-14.059814545207974,-14.13726769370551,-14.400893066238705,0.3583311327105541,48,-0.4059196617336152,-0.37723281864971236,-0.41963746223564957,-0.37902982826152454,-0.42766726943942135,-0.4018974080639846,0.020621551730663726,47,0.6897280740850105,-1.5423894511005798,1.2077691448900647,-1.3577839413648272,0.35442628629043654,-0.12964997743997903,1.1134222903271465,74,-13.157195267756409,-11.45938865012311,-13.922693234937382,-11.689357338394942,-12.14406633165502,-12.474540164573373,0.9294539178643024,35,10.18178605021733,14.400893066238705,0.4018974080639846,12.474540164573373,-0.12964997743997903,n200__poisson__boostrap_true__samples_0.85
12.510031461715698,0.06715129226683939,0.47238955497741697,0.08077198553718822,True,poisson,20,0.875,0.85,1,8,200,"{'bootstrap': True, 'criterion': 'poisson', 'max_depth': 20, 'max_features': 0.875, 'max_samples': 0.85, 'min_samples_leaf': 1, 'min_samples_split': 8, 'n_estimators': 200}",-10.050985878233059,-10.234860010435778,-10.560121039885063,-10.25078059070551,-10.008308001407295,-10.221011104133341,0.19505114735053988,95,-14.234848490077539,-14.59056192877503,-15.070802755310265,-14.086294141033173,-14.13784326742681,-14.424070116524565,0.3681863311683383,76,-0.4044095439444277,-0.3796548592188919,-0.42114803625377645,-0.37812594154865925,-0.4252561784207354,-0.4017189118772981,0.01991072052907728,36,0.685525851731735,-1.577462392362663,1.1606587417334282,-1.452409870613063,0.3404252264330654,-0.1686524886154995,1.1303652033691178,81,-13.27430557801099,-11.401668394136964,-13.91527298319842,-11.634180247006704,-12.167645942584807,-12.478614628987577,0.966094762974625,36,10.221011104133341,14.424070116524565,0.4017189118772981,12.478614628987577,-0.1686524886154995,n200__poisson__boostrap_true__samples_0.85
10.640494251251221,1.1433202591737817,1.0188776969909668,0.6027606654343715,True,poisson,20,0.875,0.85,2,2,200,"{'bootstrap': True, 'criterion': 'poisson', 'max_depth': 20, 'max_features': 0.875, 'max_samples': 0.85, 'min_samples_leaf': 2, 'min_samples_split': 2, 'n_estimators': 200}",-9.976523021615453,-10.143042612824013,-10.426873509681647,-10.15112068897527,-9.995275147183998,-10.138566996056076,0.16130038794496812,47,-14.17549739650955,-14.62029951584097,-14.958707763234374,-14.057049606261284,-14.168589584497328,-14.3960287732687,0.34122560282370823,42,-0.40471156750226517,-0.3751135331516803,-0.4205438066465257,-0.37842723711961435,-0.43037974683544306,-0.4018351782511057,0.022068333929243733,45,0.7605601526629141,-1.4669812198749885,1.2443161565050935,-1.2859205211101488,0.4994798006578042,-0.049709126231865096,1.1108127667926608,53,-13.2651053694163,-11.564580621836416,-13.876306679266564,-11.713216304595676,-12.192435895286795,-12.522328974080349,0.9017479760101568,61,10.138566996056076,14.3960287732687,0.4018351782511057,12.522328974080349,-0.049709126231865096,n200__poisson__boostrap_true__samples_0.85
11.072832584381104,0.046414381036009734,0.3032864570617676,0.029555208330838294,True,poisson,20,0.875,0.85,2,4,200,"{'bootstrap': True, 'criterion': 'poisson', 'max_depth': 20, 'max_features': 0.875, 'max_samples': 0.85, 'min_samples_leaf': 2, 'min_samples_split': 4, 'n_estimators': 200}",-9.976523021615456,-10.143042612824013,-10.426873509681647,-10.15112068897527,-9.995275147183998,-10.138566996056076,0.16130038794496745,47,-14.17549739650955,-14.62029951584097,-14.958707763234374,-14.057049606261284,-14.168589584497328,-14.3960287732687,0.34122560282370823,42,-0.40471156750226517,-0.3751135331516803,-0.4205438066465257,-0.37842723711961435,-0.43037974683544306,-0.4018351782511057,0.022068333929243733,45,0.7605601526629135,-1.4669812198749876,1.2443161565050935,-1.285920521110149,0.4994798006578036,-0.049709126231865186,1.1108127667926604,54,-13.2651053694163,-11.564580621836416,-13.876306679266564,-11.713216304595676,-12.192435895286795,-12.522328974080349,0.9017479760101568,61,10.138566996056076,14.3960287732687,0.4018351782511057,12.522328974080349,-0.049709126231865186,n200__poisson__boostrap_true__samples_0.85
11.04942283630371,0.021695479490557872,0.2611560344696045,0.01452837260402736,True,poisson,20,0.875,0.85,2,8,200,"{'bootstrap': True, 'criterion': 'poisson', 'max_depth': 20, 'max_features': 0.875, 'max_samples': 0.85, 'min_samples_leaf': 2, 'min_samples_split': 8, 'n_estimators': 200}",-9.987602528799718,-10.2319398349868,-10.4595323346256,-10.185380391934208,-10.04821013783046,-10.182533045635356,0.16444956325331844,75,-14.211896142374908,-14.643434821029995,-15.025599321795852,-14.057159787034209,-14.211658720086964,-14.429949758464385,0.3562428929705436,81,-0.40622168529145275,-0.38056312443233425,-0.42507552870090637,-0.3811388972582103,-0.4273658830620856,-0.4040730237489979,0.02033208685518222,82,0.7956644839587593,-1.5514437538954167,1.3034322131855414,-1.3564630020484958,0.43619192713034366,-0.07452362633385362,1.1611616292071127,64,-13.272638319421304,-11.404804517042498,-13.836322904497113,-11.582283326889598,-12.266306788272193,-12.47247117122454,0.9460665146654363,34,10.182533045635356,14.429949758464385,0.4040730237489979,12.47247117122454,-0.07452362633385362,n200__poisson__boostrap_true__samples_0.85
9.358280086517334,1.4026922934349078,1.248543930053711,0.9126867265470371,True,poisson,20,0.875,0.85,3,2,200,"{'bootstrap': True, 'criterion': 'poisson', 'max_depth': 20, 'max_features': 0.875, 'max_samples': 0.85, 'min_samples_leaf': 3, 'min_samples_split': 2, 'n_estimators': 200}",-9.977786853497424,-10.191799477956524,-10.431545892238162,-10.171151207880222,-9.935839909095053,-10.141624668133478,0.17699369527402609,50,-14.206035204711576,-14.587506507098118,-14.97019489116893,-14.036583330281333,-14.067389903954012,-14.373541967442794,0.3569605749428644,17,-0.4053156146179402,-0.37904934907659704,-0.4229607250755287,-0.37902982826152454,-0.4294755877034358,-0.40316622094700527,0.021226464739341654,70,0.8427007378075967,-1.4850141846659322,1.3830109800553492,-1.3239166702610645,0.5345871288477032,-0.009726401643269522,1.1718529572258025,30,-13.348224446650864,-11.485028683601767,-13.966494016889829,-11.670894845134331,-12.189781372594407,-12.53208467297424,0.9673427531124537,69,10.141624668133478,14.373541967442794,0.40316622094700527,12.53208467297424,-0.009726401643269522,n200__poisson__boostrap_true__samples_0.85
9.44067587852478,0.09450020227702757,0.7211338996887207,0.08376282970206868,True,poisson,20,0.875,0.85,3,4,200,"{'bootstrap': True, 'criterion': 'poisson', 'max_depth': 20, 'max_features': 0.875, 'max_samples': 0.85, 'min_samples_leaf': 3, 'min_samples_split': 4, 'n_estimators': 200}",-9.977786853497424,-10.191799477956524,-10.431545892238162,-10.171151207880222,-9.935839909095053,-10.141624668133478,0.17699369527402609,50,-14.206035204711576,-14.58750650709812,-14.97019489116893,-14.036583330281333,-14.067389903954012,-14.373541967442794,0.35696057494286454,17,-0.4053156146179402,-0.37904934907659704,-0.4229607250755287,-0.37902982826152454,-0.4294755877034358,-0.40316622094700527,0.021226464739341654,70,0.8427007378075964,-1.4850141846659315,1.383010980055349,-1.3239166702610645,0.5345871288477035,-0.009726401643269433,1.1718529572258023,29,-13.348224446650864,-11.485028683601767,-13.96649401688983,-11.670894845134331,-12.189781372594407,-12.532084672974241,0.9673427531124543,70,10.141624668133478,14.373541967442794,0.40316622094700527,12.532084672974241,-0.009726401643269433,n200__poisson__boostrap_true__samples_0.85
9.87345118522644,0.05781984295255125,0.28502497673034666,0.06236093427346232,True,poisson,20,0.875,0.85,3,8,200,"{'bootstrap': True, 'criterion': 'poisson', 'max_depth': 20, 'max_features': 0.875, 'max_samples': 0.85, 'min_samples_leaf': 3, 'min_samples_split': 8, 'n_estimators': 200}",-10.021134423203582,-10.190084203733191,-10.48728203868771,-10.128201956206437,-9.986556446887294,-10.162651813743642,0.17796677313793602,66,-14.227648518887731,-14.607522885032823,-15.037857086320411,-13.991746639105697,-14.170220816013419,-14.40699918907202,0.37386007549879063,62,-0.4098459679855029,-0.37935210414774445,-0.4190332326283988,-0.37872853269056944,-0.4258589511754069,-0.4025637577255245,0.019868764642001286,60,0.8733134189018471,-1.5350329741977542,1.3314359047826703,-1.249697275892301,0.5283014909083683,-0.010335887099433916,1.160347854904801,31,-13.290905234049772,-11.40767526382903,-14.102363515820823,-11.721462622896823,-12.345470147772826,-12.573575356873855,0.9989200681148058,85,10.162651813743642,14.40699918907202,0.4025637577255245,12.573575356873855,-0.010335887099433916,n200__poisson__boostrap_true__samples_0.85
9.198045539855958,0.8065316074228863,0.9004294872283936,0.7962378752724358,True,poisson,20,0.875,0.85,4,2,200,"{'bootstrap': True, 'criterion': 'poisson', 'max_depth': 20, 'max_features': 0.875, 'max_samples': 0.85, 'min_samples_leaf': 4, 'min_samples_split': 2, 'n_estimators': 200}",-10.00498531893348,-10.256422285324357,-10.538047573645185,-10.18248669841601,-10.001390589974703,-10.196666493258746,0.19757895348801457,81,-14.244879609416191,-14.650103429222355,-15.09241609461285,-14.08091849910899,-14.176030144857892,-14.448869555443656,0.37578942027138,91,-0.4119601328903654,-0.3799576142900394,-0.4232628398791541,-0.3811388972582103,-0.4294755877034358,-0.405159014404241,0.020868042754070865,94,0.9016156529585171,-1.5271144010117526,1.4046608500598894,-1.3251642732085827,0.5920339734360781,0.009206360446829875,1.2020151475298324,12,-13.237447147336658,-11.487212725850412,-14.107910379180517,-11.619546691408479,-12.33297638645508,-12.557018666046229,0.9941610955950412,81,10.196666493258746,14.448869555443656,0.405159014404241,12.557018666046229,0.009206360446829875,n200__poisson__boostrap_true__samples_0.85
8.750154113769531,0.4863776796529517,1.4949019432067872,0.3076366669908975,True,poisson,20,0.875,0.85,4,4,200,"{'bootstrap': True, 'criterion': 'poisson', 'max_depth': 20, 'max_features': 0.875, 'max_samples': 0.85, 'min_samples_leaf': 4, 'min_samples_split': 4, 'n_estimators': 200}",-10.00498531893348,-10.256422285324357,-10.538047573645189,-10.182486698416009,-10.001390589974704,-10.196666493258748,0.1975789534880155,83,-14.244879609416191,-14.650103429222355,-15.09241609461285,-14.08091849910899,-14.176030144857895,-14.448869555443656,0.3757894202713795,91,-0.4119601328903654,-0.3799576142900394,-0.4232628398791541,-0.3811388972582103,-0.4294755877034358,-0.405159014404241,0.020868042754070865,94,0.9016156529585182,-1.5271144010117519,1.4046608500598905,-1.3251642732085818,0.5920339734360773,0.009206360446830476,1.2020151475298324,10,-13.237447147336658,-11.487212725850412,-14.107910379180517,-11.619546691408479,-12.33297638645508,-12.557018666046229,0.9941610955950412,81,10.196666493258748,14.448869555443656,0.405159014404241,12.557018666046229,0.009206360446830476,n200__poisson__boostrap_true__samples_0.85
9.423309421539306,0.07482427207592052,1.165703582763672,0.020196713452219864,True,poisson,20,0.875,0.85,4,8,200,"{'bootstrap': True, 'criterion': 'poisson', 'max_depth': 20, 'max_features': 0.875, 'max_samples': 0.85, 'min_samples_leaf': 4, 'min_samples_split': 8, 'n_estimators': 200}",-10.00498531893348,-10.256422285324357,-10.538047573645185,-10.18248669841601,-10.001390589974703,-10.196666493258746,0.19757895348801457,81,-14.244879609416191,-14.650103429222355,-15.09241609461285,-14.08091849910899,-14.176030144857894,-14.448869555443656,0.3757894202713798,91,-0.4119601328903654,-0.3799576142900394,-0.4232628398791541,-0.3811388972582103,-0.4294755877034358,-0.405159014404241,0.020868042754070865,94,0.9016156529585174,-1.5271144010117519,1.4046608500598905,-1.3251642732085822,0.5920339734360779,0.009206360446830342,1.2020151475298326,11,-13.237447147336658,-11.487212725850412,-14.107910379180517,-11.619546691408479,-12.33297638645508,-12.557018666046229,0.9941610955950412,81,10.196666493258746,14.448869555443656,0.405159014404241,12.557018666046229,0.009206360446830342,n200__poisson__boostrap_true__samples_0.85
13.000742626190185,0.3231465142121984,2.8935864925384522,0.8432382871091813,True,poisson,20,1.0,0.85,1,2,200,"{'bootstrap': True, 'criterion': 'poisson', 'max_depth': 20, 'max_features': 1.0, 'max_samples': 0.85, 'min_samples_leaf': 1, 'min_samples_split': 2, 'n_estimators': 200}",-9.93365518156205,-10.195686946877146,-10.42543954820823,-10.190985887767681,-10.001884579079194,-10.149530428698862,0.17226505201094994,58,-14.129007567282255,-14.73040588261786,-14.970714491967552,-14.072138887190942,-14.170985617231608,-14.414650489258046,0.3652909223701656,71,-0.40682573240712777,-0.3763245534362701,-0.41963746223564957,-0.3838505573968063,-0.42646172393007836,-0.4026200058811864,0.01959312375095192,61,0.7084845781754845,-1.472933057187899,1.2036235634482781,-1.3404106240929896,0.3920283240659923,-0.10184144311822671,1.0971527078147918,70,-13.079482087784326,-11.589403096397263,-13.856083117200516,-11.528673194715974,-12.18622014580768,-12.447972328381152,0.8980363910399037,18,10.149530428698862,14.414650489258046,0.4026200058811864,12.447972328381152,-0.10184144311822671,n200__poisson__boostrap_true__samples_0.85
12.471294116973876,0.11637934173355881,1.3603540897369384,0.05804307739784245,True,poisson,20,1.0,0.85,1,4,200,"{'bootstrap': True, 'criterion': 'poisson', 'max_depth': 20, 'max_features': 1.0, 'max_samples': 0.85, 'min_samples_leaf': 1, 'min_samples_split': 4, 'n_estimators': 200}",-9.995767158681497,-10.165295464989054,-10.370881720928857,-10.135060363600376,-9.929583466322983,-10.119317634904553,0.1529117776010706,34,-14.162186921699035,-14.679114017137495,-14.921846809911573,-13.997149937432573,-14.10115295151303,-14.372290127538742,0.36181275099956156,16,-0.4022953790395651,-0.37481077808053287,-0.4226586102719033,-0.37872853269056944,-0.4231464737793852,-0.40032795477239114,0.020692390309240298,13,0.6472834123271984,-1.5011071539708583,1.144477177481914,-1.3713263440674128,0.2940185659151832,-0.15733086846279506,1.0793835612545923,79,-13.22790557079947,-11.558083195191072,-13.622529647512385,-11.569941611308632,-12.080452828691678,-12.411782570700646,0.8578162341543448,5,10.119317634904553,14.372290127538742,0.40032795477239114,12.411782570700646,-0.15733086846279506,n200__poisson__boostrap_true__samples_0.85
11.832177257537841,0.09872180272760919,1.3618931293487548,0.06339618274974744,True,poisson,20,1.0,0.85,1,8,200,"{'bootstrap': True, 'criterion': 'poisson', 'max_depth': 20, 'max_features': 1.0, 'max_samples': 0.85, 'min_samples_leaf': 1, 'min_samples_split': 8, 'n_estimators': 200}",-9.950109024577044,-10.188643963495755,-10.466136021021892,-10.160315012931546,-9.991910430166826,-10.151422890438614,0.18247209663593558,59,-14.098442849748483,-14.673915819351457,-15.000219306399947,-14.041846991974536,-14.156891127492106,-14.394263218993306,0.3777408515112398,39,-0.4035034732709151,-0.37935210414774445,-0.4214501510574018,-0.3769207592648388,-0.4228450874020494,-0.4008143150285899,0.019748178320851913,18,0.6711338111779179,-1.4638327720434807,1.1776217140677192,-1.432353636230239,0.3465539464784897,-0.14017538730991858,1.1003191136632013,76,-13.161278079784685,-11.499621454655571,-13.813920467077638,-11.577979140396339,-12.224884106097347,-12.455536649602315,0.9033669464369247,23,10.151422890438614,14.394263218993306,0.4008143150285899,12.455536649602315,-0.14017538730991858,n200__poisson__boostrap_true__samples_0.85
9.935958290100098,1.131872868311835,2.754964017868042,0.7657581539354972,True,poisson,20,1.0,0.85,2,2,200,"{'bootstrap': True, 'criterion': 'poisson', 'max_depth': 20, 'max_features': 1.0, 'max_samples': 0.85, 'min_samples_leaf': 2, 'min_samples_split': 2, 'n_estimators': 200}",-9.883011214293937,-10.110743049613319,-10.371741429176748,-10.105493345424868,-9.925592814091841,-10.079316370520143,0.17283051308508413,3,-14.095284880876411,-14.647163482169654,-14.94183477843977,-13.986005827029935,-14.131720270845456,-14.360401847872245,0.36960820822496515,5,-0.40471156750226517,-0.37571904329397515,-0.4205438066465257,-0.3796324194034348,-0.4267631103074141,-0.401473989430723,0.02075596736793092,27,0.7883757954295371,-1.410449959947522,1.2652024818487515,-1.2387954627260604,0.4477440391628172,-0.029584621246495336,1.0901702140873577,46,-13.183941189997919,-11.578190199502874,-13.83559064134138,-11.678004076459262,-12.153506948834378,-12.485846611227164,0.8827280851612094,38,10.079316370520143,14.360401847872245,0.401473989430723,12.485846611227164,-0.029584621246495336,n200__poisson__boostrap_true__samples_0.85
11.23935923576355,0.07510290404637064,1.2810420036315917,0.0320914374165617,True,poisson,20,1.0,0.85,2,4,200,"{'bootstrap': True, 'criterion': 'poisson', 'max_depth': 20, 'max_features': 1.0, 'max_samples': 0.85, 'min_samples_leaf': 2, 'min_samples_split': 4, 'n_estimators': 200}",-9.883011214293937,-10.110743049613319,-10.371741429176748,-10.105493345424868,-9.925592814091841,-10.079316370520143,0.17283051308508413,3,-14.095284880876411,-14.647163482169654,-14.941834778439768,-13.986005827029935,-14.131720270845458,-14.360401847872245,0.3696082082249644,5,-0.40471156750226517,-0.37571904329397515,-0.4205438066465257,-0.3796324194034348,-0.4267631103074141,-0.401473989430723,0.02075596736793092,27,0.7883757954295367,-1.410449959947521,1.265202481848751,-1.2387954627260604,0.4477440391628161,-0.029584621246495534,1.0901702140873573,47,-13.183941189997919,-11.578190199502872,-13.83559064134138,-11.678004076459263,-12.153506948834378,-12.485846611227164,0.8827280851612095,38,10.079316370520143,14.360401847872245,0.401473989430723,12.485846611227164,-0.029584621246495534,n200__poisson__boostrap_true__samples_0.85
10.650008916854858,0.20038345853806735,1.4722369194030762,0.12829809872460826,True,poisson,20,1.0,0.85,2,8,200,"{'bootstrap': True, 'criterion': 'poisson', 'max_depth': 20, 'max_features': 1.0, 'max_samples': 0.85, 'min_samples_leaf': 2, 'min_samples_split': 8, 'n_estimators': 200}",-9.9394483918025,-10.118226848855048,-10.400601980936504,-10.13665534855095,-9.968605884253755,-10.112707690879752,0.16387262678653258,27,-14.183214779914133,-14.594065054971587,-14.951531858913393,-14.025943409388665,-14.172254037583055,-14.385401828154167,0.3404601274381655,28,-0.4059196617336152,-0.3751135331516803,-0.41842900302114805,-0.38053630611630007,-0.42163954189270647,-0.40032760918309007,0.019186324784214306,12,0.7590379265336666,-1.451406183085775,1.2413392733124597,-1.291267121610343,0.39892099827345134,-0.06867502131530806,1.0978678539001046,61,-13.178083407742204,-11.552263381370421,-13.911489368795696,-11.622265845295276,-12.294300999365717,-12.511680600513861,0.9123980696412411,50,10.112707690879752,14.385401828154167,0.40032760918309007,12.511680600513861,-0.06867502131530806,n200__poisson__boostrap_true__samples_0.85
9.32773299217224,1.192693443280975,2.1711099624633787,0.760823223752882,True,poisson,20,1.0,0.85,3,2,200,"{'bootstrap': True, 'criterion': 'poisson', 'max_depth': 20, 'max_features': 1.0, 'max_samples': 0.85, 'min_samples_leaf': 3, 'min_samples_split': 2, 'n_estimators': 200}",-9.876984521576677,-10.110160607169156,-10.395822267142202,-10.11390536881673,-9.949861662432877,-10.089346885427528,0.17861544766926504,5,-14.085974278763048,-14.646029930001808,-14.969318294701026,-14.030592193794256,-14.155599384878325,-14.377502816427693,0.3679481953619365,25,-0.4059196617336152,-0.37753557372085983,-0.42205438066465256,-0.3793311238324797,-0.4255575647980711,-0.40207966094993564,0.020419868568113793,53,0.7910482559726068,-1.3719021857528029,1.3016284975593397,-1.252774127191742,0.5383830358319173,0.0012766952838637602,1.1010359534082061,27,-13.140571624429196,-11.572761654345717,-13.85775305338658,-11.679942252165741,-12.32294472692726,-12.514794662250898,0.873652697472674,53,10.089346885427528,14.377502816427693,0.40207966094993564,12.514794662250898,0.0012766952838637602,n200__poisson__boostrap_true__samples_0.85
9.663825368881225,0.8934906163106019,1.8415714263916017,0.7032415111124097,True,poisson,20,1.0,0.85,3,4,200,"{'bootstrap': True, 'criterion': 'poisson', 'max_depth': 20, 'max_features': 1.0, 'max_samples': 0.85, 'min_samples_leaf': 3, 'min_samples_split': 4, 'n_estimators': 200}",-9.876984521576679,-10.110160607169156,-10.395822267142202,-10.113905368816733,-9.949861662432875,-10.089346885427528,0.17861544766926496,5,-14.085974278763048,-14.646029930001808,-14.969318294701026,-14.030592193794256,-14.155599384878327,-14.377502816427693,0.36794819536193635,25,-0.4059196617336152,-0.37753557372085983,-0.42205438066465256,-0.3793311238324797,-0.4255575647980711,-0.40207966094993564,0.020419868568113793,53,0.7910482559726062,-1.3719021857528033,1.3016284975593402,-1.2527741271917425,0.5383830358319175,0.0012766952838636047,1.1010359534082066,28,-13.140571624429196,-11.572761654345715,-13.85775305338658,-11.679942252165741,-12.32294472692726,-12.514794662250898,0.8736526974726744,53,10.089346885427528,14.377502816427693,0.40207966094993564,12.514794662250898,0.0012766952838636047,n200__poisson__boostrap_true__samples_0.85
10.041576766967774,0.09639854151895982,1.205425500869751,0.04040898952702348,True,poisson,20,1.0,0.85,3,8,200,"{'bootstrap': True, 'criterion': 'poisson', 'max_depth': 20, 'max_features': 1.0, 'max_samples': 0.85, 'min_samples_leaf': 3, 'min_samples_split': 8, 'n_estimators': 200}",-9.978374161094122,-10.170267479493281,-10.441257696367389,-10.109284283753118,-9.957773838059385,-10.131391491753458,0.1741117623749202,44,-14.219597388608538,-14.722248597635403,-15.022531353973049,-14.007466591772104,-14.190290402180322,-14.432426866833884,0.37861263346162854,82,-0.40682573240712777,-0.38086587950348166,-0.4202416918429003,-0.380235010545345,-0.42224231464737794,-0.40208212578924646,0.018363716447039217,55,0.80182559343144,-1.3934481883120846,1.252775359299335,-1.2399797054563388,0.44137634331424297,-0.027490119544681113,1.0846799020612143,43,-13.249161613672657,-11.522191621133347,-13.91346132791404,-11.662924681207214,-12.314197109849285,-12.532387270755308,0.9214334920629367,71,10.131391491753458,14.432426866833884,0.40208212578924646,12.532387270755308,-0.027490119544681113,n200__poisson__boostrap_true__samples_0.85
9.193436622619629,0.7813440351606236,1.5228004455566406,0.3643960868696704,True,poisson,20,1.0,0.85,4,2,200,"{'bootstrap': True, 'criterion': 'poisson', 'max_depth': 20, 'max_features': 1.0, 'max_samples': 0.85, 'min_samples_leaf': 4, 'min_samples_split': 2, 'n_estimators': 200}",-9.999887644720175,-10.131601666664817,-10.431873505158132,-10.103643065535005,-9.9540771375575,-10.124216603927126,0.1670543065130028,38,-14.247178336311748,-14.696833861941583,-15.022744501163288,-14.00328175218348,-14.158945770984369,-14.425796844516896,0.37721098599020125,77,-0.41014799154334036,-0.3802603693611868,-0.4226586102719033,-0.37601687255197347,-0.4258589511754069,-0.40298855898076213,0.021001265217826158,64,0.8474596887419135,-1.4000142659531618,1.3301910463985234,-1.2741691292913448,0.5287363223795283,0.006440732455091691,1.12698693358028,14,-13.223699197751461,-11.481064165824284,-13.914379437331137,-11.740794869548361,-12.307846801157488,-12.533556894322546,0.9132496823854077,74,10.124216603927126,14.425796844516896,0.40298855898076213,12.533556894322546,0.006440732455091691,n200__poisson__boostrap_true__samples_0.85
8.331656312942505,0.7048150530918269,2.471648645401001,0.14720362630864117,True,poisson,20,1.0,0.85,4,4,200,"{'bootstrap': True, 'criterion': 'poisson', 'max_depth': 20, 'max_features': 1.0, 'max_samples': 0.85, 'min_samples_leaf': 4, 'min_samples_split': 4, 'n_estimators': 200}",-9.999887644720172,-10.13160166666482,-10.431873505158132,-10.103643065535005,-9.9540771375575,-10.124216603927124,0.16705430651300332,36,-14.247178336311748,-14.696833861941583,-15.022744501163288,-14.00328175218348,-14.158945770984369,-14.425796844516896,0.37721098599020125,77,-0.41014799154334036,-0.3802603693611868,-0.4226586102719033,-0.37601687255197347,-0.4258589511754069,-0.40298855898076213,0.021001265217826158,64,0.8474596887419128,-1.400014265953161,1.3301910463985225,-1.2741691292913453,0.5287363223795283,0.006440732455091469,1.1269869335802793,16,-13.223699197751461,-11.481064165824284,-13.914379437331139,-11.740794869548361,-12.307846801157488,-12.533556894322547,0.9132496823854083,75,10.124216603927124,14.425796844516896,0.40298855898076213,12.533556894322547,0.006440732455091469,n200__poisson__boostrap_true__samples_0.85
9.382986354827882,0.22924290850334997,2.1864750385284424,0.022102762660861138,True,poisson,20,1.0,0.85,4,8,200,"{'bootstrap': True, 'criterion': 'poisson', 'max_depth': 20, 'max_features': 1.0, 'max_samples': 0.85, 'min_samples_leaf': 4, 'min_samples_split': 8, 'n_estimators': 200}",-9.999887644720173,-10.131601666664817,-10.431873505158132,-10.103643065535005,-9.9540771375575,-10.124216603927124,0.16705430651300304,36,-14.247178336311748,-14.696833861941583,-15.022744501163288,-14.00328175218348,-14.158945770984369,-14.425796844516896,0.37721098599020125,77,-0.41014799154334036,-0.3802603693611868,-0.4226586102719033,-0.37601687255197347,-0.4258589511754069,-0.40298855898076213,0.021001265217826158,64,0.8474596887419134,-1.4000142659531611,1.3301910463985225,-1.2741691292913453,0.5287363223795285,0.00644073245509158,1.1269869335802798,15,-13.223699197751461,-11.481064165824284,-13.914379437331139,-11.740794869548361,-12.307846801157488,-12.533556894322547,0.9132496823854083,75,10.124216603927124,14.425796844516896,0.40298855898076213,12.533556894322547,0.00644073245509158,n200__poisson__boostrap_true__samples_0.85
12.09050693511963,0.1398695463282602,2.266814851760864,0.2218949229469041,True,poisson,22,0.875,0.85,1,2,200,"{'bootstrap': True, 'criterion': 'poisson', 'max_depth': 22, 'max_features': 0.875, 'max_samples': 0.85, 'min_samples_leaf': 1, 'min_samples_split': 2, 'n_estimators': 200}",-9.98258155276411,-10.210432998993413,-10.477536961573652,-10.229565145382326,-9.991328215076456,-10.178288974757992,0.182465099274002,73,-14.138374963990024,-14.577112165406254,-14.995657466952995,-14.068688926673705,-14.104620953226146,-14.376890895249824,0.3602693024693753,22,-0.40108728480821504,-0.37904934907659704,-0.42386706948640485,-0.37812594154865925,-0.42616033755274263,-0.4016579964945238,0.020779037034300604,33,0.6277134414109182,-1.5687276972229518,1.164405872188535,-1.4426438622833937,0.3310496423065238,-0.1776405207200737,1.1174798605609175,86,-13.226915182874068,-11.399182352934439,-13.733011682021681,-11.619040533308906,-12.110908674256267,-12.417811685079071,0.9115075457021404,7,10.178288974757992,14.376890895249824,0.4016579964945238,12.417811685079071,-0.1776405207200737,n200__poisson__boostrap_true__samples_0.85
10.531700277328492,0.170300881953658,2.5314775943756103,0.3106607891080487,True,poisson,22,0.875,0.85,1,4,200,"{'bootstrap': True, 'criterion': 'poisson', 'max_depth': 22, 'max_features': 0.875, 'max_samples': 0.85, 'min_samples_leaf': 1, 'min_samples_split': 4, 'n_estimators': 200}",-9.988253825164081,-10.220434012773827,-10.442890189020433,-10.221178231389487,-10.00910548839944,-10.176372349349453,0.16634153902483165,72,-14.140309712178643,-14.603787183178019,-14.938229076108064,-14.043248264338024,-14.12063846875597,-14.369242540911745,0.3461916693317513,13,-0.4022953790395651,-0.3766273085074175,-0.4202416918429003,-0.3811388972582103,-0.4267631103074141,-0.40141327739110144,0.02011614310074283,26,0.6421745377608518,-1.5830902782020784,1.1755106397343278,-1.4310124869115095,0.342105406403383,-0.17086243624300507,1.1242109425021194,83,-13.212217833950621,-11.466698695856303,-13.82347474593036,-11.531446682182771,-12.127583950902459,-12.432284381764504,0.9359928898846311,13,10.176372349349453,14.369242540911745,0.40141327739110144,12.432284381764504,-0.17086243624300507,n200__poisson__boostrap_true__samples_0.85
9.147509050369262,0.14383352981500847,2.6874679565429687,0.30924431495651733,True,poisson,22,0.875,0.85,1,8,200,"{'bootstrap': True, 'criterion': 'poisson', 'max_depth': 22, 'max_features': 0.875, 'max_samples': 0.85, 'min_samples_leaf': 1, 'min_samples_split': 8, 'n_estimators': 200}",-10.042629350811149,-10.267206770800465,-10.531212448575255,-10.254169599764385,-9.98667248648043,-10.216378131286337,0.19291745125813603,93,-14.23541259258794,-14.67417784283221,-15.017904450159179,-14.112564369226147,-14.108958076173314,-14.429803466195759,0.35970872215779176,80,-0.40169133192389006,-0.37783832879200724,-0.4229607250755287,-0.3793311238324797,-0.4255575647980711,-0.4014758148843954,0.02044845511510752,29,0.6531415166453608,-1.6210347104911438,1.1860600531198149,-1.481430562708475,0.2816686480869798,-0.19631901106949262,1.1438840668437396,91,-13.313420053439286,-11.441629132692984,-13.851489993075242,-11.563431637803241,-12.064573613489614,-12.446908886100072,0.9655039493182439,17,10.216378131286337,14.429803466195759,0.4014758148843954,12.446908886100072,-0.19631901106949262,n200__poisson__boostrap_true__samples_0.85
9.702250957489014,0.13904119191567943,2.0379015445709228,0.12522641716621294,True,poisson,22,0.875,0.85,2,2,200,"{'bootstrap': True, 'criterion': 'poisson', 'max_depth': 22, 'max_features': 0.875, 'max_samples': 0.85, 'min_samples_leaf': 2, 'min_samples_split': 2, 'n_estimators': 200}",-9.994176445702879,-10.185493952523066,-10.436442032786541,-10.143980687447833,-9.949340546674291,-10.141886733026922,0.1717912464091662,52,-14.206258295979097,-14.657407514668826,-14.965450167406772,-14.028034459793393,-14.11621351947922,-14.394672791465462,0.3584074782085225,40,-0.40561763817577773,-0.3799576142900394,-0.4199395770392749,-0.377523350406749,-0.4267631103074141,-0.40196025804385105,0.020164784196207805,49,0.7473848137284838,-1.5058598728885522,1.2383917850248891,-1.311070643320416,0.4665102721468261,-0.07292872906175384,1.1197997408436313,62,-13.240993793736875,-11.421845165351716,-13.90061148811361,-11.69849498661568,-12.203316743237457,-12.493052435411068,0.9384446801514404,41,10.141886733026922,14.394672791465462,0.40196025804385105,12.493052435411068,-0.07292872906175384,n200__poisson__boostrap_true__samples_0.85
9.088917112350464,0.21545617157631075,2.5278380870819093,0.2588843350708992,True,poisson,22,0.875,0.85,2,4,200,"{'bootstrap': True, 'criterion': 'poisson', 'max_depth': 22, 'max_features': 0.875, 'max_samples': 0.85, 'min_samples_leaf': 2, 'min_samples_split': 4, 'n_estimators': 200}",-9.994176445702879,-10.185493952523068,-10.436442032786541,-10.143980687447833,-9.949340546674291,-10.141886733026922,0.1717912464091663,52,-14.206258295979097,-14.657407514668826,-14.965450167406773,-14.02803445979339,-14.11621351947922,-14.394672791465462,0.3584074782085234,40,-0.40561763817577773,-0.3799576142900394,-0.4199395770392749,-0.377523350406749,-0.4267631103074141,-0.40196025804385105,0.020164784196207805,49,0.7473848137284846,-1.5058598728885522,1.2383917850248884,-1.3110706433204171,0.4665102721468261,-0.07292872906175402,1.1197997408436315,63,-13.240993793736875,-11.421845165351716,-13.90061148811361,-11.698494986615682,-12.203316743237457,-12.49305243541107,0.9384446801514401,42,10.141886733026922,14.394672791465462,0.40196025804385105,12.49305243541107,-0.07292872906175402,n200__poisson__boostrap_true__samples_0.85
8.123688507080079,0.27318356562117435,2.3951796531677245,0.15123563884468363,True,poisson,22,0.875,0.85,2,8,200,"{'bootstrap': True, 'criterion': 'poisson', 'max_depth': 22, 'max_features': 0.875, 'max_samples': 0.85, 'min_samples_leaf': 2, 'min_samples_split': 8, 'n_estimators': 200}",-9.977380356234205,-10.186672647854031,-10.474563650641596,-10.234989714502992,-9.984833511129096,-10.171687976072384,0.183649321762383,71,-14.181651818040898,-14.59957079702757,-15.028034912904698,-14.088550423212059,-14.136943617830413,-14.406950313803126,0.3599695120951232,61,-0.40320144971307764,-0.37208598244020585,-0.4226586102719033,-0.3757155769810184,-0.4252561784207354,-0.39978355956538814,0.02249545640134493,7,0.7043922957255143,-1.579084142830018,1.2724705691096705,-1.379995020367514,0.39718625388430306,-0.11700600889560882,1.149134259483229,73,-13.246198221212971,-11.566665920298743,-13.896598737446995,-11.784172971064816,-12.206782983810939,-12.540083766766893,0.8909279808444239,80,10.171687976072384,14.406950313803126,0.39978355956538814,12.540083766766893,-0.11700600889560882,n200__poisson__boostrap_true__samples_0.85
8.298427104949951,0.07539210524374322,1.889323616027832,0.20416092699584884,True,poisson,22,0.875,0.85,3,2,200,"{'bootstrap': True, 'criterion': 'poisson', 'max_depth': 22, 'max_features': 0.875, 'max_samples': 0.85, 'min_samples_leaf': 3, 'min_samples_split': 2, 'n_estimators': 200}",-9.992249029910173,-10.166792908703687,-10.452216914947606,-10.15520168302017,-9.976808711824813,-10.14865384968129,0.17118157215663166,56,-14.270905945884664,-14.602021846642367,-14.999819557948303,-14.035998859505805,-14.099904824944911,-14.40173020698521,0.35771513239374836,52,-0.4080338266384778,-0.37844383893430217,-0.4217522658610272,-0.3817414884001205,-0.42495479204339964,-0.40298524237546546,0.01956490762568081,62,0.8419809960352568,-1.4962350446690527,1.3378352521681207,-1.2786488303245016,0.5062764585042159,-0.01775823365719218,1.151272025017262,33,-13.276141974798417,-11.45554104996256,-13.977461559152239,-11.626392627504707,-12.33435340253607,-12.5339781227908,0.9655091500879146,77,10.14865384968129,14.40173020698521,0.40298524237546546,12.5339781227908,-0.01775823365719218,n200__poisson__boostrap_true__samples_0.85
7.7391510009765625,0.22732361920698446,2.6142414093017576,0.4797699219619591,True,poisson,22,0.875,0.85,3,4,200,"{'bootstrap': True, 'criterion': 'poisson', 'max_depth': 22, 'max_features': 0.875, 'max_samples': 0.85, 'min_samples_leaf': 3, 'min_samples_split': 4, 'n_estimators': 200}",-9.992249029910173,-10.16679290870369,-10.452216914947606,-10.15520168302017,-9.976808711824813,-10.14865384968129,0.17118157215663168,56,-14.270905945884664,-14.602021846642367,-14.999819557948305,-14.035998859505805,-14.099904824944911,-14.40173020698521,0.35771513239374897,52,-0.4080338266384778,-0.37844383893430217,-0.4217522658610272,-0.3817414884001205,-0.42495479204339964,-0.40298524237546546,0.01956490762568081,62,0.8419809960352562,-1.4962350446690524,1.3378352521681196,-1.2786488303245016,0.5062764585042153,-0.01775823365719258,1.1512720250172614,34,-13.276141974798417,-11.455541049962559,-13.977461559152237,-11.626392627504707,-12.33435340253607,-12.5339781227908,0.9655091500879145,77,10.14865384968129,14.40173020698521,0.40298524237546546,12.5339781227908,-0.01775823365719258,n200__poisson__boostrap_true__samples_0.85
7.435953283309937,0.10647616409131473,2.2810437202453615,0.05867205364608164,True,poisson,22,0.875,0.85,3,8,200,"{'bootstrap': True, 'criterion': 'poisson', 'max_depth': 22, 'max_features': 0.875, 'max_samples': 0.85, 'min_samples_leaf': 3, 'min_samples_split': 8, 'n_estimators': 200}",-10.033953686463613,-10.186335087013262,-10.493309621166018,-10.154773991329122,-9.95455417391673,-10.16458531197775,0.18428602047792048,68,-14.241104439188318,-14.623052017543294,-15.054257177076467,-14.033609734991467,-14.144389237232593,-14.419282521206426,0.3743720250625139,73,-0.40924192086982786,-0.37904934907659704,-0.42205438066465256,-0.3811388972582103,-0.42977697408077153,-0.4042523043900118,0.02079777632775466,86,0.8592815853488518,-1.4854132766797483,1.329409367468805,-1.2958537427617085,0.5404716897442976,-0.010420875375900484,1.1561098830644512,32,-13.309041322867552,-11.477294225052555,-14.00615599584154,-11.621642808298516,-12.209851267751505,-12.524797123962333,0.9819983711068634,64,10.16458531197775,14.419282521206426,0.4042523043900118,12.524797123962333,-0.010420875375900484,n200__poisson__boostrap_true__samples_0.85
7.615488147735595,0.13094433155132412,1.8475979328155518,0.28840114019538543,True,poisson,22,0.875,0.85,4,2,200,"{'bootstrap': True, 'criterion': 'poisson', 'max_depth': 22, 'max_features': 0.875, 'max_samples': 0.85, 'min_samples_leaf': 4, 'min_samples_split': 2, 'n_estimators': 200}",-10.028957161210966,-10.216894275766085,-10.543646706159004,-10.19373863429832,-9.98293806381407,-10.193234968249689,0.197261445030156,80,-14.266140146082828,-14.593258408329744,-15.112334576012248,-14.078646779971251,-14.151386402255532,-14.440353262530323,0.379373827533084,85,-0.40924192086982786,-0.3799576142900394,-0.4229607250755287,-0.3793311238324797,-0.42977697408077153,-0.40425367162972947,0.02115517543331848,87,0.8619665877211647,-1.5044441370583628,1.366623571715361,-1.2663880666387157,0.5668365228578217,0.004918895719453786,1.1660977615911967,18,-13.30621717074328,-11.465029007231713,-14.079640935630053,-11.767226582232814,-12.273545609599346,-12.578331861087442,0.9771361868441967,86,10.193234968249689,14.440353262530323,0.40425367162972947,12.578331861087442,0.004918895719453786,n200__poisson__boostrap_true__samples_0.85
7.081935453414917,0.3663584762648802,2.1702011585235597,0.3447336792838697,True,poisson,22,0.875,0.85,4,4,200,"{'bootstrap': True, 'criterion': 'poisson', 'max_depth': 22, 'max_features': 0.875, 'max_samples': 0.85, 'min_samples_leaf': 4, 'min_samples_split': 4, 'n_estimators': 200}",-10.028957161210966,-10.216894275766084,-10.543646706159004,-10.19373863429832,-9.98293806381407,-10.193234968249687,0.19726144503015597,78,-14.266140146082828,-14.593258408329742,-15.112334576012248,-14.078646779971251,-14.15138640225553,-14.44035326253032,0.37937382753308413,84,-0.40924192086982786,-0.3799576142900394,-0.4229607250755287,-0.3793311238324797,-0.42977697408077153,-0.40425367162972947,0.02115517543331848,87,0.8619665877211653,-1.5044441370583643,1.3666235717153614,-1.2663880666387148,0.5668365228578215,0.0049188957194538085,1.1660977615911972,17,-13.30621717074328,-11.465029007231713,-14.079640935630053,-11.767226582232814,-12.273545609599347,-12.578331861087442,0.9771361868441966,86,10.193234968249687,14.44035326253032,0.40425367162972947,12.578331861087442,0.0049188957194538085,n200__poisson__boostrap_true__samples_0.85
7.030566215515137,0.4251591379106908,3.094578266143799,0.10759222264653069,True,poisson,22,0.875,0.85,4,8,200,"{'bootstrap': True, 'criterion': 'poisson', 'max_depth': 22, 'max_features': 0.875, 'max_samples': 0.85, 'min_samples_leaf': 4, 'min_samples_split': 8, 'n_estimators': 200}",-10.028957161210966,-10.216894275766084,-10.543646706159004,-10.19373863429832,-9.98293806381407,-10.193234968249687,0.19726144503015597,78,-14.266140146082828,-14.593258408329742,-15.112334576012248,-14.078646779971251,-14.151386402255532,-14.440353262530323,0.37937382753308385,85,-0.40924192086982786,-0.3799576142900394,-0.4229607250755287,-0.3793311238324797,-0.42977697408077153,-0.40425367162972947,0.02115517543331848,87,0.8619665877211653,-1.5044441370583639,1.366623571715361,-1.2663880666387148,0.5668365228578213,0.004918895719453764,1.1660977615911967,19,-13.30621717074328,-11.465029007231713,-14.079640935630055,-11.767226582232814,-12.273545609599347,-12.578331861087442,0.9771361868441971,86,10.193234968249687,14.440353262530323,0.40425367162972947,12.578331861087442,0.004918895719453764,n200__poisson__boostrap_true__samples_0.85
13.898797369003296,0.3644231455435203,2.319505214691162,0.47319575305294403,True,poisson,22,1.0,0.85,1,2,200,"{'bootstrap': True, 'criterion': 'poisson', 'max_depth': 22, 'max_features': 1.0, 'max_samples': 0.85, 'min_samples_leaf': 1, 'min_samples_split': 2, 'n_estimators': 200}",-9.95970610478819,-10.136861228931501,-10.447678325957463,-10.14035306806627,-9.945390998462404,-10.125997945241163,0.1811486644983216,39,-14.153071104823104,-14.673001347471837,-14.98074177439002,-14.027048883902967,-14.095696371537713,-14.385911896425128,0.3750907846103515,31,-0.40078526125037756,-0.37571904329397515,-0.42084592145015104,-0.377523350406749,-0.42163954189270647,-0.3993026236587919,0.019978847896486268,3,0.634542814348669,-1.4335331706199517,1.1225900977976018,-1.3798912836097308,0.2969847343751564,-0.15186136154165109,1.0578148215609406,78,-13.216864420219343,-11.582229080017346,-13.746442384289038,-11.602542961935855,-12.145890879755195,-12.458793945243354,0.8754598089418777,27,10.125997945241163,14.385911896425128,0.3993026236587919,12.458793945243354,-0.15186136154165109,n200__poisson__boostrap_true__samples_0.85
13.021804237365723,0.17840643412490056,1.8330976009368896,0.17865156549883668,True,poisson,22,1.0,0.85,1,4,200,"{'bootstrap': True, 'criterion': 'poisson', 'max_depth': 22, 'max_features': 1.0, 'max_samples': 0.85, 'min_samples_leaf': 1, 'min_samples_split': 4, 'n_estimators': 200}",-9.906750138461321,-10.149490561279354,-10.40005697237774,-10.180819771152976,-9.92043515069299,-10.111510518792876,0.18327134070248016,26,-14.08764181539014,-14.66295205493955,-14.945128094347233,-14.053327731628087,-14.060947182758879,-14.361999375812777,0.37196620687382903,7,-0.40380549682875266,-0.3763245534362701,-0.41933534743202416,-0.3796324194034348,-0.41952983725135623,-0.3997255308703676,0.018680152313775154,6,0.6589027863226257,-1.474271774467967,1.1482254842054884,-1.3796581101391407,0.3168497790203902,-0.14599036701172072,1.0791975033729895,77,-13.082601658174887,-11.52624603895334,-13.76974601271271,-11.591688711470209,-12.200902082179953,-12.434236900698219,0.8709467768730846,14,10.111510518792876,14.361999375812777,0.3997255308703676,12.434236900698219,-0.14599036701172072,n200__poisson__boostrap_true__samples_0.85
10.182319402694702,0.9730137125049854,2.337546968460083,0.7023345135821755,True,poisson,22,1.0,0.85,1,8,200,"{'bootstrap': True, 'criterion': 'poisson', 'max_depth': 22, 'max_features': 1.0, 'max_samples': 0.85, 'min_samples_leaf': 1, 'min_samples_split': 8, 'n_estimators': 200}",-9.94716459457808,-10.141151710999269,-10.440481385973905,-10.17237537744666,-9.99485267495775,-10.139205148791133,0.1729674162544924,49,-14.140270777395237,-14.630722379946329,-14.978011928491398,-14.05049551785429,-14.156964664874554,-14.39129305371236,0.35654743800860966,36,-0.4035034732709151,-0.37783832879200724,-0.42114803625377645,-0.3793311238324797,-0.41952983725135623,-0.40027015988010695,0.018755828354785554,11,0.6337481379385571,-1.4777692943950131,1.1299840037632651,-1.4329159186233822,0.2795252690678462,-0.17348556044974534,1.0810364328760724,85,-13.11130316518061,-11.464403895049621,-13.736815078920388,-11.519565505891364,-12.245109920358091,-12.415439513080013,0.8906549008443467,6,10.139205148791133,14.39129305371236,0.40027015988010695,12.415439513080013,-0.17348556044974534,n200__poisson__boostrap_true__samples_0.85
10.374186134338379,0.3470159241889064,2.6531939029693605,0.38828065554473123,True,poisson,22,1.0,0.85,2,2,200,"{'bootstrap': True, 'criterion': 'poisson', 'max_depth': 22, 'max_features': 1.0, 'max_samples': 0.85, 'min_samples_leaf': 2, 'min_samples_split': 2, 'n_estimators': 200}",-9.870973432552825,-10.082752362698136,-10.403081544977345,-10.069364593216253,-9.931250799924266,-10.071484546673766,0.18436823900986257,1,-14.091029921955437,-14.615116948766122,-14.969768929672407,-13.953665394882835,-14.154315666876018,-14.356779372430562,0.37857884304951367,3,-0.40622168529145275,-0.37693006357856496,-0.4175226586102719,-0.38053630611630007,-0.42646172393007836,-0.4015344875053336,0.01972440038407761,30,0.78690589805406,-1.4377114384203422,1.2436373705484463,-1.2610299218905674,0.49268413874546574,-0.03510279059258753,1.1008762034778812,49,-13.118304261575982,-11.467698864614277,-13.947409410416197,-11.573579878911305,-12.221419125973911,-12.465682308298334,0.9458237488745476,32,10.071484546673766,14.356779372430562,0.4015344875053336,12.465682308298334,-0.03510279059258753,n200__poisson__boostrap_true__samples_0.85
11.39660062789917,0.203450283617465,1.548516321182251,0.2527837410371519,True,poisson,22,1.0,0.85,2,4,200,"{'bootstrap': True, 'criterion': 'poisson', 'max_depth': 22, 'max_features': 1.0, 'max_samples': 0.85, 'min_samples_leaf': 2, 'min_samples_split': 4, 'n_estimators': 200}",-9.870973432552825,-10.082752362698137,-10.403081544977345,-10.069364593216253,-9.931250799924266,-10.071484546673766,0.1843682390098626,1,-14.091029921955437,-14.61511694876612,-14.969768929672407,-13.953665394882833,-14.154315666876018,-14.356779372430562,0.37857884304951384,3,-0.40622168529145275,-0.37693006357856496,-0.4175226586102719,-0.38053630611630007,-0.42646172393007836,-0.4015344875053336,0.01972440038407761,30,0.7869058980540597,-1.437711438420342,1.2436373705484463,-1.2610299218905667,0.4926841387454652,-0.03510279059258751,1.100876203477881,48,-13.118304261575984,-11.467698864614277,-13.947409410416197,-11.573579878911305,-12.221419125973911,-12.465682308298335,0.9458237488745478,33,10.071484546673766,14.356779372430562,0.4015344875053336,12.465682308298335,-0.03510279059258751,n200__poisson__boostrap_true__samples_0.85
9.953240537643433,0.9512410179345205,1.792219877243042,0.643705952880162,True,poisson,22,1.0,0.85,2,8,200,"{'bootstrap': True, 'criterion': 'poisson', 'max_depth': 22, 'max_features': 1.0, 'max_samples': 0.85, 'min_samples_leaf': 2, 'min_samples_split': 8, 'n_estimators': 200}",-9.937735235429367,-10.109879538566759,-10.44455167110566,-10.131673415385636,-9.931052232512574,-10.110978418599998,0.1865943397702893,25,-14.155788351399224,-14.617603817227106,-15.005188882666863,-14.03757607483984,-14.132584518583261,-14.38974832894326,0.36758155332395215,33,-0.4059196617336152,-0.3763245534362701,-0.4178247734138973,-0.37812594154865925,-0.4273658830620856,-0.4011121626389055,0.020661428665572808,21,0.7183950350787105,-1.4666472867480804,1.2422182964522885,-1.3565767842422476,0.40774900406192255,-0.09097234707948129,1.1113444082177995,67,-13.125910463412291,-11.483747436748628,-13.985252564214322,-11.60340466883064,-12.095959979885112,-12.458855022618199,0.9580370911336973,28,10.110978418599998,14.38974832894326,0.4011121626389055,12.458855022618199,-0.09097234707948129,n200__poisson__boostrap_true__samples_0.85
8.977744388580323,0.6502079888028433,2.534057283401489,0.37850217393429825,True,poisson,22,1.0,0.85,3,2,200,"{'bootstrap': True, 'criterion': 'poisson', 'max_depth': 22, 'max_features': 1.0, 'max_samples': 0.85, 'min_samples_leaf': 3, 'min_samples_split': 2, 'n_estimators': 200}",-9.938112678617301,-10.14281586410436,-10.396291116176348,-10.063852939711875,-9.922507754824844,-10.092716070686945,0.17226372659506567,9,-14.149868938668442,-14.68057424844739,-14.93922822245445,-13.955540515629378,-14.161792253586269,-14.377400835757186,0.3698075405402637,23,-0.40712775596496525,-0.3799576142900394,-0.4205438066465257,-0.37872853269056944,-0.42254370102471367,-0.40178028212336264,0.01907562254169855,43,0.7673513069560661,-1.374565564414242,1.2728871627585874,-1.2568980665392595,0.45693415028125733,-0.026858202191518143,1.084755732920072,41,-13.14754868554652,-11.538458462102177,-13.87391526698083,-11.627002077987235,-12.282092810678334,-12.49380346065902,0.8989929387483079,43,10.092716070686945,14.377400835757186,0.40178028212336264,12.49380346065902,-0.026858202191518143,n200__poisson__boostrap_true__samples_0.85
10.187546396255494,0.20425180878181573,1.4519413948059081,0.2339249886504047,True,poisson,22,1.0,0.85,3,4,200,"{'bootstrap': True, 'criterion': 'poisson', 'max_depth': 22, 'max_features': 1.0, 'max_samples': 0.85, 'min_samples_leaf': 3, 'min_samples_split': 4, 'n_estimators': 200}",-9.938112678617301,-10.14281586410436,-10.396291116176348,-10.063852939711875,-9.922507754824844,-10.092716070686945,0.17226372659506567,9,-14.149868938668442,-14.68057424844739,-14.939228222454451,-13.955540515629378,-14.161792253586269,-14.377400835757186,0.3698075405402642,23,-0.40712775596496525,-0.3799576142900394,-0.4205438066465257,-0.37872853269056944,-0.42254370102471367,-0.40178028212336264,0.01907562254169855,43,0.7673513069560659,-1.3745655644142432,1.2728871627585874,-1.2568980665392595,0.45693415028125817,-0.026858202191518243,1.0847557329200725,42,-13.14754868554652,-11.538458462102174,-13.87391526698083,-11.627002077987235,-12.282092810678334,-12.49380346065902,0.8989929387483085,43,10.092716070686945,14.377400835757186,0.40178028212336264,12.49380346065902,-0.026858202191518243,n200__poisson__boostrap_true__samples_0.85
9.89553360939026,0.598191040908065,1.4095767498016358,0.4354751953437041,True,poisson,22,1.0,0.85,3,8,200,"{'bootstrap': True, 'criterion': 'poisson', 'max_depth': 22, 'max_features': 1.0, 'max_samples': 0.85, 'min_samples_leaf': 3, 'min_samples_split': 8, 'n_estimators': 200}",-9.941105833248857,-10.127260798088706,-10.43250160689319,-10.105199776464431,-9.93280276910812,-10.10777415676066,0.18123332477942508,19,-14.146769453731793,-14.66263315590269,-15.006534740569101,-14.00444556437614,-14.145452485508875,-14.393167080017719,0.38000278429449114,37,-0.40380549682875266,-0.37693006357856496,-0.4205438066465257,-0.38324796625489604,-0.4243520192887282,-0.4017758705194935,0.019113527469612694,39,0.7527196977724724,-1.4480491917438008,1.2527236373013346,-1.2762971775557437,0.49886455631840027,-0.04400769558146743,1.1046145808573775,52,-13.241307529248925,-11.513026480223784,-13.892994094211163,-11.518525049441013,-12.291289838695025,-12.491428598363981,0.9455762046016661,40,10.10777415676066,14.393167080017719,0.4017758705194935,12.491428598363981,-0.04400769558146743,n200__poisson__boostrap_true__samples_0.85
8.244899988174438,0.26998008830731257,2.435352420806885,0.25592748837520757,True,poisson,22,1.0,0.85,4,2,200,"{'bootstrap': True, 'criterion': 'poisson', 'max_depth': 22, 'max_features': 1.0, 'max_samples': 0.85, 'min_samples_leaf': 4, 'min_samples_split': 2, 'n_estimators': 200}",-9.959181588365578,-10.137473913848886,-10.43049870814931,-10.090887793959176,-10.016076944516604,-10.126823789767911,0.16370219816226805,41,-14.174784160546869,-14.680293054983695,-14.993915201458304,-13.999896337718758,-14.199956820104378,-14.409769114962401,0.36922748378033843,64,-0.4110540622168529,-0.3802603693611868,-0.42386706948640485,-0.37842723711961435,-0.4279686558167571,-0.4043154788001632,0.021147081761964136,91,0.8662940219632828,-1.3895751485324686,1.3543280442862087,-1.2653393352826208,0.5657678225924244,0.026295081005365307,1.1343111198888516,3,-13.16794626958077,-11.50251179213381,-13.90155971153299,-11.660826168131962,-12.362873569460476,-12.519143502168001,0.908480993586517,55,10.126823789767911,14.409769114962401,0.4043154788001632,12.519143502168001,0.026295081005365307,n200__poisson__boostrap_true__samples_0.85
9.075636529922486,0.31521101608346247,1.6400693893432616,0.29542109512746845,True,poisson,22,1.0,0.85,4,4,200,"{'bootstrap': True, 'criterion': 'poisson', 'max_depth': 22, 'max_features': 1.0, 'max_samples': 0.85, 'min_samples_leaf': 4, 'min_samples_split': 4, 'n_estimators': 200}",-9.959181588365578,-10.137473913848886,-10.43049870814931,-10.090887793959176,-10.016076944516604,-10.126823789767911,0.16370219816226805,41,-14.174784160546869,-14.680293054983695,-14.993915201458302,-13.99989633771876,-14.199956820104378,-14.409769114962401,0.3692274837803375,64,-0.4110540622168529,-0.3802603693611868,-0.42386706948640485,-0.37842723711961435,-0.4279686558167571,-0.4043154788001632,0.021147081761964136,91,0.8662940219632834,-1.3895751485324688,1.3543280442862096,-1.2653393352826217,0.5657678225924246,0.02629508100536544,1.1343111198888522,1,-13.16794626958077,-11.502511792133808,-13.901559711532991,-11.66082616813196,-12.362873569460476,-12.519143502168001,0.9084809935865183,55,10.126823789767911,14.409769114962401,0.4043154788001632,12.519143502168001,0.02629508100536544,n200__poisson__boostrap_true__samples_0.85
9.5251455783844,0.02019018781403342,1.1739884853363036,0.015350059497705298,True,poisson,22,1.0,0.85,4,8,200,"{'bootstrap': True, 'criterion': 'poisson', 'max_depth': 22, 'max_features': 1.0, 'max_samples': 0.85, 'min_samples_leaf': 4, 'min_samples_split': 8, 'n_estimators': 200}",-9.959181588365578,-10.137473913848886,-10.430498708149312,-10.090887793959176,-10.016076944516602,-10.126823789767911,0.16370219816226897,41,-14.174784160546867,-14.680293054983695,-14.993915201458305,-13.99989633771876,-14.199956820104378,-14.409769114962401,0.3692274837803388,64,-0.4110540622168529,-0.3802603693611868,-0.42386706948640485,-0.37842723711961435,-0.4279686558167571,-0.4043154788001632,0.021147081761964136,91,0.8662940219632831,-1.3895751485324688,1.3543280442862091,-1.2653393352826214,0.5657678225924246,0.026295081005365328,1.134311119888852,2,-13.16794626958077,-11.50251179213381,-13.901559711532991,-11.660826168131962,-12.362873569460476,-12.519143502168003,0.9084809935865176,57,10.126823789767911,14.409769114962401,0.4043154788001632,12.519143502168003,0.026295081005365328,n200__poisson__boostrap_true__samples_0.85
12.110075378417969,0.0702457272096872,2.8995727062225343,0.8150283017896119,True,poisson,24,0.875,0.85,1,2,200,"{'bootstrap': True, 'criterion': 'poisson', 'max_depth': 24, 'max_features': 0.875, 'max_samples': 0.85, 'min_samples_leaf': 1, 'min_samples_split': 2, 'n_estimators': 200}",-10.019671921610856,-10.208027432418584,-10.468215088631833,-10.244172503859094,-10.055112537160408,-10.199039896736156,0.15966274912478992,85,-14.19826818310139,-14.621490029124422,-14.965399088161025,-14.096636971957478,-14.178506779782843,-14.412060210425432,0.3315994022466973,68,-0.39867109634551495,-0.3781410838631547,-0.4199395770392749,-0.37842723711961435,-0.42163954189270647,-0.39936370725205306,0.01901996036494195,4,0.6384279672170122,-1.563986738096995,1.1351495240688616,-1.441327274738218,0.308660676551129,-0.18461516899964198,1.1085568231977425,87,-13.367033610571616,-11.429650285566138,-13.815516859006944,-11.630829345323322,-12.289849722335553,-12.506575964560714,0.9409978691777158,47,10.199039896736156,14.412060210425432,0.39936370725205306,12.506575964560714,-0.18461516899964198,n200__poisson__boostrap_true__samples_0.85
11.36331524848938,0.16342303823171767,1.3526183128356934,0.1425476619568606,True,poisson,24,0.875,0.85,1,4,200,"{'bootstrap': True, 'criterion': 'poisson', 'max_depth': 24, 'max_features': 0.875, 'max_samples': 0.85, 'min_samples_leaf': 1, 'min_samples_split': 4, 'n_estimators': 200}",-10.026523829865704,-10.253829733956552,-10.455973362566882,-10.26827757488038,-9.998133453993148,-10.200547591052533,0.1696610824877471,86,-14.230885648059854,-14.61555708728093,-14.954406216113467,-14.11142757419721,-14.125510505840875,-14.407557406298466,0.3288658479569033,63,-0.40380549682875266,-0.37723281864971236,-0.4190332326283988,-0.380235010545345,-0.4255575647980711,-0.40117282469005594,0.019657347912775413,22,0.6471412829988659,-1.5660536756244372,1.1789348604693604,-1.483597443415792,0.2839007932182344,-0.18793483647075368,1.128385295989939,88,-13.216344498389901,-11.515138170413714,-13.88303756966473,-11.551645545297534,-12.080662051079099,-12.449365566968996,0.944277124680143,19,10.200547591052533,14.407557406298466,0.40117282469005594,12.449365566968996,-0.18793483647075368,n200__poisson__boostrap_true__samples_0.85
10.865338134765626,0.05004615094221458,1.279731273651123,0.031435501691015236,True,poisson,24,0.875,0.85,1,8,200,"{'bootstrap': True, 'criterion': 'poisson', 'max_depth': 24, 'max_features': 0.875, 'max_samples': 0.85, 'min_samples_leaf': 1, 'min_samples_split': 8, 'n_estimators': 200}",-10.040780854078509,-10.242138429174199,-10.567876791505034,-10.274052185837736,-9.977172551457162,-10.220404162410528,0.20761207392748518,94,-14.197318393206995,-14.635027508310582,-15.072235909687251,-14.112753400436135,-14.08040661285128,-14.41954836489845,0.3823502925033798,74,-0.40561763817577773,-0.37844383893430217,-0.42205438066465256,-0.3766194636938837,-0.4252561784207354,-0.40159829997787033,0.02075751843237049,32,0.583196857400803,-1.5903071892805456,1.15766885860589,-1.5165148141982983,0.28387375945771814,-0.21641650560288656,1.1274407913899658,94,-13.096049963778107,-11.430799434147493,-13.891036543259544,-11.626506614588518,-12.064547009077097,-12.421787912970153,0.9333244262201814,8,10.220404162410528,14.41954836489845,0.40159829997787033,12.421787912970153,-0.21641650560288656,n200__poisson__boostrap_true__samples_0.85
8.781438732147217,1.156962078946842,2.9315631866455076,0.8468918926951048,True,poisson,24,0.875,0.85,2,2,200,"{'bootstrap': True, 'criterion': 'poisson', 'max_depth': 24, 'max_features': 0.875, 'max_samples': 0.85, 'min_samples_leaf': 2, 'min_samples_split': 2, 'n_estimators': 200}",-9.979343153368001,-10.158012042826345,-10.45553207254782,-10.145073711230937,-9.977363163362934,-10.143064828667207,0.1744276710651199,54,-14.157875111928623,-14.573155181575284,-14.955526826600261,-14.029162578166128,-14.122433140491847,-14.367630567752428,0.3482935795021104,11,-0.40682573240712777,-0.3760217983651226,-0.4226586102719033,-0.37872853269056944,-0.42616033755274263,-0.4020790022574932,0.02121407422645096,51,0.7842553465185769,-1.4756185233906087,1.2391744806492815,-1.3332957692272553,0.46440172539525415,-0.06421654801095031,1.1225673800895912,60,-13.22875821571064,-11.545066745046796,-13.834695743774986,-11.633369526455937,-12.250981577404408,-12.498574361678553,0.8986041594691654,45,10.143064828667207,14.367630567752428,0.4020790022574932,12.498574361678553,-0.06421654801095031,n200__poisson__boostrap_true__samples_0.85
10.356774044036865,0.08207856722509609,1.2224487781524658,0.04756483212777845,True,poisson,24,0.875,0.85,2,4,200,"{'bootstrap': True, 'criterion': 'poisson', 'max_depth': 24, 'max_features': 0.875, 'max_samples': 0.85, 'min_samples_leaf': 2, 'min_samples_split': 4, 'n_estimators': 200}",-9.979343153368001,-10.158012042826345,-10.45553207254782,-10.145073711230937,-9.977363163362934,-10.143064828667207,0.1744276710651199,54,-14.157875111928625,-14.573155181575284,-14.955526826600261,-14.029162578166128,-14.122433140491845,-14.367630567752428,0.34829357950211043,11,-0.40682573240712777,-0.3760217983651226,-0.4226586102719033,-0.37872853269056944,-0.42616033755274263,-0.4020790022574932,0.02121407422645096,51,0.7842553465185774,-1.4756185233906087,1.2391744806492822,-1.3332957692272553,0.4644017253952544,-0.06421654801095002,1.1225673800895914,59,-13.22875821571064,-11.545066745046796,-13.834695743774983,-11.633369526455935,-12.250981577404408,-12.498574361678553,0.8986041594691647,45,10.143064828667207,14.367630567752428,0.4020790022574932,12.498574361678553,-0.06421654801095002,n200__poisson__boostrap_true__samples_0.85
9.903745412826538,0.07196529271895354,1.2008259773254395,0.027495437460151144,True,poisson,24,0.875,0.85,2,8,200,"{'bootstrap': True, 'criterion': 'poisson', 'max_depth': 24, 'max_features': 0.875, 'max_samples': 0.85, 'min_samples_leaf': 2, 'min_samples_split': 8, 'n_estimators': 200}",-10.020630245402149,-10.250526725472902,-10.46572874077081,-10.20294894155499,-10.051972325578706,-10.19836139575591,0.15952785716273843,84,-14.235637445596188,-14.64364251341049,-15.019121089909511,-14.087832946475872,-14.218201652088887,-14.44088712949619,0.3440429535447058,87,-0.40471156750226517,-0.3796548592188919,-0.42084592145015104,-0.3817414884001205,-0.4246534056660639,-0.4023214484474985,0.018893883164367537,56,0.7566251267456623,-1.5501714808356848,1.2728009320076283,-1.3729521196576981,0.4189390269677459,-0.09495170295446928,1.149866402384047,68,-13.314736021336344,-11.458242971705236,-13.946350759833681,-11.565414148333508,-12.328773551365908,-12.522703490514935,0.9737735855295314,63,10.19836139575591,14.44088712949619,0.4023214484474985,12.522703490514935,-0.09495170295446928,n200__poisson__boostrap_true__samples_0.85
7.7662034034729,1.6868901331042894,2.445216417312622,0.9989373786620871,True,poisson,24,0.875,0.85,3,2,200,"{'bootstrap': True, 'criterion': 'poisson', 'max_depth': 24, 'max_features': 0.875, 'max_samples': 0.85, 'min_samples_leaf': 3, 'min_samples_split': 2, 'n_estimators': 200}",-9.956943814416318,-10.204492521723129,-10.430798182646134,-10.139978011576996,-9.954275747758697,-10.137297655624256,0.17702509454730211,45,-14.203492905693405,-14.64782084302104,-14.973500219630752,-14.008113709141034,-14.120728382051105,-14.390731211907468,0.3633374904015471,34,-0.4022953790395651,-0.3760217983651226,-0.4232628398791541,-0.37842723711961435,-0.4240506329113924,-0.40081157746296975,0.020793779789452262,16,0.8175585989425733,-1.5142235781038391,1.3642138280131009,-1.3004979273986148,0.5246071282024988,-0.02166839006885619,1.1650334225438153,38,-13.39128284182856,-11.555538776479274,-13.933436743498241,-11.679233439246833,-12.35569771941693,-12.583037904093967,0.9382043948238107,89,10.137297655624256,14.390731211907468,0.40081157746296975,12.583037904093967,-0.02166839006885619,n200__poisson__boostrap_true__samples_0.85
8.445026636123657,1.0842137933762672,1.656751537322998,0.8242952984327636,True,poisson,24,0.875,0.85,3,4,200,"{'bootstrap': True, 'criterion': 'poisson', 'max_depth': 24, 'max_features': 0.875, 'max_samples': 0.85, 'min_samples_leaf': 3, 'min_samples_split': 4, 'n_estimators': 200}",-9.956943814416318,-10.204492521723127,-10.430798182646132,-10.139978011576996,-9.954275747758697,-10.137297655624256,0.1770250945473014,45,-14.203492905693405,-14.64782084302104,-14.973500219630752,-14.008113709141034,-14.120728382051105,-14.390731211907468,0.3633374904015471,34,-0.4022953790395651,-0.3760217983651226,-0.4232628398791541,-0.37842723711961435,-0.4240506329113924,-0.40081157746296975,0.020793779789452262,16,0.8175585989425734,-1.5142235781038385,1.3642138280131018,-1.3004979273986146,0.5246071282024988,-0.021668390068855813,1.1650334225438153,37,-13.39128284182856,-11.555538776479274,-13.933436743498241,-11.679233439246833,-12.355697719416934,-12.583037904093967,0.9382043948238105,89,10.137297655624256,14.390731211907468,0.40081157746296975,12.583037904093967,-0.021668390068855813,n200__poisson__boostrap_true__samples_0.85
8.873193836212158,0.0786438467809376,1.2015201568603515,0.03457392529723692,True,poisson,24,0.875,0.85,3,8,200,"{'bootstrap': True, 'criterion': 'poisson', 'max_depth': 24, 'max_features': 0.875, 'max_samples': 0.85, 'min_samples_leaf': 3, 'min_samples_split': 8, 'n_estimators': 200}",-10.008301848980237,-10.194992340959951,-10.487878704436643,-10.139794435313075,-9.964643281472858,-10.159122122232553,0.1845588777289574,63,-14.224394052418763,-14.611954023864612,-15.057713336369721,-14.001373310568368,-14.16600717373862,-14.412288379392015,0.3798024878342675,69,-0.4074297795228028,-0.38056312443233425,-0.42507552870090637,-0.3796324194034348,-0.42887281494876434,-0.4043147334016485,0.021057868154241172,90,0.8624288259102738,-1.476348976599023,1.3828264654990556,-1.2710157203710504,0.5446222360762066,0.008502566103092546,1.161665329383456,13,-13.340618704433831,-11.454924038378737,-13.963054055610222,-11.680744664639915,-12.25219360057196,-12.538307012726932,0.9658779344651461,79,10.159122122232553,14.412288379392015,0.4043147334016485,12.538307012726932,0.008502566103092546,n200__poisson__boostrap_true__samples_0.85
7.644620418548584,1.3957108343355078,1.9965198040008545,0.9433138614511417,True,poisson,24,0.875,0.85,4,2,200,"{'bootstrap': True, 'criterion': 'poisson', 'max_depth': 24, 'max_features': 0.875, 'max_samples': 0.85, 'min_samples_leaf': 4, 'min_samples_split': 2, 'n_estimators': 200}",-10.046400976319271,-10.23485834603959,-10.556141560239203,-10.21817537435527,-9.990988801830625,-10.209313011756793,0.19759905847303222,90,-14.265029481283596,-14.593715236964162,-15.125298188697661,-14.092410491490797,-14.184383620423466,-14.452167403771934,0.3766416427555158,94,-0.41165810933252794,-0.37693006357856496,-0.42356495468277944,-0.380235010545345,-0.42495479204339964,-0.40346858603652336,0.020864714603884713,76,0.86707843849935,-1.4715604310356338,1.3787737269672264,-1.2958828368955857,0.5368505661099022,0.0030518927290518194,1.1649726518611734,22,-13.255513698629661,-11.624567475204042,-14.088648217066078,-11.732602587887753,-12.387011001002366,-12.61766859595798,0.9373816748275352,94,10.209313011756793,14.452167403771934,0.40346858603652336,12.61766859595798,0.0030518927290518194,n200__poisson__boostrap_true__samples_0.85
7.21936526298523,1.0756433786740438,2.6616425037384035,0.4957023832386268,True,poisson,24,0.875,0.85,4,4,200,"{'bootstrap': True, 'criterion': 'poisson', 'max_depth': 24, 'max_features': 0.875, 'max_samples': 0.85, 'min_samples_leaf': 4, 'min_samples_split': 4, 'n_estimators': 200}",-10.046400976319273,-10.23485834603959,-10.556141560239203,-10.21817537435527,-9.990988801830625,-10.209313011756793,0.19759905847303194,90,-14.265029481283594,-14.593715236964163,-15.125298188697661,-14.0924104914908,-14.184383620423466,-14.452167403771934,0.3766416427555157,94,-0.41165810933252794,-0.37693006357856496,-0.42356495468277944,-0.380235010545345,-0.42495479204339964,-0.40346858603652336,0.020864714603884713,76,0.8670784384993502,-1.4715604310356343,1.3787737269672258,-1.295882836895586,0.5368505661099036,0.0030518927290518636,1.1649726518611736,20,-13.255513698629665,-11.624567475204042,-14.088648217066078,-11.732602587887753,-12.387011001002366,-12.617668595957982,0.9373816748275356,96,10.209313011756793,14.452167403771934,0.40346858603652336,12.617668595957982,0.0030518927290518636,n200__poisson__boostrap_true__samples_0.85
8.34682912826538,0.0866216590056776,2.341515636444092,0.18635271895219405,True,poisson,24,0.875,0.85,4,8,200,"{'bootstrap': True, 'criterion': 'poisson', 'max_depth': 24, 'max_features': 0.875, 'max_samples': 0.85, 'min_samples_leaf': 4, 'min_samples_split': 8, 'n_estimators': 200}",-10.046400976319271,-10.23485834603959,-10.556141560239203,-10.21817537435527,-9.990988801830625,-10.209313011756793,0.19759905847303222,90,-14.265029481283594,-14.593715236964163,-15.125298188697661,-14.0924104914908,-14.184383620423466,-14.452167403771934,0.3766416427555157,94,-0.41165810933252794,-0.37693006357856496,-0.42356495468277944,-0.380235010545345,-0.42495479204339964,-0.40346858603652336,0.020864714603884713,76,0.8670784384993507,-1.4715604310356347,1.3787737269672258,-1.2958828368955857,0.5368505661099032,0.0030518927290518636,1.1649726518611736,20,-13.255513698629661,-11.624567475204042,-14.088648217066078,-11.732602587887753,-12.387011001002366,-12.61766859595798,0.9373816748275352,94,10.209313011756793,14.452167403771934,0.40346858603652336,12.61766859595798,0.0030518927290518636,n200__poisson__boostrap_true__samples_0.85
13.198105764389037,0.3339462415994618,3.2375948905944822,0.06585111145917259,True,poisson,24,1.0,0.85,1,2,200,"{'bootstrap': True, 'criterion': 'poisson', 'max_depth': 24, 'max_features': 1.0, 'max_samples': 0.85, 'min_samples_leaf': 1, 'min_samples_split': 2, 'n_estimators': 200}",-9.975098485287333,-10.169235956623817,-10.43242551682698,-10.21227826029581,-9.986852956811989,-10.155178235169185,0.1679798816764268,62,-14.15634125506256,-14.701126328192313,-14.971403748654101,-14.090247915444337,-14.132314275335228,-14.410286704537707,0.358781775767857,67,-0.4053156146179402,-0.3729942476536482,-0.4214501510574018,-0.3763181681229286,-0.42224231464737794,-0.39966409921985935,0.021319760665639016,5,0.6372752128904497,-1.5204900607223517,1.138321737110708,-1.4136248663855835,0.2965402800230025,-0.172395539416755,1.091004710290893,84,-13.091493783407842,-11.59367195379973,-13.727302297682348,-11.690444601436365,-12.17712304062045,-12.456007135389346,0.8279515645971263,24,10.155178235169185,14.410286704537707,0.39966409921985935,12.456007135389346,-0.172395539416755,n200__poisson__boostrap_true__samples_0.85
11.955174827575684,0.11936514344519703,2.9515944957733153,0.5354764278800449,True,poisson,24,1.0,0.85,1,4,200,"{'bootstrap': True, 'criterion': 'poisson', 'max_depth': 24, 'max_features': 1.0, 'max_samples': 0.85, 'min_samples_leaf': 1, 'min_samples_split': 4, 'n_estimators': 200}",-9.941438268558322,-10.128464074696916,-10.427934084171188,-10.162900468653378,-9.94566908102781,-10.121281195421522,0.17832714033601274,35,-14.132689217537452,-14.666454102893537,-14.94791795676337,-14.02843989983887,-14.093115647982748,-14.373723365003196,0.3664558736121733,19,-0.4025974025974026,-0.37117771722676357,-0.4226586102719033,-0.37782464597770415,-0.42163954189270647,-0.3991795835932961,0.021482708339060994,2,0.6654342126372959,-1.5246250305364772,1.1634992153053625,-1.397780641650348,0.27546570032915524,-0.16360130878300233,1.0969831112788837,80,-13.173051307291331,-11.589918581917585,-13.712524739552316,-11.599454826883196,-12.120702360451183,-12.439130363219123,0.8588114156896123,16,10.121281195421522,14.373723365003196,0.3991795835932961,12.439130363219123,-0.16360130878300233,n200__poisson__boostrap_true__samples_0.85
10.882491540908813,0.08303817829484599,1.8865040302276612,0.2109364643520195,True,poisson,24,1.0,0.85,1,8,200,"{'bootstrap': True, 'criterion': 'poisson', 'max_depth': 24, 'max_features': 1.0, 'max_samples': 0.85, 'min_samples_leaf': 1, 'min_samples_split': 8, 'n_estimators': 200}",-9.944090717751505,-10.197541999247857,-10.487880154268655,-10.153103658762463,-10.01659247541967,-10.15984180109003,0.18769377609610316,64,-14.095986328849882,-14.653261976437523,-15.014942833572103,-14.025102951536926,-14.178072178210128,-14.393473253721314,0.38060672418198027,38,-0.4050135910601027,-0.37693006357856496,-0.42205438066465256,-0.3769207592648388,-0.4240506329113924,-0.40099388549591025,0.02073595439213526,19,0.643964897994378,-1.547353150692741,1.137119069754869,-1.4727909565005919,0.2610042912433747,-0.19561116964014222,1.1088688051131481,90,-13.071234952921184,-11.474527617179737,-13.771921056377193,-11.51477132646169,-12.118360366662396,-12.39016306392044,0.9001877292299653,1,10.15984180109003,14.393473253721314,0.40099388549591025,12.39016306392044,-0.19561116964014222,n200__poisson__boostrap_true__samples_0.85
9.869386291503906,0.5481514799726566,2.9570827960968016,0.4656150383561817,True,poisson,24,1.0,0.85,2,2,200,"{'bootstrap': True, 'criterion': 'poisson', 'max_depth': 24, 'max_features': 1.0, 'max_samples': 0.85, 'min_samples_leaf': 2, 'min_samples_split': 2, 'n_estimators': 200}",-9.86522892282421,-10.126645140255109,-10.427556440551083,-10.117310814283012,-9.952584684907526,-10.097865200564188,0.19242078707654675,16,-14.080817242669996,-14.614725205760227,-15.02252638240308,-14.027256513605344,-14.13606652449188,-14.376278373786107,0.3850476987973573,20,-0.40320144971307764,-0.38056312443233425,-0.4202416918429003,-0.37872853269056944,-0.4258589511754069,-0.40171874997085766,0.01951490543578347,34,0.752756184096172,-1.4963219111684967,1.268713996155215,-1.2666060374630739,0.455559858543811,-0.05717958196727453,1.1145164381437103,57,-13.16709688727093,-11.3388852926305,-13.916123344894984,-11.684761000105558,-12.22017820069764,-12.465408945119922,0.9524225017877305,30,10.097865200564188,14.376278373786107,0.40171874997085766,12.465408945119922,-0.05717958196727453,n200__poisson__boostrap_true__samples_0.85
10.117199563980103,0.4053486322808447,2.5451398372650145,0.49659202760171456,True,poisson,24,1.0,0.85,2,4,200,"{'bootstrap': True, 'criterion': 'poisson', 'max_depth': 24, 'max_features': 1.0, 'max_samples': 0.85, 'min_samples_leaf': 2, 'min_samples_split': 4, 'n_estimators': 200}",-9.86522892282421,-10.126645140255109,-10.427556440551083,-10.117310814283012,-9.952584684907524,-10.097865200564186,0.19242078707654706,15,-14.080817242669998,-14.614725205760227,-15.02252638240308,-14.027256513605344,-14.13606652449188,-14.376278373786107,0.38504769879735706,20,-0.40320144971307764,-0.38056312443233425,-0.4202416918429003,-0.37872853269056944,-0.4258589511754069,-0.40171874997085766,0.01951490543578347,34,0.752756184096172,-1.4963219111684964,1.268713996155214,-1.2666060374630745,0.455559858543811,-0.057179581967274795,1.11451643814371,58,-13.16709688727093,-11.3388852926305,-13.916123344894984,-11.68476100010556,-12.220178200697644,-12.465408945119924,0.9524225017877299,31,10.097865200564186,14.376278373786107,0.40171874997085766,12.465408945119924,-0.057179581967274795,n200__poisson__boostrap_true__samples_0.85
10.106466913223267,0.0505913155019802,1.6360673427581787,0.0565146018805717,True,poisson,24,1.0,0.85,2,8,200,"{'bootstrap': True, 'criterion': 'poisson', 'max_depth': 24, 'max_features': 1.0, 'max_samples': 0.85, 'min_samples_leaf': 2, 'min_samples_split': 8, 'n_estimators': 200}",-9.918952589832328,-10.081269151192943,-10.402681812454226,-10.141069633956153,-9.928997989819251,-10.09459423545098,0.17636755930917764,13,-14.156276981298344,-14.61744725008342,-14.950016222152398,-14.026206312199513,-14.10986869584024,-14.371963092314783,0.35473077531414415,15,-0.39897311990335244,-0.37753557372085983,-0.4217522658610272,-0.3763181681229286,-0.4243520192887282,-0.3997862293793793,0.020651815978135604,8,0.6968754048703792,-1.4614945063939881,1.2423272042214821,-1.4147390587819662,0.4182099382046273,-0.10376420357589314,1.1213857063133568,71,-13.303938868455969,-11.41584428699717,-13.805508540543192,-11.594351953163782,-12.191774114056546,-12.462283552643331,0.941716814459633,29,10.09459423545098,14.371963092314783,0.3997862293793793,12.462283552643331,-0.10376420357589314,n200__poisson__boostrap_true__samples_0.85
8.903228330612183,0.7839161241585734,2.650920104980469,0.44260471047035527,True,poisson,24,1.0,0.85,3,2,200,"{'bootstrap': True, 'criterion': 'poisson', 'max_depth': 24, 'max_features': 1.0, 'max_samples': 0.85, 'min_samples_leaf': 3, 'min_samples_split': 2, 'n_estimators': 200}",-9.8991208610262,-10.124592198627315,-10.387474193447616,-10.08781617868256,-9.965637439128852,-10.092928174182509,0.16825593972892722,11,-14.133440567842417,-14.654857369074914,-14.948632251773887,-14.004223662509833,-14.187815473213314,-14.385793864882874,0.35711501466066525,29,-0.40682573240712777,-0.3799576142900394,-0.4202416918429003,-0.37451039469719793,-0.42495479204339964,-0.40129804505613303,0.020601218197410967,24,0.7775593779201929,-1.402243136552066,1.2953384840240993,-1.267486119886409,0.48395707310621905,-0.02257486427759272,1.103356114644891,39,-13.121933285505385,-11.478055359376315,-13.900111417121272,-11.775814748650212,-12.294948436736158,-12.514172649477867,0.8896032758905196,51,10.092928174182509,14.385793864882874,0.40129804505613303,12.514172649477867,-0.02257486427759272,n200__poisson__boostrap_true__samples_0.85
8.647584390640258,0.28923797649075633,2.730151414871216,0.31501400318513284,True,poisson,24,1.0,0.85,3,4,200,"{'bootstrap': True, 'criterion': 'poisson', 'max_depth': 24, 'max_features': 1.0, 'max_samples': 0.85, 'min_samples_leaf': 3, 'min_samples_split': 4, 'n_estimators': 200}",-9.8991208610262,-10.124592198627315,-10.387474193447616,-10.087816178682562,-9.965637439128853,-10.092928174182509,0.1682559397289269,11,-14.133440567842417,-14.654857369074914,-14.948632251773887,-14.004223662509833,-14.187815473213314,-14.385793864882874,0.35711501466066525,29,-0.40682573240712777,-0.3799576142900394,-0.4202416918429003,-0.37451039469719793,-0.42495479204339964,-0.40129804505613303,0.020601218197410967,24,0.7775593779201931,-1.4022431365520658,1.295338484024099,-1.2674861198864096,0.48395707310621877,-0.02257486427759291,1.103356114644891,40,-13.121933285505385,-11.478055359376313,-13.900111417121272,-11.775814748650212,-12.294948436736158,-12.514172649477867,0.8896032758905199,51,10.092928174182509,14.385793864882874,0.40129804505613303,12.514172649477867,-0.02257486427759291,n200__poisson__boostrap_true__samples_0.85
9.559295463562012,0.035282683476952285,1.6918418884277344,0.21176849820474644,True,poisson,24,1.0,0.85,3,8,200,"{'bootstrap': True, 'criterion': 'poisson', 'max_depth': 24, 'max_features': 1.0, 'max_samples': 0.85, 'min_samples_leaf': 3, 'min_samples_split': 8, 'n_estimators': 200}",-9.94329796402302,-10.137954534718832,-10.440926669342723,-10.08241789834879,-9.966965470772596,-10.114312507441193,0.1784433498750431,28,-14.169361171063072,-14.684005486490362,-15.022573685083785,-13.981665958161331,-14.20548978554798,-14.412619217269306,0.38301246715834886,70,-0.40410752038659015,-0.38086587950348166,-0.4217522658610272,-0.38264537511298585,-0.4231464737793852,-0.4025035029286941,0.018230479860986578,59,0.7665044317322675,-1.4561811849189394,1.3080265600134258,-1.2505683646200259,0.43394827281935294,-0.039654056994783825,1.1102518890565571,50,-13.251179272177042,-11.397415490615675,-13.928737531937266,-11.540515197813294,-12.289968590184504,-12.481563216545556,0.9781900161282071,37,10.114312507441193,14.412619217269306,0.4025035029286941,12.481563216545556,-0.039654056994783825,n200__poisson__boostrap_true__samples_0.85
8.424056434631348,0.8517433731604609,2.1232423782348633,0.656301437157809,True,poisson,24,1.0,0.85,4,2,200,"{'bootstrap': True, 'criterion': 'poisson', 'max_depth': 24, 'max_features': 1.0, 'max_samples': 0.85, 'min_samples_leaf': 4, 'min_samples_split': 2, 'n_estimators': 200}",-9.96796425411694,-10.11795138379839,-10.446380547353165,-10.082164012880193,-9.974662764532669,-10.11782459253627,0.1744558044271168,31,-14.182159845936857,-14.656887138890225,-15.021082806578347,-13.998385071285693,-14.158546033997235,-14.403412179337673,0.3791373211126007,54,-0.40954394442766534,-0.3796548592188919,-0.4232628398791541,-0.37812594154865925,-0.4267631103074141,-0.4034701390763569,0.02088396767042998,79,0.8313277471674296,-1.3629109968216109,1.326880443435981,-1.2550765768595908,0.5285769700888724,0.013759517402216282,1.1102169270133497,8,-13.18453385555035,-11.530262519212243,-13.907742283908664,-11.672152669383417,-12.305702485690071,-12.520078762748948,0.9068387576909107,58,10.11782459253627,14.403412179337673,0.4034701390763569,12.520078762748948,0.013759517402216282,n200__poisson__boostrap_true__samples_0.85
7.388417911529541,0.3911724914559911,2.9580065250396728,0.10761016061797139,True,poisson,24,1.0,0.85,4,4,200,"{'bootstrap': True, 'criterion': 'poisson', 'max_depth': 24, 'max_features': 1.0, 'max_samples': 0.85, 'min_samples_leaf': 4, 'min_samples_split': 4, 'n_estimators': 200}",-9.96796425411694,-10.11795138379839,-10.446380547353169,-10.082164012880193,-9.974662764532669,-10.117824592536271,0.17445580442711817,32,-14.182159845936857,-14.656887138890225,-15.021082806578347,-13.998385071285693,-14.158546033997235,-14.403412179337673,0.3791373211126007,54,-0.40954394442766534,-0.3796548592188919,-0.4232628398791541,-0.37812594154865925,-0.4267631103074141,-0.4034701390763569,0.02088396767042998,79,0.8313277471674295,-1.3629109968216115,1.3268804434359822,-1.2550765768595904,0.5285769700888718,0.013759517402216325,1.11021692701335,7,-13.184533855550347,-11.530262519212243,-13.907742283908664,-11.672152669383417,-12.305702485690071,-12.520078762748948,0.9068387576909103,58,10.117824592536271,14.403412179337673,0.4034701390763569,12.520078762748948,0.013759517402216325,n200__poisson__boostrap_true__samples_0.85
9.063364410400391,0.10396284068453587,2.452614593505859,0.08645156917794079,True,poisson,24,1.0,0.85,4,8,200,"{'bootstrap': True, 'criterion': 'poisson', 'max_depth': 24, 'max_features': 1.0, 'max_samples': 0.85, 'min_samples_leaf': 4, 'min_samples_split': 8, 'n_estimators': 200}",-9.96796425411694,-10.117951383798392,-10.446380547353165,-10.082164012880193,-9.974662764532669,-10.117824592536271,0.17445580442711683,32,-14.182159845936857,-14.656887138890225,-15.021082806578347,-13.998385071285693,-14.158546033997235,-14.403412179337673,0.3791373211126007,54,-0.40954394442766534,-0.3796548592188919,-0.4232628398791541,-0.37812594154865925,-0.4267631103074141,-0.4034701390763569,0.02088396767042998,79,0.8313277471674295,-1.3629109968216109,1.3268804434359804,-1.2550765768595904,0.5285769700888718,0.013759517402216103,1.1102169270133493,9,-13.18453385555035,-11.530262519212243,-13.907742283908664,-11.672152669383417,-12.30570248569007,-12.520078762748948,0.9068387576909108,58,10.117824592536271,14.403412179337673,0.4034701390763569,12.520078762748948,0.013759517402216103,n200__poisson__boostrap_true__samples_0.85
12.211914777755737,0.05681321909013717,2.791479063034058,0.15671408929007588,True,poisson,26,0.875,0.85,1,2,200,"{'bootstrap': True, 'criterion': 'poisson', 'max_depth': 26, 'max_features': 0.875, 'max_samples': 0.85, 'min_samples_leaf': 1, 'min_samples_split': 2, 'n_estimators': 200}",-9.982543322927047,-10.23409331567947,-10.481676625032351,-10.289513810225557,-9.963788773354958,-10.190323169443875,0.19551559642823355,76,-14.166709381687514,-14.626533561899477,-14.98972245478561,-14.138038276097713,-14.09870351907857,-14.403941438709776,0.35009723804904047,57,-0.4044095439444277,-0.37935210414774445,-0.42114803625377645,-0.3763181681229286,-0.4252561784207354,-0.4012968061779225,0.020412321261791256,23,0.6392045280881924,-1.6333158168347535,1.1571309789577646,-1.4976231973766543,0.25189744899916056,-0.21654121163325804,1.139046282920035,95,-13.1324149121402,-11.336140494287347,-13.81795307360376,-11.681459144934152,-12.011214346481562,-12.395836394289404,0.9323291411385585,3,10.190323169443875,14.403941438709776,0.4012968061779225,12.395836394289404,-0.21654121163325804,n200__poisson__boostrap_true__samples_0.85
10.44429988861084,0.25903448026751347,2.453027772903442,0.12882895214115594,True,poisson,26,0.875,0.85,1,4,200,"{'bootstrap': True, 'criterion': 'poisson', 'max_depth': 26, 'max_features': 0.875, 'max_samples': 0.85, 'min_samples_leaf': 1, 'min_samples_split': 4, 'n_estimators': 200}",-10.012686133372368,-10.20052280039411,-10.49823158740311,-10.224134115032623,-10.020330525698299,-10.1911810323801,0.17692006230559534,77,-14.191207103779474,-14.583597773980314,-15.00533472009688,-14.05784661031558,-14.148349884802483,-14.397267218594944,0.35329651047183336,44,-0.4028994261552401,-0.37723281864971236,-0.4202416918429003,-0.380235010545345,-0.4228450874020494,-0.40069080691904946,0.01921792945601778,15,0.6072558926962373,-1.6112905037045775,1.1573722605435721,-1.4581906155816011,0.2948331619646146,-0.20200396081635094,1.123721123754059,92,-13.17939582020733,-11.384524187787127,-13.867738582567766,-11.527007319602989,-12.197331830244314,-12.431199548081905,0.958251435121324,12,10.1911810323801,14.397267218594944,0.40069080691904946,12.431199548081905,-0.20200396081635094,n200__poisson__boostrap_true__samples_0.85
8.954907417297363,0.12423051283347716,2.191581106185913,0.06975241047337889,True,poisson,26,0.875,0.85,1,8,200,"{'bootstrap': True, 'criterion': 'poisson', 'max_depth': 26, 'max_features': 0.875, 'max_samples': 0.85, 'min_samples_leaf': 1, 'min_samples_split': 8, 'n_estimators': 200}",-10.04611738670386,-10.271239493975305,-10.548205237713603,-10.254317326755,-10.026128537780243,-10.229201596585602,0.18916648904729277,96,-14.21944913545841,-14.65431990019109,-15.043800911296477,-14.086444939186116,-14.181615794664166,-14.437126136159254,0.3607973190248737,83,-0.4035034732709151,-0.37904934907659704,-0.42235649546827797,-0.3763181681229286,-0.42766726943942135,-0.40177895107562805,0.02126734874561217,42,0.6029864180128314,-1.677300768794115,1.173171535243497,-1.4881266981787136,0.2863884177873547,-0.2205762191858291,1.1494809257864445,96,-13.19580190771593,-11.336173965364802,-13.876164920775391,-11.647312528520697,-12.056705869828503,-12.422431838441065,0.9618692982180751,9,10.229201596585602,14.437126136159254,0.40177895107562805,12.422431838441065,-0.2205762191858291,n200__poisson__boostrap_true__samples_0.85
8.901457691192627,0.1333159466228538,2.835599422454834,0.31738481090996407,True,poisson,26,0.875,0.85,2,2,200,"{'bootstrap': True, 'criterion': 'poisson', 'max_depth': 26, 'max_features': 0.875, 'max_samples': 0.85, 'min_samples_leaf': 2, 'min_samples_split': 2, 'n_estimators': 200}",-9.928547588497967,-10.104579406295935,-10.417944441724655,-10.13326362741386,-9.958087203099561,-10.108484453406396,0.17400652256757237,21,-14.147120926124696,-14.521246737789763,-14.942091541926118,-13.985820865801715,-14.077753955234256,-14.334806805375308,0.3540191923334299,1,-0.40682573240712777,-0.3763245534362701,-0.4244712990936556,-0.37902982826152454,-0.4255575647980711,-0.40244179559932985,0.021302991642589173,57,0.7509812144864491,-1.5093297920036126,1.2604496154423268,-1.3661346254743576,0.4677166959668103,-0.07926337831647681,1.1388109365039736,66,-13.12543424895375,-11.419995766696514,-13.756400117161103,-11.565223035547382,-12.249581210022033,-12.423326875676157,0.8992488089286089,10,10.108484453406396,14.334806805375308,0.40244179559932985,12.423326875676157,-0.07926337831647681,n200__poisson__boostrap_true__samples_0.85
9.22306432723999,0.1287098411739112,2.353987789154053,0.2666971522187553,True,poisson,26,0.875,0.85,2,4,200,"{'bootstrap': True, 'criterion': 'poisson', 'max_depth': 26, 'max_features': 0.875, 'max_samples': 0.85, 'min_samples_leaf': 2, 'min_samples_split': 4, 'n_estimators': 200}",-9.928547588497967,-10.10457940629593,-10.417944441724655,-10.13326362741386,-9.958087203099561,-10.108484453406394,0.17400652256757243,20,-14.147120926124696,-14.521246737789763,-14.942091541926118,-13.985820865801712,-14.077753955234256,-14.334806805375308,0.35401919233343054,1,-0.40682573240712777,-0.3763245534362701,-0.4244712990936556,-0.37902982826152454,-0.4255575647980711,-0.40244179559932985,0.021302991642589173,57,0.7509812144864493,-1.5093297920036115,1.260449615442327,-1.3661346254743574,0.4677166959668103,-0.07926337831647645,1.1388109365039736,65,-13.12543424895375,-11.419995766696514,-13.756400117161107,-11.565223035547382,-12.249581210022031,-12.423326875676157,0.8992488089286099,10,10.108484453406394,14.334806805375308,0.40244179559932985,12.423326875676157,-0.07926337831647645,n200__poisson__boostrap_true__samples_0.85
8.617580366134643,0.08560075602706407,1.7315231800079345,0.07738923498250848,True,poisson,26,0.875,0.85,2,8,200,"{'bootstrap': True, 'criterion': 'poisson', 'max_depth': 26, 'max_features': 0.875, 'max_samples': 0.85, 'min_samples_leaf': 2, 'min_samples_split': 8, 'n_estimators': 200}",-9.99729309394837,-10.2158767197822,-10.45063661611657,-10.171440253411454,-10.001112256896127,-10.167271788030945,0.16683955617246712,70,-14.228154821195162,-14.604741103037952,-14.998576043350443,-14.033610221167624,-14.138270821894587,-14.40067060212915,0.3556639842866382,47,-0.4025974025974026,-0.37723281864971236,-0.4190332326283988,-0.37812594154865925,-0.4252561784207354,-0.40044911476898176,0.02001347272389641,14,0.7091111845615721,-1.5751994500701625,1.2605762564973153,-1.3490831110967807,0.4146457170946932,-0.10798988060267252,1.140770942635294,72,-13.296663378149445,-11.452711485497135,-13.974086015988451,-11.66589775113243,-12.24645108352287,-12.527161942858067,0.9654781315120863,65,10.167271788030945,14.40067060212915,0.40044911476898176,12.527161942858067,-0.10798988060267252,n200__poisson__boostrap_true__samples_0.85
7.6901463031768795,0.39646793023933613,2.5057241916656494,0.4919208679038506,True,poisson,26,0.875,0.85,3,2,200,"{'bootstrap': True, 'criterion': 'poisson', 'max_depth': 26, 'max_features': 0.875, 'max_samples': 0.85, 'min_samples_leaf': 3, 'min_samples_split': 2, 'n_estimators': 200}",-9.974591805434205,-10.208489764441532,-10.454409947298553,-10.152222502590545,-9.978279478949373,-10.153598699742842,0.1767951509222091,61,-14.222032960087558,-14.629402179993873,-15.007168894144545,-14.028690676615447,-14.141101920182882,-14.405679326204861,0.36268147157869174,59,-0.40682573240712777,-0.37904934907659704,-0.42356495468277944,-0.37842723711961435,-0.4279686558167571,-0.4031671858205752,0.021157986494885338,72,0.8338149083797404,-1.5198169034803264,1.343824152892881,-1.2864622196099702,0.5303905050929836,-0.01964991134493834,1.1614923685273524,36,-13.283828741439486,-11.461136765077823,-13.92730202269388,-11.713956361151482,-12.27738274896216,-12.532721327864966,0.9373243832220786,72,10.153598699742842,14.405679326204861,0.4031671858205752,12.532721327864966,-0.01964991134493834,n200__poisson__boostrap_true__samples_0.85
7.760465335845947,0.26813090934752737,2.4384955406188964,0.38327109632759276,True,poisson,26,0.875,0.85,3,4,200,"{'bootstrap': True, 'criterion': 'poisson', 'max_depth': 26, 'max_features': 0.875, 'max_samples': 0.85, 'min_samples_leaf': 3, 'min_samples_split': 4, 'n_estimators': 200}",-9.974591805434205,-10.208489764441532,-10.454409947298553,-10.152222502590543,-9.978279478949373,-10.15359869974284,0.1767951509222091,60,-14.222032960087558,-14.629402179993873,-15.007168894144543,-14.028690676615447,-14.141101920182882,-14.405679326204861,0.36268147157869113,59,-0.40682573240712777,-0.37904934907659704,-0.42356495468277944,-0.37842723711961435,-0.4279686558167571,-0.4031671858205752,0.021157986494885338,72,0.8338149083797408,-1.5198169034803275,1.343824152892881,-1.2864622196099702,0.5303905050929845,-0.0196499113449383,1.1614923685273528,35,-13.283828741439486,-11.461136765077821,-13.92730202269388,-11.71395636115148,-12.277382748962163,-12.532721327864966,0.9373243832220791,72,10.15359869974284,14.405679326204861,0.4031671858205752,12.532721327864966,-0.0196499113449383,n200__poisson__boostrap_true__samples_0.85
8.20393147468567,0.10576304138435802,1.602939748764038,0.10413687995527184,True,poisson,26,0.875,0.85,3,8,200,"{'bootstrap': True, 'criterion': 'poisson', 'max_depth': 26, 'max_features': 0.875, 'max_samples': 0.85, 'min_samples_leaf': 3, 'min_samples_split': 8, 'n_estimators': 200}",-10.00762679063016,-10.19133161890075,-10.495533221935538,-10.15816726282805,-9.958780972591548,-10.16228797337721,0.1882806894532314,65,-14.228649611041819,-14.631443020862177,-15.074922232436455,-14.014613446543194,-14.141805775183379,-14.418286817213405,0.387804554494639,72,-0.40561763817577773,-0.38086587950348166,-0.4232628398791541,-0.380235010545345,-0.42646172393007836,-0.40328861840676733,0.019877800338367727,75,0.8800971626964011,-1.4680299545920679,1.3820947209070178,-1.2817284679859713,0.501519226550419,0.0027905375151597634,1.1605325713371573,23,-13.421166794290487,-11.451933782675507,-14.031030867526361,-11.67230600637118,-12.264055145142422,-12.568098519201191,1.0008603155440643,84,10.16228797337721,14.418286817213405,0.40328861840676733,12.568098519201191,0.0027905375151597634,n200__poisson__boostrap_true__samples_0.85
7.315525150299072,0.6580677161323651,2.075111818313599,0.6647424794331632,True,poisson,26,0.875,0.85,4,2,200,"{'bootstrap': True, 'criterion': 'poisson', 'max_depth': 26, 'max_features': 0.875, 'max_samples': 0.85, 'min_samples_leaf': 4, 'min_samples_split': 2, 'n_estimators': 200}",-10.044555186713994,-10.239720752304416,-10.57375692261194,-10.19285672228456,-9.99315361497921,-10.208808639778823,0.20390368220334867,87,-14.252547265110893,-14.603295118886257,-15.133857887450079,-14.073733566918047,-14.168670638725956,-14.446420895418246,0.38750669012244554,88,-0.4113560857746904,-0.381774144716924,-0.42205438066465256,-0.3763181681229286,-0.42917420132610007,-0.4041353961210591,0.021326011676365997,83,0.8707633894062593,-1.4709183214389474,1.3920396819017675,-1.2872961634933544,0.5043579230901304,0.0017893018931710802,1.1637092750155769,26,-13.267481573250425,-11.484280106720318,-14.175657394753177,-11.832488188401925,-12.229895815770389,-12.597960615779247,0.9898575098685751,91,10.208808639778823,14.446420895418246,0.4041353961210591,12.597960615779247,0.0017893018931710802,n200__poisson__boostrap_true__samples_0.85
6.844175052642822,0.3813191664162721,2.697042369842529,0.3703792906400735,True,poisson,26,0.875,0.85,4,4,200,"{'bootstrap': True, 'criterion': 'poisson', 'max_depth': 26, 'max_features': 0.875, 'max_samples': 0.85, 'min_samples_leaf': 4, 'min_samples_split': 4, 'n_estimators': 200}",-10.044555186713994,-10.239720752304416,-10.573756922611942,-10.19285672228456,-9.993153614979208,-10.208808639778823,0.20390368220334967,87,-14.252547265110895,-14.603295118886258,-15.133857887450077,-14.073733566918047,-14.168670638725958,-14.446420895418248,0.38750669012244465,90,-0.4113560857746904,-0.381774144716924,-0.42205438066465256,-0.3763181681229286,-0.42917420132610007,-0.4041353961210591,0.021326011676365997,83,0.8707633894062599,-1.4709183214389474,1.392039681901767,-1.2872961634933544,0.5043579230901319,0.0017893018931714132,1.1637092750155769,24,-13.267481573250429,-11.484280106720318,-14.175657394753177,-11.832488188401925,-12.229895815770387,-12.597960615779249,0.9898575098685758,93,10.208808639778823,14.446420895418248,0.4041353961210591,12.597960615779249,0.0017893018931714132,n200__poisson__boostrap_true__samples_0.85
7.91245059967041,0.1293232129253631,2.256859064102173,0.023514516189925585,True,poisson,26,0.875,0.85,4,8,200,"{'bootstrap': True, 'criterion': 'poisson', 'max_depth': 26, 'max_features': 0.875, 'max_samples': 0.85, 'min_samples_leaf': 4, 'min_samples_split': 8, 'n_estimators': 200}",-10.044555186713994,-10.239720752304414,-10.57375692261194,-10.19285672228456,-9.993153614979207,-10.208808639778823,0.20390368220334937,87,-14.252547265110893,-14.603295118886257,-15.133857887450079,-14.073733566918047,-14.168670638725956,-14.446420895418246,0.38750669012244554,88,-0.4113560857746904,-0.381774144716924,-0.42205438066465256,-0.3763181681229286,-0.42917420132610007,-0.4041353961210591,0.021326011676365997,83,0.8707633894062595,-1.4709183214389463,1.392039681901767,-1.287296163493354,0.5043579230901304,0.0017893018931713466,1.1637092750155762,25,-13.267481573250425,-11.484280106720318,-14.175657394753177,-11.832488188401925,-12.229895815770387,-12.597960615779247,0.9898575098685752,91,10.208808639778823,14.446420895418246,0.4041353961210591,12.597960615779247,0.0017893018931713466,n200__poisson__boostrap_true__samples_0.85
14.139482164382935,0.08965430369818925,2.9577142715454103,0.43939783704613977,True,poisson,26,1.0,0.85,1,2,200,"{'bootstrap': True, 'criterion': 'poisson', 'max_depth': 26, 'max_features': 1.0, 'max_samples': 0.85, 'min_samples_leaf': 1, 'min_samples_split': 2, 'n_estimators': 200}",-9.91704296461607,-10.13260585935663,-10.403127249681992,-10.191110485365131,-9.986837532231494,-10.126144818250262,0.1697714083165133,40,-14.091789589535608,-14.622548178326449,-14.935046220681029,-14.055184894821048,-14.153621846239389,-14.371638145920704,0.34824516784474835,14,-0.40108728480821504,-0.3802603693611868,-0.4175226586102719,-0.37782464597770415,-0.42254370102471367,-0.3998477319564183,0.01842676110934003,9,0.6180688980604391,-1.5177426423447622,1.1094536327524223,-1.4492534691013739,0.2787235406572662,-0.1921500079952017,1.0871847640879597,89,-13.133191030618189,-11.327584874916479,-13.786773777444976,-11.568669631969465,-12.147336533468225,-12.392711169683468,0.9343947956392519,2,10.126144818250262,14.371638145920704,0.3998477319564183,12.392711169683468,-0.1921500079952017,n200__poisson__boostrap_true__samples_0.85
12.463229703903199,0.08220016169399147,2.091302680969238,0.4079863026557389,True,poisson,26,1.0,0.85,1,4,200,"{'bootstrap': True, 'criterion': 'poisson', 'max_depth': 26, 'max_features': 1.0, 'max_samples': 0.85, 'min_samples_leaf': 1, 'min_samples_split': 4, 'n_estimators': 200}",-9.956011444079207,-10.116572629536753,-10.412303802579784,-10.183424959819298,-9.915397100015943,-10.116741987206197,0.17786371485889033,30,-14.104103250542527,-14.622896758010858,-14.943877071332263,-14.086897326691746,-14.058235480097236,-14.363201977334928,0.3580798566043766,10,-0.40561763817577773,-0.3751135331516803,-0.4202416918429003,-0.3769207592648388,-0.42254370102471367,-0.40008746469198214,0.0205009840640438,10,0.6677059398937496,-1.4849432042134165,1.1526220566285628,-1.4131292051392839,0.22656171954687487,-0.17023653865670266,1.0846923172078071,82,-13.095729061181853,-11.505355928911612,-13.75985068079785,-11.634137334045949,-12.00107680574516,-12.399229962136484,0.880829516739549,4,10.116741987206197,14.363201977334928,0.40008746469198214,12.399229962136484,-0.17023653865670266,n200__poisson__boostrap_true__samples_0.85
11.150949382781983,0.13343867723471395,1.6901622772216798,0.13910829841958364,True,poisson,26,1.0,0.85,1,8,200,"{'bootstrap': True, 'criterion': 'poisson', 'max_depth': 26, 'max_features': 1.0, 'max_samples': 0.85, 'min_samples_leaf': 1, 'min_samples_split': 8, 'n_estimators': 200}",-9.973109968168611,-10.16502174243781,-10.48077321714468,-10.201596371474091,-9.998650865120183,-10.163830432869075,0.18195548856731464,67,-14.139727583549673,-14.601511378071041,-15.01330431041645,-14.090661842929197,-14.174769545690312,-14.403994932131335,0.3551984794413452,58,-0.4019933554817276,-0.37390251286709053,-0.4175226586102719,-0.3772220548357939,-0.4213381555153707,-0.3983957474620509,0.01976552251358505,1,0.6076485427646344,-1.5588044894856365,1.1493916171908611,-1.499561888820984,0.24919038728619244,-0.21042716621298654,1.1144140185542573,93,-13.160364924755813,-11.508637889271672,-13.927585239381562,-11.534365993580534,-12.161064833864216,-12.45840377617076,0.9482146525073873,26,10.163830432869075,14.403994932131335,0.3983957474620509,12.45840377617076,-0.21042716621298654,n200__poisson__boostrap_true__samples_0.85
10.186306953430176,0.4953890788626267,2.912773370742798,0.5151635948811509,True,poisson,26,1.0,0.85,2,2,200,"{'bootstrap': True, 'criterion': 'poisson', 'max_depth': 26, 'max_features': 1.0, 'max_samples': 0.85, 'min_samples_leaf': 2, 'min_samples_split': 2, 'n_estimators': 200}",-9.843783982236266,-10.104280384804438,-10.442950476333843,-10.102047627845568,-9.954794880041911,-10.089571470252405,0.20190341609232113,7,-14.056873786079475,-14.608554241299457,-15.031887385529863,-13.97142045094674,-14.14648807054456,-14.36304478688002,0.4004078989216851,8,-0.4028994261552401,-0.37935210414774445,-0.42205438066465256,-0.3796324194034348,-0.42495479204339964,-0.4017786244828943,0.019712434865778658,40,0.7345424428350291,-1.4487418350862864,1.2684353419800083,-1.2788662081047601,0.4517983495285061,-0.054566381769500606,1.1020042466897328,55,-13.127750672193052,-11.40831756972029,-13.874261653048979,-11.62069013179355,-12.24435331053711,-12.455074667458595,0.9276730213496515,21,10.089571470252405,14.36304478688002,0.4017786244828943,12.455074667458595,-0.054566381769500606,n200__poisson__boostrap_true__samples_0.85
10.973708343505859,0.27626645367004443,1.7950825691223145,0.4285025840839331,True,poisson,26,1.0,0.85,2,4,200,"{'bootstrap': True, 'criterion': 'poisson', 'max_depth': 26, 'max_features': 1.0, 'max_samples': 0.85, 'min_samples_leaf': 2, 'min_samples_split': 4, 'n_estimators': 200}",-9.843783982236266,-10.104280384804438,-10.442950476333843,-10.102047627845568,-9.954794880041911,-10.089571470252405,0.20190341609232113,7,-14.056873786079475,-14.608554241299457,-15.031887385529863,-13.97142045094674,-14.146488070544558,-14.36304478688002,0.40040789892168527,8,-0.4028994261552401,-0.37935210414774445,-0.42205438066465256,-0.3796324194034348,-0.42495479204339964,-0.4017786244828943,0.019712434865778658,40,0.7345424428350288,-1.4487418350862868,1.2684353419800076,-1.2788662081047604,0.4517983495285061,-0.05456638176950094,1.1020042466897328,56,-13.127750672193052,-11.408317569720294,-13.874261653048979,-11.62069013179355,-12.24435331053711,-12.455074667458598,0.9276730213496508,22,10.089571470252405,14.36304478688002,0.4017786244828943,12.455074667458598,-0.05456638176950094,n200__poisson__boostrap_true__samples_0.85
10.566566801071167,0.055813041872781854,1.331497812271118,0.028428305038545907,True,poisson,26,1.0,0.85,2,8,200,"{'bootstrap': True, 'criterion': 'poisson', 'max_depth': 26, 'max_features': 1.0, 'max_samples': 0.85, 'min_samples_leaf': 2, 'min_samples_split': 8, 'n_estimators': 200}",-9.910614633027139,-10.117909663582344,-10.395279655710397,-10.124983248442186,-9.937188280004568,-10.097195096153326,0.1734762979730533,14,-14.135380767302944,-14.656603964498663,-14.945174284150204,-14.026057844794703,-14.13757736868032,-14.380158845885367,0.3577188697549013,27,-0.4022953790395651,-0.37723281864971236,-0.41963746223564957,-0.3793311238324797,-0.4267631103074141,-0.40105197881296417,0.020234507421082428,20,0.6874147559064091,-1.4531227299968879,1.227570418499582,-1.3809939914225084,0.4252352557951225,-0.09877925824365655,1.1072684015420196,69,-13.171950190224841,-11.484667432436906,-13.84868025400829,-11.525536276429037,-12.140720795121247,-12.434310989644064,0.9336424983531667,15,10.097195096153326,14.380158845885367,0.40105197881296417,12.434310989644064,-0.09877925824365655,n200__poisson__boostrap_true__samples_0.85
9.10155634880066,0.9220580899110873,2.4854042530059814,0.8621038216826694,True,poisson,26,1.0,0.85,3,2,200,"{'bootstrap': True, 'criterion': 'poisson', 'max_depth': 26, 'max_features': 1.0, 'max_samples': 0.85, 'min_samples_leaf': 3, 'min_samples_split': 2, 'n_estimators': 200}",-9.920751365574654,-10.14827268604023,-10.397001099289755,-10.095546500494168,-9.962601855453446,-10.10483470137045,0.1681970215171419,17,-14.145895240309699,-14.69809557053177,-14.951461703171201,-14.018382771651414,-14.180599860887854,-14.398887029310387,0.3609160967949519,45,-0.4080338266384778,-0.3787465940054496,-0.4214501510574018,-0.3769207592648388,-0.4234478601567209,-0.4017198382245778,0.020218916382728,37,0.772569328712568,-1.4191104607293192,1.2985867684283847,-1.2670500567014038,0.4702937278105161,-0.028942138495850846,1.1062973616760932,44,-13.103473286004808,-11.523750131975193,-13.875410696110052,-11.711342804535645,-12.318984891555095,-12.50659236203616,0.8790367159534094,48,10.10483470137045,14.398887029310387,0.4017198382245778,12.50659236203616,-0.028942138495850846,n200__poisson__boostrap_true__samples_0.85
9.50844473838806,0.5835769702459628,1.9121288776397705,0.6250752160063753,True,poisson,26,1.0,0.85,3,4,200,"{'bootstrap': True, 'criterion': 'poisson', 'max_depth': 26, 'max_features': 1.0, 'max_samples': 0.85, 'min_samples_leaf': 3, 'min_samples_split': 4, 'n_estimators': 200}",-9.920751365574652,-10.14827268604023,-10.397001099289755,-10.09554650049417,-9.962601855453446,-10.10483470137045,0.16819702151714228,17,-14.145895240309697,-14.69809557053177,-14.951461703171201,-14.018382771651416,-14.180599860887854,-14.398887029310387,0.3609160967949518,45,-0.4080338266384778,-0.3787465940054496,-0.4214501510574018,-0.3769207592648388,-0.4234478601567209,-0.4017198382245778,0.020218916382728,37,0.772569328712568,-1.41911046072932,1.2985867684283858,-1.2670500567014038,0.47029372781051554,-0.028942138495850867,1.1062973616760936,45,-13.103473286004808,-11.523750131975195,-13.875410696110052,-11.711342804535647,-12.318984891555095,-12.50659236203616,0.8790367159534086,48,10.10483470137045,14.398887029310387,0.4017198382245778,12.50659236203616,-0.028942138495850867,n200__poisson__boostrap_true__samples_0.85
9.989303064346313,0.027097628919181015,1.211136770248413,0.05216954149998046,True,poisson,26,1.0,0.85,3,8,200,"{'bootstrap': True, 'criterion': 'poisson', 'max_depth': 26, 'max_features': 1.0, 'max_samples': 0.85, 'min_samples_leaf': 3, 'min_samples_split': 8, 'n_estimators': 200}",-9.94360057018056,-10.140752202248915,-10.436124574769849,-10.09392563623923,-9.958128160347094,-10.11450622875713,0.1778840166052145,29,-14.166937011556117,-14.711733994920081,-15.017401181889054,-14.013295216860882,-14.20155266039719,-14.422184013124667,0.37924713401046456,75,-0.40682573240712777,-0.37753557372085983,-0.42507552870090637,-0.3817414884001205,-0.42495479204339964,-0.40322662305448287,0.020416084936482178,74,0.764090032723406,-1.4721400619974065,1.3140273849884438,-1.2484614894236359,0.441836992537363,-0.0401294282343659,1.1156632173053669,51,-13.160045874615827,-11.480523616379607,-13.821251949822301,-11.585673047861468,-12.236554743712988,-12.456809846478437,0.9073885165602777,25,10.11450622875713,14.422184013124667,0.40322662305448287,12.456809846478437,-0.0401294282343659,n200__poisson__boostrap_true__samples_0.85
8.47876534461975,1.4374475794867363,1.617200756072998,0.43040708827377167,True,poisson,26,1.0,0.85,4,2,200,"{'bootstrap': True, 'criterion': 'poisson', 'max_depth': 26, 'max_features': 1.0, 'max_samples': 0.85, 'min_samples_leaf': 4, 'min_samples_split': 2, 'n_estimators': 200}",-9.961768501937849,-10.117935611239933,-10.429833120780314,-10.088582891019911,-9.955357454275658,-10.110695515850733,0.17245252499470856,22,-14.185827761888206,-14.661105219156315,-15.005667985404775,-14.006350503008456,-14.146178651594042,-14.401026024210358,0.374235041478661,49,-0.4098459679855029,-0.37904934907659704,-0.42507552870090637,-0.37481169026815303,-0.42616033755274263,-0.4029885747167804,0.022085340446313297,67,0.8523534655514718,-1.371798642811304,1.328834406668894,-1.2616665200563153,0.5279500968116938,0.015134561232888056,1.1174548997467004,6,-13.192910034766816,-11.536937063386487,-13.831268484668401,-11.775134821233188,-12.299722225780709,-12.527194525967122,0.8650703228584933,66,10.110695515850733,14.401026024210358,0.4029885747167804,12.527194525967122,0.015134561232888056,n200__poisson__boostrap_true__samples_0.85
6.8413783550262455,0.18875348810570242,1.2279697895050048,0.6147144145444907,True,poisson,26,1.0,0.85,4,4,200,"{'bootstrap': True, 'criterion': 'poisson', 'max_depth': 26, 'max_features': 1.0, 'max_samples': 0.85, 'min_samples_leaf': 4, 'min_samples_split': 4, 'n_estimators': 200}",-9.961768501937849,-10.117935611239933,-10.429833120780316,-10.088582891019911,-9.955357454275658,-10.110695515850733,0.17245252499470923,22,-14.185827761888206,-14.661105219156314,-15.005667985404775,-14.006350503008456,-14.14617865159404,-14.401026024210358,0.37423504147866093,49,-0.4098459679855029,-0.37904934907659704,-0.42507552870090637,-0.37481169026815303,-0.42616033755274263,-0.4029885747167804,0.022085340446313297,67,0.8523534655514722,-1.371798642811303,1.3288344066688937,-1.2616665200563153,0.527950096811694,0.015134561232888344,1.1174548997467002,4,-13.192910034766816,-11.536937063386487,-13.831268484668401,-11.775134821233186,-12.299722225780709,-12.527194525967122,0.8650703228584936,66,10.110695515850733,14.401026024210358,0.4029885747167804,12.527194525967122,0.015134561232888344,n200__poisson__boostrap_true__samples_0.85
6.920944595336914,0.10064898435137269,0.16579847335815429,0.03187281141697116,True,poisson,26,1.0,0.85,4,8,200,"{'bootstrap': True, 'criterion': 'poisson', 'max_depth': 26, 'max_features': 1.0, 'max_samples': 0.85, 'min_samples_leaf': 4, 'min_samples_split': 8, 'n_estimators': 200}",-9.961768501937849,-10.117935611239933,-10.429833120780314,-10.088582891019907,-9.955357454275658,-10.110695515850733,0.17245252499470864,22,-14.185827761888206,-14.661105219156314,-15.005667985404775,-14.006350503008457,-14.14617865159404,-14.401026024210358,0.3742350414786606,49,-0.4098459679855029,-0.37904934907659704,-0.42507552870090637,-0.37481169026815303,-0.42616033755274263,-0.4029885747167804,0.022085340446313297,67,0.8523534655514722,-1.371798642811304,1.328834406668894,-1.2616665200563155,0.5279500968116944,0.01513456123288819,1.1174548997467004,5,-13.192910034766818,-11.536937063386487,-13.831268484668401,-11.775134821233186,-12.299722225780709,-12.527194525967122,0.8650703228584938,66,10.110695515850733,14.401026024210358,0.4029885747167804,12.527194525967122,0.01513456123288819,n200__poisson__boostrap_true__samples_0.85
