mean_fit_time,std_fit_time,mean_score_time,std_score_time,param_bootstrap,param_criterion,param_max_depth,param_max_features,param_max_samples,param_min_samples_leaf,param_min_samples_split,param_n_estimators,params,split0_test_MAE,split1_test_MAE,split2_test_MAE,split3_test_MAE,split4_test_MAE,mean_test_MAE,std_test_MAE,rank_test_MAE,split0_test_RMSE,split1_test_RMSE,split2_test_RMSE,split3_test_RMSE,split4_test_RMSE,mean_test_RMSE,std_test_RMSE,rank_test_RMSE,split0_test_overestimation_rate,split1_test_overestimation_rate,split2_test_overestimation_rate,split3_test_overestimation_rate,split4_test_overestimation_rate,mean_test_overestimation_rate,std_test_overestimation_rate,rank_test_overestimation_rate,split0_test_mean_signed_error,split1_test_mean_signed_error,split2_test_mean_signed_error,split3_test_mean_signed_error,split4_test_mean_signed_error,mean_test_mean_signed_error,std_test_mean_signed_error,rank_test_mean_signed_error,split0_test_mean_overestimation,split1_test_mean_overestimation,split2_test_mean_overestimation,split3_test_mean_overestimation,split4_test_mean_overestimation,mean_test_mean_overestimation,std_test_mean_overestimation,rank_test_mean_overestimation,mean_MAE,mean_RMSE,overestimation_rate,mean_overstimation,mean_signed_error,chunk_id
185.26426215171813,0.37434876660806937,1.3389039516448975,0.3201991372234644,True,absolute_error,20,0.875,1.0,1,2,200,"{'bootstrap': True, 'criterion': 'absolute_error', 'max_depth': 20, 'max_features': 0.875, 'max_samples': 1.0, 'min_samples_leaf': 1, 'min_samples_split': 2, 'n_estimators': 200}",-9.54746073693748,-9.696377535573722,-10.243802870090635,-9.728833986140405,-9.677156419529837,-9.778726309654417,0.2405689004461777,40,-14.37165214839806,-14.57175244828737,-15.470754208744534,-14.15947400098725,-14.433279334216175,-14.601382428126678,0.45453337352129697,94,-0.4273633343400785,-0.40236148955495005,-0.43927492447129907,-0.39891533594456163,-0.45328511151295964,-0.4242400391647697,0.02097346181661551,94,2.3398708849290246,-0.2013275809869817,2.6326170694864053,0.11870894847845706,2.0707188065099458,1.3921176256833703,1.1881255791327034,1,-13.907757950530035,-11.799153498871332,-14.6564477303989,-12.342898413897283,-12.958593749999999,-13.13297026873951,1.0348881494849194,96,9.778726309654417,14.601382428126678,0.4242400391647697,13.13297026873951,1.3921176256833703,n200__absolute_error__boostrap_true__samples_1.0
185.04111371040344,0.09330097901840746,0.9885727405548096,0.33969745052036554,True,absolute_error,20,0.875,1.0,1,4,200,"{'bootstrap': True, 'criterion': 'absolute_error', 'max_depth': 20, 'max_features': 0.875, 'max_samples': 1.0, 'min_samples_leaf': 1, 'min_samples_split': 4, 'n_estimators': 200}",-9.571946541830261,-9.733483197093552,-10.250569486404832,-9.746304609822234,-9.703563140446052,-9.801173395119386,0.23307599853164856,51,-14.40190114766693,-14.5850335740405,-15.410794854870803,-14.118268735959923,-14.383132473603931,-14.579826157228416,0.441342737786538,91,-0.4312896405919662,-0.40054495912806537,-0.4395770392749245,-0.4019282916541127,-0.4526823387582881,-0.4252044538814713,0.020729231896164678,96,2.4162896405919656,-0.29138813200121155,2.6136661631419935,0.15672642362157221,2.0417156419529836,1.3874019474614605,1.2102362247440803,2,-13.898126750700282,-11.786560846560846,-14.632515463917526,-12.319400299850074,-12.9729810252996,-13.121916877265665,1.0328407748902448,94,9.801173395119386,14.579826157228416,0.4252044538814713,13.121916877265665,1.3874019474614605,n200__absolute_error__boostrap_true__samples_1.0
183.84764313697815,0.3258947980983296,0.9895819187164306,0.18629464297281245,True,absolute_error,20,0.875,1.0,1,8,200,"{'bootstrap': True, 'criterion': 'absolute_error', 'max_depth': 20, 'max_features': 0.875, 'max_samples': 1.0, 'min_samples_leaf': 1, 'min_samples_split': 8, 'n_estimators': 200}",-9.523167472062822,-9.67076672721768,-10.248408610271904,-9.751219493823442,-9.675806208559372,-9.773873702387045,0.24851498448364587,35,-14.334058248458648,-14.454267219575838,-15.451507957567259,-14.117893910985694,-14.406139611782374,-14.552773389673963,0.46387179864128947,70,-0.4279673814557535,-0.4014532243415077,-0.4389728096676737,-0.40072310937029226,-0.45449065702230257,-0.42472143637150594,0.02105789015263698,95,2.349966022349743,-0.2661633363608832,2.6803043806646523,0.05377297378728515,2.0965114526823387,1.382878298624627,1.2339938946959645,3,-13.871540225829214,-11.71319947209653,-14.726097728836887,-12.234124060150375,-12.951110742705572,-13.099214445923716,1.0894576555944289,85,9.773873702387045,14.552773389673963,0.42472143637150594,13.099214445923716,1.382878298624627,n200__absolute_error__boostrap_true__samples_1.0
152.04787826538086,5.56184805011156,2.425596570968628,1.5465543565047168,True,absolute_error,20,0.875,1.0,2,2,200,"{'bootstrap': True, 'criterion': 'absolute_error', 'max_depth': 20, 'max_features': 0.875, 'max_samples': 1.0, 'min_samples_leaf': 2, 'min_samples_split': 2, 'n_estimators': 200}",-9.528437783147085,-9.71856872540115,-10.242852719033232,-9.856377673998193,-9.729813893911995,-9.815210159098331,0.2380938503087596,58,-14.328462245914718,-14.531163098308086,-15.3767525914507,-14.202259248823387,-14.455412311155929,-14.578809899130565,0.4144089917680651,89,-0.4237390516460284,-0.39660914320314866,-0.4341389728096677,-0.3949984935221452,-0.45087402049427366,-0.4200719363350527,0.02162996918387327,78,2.1466498036846873,-0.3627497729336962,2.460180513595166,-0.01807547454052448,1.8549510247136827,1.216191218903863,1.169422554859296,16,-13.776270491803277,-11.794759541984734,-14.630146137787056,-12.453594584286805,-12.847008689839573,-13.100355889140289,0.998417304087127,86,9.815210159098331,14.578809899130565,0.4200719363350527,13.100355889140289,1.216191218903863,n200__absolute_error__boostrap_true__samples_1.0
151.27722268104554,0.28676988701489675,1.2988744735717774,0.34545949684357424,True,absolute_error,20,0.875,1.0,2,4,200,"{'bootstrap': True, 'criterion': 'absolute_error', 'max_depth': 20, 'max_features': 0.875, 'max_samples': 1.0, 'min_samples_leaf': 2, 'min_samples_split': 4, 'n_estimators': 200}",-9.528437783147085,-9.71856872540115,-10.242852719033232,-9.856377673998193,-9.729813893911995,-9.815210159098331,0.2380938503087596,58,-14.328462245914718,-14.531163098308086,-15.3767525914507,-14.202259248823387,-14.455412311155929,-14.578809899130565,0.4144089917680651,89,-0.4237390516460284,-0.39660914320314866,-0.4341389728096677,-0.3949984935221452,-0.45087402049427366,-0.4200719363350527,0.02162996918387327,78,2.1466498036846873,-0.3627497729336962,2.460180513595166,-0.01807547454052448,1.8549510247136827,1.216191218903863,1.169422554859296,16,-13.776270491803277,-11.794759541984734,-14.630146137787056,-12.453594584286805,-12.847008689839573,-13.100355889140289,0.998417304087127,86,9.815210159098331,14.578809899130565,0.4200719363350527,13.100355889140289,1.216191218903863,n200__absolute_error__boostrap_true__samples_1.0
150.16381940841674,0.629183837976302,1.1350762367248535,0.19405264710382725,True,absolute_error,20,0.875,1.0,2,8,200,"{'bootstrap': True, 'criterion': 'absolute_error', 'max_depth': 20, 'max_features': 0.875, 'max_samples': 1.0, 'min_samples_leaf': 2, 'min_samples_split': 8, 'n_estimators': 200}",-9.530582150407731,-9.61276642446261,-10.227665407854985,-9.696865772823138,-9.709593128390598,-9.755494576787811,0.24472290384690062,28,-14.399357271201161,-14.457197420546647,-15.398139681269363,-14.040553572688056,-14.463902676783327,-14.551830124497712,0.45112706281588727,69,-0.43068559347629115,-0.39297608234937936,-0.4341389728096677,-0.3983127448026514,-0.4478601567209162,-0.42079471003178115,0.02139042839952708,82,2.3333637873754154,-0.37377459884953057,2.564381419939577,0.01702997890931011,1.9888050030138635,1.305961118077727,1.231934189188033,7,-13.773325736325386,-11.755157935285053,-14.73266353514266,-12.193804841149772,-13.060324697173622,-13.103055349015298,1.072406179113058,90,9.755494576787811,14.551830124497712,0.42079471003178115,13.103055349015298,1.305961118077727,n200__absolute_error__boostrap_true__samples_1.0
134.76398935317994,6.78574999258374,3.2293710231781008,0.626256392716327,True,absolute_error,20,0.875,1.0,3,2,200,"{'bootstrap': True, 'criterion': 'absolute_error', 'max_depth': 20, 'max_features': 0.875, 'max_samples': 1.0, 'min_samples_leaf': 3, 'min_samples_split': 2, 'n_estimators': 200}",-9.534666263968589,-9.646213290947623,-10.175607250755286,-9.729155619162398,-9.68582353827607,-9.754293192621992,0.2203373684521532,26,-14.361049957109087,-14.448796960174636,-15.339761812311794,-14.092957430554614,-14.412197463780672,-14.530952724786157,0.4232567424088463,60,-0.4273633343400785,-0.3908567968513473,-0.4326283987915408,-0.39228683338354925,-0.44544906570223025,-0.41771688581374916,0.022147834817407792,63,2.330561763817578,-0.4197509839539818,2.4797794561933535,-0.12166239831274464,1.8582768233875828,1.2254409322263577,1.2422948341260278,11,-13.881897526501765,-11.802867931835786,-14.626162709497207,-12.245495391705068,-12.957823071718538,-13.102849326251675,1.036671574926388,88,9.754293192621992,14.530952724786157,0.41771688581374916,13.102849326251675,1.2254409322263577,n200__absolute_error__boostrap_true__samples_1.0
132.13124556541442,0.6400646603836362,1.6598916053771973,0.2435083434679304,True,absolute_error,20,0.875,1.0,3,4,200,"{'bootstrap': True, 'criterion': 'absolute_error', 'max_depth': 20, 'max_features': 0.875, 'max_samples': 1.0, 'min_samples_leaf': 3, 'min_samples_split': 4, 'n_estimators': 200}",-9.534666263968589,-9.646213290947623,-10.175607250755286,-9.729155619162398,-9.68582353827607,-9.754293192621992,0.2203373684521532,26,-14.361049957109087,-14.448796960174636,-15.339761812311794,-14.092957430554614,-14.412197463780672,-14.530952724786157,0.4232567424088463,60,-0.4273633343400785,-0.3908567968513473,-0.4326283987915408,-0.39228683338354925,-0.44544906570223025,-0.41771688581374916,0.022147834817407792,63,2.330561763817578,-0.4197509839539818,2.4797794561933535,-0.12166239831274464,1.8582768233875828,1.2254409322263577,1.2422948341260278,11,-13.881897526501765,-11.802867931835786,-14.626162709497207,-12.245495391705068,-12.957823071718538,-13.102849326251675,1.036671574926388,88,9.754293192621992,14.530952724786157,0.41771688581374916,13.102849326251675,1.2254409322263577,n200__absolute_error__boostrap_true__samples_1.0
131.55774240493776,0.5101654250621669,1.848487377166748,0.07958458735722329,True,absolute_error,20,0.875,1.0,3,8,200,"{'bootstrap': True, 'criterion': 'absolute_error', 'max_depth': 20, 'max_features': 0.875, 'max_samples': 1.0, 'min_samples_leaf': 3, 'min_samples_split': 8, 'n_estimators': 200}",-9.571581848384174,-9.697373599757796,-10.155114048338366,-9.770309581199157,-9.686421036769138,-9.776160022889727,0.19987646017257843,39,-14.386561867843996,-14.513025675179197,-15.334072879395718,-14.170122503854873,-14.467708091813563,-14.57429820361747,0.3977376674839247,85,-0.427061310782241,-0.3960036330608538,-0.4299093655589124,-0.3937933112383248,-0.4472573839662447,-0.41880500092131534,0.020719549534514613,74,2.213081395348837,-0.38382531032394784,2.5034932024169185,-0.05728005423320296,1.9838291139240507,1.2518596694265312,1.2178362077072822,9,-13.797390381895333,-11.75942278287462,-14.722413914265635,-12.332649196633515,-13.046458894878706,-13.131667034109563,1.049038362421204,95,9.776160022889727,14.57429820361747,0.41880500092131534,13.131667034109563,1.2518596694265312,n200__absolute_error__boostrap_true__samples_1.0
123.63329005241394,5.093294942112234,2.644737958908081,1.1706148205049745,True,absolute_error,20,0.875,1.0,4,2,200,"{'bootstrap': True, 'criterion': 'absolute_error', 'max_depth': 20, 'max_features': 0.875, 'max_samples': 1.0, 'min_samples_leaf': 4, 'min_samples_split': 2, 'n_estimators': 200}",-9.50006720024162,-9.657037541628823,-10.164276435045318,-9.661263181681228,-9.614678270042194,-9.719464525727835,0.2298945433342493,7,-14.345138968653313,-14.502991733863599,-15.305739056896098,-14.03227018791398,-14.381825902962367,-14.51359317005787,0.42544535260657285,39,-0.4219269102990033,-0.392067817135937,-0.4326283987915408,-0.3934920156673697,-0.44454490657022305,-0.4169320096928148,0.020983131931077818,55,2.1853692237994555,-0.4519921283681503,2.4139939577039278,-0.03551144923169614,2.007215943339361,1.2238151094485796,1.2123582104243564,13,-13.8477022190408,-11.739098455598455,-14.537037360335194,-12.231190658499235,-13.07167627118644,-13.085340992932027,1.0228143008351018,82,9.719464525727835,14.51359317005787,0.4169320096928148,13.085340992932027,1.2238151094485796,n200__absolute_error__boostrap_true__samples_1.0
120.28710560798645,0.6917607161725856,2.497576951980591,0.2808538048707958,True,absolute_error,20,0.875,1.0,4,4,200,"{'bootstrap': True, 'criterion': 'absolute_error', 'max_depth': 20, 'max_features': 0.875, 'max_samples': 1.0, 'min_samples_leaf': 4, 'min_samples_split': 4, 'n_estimators': 200}",-9.50006720024162,-9.657037541628823,-10.164276435045318,-9.661263181681228,-9.614678270042194,-9.719464525727835,0.2298945433342493,7,-14.345138968653313,-14.502991733863599,-15.305739056896098,-14.03227018791398,-14.381825902962367,-14.51359317005787,0.42544535260657285,39,-0.4219269102990033,-0.392067817135937,-0.4326283987915408,-0.3934920156673697,-0.44454490657022305,-0.4169320096928148,0.020983131931077818,55,2.1853692237994555,-0.4519921283681503,2.4139939577039278,-0.03551144923169614,2.007215943339361,1.2238151094485796,1.2123582104243564,13,-13.8477022190408,-11.739098455598455,-14.537037360335194,-12.231190658499235,-13.07167627118644,-13.085340992932027,1.0228143008351018,82,9.719464525727835,14.51359317005787,0.4169320096928148,13.085340992932027,1.2238151094485796,n200__absolute_error__boostrap_true__samples_1.0
121.6411958694458,0.6385061763723335,2.5029340267181395,0.09103522616241466,True,absolute_error,20,0.875,1.0,4,8,200,"{'bootstrap': True, 'criterion': 'absolute_error', 'max_depth': 20, 'max_features': 0.875, 'max_samples': 1.0, 'min_samples_leaf': 4, 'min_samples_split': 8, 'n_estimators': 200}",-9.50006720024162,-9.657037541628823,-10.164276435045318,-9.661263181681228,-9.614678270042194,-9.719464525727835,0.2298945433342493,7,-14.345138968653313,-14.502991733863599,-15.305739056896098,-14.03227018791398,-14.381825902962367,-14.51359317005787,0.42544535260657285,39,-0.4219269102990033,-0.392067817135937,-0.4326283987915408,-0.3934920156673697,-0.44454490657022305,-0.4169320096928148,0.020983131931077818,55,2.1853692237994555,-0.4519921283681503,2.4139939577039278,-0.03551144923169614,2.007215943339361,1.2238151094485796,1.2123582104243564,13,-13.8477022190408,-11.739098455598455,-14.537037360335194,-12.231190658499235,-13.07167627118644,-13.085340992932027,1.0228143008351018,82,9.719464525727835,14.51359317005787,0.4169320096928148,13.085340992932027,1.2238151094485796,n200__absolute_error__boostrap_true__samples_1.0
217.10450186729432,2.8107431323735037,3.618019676208496,0.12355653381600117,True,absolute_error,20,1.0,1.0,1,2,200,"{'bootstrap': True, 'criterion': 'absolute_error', 'max_depth': 20, 'max_features': 1.0, 'max_samples': 1.0, 'min_samples_leaf': 1, 'min_samples_split': 2, 'n_estimators': 200}",-9.472991543340381,-9.621833181955799,-10.158827039274923,-9.693389575173246,-9.616195750452079,-9.712647418039285,0.23427855507976297,5,-14.27430193865361,-14.640973660967513,-15.368193770012255,-14.089023731908775,-14.39237783323067,-14.552974186954566,0.4452024958526231,71,-0.42464512231954094,-0.3996366939146231,-0.43444108761329303,-0.3995179270864718,-0.4472573839662447,-0.4210996429800347,0.018980098132758597,84,2.2183932346723045,-0.11985467756584954,2.5025551359516616,0.08339560108466411,1.9437560277275463,1.3256490643740653,1.1132682523166255,5,-13.76606507823613,-11.888270833333332,-14.572035813630043,-12.235727752639516,-12.923153638814016,-13.077050623330607,0.9853352203164728,80,9.712647418039285,14.552974186954566,0.4210996429800347,13.077050623330607,1.3256490643740653,n200__absolute_error__boostrap_true__samples_1.0
213.22018761634826,1.641237533348012,2.4867851734161377,0.20401852306084212,True,absolute_error,20,1.0,1.0,1,4,200,"{'bootstrap': True, 'criterion': 'absolute_error', 'max_depth': 20, 'max_features': 1.0, 'max_samples': 1.0, 'min_samples_leaf': 1, 'min_samples_split': 4, 'n_estimators': 200}",-9.516331923890062,-9.660637299424765,-10.160424471299093,-9.711269960831576,-9.61336196503918,-9.732405124096935,0.22345325190288876,18,-14.337909522757656,-14.624449261206792,-15.328707193927352,-14.098369403331045,-14.40112206184974,-14.558111488614514,0.42017039685895174,78,-0.425853216550891,-0.40054495912806537,-0.4377643504531722,-0.3995179270864718,-0.45057263411693793,-0.4228506174671076,0.020208424353757692,91,2.3170114768951984,-0.18153799576142923,2.543521148036254,0.0647393793311238,1.9593866787221215,1.3406241374446537,1.1600017252548018,4,-13.893687943262412,-11.83275321239607,-14.510027605244996,-12.23475678733032,-12.842267558528427,-13.062698621352444,1.003209617551421,75,9.732405124096935,14.558111488614514,0.4228506174671076,13.062698621352444,1.3406241374446537,n200__absolute_error__boostrap_true__samples_1.0
210.08563270568848,1.334879016116683,2.4962767124176026,0.46909342392170666,True,absolute_error,20,1.0,1.0,1,8,200,"{'bootstrap': True, 'criterion': 'absolute_error', 'max_depth': 20, 'max_features': 1.0, 'max_samples': 1.0, 'min_samples_leaf': 1, 'min_samples_split': 8, 'n_estimators': 200}",-9.515377529447298,-9.688129730547987,-10.164657854984895,-9.745525760771317,-9.651033755274263,-9.752944926205151,0.2193571262079325,23,-14.31665477323889,-14.652134408876085,-15.360331967365113,-14.104416077150187,-14.438559737115346,-14.574419392749125,0.4311616310492678,86,-0.4237390516460284,-0.4014532243415077,-0.4398791540785498,-0.40042181379933717,-0.4517781796262809,-0.4234542846983408,0.020428616315349785,93,2.24773180308064,-0.13119512564335498,2.522348187311178,0.05909912624284405,1.9090732368896928,1.3214114455762003,1.1268685003705579,6,-13.880133642195295,-11.902924208144796,-14.421013049450549,-12.242870579382997,-12.794007671781186,-13.048189830190964,0.9593284221878452,63,9.752944926205151,14.574419392749125,0.4234542846983408,13.048189830190964,1.3214114455762003,n200__absolute_error__boostrap_true__samples_1.0
180.3003652572632,4.015459540183249,4.165698575973511,0.3349964847500529,True,absolute_error,20,1.0,1.0,2,2,200,"{'bootstrap': True, 'criterion': 'absolute_error', 'max_depth': 20, 'max_features': 1.0, 'max_samples': 1.0, 'min_samples_leaf': 2, 'min_samples_split': 2, 'n_estimators': 200}",-9.522676683781334,-9.632424311232214,-10.146116314199395,-9.688736065079844,-9.6169853827607,-9.721387751410697,0.2189798718308707,13,-14.280727057006905,-14.549981907447137,-15.29018877958699,-14.035244772609289,-14.368351840497983,-14.50489887142966,0.42618910980148733,31,-0.4204167925098158,-0.3932788374205268,-0.43202416918429004,-0.3940946068092799,-0.44333936106088007,-0.41663075339695854,0.020088956906234374,49,2.080159317426759,-0.2669822888283375,2.3391283987915408,-0.04632871346791212,1.7881532549728754,1.1788259937789851,1.1064672421156514,25,-13.799206178160919,-11.90687259430331,-14.449706293706296,-12.23362003058104,-12.862763426240653,-13.050433704598442,0.9517101155513266,67,9.721387751410697,14.50489887142966,0.41663075339695854,13.050433704598442,1.1788259937789851,n200__absolute_error__boostrap_true__samples_1.0
179.74883308410645,2.228820848724184,3.1876399517059326,0.698554653567838,True,absolute_error,20,1.0,1.0,2,4,200,"{'bootstrap': True, 'criterion': 'absolute_error', 'max_depth': 20, 'max_features': 1.0, 'max_samples': 1.0, 'min_samples_leaf': 2, 'min_samples_split': 4, 'n_estimators': 200}",-9.522676683781334,-9.632424311232214,-10.146116314199395,-9.688736065079844,-9.6169853827607,-9.721387751410697,0.2189798718308707,13,-14.280727057006905,-14.549981907447137,-15.29018877958699,-14.035244772609289,-14.368351840497983,-14.50489887142966,0.42618910980148733,31,-0.4204167925098158,-0.3932788374205268,-0.43202416918429004,-0.3940946068092799,-0.44333936106088007,-0.41663075339695854,0.020088956906234374,49,2.080159317426759,-0.2669822888283375,2.3391283987915408,-0.04632871346791212,1.7881532549728754,1.1788259937789851,1.1064672421156514,25,-13.799206178160919,-11.90687259430331,-14.449706293706296,-12.23362003058104,-12.862763426240653,-13.050433704598442,0.9517101155513266,67,9.721387751410697,14.50489887142966,0.41663075339695854,13.050433704598442,1.1788259937789851,n200__absolute_error__boostrap_true__samples_1.0
179.05942964553833,0.7555561213711687,2.669917583465576,0.0728178274003054,True,absolute_error,20,1.0,1.0,2,8,200,"{'bootstrap': True, 'criterion': 'absolute_error', 'max_depth': 20, 'max_features': 1.0, 'max_samples': 1.0, 'min_samples_leaf': 2, 'min_samples_split': 8, 'n_estimators': 200}",-9.439314406523708,-9.639603390856797,-10.140222054380663,-9.684789093100331,-9.66391877637131,-9.713569544246564,0.23065677962599396,6,-14.193574496646196,-14.63221500884063,-15.305572091334952,-14.013345752736878,-14.390551238726587,-14.507051717657049,0.44919629253146653,36,-0.4216248867411658,-0.3978201634877384,-0.43383685800604227,-0.3977101536607412,-0.44273658830620854,-0.4187457300403793,0.01839547648791625,73,2.120105708245243,-0.22482288828337824,2.3904441087613297,-0.0590961132871343,1.8312906871609405,1.2115843005194002,1.1204509741621458,20,-13.708180515759311,-11.832960426179605,-14.441680013927575,-12.101392045454547,-12.981996255956432,-13.013241851455495,0.9745651266020479,46,9.713569544246564,14.507051717657049,0.4187457300403793,13.013241851455495,1.2115843005194002,n200__absolute_error__boostrap_true__samples_1.0
161.42044019699097,3.7540628836221868,3.907844638824463,0.6194961242803927,True,absolute_error,20,1.0,1.0,3,2,200,"{'bootstrap': True, 'criterion': 'absolute_error', 'max_depth': 20, 'max_features': 1.0, 'max_samples': 1.0, 'min_samples_leaf': 3, 'min_samples_split': 2, 'n_estimators': 200}",-9.52034355179704,-9.667344838026038,-10.12471752265861,-9.673039319072009,-9.643172845087403,-9.72572361532822,0.20706301212988548,15,-14.296405868291025,-14.686837473285287,-15.2868784737285,-14.059199083643819,-14.392683005793577,-14.544400780948441,0.42225626879160677,65,-0.42253095741467833,-0.394792612776264,-0.4326283987915408,-0.39228683338354925,-0.4421338155515371,-0.41687452358351385,0.020051817637067443,53,2.142773331319843,-0.2489403572509845,2.3690649546827798,-0.08689740885808969,1.7580583182640142,1.1868117676315124,1.1244222482261967,23,-13.801493924231595,-11.928293711656442,-14.439392458100558,-12.218281490015361,-12.893416837082482,-13.056175684217289,0.9454589139117319,73,9.72572361532822,14.544400780948441,0.41687452358351385,13.056175684217289,1.1868117676315124,n200__absolute_error__boostrap_true__samples_1.0
158.56108536720276,0.8926991426293591,3.49233717918396,0.9161270984578007,True,absolute_error,20,1.0,1.0,3,4,200,"{'bootstrap': True, 'criterion': 'absolute_error', 'max_depth': 20, 'max_features': 1.0, 'max_samples': 1.0, 'min_samples_leaf': 3, 'min_samples_split': 4, 'n_estimators': 200}",-9.52034355179704,-9.667344838026038,-10.12471752265861,-9.673039319072009,-9.643172845087403,-9.72572361532822,0.20706301212988548,15,-14.296405868291025,-14.686837473285287,-15.2868784737285,-14.059199083643819,-14.392683005793577,-14.544400780948441,0.42225626879160677,65,-0.42253095741467833,-0.394792612776264,-0.4326283987915408,-0.39228683338354925,-0.4421338155515371,-0.41687452358351385,0.020051817637067443,53,2.142773331319843,-0.2489403572509845,2.3690649546827798,-0.08689740885808969,1.7580583182640142,1.1868117676315124,1.1244222482261967,23,-13.801493924231595,-11.928293711656442,-14.439392458100558,-12.218281490015361,-12.893416837082482,-13.056175684217289,0.9454589139117319,73,9.72572361532822,14.544400780948441,0.41687452358351385,13.056175684217289,1.1868117676315124,n200__absolute_error__boostrap_true__samples_1.0
157.6330801486969,0.3976515416807708,3.161051034927368,0.1381984299179082,True,absolute_error,20,1.0,1.0,3,8,200,"{'bootstrap': True, 'criterion': 'absolute_error', 'max_depth': 20, 'max_features': 1.0, 'max_samples': 1.0, 'min_samples_leaf': 3, 'min_samples_split': 8, 'n_estimators': 200}",-9.476259438236182,-9.60582349379352,-10.090787009063446,-9.64856733956011,-9.590644213381553,-9.682416298806961,0.21199132701176032,1,-14.250663536136665,-14.620327664885298,-15.242132621469123,-14.006150521841972,-14.3534114441661,-14.494537157699833,0.42252444794252925,15,-0.4219269102990033,-0.3884347562821677,-0.43051359516616317,-0.39198553781259415,-0.4430379746835443,-0.41517975484869457,0.021494175165194515,33,2.140969495620658,-0.32902815622161635,2.3835498489425984,-0.08005423320277166,1.7786610910186866,1.1788196092315109,1.1485021020941024,27,-13.766873657838227,-11.941252922837101,-14.487738596491228,-12.205186395080709,-12.831073129251703,-13.046424940299792,0.9562316969012549,62,9.682416298806961,14.494537157699833,0.41517975484869457,13.046424940299792,1.1788196092315109,n200__absolute_error__boostrap_true__samples_1.0
147.1326144218445,4.138988406621157,3.128280830383301,0.7275691642247674,True,absolute_error,20,1.0,1.0,4,2,200,"{'bootstrap': True, 'criterion': 'absolute_error', 'max_depth': 20, 'max_features': 1.0, 'max_samples': 1.0, 'min_samples_leaf': 4, 'min_samples_split': 2, 'n_estimators': 200}",-9.467829960736937,-9.609005449591281,-10.125762084592145,-9.630500903886714,-9.60164029535865,-9.686947738833144,0.22676385790579776,2,-14.2775157559458,-14.598036368340216,-15.3051448254754,-14.049472822778668,-14.385691409708734,-14.523172236449764,0.4291211919443037,50,-0.4195107218363032,-0.3902512867090524,-0.42900302114803623,-0.3907803555287737,-0.4403254972875226,-0.4139741765019377,0.020256556687854983,18,2.1104288734521295,-0.3004874356645469,2.303988670694864,-0.03972808074721304,1.7055040687160943,1.1559412192902658,1.1028951409919845,28,-13.799717422606193,-11.926313033359193,-14.486786971830986,-12.271308789514265,-12.83952943189596,-13.06473112984132,0.9527516198437779,76,9.686947738833144,14.523172236449764,0.4139741765019377,13.06473112984132,1.1559412192902658,n200__absolute_error__boostrap_true__samples_1.0
141.5322287082672,1.263292233869043,3.620123052597046,0.46913815865433,True,absolute_error,20,1.0,1.0,4,4,200,"{'bootstrap': True, 'criterion': 'absolute_error', 'max_depth': 20, 'max_features': 1.0, 'max_samples': 1.0, 'min_samples_leaf': 4, 'min_samples_split': 4, 'n_estimators': 200}",-9.467829960736937,-9.609005449591281,-10.125762084592145,-9.630500903886714,-9.60164029535865,-9.686947738833144,0.22676385790579776,2,-14.2775157559458,-14.598036368340216,-15.3051448254754,-14.049472822778668,-14.385691409708734,-14.523172236449764,0.4291211919443037,50,-0.4195107218363032,-0.3902512867090524,-0.42900302114803623,-0.3907803555287737,-0.4403254972875226,-0.4139741765019377,0.020256556687854983,18,2.1104288734521295,-0.3004874356645469,2.303988670694864,-0.03972808074721304,1.7055040687160943,1.1559412192902658,1.1028951409919845,28,-13.799717422606193,-11.926313033359193,-14.486786971830986,-12.271308789514265,-12.83952943189596,-13.06473112984132,0.9527516198437779,76,9.686947738833144,14.523172236449764,0.4139741765019377,13.06473112984132,1.1559412192902658,n200__absolute_error__boostrap_true__samples_1.0
141.94892473220824,0.8957330905766142,3.147619438171387,0.32632854370513326,True,absolute_error,20,1.0,1.0,4,8,200,"{'bootstrap': True, 'criterion': 'absolute_error', 'max_depth': 20, 'max_features': 1.0, 'max_samples': 1.0, 'min_samples_leaf': 4, 'min_samples_split': 8, 'n_estimators': 200}",-9.467829960736937,-9.609005449591281,-10.125762084592145,-9.630500903886714,-9.60164029535865,-9.686947738833144,0.22676385790579776,2,-14.2775157559458,-14.598036368340216,-15.3051448254754,-14.049472822778668,-14.385691409708734,-14.523172236449764,0.4291211919443037,50,-0.4195107218363032,-0.3902512867090524,-0.42900302114803623,-0.3907803555287737,-0.4403254972875226,-0.4139741765019377,0.020256556687854983,18,2.1104288734521295,-0.3004874356645469,2.303988670694864,-0.03972808074721304,1.7055040687160943,1.1559412192902658,1.1028951409919845,28,-13.799717422606193,-11.926313033359193,-14.486786971830986,-12.271308789514265,-12.83952943189596,-13.06473112984132,0.9527516198437779,76,9.686947738833144,14.523172236449764,0.4139741765019377,13.06473112984132,1.1559412192902658,n200__absolute_error__boostrap_true__samples_1.0
197.4324089050293,1.4551891823211214,3.617958498001099,0.09059449858945276,True,absolute_error,22,0.875,1.0,1,2,200,"{'bootstrap': True, 'criterion': 'absolute_error', 'max_depth': 22, 'max_features': 0.875, 'max_samples': 1.0, 'min_samples_leaf': 1, 'min_samples_split': 2, 'n_estimators': 200}",-9.584966777408638,-9.775830305782621,-10.30115483383686,-9.831804760470021,-9.726250753465944,-9.844001486192818,0.24279599198983948,72,-14.382698636144037,-14.591929810473266,-15.459214718693042,-14.138665245832613,-14.443253480068533,-14.603152378242296,0.4523017760260996,95,-0.42555119299305344,-0.3981229185588859,-0.4368580060422961,-0.3977101536607412,-0.4499698613622664,-0.4216424265234486,0.02085740549169986,88,2.181079734219269,-0.3828345443536175,2.454778700906344,-0.04758360952093999,1.8711543098251964,1.2153189182152504,1.1872735027792791,19,-13.824478353442156,-11.796602661596957,-14.59963347164592,-12.30069318181818,-12.886868720696585,-13.08165527783996,1.0154061003654642,81,9.844001486192818,14.603152378242296,0.4216424265234486,13.08165527783996,1.2153189182152504,n200__absolute_error__boostrap_true__samples_1.0
190.70718684196473,3.0359469112876227,3.428658437728882,0.4335859524309325,True,absolute_error,22,0.875,1.0,1,4,200,"{'bootstrap': True, 'criterion': 'absolute_error', 'max_depth': 22, 'max_features': 0.875, 'max_samples': 1.0, 'min_samples_leaf': 1, 'min_samples_split': 4, 'n_estimators': 200}",-9.606048021745696,-9.737783075991523,-10.306173716012085,-9.873086773124433,-9.792041892706449,-9.863026695916037,0.23800980323099802,79,-14.342429786655414,-14.512300945520268,-15.405509181400578,-14.214548212935252,-14.47949576639968,-14.59085677858224,0.42084556270850276,92,-0.427061310782241,-0.3996366939146231,-0.43746223564954684,-0.402832178366978,-0.4499698613622664,-0.42339245601513104,0.019518396036530147,92,2.2059000302023555,-0.283956251892219,2.4737658610271906,0.036586321181079205,1.9139572031344183,1.2692506327305648,1.1554850515962567,8,-13.82933521923621,-11.828026515151516,-14.606906077348068,-12.30000186985789,-13.007536838580041,-13.114361304034745,1.0067897042885592,93,9.863026695916037,14.59085677858224,0.42339245601513104,13.114361304034745,1.2692506327305648,n200__absolute_error__boostrap_true__samples_1.0
184.60137596130372,1.6361731349220678,2.8954981327056886,0.3097728719639677,True,absolute_error,22,0.875,1.0,1,8,200,"{'bootstrap': True, 'criterion': 'absolute_error', 'max_depth': 22, 'max_features': 0.875, 'max_samples': 1.0, 'min_samples_leaf': 1, 'min_samples_split': 8, 'n_estimators': 200}",-9.592763515554212,-9.689281713593703,-10.249988670694865,-9.815503163603495,-9.705240355635926,-9.81055548381644,0.23080639084421156,55,-14.352087419355133,-14.446653468955674,-15.364631555924802,-14.123660619158768,-14.432319608906452,-14.543870534460165,0.42635678892914713,64,-0.42615524010872846,-0.3996366939146231,-0.4353474320241692,-0.3977101536607412,-0.45087402049427366,-0.42194470804050715,0.02058750995022893,89,2.193918755662942,-0.3147161671207992,2.447147280966768,-0.0822280807472128,1.9061550632911388,1.2300553704105672,1.1811742545648638,10,-13.829094613749115,-11.728859848484849,-14.582761970853575,-12.23664393939394,-12.87654077540107,-13.050780229576509,1.0385944460226433,69,9.81055548381644,14.543870534460165,0.42194470804050715,13.050780229576509,1.2300553704105672,n200__absolute_error__boostrap_true__samples_1.0
153.87625584602355,4.312327250290189,3.8928751945495605,0.24947819434864502,True,absolute_error,22,0.875,1.0,2,2,200,"{'bootstrap': True, 'criterion': 'absolute_error', 'max_depth': 22, 'max_features': 0.875, 'max_samples': 1.0, 'min_samples_leaf': 2, 'min_samples_split': 2, 'n_estimators': 200}",-9.605120809423136,-9.728767786860429,-10.270148036253776,-9.872979813196746,-9.775277275467147,-9.850458744240246,0.22684706081101552,74,-14.389114685364468,-14.57160150007613,-15.327608686782682,-14.171979804301024,-14.420533210596215,-14.576167577424105,0.3968030207557356,87,-0.4213228631833283,-0.3926733272782319,-0.43323262839879156,-0.3952997890931003,-0.4448462929475588,-0.4174749801802021,0.020587178194275732,61,2.11842041679251,-0.4752089009990917,2.3225649546827793,-0.15056492919554088,1.8145780590717302,1.1259579200704775,1.1903187532853328,36,-13.912775985663082,-11.782769853508094,-14.533430962343095,-12.297520960365853,-13.026808943089431,-13.11066134099391,1.009869853437206,91,9.850458744240246,14.576167577424105,0.4174749801802021,13.11066134099391,1.1259579200704775,n200__absolute_error__boostrap_true__samples_1.0
154.05965433120727,1.2802945073226377,3.830785894393921,0.18393980258006165,True,absolute_error,22,0.875,1.0,2,4,200,"{'bootstrap': True, 'criterion': 'absolute_error', 'max_depth': 22, 'max_features': 0.875, 'max_samples': 1.0, 'min_samples_leaf': 2, 'min_samples_split': 4, 'n_estimators': 200}",-9.605120809423136,-9.728767786860429,-10.270148036253776,-9.872979813196746,-9.775277275467147,-9.850458744240246,0.22684706081101552,74,-14.389114685364468,-14.57160150007613,-15.327608686782682,-14.171979804301024,-14.420533210596215,-14.576167577424105,0.3968030207557356,87,-0.4213228631833283,-0.3926733272782319,-0.43323262839879156,-0.3952997890931003,-0.4448462929475588,-0.4174749801802021,0.020587178194275732,61,2.11842041679251,-0.4752089009990917,2.3225649546827793,-0.15056492919554088,1.8145780590717302,1.1259579200704775,1.1903187532853328,36,-13.912775985663082,-11.782769853508094,-14.533430962343095,-12.297520960365853,-13.026808943089431,-13.11066134099391,1.009869853437206,91,9.850458744240246,14.576167577424105,0.4174749801802021,13.11066134099391,1.1259579200704775,n200__absolute_error__boostrap_true__samples_1.0
155.24292998313905,0.15731070894165744,3.2974335670471193,0.03998163348375705,True,absolute_error,22,0.875,1.0,2,8,200,"{'bootstrap': True, 'criterion': 'absolute_error', 'max_depth': 22, 'max_features': 0.875, 'max_samples': 1.0, 'min_samples_leaf': 2, 'min_samples_split': 8, 'n_estimators': 200}",-9.57327091513138,-9.688487738419619,-10.243133685800604,-9.839536004820731,-9.694139541892707,-9.807713577213008,0.23352968196789364,54,-14.330524970372064,-14.499403087168664,-15.301232119259126,-14.125308782457076,-14.334091451855283,-14.51811208222244,0.40913908836578117,45,-0.42464512231954094,-0.3938843475628217,-0.43383685800604227,-0.3934920156673697,-0.44695599758890897,-0.4185628682289367,0.02151295146565256,71,2.1031591664149807,-0.4458068422646074,2.37458836858006,-0.15261072612232623,1.7992450271247735,1.135714998746576,1.1892873538007658,34,-13.748456614509248,-11.732734435049961,-14.542012534818943,-12.308922281776416,-12.857400539447069,-13.037905281120327,1.0034630975318,58,9.807713577213008,14.51811208222244,0.4185628682289367,13.037905281120327,1.135714998746576,n200__absolute_error__boostrap_true__samples_1.0
138.65676727294922,2.4084075366475455,3.7442538738250732,0.055300025547992133,True,absolute_error,22,0.875,1.0,3,2,200,"{'bootstrap': True, 'criterion': 'absolute_error', 'max_depth': 22, 'max_features': 0.875, 'max_samples': 1.0, 'min_samples_leaf': 3, 'min_samples_split': 2, 'n_estimators': 200}",-9.579876925400182,-9.7119459582198,-10.18854682779456,-9.782175354022296,-9.70608273056058,-9.793725559199483,0.20790269267169842,47,-14.349298749607303,-14.477177537032825,-15.274548678564512,-14.099035382588903,-14.403214107861647,-14.52065489113104,0.39778496649479134,48,-0.425853216550891,-0.39358159249167424,-0.4335347432024169,-0.39198553781259415,-0.44424352019288726,-0.4178397220500926,0.02128194554880359,67,2.1805745998187853,-0.5005063578564942,2.319590634441087,-0.2056477854775533,1.815769288728149,1.1219560759307947,1.219122212986577,39,-13.808104609929076,-11.702071153846155,-14.425761324041812,-12.215409300538049,-12.967946065128903,-13.0238584906968,0.9984199102513533,48,9.793725559199483,14.52065489113104,0.4178397220500926,13.0238584906968,1.1219560759307947,n200__absolute_error__boostrap_true__samples_1.0
136.4591607093811,2.2803332848038176,3.7866444110870363,0.31831601148544014,True,absolute_error,22,0.875,1.0,3,4,200,"{'bootstrap': True, 'criterion': 'absolute_error', 'max_depth': 22, 'max_features': 0.875, 'max_samples': 1.0, 'min_samples_leaf': 3, 'min_samples_split': 4, 'n_estimators': 200}",-9.579876925400182,-9.7119459582198,-10.18854682779456,-9.782175354022296,-9.70608273056058,-9.793725559199483,0.20790269267169842,47,-14.349298749607303,-14.477177537032825,-15.274548678564512,-14.099035382588903,-14.403214107861647,-14.52065489113104,0.39778496649479134,48,-0.425853216550891,-0.39358159249167424,-0.4335347432024169,-0.39198553781259415,-0.44424352019288726,-0.4178397220500926,0.02128194554880359,67,2.1805745998187853,-0.5005063578564942,2.319590634441087,-0.2056477854775533,1.815769288728149,1.1219560759307947,1.219122212986577,39,-13.808104609929076,-11.702071153846155,-14.425761324041812,-12.215409300538049,-12.967946065128903,-13.0238584906968,0.9984199102513533,48,9.793725559199483,14.52065489113104,0.4178397220500926,13.0238584906968,1.1219560759307947,n200__absolute_error__boostrap_true__samples_1.0
133.75301661491395,1.0663779621430016,3.1858551025390627,0.3105330548987706,True,absolute_error,22,0.875,1.0,3,8,200,"{'bootstrap': True, 'criterion': 'absolute_error', 'max_depth': 22, 'max_features': 0.875, 'max_samples': 1.0, 'min_samples_leaf': 3, 'min_samples_split': 8, 'n_estimators': 200}",-9.640855481727575,-9.741852104147744,-10.185371601208459,-9.748524404941248,-9.666890446051838,-9.796698807615373,0.19876258570933722,50,-14.43657417410379,-14.555690003572273,-15.27224244322729,-14.040847948741902,-14.381263366401035,-14.537323587209258,0.4053236599391278,62,-0.4219269102990033,-0.3926733272782319,-0.4323262839879154,-0.3928894245254595,-0.44665461121157324,-0.41729411146043666,0.02149995227786309,58,2.0565576864995463,-0.5639668483197091,2.3972839879154075,-0.22208722506779174,1.8519552441229659,1.1039485690300839,1.239355266989627,43,-13.861895132426628,-11.686412875867386,-14.552267645003493,-12.123560199386503,-12.894578272604589,-13.02374282505772,1.063423814827395,47,9.796698807615373,14.537323587209258,0.41729411146043666,13.02374282505772,1.1039485690300839,n200__absolute_error__boostrap_true__samples_1.0
122.84462904930115,1.249698086833432,3.0524090766906737,0.22086335609489666,True,absolute_error,22,0.875,1.0,4,2,200,"{'bootstrap': True, 'criterion': 'absolute_error', 'max_depth': 22, 'max_features': 0.875, 'max_samples': 1.0, 'min_samples_leaf': 4, 'min_samples_split': 2, 'n_estimators': 200}",-9.570804137722742,-9.692941265516197,-10.16861404833837,-9.675410515215427,-9.670303646775166,-9.755614722713581,0.21088482738520353,29,-14.394482098502136,-14.526913269234102,-15.284246388743798,-14.014156281099861,-14.399815470364386,-14.523922701588855,0.4171619183893819,53,-0.4216248867411658,-0.38994853163790494,-0.43051359516616317,-0.39439590238023503,-0.44424352019288726,-0.4161452872236713,0.020905935636957328,41,2.094297040169133,-0.4958885861338183,2.3853844410876137,-0.1283044591744498,1.8269160638939121,1.1364808999684781,1.2015144337787804,31,-13.833506446991404,-11.79264945652174,-14.580257894736842,-12.103454927425517,-12.940222184531887,-13.050018182041478,1.0435037812674808,64,9.755614722713581,14.523922701588855,0.4161452872236713,13.050018182041478,1.1364808999684781,n200__absolute_error__boostrap_true__samples_1.0
121.6839201927185,1.1883603250902606,3.7664693355560304,0.11631147204013124,True,absolute_error,22,0.875,1.0,4,4,200,"{'bootstrap': True, 'criterion': 'absolute_error', 'max_depth': 22, 'max_features': 0.875, 'max_samples': 1.0, 'min_samples_leaf': 4, 'min_samples_split': 4, 'n_estimators': 200}",-9.570804137722742,-9.692941265516197,-10.16861404833837,-9.675410515215427,-9.670303646775166,-9.755614722713581,0.21088482738520353,29,-14.394482098502136,-14.526913269234102,-15.284246388743798,-14.014156281099861,-14.399815470364386,-14.523922701588855,0.4171619183893819,53,-0.4216248867411658,-0.38994853163790494,-0.43051359516616317,-0.39439590238023503,-0.44424352019288726,-0.4161452872236713,0.020905935636957328,41,2.094297040169133,-0.4958885861338183,2.3853844410876137,-0.1283044591744498,1.8269160638939121,1.1364808999684781,1.2015144337787804,31,-13.833506446991404,-11.79264945652174,-14.580257894736842,-12.103454927425517,-12.940222184531887,-13.050018182041478,1.0435037812674808,64,9.755614722713581,14.523922701588855,0.4161452872236713,13.050018182041478,1.1364808999684781,n200__absolute_error__boostrap_true__samples_1.0
122.54703850746155,1.1530667325833235,3.6946274757385256,0.08990404986710303,True,absolute_error,22,0.875,1.0,4,8,200,"{'bootstrap': True, 'criterion': 'absolute_error', 'max_depth': 22, 'max_features': 0.875, 'max_samples': 1.0, 'min_samples_leaf': 4, 'min_samples_split': 8, 'n_estimators': 200}",-9.570804137722742,-9.692941265516197,-10.16861404833837,-9.675410515215427,-9.670303646775166,-9.755614722713581,0.21088482738520353,29,-14.394482098502136,-14.526913269234102,-15.284246388743798,-14.014156281099861,-14.399815470364386,-14.523922701588855,0.4171619183893819,53,-0.4216248867411658,-0.38994853163790494,-0.43051359516616317,-0.39439590238023503,-0.44424352019288726,-0.4161452872236713,0.020905935636957328,41,2.094297040169133,-0.4958885861338183,2.3853844410876137,-0.1283044591744498,1.8269160638939121,1.1364808999684781,1.2015144337787804,31,-13.833506446991404,-11.79264945652174,-14.580257894736842,-12.103454927425517,-12.940222184531887,-13.050018182041478,1.0435037812674808,64,9.755614722713581,14.523922701588855,0.4161452872236713,13.050018182041478,1.1364808999684781,n200__absolute_error__boostrap_true__samples_1.0
227.28505020141603,1.731581614627054,3.2276607513427735,0.425182553800691,True,absolute_error,22,1.0,1.0,1,2,200,"{'bootstrap': True, 'criterion': 'absolute_error', 'max_depth': 22, 'max_features': 1.0, 'max_samples': 1.0, 'min_samples_leaf': 1, 'min_samples_split': 2, 'n_estimators': 200}",-9.526036695862278,-9.645214199212836,-10.18429078549849,-9.751713618559807,-9.67495705244123,-9.756442470314926,0.225909258492817,32,-14.275617977667087,-14.658592416342158,-15.329594067704113,-14.13446838017272,-14.403791466231986,-14.560412861623613,0.42150825411915366,81,-0.42766535789791604,-0.39660914320314866,-0.4335347432024169,-0.400120518228382,-0.44002411091018684,-0.4195907746884101,0.017801127230726976,75,2.160295228027786,-0.23876854374810783,2.3856744712990934,-0.04178743597469128,1.772038125376733,1.207490368996163,1.1195560659683823,21,-13.662939618644067,-11.858583969465649,-14.49706794425087,-12.13375188253012,-13.007236301369865,-13.031915943252113,0.9725098406022975,54,9.756442470314926,14.560412861623613,0.4195907746884101,13.031915943252113,1.207490368996163,n200__absolute_error__boostrap_true__samples_1.0
221.64374895095824,1.3629452348972992,3.2762194156646727,0.3668021466326558,True,absolute_error,22,1.0,1.0,1,4,200,"{'bootstrap': True, 'criterion': 'absolute_error', 'max_depth': 22, 'max_features': 1.0, 'max_samples': 1.0, 'min_samples_leaf': 1, 'min_samples_split': 4, 'n_estimators': 200}",-9.535320144971308,-9.685267181350287,-10.205567220543807,-9.804946520036156,-9.725183845690175,-9.791256982518346,0.22491933618330978,46,-14.274251107919321,-14.58331569163329,-15.322768079132214,-14.161439730183544,-14.432353209391703,-14.554825563652013,0.4096391854341792,75,-0.43068559347629115,-0.3944898577051166,-0.4341389728096677,-0.400120518228382,-0.4463532248342375,-0.421157633410739,0.020237813612453033,85,2.1916852914527336,-0.351249621556161,2.41615332326284,-0.021849201566737017,1.8434674502712474,1.2156414483727846,1.1640091552678558,18,-13.614346072931276,-11.830491174213355,-14.536497912317326,-12.22518825301205,-12.959076637407158,-13.033120009976233,0.96979596978403,55,9.791256982518346,14.554825563652013,0.421157633410739,13.033120009976233,1.2156414483727846,n200__absolute_error__boostrap_true__samples_1.0
215.95431370735167,1.2836007193184769,3.8761505603790285,0.13288534270647578,True,absolute_error,22,1.0,1.0,1,8,200,"{'bootstrap': True, 'criterion': 'absolute_error', 'max_depth': 22, 'max_features': 1.0, 'max_samples': 1.0, 'min_samples_leaf': 1, 'min_samples_split': 8, 'n_estimators': 200}",-9.578183328299607,-9.661597033000303,-10.18916767371601,-9.761566736968966,-9.665186106088004,-9.77114017561458,0.21693176335669734,34,-14.374092529101993,-14.622594947427023,-15.315478407297986,-14.09874883573192,-14.389695962480623,-14.560122136407909,0.41254899496184383,80,-0.4213228631833283,-0.3963063881320012,-0.4335347432024169,-0.3974088580897861,-0.4451476793248945,-0.41874410638648546,0.019396935883285105,72,2.1792102083962552,-0.25567060248259144,2.383922960725076,-0.07201416089183492,1.7932677817962628,1.2057432375086334,1.135722226130396,22,-13.95294982078853,-11.866988158899924,-14.500672473867596,-12.190911675511751,-12.870396073121192,-13.076383640437797,1.0085728391039213,79,9.77114017561458,14.560122136407909,0.41874410638648546,13.076383640437797,1.2057432375086334,n200__absolute_error__boostrap_true__samples_1.0
184.9343002796173,1.6001286227093199,3.987670087814331,0.3564890849278344,True,absolute_error,22,1.0,1.0,2,2,200,"{'bootstrap': True, 'criterion': 'absolute_error', 'max_depth': 22, 'max_features': 1.0, 'max_samples': 1.0, 'min_samples_leaf': 2, 'min_samples_split': 2, 'n_estimators': 200}",-9.577860918151615,-9.680339842567362,-10.194641993957704,-9.784429798131969,-9.677021549125978,-9.782858820386926,0.2160109528376315,41,-14.301461583033342,-14.58454049233694,-15.265020353524084,-14.085340216093053,-14.357466442518891,-14.518765817501261,0.40554124599794694,46,-0.42283298097251587,-0.3944898577051166,-0.43323262839879156,-0.3934920156673697,-0.4430379746835443,-0.4174170914854677,0.020169085375210862,59,1.9773625792811842,-0.37170526793823805,2.2477613293051357,-0.17508360952093968,1.6896149789029535,1.0735900020060192,1.115619483058077,47,-13.664051785714285,-11.79831926323868,-14.35995641562064,-12.210344563552832,-12.828061224489796,-12.972146650523246,0.9363463488528639,26,9.782858820386926,14.518765817501261,0.4174170914854677,12.972146650523246,1.0735900020060192,n200__absolute_error__boostrap_true__samples_1.0
185.87759470939636,0.9474886772900384,3.4152514934539795,0.21786706042607173,True,absolute_error,22,1.0,1.0,2,4,200,"{'bootstrap': True, 'criterion': 'absolute_error', 'max_depth': 22, 'max_features': 1.0, 'max_samples': 1.0, 'min_samples_leaf': 2, 'min_samples_split': 4, 'n_estimators': 200}",-9.577860918151615,-9.680339842567362,-10.194641993957704,-9.784429798131969,-9.677021549125978,-9.782858820386926,0.2160109528376315,41,-14.301461583033342,-14.58454049233694,-15.265020353524084,-14.085340216093053,-14.357466442518891,-14.518765817501261,0.40554124599794694,46,-0.42283298097251587,-0.3944898577051166,-0.43323262839879156,-0.3934920156673697,-0.4430379746835443,-0.4174170914854677,0.020169085375210862,59,1.9773625792811842,-0.37170526793823805,2.2477613293051357,-0.17508360952093968,1.6896149789029535,1.0735900020060192,1.115619483058077,47,-13.664051785714285,-11.79831926323868,-14.35995641562064,-12.210344563552832,-12.828061224489796,-12.972146650523246,0.9363463488528639,26,9.782858820386926,14.518765817501261,0.4174170914854677,12.972146650523246,1.0735900020060192,n200__absolute_error__boostrap_true__samples_1.0
180.1910933494568,1.8494436224768183,3.9229633808135986,0.553809138715998,True,absolute_error,22,1.0,1.0,2,8,200,"{'bootstrap': True, 'criterion': 'absolute_error', 'max_depth': 22, 'max_features': 1.0, 'max_samples': 1.0, 'min_samples_leaf': 2, 'min_samples_split': 8, 'n_estimators': 200}",-9.524302325581395,-9.647257039055402,-10.150695619335348,-9.70472356131365,-9.619631555153708,-9.729322020087903,0.21861405657537283,17,-14.282820444497062,-14.6069253832914,-15.2190647065422,-14.00120310323289,-14.278200476911502,-14.477642822895012,0.4174082425974247,5,-0.4216248867411658,-0.39176506206478956,-0.43474320241691844,-0.3928894245254595,-0.44153104279686556,-0.4165107237090398,0.02076009564496734,48,2.0376683781334943,-0.31789736603088087,2.2209901812688817,-0.17397634829767983,1.7001167872212173,1.0933803264590065,1.1071775565272002,45,-13.711205229226362,-11.906829598145286,-14.228728283530229,-12.129045245398773,-12.818745733788397,-12.958910818017808,0.8937092692279546,18,9.729322020087903,14.477642822895012,0.4165107237090398,12.958910818017808,1.0933803264590065,n200__absolute_error__boostrap_true__samples_1.0
161.58151483535767,1.6237584159914584,4.075404024124145,0.5941154355037844,True,absolute_error,22,1.0,1.0,3,2,200,"{'bootstrap': True, 'criterion': 'absolute_error', 'max_depth': 22, 'max_features': 1.0, 'max_samples': 1.0, 'min_samples_leaf': 3, 'min_samples_split': 2, 'n_estimators': 200}",-9.522469042585321,-9.68965561610657,-10.124196374622356,-9.742775685447425,-9.691191983122362,-9.754057740376808,0.19943066730823508,24,-14.231218510477689,-14.603414696869171,-15.205218947832043,-14.06858378982175,-14.373449800707132,-14.496377149141557,0.3955606469616573,16,-0.42011476895197825,-0.392067817135937,-0.43051359516616317,-0.39198553781259415,-0.44183242917420135,-0.4153028296481748,0.020208432415739438,35,2.064672304439746,-0.42852179836512294,2.262623867069486,-0.24312368183187735,1.6746835443037975,1.066066847123206,1.161649766993515,49,-13.79044751976995,-11.810627413127412,-14.38609649122807,-12.117350115295926,-12.862201568894951,-12.993344621663264,0.9755527326791033,37,9.754057740376808,14.496377149141557,0.4153028296481748,12.993344621663264,1.066066847123206,n200__absolute_error__boostrap_true__samples_1.0
161.0867786884308,0.5925954175789736,3.078649568557739,0.0788243885624808,True,absolute_error,22,1.0,1.0,3,4,200,"{'bootstrap': True, 'criterion': 'absolute_error', 'max_depth': 22, 'max_features': 1.0, 'max_samples': 1.0, 'min_samples_leaf': 3, 'min_samples_split': 4, 'n_estimators': 200}",-9.522469042585321,-9.68965561610657,-10.124196374622356,-9.742775685447425,-9.691191983122362,-9.754057740376808,0.19943066730823508,24,-14.231218510477689,-14.603414696869171,-15.205218947832043,-14.06858378982175,-14.373449800707132,-14.496377149141557,0.3955606469616573,16,-0.42011476895197825,-0.392067817135937,-0.43051359516616317,-0.39198553781259415,-0.44183242917420135,-0.4153028296481748,0.020208432415739438,35,2.064672304439746,-0.42852179836512294,2.262623867069486,-0.24312368183187735,1.6746835443037975,1.066066847123206,1.161649766993515,49,-13.79044751976995,-11.810627413127412,-14.38609649122807,-12.117350115295926,-12.862201568894951,-12.993344621663264,0.9755527326791033,37,9.754057740376808,14.496377149141557,0.4153028296481748,12.993344621663264,1.066066847123206,n200__absolute_error__boostrap_true__samples_1.0
159.8470603942871,0.6240041227820526,3.745261478424072,0.6192354782874983,True,absolute_error,22,1.0,1.0,3,8,200,"{'bootstrap': True, 'criterion': 'absolute_error', 'max_depth': 22, 'max_features': 1.0, 'max_samples': 1.0, 'min_samples_leaf': 3, 'min_samples_split': 8, 'n_estimators': 200}",-9.548782845061915,-9.640323947926127,-10.103743957703928,-9.732865320879782,-9.650633664858347,-9.73526994728602,0.19325338857323035,19,-14.28774866806038,-14.58167947232852,-15.16893838076087,-14.042747886034276,-14.403153567831534,-14.496853595003117,0.37884296197576306,18,-0.42011476895197825,-0.38994853163790494,-0.4299093655589124,-0.39168424224163906,-0.44424352019288726,-0.4151800857166644,0.021329191211530246,34,2.013859861069163,-0.43490765970330003,2.227168429003021,-0.26478005423320244,1.7321888185654015,1.0547058789402166,1.1587596427706102,57,-13.76129043853343,-11.803373447204969,-14.341293042867179,-12.086375,-12.8114670963365,-12.960759804988417,0.9667576322291428,19,9.73526994728602,14.496853595003117,0.4151800857166644,12.960759804988417,1.0547058789402166,n200__absolute_error__boostrap_true__samples_1.0
146.0081326007843,2.4677798729151834,4.186441278457641,0.44659038602702844,True,absolute_error,22,1.0,1.0,4,2,200,"{'bootstrap': True, 'criterion': 'absolute_error', 'max_depth': 22, 'max_features': 1.0, 'max_samples': 1.0, 'min_samples_leaf': 4, 'min_samples_split': 2, 'n_estimators': 200}",-9.507437330111749,-9.638285649409628,-10.147873111782477,-9.669032087978307,-9.640192887281493,-9.72056421331273,0.2208623259507389,10,-14.2930304924607,-14.630221851318112,-15.270682482146755,-14.061519706985647,-14.370927566862454,-14.525276419954732,0.4146024045345177,56,-0.41769858048927816,-0.39297608234937936,-0.42658610271903324,-0.38776739981922265,-0.44062688366485836,-0.4131310098083544,0.0200372608849131,6,1.9787571730594988,-0.32438313654253653,2.2162658610271904,-0.19312066887616766,1.6514707655213985,1.0657979988378767,1.0970472320230416,51,-13.749381778741865,-11.850469953775038,-14.49196175637394,-12.218550893550894,-12.813180574555403,-13.024708991399427,0.9748285790209852,50,9.72056421331273,14.525276419954732,0.4131310098083544,13.024708991399427,1.0657979988378767,n200__absolute_error__boostrap_true__samples_1.0
145.38606219291688,0.8880409228378472,3.0405532836914064,0.08931044576742583,True,absolute_error,22,1.0,1.0,4,4,200,"{'bootstrap': True, 'criterion': 'absolute_error', 'max_depth': 22, 'max_features': 1.0, 'max_samples': 1.0, 'min_samples_leaf': 4, 'min_samples_split': 4, 'n_estimators': 200}",-9.507437330111749,-9.638285649409628,-10.147873111782477,-9.669032087978307,-9.640192887281493,-9.72056421331273,0.2208623259507389,10,-14.2930304924607,-14.630221851318112,-15.270682482146755,-14.061519706985647,-14.370927566862454,-14.525276419954732,0.4146024045345177,56,-0.41769858048927816,-0.39297608234937936,-0.42658610271903324,-0.38776739981922265,-0.44062688366485836,-0.4131310098083544,0.0200372608849131,6,1.9787571730594988,-0.32438313654253653,2.2162658610271904,-0.19312066887616766,1.6514707655213985,1.0657979988378767,1.0970472320230416,51,-13.749381778741865,-11.850469953775038,-14.49196175637394,-12.218550893550894,-12.813180574555403,-13.024708991399427,0.9748285790209852,50,9.72056421331273,14.525276419954732,0.4131310098083544,13.024708991399427,1.0657979988378767,n200__absolute_error__boostrap_true__samples_1.0
144.74600734710694,1.367699814339855,3.57912335395813,0.11766427702480176,True,absolute_error,22,1.0,1.0,4,8,200,"{'bootstrap': True, 'criterion': 'absolute_error', 'max_depth': 22, 'max_features': 1.0, 'max_samples': 1.0, 'min_samples_leaf': 4, 'min_samples_split': 8, 'n_estimators': 200}",-9.507437330111749,-9.638285649409628,-10.147873111782477,-9.669032087978307,-9.640192887281493,-9.72056421331273,0.2208623259507389,10,-14.2930304924607,-14.630221851318112,-15.270682482146755,-14.061519706985647,-14.370927566862454,-14.525276419954732,0.4146024045345177,56,-0.41769858048927816,-0.39297608234937936,-0.42658610271903324,-0.38776739981922265,-0.44062688366485836,-0.4131310098083544,0.0200372608849131,6,1.9787571730594988,-0.32438313654253653,2.2162658610271904,-0.19312066887616766,1.6514707655213985,1.0657979988378767,1.0970472320230416,51,-13.749381778741865,-11.850469953775038,-14.49196175637394,-12.218550893550894,-12.813180574555403,-13.024708991399427,0.9748285790209852,50,9.72056421331273,14.525276419954732,0.4131310098083544,13.024708991399427,1.0657979988378767,n200__absolute_error__boostrap_true__samples_1.0
205.81769633293152,2.2919412111036963,4.10070390701294,0.642909073740269,True,absolute_error,24,0.875,1.0,1,2,200,"{'bootstrap': True, 'criterion': 'absolute_error', 'max_depth': 24, 'max_features': 0.875, 'max_samples': 1.0, 'min_samples_leaf': 1, 'min_samples_split': 2, 'n_estimators': 200}",-9.56025974025974,-9.771159551922494,-10.271961480362537,-9.87402530882796,-9.789298523206751,-9.853340920915896,0.23341927995068756,77,-14.293226403733701,-14.521361182396625,-15.346646695424518,-14.149599381410555,-14.477085048544401,-14.557583742301958,0.41635285485273704,77,-0.42222893385684085,-0.3993339388434756,-0.43474320241691844,-0.39891533594456163,-0.45147679324894513,-0.42133964086214837,0.020375449102974157,86,2.02094835397161,-0.4364108386315471,2.359982628398792,-0.08726724917143715,1.811869349005425,1.1338244487145688,1.1581797256012158,35,-13.71437052932761,-11.687898028809705,-14.528052466990966,-12.266710725075527,-12.84802236315087,-13.009010822670936,1.0126485635249687,45,9.853340920915896,14.557583742301958,0.42133964086214837,13.009010822670936,1.1338244487145688,n200__absolute_error__boostrap_true__samples_1.0
198.84579648971558,1.0862557517080345,2.767688179016113,0.24407862233441113,True,absolute_error,24,0.875,1.0,1,4,200,"{'bootstrap': True, 'criterion': 'absolute_error', 'max_depth': 24, 'max_features': 0.875, 'max_samples': 1.0, 'min_samples_leaf': 1, 'min_samples_split': 4, 'n_estimators': 200}",-9.652769556025369,-9.856173175900697,-10.320833836858005,-9.942168574871948,-9.803382308619652,-9.915065490455135,0.22366185332518615,94,-14.340587435503423,-14.637769480881174,-15.396499600220078,-14.227423117273348,-14.434058812122714,-14.607267689200148,0.4169457855166192,96,-0.43008154636061613,-0.3981229185588859,-0.43836858006042295,-0.400120518228382,-0.4451476793248945,-0.42236824850664034,0.01958165247791084,90,2.077265176683781,-0.43765516197396326,2.34078247734139,-0.10310861705332945,1.738436558167571,1.12314408663309,1.1585650709635453,38,-13.636989115168541,-11.828655893536123,-14.441747070985526,-12.295120481927711,-12.964033513879487,-13.033309215099479,0.9326347590943806,56,9.915065490455135,14.607267689200148,0.42236824850664034,13.033309215099479,1.12314408663309,n200__absolute_error__boostrap_true__samples_1.0
192.4253294467926,2.2077372754896025,3.962740421295166,1.0781206953966704,True,absolute_error,24,0.875,1.0,1,8,200,"{'bootstrap': True, 'criterion': 'absolute_error', 'max_depth': 24, 'max_features': 0.875, 'max_samples': 1.0, 'min_samples_leaf': 1, 'min_samples_split': 8, 'n_estimators': 200}",-9.658684687405618,-9.76513851044505,-10.270096676737161,-9.896283519132268,-9.755842374924653,-9.86920915372895,0.2142181615159473,81,-14.387475307453748,-14.533786388320667,-15.334501662178049,-14.166987545223154,-14.371790541159134,-14.558908288866949,0.40501367348101164,79,-0.427061310782241,-0.39691189827429607,-0.4368580060422961,-0.3986140403736065,-0.4478601567209162,-0.42146108243867114,0.020444993084736997,87,2.0832482633645424,-0.43039433848016917,2.372333836858006,-0.1889168424224165,1.7577637130801682,1.1188069264800262,1.1848973455605691,42,-13.747362093352193,-11.759214340198321,-14.469725103734442,-12.176398337112623,-12.854019179004037,-13.001343810680321,0.9957722734410975,40,9.86920915372895,14.558908288866949,0.42146108243867114,13.001343810680321,1.1188069264800262,n200__absolute_error__boostrap_true__samples_1.0
161.79252548217772,3.9361016893194445,3.9227643489837645,0.6730972919026423,True,absolute_error,24,0.875,1.0,2,2,200,"{'bootstrap': True, 'criterion': 'absolute_error', 'max_depth': 24, 'max_features': 0.875, 'max_samples': 1.0, 'min_samples_leaf': 2, 'min_samples_split': 2, 'n_estimators': 200}",-9.647160223497432,-9.803154707841355,-10.314753021148038,-9.927787737270261,-9.791277124773961,-9.89682656290621,0.22709887721944524,89,-14.32316999399083,-14.530031915308545,-15.344813560797487,-14.169755244338846,-14.404931427178502,-14.554540428322841,0.4120939359033201,73,-0.42011476895197825,-0.3932788374205268,-0.4323262839879154,-0.3937933112383248,-0.4436407474382158,-0.41663078980739215,0.020272585267501912,51,1.933030051344005,-0.5396064184075077,2.254529456193353,-0.3938739078035551,1.743441078963231,0.9995040520579053,1.209162109536446,68,-13.782174694464414,-11.777328714395688,-14.536801187980432,-12.105225707727621,-13.000066236413044,-13.04031930819624,1.0257653749382993,60,9.89682656290621,14.554540428322841,0.41663078980739215,13.04031930819624,0.9995040520579053,n200__absolute_error__boostrap_true__samples_1.0
166.32115983963013,1.723590341067323,2.607562303543091,0.5604330647267636,True,absolute_error,24,0.875,1.0,2,4,200,"{'bootstrap': True, 'criterion': 'absolute_error', 'max_depth': 24, 'max_features': 0.875, 'max_samples': 1.0, 'min_samples_leaf': 2, 'min_samples_split': 4, 'n_estimators': 200}",-9.647160223497432,-9.803154707841355,-10.314753021148038,-9.927787737270261,-9.791277124773961,-9.89682656290621,0.22709887721944524,89,-14.32316999399083,-14.530031915308545,-15.344813560797487,-14.169755244338846,-14.404931427178502,-14.554540428322841,0.4120939359033201,73,-0.42011476895197825,-0.3932788374205268,-0.4323262839879154,-0.3937933112383248,-0.4436407474382158,-0.41663078980739215,0.020272585267501912,51,1.933030051344005,-0.5396064184075077,2.254529456193353,-0.3938739078035551,1.743441078963231,0.9995040520579053,1.209162109536446,68,-13.782174694464414,-11.777328714395688,-14.536801187980432,-12.105225707727621,-13.000066236413044,-13.04031930819624,1.0257653749382993,60,9.89682656290621,14.554540428322841,0.41663078980739215,13.04031930819624,0.9995040520579053,n200__absolute_error__boostrap_true__samples_1.0
164.18262643814086,2.3186878108427234,2.6485193729400636,0.9221711494935956,True,absolute_error,24,0.875,1.0,2,8,200,"{'bootstrap': True, 'criterion': 'absolute_error', 'max_depth': 24, 'max_features': 0.875, 'max_samples': 1.0, 'min_samples_leaf': 2, 'min_samples_split': 8, 'n_estimators': 200}",-9.600265780730897,-9.759942476536482,-10.260276435045316,-9.85508662247665,-9.756980108499095,-9.846510284657688,0.22245088192094567,73,-14.29357798844357,-14.50889519091355,-15.298034475643458,-14.099286785095657,-14.379868763763112,-14.51593264077187,0.4131056874217229,43,-0.42253095741467833,-0.3911595519224947,-0.429607250755287,-0.39258812895450435,-0.44424352019288726,-0.41602588184797035,0.02093163790986035,40,2.0040516460283895,-0.5245973357553736,2.1887205438066464,-0.26666993070201866,1.7157157926461726,1.0234441432047632,1.1712836501281352,59,-13.73191386704789,-11.805087074303406,-14.48881153305204,-12.211801611665388,-12.912620420624151,-13.030046901338574,0.9802502128117578,53,9.846510284657688,14.51593264077187,0.41602588184797035,13.030046901338574,1.0234441432047632,n200__absolute_error__boostrap_true__samples_1.0
144.2498794078827,2.6381536705873425,3.3176971435546876,0.8336437727113427,True,absolute_error,24,0.875,1.0,3,2,200,"{'bootstrap': True, 'criterion': 'absolute_error', 'max_depth': 24, 'max_features': 0.875, 'max_samples': 1.0, 'min_samples_leaf': 3, 'min_samples_split': 2, 'n_estimators': 200}",-9.587964361220175,-9.725317892824705,-10.23608761329305,-9.826251883097319,-9.749383664858346,-9.82500108305872,0.21946974264864927,62,-14.269510778400136,-14.436504443370124,-15.311266485244623,-14.052574005027232,-14.36281591318876,-14.486534325046174,0.43206785339999737,9,-0.4204167925098158,-0.392067817135937,-0.4323262839879154,-0.39258812895450435,-0.4412296564195298,-0.41572573580154043,0.020214253121069965,37,1.968212020537602,-0.5559930366333641,2.3046993957703927,-0.3497996384453147,1.673077154912598,1.0080391792283827,1.2112355789430609,64,-13.74371408045977,-11.6935444015444,-14.503845213137666,-12.06920376055257,-12.943895150273223,-12.990840521193524,1.0383253057264357,35,9.82500108305872,14.486534325046174,0.41572573580154043,12.990840521193524,1.0080391792283827,n200__absolute_error__boostrap_true__samples_1.0
142.0064043045044,0.7475777337539719,2.669241762161255,1.002798975894774,True,absolute_error,24,0.875,1.0,3,4,200,"{'bootstrap': True, 'criterion': 'absolute_error', 'max_depth': 24, 'max_features': 0.875, 'max_samples': 1.0, 'min_samples_leaf': 3, 'min_samples_split': 4, 'n_estimators': 200}",-9.587964361220175,-9.725317892824705,-10.23608761329305,-9.826251883097319,-9.749383664858346,-9.82500108305872,0.21946974264864927,62,-14.269510778400136,-14.436504443370124,-15.311266485244623,-14.052574005027232,-14.36281591318876,-14.486534325046174,0.43206785339999737,9,-0.4204167925098158,-0.392067817135937,-0.4323262839879154,-0.39258812895450435,-0.4412296564195298,-0.41572573580154043,0.020214253121069965,37,1.968212020537602,-0.5559930366333641,2.3046993957703927,-0.3497996384453147,1.673077154912598,1.0080391792283827,1.2112355789430609,64,-13.74371408045977,-11.6935444015444,-14.503845213137666,-12.06920376055257,-12.943895150273223,-12.990840521193524,1.0383253057264357,35,9.82500108305872,14.486534325046174,0.41572573580154043,12.990840521193524,1.0080391792283827,n200__absolute_error__boostrap_true__samples_1.0
141.59924392700196,0.71397578869378,2.611383819580078,0.2905998980840767,True,absolute_error,24,0.875,1.0,3,8,200,"{'bootstrap': True, 'criterion': 'absolute_error', 'max_depth': 24, 'max_features': 0.875, 'max_samples': 1.0, 'min_samples_leaf': 3, 'min_samples_split': 8, 'n_estimators': 200}",-9.639936575052854,-9.747332727823192,-10.231083836858005,-9.856437933112383,-9.686699065702232,-9.832298027709735,0.21214803557969952,68,-14.35478128188865,-14.523531351180377,-15.303406912721405,-14.127500574626252,-14.331678678940735,-14.528179759871486,0.40748552432734425,59,-0.42222893385684085,-0.39176506206478956,-0.4335347432024169,-0.39168424224163906,-0.4430379746835443,-0.4164501912098461,0.021236260700110386,47,1.964176985804893,-0.6220738722373597,2.252263595166163,-0.2606500451943359,1.6935480711271849,1.005452946933309,1.1999186479916732,67,-13.741494992846924,-11.646340803709428,-14.397170731707316,-12.249392307692307,-12.843421768707485,-12.975564120932692,0.9918908394572323,30,9.832298027709735,14.528179759871486,0.4164501912098461,12.975564120932692,1.005452946933309,n200__absolute_error__boostrap_true__samples_1.0
130.74335851669312,3.729247872601494,2.9608650684356688,0.7629485571784844,True,absolute_error,24,0.875,1.0,4,2,200,"{'bootstrap': True, 'criterion': 'absolute_error', 'max_depth': 24, 'max_features': 0.875, 'max_samples': 1.0, 'min_samples_leaf': 4, 'min_samples_split': 2, 'n_estimators': 200}",-9.613176532769556,-9.778408265213441,-10.167777190332325,-9.710486592347092,-9.667287522603978,-9.787427220653278,0.19771906865629119,43,-14.396905139360323,-14.570547083999667,-15.202674599779556,-13.98493301597414,-14.353520060437326,-14.501715979910205,0.3990219749134249,20,-0.42222893385684085,-0.3908567968513473,-0.4280966767371601,-0.38987646881590843,-0.4409282700421941,-0.4143974292606901,0.02053448920037197,23,1.9927899426155242,-0.518562670299728,2.247003776435046,-0.1776604398915338,1.7663908981314045,1.0619923013981425,1.1663367237200957,54,-13.743689198855506,-11.845573199070486,-14.499973535638674,-12.225444358578052,-12.965463089542038,-13.05602867633695,0.9717127814120046,70,9.787427220653278,14.501715979910205,0.4143974292606901,13.05602867633695,1.0619923013981425,n200__absolute_error__boostrap_true__samples_1.0
128.66393423080444,1.285348315759955,3.321036386489868,0.6957767634833122,True,absolute_error,24,0.875,1.0,4,4,200,"{'bootstrap': True, 'criterion': 'absolute_error', 'max_depth': 24, 'max_features': 0.875, 'max_samples': 1.0, 'min_samples_leaf': 4, 'min_samples_split': 4, 'n_estimators': 200}",-9.613176532769556,-9.778408265213441,-10.167777190332325,-9.710486592347092,-9.667287522603978,-9.787427220653278,0.19771906865629119,43,-14.396905139360323,-14.570547083999667,-15.202674599779556,-13.98493301597414,-14.353520060437326,-14.501715979910205,0.3990219749134249,20,-0.42222893385684085,-0.3908567968513473,-0.4280966767371601,-0.38987646881590843,-0.4409282700421941,-0.4143974292606901,0.02053448920037197,23,1.9927899426155242,-0.518562670299728,2.247003776435046,-0.1776604398915338,1.7663908981314045,1.0619923013981425,1.1663367237200957,54,-13.743689198855506,-11.845573199070486,-14.499973535638674,-12.225444358578052,-12.965463089542038,-13.05602867633695,0.9717127814120046,70,9.787427220653278,14.501715979910205,0.4143974292606901,13.05602867633695,1.0619923013981425,n200__absolute_error__boostrap_true__samples_1.0
130.66757926940917,0.49451073189499467,3.004798650741577,0.3157973213732559,True,absolute_error,24,0.875,1.0,4,8,200,"{'bootstrap': True, 'criterion': 'absolute_error', 'max_depth': 24, 'max_features': 0.875, 'max_samples': 1.0, 'min_samples_leaf': 4, 'min_samples_split': 8, 'n_estimators': 200}",-9.613176532769556,-9.778408265213441,-10.167777190332325,-9.710486592347092,-9.667287522603978,-9.787427220653278,0.19771906865629119,43,-14.396905139360323,-14.570547083999667,-15.202674599779556,-13.98493301597414,-14.353520060437326,-14.501715979910205,0.3990219749134249,20,-0.42222893385684085,-0.3908567968513473,-0.4280966767371601,-0.38987646881590843,-0.4409282700421941,-0.4143974292606901,0.02053448920037197,23,1.9927899426155242,-0.518562670299728,2.247003776435046,-0.1776604398915338,1.7663908981314045,1.0619923013981425,1.1663367237200957,54,-13.743689198855506,-11.845573199070486,-14.499973535638674,-12.225444358578052,-12.965463089542038,-13.05602867633695,0.9717127814120046,70,9.787427220653278,14.501715979910205,0.4143974292606901,13.05602867633695,1.0619923013981425,n200__absolute_error__boostrap_true__samples_1.0
234.74023613929748,2.0813235123564375,3.6809869766235352,0.07175784542153948,True,absolute_error,24,1.0,1.0,1,2,200,"{'bootstrap': True, 'criterion': 'absolute_error', 'max_depth': 24, 'max_features': 1.0, 'max_samples': 1.0, 'min_samples_leaf': 1, 'min_samples_split': 2, 'n_estimators': 200}",-9.615487768045908,-9.650890099909173,-10.269335347432024,-9.752600180777343,-9.68371383363472,-9.794405445959834,0.24172997934499096,49,-14.37161456241522,-14.597780295604345,-15.352913314644189,-14.040548733492278,-14.38558408852026,-14.549688198935257,0.43939658865716896,68,-0.42222893385684085,-0.3999394489857705,-0.43474320241691844,-0.3974088580897861,-0.44454490657022305,-0.41977306998390784,0.018640335382316967,77,2.029805194805195,-0.274983348471087,2.3025679758308155,-0.13333383549261849,1.6855296865581668,1.1219171346460943,1.1011668542968116,41,-13.79025929899857,-11.721657834973504,-14.458999305072968,-12.102481046247156,-12.787508474576269,-12.972181191973693,1.0231491497395895,28,9.794405445959834,14.549688198935257,0.41977306998390784,12.972181191973693,1.1219171346460943,n200__absolute_error__boostrap_true__samples_1.0
225.20701293945314,2.649314165410911,3.485040855407715,0.35200914607315476,True,absolute_error,24,1.0,1.0,1,4,200,"{'bootstrap': True, 'criterion': 'absolute_error', 'max_depth': 24, 'max_features': 1.0, 'max_samples': 1.0, 'min_samples_leaf': 1, 'min_samples_split': 4, 'n_estimators': 200}",-9.55696239806705,-9.806136088404482,-10.265689577039275,-9.86656297077433,-9.761999698613621,-9.851470146579752,0.23177596153885324,76,-14.233677007111746,-14.696348454504971,-15.313571917164202,-14.151771692490712,-14.416460460552344,-14.562365906364795,0.41956505906571406,82,-0.4243430987617034,-0.39358159249167424,-0.4353474320241692,-0.3980114492316963,-0.44695599758890897,-0.41964791401963036,0.02079346426203214,76,1.9748089700996676,-0.41241976990614587,2.2275868580060423,-0.23823666767098517,1.6162386980108494,1.0335956177078856,1.127784419027221,58,-13.587791814946616,-11.933632692307691,-14.34862768910479,-12.095539364118093,-12.728589008766013,-12.938836113848641,0.9137223823054946,5,9.851470146579752,14.562365906364795,0.41964791401963036,12.938836113848641,1.0335956177078856,n200__absolute_error__boostrap_true__samples_1.0
216.8599757671356,1.0464868218485182,3.045481967926025,0.11363137215026753,True,absolute_error,24,1.0,1.0,1,8,200,"{'bootstrap': True, 'criterion': 'absolute_error', 'max_depth': 24, 'max_features': 1.0, 'max_samples': 1.0, 'min_samples_leaf': 1, 'min_samples_split': 8, 'n_estimators': 200}",-9.596565237088493,-9.743879806236754,-10.210581570996979,-9.84497137692076,-9.758597799879444,-9.830919158224486,0.20594610971885355,67,-14.324359706618855,-14.6501102426004,-15.256149365641626,-14.12689380793744,-14.476994758960835,-14.56690157635183,0.38535771118058426,83,-0.42253095741467833,-0.39721465334544354,-0.43021148036253776,-0.3946971979511901,-0.4460518384569018,-0.41814122550615035,0.01965455145358728,70,2.07673890063425,-0.3379609445958225,2.2337870090634437,-0.16935673395601064,1.6789986437613025,1.0964413749814326,1.1183618527625956,44,-13.813548963545388,-11.839843749999998,-14.46308286516854,-12.257009541984733,-12.820927364864867,-13.038882497112706,0.9721088927992588,59,9.830919158224486,14.56690157635183,0.41814122550615035,13.038882497112706,1.0964413749814326,n200__absolute_error__boostrap_true__samples_1.0
181.81103758811952,3.4415767344295087,3.8888112545013427,0.22402430339397805,True,absolute_error,24,1.0,1.0,2,2,200,"{'bootstrap': True, 'criterion': 'absolute_error', 'max_depth': 24, 'max_features': 1.0, 'max_samples': 1.0, 'min_samples_leaf': 2, 'min_samples_split': 2, 'n_estimators': 200}",-9.612566445182726,-9.6988987284287,-10.184803625377643,-9.888060409761978,-9.737304852320674,-9.824326812214345,0.20107360992232262,60,-14.268482276375167,-14.530680076899344,-15.230390540490452,-14.134237305625497,-14.349119823513178,-14.502582004580727,0.385882341555927,25,-0.4155844155844156,-0.3908567968513473,-0.4299093655589124,-0.39228683338354925,-0.44183242917420135,-0.4140939681104852,0.020185577551473734,21,1.8160789791603746,-0.5003353012412958,2.1378640483383684,-0.2944915637240131,1.5283476491862564,0.9374927623439382,1.1087875704602352,82,-13.750089026162788,-11.767178543764524,-14.331704146170063,-12.227747695852536,-12.748784106412005,-12.965100703672382,0.949664305434547,22,9.824326812214345,14.502582004580727,0.4140939681104852,12.965100703672382,0.9374927623439382,n200__absolute_error__boostrap_true__samples_1.0
183.4682247161865,2.11763599876632,4.1279298782348635,0.27505361504992326,True,absolute_error,24,1.0,1.0,2,4,200,"{'bootstrap': True, 'criterion': 'absolute_error', 'max_depth': 24, 'max_features': 1.0, 'max_samples': 1.0, 'min_samples_leaf': 2, 'min_samples_split': 4, 'n_estimators': 200}",-9.612566445182726,-9.6988987284287,-10.184803625377643,-9.888060409761978,-9.737304852320674,-9.824326812214345,0.20107360992232262,60,-14.268482276375167,-14.530680076899344,-15.230390540490452,-14.134237305625497,-14.349119823513178,-14.502582004580727,0.385882341555927,25,-0.4155844155844156,-0.3908567968513473,-0.4299093655589124,-0.39228683338354925,-0.44183242917420135,-0.4140939681104852,0.020185577551473734,21,1.8160789791603746,-0.5003353012412958,2.1378640483383684,-0.2944915637240131,1.5283476491862564,0.9374927623439382,1.1087875704602352,82,-13.750089026162788,-11.767178543764524,-14.331704146170063,-12.227747695852536,-12.748784106412005,-12.965100703672382,0.949664305434547,22,9.824326812214345,14.502582004580727,0.4140939681104852,12.965100703672382,0.9374927623439382,n200__absolute_error__boostrap_true__samples_1.0
180.78602385520935,1.4167396662310159,3.8230540275573732,0.16493552913075218,True,absolute_error,24,1.0,1.0,2,8,200,"{'bootstrap': True, 'criterion': 'absolute_error', 'max_depth': 24, 'max_features': 1.0, 'max_samples': 1.0, 'min_samples_leaf': 2, 'min_samples_split': 8, 'n_estimators': 200}",-9.562347478103293,-9.72819633666364,-10.216611782477342,-9.815573214823742,-9.713777878239902,-9.807301338061585,0.22027714186662498,53,-14.208316224980127,-14.652305623601375,-15.281000371959447,-14.096699962888582,-14.34636297956421,-14.516937032598747,0.42498445788227246,44,-0.4204167925098158,-0.3923705722070845,-0.43051359516616317,-0.3931907200964146,-0.4388185654008439,-0.41506204907606437,0.01910525464649338,29,1.915669737239505,-0.4218657281259463,2.2040558912386707,-0.2398034046399516,1.5305183845690178,0.9977149760562591,1.1071079385129852,70,-13.650759698275861,-11.859108796296297,-14.425407017543861,-12.177003831417624,-12.812010645604394,-12.984857997827607,0.9453488645965852,34,9.807301338061585,14.516937032598747,0.41506204907606437,12.984857997827607,0.9977149760562591,n200__absolute_error__boostrap_true__samples_1.0
165.45104355812072,1.156136301494027,4.202482414245606,0.24816938517912465,True,absolute_error,24,1.0,1.0,3,2,200,"{'bootstrap': True, 'criterion': 'absolute_error', 'max_depth': 24, 'max_features': 1.0, 'max_samples': 1.0, 'min_samples_leaf': 3, 'min_samples_split': 2, 'n_estimators': 200}",-9.609581697372395,-9.738601271571298,-10.165667673716012,-9.795672642362158,-9.75101341169379,-9.81210733934313,0.18731110749620733,56,-14.287406527696952,-14.641863142189209,-15.204027595869183,-14.026411737895089,-14.399710650931342,-14.511883930916355,0.3986511376612506,37,-0.4219269102990033,-0.39176506206478956,-0.429607250755287,-0.3910816510997288,-0.4349005424954792,-0.4138562833428575,0.018776553296820504,15,1.894272123225612,-0.4524523160762945,2.1165800604229603,-0.3378645676408557,1.5084576552139843,0.9457985910290813,1.1126376963783289,79,-13.632519685039371,-11.85168083462133,-14.294739803094233,-12.091858628659475,-12.944880457380458,-12.963135881758973,0.9182628505504464,20,9.81210733934313,14.511883930916355,0.4138562833428575,12.963135881758973,0.9457985910290813,n200__absolute_error__boostrap_true__samples_1.0
168.98673615455627,1.1150406423601713,4.3662004470825195,0.46936970749042145,True,absolute_error,24,1.0,1.0,3,4,200,"{'bootstrap': True, 'criterion': 'absolute_error', 'max_depth': 24, 'max_features': 1.0, 'max_samples': 1.0, 'min_samples_leaf': 3, 'min_samples_split': 4, 'n_estimators': 200}",-9.609581697372395,-9.738601271571298,-10.165667673716012,-9.795672642362158,-9.75101341169379,-9.81210733934313,0.18731110749620733,56,-14.287406527696952,-14.641863142189209,-15.204027595869183,-14.026411737895089,-14.399710650931342,-14.511883930916355,0.3986511376612506,37,-0.4219269102990033,-0.39176506206478956,-0.429607250755287,-0.3910816510997288,-0.4349005424954792,-0.4138562833428575,0.018776553296820504,15,1.894272123225612,-0.4524523160762945,2.1165800604229603,-0.3378645676408557,1.5084576552139843,0.9457985910290813,1.1126376963783289,79,-13.632519685039371,-11.85168083462133,-14.294739803094233,-12.091858628659475,-12.944880457380458,-12.963135881758973,0.9182628505504464,20,9.81210733934313,14.511883930916355,0.4138562833428575,12.963135881758973,0.9457985910290813,n200__absolute_error__boostrap_true__samples_1.0
171.4354320049286,3.0998514088297915,3.7195337295532225,0.5217422635917878,True,absolute_error,24,1.0,1.0,3,8,200,"{'bootstrap': True, 'criterion': 'absolute_error', 'max_depth': 24, 'max_features': 1.0, 'max_samples': 1.0, 'min_samples_leaf': 3, 'min_samples_split': 8, 'n_estimators': 200}",-9.560198580489278,-9.735538904026642,-10.124776435045318,-9.73489906598373,-9.66451250753466,-9.763985098615926,0.19144153837137995,33,-14.222331252294753,-14.671566548089631,-15.172174766119912,-14.043518560605348,-14.379119714919776,-14.497742168405884,0.3953013505920019,19,-0.4186046511627907,-0.38934302149561006,-0.4287009063444109,-0.39258812895450435,-0.4403254972875226,-0.41391244104896774,0.019983732108386783,17,1.8837941709453339,-0.5261413866182251,2.19133081570997,-0.3148297680024103,1.562958860759494,0.9594225385588325,1.1460310752203873,78,-13.669213564213564,-11.826842923794713,-14.36445207892882,-11.997394474290099,-12.749058863791923,-12.921392381003823,0.971922558733496,1,9.763985098615926,14.497742168405884,0.41391244104896774,12.921392381003823,0.9594225385588325,n200__absolute_error__boostrap_true__samples_1.0
158.16327304840087,3.116529985626626,3.7722293376922607,0.4069128534609812,True,absolute_error,24,1.0,1.0,4,2,200,"{'bootstrap': True, 'criterion': 'absolute_error', 'max_depth': 24, 'max_features': 1.0, 'max_samples': 1.0, 'min_samples_leaf': 4, 'min_samples_split': 2, 'n_estimators': 200}",-9.536370431893689,-9.671120950650923,-10.124567975830816,-9.710409008737571,-9.69673749246534,-9.747841171915667,0.1982633117437671,20,-14.239285600458738,-14.557881419079287,-15.134854767616966,-14.022134264897018,-14.40547362846386,-14.471925936103172,0.3762214675298772,2,-0.41920869827846574,-0.39297608234937936,-0.4283987915407855,-0.3892738776739982,-0.4370102471368294,-0.4133735393958916,0.019054402027390085,12,1.846314557535488,-0.4037776264002427,2.159012084592145,-0.3120299789093099,1.6070871006630496,0.979321227496226,1.1061634890101857,74,-13.57639409221902,-11.791230739599383,-14.336618476727786,-12.071679566563468,-12.93313448275862,-12.941811471573654,0.9411931286504571,9,9.747841171915667,14.471925936103172,0.4133735393958916,12.941811471573654,0.979321227496226,n200__absolute_error__boostrap_true__samples_1.0
155.4312910079956,0.8959447274172609,4.3818107604980465,0.15980288508533366,True,absolute_error,24,1.0,1.0,4,4,200,"{'bootstrap': True, 'criterion': 'absolute_error', 'max_depth': 24, 'max_features': 1.0, 'max_samples': 1.0, 'min_samples_leaf': 4, 'min_samples_split': 4, 'n_estimators': 200}",-9.536370431893689,-9.671120950650923,-10.124567975830816,-9.710409008737571,-9.69673749246534,-9.747841171915667,0.1982633117437671,20,-14.239285600458738,-14.557881419079287,-15.134854767616966,-14.022134264897018,-14.40547362846386,-14.471925936103172,0.3762214675298772,2,-0.41920869827846574,-0.39297608234937936,-0.4283987915407855,-0.3892738776739982,-0.4370102471368294,-0.4133735393958916,0.019054402027390085,12,1.846314557535488,-0.4037776264002427,2.159012084592145,-0.3120299789093099,1.6070871006630496,0.979321227496226,1.1061634890101857,74,-13.57639409221902,-11.791230739599383,-14.336618476727786,-12.071679566563468,-12.93313448275862,-12.941811471573654,0.9411931286504571,9,9.747841171915667,14.471925936103172,0.4133735393958916,12.941811471573654,0.979321227496226,n200__absolute_error__boostrap_true__samples_1.0
157.75904994010926,2.153866283089831,4.618775510787964,0.25371980265659433,True,absolute_error,24,1.0,1.0,4,8,200,"{'bootstrap': True, 'criterion': 'absolute_error', 'max_depth': 24, 'max_features': 1.0, 'max_samples': 1.0, 'min_samples_leaf': 4, 'min_samples_split': 8, 'n_estimators': 200}",-9.536370431893689,-9.671120950650923,-10.124567975830816,-9.710409008737571,-9.69673749246534,-9.747841171915667,0.1982633117437671,20,-14.239285600458738,-14.557881419079287,-15.134854767616966,-14.022134264897018,-14.40547362846386,-14.471925936103172,0.3762214675298772,2,-0.41920869827846574,-0.39297608234937936,-0.4283987915407855,-0.3892738776739982,-0.4370102471368294,-0.4133735393958916,0.019054402027390085,12,1.846314557535488,-0.4037776264002427,2.159012084592145,-0.3120299789093099,1.6070871006630496,0.979321227496226,1.1061634890101857,74,-13.57639409221902,-11.791230739599383,-14.336618476727786,-12.071679566563468,-12.93313448275862,-12.941811471573654,0.9411931286504571,9,9.747841171915667,14.471925936103172,0.4133735393958916,12.941811471573654,0.979321227496226,n200__absolute_error__boostrap_true__samples_1.0
220.09646863937377,1.8644945494596383,3.9121093273162844,0.2073612427880448,True,absolute_error,26,0.875,1.0,1,2,200,"{'bootstrap': True, 'criterion': 'absolute_error', 'max_depth': 26, 'max_features': 0.875, 'max_samples': 1.0, 'min_samples_leaf': 1, 'min_samples_split': 2, 'n_estimators': 200}",-9.642765780730898,-9.841522101120194,-10.350489425981872,-9.941501205182284,-9.789381404460519,-9.913131983495154,0.23900895794927107,93,-14.341316053532603,-14.598321200031688,-15.404244919404814,-14.2261786015101,-14.385063525851452,-14.591024860066131,0.42409137060825186,93,-0.4249471458773784,-0.3978201634877384,-0.43383685800604227,-0.39891533594456163,-0.4496684749849307,-0.4210375956601303,0.020135920550174193,83,2.01588266384778,-0.43584998486224624,2.2950830815709975,-0.15588957517324484,1.7179347498493065,1.0874321870465187,1.147537540325674,46,-13.717762970859987,-11.821512557077625,-14.574110376044569,-12.265273791540787,-12.795333445040212,-13.034798628112634,0.9957405373849151,57,9.913131983495154,14.591024860066131,0.4210375956601303,13.034798628112634,1.0874321870465187,n200__absolute_error__boostrap_true__samples_1.0
215.79644441604614,2.4431469317809933,4.124520015716553,0.38787506928481946,True,absolute_error,26,0.875,1.0,1,4,200,"{'bootstrap': True, 'criterion': 'absolute_error', 'max_depth': 26, 'max_features': 0.875, 'max_samples': 1.0, 'min_samples_leaf': 1, 'min_samples_split': 4, 'n_estimators': 200}",-9.691004983388703,-9.850349682107174,-10.391706193353475,-9.948112383247967,-9.801448915009042,-9.936524431421272,0.24218835601194283,96,-14.309331569095706,-14.575459533539103,-15.40503431790157,-14.187809969961824,-14.380969390008737,-14.571720956101387,0.43521193264308566,84,-0.4216248867411658,-0.39691189827429607,-0.43867069486404836,-0.40102440494124736,-0.4421338155515371,-0.42007314007445895,0.018623897531264685,80,1.9108690727876774,-0.5439600363306087,2.2782968277945623,-0.21187707140705053,1.6221059373116338,1.0110869460312428,1.157806985043341,62,-13.758526146131809,-11.723495423340962,-14.441360192837465,-12.139205484598047,-12.918662235855486,-12.99624989655275,1.0029813325617065,39,9.936524431421272,14.571720956101387,0.42007314007445895,12.99624989655275,1.0110869460312428,n200__absolute_error__boostrap_true__samples_1.0
208.74692783355712,2.408261127368023,3.9357791900634767,0.3066661012575678,True,absolute_error,26,0.875,1.0,1,8,200,"{'bootstrap': True, 'criterion': 'absolute_error', 'max_depth': 26, 'max_features': 0.875, 'max_samples': 1.0, 'min_samples_leaf': 1, 'min_samples_split': 8, 'n_estimators': 200}",-9.674372546058592,-9.829695731153498,-10.297533232628398,-9.956132118107865,-9.82911317058469,-9.917369359706608,0.21002399539997804,95,-14.321217974662147,-14.530395110181196,-15.295402749457985,-14.161135360098399,-14.459107547217783,-14.553451748323502,0.39185926020145184,72,-0.4279673814557535,-0.394792612776264,-0.43746223564954684,-0.3980114492316963,-0.44454490657022305,-0.42055571713669676,0.02043636908817374,81,1.9490946843853822,-0.5526627308507422,2.25779758308157,-0.25668800843627576,1.6518196202531639,1.0098722296866196,1.174499323031469,63,-13.579851799576572,-11.749248466257669,-14.350188190607733,-12.184880772142318,-12.913130508474577,-12.955459947411773,0.9365534946222718,15,9.917369359706608,14.553451748323502,0.42055571713669676,12.955459947411773,1.0098722296866196,n200__absolute_error__boostrap_true__samples_1.0
174.3140941619873,3.040567599362424,4.222381448745727,0.1613224440882173,True,absolute_error,26,0.875,1.0,2,2,200,"{'bootstrap': True, 'criterion': 'absolute_error', 'max_depth': 26, 'max_features': 0.875, 'max_samples': 1.0, 'min_samples_leaf': 2, 'min_samples_split': 2, 'n_estimators': 200}",-9.66251812141347,-9.839738873751136,-10.290414652567978,-9.926805513708947,-9.845499547920435,-9.912995341872392,0.20750763225660881,91,-14.264981124772255,-14.546894961142765,-15.200515567746447,-14.065112258059008,-14.369057451159932,-14.48931227257608,0.3882929902403211,11,-0.42313500453035335,-0.3911595519224947,-0.43202416918429004,-0.39168424224163906,-0.4436407474382158,-0.41632874306339857,0.02135161250437077,44,1.8307014497130774,-0.6303201634877379,2.0548632930513597,-0.40408180174751435,1.530987793851718,0.8764301142761806,1.1521971585615305,91,-13.581031406138473,-11.771946594427245,-14.287716783216782,-12.156123076923077,-12.821734035326086,-12.923710379206332,0.9185568746566494,2,9.912995341872392,14.48931227257608,0.41632874306339857,12.923710379206332,0.8764301142761806,n200__absolute_error__boostrap_true__samples_1.0
172.16212286949158,3.783334502238797,3.9689484596252442,0.3371577460821021,True,absolute_error,26,0.875,1.0,2,4,200,"{'bootstrap': True, 'criterion': 'absolute_error', 'max_depth': 26, 'max_features': 0.875, 'max_samples': 1.0, 'min_samples_leaf': 2, 'min_samples_split': 4, 'n_estimators': 200}",-9.66251812141347,-9.839738873751136,-10.290414652567978,-9.926805513708947,-9.845499547920435,-9.912995341872392,0.20750763225660881,91,-14.264981124772255,-14.546894961142765,-15.200515567746447,-14.065112258059008,-14.369057451159932,-14.48931227257608,0.3882929902403211,11,-0.42313500453035335,-0.3911595519224947,-0.43202416918429004,-0.39168424224163906,-0.4436407474382158,-0.41632874306339857,0.02135161250437077,44,1.8307014497130774,-0.6303201634877379,2.0548632930513597,-0.40408180174751435,1.530987793851718,0.8764301142761806,1.1521971585615305,91,-13.581031406138473,-11.771946594427245,-14.287716783216782,-12.156123076923077,-12.821734035326086,-12.923710379206332,0.9185568746566494,2,9.912995341872392,14.48931227257608,0.41632874306339857,12.923710379206332,0.8764301142761806,n200__absolute_error__boostrap_true__samples_1.0
165.0123915195465,2.013563222084148,4.117075443267822,0.3569808111896544,True,absolute_error,26,0.875,1.0,2,8,200,"{'bootstrap': True, 'criterion': 'absolute_error', 'max_depth': 26, 'max_features': 0.875, 'max_samples': 1.0, 'min_samples_leaf': 2, 'min_samples_split': 8, 'n_estimators': 200}",-9.650900030202354,-9.729984862246443,-10.267609516616314,-9.898811388972582,-9.80018459915612,-9.869498079438763,0.21513037441403202,82,-14.293139357539692,-14.441443240867608,-15.256427202824737,-14.114424382979642,-14.36001164756347,-14.49308916635503,0.39659269528386865,14,-0.4216248867411658,-0.3905540417801998,-0.43383685800604227,-0.39258812895450435,-0.44333936106088007,-0.4163886553085585,0.021410701756020067,46,1.9496692842041679,-0.6019618528610351,2.1594146525679756,-0.2786486893642664,1.5846315551537067,0.9626209899401097,1.164658442471547,77,-13.756978868194842,-11.685992248062016,-14.322231894150416,-12.252233307751345,-12.83984364377974,-12.971455992387671,0.9621498681158398,24,9.869498079438763,14.49308916635503,0.4163886553085585,12.971455992387671,0.9626209899401097,n200__absolute_error__boostrap_true__samples_1.0
148.43172330856322,2.477679056802498,4.615136241912841,0.4963820880668228,True,absolute_error,26,0.875,1.0,3,2,200,"{'bootstrap': True, 'criterion': 'absolute_error', 'max_depth': 26, 'max_features': 0.875, 'max_samples': 1.0, 'min_samples_leaf': 3, 'min_samples_split': 2, 'n_estimators': 200}",-9.653878737541529,-9.812306236754466,-10.274014350453173,-9.856972732750828,-9.782966395418926,-9.876027690583784,0.21015587478139242,86,-14.355878141679128,-14.499686800085032,-15.245851360503648,-14.05894160623235,-14.357287272606005,-14.503529036221233,0.3979705061672459,27,-0.42283298097251587,-0.39146230699364215,-0.4326283987915408,-0.38987646881590843,-0.43791440626883665,-0.4149429123684888,0.02040776600098063,27,1.9321300211416488,-0.6409877384196193,2.1206321752265866,-0.39821858993672765,1.6244989451476792,0.9276109626319136,1.1946829621443475,87,-13.700455357142857,-11.71417826759474,-14.324818435754189,-12.130450154559504,-13.024766001376463,-12.978933643285552,0.964741463211117,31,9.876027690583784,14.503529036221233,0.4149429123684888,12.978933643285552,0.9276109626319136,n200__absolute_error__boostrap_true__samples_1.0
149.84482436180116,1.9300135195955985,4.288396596908569,0.49347807375405794,True,absolute_error,26,0.875,1.0,3,4,200,"{'bootstrap': True, 'criterion': 'absolute_error', 'max_depth': 26, 'max_features': 0.875, 'max_samples': 1.0, 'min_samples_leaf': 3, 'min_samples_split': 4, 'n_estimators': 200}",-9.653878737541529,-9.812306236754466,-10.274014350453173,-9.856972732750828,-9.782966395418926,-9.876027690583784,0.21015587478139242,86,-14.355878141679128,-14.499686800085032,-15.245851360503648,-14.05894160623235,-14.357287272606005,-14.503529036221233,0.3979705061672459,27,-0.42283298097251587,-0.39146230699364215,-0.4326283987915408,-0.38987646881590843,-0.43791440626883665,-0.4149429123684888,0.02040776600098063,27,1.9321300211416488,-0.6409877384196193,2.1206321752265866,-0.39821858993672765,1.6244989451476792,0.9276109626319136,1.1946829621443475,87,-13.700455357142857,-11.71417826759474,-14.324818435754189,-12.130450154559504,-13.024766001376463,-12.978933643285552,0.964741463211117,31,9.876027690583784,14.503529036221233,0.4149429123684888,12.978933643285552,0.9276109626319136,n200__absolute_error__boostrap_true__samples_1.0
149.69799466133117,2.1010545024887515,3.516259288787842,0.20539336315548645,True,absolute_error,26,0.875,1.0,3,8,200,"{'bootstrap': True, 'criterion': 'absolute_error', 'max_depth': 26, 'max_features': 0.875, 'max_samples': 1.0, 'min_samples_leaf': 3, 'min_samples_split': 8, 'n_estimators': 200}",-9.651929930534582,-9.815974114441417,-10.2877832326284,-9.874194787586623,-9.753575195901146,-9.876691452218433,0.21834130830462303,88,-14.315030601873973,-14.575711451924946,-15.275851958096965,-14.058882089857857,-14.352447327567932,-14.515584685864335,0.4140131767712592,42,-0.42253095741467833,-0.392067817135937,-0.43021148036253776,-0.3907803555287737,-0.44394213381555153,-0.41590654885149564,0.021138205218615636,39,1.9015795832074902,-0.6467597638510449,2.1873451661631425,-0.32880912925579975,1.594027275467149,0.9414766263461875,1.1862486407140522,81,-13.671790564689063,-11.693403474903475,-14.498832514044945,-12.21323631457209,-12.780497284453496,-12.971552030532616,1.0067897547516231,25,9.876691452218433,14.515584685864335,0.41590654885149564,12.971552030532616,0.9414766263461875,n200__absolute_error__boostrap_true__samples_1.0
134.97096672058106,3.0006161663586,4.241038179397583,0.5199304791904057,True,absolute_error,26,0.875,1.0,4,2,200,"{'bootstrap': True, 'criterion': 'absolute_error', 'max_depth': 26, 'max_features': 0.875, 'max_samples': 1.0, 'min_samples_leaf': 4, 'min_samples_split': 2, 'n_estimators': 200}",-9.648501963153127,-9.79738646684832,-10.254520392749246,-9.75794441096716,-9.686745780590718,-9.829019802861714,0.21905785497952898,64,-14.349687060061111,-14.54045608085532,-15.271627637320648,-14.030680375085613,-14.338520946198672,-14.506194419904272,0.41612123858916195,33,-0.42222893385684085,-0.3902512867090524,-0.42930513595166164,-0.39258812895450435,-0.4412296564195298,-0.41512062837831776,0.020295848306872318,30,1.982392026578073,-0.626136088404481,2.1769206948640485,-0.22821256402530896,1.672895569620253,0.9955719277265169,1.1794703476407338,71,-13.773208154506438,-11.75044220325834,-14.478560872624913,-12.137060629316961,-12.872708333333335,-13.002396038607998,1.0105668322800851,42,9.829019802861714,14.506194419904272,0.41512062837831776,13.002396038607998,0.9955719277265169,n200__absolute_error__boostrap_true__samples_1.0
134.8232702732086,2.4149125805082337,4.868209600448608,0.8924480692859722,True,absolute_error,26,0.875,1.0,4,4,200,"{'bootstrap': True, 'criterion': 'absolute_error', 'max_depth': 26, 'max_features': 0.875, 'max_samples': 1.0, 'min_samples_leaf': 4, 'min_samples_split': 4, 'n_estimators': 200}",-9.648501963153127,-9.79738646684832,-10.254520392749246,-9.75794441096716,-9.686745780590718,-9.829019802861714,0.21905785497952898,64,-14.349687060061111,-14.54045608085532,-15.271627637320648,-14.030680375085613,-14.338520946198672,-14.506194419904272,0.41612123858916195,33,-0.42222893385684085,-0.3902512867090524,-0.42930513595166164,-0.39258812895450435,-0.4412296564195298,-0.41512062837831776,0.020295848306872318,30,1.982392026578073,-0.626136088404481,2.1769206948640485,-0.22821256402530896,1.672895569620253,0.9955719277265169,1.1794703476407338,71,-13.773208154506438,-11.75044220325834,-14.478560872624913,-12.137060629316961,-12.872708333333335,-13.002396038607998,1.0105668322800851,42,9.829019802861714,14.506194419904272,0.41512062837831776,13.002396038607998,0.9955719277265169,n200__absolute_error__boostrap_true__samples_1.0
138.36379280090333,0.677014027380294,4.526144409179688,0.7528719878637996,True,absolute_error,26,0.875,1.0,4,8,200,"{'bootstrap': True, 'criterion': 'absolute_error', 'max_depth': 26, 'max_features': 0.875, 'max_samples': 1.0, 'min_samples_leaf': 4, 'min_samples_split': 8, 'n_estimators': 200}",-9.648501963153127,-9.79738646684832,-10.254520392749246,-9.75794441096716,-9.686745780590718,-9.829019802861714,0.21905785497952898,64,-14.349687060061111,-14.54045608085532,-15.271627637320648,-14.030680375085613,-14.338520946198672,-14.506194419904272,0.41612123858916195,33,-0.42222893385684085,-0.3902512867090524,-0.42930513595166164,-0.39258812895450435,-0.4412296564195298,-0.41512062837831776,0.020295848306872318,30,1.982392026578073,-0.626136088404481,2.1769206948640485,-0.22821256402530896,1.672895569620253,0.9955719277265169,1.1794703476407338,71,-13.773208154506438,-11.75044220325834,-14.478560872624913,-12.137060629316961,-12.872708333333335,-13.002396038607998,1.0105668322800851,42,9.829019802861714,14.506194419904272,0.41512062837831776,13.002396038607998,0.9955719277265169,n200__absolute_error__boostrap_true__samples_1.0
259.1509387016296,2.8704923629149515,3.872726488113403,0.057924827776738214,True,absolute_error,26,1.0,1.0,1,2,200,"{'bootstrap': True, 'criterion': 'absolute_error', 'max_depth': 26, 'max_features': 1.0, 'max_samples': 1.0, 'min_samples_leaf': 1, 'min_samples_split': 2, 'n_estimators': 200}",-9.592530202355782,-9.78188919164396,-10.300002265861027,-9.884535251581802,-9.718261000602773,-9.85544358240907,0.24159118477738595,78,-14.29047588967395,-14.679583232548532,-15.303399645934473,-14.152785126469627,-14.350029363220353,-14.555254651569388,0.41216148752756443,76,-0.42071881606765327,-0.394792612776264,-0.43564954682779455,-0.39258812895450435,-0.44695599758890897,-0.41814102044302504,0.02164067854002603,69,1.9136054062216854,-0.40836966394187085,2.196824018126888,-0.2064514914130762,1.5910036166365285,1.017322377126031,1.1003524736390997,60,-13.674377243359656,-11.871447469325153,-14.34275138696255,-12.326001534919417,-12.651429534726905,-12.973201433858737,0.9059339106689152,29,9.85544358240907,14.555254651569388,0.41814102044302504,12.973201433858737,1.017322377126031,n200__absolute_error__boostrap_true__samples_1.0
249.55868039131164,2.918573127640316,4.08157377243042,0.12738805467107653,True,absolute_error,26,1.0,1.0,1,4,200,"{'bootstrap': True, 'criterion': 'absolute_error', 'max_depth': 26, 'max_features': 1.0, 'max_samples': 1.0, 'min_samples_leaf': 1, 'min_samples_split': 4, 'n_estimators': 200}",-9.615539867109634,-9.803693611867999,-10.295512839879153,-9.911353570352516,-9.731610910186859,-9.871542159879231,0.23283360578510173,83,-14.251553201647635,-14.640508053976985,-15.327107096965756,-14.150167756027738,-14.341123038522042,-14.542091829428031,0.42528586903004556,63,-0.4216248867411658,-0.397517408416591,-0.43202416918429004,-0.3977101536607412,-0.4397227245328511,-0.41771986850712783,0.017392618782132715,65,1.9408947447900935,-0.41501059642748983,2.2450203927492445,-0.26732675504670106,1.5752019288728152,1.0157559429875924,1.129012559848317,61,-13.70464004297994,-11.809146991622237,-14.513694055944054,-12.124441287878788,-12.85675291295408,-13.001735058275822,0.999302347331967,41,9.871542159879231,14.542091829428031,0.41771986850712783,13.001735058275822,1.0157559429875924,n200__absolute_error__boostrap_true__samples_1.0
238.5525864124298,3.0084650636376025,4.477241086959839,0.4067858183188659,True,absolute_error,26,1.0,1.0,1,8,200,"{'bootstrap': True, 'criterion': 'absolute_error', 'max_depth': 26, 'max_features': 1.0, 'max_samples': 1.0, 'min_samples_leaf': 1, 'min_samples_split': 8, 'n_estimators': 200}",-9.64468438538206,-9.724639721465335,-10.281520392749245,-9.906642814100632,-9.770161241711875,-9.865529711081829,0.2247026152413437,80,-14.292365445349025,-14.639413594826589,-15.266345314999679,-14.136850574181969,-14.393058732511188,-14.54560673237369,0.39566335956330123,67,-0.41981274539414076,-0.3941871026339691,-0.43474320241691844,-0.3995179270864718,-0.44062688366485836,-0.4177775722392717,0.018460717575561874,66,1.8788643914225305,-0.36745534362700627,2.1723708459214506,-0.22516194636938863,1.5738577456298974,1.0064951385954966,1.0813800172571444,66,-13.724629496402878,-11.868963133640552,-14.323273106323837,-12.116453619909503,-12.872590629274967,-12.98118199711035,0.9327915931650564,33,9.865529711081829,14.54560673237369,0.4177775722392717,12.98118199711035,1.0064951385954966,n200__absolute_error__boostrap_true__samples_1.0
195.5006883621216,4.900836648571078,4.185148000717163,0.28808504072127006,True,absolute_error,26,1.0,1.0,2,2,200,"{'bootstrap': True, 'criterion': 'absolute_error', 'max_depth': 26, 'max_features': 1.0, 'max_samples': 1.0, 'min_samples_leaf': 2, 'min_samples_split': 2, 'n_estimators': 200}",-9.676154485049834,-9.796559945504086,-10.257358006042297,-9.843770714070503,-9.79943565400844,-9.874655760935031,0.1992860616961907,84,-14.272583446791286,-14.612502158262787,-15.230437547770112,-14.019300396981997,-14.385058442924178,-14.503976398546072,0.41039460197162103,29,-0.4173965569314407,-0.3905540417801998,-0.4280966767371601,-0.3907803555287737,-0.43911995177817964,-0.41318951655115077,0.01963081913965412,9,1.712675173663546,-0.5143982742960947,2.0665362537764342,-0.41103193733052124,1.3673455394816152,0.8442253510589959,1.090269029574547,95,-13.642697178002894,-11.88332558139535,-14.393821453775582,-12.069105628373169,-12.714955387783116,-12.940781045866023,0.9521596509221304,6,9.874655760935031,14.503976398546072,0.41318951655115077,12.940781045866023,0.8442253510589959,n200__absolute_error__boostrap_true__samples_1.0
193.021510887146,1.3741953122367063,4.235507011413574,0.6376397490391796,True,absolute_error,26,1.0,1.0,2,4,200,"{'bootstrap': True, 'criterion': 'absolute_error', 'max_depth': 26, 'max_features': 1.0, 'max_samples': 1.0, 'min_samples_leaf': 2, 'min_samples_split': 4, 'n_estimators': 200}",-9.676154485049834,-9.796559945504086,-10.257358006042297,-9.843770714070503,-9.79943565400844,-9.874655760935031,0.1992860616961907,84,-14.272583446791286,-14.612502158262787,-15.230437547770112,-14.019300396981997,-14.385058442924178,-14.503976398546072,0.41039460197162103,29,-0.4173965569314407,-0.3905540417801998,-0.4280966767371601,-0.3907803555287737,-0.43911995177817964,-0.41318951655115077,0.01963081913965412,9,1.712675173663546,-0.5143982742960947,2.0665362537764342,-0.41103193733052124,1.3673455394816152,0.8442253510589959,1.090269029574547,95,-13.642697178002894,-11.88332558139535,-14.393821453775582,-12.069105628373169,-12.714955387783116,-12.940781045866023,0.9521596509221304,6,9.874655760935031,14.503976398546072,0.41318951655115077,12.940781045866023,0.8442253510589959,n200__absolute_error__boostrap_true__samples_1.0
188.67213501930237,2.092258375750082,4.14190936088562,0.31776245765041283,True,absolute_error,26,1.0,1.0,2,8,200,"{'bootstrap': True, 'criterion': 'absolute_error', 'max_depth': 26, 'max_features': 1.0, 'max_samples': 1.0, 'min_samples_leaf': 2, 'min_samples_split': 8, 'n_estimators': 200}",-9.570814708547266,-9.778256130790192,-10.290619335347431,-9.82256929798132,-9.729588607594938,-9.838369616052228,0.24158312279422786,69,-14.186882333743377,-14.632639519157447,-15.258749862301036,-14.055711047265277,-14.330512486356145,-14.492899049764656,0.428299858005632,13,-0.4189066747206282,-0.3905540417801998,-0.43111782477341387,-0.3956010846640554,-0.43791440626883665,-0.41481880644142677,0.018835472021797542,26,1.822395801872546,-0.46213290947623353,2.0540226586102723,-0.3394448629105154,1.5092962628089204,0.9168273901809979,1.0903245456049198,90,-13.598745493871665,-11.926804263565893,-14.317016468114927,-11.98571591774562,-12.832284927735717,-12.932113414206764,0.9250551588682477,4,9.838369616052228,14.492899049764656,0.41481880644142677,12.932113414206764,0.9168273901809979,n200__absolute_error__boostrap_true__samples_1.0
166.16026644706727,1.5590761511412747,4.1117301940917965,0.21773656433144448,True,absolute_error,26,1.0,1.0,3,2,200,"{'bootstrap': True, 'criterion': 'absolute_error', 'max_depth': 26, 'max_features': 1.0, 'max_samples': 1.0, 'min_samples_leaf': 3, 'min_samples_split': 2, 'n_estimators': 200}",-9.582252340682572,-9.802966242809566,-10.240970543806647,-9.840032389273876,-9.745642706449669,-9.842372844604466,0.21792562033568907,70,-14.192722025878291,-14.666622290167467,-15.249127358086989,-14.058807189065368,-14.344781646783508,-14.502412101996324,0.4247562317402356,23,-0.4164904862579281,-0.3875264910687254,-0.42628398791540784,-0.3910816510997288,-0.43911995177817964,-0.41210051362399397,0.019980830849744766,1,1.8045658411356085,-0.5426271571298821,2.046311933534743,-0.4681854474239228,1.472850361663653,0.86258310635604,1.131948087162405,93,-13.669961928934011,-11.948007812499998,-14.41208540042523,-11.98195685670262,-12.773836650652028,-12.957169729842779,0.9620718547874167,16,9.842372844604466,14.502412101996324,0.41210051362399397,12.957169729842779,0.86258310635604,n200__absolute_error__boostrap_true__samples_1.0
165.83094868659973,1.585944497653963,4.231332492828369,0.45008084284032673,True,absolute_error,26,1.0,1.0,3,4,200,"{'bootstrap': True, 'criterion': 'absolute_error', 'max_depth': 26, 'max_features': 1.0, 'max_samples': 1.0, 'min_samples_leaf': 3, 'min_samples_split': 4, 'n_estimators': 200}",-9.582252340682572,-9.802966242809566,-10.240970543806647,-9.840032389273876,-9.745642706449669,-9.842372844604466,0.21792562033568907,70,-14.192722025878291,-14.666622290167467,-15.249127358086989,-14.058807189065368,-14.344781646783508,-14.502412101996324,0.4247562317402356,23,-0.4164904862579281,-0.3875264910687254,-0.42628398791540784,-0.3910816510997288,-0.43911995177817964,-0.41210051362399397,0.019980830849744766,1,1.8045658411356085,-0.5426271571298821,2.046311933534743,-0.4681854474239228,1.472850361663653,0.86258310635604,1.131948087162405,93,-13.669961928934011,-11.948007812499998,-14.41208540042523,-11.98195685670262,-12.773836650652028,-12.957169729842779,0.9620718547874167,16,9.842372844604466,14.502412101996324,0.41210051362399397,12.957169729842779,0.86258310635604,n200__absolute_error__boostrap_true__samples_1.0
165.94412579536439,2.653588969544401,4.038660097122192,0.3179202282625216,True,absolute_error,26,1.0,1.0,3,8,200,"{'bootstrap': True, 'criterion': 'absolute_error', 'max_depth': 26, 'max_features': 1.0, 'max_samples': 1.0, 'min_samples_leaf': 3, 'min_samples_split': 8, 'n_estimators': 200}",-9.60120809423135,-9.744665455646382,-10.204586858006044,-9.762909008737571,-9.700443791440627,-9.802762641612395,0.20857597110947923,52,-14.217442618793834,-14.631274181345049,-15.192242257582206,-13.987576084127292,-14.330587742450682,-14.471824576859813,0.4155912505732146,1,-0.41769858048927816,-0.3932788374205268,-0.42658610271903324,-0.3901777643868635,-0.4382157926461724,-0.4131914155323749,0.018719457987978538,11,1.8207943219571128,-0.49284287011807465,2.1262681268882178,-0.4127764386863512,1.5500504822182035,0.9182987244518216,1.134537822554054,89,-13.672541576283441,-11.762421093148577,-14.45294971671388,-11.981888030888031,-12.836705639614856,-12.941301211329755,1.013998608740485,8,9.802762641612395,14.471824576859813,0.4131914155323749,12.941301211329755,0.9182987244518216,n200__absolute_error__boostrap_true__samples_1.0
144.6502996444702,8.494004864186795,3.6133931636810304,0.8608697299016813,True,absolute_error,26,1.0,1.0,4,2,200,"{'bootstrap': True, 'criterion': 'absolute_error', 'max_depth': 26, 'max_features': 1.0, 'max_samples': 1.0, 'min_samples_leaf': 4, 'min_samples_split': 2, 'n_estimators': 200}",-9.566749471458774,-9.685446563729942,-10.167512839879153,-9.716750527267248,-9.735578661844484,-9.77440761283592,0.20513396521216448,36,-14.297978398183322,-14.54377297529593,-15.172557733673203,-13.988501074379773,-14.406997220255876,-14.48196148035762,0.3908238562541464,6,-0.4180006040471157,-0.3887375113533152,-0.42628398791540784,-0.3910816510997288,-0.43731163351416513,-0.4122830775859466,0.019282315135924297,3,1.8424818785865293,-0.530982440205872,2.0867046827794566,-0.32779602289846366,1.572308619650392,0.9285433435824084,1.1224668530838156,84,-13.647386199421964,-11.774608644859812,-14.373302622253721,-12.003828967642528,-12.928866299104065,-12.945598546656418,0.9787003724557483,12,9.77440761283592,14.48196148035762,0.4122830775859466,12.945598546656418,0.9285433435824084,n200__absolute_error__boostrap_true__samples_1.0
127.40817904472351,5.113174608727942,1.8273228645324706,0.37874849567149954,True,absolute_error,26,1.0,1.0,4,4,200,"{'bootstrap': True, 'criterion': 'absolute_error', 'max_depth': 26, 'max_features': 1.0, 'max_samples': 1.0, 'min_samples_leaf': 4, 'min_samples_split': 4, 'n_estimators': 200}",-9.566749471458774,-9.685446563729942,-10.167512839879153,-9.716750527267248,-9.735578661844484,-9.77440761283592,0.20513396521216448,36,-14.297978398183322,-14.54377297529593,-15.172557733673203,-13.988501074379773,-14.406997220255876,-14.48196148035762,0.3908238562541464,6,-0.4180006040471157,-0.3887375113533152,-0.42628398791540784,-0.3910816510997288,-0.43731163351416513,-0.4122830775859466,0.019282315135924297,3,1.8424818785865293,-0.530982440205872,2.0867046827794566,-0.32779602289846366,1.572308619650392,0.9285433435824084,1.1224668530838156,84,-13.647386199421964,-11.774608644859812,-14.373302622253721,-12.003828967642528,-12.928866299104065,-12.945598546656418,0.9787003724557483,12,9.77440761283592,14.48196148035762,0.4122830775859466,12.945598546656418,0.9285433435824084,n200__absolute_error__boostrap_true__samples_1.0
100.09107336997985,11.054238669155428,0.43741273880004883,0.4180128748943935,True,absolute_error,26,1.0,1.0,4,8,200,"{'bootstrap': True, 'criterion': 'absolute_error', 'max_depth': 26, 'max_features': 1.0, 'max_samples': 1.0, 'min_samples_leaf': 4, 'min_samples_split': 8, 'n_estimators': 200}",-9.566749471458774,-9.685446563729942,-10.167512839879153,-9.716750527267248,-9.735578661844484,-9.77440761283592,0.20513396521216448,36,-14.297978398183322,-14.54377297529593,-15.172557733673203,-13.988501074379773,-14.406997220255876,-14.48196148035762,0.3908238562541464,6,-0.4180006040471157,-0.3887375113533152,-0.42628398791540784,-0.3910816510997288,-0.43731163351416513,-0.4122830775859466,0.019282315135924297,3,1.8424818785865293,-0.530982440205872,2.0867046827794566,-0.32779602289846366,1.572308619650392,0.9285433435824084,1.1224668530838156,84,-13.647386199421964,-11.774608644859812,-14.373302622253721,-12.003828967642528,-12.928866299104065,-12.945598546656418,0.9787003724557483,12,9.77440761283592,14.48196148035762,0.4122830775859466,12.945598546656418,0.9285433435824084,n200__absolute_error__boostrap_true__samples_1.0
