mean_fit_time,std_fit_time,mean_score_time,std_score_time,param_bootstrap,param_criterion,param_max_depth,param_max_features,param_min_samples_leaf,param_min_samples_split,param_n_estimators,params,split0_test_MAE,split1_test_MAE,split2_test_MAE,split3_test_MAE,split4_test_MAE,mean_test_MAE,std_test_MAE,rank_test_MAE,split0_test_RMSE,split1_test_RMSE,split2_test_RMSE,split3_test_RMSE,split4_test_RMSE,mean_test_RMSE,std_test_RMSE,rank_test_RMSE,split0_test_overestimation_rate,split1_test_overestimation_rate,split2_test_overestimation_rate,split3_test_overestimation_rate,split4_test_overestimation_rate,mean_test_overestimation_rate,std_test_overestimation_rate,rank_test_overestimation_rate,split0_test_mean_signed_error,split1_test_mean_signed_error,split2_test_mean_signed_error,split3_test_mean_signed_error,split4_test_mean_signed_error,mean_test_mean_signed_error,std_test_mean_signed_error,rank_test_mean_signed_error,split0_test_mean_overestimation,split1_test_mean_overestimation,split2_test_mean_overestimation,split3_test_mean_overestimation,split4_test_mean_overestimation,mean_test_mean_overestimation,std_test_mean_overestimation,rank_test_mean_overestimation,mean_MAE,mean_RMSE,overestimation_rate,mean_overstimation,mean_signed_error,chunk_id
24.23593063354492,0.1094636427189216,1.5819300174713136,0.6428337113547106,False,poisson,20,0.875,1,2,200,"{'bootstrap': False, 'criterion': 'poisson', 'max_depth': 20, 'max_features': 0.875, 'min_samples_leaf': 1, 'min_samples_split': 2, 'n_estimators': 200}",-9.764207386792625,-10.09365082281108,-10.260563139737668,-10.032624344005356,-9.908025855819796,-10.011814309833305,0.16798064429069232,95,-13.988205801552539,-14.637444763551699,-14.82665485024613,-13.90568130912119,-14.11065143677898,-14.293727632250107,0.36867148446985276,73,-0.3947447900936273,-0.37208598244020585,-0.41812688821752264,-0.3793311238324797,-0.4207353827606992,-0.3970048334689069,0.01973675308380376,43,0.5445514807400024,-1.4637053315867437,1.1661564465962526,-1.2550184728486768,0.4034964571187437,-0.12090388399608439,1.0453403735723306,79,-13.057498320734707,-11.596708688980465,-13.664176961981676,-11.569846658605647,-12.254165843241429,-12.428479294708785,0.8224464947586325,17,10.011814309833305,14.293727632250107,0.3970048334689069,12.428479294708785,-0.12090388399608439,n200__poisson__boostrap_false
22.87159104347229,0.08247378936726275,1.281956958770752,0.05052707184782834,False,poisson,20,0.875,1,4,200,"{'bootstrap': False, 'criterion': 'poisson', 'max_depth': 20, 'max_features': 0.875, 'min_samples_leaf': 1, 'min_samples_split': 4, 'n_estimators': 200}",-9.77393702104199,-10.029848097743253,-10.273013003494656,-10.0200156492823,-9.88051107957767,-9.995464970227975,0.1679921875065349,88,-14.045956212475282,-14.567492947619,-14.823448095320337,-13.88301349170848,-14.119279927888925,-14.287838135002406,0.3509662574266025,56,-0.3950468136514648,-0.37420526793823794,-0.4187311178247734,-0.37872853269056944,-0.4165159734779988,-0.3966455411166089,0.018491878009154607,35,0.5784800123844824,-1.4130418246089382,1.1887391165254177,-1.231733591646519,0.31497115780038626,-0.11251702590903419,1.0293202684703744,76,-13.102772476175478,-11.513475372234078,-13.68629131214518,-11.602350099161955,-12.239005088140518,-12.428778869571442,0.8476301101173817,19,9.995464970227975,14.287838135002406,0.3966455411166089,12.428778869571442,-0.11251702590903419,n200__poisson__boostrap_false
21.20698175430298,0.5325453125688592,2.2417795181274416,0.31502964284699925,False,poisson,20,0.875,1,8,200,"{'bootstrap': False, 'criterion': 'poisson', 'max_depth': 20, 'max_features': 0.875, 'min_samples_leaf': 1, 'min_samples_split': 8, 'n_estimators': 200}",-9.775092804614623,-10.06842327965005,-10.270605678968685,-10.016756379938224,-9.879789437970283,-10.002133516228373,0.16923416987059048,92,-14.009253048786825,-14.622754969145115,-14.811078111189556,-13.881984164793078,-14.077408288245525,-14.28049571643202,0.3666845016421423,38,-0.3974630021141649,-0.37178322736905844,-0.4169184290030212,-0.3772220548357939,-0.41952983725135623,-0.39658331011467896,0.019650630198622215,32,0.5398060750003064,-1.406152066538639,1.190092432338994,-1.2654580060195104,0.3604994759018518,-0.1162424178633994,1.034287829273786,78,-12.975923324621974,-11.649626146949098,-13.744532879865371,-11.599664258401043,-12.204482261576054,-12.434845774282707,0.821609469957292,21,10.002133516228373,14.28049571643202,0.39658331011467896,12.434845774282707,-0.1162424178633994,n200__poisson__boostrap_false
19.491639566421508,1.081401949248267,2.165955638885498,0.22629558795238597,False,poisson,20,0.875,2,2,200,"{'bootstrap': False, 'criterion': 'poisson', 'max_depth': 20, 'max_features': 0.875, 'min_samples_leaf': 2, 'min_samples_split': 2, 'n_estimators': 200}",-9.730227674885533,-9.98770018411325,-10.225833550214668,-9.91478250327271,-9.833944740366437,-9.938497730570521,0.1672440794447613,38,-14.020145888133428,-14.55701098828373,-14.808814781207193,-13.7972780015162,-14.093214825323177,-14.255292896892746,0.3711499277883771,2,-0.3977650256720024,-0.3760217983651226,-0.42235649546827797,-0.3796324194034348,-0.4153104279686558,-0.39821723337549875,0.018510096775903564,67,0.6860022204783318,-1.3373889501023806,1.3473092684281478,-1.1541535972865458,0.47512866575543017,0.00337952145459669,1.0613398310131623,50,-13.093446159282367,-11.502406604644886,-13.700680518493463,-11.538304499590508,-12.411286488212031,-12.449224854044653,0.861259819027981,27,9.938497730570521,14.255292896892746,0.39821723337549875,12.449224854044653,0.00337952145459669,n200__poisson__boostrap_false
20.13739147186279,0.23643120035397766,1.17245454788208,0.19840947509349716,False,poisson,20,0.875,2,4,200,"{'bootstrap': False, 'criterion': 'poisson', 'max_depth': 20, 'max_features': 0.875, 'min_samples_leaf': 2, 'min_samples_split': 4, 'n_estimators': 200}",-9.730227674885533,-9.98770018411325,-10.22583355021467,-9.91478250327271,-9.833944740366436,-9.93849773057052,0.16724407944476213,37,-14.020145888133424,-14.557010988283732,-14.808814781207193,-13.797278001516199,-14.093214825323177,-14.255292896892746,0.37114992778837824,2,-0.3977650256720024,-0.3760217983651226,-0.42235649546827797,-0.3796324194034348,-0.4153104279686558,-0.39821723337549875,0.018510096775903564,67,0.6860022204783323,-1.3373889501023806,1.3473092684281482,-1.154153597286546,0.475128665755431,0.0033795214545969897,1.0613398310131625,49,-13.093446159282367,-11.502406604644886,-13.700680518493463,-11.538304499590508,-12.411286488212031,-12.449224854044653,0.861259819027981,27,9.93849773057052,14.255292896892746,0.39821723337549875,12.449224854044653,0.0033795214545969897,n200__poisson__boostrap_false
19.134390783309936,0.5316932565725956,1.2916783809661865,0.48983489469355573,False,poisson,20,0.875,2,8,200,"{'bootstrap': False, 'criterion': 'poisson', 'max_depth': 20, 'max_features': 0.875, 'min_samples_leaf': 2, 'min_samples_split': 8, 'n_estimators': 200}",-9.759636611572658,-10.021189453424965,-10.21611258996304,-9.975268568497588,-9.872474707654447,-9.96893638622254,0.15295607628378532,61,-14.073628496273374,-14.583258882146938,-14.803037859532486,-13.878938204863324,-14.110459094298507,-14.289864507422925,0.3456101530182741,64,-0.4013893083660526,-0.3723887375113533,-0.4190332326283988,-0.3814401928291654,-0.4144062688366486,-0.3977315480343237,0.018181603838215866,62,0.6996385018960659,-1.347208892362302,1.3034448203449918,-1.1913464746259457,0.45801951001245517,-0.01549050694694697,1.061256118739296,66,-13.028841196649713,-11.646405606987795,-13.745398351881608,-11.514153803143751,-12.464210841534104,-12.479801960039392,0.8402912872990624,47,9.96893638622254,14.289864507422925,0.3977315480343237,12.479801960039392,-0.01549050694694697,n200__poisson__boostrap_false
17.597236156463623,0.41991893348699527,1.8574599742889404,0.3942343444642398,False,poisson,20,0.875,3,2,200,"{'bootstrap': False, 'criterion': 'poisson', 'max_depth': 20, 'max_features': 0.875, 'min_samples_leaf': 3, 'min_samples_split': 2, 'n_estimators': 200}",-9.696181897756531,-10.025446627937415,-10.249877163969886,-9.879192175953968,-9.852084838954491,-9.940556540914457,0.1866533515774227,41,-13.983442834308827,-14.607752768312109,-14.829703692226802,-13.791877695778917,-14.118593330477514,-14.266274064220832,0.39010656728288584,15,-0.39867109634551495,-0.37390251286709053,-0.41933534743202416,-0.3817414884001205,-0.4180229053646775,-0.3983346700818855,0.01844468609024606,71,0.7602567882319075,-1.333132777572842,1.359535310356883,-1.0885729975812755,0.5517463036590092,0.04996652541873643,1.0658800620286806,32,-13.114116852010502,-11.623770302734489,-13.842635190929974,-11.513837826763599,-12.444092188605481,-12.50769047220881,0.8857689365404683,63,9.940556540914457,14.266274064220832,0.3983346700818855,12.50769047220881,0.04996652541873643,n200__poisson__boostrap_false
17.815677642822266,0.21752946117790492,1.2718337059020997,0.21987639304035997,False,poisson,20,0.875,3,4,200,"{'bootstrap': False, 'criterion': 'poisson', 'max_depth': 20, 'max_features': 0.875, 'min_samples_leaf': 3, 'min_samples_split': 4, 'n_estimators': 200}",-9.696181897756531,-10.025446627937413,-10.249877163969886,-9.879192175953964,-9.852084838954493,-9.940556540914457,0.1866533515774226,41,-13.983442834308827,-14.607752768312109,-14.829703692226802,-13.791877695778917,-14.118593330477514,-14.266274064220832,0.39010656728288584,15,-0.39867109634551495,-0.37390251286709053,-0.41933534743202416,-0.3817414884001205,-0.4180229053646775,-0.3983346700818855,0.01844468609024606,71,0.7602567882319076,-1.3331327775728417,1.3595353103568828,-1.0885729975812757,0.5517463036590106,0.04996652541873672,1.0658800620286806,31,-13.114116852010502,-11.623770302734487,-13.842635190929974,-11.513837826763599,-12.44409218860548,-12.50769047220881,0.8857689365404687,63,9.940556540914457,14.266274064220832,0.3983346700818855,12.50769047220881,0.04996652541873672,n200__poisson__boostrap_false
18.07814402580261,0.045314083390567986,0.7995164394378662,0.22192475570871706,False,poisson,20,0.875,3,8,200,"{'bootstrap': False, 'criterion': 'poisson', 'max_depth': 20, 'max_features': 0.875, 'min_samples_leaf': 3, 'min_samples_split': 8, 'n_estimators': 200}",-9.757295066136475,-10.017903934173331,-10.26182429538214,-9.96088517883425,-9.847378485621398,-9.96905739202952,0.17193851713848618,62,-14.023655749456948,-14.591661496426926,-14.834540201080907,-13.869444604295923,-14.085898867088757,-14.28104018366989,0.3678547731334274,42,-0.40169133192389006,-0.37753557372085983,-0.4205438066465257,-0.37902982826152454,-0.41561181434599154,-0.3988824709797583,0.01792646946622216,91,0.7736997386180438,-1.3564435791589726,1.3311276707781547,-1.1248039891177397,0.5558230208616953,0.0358805723962363,1.0750011639033794,39,-13.108317217497074,-11.471051945714684,-13.783286999996614,-11.656181823795349,-12.515526685464431,-12.50687293449363,0.8703612429552818,62,9.96905739202952,14.28104018366989,0.3988824709797583,12.50687293449363,0.0358805723962363,n200__poisson__boostrap_false
16.319962310791016,0.7788965517289181,1.614048147201538,0.9273472413405194,False,poisson,20,0.875,4,2,200,"{'bootstrap': False, 'criterion': 'poisson', 'max_depth': 20, 'max_features': 0.875, 'min_samples_leaf': 4, 'min_samples_split': 2, 'n_estimators': 200}",-9.778649418307456,-10.038265007018236,-10.265539893737577,-9.916309086332186,-9.90468192984099,-9.980689067047289,0.16443653414966383,77,-14.063290825556996,-14.587247086319252,-14.882763295926152,-13.803971223590317,-14.143565693140259,-14.296167624906596,0.38693616652827695,78,-0.4013893083660526,-0.37723281864971236,-0.4163141993957704,-0.3793311238324797,-0.4177215189873418,-0.3983977938462714,0.017406017239734076,75,0.7992494965106042,-1.3341296192351562,1.3807801410535834,-1.1076182589075547,0.5847344803457278,0.0646032479534409,1.0838007306014212,20,-13.176607715185327,-11.536821503149081,-13.987416297227412,-11.610820038213802,-12.555513581890162,-12.573435827133157,0.9343100895296735,91,9.980689067047289,14.296167624906596,0.3983977938462714,12.573435827133157,0.0646032479534409,n200__poisson__boostrap_false
16.634649658203124,0.5216393427114323,1.878718900680542,0.2612490027728043,False,poisson,20,0.875,4,4,200,"{'bootstrap': False, 'criterion': 'poisson', 'max_depth': 20, 'max_features': 0.875, 'min_samples_leaf': 4, 'min_samples_split': 4, 'n_estimators': 200}",-9.778649418307456,-10.038265007018236,-10.265539893737579,-9.916309086332186,-9.904681929840986,-9.980689067047289,0.16443653414966478,77,-14.063290825556996,-14.587247086319252,-14.882763295926152,-13.803971223590313,-14.143565693140259,-14.296167624906596,0.3869361665282779,78,-0.4013893083660526,-0.37723281864971236,-0.4163141993957704,-0.3793311238324797,-0.4177215189873418,-0.3983977938462714,0.017406017239734076,75,0.7992494965106042,-1.334129619235157,1.3807801410535838,-1.1076182589075545,0.5847344803457294,0.06460324795344116,1.0838007306014217,18,-13.176607715185325,-11.536821503149081,-13.987416297227412,-11.610820038213802,-12.555513581890162,-12.573435827133157,0.9343100895296733,91,9.980689067047289,14.296167624906596,0.3983977938462714,12.573435827133157,0.06460324795344116,n200__poisson__boostrap_false
17.708805322647095,0.2863405721333748,1.4706403255462646,0.08020971276846442,False,poisson,20,0.875,4,8,200,"{'bootstrap': False, 'criterion': 'poisson', 'max_depth': 20, 'max_features': 0.875, 'min_samples_leaf': 4, 'min_samples_split': 8, 'n_estimators': 200}",-9.778649418307454,-10.038265007018236,-10.265539893737577,-9.916309086332186,-9.90468192984099,-9.980689067047289,0.16443653414966425,77,-14.063290825556996,-14.587247086319252,-14.882763295926152,-13.803971223590313,-14.143565693140259,-14.296167624906596,0.3869361665282779,78,-0.4013893083660526,-0.37723281864971236,-0.4163141993957704,-0.3793311238324797,-0.4177215189873418,-0.3983977938462714,0.017406017239734076,75,0.7992494965106047,-1.334129619235157,1.3807801410535834,-1.1076182589075543,0.5847344803457284,0.06460324795344104,1.0838007306014217,19,-13.176607715185327,-11.536821503149081,-13.987416297227412,-11.610820038213802,-12.555513581890162,-12.573435827133157,0.9343100895296735,91,9.980689067047289,14.296167624906596,0.3983977938462714,12.573435827133157,0.06460324795344104,n200__poisson__boostrap_false
26.184792613983156,0.7133520035438661,3.3851065635681152,0.9361449513716139,False,poisson,20,1.0,1,2,200,"{'bootstrap': False, 'criterion': 'poisson', 'max_depth': 20, 'max_features': 1.0, 'min_samples_leaf': 1, 'min_samples_split': 2, 'n_estimators': 200}",-9.707170378511377,-9.982064172748505,-10.23664282835841,-9.9625024342061,-9.876572622316164,-9.95299048722811,0.17184971508906122,54,-13.955801971108192,-14.622406177768287,-14.815995383202464,-13.890581476603748,-14.163234464618304,-14.289603894660198,0.3672757018860487,63,-0.3950468136514648,-0.3708749621556161,-0.4169184290030212,-0.3751129858391082,-0.41742013261000604,-0.39507466465184327,0.019801843231911476,8,0.5509802524742017,-1.3292639339782801,1.1479756715177523,-1.2478947006716685,0.326753913936308,-0.11028975934433735,0.999155657177054,74,-12.983462056266532,-11.665387423942061,-13.653292476300761,-11.61597713558264,-12.221890775193396,-12.428001973457077,0.7865519479933036,15,9.95299048722811,14.289603894660198,0.39507466465184327,12.428001973457077,-0.11028975934433735,n200__poisson__boostrap_false
24.581717777252198,0.19190725008967335,1.4774953842163085,0.04896624280693934,False,poisson,20,1.0,1,4,200,"{'bootstrap': False, 'criterion': 'poisson', 'max_depth': 20, 'max_features': 1.0, 'min_samples_leaf': 1, 'min_samples_split': 4, 'n_estimators': 200}",-9.739447491768763,-9.983463969652975,-10.19841390913385,-9.943145972429082,-9.873481255507098,-9.947590519698355,0.15035606686439607,48,-13.9935505158642,-14.684152862810361,-14.74225712261325,-13.855526433225673,-14.160315116891951,-14.287160410281086,0.36147487150392515,52,-0.3938387194201148,-0.37178322736905844,-0.4132930513595166,-0.377523350406749,-0.41561181434599154,-0.39441003258028606,0.0179083371415732,5,0.5362274334859467,-1.3542615422193975,1.170083203241506,-1.2879213569733443,0.3818429882620176,-0.1108058548406543,1.0231143327862606,75,-13.045536686165011,-11.605152938848986,-13.753554620600301,-11.463164604428412,-12.337623582605485,-12.44100648652964,0.8664586880987406,24,9.947590519698355,14.287160410281086,0.39441003258028606,12.44100648652964,-0.1108058548406543,n200__poisson__boostrap_false
23.046967840194704,0.3945911617523226,1.7526867866516114,0.3053722975206542,False,poisson,20,1.0,1,8,200,"{'bootstrap': False, 'criterion': 'poisson', 'max_depth': 20, 'max_features': 1.0, 'min_samples_leaf': 1, 'min_samples_split': 8, 'n_estimators': 200}",-9.73119918214689,-10.01599388234899,-10.23212291141128,-9.966910433908016,-9.90637471128337,-9.97052022421971,0.16242294057447051,65,-13.980827793914814,-14.66544585718328,-14.80382830112376,-13.859756342811405,-14.238235493810327,-14.309618757768718,0.37052159399892964,94,-0.3953488372093023,-0.37390251286709053,-0.4205438066465257,-0.3757155769810184,-0.41621458710066306,-0.39634506416091997,0.019547958449713645,29,0.5665168325986666,-1.3746493666730557,1.1618998127498041,-1.2655791672923176,0.3842163190933521,-0.1055191139047101,1.0251102154720804,73,-13.023582018648792,-11.55561171468729,-13.54677270724611,-11.579678618242786,-12.36212202707819,-12.413553417180633,0.7861777390710553,13,9.97052022421971,14.309618757768718,0.39634506416091997,12.413553417180633,-0.1055191139047101,n200__poisson__boostrap_false
20.633157444000243,1.6334362164931768,3.4428284645080565,0.9399906845862052,False,poisson,20,1.0,2,2,200,"{'bootstrap': False, 'criterion': 'poisson', 'max_depth': 20, 'max_features': 1.0, 'min_samples_leaf': 2, 'min_samples_split': 2, 'n_estimators': 200}",-9.67808427424967,-9.937932186401378,-10.22606252887059,-9.8888950717062,-9.845450531577395,-9.915284918561047,0.178287987870456,14,-13.997028069996588,-14.591253490463863,-14.824073800535022,-13.820199251645786,-14.128704988499686,-14.272251920228191,0.37602523689657863,22,-0.39897311990335244,-0.37057220708446864,-0.4172205438066465,-0.37842723711961435,-0.4153104279686558,-0.39610070717654755,0.018906969550250643,21,0.699311636434719,-1.3243514688537892,1.28007552265466,-1.1590870574794472,0.4971240297376403,-0.0013854675012433871,1.0461493613978612,51,-13.00513166550947,-11.622000453455753,-13.789035825687396,-11.534328343637975,-12.451619156184064,-12.48042308889493,0.8509524945430386,48,9.915284918561047,14.272251920228191,0.39610070717654755,12.48042308889493,-0.0013854675012433871,n200__poisson__boostrap_false
21.928377199172974,0.28122427318829274,1.576645517349243,0.199817944170796,False,poisson,20,1.0,2,4,200,"{'bootstrap': False, 'criterion': 'poisson', 'max_depth': 20, 'max_features': 1.0, 'min_samples_leaf': 2, 'min_samples_split': 4, 'n_estimators': 200}",-9.67808427424967,-9.937932186401378,-10.226062528870594,-9.8888950717062,-9.845450531577395,-9.915284918561047,0.17828798787045722,14,-13.997028069996587,-14.591253490463863,-14.824073800535022,-13.820199251645786,-14.128704988499686,-14.272251920228191,0.37602523689657885,22,-0.39897311990335244,-0.37057220708446864,-0.4172205438066465,-0.37842723711961435,-0.4153104279686558,-0.39610070717654755,0.018906969550250643,21,0.6993116364347185,-1.324351468853789,1.2800755226546603,-1.1590870574794467,0.49712402973763975,-0.0013854675012434313,1.046149361397861,52,-13.005131665509468,-11.622000453455753,-13.789035825687396,-11.534328343637974,-12.451619156184064,-12.48042308889493,0.8509524945430388,48,9.915284918561047,14.272251920228191,0.39610070717654755,12.48042308889493,-0.0013854675012434313,n200__poisson__boostrap_false
21.09190754890442,0.1330113323540869,1.6004868984222411,0.15427983222468886,False,poisson,20,1.0,2,8,200,"{'bootstrap': False, 'criterion': 'poisson', 'max_depth': 20, 'max_features': 1.0, 'min_samples_leaf': 2, 'min_samples_split': 8, 'n_estimators': 200}",-9.70266660287674,-9.952859030402834,-10.211485855522326,-9.881286252945031,-9.856440871886909,-9.920947722726769,0.166620257735626,23,-13.979148047260946,-14.634905776672856,-14.80634921812163,-13.791670726437015,-14.162222674468522,-14.274859288592193,0.3861912351307121,28,-0.3968589549984899,-0.37329700272479566,-0.41963746223564957,-0.37902982826152454,-0.41892706449668476,-0.39755006254342884,0.019372749189182803,55,0.627429196368423,-1.2879377763056794,1.2680521375263623,-1.1651325309693459,0.4862643917703897,-0.014264916321970068,1.02502456261442,65,-13.014820088013977,-11.605934672458593,-13.677923238657725,-11.497978618138832,-12.344279160005367,-12.428187155454898,0.831192648621443,16,9.920947722726769,14.274859288592193,0.39755006254342884,12.428187155454898,-0.014264916321970068,n200__poisson__boostrap_false
18.600616788864137,1.994701023111286,2.9548341751098635,1.2359557058063857,False,poisson,20,1.0,3,2,200,"{'bootstrap': False, 'criterion': 'poisson', 'max_depth': 20, 'max_features': 1.0, 'min_samples_leaf': 3, 'min_samples_split': 2, 'n_estimators': 200}",-9.707586678343885,-9.931302002536983,-10.173951343049817,-9.850943705588334,-9.84864749908422,-9.902486245720649,0.15366504635417594,6,-13.999151315426962,-14.610788706928766,-14.775375996111908,-13.774961864264338,-14.159647249349504,-14.263985026416297,0.3746893209110544,11,-0.4022953790395651,-0.37481077808053287,-0.4214501510574018,-0.37842723711961435,-0.41711874623267026,-0.3988204583059568,0.019242419931291232,87,0.7542290293425973,-1.2289495353430642,1.3538045014844868,-1.0635352809343412,0.6014402896813578,0.08339780084620729,1.0363422955063482,1,-13.002654582638868,-11.608994426147623,-13.676298152476182,-11.610433344516956,-12.526514191880127,-12.484978939531953,0.8026373503934586,50,9.902486245720649,14.263985026416297,0.3988204583059568,12.484978939531953,0.08339780084620729,n200__poisson__boostrap_false
19.571454286575317,1.1964383505178466,1.8539911746978759,0.9719664619617812,False,poisson,20,1.0,3,4,200,"{'bootstrap': False, 'criterion': 'poisson', 'max_depth': 20, 'max_features': 1.0, 'min_samples_leaf': 3, 'min_samples_split': 4, 'n_estimators': 200}",-9.707586678343885,-9.931302002536983,-10.173951343049817,-9.850943705588334,-9.848647499084219,-9.902486245720647,0.15366504635417605,5,-13.999151315426962,-14.610788706928766,-14.77537599611191,-13.774961864264338,-14.159647249349504,-14.263985026416297,0.3746893209110549,11,-0.4022953790395651,-0.37481077808053287,-0.4214501510574018,-0.37842723711961435,-0.41711874623267026,-0.3988204583059568,0.019242419931291232,87,0.7542290293425963,-1.2289495353430642,1.353804501484487,-1.0635352809343415,0.6014402896813574,0.08339780084620703,1.0363422955063482,2,-13.002654582638868,-11.608994426147623,-13.676298152476184,-11.610433344516956,-12.526514191880127,-12.484978939531953,0.8026373503934592,50,9.902486245720647,14.263985026416297,0.3988204583059568,12.484978939531953,0.08339780084620703,n200__poisson__boostrap_false
19.843582344055175,0.13974207980277747,1.4056468963623048,0.011725921704334567,False,poisson,20,1.0,3,8,200,"{'bootstrap': False, 'criterion': 'poisson', 'max_depth': 20, 'max_features': 1.0, 'min_samples_leaf': 3, 'min_samples_split': 8, 'n_estimators': 200}",-9.690395799311808,-9.968192498829014,-10.221603705168455,-9.885586270867824,-9.870385326071094,-9.92723272004964,0.17285239964412438,29,-13.989469646822123,-14.672568907665454,-14.8206930471999,-13.805321716248036,-14.185554165951233,-14.29472149677735,0.3909023102954681,76,-0.40078526125037756,-0.3729942476536482,-0.4199395770392749,-0.37390780355528774,-0.41500904159132007,-0.39652718621798166,0.019865980441476125,30,0.7551126529708586,-1.2509778150712014,1.3369434090785477,-1.1391298440937467,0.512766294072104,0.04294293939131242,1.0463158113475326,35,-13.031303121894467,-11.685454586222424,-13.76215501732287,-11.69600680115357,-12.509548683963372,-12.536893642111341,0.7973071005841768,81,9.92723272004964,14.29472149677735,0.39652718621798166,12.536893642111341,0.04294293939131242,n200__poisson__boostrap_false
17.81253046989441,2.266081223316382,2.335469102859497,1.202502433063733,False,poisson,20,1.0,4,2,200,"{'bootstrap': False, 'criterion': 'poisson', 'max_depth': 20, 'max_features': 1.0, 'min_samples_leaf': 4, 'min_samples_split': 2, 'n_estimators': 200}",-9.716316852958041,-9.940374060300067,-10.243276422577694,-9.888088472084585,-9.827960599704927,-9.923203281525062,0.17654906619667382,26,-14.011925303157176,-14.612239840449542,-14.856415174837068,-13.841647335619301,-14.129511137924068,-14.29034775839743,0.38177647489363853,67,-0.39897311990335244,-0.3745080230093854,-0.41812688821752264,-0.380235010545345,-0.4168173598553345,-0.397732080306188,0.018040180442734026,63,0.7934250207716456,-1.268477606519974,1.3636334575892914,-1.0572401319695628,0.5425393818493252,0.07477602434414506,1.0471106261429057,4,-13.17098991064307,-11.577717860483286,-13.879650181847085,-11.61235564217185,-12.440100845552063,-12.536162888139469,0.8932220408858934,78,9.923203281525062,14.29034775839743,0.397732080306188,12.536162888139469,0.07477602434414506,n200__poisson__boostrap_false
17.449641132354735,1.977839841546441,3.083229637145996,0.7112014781688327,False,poisson,20,1.0,4,4,200,"{'bootstrap': False, 'criterion': 'poisson', 'max_depth': 20, 'max_features': 1.0, 'min_samples_leaf': 4, 'min_samples_split': 4, 'n_estimators': 200}",-9.716316852958043,-9.940374060300067,-10.243276422577694,-9.888088472084581,-9.827960599704925,-9.923203281525062,0.17654906619667377,26,-14.011925303157179,-14.612239840449542,-14.856415174837068,-13.8416473356193,-14.129511137924066,-14.29034775839743,0.38177647489363853,67,-0.39897311990335244,-0.3745080230093854,-0.41812688821752264,-0.380235010545345,-0.4168173598553345,-0.397732080306188,0.018040180442734026,63,0.7934250207716458,-1.2684776065199734,1.3636334575892912,-1.0572401319695621,0.5425393818493248,0.07477602434414525,1.0471106261429053,3,-13.17098991064307,-11.577717860483286,-13.879650181847081,-11.61235564217185,-12.440100845552063,-12.536162888139469,0.8932220408858923,78,9.923203281525062,14.29034775839743,0.397732080306188,12.536162888139469,0.07477602434414525,n200__poisson__boostrap_false
19.352410364151,0.116853173015841,2.5100701332092283,0.03366087741980771,False,poisson,20,1.0,4,8,200,"{'bootstrap': False, 'criterion': 'poisson', 'max_depth': 20, 'max_features': 1.0, 'min_samples_leaf': 4, 'min_samples_split': 8, 'n_estimators': 200}",-9.716316852958043,-9.940374060300067,-10.243276422577697,-9.888088472084581,-9.827960599704927,-9.923203281525062,0.17654906619667485,26,-14.011925303157177,-14.612239840449542,-14.856415174837068,-13.841647335619301,-14.129511137924066,-14.29034775839743,0.38177647489363836,67,-0.39897311990335244,-0.3745080230093854,-0.41812688821752264,-0.380235010545345,-0.4168173598553345,-0.397732080306188,0.018040180442734026,63,0.7934250207716453,-1.2684776065199745,1.363633457589291,-1.0572401319695621,0.5425393818493252,0.07477602434414496,1.0471106261429055,5,-13.17098991064307,-11.577717860483286,-13.879650181847081,-11.612355642171853,-12.440100845552063,-12.536162888139472,0.893222040885892,80,9.923203281525062,14.29034775839743,0.397732080306188,12.536162888139472,0.07477602434414496,n200__poisson__boostrap_false
23.594121646881103,0.2419243818666799,3.6395856857299806,0.20542696753625214,False,poisson,22,0.875,1,2,200,"{'bootstrap': False, 'criterion': 'poisson', 'max_depth': 22, 'max_features': 0.875, 'min_samples_leaf': 1, 'min_samples_split': 2, 'n_estimators': 200}",-9.730485740138624,-10.037330563374992,-10.275229843596177,-10.011817889673415,-9.936769310162061,-9.998326669389055,0.17544614929575558,90,-13.987168008146766,-14.578483927649689,-14.82955821109434,-13.894586337098314,-14.161487227498078,-14.290256742297435,0.35746899806381416,66,-0.39655693144065235,-0.3723887375113533,-0.41661631419939577,-0.37872853269056944,-0.41862567811934903,-0.396583238792264,0.018928065701717536,31,0.5436527971536155,-1.4641431605127588,1.0937923916135277,-1.283132559550307,0.33794328845863914,-0.15437744856745667,1.0273391068914153,91,-12.95417848323481,-11.511072354330874,-13.644475561473577,-11.523670091757593,-12.271956948244595,-12.38107068780829,0.8280800819368849,6,9.998326669389055,14.290256742297435,0.396583238792264,12.38107068780829,-0.15437744856745667,n200__poisson__boostrap_false
21.17074294090271,0.304996543369047,2.949767065048218,0.3066152813261812,False,poisson,22,0.875,1,4,200,"{'bootstrap': False, 'criterion': 'poisson', 'max_depth': 22, 'max_features': 0.875, 'min_samples_leaf': 1, 'min_samples_split': 4, 'n_estimators': 200}",-9.792489942523456,-10.04761365317635,-10.247883177110907,-10.003200098141761,-9.885108337059004,-9.995259041602296,0.15483636835455306,87,-14.06307484901017,-14.608456829043979,-14.795129898390766,-13.864812569469418,-14.092304368244028,-14.28475570283167,0.35434344667212664,48,-0.39353669586227724,-0.3760217983651226,-0.4187311178247734,-0.37451039469719793,-0.4153104279686558,-0.3956220869436054,0.01873970009586261,16,0.5429750043454743,-1.3941682447854886,1.1450494051163431,-1.2975131745534816,0.34982208329845815,-0.13076698531573894,1.0266529107862894,81,-13.131513599034161,-11.506574148113936,-13.604115024232394,-11.622757401202533,-12.32202435948696,-12.437396906413998,0.8229712637540393,22,9.995259041602296,14.28475570283167,0.3956220869436054,12.437396906413998,-0.13076698531573894,n200__poisson__boostrap_false
18.537955904006957,0.15671813486693395,2.765259599685669,0.0969241102182797,False,poisson,22,0.875,1,8,200,"{'bootstrap': False, 'criterion': 'poisson', 'max_depth': 22, 'max_features': 0.875, 'min_samples_leaf': 1, 'min_samples_split': 8, 'n_estimators': 200}",-9.78893292774372,-10.063680225603472,-10.276614234569186,-10.04218104323576,-9.882088905288802,-10.010699467288187,0.1674692739300191,94,-14.041712551464586,-14.598952594476767,-14.822188186306976,-13.918570815945742,-14.097919945525861,-14.295868818743987,0.3507149267726171,77,-0.39625490788281487,-0.3729942476536482,-0.41963746223564957,-0.3808376016872552,-0.4144062688366486,-0.3968260976592033,0.018184257523257603,38,0.5881303342124682,-1.4740994018227578,1.1600411881011423,-1.2878221617571084,0.3102253480362251,-0.1407049386460061,1.0507424215902066,84,-13.093923955921088,-11.514360982527474,-13.626828455377535,-11.493558990359036,-12.297490433648159,-12.405232563566658,0.8488818058293012,11,10.010699467288187,14.295868818743987,0.3968260976592033,12.405232563566658,-0.1407049386460061,n200__poisson__boostrap_false
18.605980682373048,0.4139812848466901,3.314394807815552,0.3241687474699858,False,poisson,22,0.875,2,2,200,"{'bootstrap': False, 'criterion': 'poisson', 'max_depth': 22, 'max_features': 0.875, 'min_samples_leaf': 2, 'min_samples_split': 2, 'n_estimators': 200}",-9.720202549955163,-10.014473393270162,-10.219167065396613,-9.942460107320079,-9.853248494412489,-9.949910322070902,0.16663268538046383,49,-13.996016720298739,-14.580101562307965,-14.811109951639184,-13.837253875891674,-14.105425007236446,-14.265981423474802,0.3683213780524061,13,-0.40108728480821504,-0.3745080230093854,-0.4199395770392749,-0.3796324194034348,-0.4165159734779988,-0.39833665554766184,0.01856012907873917,73,0.6526134073651703,-1.3363854474929533,1.3240838585478463,-1.161749137278387,0.47305906371843925,-0.009675651027976906,1.0524263615882907,59,-12.930871097397448,-11.585984027850493,-13.743942646854734,-11.564753853003324,-12.396052271301887,-12.444320779281577,0.8292717306474905,25,9.949910322070902,14.265981423474802,0.39833665554766184,12.444320779281577,-0.009675651027976906,n200__poisson__boostrap_false
18.51016697883606,0.1536060734425003,3.1571433544158936,0.22851444028018783,False,poisson,22,0.875,2,4,200,"{'bootstrap': False, 'criterion': 'poisson', 'max_depth': 22, 'max_features': 0.875, 'min_samples_leaf': 2, 'min_samples_split': 4, 'n_estimators': 200}",-9.720202549955163,-10.014473393270162,-10.219167065396613,-9.942460107320079,-9.853248494412489,-9.949910322070902,0.16663268538046383,49,-13.996016720298739,-14.580101562307965,-14.811109951639184,-13.837253875891674,-14.105425007236446,-14.265981423474802,0.3683213780524061,13,-0.40108728480821504,-0.3745080230093854,-0.4199395770392749,-0.3796324194034348,-0.4165159734779988,-0.39833665554766184,0.01856012907873917,73,0.6526134073651699,-1.336385447492953,1.324083858547847,-1.1617491372783872,0.473059063718439,-0.009675651027976895,1.052426361588291,58,-12.93087109739745,-11.585984027850495,-13.743942646854734,-11.564753853003324,-12.396052271301887,-12.444320779281577,0.8292717306474903,25,9.949910322070902,14.265981423474802,0.39833665554766184,12.444320779281577,-0.009675651027976895,n200__poisson__boostrap_false
17.457955741882323,0.18317852723579886,2.776510000228882,0.05631554572769047,False,poisson,22,0.875,2,8,200,"{'bootstrap': False, 'criterion': 'poisson', 'max_depth': 22, 'max_features': 0.875, 'min_samples_leaf': 2, 'min_samples_split': 8, 'n_estimators': 200}",-9.74631909633787,-10.063549754164962,-10.266261614951281,-10.008774941697602,-9.893608337120648,-9.995702748854473,0.17354634737079147,89,-14.032706077655783,-14.651454507657178,-14.860133561083373,-13.912400773105094,-14.153890720949748,-14.322117128090236,0.36819863211749154,96,-0.39897311990335244,-0.37329700272479566,-0.4202416918429003,-0.377523350406749,-0.41500904159132007,-0.3970088412938235,0.01902401949786367,44,0.6585059981900705,-1.3643956406397215,1.2960726759381733,-1.1979832408020217,0.46844130757204433,-0.027871779948291008,1.0607287040951994,67,-13.039506392120368,-11.651786714101327,-13.756767254796584,-11.669200979757557,-12.484125171056775,-12.520277302366521,0.8097431735453118,71,9.995702748854473,14.322117128090236,0.3970088412938235,12.520277302366521,-0.027871779948291008,n200__poisson__boostrap_false
16.58462610244751,0.5239155658248006,3.04206223487854,0.3699768374106907,False,poisson,22,0.875,3,2,200,"{'bootstrap': False, 'criterion': 'poisson', 'max_depth': 22, 'max_features': 0.875, 'min_samples_leaf': 3, 'min_samples_split': 2, 'n_estimators': 200}",-9.750886166831348,-10.013834862030986,-10.21719176163867,-9.92433522310991,-9.8213842322297,-9.945526449168122,0.1626119791798497,46,-14.035633076973665,-14.606290506310778,-14.80757670526916,-13.811947287742889,-14.094076839537534,-14.271104883166805,0.37356740089327195,20,-0.399879190576865,-0.3796548592188919,-0.41812688821752264,-0.3796324194034348,-0.4168173598553345,-0.3988221434544098,0.016930733158501052,89,0.706347270210003,-1.3310247308501424,1.365922257788318,-1.1389283556476375,0.5522658103262454,0.03091645036535733,1.07085695633235,40,-13.075490902584558,-11.435136309126925,-13.851194871496867,-11.570938648058448,-12.44387955213327,-12.475328056680013,0.9114947082963408,39,9.945526449168122,14.271104883166805,0.3988221434544098,12.475328056680013,0.03091645036535733,n200__poisson__boostrap_false
16.071278190612794,0.23264467857951218,3.3166082859039308,0.19275951483795298,False,poisson,22,0.875,3,4,200,"{'bootstrap': False, 'criterion': 'poisson', 'max_depth': 22, 'max_features': 0.875, 'min_samples_leaf': 3, 'min_samples_split': 4, 'n_estimators': 200}",-9.750886166831348,-10.013834862030986,-10.21719176163867,-9.92433522310991,-9.821384232229697,-9.945526449168122,0.16261197917985024,46,-14.035633076973665,-14.606290506310778,-14.80757670526916,-13.811947287742889,-14.094076839537534,-14.271104883166805,0.37356740089327195,20,-0.399879190576865,-0.3796548592188919,-0.41812688821752264,-0.3796324194034348,-0.4168173598553345,-0.3988221434544098,0.016930733158501052,89,0.7063472702100033,-1.3310247308501428,1.365922257788318,-1.1389283556476375,0.5522658103262443,0.030916450365357083,1.07085695633235,41,-13.075490902584558,-11.435136309126925,-13.851194871496867,-11.570938648058446,-12.44387955213327,-12.475328056680013,0.9114947082963412,39,9.945526449168122,14.271104883166805,0.3988221434544098,12.475328056680013,0.030916450365357083,n200__poisson__boostrap_false
16.274579191207884,0.19262371066113784,2.686976909637451,0.08057504010845959,False,poisson,22,0.875,3,8,200,"{'bootstrap': False, 'criterion': 'poisson', 'max_depth': 22, 'max_features': 0.875, 'min_samples_leaf': 3, 'min_samples_split': 8, 'n_estimators': 200}",-9.763899097980794,-9.968392295841479,-10.262638937671277,-9.947216992592573,-9.882140833148677,-9.964857631446959,0.16505986382026624,60,-14.051603588304571,-14.546485112906835,-14.830385319383332,-13.85845878284622,-14.116433129739956,-14.280673186636182,0.35512028637461107,41,-0.40048323769254,-0.37329700272479566,-0.4178247734138973,-0.3793311238324797,-0.41621458710066306,-0.39743014495287515,0.018374442203566096,54,0.7561180034582394,-1.3503854803025102,1.3422240420949831,-1.14904312938781,0.5308718353272218,0.025957054238024836,1.0766222118419029,44,-13.134154081019847,-11.543096720083216,-13.887236609915517,-11.596957526599127,-12.509187557568076,-12.534126499037157,0.900220831549336,77,9.964857631446959,14.280673186636182,0.39743014495287515,12.534126499037157,0.025957054238024836,n200__poisson__boostrap_false
15.534963464736938,0.3808745303227363,2.7301229000091554,0.17613309315484996,False,poisson,22,0.875,4,2,200,"{'bootstrap': False, 'criterion': 'poisson', 'max_depth': 22, 'max_features': 0.875, 'min_samples_leaf': 4, 'min_samples_split': 2, 'n_estimators': 200}",-9.773808611690198,-10.055152451470088,-10.273059054583788,-9.937819792428288,-9.876257877664825,-9.983219557567438,0.1711935507847069,82,-14.053300179302525,-14.631196578184326,-14.871164053692146,-13.83752496838044,-14.112736656949636,-14.301184487301816,0.38619271112600956,87,-0.40048323769254,-0.3802603693611868,-0.41963746223564957,-0.37842723711961435,-0.41952983725135623,-0.3996676287320694,0.018009790379345927,94,0.7743839204674274,-1.3363840699382823,1.3645773509323125,-1.100842110306612,0.5703491408395438,0.054416846398877894,1.0742448244009821,28,-13.169330872539177,-11.464208584474349,-13.866298236954028,-11.67592712060583,-12.450374313001975,-12.52522782551507,0.9017777053327835,73,9.983219557567438,14.301184487301816,0.3996676287320694,12.52522782551507,0.054416846398877894,n200__poisson__boostrap_false
14.905299043655395,0.22267308744522035,3.262850046157837,0.13521615444651436,False,poisson,22,0.875,4,4,200,"{'bootstrap': False, 'criterion': 'poisson', 'max_depth': 22, 'max_features': 0.875, 'min_samples_leaf': 4, 'min_samples_split': 4, 'n_estimators': 200}",-9.773808611690198,-10.05515245147009,-10.273059054583788,-9.937819792428288,-9.876257877664825,-9.983219557567438,0.17119355078470708,82,-14.053300179302525,-14.631196578184325,-14.871164053692144,-13.83752496838044,-14.112736656949636,-14.301184487301816,0.3861927111260087,87,-0.40048323769254,-0.3802603693611868,-0.41963746223564957,-0.37842723711961435,-0.41952983725135623,-0.3996676287320694,0.018009790379345927,94,0.7743839204674275,-1.3363840699382812,1.3645773509323131,-1.1008421103066117,0.5703491408395441,0.05441684639887838,1.074244824400982,26,-13.169330872539177,-11.464208584474349,-13.866298236954032,-11.67592712060583,-12.450374313001975,-12.52522782551507,0.9017777053327845,73,9.983219557567438,14.301184487301816,0.3996676287320694,12.52522782551507,0.05441684639887838,n200__poisson__boostrap_false
15.364902782440186,0.5227161942836064,3.7265440464019775,0.2240739449520642,False,poisson,22,0.875,4,8,200,"{'bootstrap': False, 'criterion': 'poisson', 'max_depth': 22, 'max_features': 0.875, 'min_samples_leaf': 4, 'min_samples_split': 8, 'n_estimators': 200}",-9.773808611690198,-10.055152451470088,-10.273059054583788,-9.937819792428288,-9.876257877664825,-9.983219557567438,0.1711935507847069,82,-14.053300179302525,-14.631196578184325,-14.871164053692146,-13.83752496838044,-14.112736656949636,-14.301184487301816,0.3861927111260093,87,-0.40048323769254,-0.3802603693611868,-0.41963746223564957,-0.37842723711961435,-0.41952983725135623,-0.3996676287320694,0.018009790379345927,94,0.7743839204674279,-1.3363840699382814,1.3645773509323122,-1.1008421103066113,0.5703491408395438,0.05441684639887825,1.0742448244009817,27,-13.169330872539177,-11.464208584474349,-13.866298236954032,-11.67592712060583,-12.450374313001975,-12.52522782551507,0.9017777053327845,73,9.983219557567438,14.301184487301816,0.3996676287320694,12.52522782551507,0.05441684639887825,n200__poisson__boostrap_false
28.101901626586915,0.29799042859643066,3.058935213088989,0.41979885420036134,False,poisson,22,1.0,1,2,200,"{'bootstrap': False, 'criterion': 'poisson', 'max_depth': 22, 'max_features': 1.0, 'min_samples_leaf': 1, 'min_samples_split': 2, 'n_estimators': 200}",-9.693951617559524,-9.982578411370133,-10.227494664420506,-10.020466053172823,-9.928295407212342,-9.970557230747065,0.17143451877467855,66,-13.923425502354739,-14.610185086409128,-14.788047449616478,-13.940316284510928,-14.198007673955495,-14.291996399369356,0.3509039682959672,71,-0.3983690727876774,-0.3672419013018468,-0.41299093655589125,-0.3766194636938837,-0.4141048824593128,-0.3938652513597224,0.01898388194887834,3,0.4982290635893729,-1.3875470073168155,1.1461319792000757,-1.3356230738754888,0.30970050015440487,-0.15382170764969016,1.0245618788152564,90,-12.79238447129795,-11.702138799500457,-13.76982596575864,-11.52999753931514,-12.361597678545438,-12.431188890883524,0.8088157132824653,20,9.970557230747065,14.291996399369356,0.3938652513597224,12.431188890883524,-0.15382170764969016,n200__poisson__boostrap_false
25.264436531066895,0.5856571914245301,2.516715240478516,0.23287768813077225,False,poisson,22,1.0,1,4,200,"{'bootstrap': False, 'criterion': 'poisson', 'max_depth': 22, 'max_features': 1.0, 'min_samples_leaf': 1, 'min_samples_split': 4, 'n_estimators': 200}",-9.708537769480921,-9.984516711166023,-10.233562068386554,-10.024909069255004,-9.856322718497067,-9.961569667357114,0.17528284254728854,59,-13.943242440191707,-14.65906588988827,-14.788315321343802,-13.925212503909846,-14.08453278003182,-14.28007378707309,0.3686631641808073,37,-0.39806704922983993,-0.371480472297911,-0.4169184290030212,-0.37782464597770415,-0.4165159734779988,-0.39616131399729504,0.01894296256536263,23,0.5395910382245329,-1.3516727004483466,1.133793455693578,-1.267275847971364,0.3721238258513136,-0.1146880457300572,1.008202624009083,77,-12.87236512986068,-11.619512537653012,-13.632589414748276,-11.589547313174005,-12.278576568070884,-12.39851819270137,0.7775773130408581,9,9.961569667357114,14.28007378707309,0.39616131399729504,12.39851819270137,-0.1146880457300572,n200__poisson__boostrap_false
20.469969320297242,1.8810541476805507,3.0183531761169435,0.8667523824879999,False,poisson,22,1.0,1,8,200,"{'bootstrap': False, 'criterion': 'poisson', 'max_depth': 22, 'max_features': 1.0, 'min_samples_leaf': 1, 'min_samples_split': 8, 'n_estimators': 200}",-9.71607006638972,-9.974035621708039,-10.249943918674742,-9.937319662342755,-9.91459448096631,-9.958392750016312,0.17107275047577086,57,-13.97160197743068,-14.627529583917463,-14.818362848721671,-13.843855667876758,-14.184769638802868,-14.289223943349887,0.3753893987284617,62,-0.39897311990335244,-0.3723887375113533,-0.4169184290030212,-0.377523350406749,-0.41561181434599154,-0.39628309023409347,0.018598499788704186,27,0.5402795980300573,-1.4400509893399625,1.1544804671733786,-1.2486300557520131,0.37931849467358153,-0.12292049704299161,1.0320742549442472,80,-12.853434420474597,-11.458435463703966,-13.677045187375827,-11.507486354459164,-12.384047589983014,-12.376089803199312,0.8386855858530019,5,9.958392750016312,14.289223943349887,0.39628309023409347,12.376089803199312,-0.12292049704299161,n200__poisson__boostrap_false
21.776135540008546,0.8724417839441099,3.044546127319336,0.40474300374604505,False,poisson,22,1.0,2,2,200,"{'bootstrap': False, 'criterion': 'poisson', 'max_depth': 22, 'max_features': 1.0, 'min_samples_leaf': 2, 'min_samples_split': 2, 'n_estimators': 200}",-9.7178733585707,-9.966024336619064,-10.193724248487229,-9.869520890644653,-9.836034986568034,-9.916635564177934,0.15964964752015423,17,-14.00791503002186,-14.646021583526435,-14.81506757170641,-13.791985910005598,-14.127704149698193,-14.2777388489917,0.3887481320391909,34,-0.3950468136514648,-0.37117771722676357,-0.41963746223564957,-0.3763181681229286,-0.4138034960819771,-0.3951967314637567,0.01937470869098675,11,0.634344849336149,-1.3120950016900732,1.2575554399382118,-1.1549155129359359,0.43415809905616976,-0.028190425259095698,1.0221332557423484,70,-13.102520828126748,-11.65739339040394,-13.644253336460839,-11.578773117940445,-12.409504973816865,-12.478489129349768,0.8045952616161336,45,9.916635564177934,14.2777388489917,0.3951967314637567,12.478489129349768,-0.028190425259095698,n200__poisson__boostrap_false
22.850498104095458,0.15836116727668892,2.029420042037964,0.13084766864781608,False,poisson,22,1.0,2,4,200,"{'bootstrap': False, 'criterion': 'poisson', 'max_depth': 22, 'max_features': 1.0, 'min_samples_leaf': 2, 'min_samples_split': 4, 'n_estimators': 200}",-9.7178733585707,-9.966024336619064,-10.193724248487229,-9.869520890644651,-9.836034986568034,-9.916635564177934,0.15964964752015434,17,-14.007915030021858,-14.646021583526435,-14.815067571706408,-13.791985910005598,-14.127704149698193,-14.2777388489917,0.3887481320391907,34,-0.3950468136514648,-0.37117771722676357,-0.41963746223564957,-0.3763181681229286,-0.4138034960819771,-0.3951967314637567,0.01937470869098675,11,0.6343448493361491,-1.3120950016900732,1.2575554399382125,-1.1549155129359356,0.43415809905616976,-0.028190425259095497,1.0221332557423484,69,-13.102520828126748,-11.65739339040394,-13.644253336460839,-11.578773117940443,-12.409504973816865,-12.478489129349768,0.8045952616161339,45,9.916635564177934,14.2777388489917,0.3951967314637567,12.478489129349768,-0.028190425259095497,n200__poisson__boostrap_false
20.018102741241456,1.5222797226094924,2.1765979766845702,0.5843049139084456,False,poisson,22,1.0,2,8,200,"{'bootstrap': False, 'criterion': 'poisson', 'max_depth': 22, 'max_features': 1.0, 'min_samples_leaf': 2, 'min_samples_split': 8, 'n_estimators': 200}",-9.676063342547913,-9.976195513491723,-10.173080698619346,-9.888981088752413,-9.859036616132368,-9.914671451908754,0.16201827582277614,13,-13.955322957836731,-14.662067843995338,-14.79096527012334,-13.80752430123086,-14.15401349699567,-14.273978774036388,0.38765993743266175,25,-0.3974630021141649,-0.3708749621556161,-0.41661631419939577,-0.37420909912624284,-0.41892706449668476,-0.39561808841842083,0.020288936285967847,15,0.6510381359066433,-1.3003801386965435,1.2173519222778424,-1.2120705471588817,0.4806765630736775,-0.0326768129194524,1.0287478759404838,72,-12.99127393433246,-11.69641558487693,-13.670171129503153,-11.593665896758829,-12.340708031872536,-12.458446915468782,0.786712222701983,30,9.914671451908754,14.273978774036388,0.39561808841842083,12.458446915468782,-0.0326768129194524,n200__poisson__boostrap_false
18.417305994033814,0.6021465578578855,3.3609313011169433,0.19424124365695378,False,poisson,22,1.0,3,2,200,"{'bootstrap': False, 'criterion': 'poisson', 'max_depth': 22, 'max_features': 1.0, 'min_samples_leaf': 3, 'min_samples_split': 2, 'n_estimators': 200}",-9.686133975598073,-9.929304893282216,-10.182836887740768,-9.874996530961717,-9.850067125612744,-9.904667882639105,0.16099917887834772,7,-13.966222456417421,-14.644147589333697,-14.776348919025608,-13.791479459671695,-14.173472851911995,-14.270334255272084,0.3813017916529755,18,-0.40018121413470253,-0.3787465940054496,-0.42084592145015104,-0.3766194636938837,-0.41470765521398434,-0.39822016969963425,0.018074391643439828,69,0.7288362178072519,-1.2323285148573366,1.3614847650661626,-1.0990073034807615,0.5315124452447382,0.05809952195601091,1.037007360313498,24,-13.012817475609443,-11.48126018302853,-13.715615459723958,-11.651003298403715,-12.516744555270758,-12.475488194407282,0.8362541671380664,42,9.904667882639105,14.270334255272084,0.39822016969963425,12.475488194407282,0.05809952195601091,n200__poisson__boostrap_false
20.04028034210205,0.16909587877751994,1.960580825805664,0.29499246692545794,False,poisson,22,1.0,3,4,200,"{'bootstrap': False, 'criterion': 'poisson', 'max_depth': 22, 'max_features': 1.0, 'min_samples_leaf': 3, 'min_samples_split': 4, 'n_estimators': 200}",-9.686133975598072,-9.929304893282216,-10.182836887740768,-9.874996530961717,-9.850067125612744,-9.904667882639105,0.1609991788783482,7,-13.966222456417418,-14.644147589333697,-14.776348919025608,-13.791479459671695,-14.173472851911995,-14.27033425527208,0.38130179165297606,17,-0.40018121413470253,-0.3787465940054496,-0.42084592145015104,-0.3766194636938837,-0.41470765521398434,-0.39822016969963425,0.018074391643439828,69,0.7288362178072519,-1.2323285148573377,1.3614847650661632,-1.0990073034807621,0.531512445244739,0.05809952195601085,1.0370073603134984,25,-13.012817475609443,-11.481260183028526,-13.715615459723955,-11.651003298403715,-12.516744555270758,-12.47548819440728,0.8362541671380663,41,9.904667882639105,14.27033425527208,0.39822016969963425,12.47548819440728,0.05809952195601085,n200__poisson__boostrap_false
19.46074562072754,0.8021073060215531,1.4633530616760253,0.22917966021285333,False,poisson,22,1.0,3,8,200,"{'bootstrap': False, 'criterion': 'poisson', 'max_depth': 22, 'max_features': 1.0, 'min_samples_leaf': 3, 'min_samples_split': 8, 'n_estimators': 200}",-9.696826667975213,-9.923356534513632,-10.243663064122252,-9.892082483852516,-9.851716858933553,-9.921529121879434,0.17888860529453898,25,-13.995809624670686,-14.621673746007819,-14.865768334788758,-13.805236790675341,-14.164834616454407,-14.290664622519405,0.394645197566136,70,-0.39927514346119,-0.37117771722676357,-0.41963746223564957,-0.37812594154865925,-0.4165159734779988,-0.39694644759005226,0.019603623265998366,39,0.7320876967458807,-1.2549691096954272,1.3126081314071782,-1.1471409799734313,0.5473644117017706,0.037990030037194214,1.0432798266882726,38,-13.059809176093621,-11.676869357330563,-13.769351208496188,-11.563530219671186,-12.48341232126194,-12.510594456570699,0.8341309785705866,65,9.921529121879434,14.290664622519405,0.39694644759005226,12.510594456570699,0.037990030037194214,n200__poisson__boostrap_false
16.846409368515015,0.7275686673431686,2.841654396057129,0.12626805528065516,False,poisson,22,1.0,4,2,200,"{'bootstrap': False, 'criterion': 'poisson', 'max_depth': 22, 'max_features': 1.0, 'min_samples_leaf': 4, 'min_samples_split': 2, 'n_estimators': 200}",-9.698131866766728,-9.991599756754677,-10.218466893944349,-9.876678332653032,-9.87845608108412,-9.93266658624058,0.17101750350077816,31,-13.98900540427427,-14.670560003651449,-14.838619196650786,-13.819826043214018,-14.192225175159907,-14.302047164590087,0.39148549937591165,91,-0.4019933554817276,-0.3745080230093854,-0.4205438066465257,-0.3796324194034348,-0.4165159734779988,-0.3986387156038145,0.01873079064932091,84,0.7866196317300116,-1.268615825235107,1.322595664578907,-1.1163589815666344,0.6043640872176625,0.06572091534496796,1.0552092665530342,15,-13.04095124399801,-11.645923979712668,-13.721593774681029,-11.537896796133236,-12.583935353988899,-12.50606022970277,0.8302854369157596,60,9.93266658624058,14.302047164590087,0.3986387156038145,12.50606022970277,0.06572091534496796,n200__poisson__boostrap_false
18.425318813323976,0.4446600560488331,2.0709163188934325,0.3442522924075934,False,poisson,22,1.0,4,4,200,"{'bootstrap': False, 'criterion': 'poisson', 'max_depth': 22, 'max_features': 1.0, 'min_samples_leaf': 4, 'min_samples_split': 4, 'n_estimators': 200}",-9.698131866766728,-9.991599756754677,-10.218466893944349,-9.876678332653032,-9.87845608108412,-9.93266658624058,0.17101750350077816,31,-13.98900540427427,-14.670560003651449,-14.838619196650786,-13.819826043214018,-14.192225175159907,-14.302047164590087,0.39148549937591165,91,-0.4019933554817276,-0.3745080230093854,-0.4205438066465257,-0.3796324194034348,-0.4165159734779988,-0.3986387156038145,0.01873079064932091,84,0.7866196317300111,-1.268615825235107,1.3225956645789074,-1.1163589815666348,0.6043640872176628,0.0657209153449679,1.0552092665530342,16,-13.04095124399801,-11.645923979712668,-13.721593774681029,-11.537896796133234,-12.583935353988897,-12.506060229702769,0.8302854369157602,59,9.93266658624058,14.302047164590087,0.3986387156038145,12.506060229702769,0.0657209153449679,n200__poisson__boostrap_false
19.196230268478395,0.1987698904227174,1.6556552410125733,0.15721243900506357,False,poisson,22,1.0,4,8,200,"{'bootstrap': False, 'criterion': 'poisson', 'max_depth': 22, 'max_features': 1.0, 'min_samples_leaf': 4, 'min_samples_split': 8, 'n_estimators': 200}",-9.698131866766728,-9.991599756754677,-10.218466893944349,-9.876678332653032,-9.87845608108412,-9.93266658624058,0.17101750350077816,31,-13.989005404274272,-14.670560003651449,-14.838619196650784,-13.819826043214018,-14.192225175159907,-14.302047164590084,0.3914854993759108,90,-0.4019933554817276,-0.3745080230093854,-0.4205438066465257,-0.3796324194034348,-0.4165159734779988,-0.3986387156038145,0.01873079064932091,84,0.7866196317300118,-1.2686158252351076,1.322595664578907,-1.1163589815666348,0.6043640872176622,0.06572091534496771,1.0552092665530344,17,-13.04095124399801,-11.645923979712668,-13.721593774681029,-11.537896796133236,-12.583935353988899,-12.50606022970277,0.8302854369157596,60,9.93266658624058,14.302047164590084,0.3986387156038145,12.50606022970277,0.06572091534496771,n200__poisson__boostrap_false
24.612955474853514,0.40759999937905295,3.563345527648926,0.995949955341408,False,poisson,24,0.875,1,2,200,"{'bootstrap': False, 'criterion': 'poisson', 'max_depth': 24, 'max_features': 0.875, 'min_samples_leaf': 1, 'min_samples_split': 2, 'n_estimators': 200}",-9.713226676385373,-10.037454222734807,-10.234702262166568,-9.999406998644682,-9.870945382311504,-9.971147108448587,0.17390796936695893,67,-13.949485172327593,-14.576033466676328,-14.779045819532003,-13.868105771838174,-14.070854723899501,-14.24870499085472,0.36178012892287464,1,-0.39625490788281487,-0.3723887375113533,-0.4169184290030212,-0.37601687255197347,-0.41952983725135623,-0.3962217568401038,0.019737629591669064,26,0.5373916523663732,-1.464519687675291,1.183667774249345,-1.3436452550282967,0.3204832604414501,-0.1533244511292839,1.0606815976937423,89,-12.93437396589064,-11.510732833049422,-13.693769862513284,-11.509804978791177,-12.146250085005137,-12.358986345049932,0.8483652140992932,2,9.971147108448587,14.24870499085472,0.3962217568401038,12.358986345049932,-0.1533244511292839,n200__poisson__boostrap_false
22.30477981567383,0.4655467772282834,1.7435803413391113,0.35096009730664657,False,poisson,24,0.875,1,4,200,"{'bootstrap': False, 'criterion': 'poisson', 'max_depth': 24, 'max_features': 0.875, 'min_samples_leaf': 1, 'min_samples_split': 4, 'n_estimators': 200}",-9.749184795928489,-10.082631062085143,-10.284054712196497,-10.04118471505964,-9.844672653652658,-10.000345587784485,0.18774738701726523,91,-13.998500687125803,-14.681325924144652,-14.80356622732076,-13.891327541478251,-14.068284379563675,-14.288600951926629,0.37681450529669225,60,-0.39414074297795226,-0.37329700272479566,-0.4178247734138973,-0.37782464597770415,-0.41561181434599154,-0.3957397958880682,0.018492332905277374,19,0.5552005256809006,-1.4502474414585123,1.1460254868924562,-1.3199897587479565,0.30290678346310185,-0.153220880834002,1.043224038529607,88,-13.071961609137428,-11.562353243686031,-13.678078618577164,-11.541326180222681,-12.208001657849922,-12.412344261894646,0.8438117842188173,12,10.000345587784485,14.288600951926629,0.3957397958880682,12.412344261894646,-0.153220880834002,n200__poisson__boostrap_false
20.790904331207276,0.2791338093099882,1.9062914848327637,0.3741624805688673,False,poisson,24,0.875,1,8,200,"{'bootstrap': False, 'criterion': 'poisson', 'max_depth': 24, 'max_features': 0.875, 'min_samples_leaf': 1, 'min_samples_split': 8, 'n_estimators': 200}",-9.792515184911975,-10.087458716282574,-10.292110657745924,-10.032881938742996,-9.884785664576954,-10.017950432452086,0.17249468790142622,96,-13.993391083263775,-14.607317805026343,-14.847646930591557,-13.896850075254433,-14.099803048202697,-14.289001788467761,0.3715842568628205,61,-0.39716097855632737,-0.3726914925825008,-0.41842900302114805,-0.3754142814100633,-0.4177215189873418,-0.39628345491147626,0.01971237697138451,28,0.5452108283695035,-1.4742396483870177,1.2072949471624945,-1.3101344501316174,0.35655676833341043,-0.13506231093064536,1.0658868931540662,82,-13.014528832690107,-11.555427530974423,-13.741166986370715,-11.61749555164573,-12.258576548483617,-12.43743909003292,0.8384488778684949,23,10.017950432452086,14.289001788467761,0.39628345491147626,12.43743909003292,-0.13506231093064536,n200__poisson__boostrap_false
18.868467617034913,1.3170067327068826,3.3594128131866454,0.9875014132618273,False,poisson,24,0.875,2,2,200,"{'bootstrap': False, 'criterion': 'poisson', 'max_depth': 24, 'max_features': 0.875, 'min_samples_leaf': 2, 'min_samples_split': 2, 'n_estimators': 200}",-9.69113746566906,-10.021950490329269,-10.244914050112728,-9.962287789517832,-9.865899054103801,-9.957237769946538,0.18227617178096905,55,-13.972706119460018,-14.617330929159774,-14.823222024685313,-13.856918665560901,-14.156135557681301,-14.285262659309462,0.3735006266647974,49,-0.40018121413470253,-0.3693611867998789,-0.41812688821752264,-0.37782464597770415,-0.41561181434599154,-0.39622114989515994,0.019654161503044103,24,0.675253013083894,-1.3384992855048086,1.3087958782116134,-1.1870999722329658,0.4712038597239929,-0.014069301343654828,1.0574254881638019,64,-12.952120330245673,-11.754688249809508,-13.816033187410973,-11.612778455170844,-12.436007058767444,-12.51432545628089,0.8101946458733118,66,9.957237769946538,14.285262659309462,0.39622114989515994,12.51432545628089,-0.014069301343654828,n200__poisson__boostrap_false
20.255758571624757,0.5171090124908664,1.6196622371673584,0.16771354745594158,False,poisson,24,0.875,2,4,200,"{'bootstrap': False, 'criterion': 'poisson', 'max_depth': 24, 'max_features': 0.875, 'min_samples_leaf': 2, 'min_samples_split': 4, 'n_estimators': 200}",-9.69113746566906,-10.021950490329269,-10.244914050112728,-9.962287789517832,-9.865899054103801,-9.957237769946538,0.18227617178096905,55,-13.972706119460016,-14.617330929159774,-14.823222024685316,-13.856918665560901,-14.156135557681301,-14.285262659309462,0.3735006266647987,49,-0.40018121413470253,-0.3693611867998789,-0.41812688821752264,-0.37782464597770415,-0.41561181434599154,-0.39622114989515994,0.019654161503044103,24,0.6752530130838942,-1.338499285504807,1.3087958782116127,-1.1870999722329654,0.4712038597239929,-0.014069301343654517,1.0574254881638012,63,-12.952120330245673,-11.754688249809508,-13.816033187410973,-11.612778455170844,-12.436007058767444,-12.51432545628089,0.8101946458733118,66,9.957237769946538,14.285262659309462,0.39622114989515994,12.51432545628089,-0.014069301343654517,n200__poisson__boostrap_false
19.286503744125366,0.18003162283387353,1.6390321731567383,0.2222083451802534,False,poisson,24,0.875,2,8,200,"{'bootstrap': False, 'criterion': 'poisson', 'max_depth': 24, 'max_features': 0.875, 'min_samples_leaf': 2, 'min_samples_split': 8, 'n_estimators': 200}",-9.752736619802015,-10.029777470380823,-10.252772462004838,-10.011919858734013,-9.881609029282737,-9.985763088040885,0.1667722106024611,85,-14.036330573820551,-14.626504335138739,-14.800457780770843,-13.90697127721209,-14.125671919377167,-14.299187177263878,0.3496979241363042,85,-0.3968589549984899,-0.3729942476536482,-0.41842900302114805,-0.37842723711961435,-0.4213381555153707,-0.39760951966165425,0.019854137975237718,56,0.6688070465416608,-1.3879492128187592,1.319961563557946,-1.2166259309395913,0.45660380827259567,-0.03184054507722959,1.0769959149549193,71,-13.130034657254148,-11.584398837145898,-13.828790478199572,-11.62085212832392,-12.268308367313518,-12.48647689364741,0.8748280876397805,52,9.985763088040885,14.299187177263878,0.39760951966165425,12.48647689364741,-0.03184054507722959,n200__poisson__boostrap_false
16.80675325393677,1.8805211704614175,2.7999120712280274,1.0648390266292922,False,poisson,24,0.875,3,2,200,"{'bootstrap': False, 'criterion': 'poisson', 'max_depth': 24, 'max_features': 0.875, 'min_samples_leaf': 3, 'min_samples_split': 2, 'n_estimators': 200}",-9.716921837355223,-9.998962120495062,-10.261724308299954,-9.948285532107569,-9.823872795477593,-9.94995331874708,0.1842855196456939,51,-14.017475467557304,-14.597543591593904,-14.853025390680425,-13.82737441743379,-14.107716593616166,-14.280627092176317,0.3827951632261561,39,-0.4028994261552401,-0.37481077808053287,-0.4190332326283988,-0.3799337149743899,-0.41892706449668476,-0.39912084326704933,0.018773345464300314,92,0.7305529994430001,-1.3178861043174241,1.336579713362494,-1.1566597420059335,0.5379976871564754,0.026116910727722376,1.0659145935911973,42,-12.96536326260829,-11.580611503002721,-13.839360602632555,-11.569946866513611,-12.367153331431595,-12.464487113237755,0.8639521099351772,33,9.94995331874708,14.280627092176317,0.39912084326704933,12.464487113237755,0.026116910727722376,n200__poisson__boostrap_false
17.355116605758667,0.9646985837808837,2.0094759941101072,0.8683789900739746,False,poisson,24,0.875,3,4,200,"{'bootstrap': False, 'criterion': 'poisson', 'max_depth': 24, 'max_features': 0.875, 'min_samples_leaf': 3, 'min_samples_split': 4, 'n_estimators': 200}",-9.716921837355224,-9.998962120495062,-10.261724308299954,-9.948285532107569,-9.823872795477593,-9.949953318747081,0.18428551964569348,52,-14.017475467557302,-14.597543591593904,-14.853025390680425,-13.82737441743379,-14.107716593616166,-14.280627092176317,0.3827951632261563,39,-0.4028994261552401,-0.37481077808053287,-0.4190332326283988,-0.3799337149743899,-0.41892706449668476,-0.39912084326704933,0.018773345464300314,92,0.7305529994430007,-1.3178861043174246,1.3365797133624937,-1.1566597420059335,0.5379976871564749,0.026116910727722244,1.0659145935911973,43,-12.96536326260829,-11.580611503002721,-13.839360602632553,-11.569946866513611,-12.367153331431599,-12.464487113237755,0.8639521099351765,33,9.949953318747081,14.280627092176317,0.39912084326704933,12.464487113237755,0.026116910727722244,n200__poisson__boostrap_false
17.75059003829956,0.09829882242775596,1.4096872806549072,0.033840688115559306,False,poisson,24,0.875,3,8,200,"{'bootstrap': False, 'criterion': 'poisson', 'max_depth': 24, 'max_features': 0.875, 'min_samples_leaf': 3, 'min_samples_split': 8, 'n_estimators': 200}",-9.747918345687163,-10.011273660101203,-10.277394216832299,-9.950413680670701,-9.865200604560226,-9.970440101570318,0.17713302881443038,64,-14.030378629731517,-14.616110095980652,-14.867938586576933,-13.855495297568512,-14.116163257675215,-14.297217173506564,0.38118687592969114,84,-0.399879190576865,-0.37208598244020585,-0.4163141993957704,-0.37842723711961435,-0.4168173598553345,-0.39670479387755797,0.01865087583477214,36,0.75834879285042,-1.3224975003386612,1.2814591769553219,-1.1729369829621505,0.542528085533061,0.01738031440759822,1.0615872705689997,47,-13.136801546713723,-11.675763895726474,-13.882367464962638,-11.59731097121603,-12.484759144515376,-12.555400604626849,0.8712697406739162,87,9.970440101570318,14.297217173506564,0.39670479387755797,12.555400604626849,0.01738031440759822,n200__poisson__boostrap_false
16.063086175918578,1.8234447159871072,2.4075127601623536,1.2225639940260375,False,poisson,24,0.875,4,2,200,"{'bootstrap': False, 'criterion': 'poisson', 'max_depth': 24, 'max_features': 0.875, 'min_samples_leaf': 4, 'min_samples_split': 2, 'n_estimators': 200}",-9.762603029658656,-10.022024050445113,-10.2901961898571,-9.92412804577182,-9.859681155991478,-9.971726494344832,0.18028043972930813,68,-14.047613457025873,-14.579318445054978,-14.881481868866823,-13.82122997840551,-14.109594508553553,-14.287847651581348,0.3858951960139759,57,-0.4025974025974026,-0.37178322736905844,-0.41963746223564957,-0.37601687255197347,-0.4180229053646775,-0.39761157402375236,0.020298055610171832,57,0.7845119594883483,-1.3360331817625235,1.4019404887532454,-1.1303823786710225,0.5873886329125999,0.06148510414412951,1.0926818795315725,21,-13.098836357489022,-11.681525993183467,-13.931235567386697,-11.69328600525142,-12.495810223353907,-12.580138829332903,0.8597248159678847,96,9.971726494344832,14.287847651581348,0.39761157402375236,12.580138829332903,0.06148510414412951,n200__poisson__boostrap_false
15.598615074157715,1.4517383698041684,3.1259902477264405,0.4925600439985114,False,poisson,24,0.875,4,4,200,"{'bootstrap': False, 'criterion': 'poisson', 'max_depth': 24, 'max_features': 0.875, 'min_samples_leaf': 4, 'min_samples_split': 4, 'n_estimators': 200}",-9.762603029658656,-10.022024050445111,-10.2901961898571,-9.92412804577182,-9.859681155991478,-9.971726494344832,0.18028043972930805,68,-14.047613457025873,-14.579318445054978,-14.881481868866823,-13.82122997840551,-14.109594508553553,-14.287847651581348,0.3858951960139759,57,-0.4025974025974026,-0.37178322736905844,-0.41963746223564957,-0.37601687255197347,-0.4180229053646775,-0.39761157402375236,0.020298055610171832,57,0.7845119594883484,-1.3360331817625235,1.401940488753245,-1.1303823786710228,0.5873886329125999,0.0614851041441294,1.0926818795315723,23,-13.098836357489022,-11.681525993183467,-13.931235567386693,-11.693286005251418,-12.495810223353907,-12.5801388293329,0.8597248159678841,94,9.971726494344832,14.287847651581348,0.39761157402375236,12.5801388293329,0.0614851041441294,n200__poisson__boostrap_false
17.271273851394653,0.18486877541384766,2.554575490951538,0.05722350658971348,False,poisson,24,0.875,4,8,200,"{'bootstrap': False, 'criterion': 'poisson', 'max_depth': 24, 'max_features': 0.875, 'min_samples_leaf': 4, 'min_samples_split': 8, 'n_estimators': 200}",-9.762603029658656,-10.022024050445113,-10.2901961898571,-9.92412804577182,-9.859681155991478,-9.971726494344832,0.18028043972930813,68,-14.047613457025873,-14.579318445054978,-14.881481868866823,-13.82122997840551,-14.109594508553553,-14.287847651581348,0.3858951960139759,57,-0.4025974025974026,-0.37178322736905844,-0.41963746223564957,-0.37601687255197347,-0.4180229053646775,-0.39761157402375236,0.020298055610171832,57,0.7845119594883485,-1.3360331817625244,1.4019404887532454,-1.130382378671023,0.5873886329126007,0.06148510414412944,1.092681879531573,22,-13.098836357489022,-11.681525993183467,-13.931235567386693,-11.69328600525142,-12.495810223353903,-12.5801388293329,0.8597248159678837,94,9.971726494344832,14.287847651581348,0.39761157402375236,12.5801388293329,0.06148510414412944,n200__poisson__boostrap_false
28.22689280509949,0.416728524692458,3.7610174655914306,0.11398859253718248,False,poisson,24,1.0,1,2,200,"{'bootstrap': False, 'criterion': 'poisson', 'max_depth': 24, 'max_features': 1.0, 'min_samples_leaf': 1, 'min_samples_split': 2, 'n_estimators': 200}",-9.747601904899312,-9.995545171590729,-10.22390114944194,-9.965033830870086,-9.917824525487301,-9.969981316457872,0.1531836828223103,63,-14.010902192496962,-14.641378793283128,-14.787282876617533,-13.894411386518307,-14.184280852797581,-14.3036512203427,0.3508241759105175,93,-0.39414074297795226,-0.36905843172873143,-0.413595166163142,-0.37872853269056944,-0.41350210970464135,-0.39380499665300733,0.017996844382088324,2,0.5295136778311754,-1.3909214799732097,1.0986119020755256,-1.313986563845515,0.28614406606146015,-0.1581276795701127,1.0104862899733726,92,-13.03736769901174,-11.657535706896091,-13.687917531235502,-11.421171789679613,-12.338472225495185,-12.428492990463628,0.845464778375573,18,9.969981316457872,14.3036512203427,0.39380499665300733,12.428492990463628,-0.1581276795701127,n200__poisson__boostrap_false
24.77673511505127,0.3877122873913542,2.8629650592803957,0.2738401163079535,False,poisson,24,1.0,1,4,200,"{'bootstrap': False, 'criterion': 'poisson', 'max_depth': 24, 'max_features': 1.0, 'min_samples_leaf': 1, 'min_samples_split': 4, 'n_estimators': 200}",-9.727963689337678,-9.968764171012324,-10.22846333547026,-9.940710999648207,-9.850265536938434,-9.94323354648138,0.16552846930431855,45,-13.945220014248145,-14.653475183781207,-14.772664105844056,-13.852296371044405,-14.092069219263678,-14.2631449788363,0.3771225760479865,9,-0.39655693144065235,-0.36905843172873143,-0.4175226586102719,-0.37601687255197347,-0.41350210970464135,-0.39453140080725413,0.019412616598346682,6,0.5013834282264068,-1.390136301696209,1.1219972036176882,-1.3165086801598802,0.35170616102800784,-0.1463116377967973,1.0190779024379886,85,-12.89770308692105,-11.622316592432782,-13.592628214320225,-11.467839542620895,-12.336057614377784,-12.383309010134546,0.7932818797874549,7,9.94323354648138,14.2631449788363,0.39453140080725413,12.383309010134546,-0.1463116377967973,n200__poisson__boostrap_false
21.803238582611083,0.16599192597205084,2.764424228668213,0.03952536263266075,False,poisson,24,1.0,1,8,200,"{'bootstrap': False, 'criterion': 'poisson', 'max_depth': 24, 'max_features': 1.0, 'min_samples_leaf': 1, 'min_samples_split': 8, 'n_estimators': 200}",-9.723325121581526,-10.053330418076085,-10.252974791922558,-9.941303297598102,-9.921554908439724,-9.978497707523598,0.17359525312770638,76,-13.941306459927644,-14.750431726995016,-14.828909781117723,-13.855278231945634,-14.203277575887373,-14.315840755174676,0.40427054892001535,95,-0.39595288432497733,-0.36996669694217377,-0.4175226586102719,-0.3796324194034348,-0.4132007233273056,-0.39525507652163266,0.01844965010110613,13,0.5766280457838079,-1.442014621618451,1.179132721528408,-1.309689139527682,0.31881029615205597,-0.13542653953637224,1.0514260750238398,83,-13.006538877630291,-11.637960751104568,-13.690403715456837,-11.368383885172907,-12.391514131595741,-12.41896027219207,0.8574661899485564,14,9.978497707523598,14.315840755174676,0.39525507652163266,12.41896027219207,-0.13542653953637224,n200__poisson__boostrap_false
21.497216558456422,0.8056275350790634,3.5016400814056396,0.48142990591544466,False,poisson,24,1.0,2,2,200,"{'bootstrap': False, 'criterion': 'poisson', 'max_depth': 24, 'max_features': 1.0, 'min_samples_leaf': 2, 'min_samples_split': 2, 'n_estimators': 200}",-9.652507263393613,-9.953114273068545,-10.185434604603415,-9.902125598675996,-9.84402649766653,-9.907441647481619,0.17228311277001554,9,-13.9367002189701,-14.623268066897163,-14.817153097461645,-13.825620266986308,-14.168626262365597,-14.274273582536162,0.3854665348490144,26,-0.39655693144065235,-0.37390251286709053,-0.42084592145015104,-0.37390780355528774,-0.4128993369499699,-0.3956225012526303,0.01938488653309484,17,0.6301465534062308,-1.2792987140431669,1.2828622444518634,-1.1378688232277396,0.45889279338611544,-0.009053189205339374,1.0182675159587269,56,-12.964914999019149,-11.59903351881005,-13.625291662014707,-11.719809926556309,-12.476308834931634,-12.47707178826637,0.7616819793951352,43,9.907441647481619,14.274273582536162,0.3956225012526303,12.47707178826637,-0.009053189205339374,n200__poisson__boostrap_false
21.598594665527344,0.24627181884022856,3.041446352005005,0.3750777793512549,False,poisson,24,1.0,2,4,200,"{'bootstrap': False, 'criterion': 'poisson', 'max_depth': 24, 'max_features': 1.0, 'min_samples_leaf': 2, 'min_samples_split': 4, 'n_estimators': 200}",-9.652507263393613,-9.953114273068545,-10.185434604603415,-9.902125598675996,-9.84402649766653,-9.907441647481619,0.17228311277001554,9,-13.9367002189701,-14.623268066897163,-14.817153097461645,-13.825620266986308,-14.168626262365597,-14.274273582536162,0.3854665348490144,26,-0.39655693144065235,-0.37390251286709053,-0.42084592145015104,-0.37390780355528774,-0.4128993369499699,-0.3956225012526303,0.01938488653309484,17,0.6301465534062304,-1.2792987140431669,1.2828622444518625,-1.1378688232277394,0.4588927933861157,-0.00905318920533954,1.0182675159587264,57,-12.964914999019149,-11.59903351881005,-13.625291662014707,-11.719809926556309,-12.476308834931634,-12.47707178826637,0.7616819793951352,43,9.907441647481619,14.274273582536162,0.3956225012526303,12.47707178826637,-0.00905318920533954,n200__poisson__boostrap_false
19.80640482902527,0.1884486381697048,2.717892026901245,0.14587714095581691,False,poisson,24,1.0,2,8,200,"{'bootstrap': False, 'criterion': 'poisson', 'max_depth': 24, 'max_features': 1.0, 'min_samples_leaf': 2, 'min_samples_split': 8, 'n_estimators': 200}",-9.72350579279897,-9.97323661311339,-10.196582630237558,-9.903600111385542,-9.852680325925448,-9.929921094692181,0.15636547960025296,30,-14.00554375650049,-14.620775101974468,-14.792491717692709,-13.800014706060674,-14.1456238184576,-14.27288982013719,0.3747777281805107,24,-0.3974630021141649,-0.37420526793823794,-0.4190332326283988,-0.380235010545345,-0.4153104279686558,-0.3972493882389605,0.01800723850080156,52,0.6786252422111245,-1.291411772410669,1.2460539086497089,-1.171124134481984,0.4813073362496907,-0.011309883956425803,1.02795679398179,62,-13.085659520105786,-11.60035090972536,-13.653614615615304,-11.482998323036016,-12.441281227538862,-12.452780919204267,0.8378286624023672,29,9.929921094692181,14.27288982013719,0.3972493882389605,12.452780919204267,-0.011309883956425803,n200__poisson__boostrap_false
18.888446950912474,1.0284313051555067,3.348286819458008,0.6212811159121896,False,poisson,24,1.0,3,2,200,"{'bootstrap': False, 'criterion': 'poisson', 'max_depth': 24, 'max_features': 1.0, 'min_samples_leaf': 3, 'min_samples_split': 2, 'n_estimators': 200}",-9.668038733364192,-9.96743177635212,-10.149550501093469,-9.87115301234187,-9.855013409801522,-9.902237486590634,0.15713652442427883,3,-13.962288837472762,-14.700659836330745,-14.760156929137356,-13.783864133013324,-14.178118004282572,-14.27701754804735,0.391134764949006,30,-0.3983690727876774,-0.3766273085074175,-0.4175226586102719,-0.377523350406749,-0.4180229053646775,-0.39761305913535866,0.01820727138929338,60,0.6797640458256553,-1.2321693000098952,1.3630952900071955,-1.1222517211052747,0.5799943777657924,0.05368653849669467,1.0411321043180672,30,-12.987708492000602,-11.596692909709956,-13.786851508156001,-11.587231997451816,-12.48138278267785,-12.487973537999244,0.8417337969805518,54,9.902237486590634,14.27701754804735,0.39761305913535866,12.487973537999244,0.05368653849669467,n200__poisson__boostrap_false
18.67712516784668,0.3237192041657017,3.2282174110412596,0.17101234846234561,False,poisson,24,1.0,3,4,200,"{'bootstrap': False, 'criterion': 'poisson', 'max_depth': 24, 'max_features': 1.0, 'min_samples_leaf': 3, 'min_samples_split': 4, 'n_estimators': 200}",-9.668038733364192,-9.96743177635212,-10.149550501093465,-9.87115301234187,-9.855013409801522,-9.902237486590634,0.15713652442427772,3,-13.962288837472762,-14.700659836330745,-14.760156929137356,-13.783864133013324,-14.17811800428257,-14.27701754804735,0.39113476494900606,30,-0.3983690727876774,-0.3766273085074175,-0.4175226586102719,-0.377523350406749,-0.4180229053646775,-0.39761305913535866,0.01820727138929338,60,0.6797640458256556,-1.2321693000098948,1.3630952900071949,-1.1222517211052747,0.579994377765793,0.0536865384966948,1.041132104318067,29,-12.9877084920006,-11.596692909709954,-13.786851508156001,-11.587231997451816,-12.48138278267785,-12.487973537999244,0.841733796980552,54,9.902237486590634,14.27701754804735,0.39761305913535866,12.487973537999244,0.0536865384966948,n200__poisson__boostrap_false
18.438837337493897,0.2135469302490879,2.5757955074310304,0.11689720817002858,False,poisson,24,1.0,3,8,200,"{'bootstrap': False, 'criterion': 'poisson', 'max_depth': 24, 'max_features': 1.0, 'min_samples_leaf': 3, 'min_samples_split': 8, 'n_estimators': 200}",-9.721406727678108,-9.946103085880983,-10.184662145035997,-9.916858908310132,-9.810758289133208,-9.915957831207686,0.15622332228349411,16,-14.046839249118515,-14.596584219344104,-14.819458434745787,-13.834723627666923,-14.132206299816138,-14.285962366138293,0.3648400150833279,51,-0.3968589549984899,-0.3723887375113533,-0.4199395770392749,-0.377523350406749,-0.4168173598553345,-0.3967055959622403,0.019512009594325287,37,0.7380833753534809,-1.301580985057803,1.2930152505143204,-1.1452394045474152,0.4978417228088025,0.016423991814277106,1.0458335914342793,48,-13.177843124481578,-11.606852235373564,-13.665867690385447,-11.6173204840337,-12.365847736667964,-12.48674625418845,0.8261565652008422,53,9.915957831207686,14.285962366138293,0.3967055959622403,12.48674625418845,0.016423991814277106,n200__poisson__boostrap_false
17.554658603668212,0.7838548597469941,2.9548104763031007,0.6553686404364316,False,poisson,24,1.0,4,2,200,"{'bootstrap': False, 'criterion': 'poisson', 'max_depth': 24, 'max_features': 1.0, 'min_samples_leaf': 4, 'min_samples_split': 2, 'n_estimators': 200}",-9.72274491888342,-10.009904254890927,-10.225046234987827,-9.871150488473504,-9.852141655618947,-9.936197510570926,0.17071893889612183,36,-14.009187525948576,-14.68763459631395,-14.82265473586091,-13.804839214258472,-14.158017070497015,-14.296466628575782,0.3932636216787759,81,-0.4044095439444277,-0.37541628822282774,-0.41963746223564957,-0.3769207592648388,-0.41621458710066306,-0.3985197281536813,0.018942233499030542,78,0.7951932496122849,-1.2456516430285276,1.3332549753467724,-1.0965556001362078,0.552031407248872,0.06765447780863879,1.0436317709074394,10,-13.004067690772695,-11.672712248782863,-13.77176998063626,-11.63984030151538,-12.49856850926699,-12.517391746194836,0.8116960682086269,68,9.936197510570926,14.296466628575782,0.3985197281536813,12.517391746194836,0.06765447780863879,n200__poisson__boostrap_false
17.005298709869386,0.26087528050358044,3.2236778259277346,0.30328642127201566,False,poisson,24,1.0,4,4,200,"{'bootstrap': False, 'criterion': 'poisson', 'max_depth': 24, 'max_features': 1.0, 'min_samples_leaf': 4, 'min_samples_split': 4, 'n_estimators': 200}",-9.72274491888342,-10.009904254890925,-10.225046234987827,-9.871150488473502,-9.852141655618947,-9.936197510570924,0.1707189388961218,34,-14.009187525948576,-14.687634596313949,-14.82265473586091,-13.804839214258472,-14.158017070497015,-14.296466628575782,0.39326362167877554,81,-0.4044095439444277,-0.37541628822282774,-0.41963746223564957,-0.3769207592648388,-0.41621458710066306,-0.3985197281536813,0.018942233499030542,78,0.7951932496122851,-1.2456516430285272,1.3332549753467724,-1.0965556001362073,0.5520314072488723,0.06765447780863906,1.043631770907439,9,-13.004067690772695,-11.672712248782863,-13.77176998063626,-11.639840301515381,-12.49856850926699,-12.517391746194837,0.8116960682086265,70,9.936197510570924,14.296466628575782,0.3985197281536813,12.517391746194837,0.06765447780863906,n200__poisson__boostrap_false
17.47066068649292,0.5637857754994811,3.4593324184417726,0.1233872494796145,False,poisson,24,1.0,4,8,200,"{'bootstrap': False, 'criterion': 'poisson', 'max_depth': 24, 'max_features': 1.0, 'min_samples_leaf': 4, 'min_samples_split': 8, 'n_estimators': 200}",-9.72274491888342,-10.009904254890925,-10.225046234987827,-9.871150488473502,-9.852141655618947,-9.936197510570924,0.1707189388961218,34,-14.009187525948576,-14.68763459631395,-14.82265473586091,-13.804839214258472,-14.158017070497015,-14.296466628575782,0.3932636216787759,81,-0.4044095439444277,-0.37541628822282774,-0.41963746223564957,-0.3769207592648388,-0.41621458710066306,-0.3985197281536813,0.018942233499030542,78,0.7951932496122845,-1.2456516430285272,1.3332549753467724,-1.0965556001362073,0.5520314072488715,0.06765447780863879,1.043631770907439,10,-13.004067690772695,-11.672712248782863,-13.77176998063626,-11.63984030151538,-12.49856850926699,-12.517391746194836,0.8116960682086269,68,9.936197510570924,14.296466628575782,0.3985197281536813,12.517391746194836,0.06765447780863879,n200__poisson__boostrap_false
25.537409162521364,0.3637273612710274,3.64542498588562,0.4522433996335147,False,poisson,26,0.875,1,2,200,"{'bootstrap': False, 'criterion': 'poisson', 'max_depth': 26, 'max_features': 0.875, 'min_samples_leaf': 1, 'min_samples_split': 2, 'n_estimators': 200}",-9.745868269629174,-10.030104747759841,-10.215042283720384,-9.99660406310258,-9.92442062636668,-9.982407998115733,0.15225557294323777,81,-13.963220167083824,-14.595306299442079,-14.759627967090614,-13.85813257489509,-14.143334573317478,-14.263924316365816,0.35360088716494054,10,-0.3938387194201148,-0.37359975779594307,-0.41450151057401813,-0.3751129858391082,-0.4141048824593128,-0.3942315712176994,0.017872690372176144,4,0.5186097464245487,-1.475702537445847,1.1092011068269578,-1.364649879541285,0.30644950528869336,-0.1812184116893864,1.0458452249586843,96,-13.031321591700106,-11.44861851728814,-13.660074935390563,-11.505805596481903,-12.35299384892014,-12.399762897956169,0.8594504580287148,10,9.982407998115733,14.263924316365816,0.3942315712176994,12.399762897956169,-0.1812184116893864,n200__poisson__boostrap_false
21.862576150894164,0.28666273385077534,3.042559337615967,0.2773801027316452,False,poisson,26,0.875,1,4,200,"{'bootstrap': False, 'criterion': 'poisson', 'max_depth': 26, 'max_features': 0.875, 'min_samples_leaf': 1, 'min_samples_split': 4, 'n_estimators': 200}",-9.745915687700618,-10.04816997077527,-10.25488077029035,-10.01337234053061,-9.878016678121577,-9.988071089483684,0.17099160604086552,86,-13.975209710236598,-14.601036982403047,-14.788069144539696,-13.897150015189935,-14.091713830239213,-14.270635936521696,0.3565623324486023,19,-0.39565086076713984,-0.3745080230093854,-0.4199395770392749,-0.3766194636938837,-0.41621458710066306,-0.3965865023220694,0.01906643708867721,33,0.533059113864069,-1.4636188089960094,1.1688477232980543,-1.3458757543792041,0.2746315103164082,-0.1665912431793364,1.0526706833899924,95,-12.989956323656752,-11.461104481550889,-13.601633566107058,-11.506968467774605,-12.196410821592048,-12.35121473213627,0.8367258027445506,1,9.988071089483684,14.270635936521696,0.3965865023220694,12.35121473213627,-0.1665912431793364,n200__poisson__boostrap_false
18.870509529113768,0.5238311789448409,2.805724287033081,0.08063364042812719,False,poisson,26,0.875,1,8,200,"{'bootstrap': False, 'criterion': 'poisson', 'max_depth': 26, 'max_features': 0.875, 'min_samples_leaf': 1, 'min_samples_split': 8, 'n_estimators': 200}",-9.825860683181453,-10.034141741647293,-10.258938799105525,-10.013937501270592,-9.886845883683725,-10.003944921777718,0.14930489463428567,93,-14.084845733669617,-14.581681911120839,-14.796387477831662,-13.889597218624889,-14.117147313161954,-14.293931930881792,0.33873825477826813,74,-0.39806704922983993,-0.3726914925825008,-0.41812688821752264,-0.3772220548357939,-0.41862567811934903,-0.39694663259700125,0.019479272888497323,40,0.5270270358265461,-1.4421582695851667,1.123858421680278,-1.3173684144190072,0.30760333153628655,-0.16020757899221266,1.0317347265702579,94,-13.003949634914829,-11.526938021210887,-13.611654191040827,-11.527121724944253,-12.176091611267097,-12.369151036675579,0.8249110759234624,4,10.003944921777718,14.293931930881792,0.39694663259700125,12.369151036675579,-0.16020757899221266,n200__poisson__boostrap_false
18.298880100250244,0.05791776723593913,3.665473747253418,0.23526323268550117,False,poisson,26,0.875,2,2,200,"{'bootstrap': False, 'criterion': 'poisson', 'max_depth': 26, 'max_features': 0.875, 'min_samples_leaf': 2, 'min_samples_split': 2, 'n_estimators': 200}",-9.716756215701714,-9.965058532761375,-10.20642574663991,-9.969764242218222,-9.854831665647813,-9.942567280593808,0.16096893887177127,43,-14.014272832655683,-14.546523351345165,-14.774383202296569,-13.856153662966701,-14.110368416471186,-14.260340293147062,0.3442523627135836,6,-0.39897311990335244,-0.371480472297911,-0.4199395770392749,-0.37812594154865925,-0.4177215189873418,-0.3972481259553079,0.019832636184584383,50,0.6400847990736904,-1.3382943123148745,1.324425658861882,-1.146814588236147,0.4689970967831358,-0.01032026916646266,1.0478027466117077,60,-12.979371915185983,-11.611329348058185,-13.729179191442782,-11.66668123568387,-12.357310185334015,-12.468774375140967,0.8050241975616994,36,9.942567280593808,14.260340293147062,0.3972481259553079,12.468774375140967,-0.01032026916646266,n200__poisson__boostrap_false
19.38214702606201,0.35431043000612605,2.6751498222351073,0.36556768135882717,False,poisson,26,0.875,2,4,200,"{'bootstrap': False, 'criterion': 'poisson', 'max_depth': 26, 'max_features': 0.875, 'min_samples_leaf': 2, 'min_samples_split': 4, 'n_estimators': 200}",-9.716756215701714,-9.965058532761374,-10.206425746639908,-9.969764242218224,-9.854831665647815,-9.942567280593808,0.1609689388717705,43,-14.014272832655683,-14.546523351345165,-14.774383202296569,-13.856153662966703,-14.110368416471186,-14.260340293147062,0.3442523627135832,6,-0.39897311990335244,-0.371480472297911,-0.4199395770392749,-0.37812594154865925,-0.4177215189873418,-0.3972481259553079,0.019832636184584383,50,0.6400847990736902,-1.3382943123148745,1.3244256588618821,-1.1468145882361467,0.4689970967831355,-0.01032026916646267,1.0478027466117075,61,-12.97937191518598,-11.611329348058185,-13.729179191442782,-11.66668123568387,-12.357310185334015,-12.468774375140965,0.8050241975616991,35,9.942567280593808,14.260340293147062,0.3972481259553079,12.468774375140965,-0.01032026916646267,n200__poisson__boostrap_false
17.853058862686158,0.23734787999806592,2.3255366325378417,0.22711037813241677,False,poisson,26,0.875,2,8,200,"{'bootstrap': False, 'criterion': 'poisson', 'max_depth': 26, 'max_features': 0.875, 'min_samples_leaf': 2, 'min_samples_split': 8, 'n_estimators': 200}",-9.730791543764076,-10.014402383415884,-10.262864802145598,-10.02592202259587,-9.877686441063064,-9.9823334385969,0.176550585816227,80,-14.014269970056493,-14.562628704359888,-14.842841449056426,-13.935028742059815,-14.144313525581756,-14.299816478222874,0.3471986331243143,86,-0.39927514346119,-0.37329700272479566,-0.4202416918429003,-0.380235010545345,-0.4138034960819771,-0.39737046893124156,0.01827523303908497,53,0.6963234271930973,-1.3974938060315831,1.326858564162781,-1.216337706944469,0.4504329866413951,-0.028043306995755746,1.0841442763673128,68,-13.057555850544324,-11.541625722262916,-13.789354544385601,-11.584393955486131,-12.479497545929862,-12.490485523721768,0.8637229969048025,56,9.9823334385969,14.299816478222874,0.39737046893124156,12.490485523721768,-0.028043306995755746,n200__poisson__boostrap_false
16.251161289215087,0.8516599874336301,3.3369139194488526,0.6816765430396253,False,poisson,26,0.875,3,2,200,"{'bootstrap': False, 'criterion': 'poisson', 'max_depth': 26, 'max_features': 0.875, 'min_samples_leaf': 3, 'min_samples_split': 2, 'n_estimators': 200}",-9.735348379486654,-9.959009828801998,-10.224593256125681,-9.955326421882438,-9.826020547858807,-9.940059686831116,0.16520482905022688,39,-14.036624518421664,-14.550798768044324,-14.838490278686765,-13.857634874697993,-14.103419535632108,-14.277393595096573,0.3616666923924809,32,-0.39565086076713984,-0.3766273085074175,-0.416012084592145,-0.37782464597770415,-0.4192284508740205,-0.39706867014368535,0.018111326555812608,48,0.7290492750630313,-1.310767851227691,1.347538390029382,-1.1043127279105327,0.5393577053807582,0.040172958266989564,1.055256264647044,37,-13.224282684814506,-11.481166901900298,-13.90840804240133,-11.713123784008273,-12.362446097860849,-12.537885502197053,0.914017308600865,82,9.940059686831116,14.277393595096573,0.39706867014368535,12.537885502197053,0.040172958266989564,n200__poisson__boostrap_false
16.505985260009766,0.6840206599327218,2.943287801742554,0.6108371384660822,False,poisson,26,0.875,3,4,200,"{'bootstrap': False, 'criterion': 'poisson', 'max_depth': 26, 'max_features': 0.875, 'min_samples_leaf': 3, 'min_samples_split': 4, 'n_estimators': 200}",-9.735348379486654,-9.959009828802001,-10.224593256125681,-9.955326421882438,-9.826020547858807,-9.940059686831116,0.16520482905022696,39,-14.036624518421664,-14.550798768044325,-14.838490278686763,-13.857634874697995,-14.103419535632108,-14.277393595096573,0.3616666923924803,32,-0.39565086076713984,-0.3766273085074175,-0.416012084592145,-0.37782464597770415,-0.4192284508740205,-0.39706867014368535,0.018111326555812608,48,0.7290492750630311,-1.3107678512276908,1.3475383900293822,-1.1043127279105325,0.539357705380758,0.04017295826698961,1.055256264647044,36,-13.224282684814506,-11.481166901900298,-13.90840804240133,-11.713123784008276,-12.362446097860845,-12.537885502197053,0.9140173086008645,82,9.940059686831116,14.277393595096573,0.39706867014368535,12.537885502197053,0.04017295826698961,n200__poisson__boostrap_false
16.945174121856688,0.1216666053348666,2.2327203273773195,0.17634424622637782,False,poisson,26,0.875,3,8,200,"{'bootstrap': False, 'criterion': 'poisson', 'max_depth': 26, 'max_features': 0.875, 'min_samples_leaf': 3, 'min_samples_split': 8, 'n_estimators': 200}",-9.751507946963928,-10.010151750985127,-10.278879902565068,-9.95501314239721,-9.874831763721751,-9.974076901326615,0.17547434458101235,72,-14.036428747085077,-14.598197138028562,-14.86901822179909,-13.84355530020778,-14.113228689549977,-14.292085619334097,0.38081102255579985,72,-0.3977650256720024,-0.37571904329397515,-0.4187311178247734,-0.37902982826152454,-0.41832429174201324,-0.3979138613588577,0.01843465563665045,66,0.7494445115211705,-1.3441911777934614,1.3113467556996667,-1.156509895656486,0.563048583659351,0.02462775548604814,1.0714152814480289,45,-13.199944415354652,-11.53250111734572,-13.839700663368067,-11.606610602516875,-12.475823844600322,-12.530916128637127,0.8960718952101908,76,9.974076901326615,14.292085619334097,0.3979138613588577,12.530916128637127,0.02462775548604814,n200__poisson__boostrap_false
15.611729145050049,1.0398204436272032,2.77890682220459,0.8266917001536289,False,poisson,26,0.875,4,2,200,"{'bootstrap': False, 'criterion': 'poisson', 'max_depth': 26, 'max_features': 0.875, 'min_samples_leaf': 4, 'min_samples_split': 2, 'n_estimators': 200}",-9.762128659535943,-10.020962914780522,-10.28601505212111,-9.956729825654685,-9.849491858779091,-9.97506566217427,0.17902135682521964,73,-14.04966547887552,-14.586580983659061,-14.873692806203877,-13.841424392902312,-14.086842316777268,-14.287641195683609,0.3818071643311422,53,-0.40078526125037756,-0.3760217983651226,-0.4205438066465257,-0.3769207592648388,-0.41862567811934903,-0.3985794607292427,0.019324059405944272,81,0.7816066155377464,-1.2840066753848263,1.3976374848273356,-1.1390577123186627,0.604379758665333,0.0721118942653852,1.0816375845063748,7,-13.153846079792382,-11.617619347312393,-13.891124244719594,-11.696983910536476,-12.485941694269474,-12.569103055326064,0.8674668052628008,88,9.97506566217427,14.287641195683609,0.3985794607292427,12.569103055326064,0.0721118942653852,n200__poisson__boostrap_false
14.84230694770813,0.6920592524036191,3.3436851978302,0.35953078490547413,False,poisson,26,0.875,4,4,200,"{'bootstrap': False, 'criterion': 'poisson', 'max_depth': 26, 'max_features': 0.875, 'min_samples_leaf': 4, 'min_samples_split': 4, 'n_estimators': 200}",-9.762128659535943,-10.020962914780522,-10.28601505212111,-9.956729825654685,-9.849491858779091,-9.97506566217427,0.17902135682521964,73,-14.04966547887552,-14.586580983659061,-14.873692806203877,-13.841424392902312,-14.086842316777268,-14.287641195683609,0.3818071643311422,53,-0.40078526125037756,-0.3760217983651226,-0.4205438066465257,-0.3769207592648388,-0.41862567811934903,-0.3985794607292427,0.019324059405944272,81,0.7816066155377464,-1.2840066753848252,1.3976374848273363,-1.1390577123186623,0.6043797586653322,0.07211189426538549,1.0816375845063746,6,-13.153846079792386,-11.617619347312393,-13.891124244719595,-11.696983910536478,-12.485941694269474,-12.569103055326064,0.8674668052628015,88,9.97506566217427,14.287641195683609,0.3985794607292427,12.569103055326064,0.07211189426538549,n200__poisson__boostrap_false
16.24265937805176,0.18445481870806754,2.7390723705291746,0.1737776396722454,False,poisson,26,0.875,4,8,200,"{'bootstrap': False, 'criterion': 'poisson', 'max_depth': 26, 'max_features': 0.875, 'min_samples_leaf': 4, 'min_samples_split': 8, 'n_estimators': 200}",-9.762128659535943,-10.020962914780522,-10.28601505212111,-9.956729825654689,-9.849491858779091,-9.97506566217427,0.17902135682521955,73,-14.04966547887552,-14.586580983659063,-14.873692806203877,-13.841424392902312,-14.086842316777268,-14.287641195683609,0.3818071643311424,53,-0.40078526125037756,-0.3760217983651226,-0.4205438066465257,-0.3769207592648388,-0.41862567811934903,-0.3985794607292427,0.019324059405944272,81,0.7816066155377469,-1.2840066753848267,1.3976374848273347,-1.1390577123186627,0.6043797586653322,0.07211189426538489,1.0816375845063748,8,-13.153846079792382,-11.617619347312393,-13.891124244719594,-11.696983910536478,-12.485941694269474,-12.569103055326064,0.8674668052628005,88,9.97506566217427,14.287641195683609,0.3985794607292427,12.569103055326064,0.07211189426538489,n200__poisson__boostrap_false
29.784705877304077,0.6980138998270008,3.553312349319458,0.6545615286675235,False,poisson,26,1.0,1,2,200,"{'bootstrap': False, 'criterion': 'poisson', 'max_depth': 26, 'max_features': 1.0, 'min_samples_leaf': 1, 'min_samples_split': 2, 'n_estimators': 200}",-9.730744504561457,-10.02612217897025,-10.26281680054218,-9.941812723569925,-9.90641612190279,-9.97358246590932,0.17372842688871545,71,-13.974956039250307,-14.674176791780283,-14.805023348702342,-13.832870164170744,-14.185785625976276,-14.29456239397599,0.38257490759862894,75,-0.3953488372093023,-0.3693611867998789,-0.41540785498489424,-0.3721000301295571,-0.4138034960819771,-0.39320428104112193,0.0196764225756082,1,0.5438817766743956,-1.4321338539570354,1.1381770716227742,-1.2626932107043534,0.2707084034076793,-0.1484119625913079,1.0197851185273794,87,-12.994380296857106,-11.63358337603223,-13.722650806133087,-11.662347232065112,-12.29704995447201,-12.46200233311191,0.8031931778980965,31,9.97358246590932,14.29456239397599,0.39320428104112193,12.46200233311191,-0.1484119625913079,n200__poisson__boostrap_false
25.154940938949586,0.4071213858991751,2.58475341796875,0.5379382176867413,False,poisson,26,1.0,1,4,200,"{'bootstrap': False, 'criterion': 'poisson', 'max_depth': 26, 'max_features': 1.0, 'min_samples_leaf': 1, 'min_samples_split': 4, 'n_estimators': 200}",-9.71656049929017,-9.97733803288811,-10.230481490257448,-9.984588725159245,-9.891189987698247,-9.960031747058643,0.1661704261417875,58,-13.994614130086092,-14.626934929300294,-14.796670642230186,-13.889140929725245,-14.142078197466338,-14.28988776576163,0.3577881745751435,65,-0.3944427665357898,-0.37117771722676357,-0.416012084592145,-0.37360650798433265,-0.41742013261000604,-0.39453184178980744,0.01984221434666482,7,0.48301006306869737,-1.3712333851451124,1.1134481096159567,-1.3225329811993456,0.3064896634204374,-0.1581637060478733,1.007104465381731,93,-12.929088105654749,-11.592970494084469,-13.63413470427777,-11.592485086372138,-12.215126744552991,-12.392761026988422,0.7925043543004736,8,9.960031747058643,14.28988776576163,0.39453184178980744,12.392761026988422,-0.1581637060478733,n200__poisson__boostrap_false
22.216486644744872,0.29139363944778307,1.9842899322509766,0.27798531552858163,False,poisson,26,1.0,1,8,200,"{'bootstrap': False, 'criterion': 'poisson', 'max_depth': 26, 'max_features': 1.0, 'min_samples_leaf': 1, 'min_samples_split': 8, 'n_estimators': 200}",-9.718307960851384,-9.953966228344987,-10.236424705769027,-9.955071925952065,-9.895472669937497,-9.951848698170993,0.16656404760870416,53,-13.951960841952829,-14.609905551570234,-14.790820047060837,-13.849452876078841,-14.175912030635903,-14.275610269459728,0.3670131510614941,29,-0.39625490788281487,-0.36996669694217377,-0.4169184290030212,-0.37842723711961435,-0.41500904159132007,-0.3953152625077888,0.0188848079068249,14,0.49002010304087484,-1.411731536411255,1.1559366437046383,-1.3046860696446692,0.33365592210349937,-0.14736098744138232,1.0270589922806297,86,-12.881011516595757,-11.544599503869525,-13.662578285057185,-11.429391185145002,-12.323982813504731,-12.36831266083444,0.836663093553895,3,9.951848698170993,14.275610269459728,0.3953152625077888,12.36831266083444,-0.14736098744138232,n200__poisson__boostrap_false
21.309660720825196,0.6872909926962403,3.5986061573028563,0.4160052084149828,False,poisson,26,1.0,2,2,200,"{'bootstrap': False, 'criterion': 'poisson', 'max_depth': 26, 'max_features': 1.0, 'min_samples_leaf': 2, 'min_samples_split': 2, 'n_estimators': 200}",-9.63680172783884,-9.960056708996788,-10.156449761954002,-9.849670174151743,-9.844284126492363,-9.889452499886747,0.1695451092233857,2,-13.927445392537255,-14.667044921421532,-14.762081141719918,-13.771318169707275,-14.15143293096796,-14.255864511270786,0.394683375953902,4,-0.39414074297795226,-0.37208598244020585,-0.4190332326283988,-0.3769207592648388,-0.41350210970464135,-0.3951365654032074,0.01882806709392632,9,0.6261846643043035,-1.2831206890786488,1.2968638620501494,-1.1583713202987256,0.49177596410168556,-0.005333503784247196,1.0299405125043737,55,-13.019443656852854,-11.659853406749232,-13.66635475683264,-11.52934488246929,-12.498195109544843,-12.474638362489772,0.8093219360815289,37,9.889452499886747,14.255864511270786,0.3951365654032074,12.474638362489772,-0.005333503784247196,n200__poisson__boostrap_false
22.33053526878357,0.4423466348407673,2.1082608699798584,0.47992911629724233,False,poisson,26,1.0,2,4,200,"{'bootstrap': False, 'criterion': 'poisson', 'max_depth': 26, 'max_features': 1.0, 'min_samples_leaf': 2, 'min_samples_split': 4, 'n_estimators': 200}",-9.63680172783884,-9.960056708996788,-10.156449761953999,-9.849670174151743,-9.84428412649236,-9.889452499886746,0.16954510922338475,1,-13.927445392537255,-14.667044921421532,-14.762081141719918,-13.771318169707275,-14.15143293096796,-14.255864511270786,0.394683375953902,4,-0.39414074297795226,-0.37208598244020585,-0.4190332326283988,-0.3769207592648388,-0.41350210970464135,-0.3951365654032074,0.01882806709392632,9,0.6261846643043041,-1.2831206890786488,1.2968638620501496,-1.1583713202987256,0.49177596410168584,-0.005333503784246985,1.029940512504374,54,-13.019443656852854,-11.659853406749232,-13.66635475683264,-11.52934488246929,-12.498195109544843,-12.474638362489772,0.8093219360815289,37,9.889452499886746,14.255864511270786,0.3951365654032074,12.474638362489772,-0.005333503784246985,n200__poisson__boostrap_false
21.37140064239502,0.1024113047222806,1.801265811920166,0.15093082082554515,False,poisson,26,1.0,2,8,200,"{'bootstrap': False, 'criterion': 'poisson', 'max_depth': 26, 'max_features': 1.0, 'min_samples_leaf': 2, 'min_samples_split': 8, 'n_estimators': 200}",-9.703449801528965,-9.951070465559553,-10.189324505412767,-9.896034081431702,-9.843788100982895,-9.916733390983177,0.1592007014029996,19,-13.968316389366825,-14.614196760588268,-14.770881351888324,-13.802904684366538,-14.149788239482133,-14.261217485138417,0.37218537800689055,8,-0.3968589549984899,-0.37178322736905844,-0.4202416918429003,-0.3763181681229286,-0.4180229053646775,-0.39664498953961097,0.02022450154125978,34,0.6834575656425202,-1.2929647813608869,1.238699863164373,-1.1353742616153932,0.47958628856056035,-0.0053190651217652875,1.0190373673935798,53,-13.086396610618259,-11.644024053301383,-13.596966448594655,-11.63996394794649,-12.347857326786293,-12.463041677449416,0.7792138360462014,32,9.916733390983177,14.261217485138417,0.39664498953961097,12.463041677449416,-0.0053190651217652875,n200__poisson__boostrap_false
18.55754609107971,1.671541772552156,3.1386192798614503,1.045095213876844,False,poisson,26,1.0,3,2,200,"{'bootstrap': False, 'criterion': 'poisson', 'max_depth': 26, 'max_features': 1.0, 'min_samples_leaf': 3, 'min_samples_split': 2, 'n_estimators': 200}",-9.6916164247787,-9.917588986264226,-10.168755617328351,-9.894870590259607,-9.876775923374861,-9.90992150840115,0.15233919760847014,12,-13.970735455376351,-14.64053553772999,-14.788035761420856,-13.82343363512267,-14.192398758500065,-14.283027829629987,0.3741154238195165,46,-0.39897311990335244,-0.37420526793823794,-0.41812688821752264,-0.3766194636938837,-0.4168173598553345,-0.39694841992166624,0.018856930433740107,41,0.6983500535173196,-1.2046288438493167,1.3343495404187242,-1.1552865064628401,0.5467457908886542,0.04390600690250823,1.0337592881668347,34,-13.020885317803982,-11.641952811649045,-13.755519534733676,-11.602671829648589,-12.503703921882265,-12.50494668314351,0.8232842777329724,57,9.90992150840115,14.283027829629987,0.39694841992166624,12.50494668314351,0.04390600690250823,n200__poisson__boostrap_false
19.348866748809815,0.6811615520957078,2.503510570526123,0.6560938095209933,False,poisson,26,1.0,3,4,200,"{'bootstrap': False, 'criterion': 'poisson', 'max_depth': 26, 'max_features': 1.0, 'min_samples_leaf': 3, 'min_samples_split': 4, 'n_estimators': 200}",-9.6916164247787,-9.917588986264224,-10.168755617328351,-9.894870590259607,-9.87677592337486,-9.909921508401148,0.1523391976084702,11,-13.970735455376351,-14.64053553772999,-14.788035761420856,-13.82343363512267,-14.192398758500065,-14.283027829629987,0.3741154238195165,46,-0.39897311990335244,-0.37420526793823794,-0.41812688821752264,-0.3766194636938837,-0.4168173598553345,-0.39694841992166624,0.018856930433740107,41,0.6983500535173202,-1.2046288438493171,1.3343495404187242,-1.1552865064628393,0.5467457908886538,0.043906006902508364,1.0337592881668345,33,-13.02088531780398,-11.641952811649045,-13.755519534733676,-11.602671829648589,-12.503703921882261,-12.50494668314351,0.8232842777329722,57,9.909921508401148,14.283027829629987,0.39694841992166624,12.50494668314351,0.043906006902508364,n200__poisson__boostrap_false
19.644343852996826,0.1650643047096883,1.6688374996185302,0.22014093112055647,False,poisson,26,1.0,3,8,200,"{'bootstrap': False, 'criterion': 'poisson', 'max_depth': 26, 'max_features': 1.0, 'min_samples_leaf': 3, 'min_samples_split': 8, 'n_estimators': 200}",-9.66700370528561,-9.953906185622682,-10.20079701879038,-9.92650228357457,-9.858420999650876,-9.921326038584825,0.17194719038605688,24,-13.958827672397648,-14.581482537717603,-14.81515642762601,-13.863692381567832,-14.170435878922763,-14.277918979646369,0.3648918917046857,36,-0.3974630021141649,-0.3745080230093854,-0.4172205438066465,-0.37601687255197347,-0.4138034960819771,-0.3958023875128295,0.018057970713624378,20,0.727185086487185,-1.2545707031060664,1.2832475199058322,-1.19001488967688,0.5296740394798384,0.019104210617981822,1.0434879173120097,46,-13.075668347097157,-11.614351292947607,-13.762558806330363,-11.61714810110033,-12.551966256313076,-12.524338560757707,0.8353428705726368,72,9.921326038584825,14.277918979646369,0.3958023875128295,12.524338560757707,0.019104210617981822,n200__poisson__boostrap_false
17.422436904907226,2.2689083480944983,2.116379642486572,0.4715418796396626,False,poisson,26,1.0,4,2,200,"{'bootstrap': False, 'criterion': 'poisson', 'max_depth': 26, 'max_features': 1.0, 'min_samples_leaf': 4, 'min_samples_split': 2, 'n_estimators': 200}",-9.70767212473044,-9.978453396032773,-10.217214994968078,-9.873763396781092,-9.818347310216497,-9.919090244545774,0.17280256589566953,20,-13.995807443467324,-14.618804238076542,-14.84737629150897,-13.816540754727885,-14.131078209963833,-14.28192138754891,0.38843874421043156,43,-0.39927514346119,-0.3760217983651226,-0.41661631419939577,-0.3772220548357939,-0.4159132007233273,-0.3970097023169659,0.017770406918337145,45,0.7718263607101341,-1.256554772484056,1.305755034280749,-1.0607737717280288,0.5751321962882412,0.06707700941340788,1.0308407683947352,12,-13.123154116979478,-11.597597082762245,-13.829235241774333,-11.681434730651402,-12.494769928472,-12.54523822012789,0.8519814995119066,84,9.919090244545774,14.28192138754891,0.3970097023169659,12.54523822012789,0.06707700941340788,n200__poisson__boostrap_false
13.86285467147827,0.2273937606226683,1.531273889541626,0.89693149285611,False,poisson,26,1.0,4,4,200,"{'bootstrap': False, 'criterion': 'poisson', 'max_depth': 26, 'max_features': 1.0, 'min_samples_leaf': 4, 'min_samples_split': 4, 'n_estimators': 200}",-9.70767212473044,-9.978453396032773,-10.217214994968078,-9.873763396781092,-9.818347310216497,-9.919090244545774,0.17280256589566953,20,-13.995807443467324,-14.618804238076542,-14.84737629150897,-13.816540754727885,-14.131078209963833,-14.28192138754891,0.38843874421043156,43,-0.39927514346119,-0.3760217983651226,-0.41661631419939577,-0.3772220548357939,-0.4159132007233273,-0.3970097023169659,0.017770406918337145,45,0.7718263607101343,-1.2565547724840556,1.305755034280748,-1.0607737717280288,0.5751321962882411,0.06707700941340781,1.030840768394735,13,-13.123154116979482,-11.59759708276224,-13.829235241774336,-11.681434730651402,-12.494769928472,-12.54523822012789,0.8519814995119094,84,9.919090244545774,14.28192138754891,0.3970097023169659,12.54523822012789,0.06707700941340781,n200__poisson__boostrap_false
13.58232502937317,0.16492312729584746,0.18464574813842774,0.049303522434510645,False,poisson,26,1.0,4,8,200,"{'bootstrap': False, 'criterion': 'poisson', 'max_depth': 26, 'max_features': 1.0, 'min_samples_leaf': 4, 'min_samples_split': 8, 'n_estimators': 200}",-9.707672124730442,-9.978453396032773,-10.217214994968078,-9.873763396781088,-9.818347310216497,-9.919090244545774,0.17280256589566928,20,-13.995807443467326,-14.618804238076542,-14.84737629150897,-13.816540754727885,-14.131078209963833,-14.28192138754891,0.3884387442104313,43,-0.39927514346119,-0.3760217983651226,-0.41661631419939577,-0.3772220548357939,-0.4159132007233273,-0.3970097023169659,0.017770406918337145,45,0.7718263607101336,-1.2565547724840556,1.3057550342807487,-1.0607737717280292,0.575132196288241,0.06707700941340769,1.030840768394735,14,-13.123154116979482,-11.597597082762244,-13.829235241774336,-11.681434730651402,-12.494769928472,-12.545238220127894,0.8519814995119085,86,9.919090244545774,14.28192138754891,0.3970097023169659,12.545238220127894,0.06707700941340769,n200__poisson__boostrap_false
