mean_fit_time,std_fit_time,mean_score_time,std_score_time,param_bootstrap,param_criterion,param_max_depth,param_max_features,param_max_samples,param_min_samples_leaf,param_min_samples_split,param_n_estimators,params,split0_test_MAE,split1_test_MAE,split2_test_MAE,split3_test_MAE,split4_test_MAE,mean_test_MAE,std_test_MAE,rank_test_MAE,split0_test_RMSE,split1_test_RMSE,split2_test_RMSE,split3_test_RMSE,split4_test_RMSE,mean_test_RMSE,std_test_RMSE,rank_test_RMSE,split0_test_overestimation_rate,split1_test_overestimation_rate,split2_test_overestimation_rate,split3_test_overestimation_rate,split4_test_overestimation_rate,mean_test_overestimation_rate,std_test_overestimation_rate,rank_test_overestimation_rate,split0_test_mean_signed_error,split1_test_mean_signed_error,split2_test_mean_signed_error,split3_test_mean_signed_error,split4_test_mean_signed_error,mean_test_mean_signed_error,std_test_mean_signed_error,rank_test_mean_signed_error,split0_test_mean_overestimation,split1_test_mean_overestimation,split2_test_mean_overestimation,split3_test_mean_overestimation,split4_test_mean_overestimation,mean_test_mean_overestimation,std_test_mean_overestimation,rank_test_mean_overestimation,mean_MAE,mean_RMSE,overestimation_rate,mean_overstimation,mean_signed_error,chunk_id
36.079203844070435,0.38281915273185574,1.27861590385437,0.21264317288608317,True,poisson,20,0.875,0.7,1,2,500,"{'bootstrap': True, 'criterion': 'poisson', 'max_depth': 20, 'max_features': 0.875, 'max_samples': 0.7, 'min_samples_leaf': 1, 'min_samples_split': 2, 'n_estimators': 500}",-10.053329889857624,-10.226879701124364,-10.481004989452327,-10.242872880188502,-10.026729646703114,-10.206163421465186,0.16301484840670927,75,-14.20100548748276,-14.58875692808419,-14.97577834869892,-14.048778799549034,-14.108889438935101,-14.38464180055,0.35033441729302517,49,-0.40652370884929023,-0.38116863457462913,-0.4205438066465257,-0.37782464597770415,-0.4258589511754069,-0.40238394944471123,0.019754709309911547,26,0.6788353620531519,-1.6206476229125468,1.1997224382024465,-1.4534427827232226,0.337577778246615,-0.1715909654267112,1.1494248541847474,77,-13.199925389701553,-11.289271070029244,-13.887646474690118,-11.631626193575462,-12.168709142244587,-12.435435654048195,0.9720397891045974,24,10.206163421465186,14.38464180055,0.40238394944471123,12.435435654048195,-0.1715909654267112,n500__poisson__boostrap_true__samples_0.7
33.71608047485351,1.6668227250162369,2.953348922729492,1.3815523414097077,True,poisson,20,0.875,0.7,1,4,500,"{'bootstrap': True, 'criterion': 'poisson', 'max_depth': 20, 'max_features': 0.875, 'max_samples': 0.7, 'min_samples_leaf': 1, 'min_samples_split': 4, 'n_estimators': 500}",-10.062525768015162,-10.22456987376121,-10.500658274661216,-10.203521435455336,-10.015682245886545,-10.201391519555894,0.1696313618612102,72,-14.231897356702818,-14.59911397794132,-14.986102310286528,-14.002433631432439,-14.112599847313692,-14.38642942473536,0.36087611603800157,51,-0.4050135910601027,-0.37904934907659704,-0.42235649546827797,-0.3796324194034348,-0.42766726943942135,-0.4027438248895668,0.020525847225015822,32,0.6836182795343655,-1.626605653160903,1.1683511941663358,-1.4508426461385286,0.34999248991207593,-0.1750972671373309,1.1447592129328097,79,-13.266399307023299,-11.341483953930835,-13.8141707231113,-11.527833691167656,-12.11885439513031,-12.41374841407268,0.9705415642880729,16,10.201391519555894,14.38642942473536,0.4027438248895668,12.41374841407268,-0.1750972671373309,n500__poisson__boostrap_true__samples_0.7
34.02078800201416,0.6113774929239636,1.5348808765411377,0.9794827205001444,True,poisson,20,0.875,0.7,1,8,500,"{'bootstrap': True, 'criterion': 'poisson', 'max_depth': 20, 'max_features': 0.875, 'max_samples': 0.7, 'min_samples_leaf': 1, 'min_samples_split': 8, 'n_estimators': 500}",-10.056904781669957,-10.226354029124114,-10.543520996594916,-10.27192498951124,-10.010971041402716,-10.22193516766059,0.18850827295619516,86,-14.20721934150888,-14.558528428341194,-15.034176298562276,-14.083419022031034,-14.09322171963861,-14.3953129620164,0.36296055152777357,58,-0.40380549682875266,-0.38207689978807147,-0.42205438066465256,-0.3814401928291654,-0.4273658830620856,-0.40334857063454554,0.019284234002601625,44,0.6453199302983335,-1.6197933928176385,1.1989137930935114,-1.4608303676942467,0.35071603076802876,-0.1771348012704023,1.1469704564142582,80,-13.251707562201574,-11.26286441431073,-13.911044793796956,-11.549772136576065,-12.122735439161682,-12.419624869209402,1.009908595823897,18,10.22193516766059,14.3953129620164,0.40334857063454554,12.419624869209402,-0.1771348012704023,n500__poisson__boostrap_true__samples_0.7
31.326185035705567,2.125748877142916,1.8604210376739503,0.840428334259441,True,poisson,20,0.875,0.7,2,2,500,"{'bootstrap': True, 'criterion': 'poisson', 'max_depth': 20, 'max_features': 0.875, 'max_samples': 0.7, 'min_samples_leaf': 2, 'min_samples_split': 2, 'n_estimators': 500}",-9.981228541054739,-10.16466883013631,-10.464076647340194,-10.195943364054706,-9.993468177906927,-10.159877112098574,0.17519608308860019,52,-14.17408595670573,-14.524343427260854,-14.979950855053444,-14.058718548644283,-14.112271880918064,-14.369874133716474,0.34570626190191894,28,-0.4053156146179402,-0.3787465940054496,-0.42356495468277944,-0.3856583308225369,-0.43037974683544306,-0.4047330481928298,0.0202577090557657,73,0.7718869363926655,-1.547311368034267,1.2806546647871595,-1.286358500766977,0.5411078005608868,-0.04800409341210645,1.145953939917705,52,-13.26511376521176,-11.3761517575232,-13.864144309251618,-11.551137562989052,-12.238698563219959,-12.459049191639119,0.9663909316632584,37,10.159877112098574,14.369874133716474,0.4047330481928298,12.459049191639119,-0.04800409341210645,n500__poisson__boostrap_true__samples_0.7
32.24446511268616,0.21147928358185455,1.2348949432373046,0.1553238338096985,True,poisson,20,0.875,0.7,2,4,500,"{'bootstrap': True, 'criterion': 'poisson', 'max_depth': 20, 'max_features': 0.875, 'max_samples': 0.7, 'min_samples_leaf': 2, 'min_samples_split': 4, 'n_estimators': 500}",-9.981228541054739,-10.164668830136307,-10.464076647340194,-10.195943364054708,-9.993468177906925,-10.159877112098574,0.17519608308860057,52,-14.17408595670573,-14.524343427260854,-14.979950855053444,-14.058718548644284,-14.112271880918065,-14.369874133716475,0.34570626190191833,29,-0.4053156146179402,-0.3787465940054496,-0.42356495468277944,-0.3856583308225369,-0.43037974683544306,-0.4047330481928298,0.0202577090557657,73,0.7718869363926654,-1.5473113680342667,1.2806546647871595,-1.286358500766977,0.5411078005608871,-0.04800409341210636,1.145953939917705,51,-13.26511376521176,-11.3761517575232,-13.864144309251618,-11.551137562989052,-12.238698563219959,-12.459049191639119,0.9663909316632584,37,10.159877112098574,14.369874133716475,0.4047330481928298,12.459049191639119,-0.04800409341210636,n500__poisson__boostrap_true__samples_0.7
30.550995922088624,0.783243150489948,2.1593684196472167,0.5802697100869528,True,poisson,20,0.875,0.7,2,8,500,"{'bootstrap': True, 'criterion': 'poisson', 'max_depth': 20, 'max_features': 0.875, 'max_samples': 0.7, 'min_samples_leaf': 2, 'min_samples_split': 8, 'n_estimators': 500}",-10.03214065517647,-10.249730597321738,-10.472199613735913,-10.206206283993552,-9.99730011595836,-10.191515453237205,0.17059211292155035,65,-14.232748151185376,-14.597482341107925,-15.00391426989451,-14.031483380507272,-14.103367585662932,-14.393799145671604,0.3620187664940514,56,-0.40863787375415284,-0.3799576142900394,-0.42477341389728096,-0.3808376016872552,-0.4279686558167571,-0.40443503188909713,0.020693611584600077,72,0.7880532310644632,-1.5595029877441662,1.2638793453232122,-1.365807731541748,0.45140626472163803,-0.08439437563532015,1.1562054130199817,67,-13.239342925847644,-11.435785575471998,-13.814516840144277,-11.606520093191273,-12.207326679963462,-12.46069842292373,0.9255674770351482,41,10.191515453237205,14.393799145671604,0.40443503188909713,12.46069842292373,-0.08439437563532015,n500__poisson__boostrap_true__samples_0.7
29.348751401901247,1.6371029515676732,1.8138421058654786,0.7311851973283618,True,poisson,20,0.875,0.7,3,2,500,"{'bootstrap': True, 'criterion': 'poisson', 'max_depth': 20, 'max_features': 0.875, 'max_samples': 0.7, 'min_samples_leaf': 3, 'min_samples_split': 2, 'n_estimators': 500}",-10.011062852556197,-10.22151385385324,-10.481622209768616,-10.175475917567685,-9.984463648049276,-10.174827696359005,0.17852746898176705,63,-14.217483404202232,-14.595446340959413,-15.02429516944396,-14.022803816646972,-14.12165584966743,-14.396336916184001,0.3690369559738773,59,-0.4104500151011779,-0.38056312443233425,-0.4241691842900302,-0.3811388972582103,-0.42977697408077153,-0.4052196390325049,0.020867825188975758,78,0.8652131444051692,-1.5226605214416389,1.3582058473161998,-1.2728667361059995,0.504946596521466,-0.0134323338609607,1.164995332844841,34,-13.24920891314904,-11.428923053681594,-13.956492474697557,-11.678956471648748,-12.20331808958125,-12.503379800551638,0.958328301312832,65,10.174827696359005,14.396336916184001,0.4052196390325049,12.503379800551638,-0.0134323338609607,n500__poisson__boostrap_true__samples_0.7
28.83765983581543,1.130281256413584,2.11533637046814,0.9463323679947387,True,poisson,20,0.875,0.7,3,4,500,"{'bootstrap': True, 'criterion': 'poisson', 'max_depth': 20, 'max_features': 0.875, 'max_samples': 0.7, 'min_samples_leaf': 3, 'min_samples_split': 4, 'n_estimators': 500}",-10.011062852556197,-10.22151385385324,-10.481622209768616,-10.175475917567685,-9.984463648049276,-10.174827696359005,0.17852746898176705,63,-14.217483404202232,-14.595446340959414,-15.02429516944396,-14.022803816646972,-14.12165584966743,-14.396336916184001,0.36903695597387753,59,-0.4104500151011779,-0.38056312443233425,-0.4241691842900302,-0.3811388972582103,-0.42977697408077153,-0.4052196390325049,0.020867825188975758,78,0.8652131444051689,-1.5226605214416389,1.3582058473162,-1.2728667361059995,0.5049465965214669,-0.013432333860960521,1.1649953328448412,33,-13.249208913149035,-11.428923053681592,-13.956492474697557,-11.678956471648748,-12.20331808958125,-12.503379800551636,0.9583283013128314,64,10.174827696359005,14.396336916184001,0.4052196390325049,12.503379800551636,-0.013432333860960521,n500__poisson__boostrap_true__samples_0.7
29.564514112472533,0.4831692558644745,1.4874098777770997,0.3220701607285467,True,poisson,20,0.875,0.7,3,8,500,"{'bootstrap': True, 'criterion': 'poisson', 'max_depth': 20, 'max_features': 0.875, 'max_samples': 0.7, 'min_samples_leaf': 3, 'min_samples_split': 8, 'n_estimators': 500}",-10.039302887964483,-10.219040722666398,-10.523044045913675,-10.207838075723876,-10.022980021621853,-10.202441150778057,0.17995070359792284,73,-14.258263616723193,-14.581990732776024,-15.058888825555398,-14.071433880625746,-14.164790065239051,-14.427073424183883,0.359710681055823,84,-0.40863787375415284,-0.381774144716924,-0.42235649546827797,-0.38294667068394095,-0.4309825195901145,-0.40533954084268203,0.02007379701140711,80,0.8625616896529579,-1.5602281107945604,1.303094554536299,-1.2906957239629187,0.5508418872731204,-0.026885140659020323,1.169793830289952,43,-13.339273324645733,-11.340229205794085,-14.000185539159302,-11.642799160304728,-12.2671122705292,-12.51791990008661,1.0087050134181332,69,10.202441150778057,14.427073424183883,0.40533954084268203,12.51791990008661,-0.026885140659020323,n500__poisson__boostrap_true__samples_0.7
27.715509462356568,1.9665555452300758,2.0912347793579102,1.0702834439933613,True,poisson,20,0.875,0.7,4,2,500,"{'bootstrap': True, 'criterion': 'poisson', 'max_depth': 20, 'max_features': 0.875, 'max_samples': 0.7, 'min_samples_leaf': 4, 'min_samples_split': 2, 'n_estimators': 500}",-10.08901152342575,-10.281307062885158,-10.56263191056455,-10.219582085790039,-10.028740921074265,-10.236254700747953,0.1863181668725523,92,-14.326412675509523,-14.623322542026932,-15.106251066695622,-14.103808852627209,-14.16459755197729,-14.464878537767316,0.3677433905088471,94,-0.4104500151011779,-0.38056312443233425,-0.42477341389728096,-0.38234407954203076,-0.43128390596745025,-0.40588290778805486,0.02106223285009634,94,0.9136230993591699,-1.532316187407711,1.3700709423867226,-1.2889331428363928,0.5894717122395429,0.010383284748266308,1.1889559231753464,5,-13.403135848432992,-11.494795887709628,-14.04596246204435,-11.678811600340094,-12.310003325414122,-12.586541824788238,0.988846933457528,95,10.236254700747953,14.464878537767316,0.40588290778805486,12.586541824788238,0.010383284748266308,n500__poisson__boostrap_true__samples_0.7
26.720673704147337,0.7464859073388621,2.5779715538024903,0.4824462211548465,True,poisson,20,0.875,0.7,4,4,500,"{'bootstrap': True, 'criterion': 'poisson', 'max_depth': 20, 'max_features': 0.875, 'max_samples': 0.7, 'min_samples_leaf': 4, 'min_samples_split': 4, 'n_estimators': 500}",-10.089011523425752,-10.281307062885158,-10.562631910564551,-10.219582085790039,-10.028740921074265,-10.236254700747953,0.18631816687255262,92,-14.326412675509523,-14.623322542026932,-15.106251066695624,-14.103808852627209,-14.16459755197729,-14.464878537767316,0.3677433905088477,94,-0.4104500151011779,-0.38056312443233425,-0.42477341389728096,-0.38234407954203076,-0.43128390596745025,-0.40588290778805486,0.02106223285009634,94,0.9136230993591692,-1.532316187407711,1.3700709423867226,-1.2889331428363926,0.5894717122395429,0.01038328474826622,1.1889559231753464,6,-13.403135848432992,-11.49479588770963,-14.04596246204435,-11.678811600340094,-12.310003325414122,-12.586541824788238,0.9888469334575277,95,10.236254700747953,14.464878537767316,0.40588290778805486,12.586541824788238,0.01038328474826622,n500__poisson__boostrap_true__samples_0.7
27.711738872528077,0.17198049876165036,2.038236379623413,0.012307718160070506,True,poisson,20,0.875,0.7,4,8,500,"{'bootstrap': True, 'criterion': 'poisson', 'max_depth': 20, 'max_features': 0.875, 'max_samples': 0.7, 'min_samples_leaf': 4, 'min_samples_split': 8, 'n_estimators': 500}",-10.089011523425752,-10.281307062885158,-10.562631910564551,-10.219582085790043,-10.028740921074265,-10.236254700747953,0.18631816687255254,92,-14.326412675509523,-14.623322542026932,-15.106251066695622,-14.10380885262721,-14.16459755197729,-14.464878537767316,0.36774339050884675,94,-0.4104500151011779,-0.38056312443233425,-0.42477341389728096,-0.38234407954203076,-0.43128390596745025,-0.40588290778805486,0.02106223285009634,94,0.9136230993591692,-1.5323161874077105,1.3700709423867226,-1.2889331428363928,0.5894717122395432,0.01038328474826633,1.1889559231753464,4,-13.403135848432992,-11.494795887709628,-14.045962462044347,-11.678811600340094,-12.310003325414119,-12.586541824788236,0.9888469334575272,94,10.236254700747953,14.464878537767316,0.40588290778805486,12.586541824788236,0.01038328474826633,n500__poisson__boostrap_true__samples_0.7
40.32268047332764,1.7513439816430147,4.387654829025268,1.2067065341157786,True,poisson,20,1.0,0.7,1,2,500,"{'bootstrap': True, 'criterion': 'poisson', 'max_depth': 20, 'max_features': 1.0, 'max_samples': 0.7, 'min_samples_leaf': 1, 'min_samples_split': 2, 'n_estimators': 500}",-9.95019310437053,-10.171749954358438,-10.443700223083008,-10.1754948858269,-9.968176746843728,-10.141862982896521,0.17890461506044683,28,-14.099873138867462,-14.635720115881572,-14.959221571080331,-14.032354994012971,-14.11191143689311,-14.36781625134709,0.3664281030705673,23,-0.40471156750226517,-0.3787465940054496,-0.4226586102719033,-0.3799337149743899,-0.4231464737793852,-0.40183939210667863,0.019538766494790957,13,0.6612687474236414,-1.5051454361040162,1.1842010278377109,-1.3835050551503056,0.3360778316737547,-0.14142057686384296,1.098372146700957,73,-13.109906787794964,-11.441164957551699,-13.755665882969113,-11.570425950838866,-12.175753807521726,-12.410583477335274,0.8943245138260157,15,10.141862982896521,14.36781625134709,0.40183939210667863,12.410583477335274,-0.14142057686384296,n500__poisson__boostrap_true__samples_0.7
36.2114221572876,0.41015172928329385,2.4047423362731934,0.2833750065550533,True,poisson,20,1.0,0.7,1,4,500,"{'bootstrap': True, 'criterion': 'poisson', 'max_depth': 20, 'max_features': 1.0, 'max_samples': 0.7, 'min_samples_leaf': 1, 'min_samples_split': 4, 'n_estimators': 500}",-9.94667995738463,-10.143621123872686,-10.425933768687418,-10.174385389686638,-9.964196589676341,-10.130963365861543,0.17368060445154432,23,-14.109390786757588,-14.59481143051318,-14.925734892798536,-14.023502183339973,-14.089978221049181,-14.348683502891692,0.3531287529449042,5,-0.4050135910601027,-0.3751135331516803,-0.4199395770392749,-0.3793311238324797,-0.4252561784207354,-0.4009308007008546,0.020507579578001835,3,0.6472524908529741,-1.5219037560465851,1.1663893636925613,-1.4101659637548432,0.31801253643780436,-0.1600830657636177,1.1006505400227684,74,-13.078490058208311,-11.492143852271836,-13.802370348265368,-11.55220185650025,-12.089429440271697,-12.402927111103494,0.9018167288916061,12,10.130963365861543,14.348683502891692,0.4009308007008546,12.402927111103494,-0.1600830657636177,n500__poisson__boostrap_true__samples_0.7
33.628973150253294,0.16409933832525145,2.9616034984588624,0.026208547573758487,True,poisson,20,1.0,0.7,1,8,500,"{'bootstrap': True, 'criterion': 'poisson', 'max_depth': 20, 'max_features': 1.0, 'max_samples': 0.7, 'min_samples_leaf': 1, 'min_samples_split': 8, 'n_estimators': 500}",-9.984272876189992,-10.171168415486155,-10.48725726890041,-10.181887237497282,-9.968910166223266,-10.158699192859421,0.18712989650890235,51,-14.130025351969618,-14.592621305708038,-15.017686871256236,-14.041973005855812,-14.094888152805854,-14.375438937519112,0.3767722621948999,36,-0.40682573240712777,-0.37844383893430217,-0.42205438066465256,-0.38053630611630007,-0.4273658830620856,-0.40304522823689365,0.02039124454062416,34,0.6300810472463184,-1.5117757707816197,1.1753611427421127,-1.4172912263120812,0.31263758624359433,-0.16219744417233506,1.098986674088695,75,-13.04533253173631,-11.440789562183634,-13.816487810499911,-11.516110119209692,-12.028975826052552,-12.36953916993642,0.922741286168986,2,10.158699192859421,14.375438937519112,0.40304522823689365,12.36953916993642,-0.16219744417233506,n500__poisson__boostrap_true__samples_0.7
29.303295612335205,2.9827543756311283,4.267955636978149,1.0366137053442521,True,poisson,20,1.0,0.7,2,2,500,"{'bootstrap': True, 'criterion': 'poisson', 'max_depth': 20, 'max_features': 1.0, 'max_samples': 0.7, 'min_samples_leaf': 2, 'min_samples_split': 2, 'n_estimators': 500}",-9.920599925494985,-10.123443359358323,-10.393212036575191,-10.106851551701636,-9.92592950462949,-10.094007275551926,0.17255445147006881,3,-14.129843928914415,-14.574385519327741,-14.940515975863445,-13.9853923780533,-14.093757881657387,-14.344779136763256,0.35944099065060214,3,-0.4074297795228028,-0.38056312443233425,-0.4199395770392749,-0.3793311238324797,-0.42374924653405666,-0.4022025702721896,0.01896076507970912,18,0.7748041028757368,-1.4624248556882191,1.262874442709992,-1.2592489161033646,0.46302326457742826,-0.04419439232568534,1.1067242085632816,49,-13.125456908056135,-11.37921404837802,-13.87829001670286,-11.662110066541166,-12.258373146596213,-12.46068883725488,0.9273356568823062,39,10.094007275551926,14.344779136763256,0.4022025702721896,12.46068883725488,-0.04419439232568534,n500__poisson__boostrap_true__samples_0.7
32.90288243293762,0.12238314191137818,2.3291381359100343,0.08427496143783371,True,poisson,20,1.0,0.7,2,4,500,"{'bootstrap': True, 'criterion': 'poisson', 'max_depth': 20, 'max_features': 1.0, 'max_samples': 0.7, 'min_samples_leaf': 2, 'min_samples_split': 4, 'n_estimators': 500}",-9.920599925494985,-10.123443359358319,-10.393212036575193,-10.106851551701636,-9.92592950462949,-10.094007275551926,0.17255445147006931,3,-14.129843928914413,-14.574385519327741,-14.940515975863445,-13.9853923780533,-14.093757881657389,-14.344779136763256,0.3594409906506021,3,-0.4074297795228028,-0.38056312443233425,-0.4199395770392749,-0.3793311238324797,-0.42374924653405666,-0.4022025702721896,0.01896076507970912,18,0.7748041028757368,-1.4624248556882193,1.2628744427099918,-1.2592489161033649,0.46302326457742937,-0.04419439232568525,1.1067242085632818,48,-13.125456908056135,-11.37921404837802,-13.878290016702863,-11.662110066541167,-12.258373146596213,-12.46068883725488,0.927335656882307,39,10.094007275551926,14.344779136763256,0.4022025702721896,12.46068883725488,-0.04419439232568525,n500__poisson__boostrap_true__samples_0.7
31.270929765701293,0.427863879615243,2.557356357574463,0.39630016107129273,True,poisson,20,1.0,0.7,2,8,500,"{'bootstrap': True, 'criterion': 'poisson', 'max_depth': 20, 'max_features': 1.0, 'max_samples': 0.7, 'min_samples_leaf': 2, 'min_samples_split': 8, 'n_estimators': 500}",-9.97659730289852,-10.154000834491812,-10.417251961354278,-10.126508083927382,-9.955320814805377,-10.125935799495474,0.16556843867452634,20,-14.165347127913236,-14.61993274137576,-14.96151660163435,-13.986042021635093,-14.132551633708756,-14.373078025253438,0.36276690805010253,34,-0.40622168529145275,-0.37844383893430217,-0.4214501510574018,-0.3811388972582103,-0.42646172393007836,-0.4027432592942891,0.019908908058208784,31,0.7679835317524017,-1.490653270402277,1.2417138942766768,-1.3621786726970417,0.4187896925034848,-0.08486896491335108,1.1268186286811348,68,-13.22502124294766,-11.44601480167509,-13.83196307603529,-11.49755308927806,-12.163003061219365,-12.432711054231094,0.9493675759562031,22,10.125935799495474,14.373078025253438,0.4027432592942891,12.432711054231094,-0.08486896491335108,n500__poisson__boostrap_true__samples_0.7
27.949972581863403,2.8527669311363653,3.095257616043091,0.8425694558700962,True,poisson,20,1.0,0.7,3,2,500,"{'bootstrap': True, 'criterion': 'poisson', 'max_depth': 20, 'max_features': 1.0, 'max_samples': 0.7, 'min_samples_leaf': 3, 'min_samples_split': 2, 'n_estimators': 500}",-9.953152702826792,-10.139974427693002,-10.420056415952116,-10.106400352589207,-9.93445153973739,-10.1108070877597,0.17462043662064944,15,-14.164455281843951,-14.600201856018778,-14.973049355052247,-13.99847819986736,-14.124050267376216,-14.37204699203171,0.3626041418337328,31,-0.40682573240712777,-0.3802603693611868,-0.4226586102719033,-0.3808376016872552,-0.42616033755274263,-0.40334853025604317,0.019723862480234586,42,0.8664554810949892,-1.420721396369544,1.3155502692054801,-1.2792930173529757,0.4852435688745077,-0.006553018909508546,1.1288670544157442,31,-13.29759565588902,-11.464845844928892,-13.88308010288479,-11.589070112994083,-12.225087825450593,-12.491935908429475,0.9513840802684924,62,10.1108070877597,14.37204699203171,0.40334853025604317,12.491935908429475,-0.006553018909508546,n500__poisson__boostrap_true__samples_0.7
26.578262424468996,0.9444748757484223,2.741447401046753,0.892421426287852,True,poisson,20,1.0,0.7,3,4,500,"{'bootstrap': True, 'criterion': 'poisson', 'max_depth': 20, 'max_features': 1.0, 'max_samples': 0.7, 'min_samples_leaf': 3, 'min_samples_split': 4, 'n_estimators': 500}",-9.953152702826792,-10.139974427693002,-10.420056415952116,-10.106400352589207,-9.93445153973739,-10.1108070877597,0.17462043662064944,15,-14.16445528184395,-14.600201856018776,-14.973049355052247,-13.99847819986736,-14.124050267376216,-14.37204699203171,0.3626041418337328,31,-0.40682573240712777,-0.3802603693611868,-0.4226586102719033,-0.3808376016872552,-0.42616033755274263,-0.40334853025604317,0.019723862480234586,42,0.8664554810949896,-1.4207213963695438,1.3155502692054797,-1.2792930173529764,0.48524356887450687,-0.006553018909508801,1.1288670544157444,32,-13.29759565588902,-11.46484584492889,-13.88308010288479,-11.589070112994085,-12.225087825450593,-12.491935908429477,0.9513840802684925,63,10.1108070877597,14.37204699203171,0.40334853025604317,12.491935908429477,-0.006553018909508801,n500__poisson__boostrap_true__samples_0.7
27.12061505317688,0.10742805818074118,1.8740376472473144,0.07067373951083432,True,poisson,20,1.0,0.7,3,8,500,"{'bootstrap': True, 'criterion': 'poisson', 'max_depth': 20, 'max_features': 1.0, 'max_samples': 0.7, 'min_samples_leaf': 3, 'min_samples_split': 8, 'n_estimators': 500}",-9.948326744305826,-10.142761613022186,-10.424226741600902,-10.125584071276917,-9.980177638094315,-10.12421536166003,0.16854455578534558,19,-14.159709265568868,-14.586852022846886,-14.96299350909494,-14.015690744741056,-14.169456844079479,-14.378940477266246,0.3487810888534728,40,-0.4080338266384778,-0.37693006357856496,-0.42235649546827797,-0.37842723711961435,-0.4267631103074141,-0.40250214662246986,0.021198687268733307,30,0.8394713597390919,-1.4640283436955492,1.2857814752558863,-1.3041215426687025,0.5111204817320796,-0.026355313927438794,1.136646760353884,42,-13.21924482697732,-11.512391963287506,-13.862706436979963,-11.655427600497875,-12.291711568355922,-12.508296479219718,0.9062002030036936,68,10.12421536166003,14.378940477266246,0.40250214662246986,12.508296479219718,-0.026355313927438794,n500__poisson__boostrap_true__samples_0.7
25.645385789871217,1.265763297827772,1.8426907539367676,0.30329351702128904,True,poisson,20,1.0,0.7,4,2,500,"{'bootstrap': True, 'criterion': 'poisson', 'max_depth': 20, 'max_features': 1.0, 'max_samples': 0.7, 'min_samples_leaf': 4, 'min_samples_split': 2, 'n_estimators': 500}",-9.961969572970942,-10.179532165677974,-10.492885352941943,-10.131338054065985,-9.994516063425516,-10.152048241816471,0.1888388211393679,43,-14.187072689450892,-14.653951228954979,-15.048805426487226,-14.01385901638146,-14.178355646433856,-14.416408801541682,0.381487242922268,75,-0.4104500151011779,-0.37723281864971236,-0.42356495468277944,-0.3814401928291654,-0.4279686558167571,-0.4041313274159185,0.02109135970382358,56,0.8936225600528644,-1.435240418572848,1.3538605833936121,-1.2655770677372151,0.5432791918575669,0.01798896979879607,1.1477486133925947,2,-13.224012344533415,-11.59004640477056,-13.984568134547319,-11.621429981684512,-12.311410090503268,-12.546293391207815,0.9330474808197411,82,10.152048241816471,14.416408801541682,0.4041313274159185,12.546293391207815,0.01798896979879607,n500__poisson__boostrap_true__samples_0.7
23.964880323410036,1.5107905064640585,3.6306829929351805,0.26831970769071933,True,poisson,20,1.0,0.7,4,4,500,"{'bootstrap': True, 'criterion': 'poisson', 'max_depth': 20, 'max_features': 1.0, 'max_samples': 0.7, 'min_samples_leaf': 4, 'min_samples_split': 4, 'n_estimators': 500}",-9.961969572970942,-10.179532165677974,-10.492885352941943,-10.131338054065985,-9.994516063425516,-10.152048241816471,0.1888388211393679,43,-14.187072689450892,-14.653951228954979,-15.048805426487226,-14.01385901638146,-14.178355646433856,-14.416408801541682,0.381487242922268,75,-0.4104500151011779,-0.37723281864971236,-0.42356495468277944,-0.3814401928291654,-0.4279686558167571,-0.4041313274159185,0.02109135970382358,56,0.8936225600528647,-1.435240418572847,1.3538605833936113,-1.265577067737215,0.5432791918575663,0.017988969798796096,1.1477486133925943,1,-13.224012344533415,-11.59004640477056,-13.984568134547319,-11.621429981684512,-12.311410090503264,-12.546293391207815,0.9330474808197413,82,10.152048241816471,14.416408801541682,0.4041313274159185,12.546293391207815,0.017988969798796096,n500__poisson__boostrap_true__samples_0.7
26.08243112564087,0.20786849949232977,3.0927796363830566,0.043432269528364806,True,poisson,20,1.0,0.7,4,8,500,"{'bootstrap': True, 'criterion': 'poisson', 'max_depth': 20, 'max_features': 1.0, 'max_samples': 0.7, 'min_samples_leaf': 4, 'min_samples_split': 8, 'n_estimators': 500}",-9.961969572970942,-10.179532165677974,-10.492885352941942,-10.131338054065985,-9.99451606342552,-10.152048241816473,0.1888388211393667,45,-14.187072689450892,-14.653951228954979,-15.048805426487228,-14.01385901638146,-14.178355646433856,-14.416408801541683,0.3814872429222686,77,-0.4104500151011779,-0.37723281864971236,-0.42356495468277944,-0.3814401928291654,-0.4279686558167571,-0.4041313274159185,0.02109135970382358,56,0.8936225600528646,-1.435240418572847,1.3538605833936117,-1.2655770677372167,0.543279191857566,0.01798896979879574,1.1477486133925947,3,-13.224012344533415,-11.59004640477056,-13.984568134547322,-11.621429981684512,-12.311410090503268,-12.546293391207815,0.9330474808197422,82,10.152048241816473,14.416408801541683,0.4041313274159185,12.546293391207815,0.01798896979879574,n500__poisson__boostrap_true__samples_0.7
33.6284912109375,0.9602439315578412,3.895324373245239,0.27928633935764097,True,poisson,22,0.875,0.7,1,2,500,"{'bootstrap': True, 'criterion': 'poisson', 'max_depth': 22, 'max_features': 0.875, 'max_samples': 0.7, 'min_samples_leaf': 1, 'min_samples_split': 2, 'n_estimators': 500}",-10.017817490098022,-10.210761530580914,-10.5237242203751,-10.270039815452943,-10.033363292518217,-10.21114126980504,0.18447567692072706,77,-14.186993233686957,-14.545756286047848,-15.007501036966898,-14.097457947731227,-14.116367793762873,-14.39081525963916,0.34849143801876087,55,-0.4053156146179402,-0.3781410838631547,-0.4226586102719033,-0.3793311238324797,-0.4258589511754069,-0.402261076752177,0.02044409963985839,20,0.7061482011699538,-1.640712867126798,1.1681486571970112,-1.4697548407762084,0.31328229766864807,-0.1845777103734787,1.1526608966965304,83,-13.229154397834673,-11.331813745151695,-13.831343539944134,-11.59974020291981,-12.147972423297954,-12.428004861829654,0.9567941785614997,21,10.21114126980504,14.39081525963916,0.402261076752177,12.428004861829654,-0.1845777103734787,n500__poisson__boostrap_true__samples_0.7
30.381753730773926,0.9320508397232198,3.4300549983978272,0.22382563202498798,True,poisson,22,0.875,0.7,1,4,500,"{'bootstrap': True, 'criterion': 'poisson', 'max_depth': 22, 'max_features': 0.875, 'max_samples': 0.7, 'min_samples_leaf': 1, 'min_samples_split': 4, 'n_estimators': 500}",-10.014650741179738,-10.231815054686132,-10.500982117938303,-10.234635679090603,-10.024047902109428,-10.20122629900084,0.1778246511260416,71,-14.182657139476419,-14.569766500637135,-14.991939854231369,-14.048042380998464,-14.120715928979418,-14.382624360864563,0.3540665385231539,46,-0.40682573240712777,-0.3763245534362701,-0.41842900302114805,-0.3799337149743899,-0.4294755877034358,-0.4021977183084743,0.020947848489113022,17,0.6421228501711762,-1.6273826810137415,1.1384403918475408,-1.4769581707642863,0.3318167961270939,-0.1983921627264434,1.135909612970017,89,-13.097467468805819,-11.432196351665292,-13.908479605556371,-11.52527028157615,-12.056406690789046,-12.403964079678534,0.9572612354986267,13,10.20122629900084,14.382624360864563,0.4021977183084743,12.403964079678534,-0.1983921627264434,n500__poisson__boostrap_true__samples_0.7
26.056749629974366,0.16724570821295884,3.5017111778259276,0.10919398029641118,True,poisson,22,0.875,0.7,1,8,500,"{'bootstrap': True, 'criterion': 'poisson', 'max_depth': 22, 'max_features': 0.875, 'max_samples': 0.7, 'min_samples_leaf': 1, 'min_samples_split': 8, 'n_estimators': 500}",-10.04433137448288,-10.252980474393468,-10.539746592421146,-10.276000760450074,-10.03159659573392,-10.228931159496298,0.1856976902966324,91,-14.191707189871645,-14.594646181570825,-15.023884483394584,-14.097508501991907,-14.1168204493377,-14.404913361233332,0.3583506489625022,65,-0.40622168529145275,-0.37753557372085983,-0.4214501510574018,-0.3820427839710756,-0.4252561784207354,-0.40250127449230505,0.01965972065825126,29,0.6631148008214418,-1.6512518619831948,1.152251263412287,-1.4751349629936397,0.29616493187166054,-0.20297116577428903,1.1447084589575254,90,-13.179313861127365,-11.391944509539348,-13.87115157806762,-11.518167816150592,-12.142988217078427,-12.42071319639267,0.9622193935016161,19,10.228931159496298,14.404913361233332,0.40250127449230505,12.42071319639267,-0.20297116577428903,n500__poisson__boostrap_true__samples_0.7
27.279885053634644,0.312770971396947,3.859970474243164,0.33541431883791356,True,poisson,22,0.875,0.7,2,2,500,"{'bootstrap': True, 'criterion': 'poisson', 'max_depth': 22, 'max_features': 0.875, 'max_samples': 0.7, 'min_samples_leaf': 2, 'min_samples_split': 2, 'n_estimators': 500}",-9.967882534223174,-10.183311139808817,-10.460195969423033,-10.150140508073966,-9.974441486381982,-10.147194327582195,0.17959921786040034,32,-14.158886710944875,-14.548292942664903,-14.979525552267837,-14.005794912720358,-14.100178108584167,-14.358535645436428,0.36129506906322095,12,-0.4083358501963153,-0.37844383893430217,-0.4241691842900302,-0.38053630611630007,-0.4282700421940928,-0.4039510443462081,0.021063147228070216,52,0.7870060077699885,-1.519747351012054,1.2815117191312078,-1.3363561705886653,0.4762018704872408,-0.062276784842456454,1.1458190782073072,60,-13.169170104489407,-11.446300477758284,-13.84083064427156,-11.580740386426651,-12.200997416640424,-12.447607805917265,0.9248366559053742,28,10.147194327582195,14.358535645436428,0.4039510443462081,12.447607805917265,-0.062276784842456454,n500__poisson__boostrap_true__samples_0.7
27.162538385391237,0.35486832977600763,3.5309528350830077,0.12135697379289971,True,poisson,22,0.875,0.7,2,4,500,"{'bootstrap': True, 'criterion': 'poisson', 'max_depth': 22, 'max_features': 0.875, 'max_samples': 0.7, 'min_samples_leaf': 2, 'min_samples_split': 4, 'n_estimators': 500}",-9.967882534223174,-10.183311139808817,-10.460195969423033,-10.150140508073966,-9.974441486381982,-10.147194327582195,0.17959921786040034,32,-14.158886710944875,-14.548292942664903,-14.979525552267837,-14.005794912720358,-14.100178108584165,-14.358535645436428,0.3612950690632212,12,-0.4083358501963153,-0.37844383893430217,-0.4241691842900302,-0.38053630611630007,-0.4282700421940928,-0.4039510443462081,0.021063147228070216,52,0.7870060077699881,-1.519747351012054,1.281511719131208,-1.3363561705886648,0.4762018704872408,-0.06227678484245641,1.145819078207307,59,-13.169170104489407,-11.446300477758284,-13.84083064427156,-11.580740386426651,-12.200997416640421,-12.447607805917263,0.9248366559053744,27,10.147194327582195,14.358535645436428,0.4039510443462081,12.447607805917263,-0.06227678484245641,n500__poisson__boostrap_true__samples_0.7
24.387863969802858,0.8373839423392528,4.161301803588867,0.41737097345594715,True,poisson,22,0.875,0.7,2,8,500,"{'bootstrap': True, 'criterion': 'poisson', 'max_depth': 22, 'max_features': 0.875, 'max_samples': 0.7, 'min_samples_leaf': 2, 'min_samples_split': 8, 'n_estimators': 500}",-10.037778790514151,-10.24098928567925,-10.501493005263061,-10.215974431546874,-10.005407335282351,-10.200328569657136,0.17720881603642752,69,-14.219443415111297,-14.56941140249966,-15.041139692571022,-14.071127155246568,-14.097622665830137,-14.399748866251736,0.36659244234673705,63,-0.40954394442766534,-0.38056312443233425,-0.4256797583081571,-0.3811388972582103,-0.4273658830620856,-0.4048583214976905,0.020566697874798128,75,0.791136903523353,-1.5551079493131648,1.2910341141080908,-1.399852514849662,0.440889254577657,-0.08638003839074523,1.1685623869434965,69,-13.220700539438855,-11.411879894199354,-13.851406942909339,-11.565497486766024,-12.22172499476569,-12.454241971615852,0.9455134369758457,34,10.200328569657136,14.399748866251736,0.4048583214976905,12.454241971615852,-0.08638003839074523,n500__poisson__boostrap_true__samples_0.7
24.569093894958495,0.1500630535876439,4.0748090744018555,0.13239951786106538,True,poisson,22,0.875,0.7,3,2,500,"{'bootstrap': True, 'criterion': 'poisson', 'max_depth': 22, 'max_features': 0.875, 'max_samples': 0.7, 'min_samples_leaf': 3, 'min_samples_split': 2, 'n_estimators': 500}",-10.038454656477818,-10.18023405020612,-10.491286508773076,-10.183872089759134,-9.97395313170166,-10.17356008738356,0.17843619152994808,59,-14.242795851835776,-14.498672004981312,-15.036167326104026,-14.014777098377834,-14.112174207808186,-14.380917297821426,0.36567138212944233,43,-0.41165810933252794,-0.38268240993036634,-0.4244712990936556,-0.38053630611630007,-0.4279686558167571,-0.4054633560579214,0.020231137926852577,86,0.8735142800749757,-1.5303567862816878,1.3319863353181536,-1.2992308993292283,0.5220543042454152,-0.02040655319447433,1.169415766746302,40,-13.253679071506347,-11.301639478932916,-13.92705804766618,-11.67384169083011,-12.262588969180419,-12.483761451623195,0.977566146077695,56,10.17356008738356,14.380917297821426,0.4054633560579214,12.483761451623195,-0.02040655319447433,n500__poisson__boostrap_true__samples_0.7
25.383668899536133,0.6221271906045496,3.970884656906128,0.21935056634887115,True,poisson,22,0.875,0.7,3,4,500,"{'bootstrap': True, 'criterion': 'poisson', 'max_depth': 22, 'max_features': 0.875, 'max_samples': 0.7, 'min_samples_leaf': 3, 'min_samples_split': 4, 'n_estimators': 500}",-10.03845465647782,-10.180234050206122,-10.491286508773076,-10.183872089759134,-9.97395313170166,-10.173560087383564,0.17843619152994783,60,-14.242795851835774,-14.498672004981314,-15.036167326104026,-14.014777098377836,-14.112174207808186,-14.380917297821426,0.3656713821294422,43,-0.41165810933252794,-0.38268240993036634,-0.4244712990936556,-0.38053630611630007,-0.4279686558167571,-0.4054633560579214,0.020231137926852577,86,0.8735142800749766,-1.5303567862816865,1.3319863353181536,-1.2992308993292283,0.5220543042454158,-0.020406553194473775,1.1694157667463019,39,-13.253679071506347,-11.301639478932916,-13.92705804766618,-11.67384169083011,-12.262588969180419,-12.483761451623195,0.977566146077695,56,10.173560087383564,14.380917297821426,0.4054633560579214,12.483761451623195,-0.020406553194473775,n500__poisson__boostrap_true__samples_0.7
24.123569107055665,0.6322838027354488,3.9710131645202638,0.44712790655694695,True,poisson,22,0.875,0.7,3,8,500,"{'bootstrap': True, 'criterion': 'poisson', 'max_depth': 22, 'max_features': 0.875, 'max_samples': 0.7, 'min_samples_leaf': 3, 'min_samples_split': 8, 'n_estimators': 500}",-10.023951705713875,-10.210132993304983,-10.503984174426709,-10.208080327483467,-10.015000860361065,-10.192230012258019,0.17747685347001965,66,-14.229034980688846,-14.57036927754551,-15.03321971748334,-14.070929570980464,-14.157329901161125,-14.412176689571856,0.353739085895253,73,-0.40954394442766534,-0.37935210414774445,-0.42205438066465256,-0.38324796625489604,-0.4306811332127788,-0.4049759057415474,0.020503573176102317,77,0.8573649188173189,-1.5891603350559629,1.3315847910043748,-1.3006019624566685,0.533434330915637,-0.03347565135506014,1.1835656115438042,46,-13.284675274270938,-11.362758455784723,-14.021379125116994,-11.621038008460669,-12.246223920453497,-12.507214956817363,1.0060163280379166,67,10.192230012258019,14.412176689571856,0.4049759057415474,12.507214956817363,-0.03347565135506014,n500__poisson__boostrap_true__samples_0.7
23.717432260513306,0.5263312981738536,3.6271459579467775,0.15720777193135965,True,poisson,22,0.875,0.7,4,2,500,"{'bootstrap': True, 'criterion': 'poisson', 'max_depth': 22, 'max_features': 0.875, 'max_samples': 0.7, 'min_samples_leaf': 4, 'min_samples_split': 2, 'n_estimators': 500}",-10.090841524786512,-10.270406564861016,-10.546878866636586,-10.194210922479481,-10.023453273065686,-10.225158230365855,0.1817884389281095,88,-14.323080649922629,-14.607221223135724,-15.087632031882503,-14.06130686522211,-14.16426398421626,-14.448700950875846,0.3688144868649438,91,-0.41165810933252794,-0.38056312443233425,-0.42386706948640485,-0.3817414884001205,-0.43007836045810727,-0.405581630421899,0.020811769140408984,88,0.8915151560821127,-1.551136699314674,1.3691265008082716,-1.3137106339842481,0.5720989269359799,-0.0064213498945115965,1.1940065621321094,29,-13.33917203608071,-11.45574716225122,-14.05629998796952,-11.6315629271964,-12.318164751088128,-12.560189372917195,0.9985866564245544,85,10.225158230365855,14.448700950875846,0.405581630421899,12.560189372917195,-0.0064213498945115965,n500__poisson__boostrap_true__samples_0.7
22.734015941619873,0.32505441621252856,3.7217154026031496,0.15956403938103567,True,poisson,22,0.875,0.7,4,4,500,"{'bootstrap': True, 'criterion': 'poisson', 'max_depth': 22, 'max_features': 0.875, 'max_samples': 0.7, 'min_samples_leaf': 4, 'min_samples_split': 4, 'n_estimators': 500}",-10.090841524786512,-10.270406564861016,-10.546878866636588,-10.194210922479481,-10.023453273065686,-10.225158230365855,0.18178843892811017,88,-14.323080649922629,-14.607221223135724,-15.087632031882505,-14.06130686522211,-14.16426398421626,-14.448700950875846,0.3688144868649444,91,-0.41165810933252794,-0.38056312443233425,-0.42386706948640485,-0.3817414884001205,-0.43007836045810727,-0.405581630421899,0.020811769140408984,88,0.891515156082113,-1.551136699314674,1.3691265008082707,-1.3137106339842477,0.5720989269359799,-0.006421349894511641,1.194006562132109,30,-13.33917203608071,-11.455747162251217,-14.05629998796952,-11.6315629271964,-12.31816475108813,-12.560189372917197,0.9985866564245547,86,10.225158230365855,14.448700950875846,0.405581630421899,12.560189372917197,-0.006421349894511641,n500__poisson__boostrap_true__samples_0.7
22.20065131187439,0.45042676191380243,5.588072156906128,0.9250153361284844,True,poisson,22,0.875,0.7,4,8,500,"{'bootstrap': True, 'criterion': 'poisson', 'max_depth': 22, 'max_features': 0.875, 'max_samples': 0.7, 'min_samples_leaf': 4, 'min_samples_split': 8, 'n_estimators': 500}",-10.090841524786512,-10.270406564861016,-10.546878866636586,-10.194210922479481,-10.023453273065686,-10.225158230365855,0.1817884389281095,88,-14.323080649922629,-14.607221223135724,-15.087632031882503,-14.06130686522211,-14.16426398421626,-14.448700950875846,0.3688144868649438,91,-0.41165810933252794,-0.38056312443233425,-0.42386706948640485,-0.3817414884001205,-0.43007836045810727,-0.405581630421899,0.020811769140408984,88,0.8915151560821134,-1.5511366993146734,1.3691265008082714,-1.313710633984248,0.5720989269359793,-0.006421349894511441,1.1940065621321092,28,-13.33917203608071,-11.45574716225122,-14.05629998796952,-11.631562927196399,-12.31816475108813,-12.560189372917197,0.9985866564245546,86,10.225158230365855,14.448700950875846,0.405581630421899,12.560189372917197,-0.006421349894511441,n500__poisson__boostrap_true__samples_0.7
40.912083292007445,0.3248195707969014,5.311179494857788,0.9813226890179683,True,poisson,22,1.0,0.7,1,2,500,"{'bootstrap': True, 'criterion': 'poisson', 'max_depth': 22, 'max_features': 1.0, 'max_samples': 0.7, 'min_samples_leaf': 1, 'min_samples_split': 2, 'n_estimators': 500}",-9.963473358104888,-10.164875347151865,-10.42578882736688,-10.168944456722564,-9.985159672718002,-10.141648332412839,0.16628614829351934,27,-14.118705001605504,-14.650188839429573,-14.941406708071716,-14.01106470463607,-14.11641433970768,-14.367555918690107,0.3636676927319701,22,-0.40471156750226517,-0.3760217983651226,-0.42084592145015104,-0.38053630611630007,-0.4258589511754069,-0.4015949089218491,0.020329818131122522,9,0.6543943165358965,-1.4958587392511802,1.1210594790690716,-1.360292356171283,0.2673062622948042,-0.16267820750453818,1.0688429801476755,76,-13.117820847289419,-11.527279330070838,-13.71861733463855,-11.573996960304715,-12.037396310110577,-12.39502215648282,0.875134089681238,9,10.141648332412839,14.367555918690107,0.4015949089218491,12.39502215648282,-0.16267820750453818,n500__poisson__boostrap_true__samples_0.7
38.46928653717041,0.2353331837541772,2.987890338897705,0.40472563397717226,True,poisson,22,1.0,0.7,1,4,500,"{'bootstrap': True, 'criterion': 'poisson', 'max_depth': 22, 'max_features': 1.0, 'max_samples': 0.7, 'min_samples_leaf': 1, 'min_samples_split': 4, 'n_estimators': 500}",-9.969364264632695,-10.14097288046291,-10.421636472820362,-10.16667409248717,-10.004260909257294,-10.140581723932087,0.1597319751680517,26,-14.129594199764394,-14.602019898476811,-14.931916442536107,-14.0094727829539,-14.157834086525508,-14.366167482051344,0.34707321376645683,21,-0.40471156750226517,-0.37844383893430217,-0.4202416918429003,-0.37872853269056944,-0.4252561784207354,-0.40147636187815444,0.019879862599230896,8,0.6439723901231355,-1.5179949812863451,1.1229458149326526,-1.434436494783262,0.31575451299661217,-0.1739517516034414,1.0941690377944795,78,-13.112223008916624,-11.392678400392077,-13.735646072056966,-11.528359819721267,-12.133880641757072,-12.380557588568802,0.9093508595877375,7,10.140581723932087,14.366167482051344,0.40147636187815444,12.380557588568802,-0.1739517516034414,n500__poisson__boostrap_true__samples_0.7
30.478003978729248,3.6698120548502833,4.003440952301025,0.45220718123430226,True,poisson,22,1.0,0.7,1,8,500,"{'bootstrap': True, 'criterion': 'poisson', 'max_depth': 22, 'max_features': 1.0, 'max_samples': 0.7, 'min_samples_leaf': 1, 'min_samples_split': 8, 'n_estimators': 500}",-10.039144674649652,-10.175862411542443,-10.445144221507496,-10.210229617365686,-9.95159219215902,-10.16439462344486,0.1685378996417554,54,-14.216123786930094,-14.622135055358886,-14.960121067928698,-14.054988689913259,-14.076648338607422,-14.386003387747673,0.35199421317124235,50,-0.40410752038659015,-0.37723281864971236,-0.4217522658610272,-0.37812594154865925,-0.4243520192887282,-0.40111411314694345,0.020365001234972948,5,0.6280948547480295,-1.5577355028261872,1.1188486681294643,-1.4643173089122477,0.30273218855921796,-0.1944754200603446,1.106312243413477,87,-13.198516473032782,-11.42282230316605,-13.709461484490808,-11.564813925002774,-12.08233249120139,-12.395589335378762,0.9061506877404959,10,10.16439462344486,14.386003387747673,0.40111411314694345,12.395589335378762,-0.1944754200603446,n500__poisson__boostrap_true__samples_0.7
30.562489700317382,1.4153538175726352,4.770380115509033,0.24530914832368025,True,poisson,22,1.0,0.7,2,2,500,"{'bootstrap': True, 'criterion': 'poisson', 'max_depth': 22, 'max_features': 1.0, 'max_samples': 0.7, 'min_samples_leaf': 2, 'min_samples_split': 2, 'n_estimators': 500}",-9.929198658218032,-10.110634672993148,-10.42104556969367,-10.081306198100059,-9.952467504627982,-10.09893052072658,0.17576463178621102,5,-14.145115620823791,-14.589439891985348,-14.969894571492798,-13.94505722985257,-14.122214242564237,-14.354344311343748,0.37399170676650506,10,-0.40471156750226517,-0.3799576142900394,-0.42114803625377645,-0.3799337149743899,-0.4255575647980711,-0.4022616995637084,0.01950078982616095,21,0.7707032666497327,-1.4628707585512977,1.2621172314626063,-1.2778706681060579,0.46066281394948294,-0.04945162291910672,1.1099414980005806,54,-13.219169878073574,-11.379906059522483,-13.870612938245078,-11.585488708981005,-12.234690650509926,-12.457973647066412,0.9537593465996754,35,10.09893052072658,14.354344311343748,0.4022616995637084,12.457973647066412,-0.04945162291910672,n500__poisson__boostrap_true__samples_0.7
33.75555658340454,0.25725410315770997,2.27173490524292,0.09131708464986306,True,poisson,22,1.0,0.7,2,4,500,"{'bootstrap': True, 'criterion': 'poisson', 'max_depth': 22, 'max_features': 1.0, 'max_samples': 0.7, 'min_samples_leaf': 2, 'min_samples_split': 4, 'n_estimators': 500}",-9.929198658218032,-10.110634672993148,-10.42104556969367,-10.08130619810006,-9.952467504627982,-10.09893052072658,0.175764631786211,5,-14.145115620823791,-14.589439891985348,-14.969894571492796,-13.94505722985257,-14.122214242564237,-14.354344311343748,0.37399170676650445,10,-0.40471156750226517,-0.3799576142900394,-0.42114803625377645,-0.3799337149743899,-0.4255575647980711,-0.4022616995637084,0.01950078982616095,21,0.770703266649732,-1.4628707585512977,1.2621172314626072,-1.2778706681060574,0.46066281394948294,-0.04945162291910658,1.1099414980005804,53,-13.219169878073572,-11.379906059522481,-13.870612938245078,-11.585488708981005,-12.234690650509926,-12.457973647066412,0.9537593465996754,35,10.09893052072658,14.354344311343748,0.4022616995637084,12.457973647066412,-0.04945162291910658,n500__poisson__boostrap_true__samples_0.7
30.205687713623046,1.8676785447230972,2.1336593627929688,0.016881831500570706,True,poisson,22,1.0,0.7,2,8,500,"{'bootstrap': True, 'criterion': 'poisson', 'max_depth': 22, 'max_features': 1.0, 'max_samples': 0.7, 'min_samples_leaf': 2, 'min_samples_split': 8, 'n_estimators': 500}",-9.95233052800562,-10.15283196795406,-10.441532104391824,-10.144382177252766,-9.989109183818167,-10.136037192284487,0.17263535139694247,25,-14.127108413496913,-14.621603773865852,-14.979160070711517,-14.009010867434462,-14.160913933434971,-14.379559411788742,0.36522595714437034,41,-0.40380549682875266,-0.3796548592188919,-0.4214501510574018,-0.3796324194034348,-0.4243520192887282,-0.4017789891594418,0.019393559294524666,10,0.7625215317220022,-1.491909083151934,1.245332738921372,-1.357523024581953,0.40213548705989605,-0.08788847000612333,1.1246372949340837,70,-13.267342995421897,-11.406311119817156,-13.865061875041818,-11.572851399886678,-12.243661156950782,-12.471045709423667,0.9559798048479209,50,10.136037192284487,14.379559411788742,0.4017789891594418,12.471045709423667,-0.08788847000612333,n500__poisson__boostrap_true__samples_0.7
26.361346197128295,0.5091845488632126,3.95959677696228,1.0585727117947263,True,poisson,22,1.0,0.7,3,2,500,"{'bootstrap': True, 'criterion': 'poisson', 'max_depth': 22, 'max_features': 1.0, 'max_samples': 0.7, 'min_samples_leaf': 3, 'min_samples_split': 2, 'n_estimators': 500}",-9.932313292345578,-10.14109746238757,-10.426841392517478,-10.095326690752014,-9.930588891796003,-10.10523354595973,0.18177906512418432,11,-14.14406006781609,-14.617846751359746,-15.005852567911539,-13.997304148394518,-14.077780332291168,-14.36856877355461,0.3849856213389415,24,-0.4098459679855029,-0.3823796548592189,-0.42114803625377645,-0.3811388972582103,-0.42616033755274263,-0.40413457878189024,0.019022564679003394,59,0.8811988555331074,-1.4506318563198795,1.2914674531543064,-1.2447879744451733,0.5140017756397937,-0.001750349287569053,1.1280436158403473,22,-13.192166072817361,-11.36366108346856,-13.912339411468297,-11.61064743060174,-12.254296971199425,-12.466622193911075,0.9602926845634496,43,10.10523354595973,14.36856877355461,0.40413457878189024,12.466622193911075,-0.001750349287569053,n500__poisson__boostrap_true__samples_0.7
29.755228757858276,1.437417050562296,2.485262393951416,1.1937622262567484,True,poisson,22,1.0,0.7,3,4,500,"{'bootstrap': True, 'criterion': 'poisson', 'max_depth': 22, 'max_features': 1.0, 'max_samples': 0.7, 'min_samples_leaf': 3, 'min_samples_split': 4, 'n_estimators': 500}",-9.932313292345578,-10.14109746238757,-10.42684139251748,-10.095326690752014,-9.930588891796003,-10.10523354595973,0.18177906512418496,11,-14.144060067816092,-14.617846751359746,-15.005852567911539,-13.997304148394518,-14.077780332291168,-14.368568773554614,0.38498562133894126,25,-0.4098459679855029,-0.3823796548592189,-0.42114803625377645,-0.3811388972582103,-0.42616033755274263,-0.40413457878189024,0.019022564679003394,59,0.8811988555331075,-1.4506318563198797,1.2914674531543062,-1.2447879744451733,0.5140017756397939,-0.0017503492875690751,1.1280436158403473,23,-13.192166072817361,-11.36366108346856,-13.912339411468297,-11.61064743060174,-12.254296971199425,-12.466622193911075,0.9602926845634496,43,10.10523354595973,14.368568773554614,0.40413457878189024,12.466622193911075,-0.0017503492875690751,n500__poisson__boostrap_true__samples_0.7
29.96291117668152,0.3306654623358248,1.6422491550445557,0.21408979481766796,True,poisson,22,1.0,0.7,3,8,500,"{'bootstrap': True, 'criterion': 'poisson', 'max_depth': 22, 'max_features': 1.0, 'max_samples': 0.7, 'min_samples_leaf': 3, 'min_samples_split': 8, 'n_estimators': 500}",-9.96499325494019,-10.159235126640326,-10.450395712041118,-10.12145831722524,-9.958505877526571,-10.130917657674688,0.17900520369461922,22,-14.178601352109078,-14.63479266792056,-15.008852640882639,-14.026829241213651,-14.142745318306533,-14.398364244086494,0.3688548507167257,61,-0.40924192086982786,-0.37783832879200724,-0.4229607250755287,-0.38053630611630007,-0.4282700421940928,-0.4037694646095513,0.021027287110467734,49,0.8276577891922251,-1.4674661786979402,1.3106687551717544,-1.2888718502167316,0.5014350635708178,-0.023315284195974884,1.1372103362430406,41,-13.18615040853226,-11.501968283274719,-13.903258352312358,-11.605445163895977,-12.211852231724539,-12.48173488794797,0.9292570272664986,55,10.130917657674688,14.398364244086494,0.4037694646095513,12.48173488794797,-0.023315284195974884,n500__poisson__boostrap_true__samples_0.7
25.855737972259522,2.489255637006687,3.026458501815796,1.8783291452695345,True,poisson,22,1.0,0.7,4,2,500,"{'bootstrap': True, 'criterion': 'poisson', 'max_depth': 22, 'max_features': 1.0, 'max_samples': 0.7, 'min_samples_leaf': 4, 'min_samples_split': 2, 'n_estimators': 500}",-9.969265849017447,-10.183385144365515,-10.487719992107031,-10.11865475823658,-9.97993289462002,-10.147791727669318,0.1885285954143636,36,-14.181686095849683,-14.657317485463874,-15.031974362123224,-13.997191743261212,-14.17369190766627,-14.408372318872853,0.3811519930914675,67,-0.41014799154334036,-0.3802603693611868,-0.4226586102719033,-0.3796324194034348,-0.4282700421940928,-0.4041938865547916,0.02065012141569895,61,0.879450627759012,-1.4520116139447528,1.3409038276206586,-1.26279661421398,0.541530097542925,0.009415264952772584,1.1460594319640134,8,-13.225368282255841,-11.480782950230806,-13.993118242780078,-11.663727452385324,-12.283678468682849,-12.52933507926698,0.9524923801052706,80,10.147791727669318,14.408372318872853,0.4041938865547916,12.52933507926698,0.009415264952772584,n500__poisson__boostrap_true__samples_0.7
27.37527232170105,1.988249879415133,3.618859338760376,1.244196352542222,True,poisson,22,1.0,0.7,4,4,500,"{'bootstrap': True, 'criterion': 'poisson', 'max_depth': 22, 'max_features': 1.0, 'max_samples': 0.7, 'min_samples_leaf': 4, 'min_samples_split': 4, 'n_estimators': 500}",-9.969265849017447,-10.183385144365515,-10.487719992107031,-10.11865475823658,-9.97993289462002,-10.147791727669318,0.1885285954143636,36,-14.181686095849683,-14.657317485463874,-15.031974362123224,-13.997191743261212,-14.17369190766627,-14.408372318872853,0.3811519930914675,67,-0.41014799154334036,-0.3802603693611868,-0.4226586102719033,-0.3796324194034348,-0.4282700421940928,-0.4041938865547916,0.02065012141569895,61,0.8794506277590112,-1.4520116139447534,1.340903827620659,-1.2627966142139793,0.5415300975429245,0.009415264952772406,1.1460594319640134,9,-13.225368282255838,-11.480782950230802,-13.993118242780078,-11.663727452385324,-12.283678468682847,-12.529335079266977,0.9524923801052709,78,10.147791727669318,14.408372318872853,0.4041938865547916,12.529335079266977,0.009415264952772406,n500__poisson__boostrap_true__samples_0.7
28.97992844581604,0.20573628915292141,2.6142810821533202,0.1276499973990779,True,poisson,22,1.0,0.7,4,8,500,"{'bootstrap': True, 'criterion': 'poisson', 'max_depth': 22, 'max_features': 1.0, 'max_samples': 0.7, 'min_samples_leaf': 4, 'min_samples_split': 8, 'n_estimators': 500}",-9.969265849017445,-10.183385144365515,-10.487719992107031,-10.11865475823658,-9.97993289462002,-10.147791727669318,0.18852859541436395,36,-14.181686095849683,-14.657317485463874,-15.031974362123224,-13.997191743261212,-14.17369190766627,-14.408372318872853,0.3811519930914675,67,-0.41014799154334036,-0.3802603693611868,-0.4226586102719033,-0.3796324194034348,-0.4282700421940928,-0.4041938865547916,0.02065012141569895,61,0.8794506277590122,-1.4520116139447528,1.3409038276206586,-1.2627966142139795,0.5415300975429245,0.009415264952772607,1.1460594319640134,7,-13.225368282255836,-11.480782950230804,-13.993118242780078,-11.663727452385322,-12.283678468682847,-12.529335079266977,0.9524923801052706,78,10.147791727669318,14.408372318872853,0.4041938865547916,12.529335079266977,0.009415264952772607,n500__poisson__boostrap_true__samples_0.7
37.10804276466369,1.5883289009656745,5.54508490562439,0.9710050310863589,True,poisson,24,0.875,0.7,1,2,500,"{'bootstrap': True, 'criterion': 'poisson', 'max_depth': 24, 'max_features': 0.875, 'max_samples': 0.7, 'min_samples_leaf': 1, 'min_samples_split': 2, 'n_estimators': 500}",-10.034181867259157,-10.230757542841912,-10.502745474174848,-10.296139621623848,-10.034708538445896,-10.219706608869133,0.17590841006827895,85,-14.19077574375147,-14.572840531541807,-14.986037824759691,-14.093949263895075,-14.095882456481839,-14.387897164085976,0.3471342999346374,54,-0.40471156750226517,-0.37844383893430217,-0.41933534743202416,-0.3796324194034348,-0.42706449668474983,-0.40183753399135524,0.019955777473429977,11,0.6625248212374424,-1.6020761266317114,1.1380464294610804,-1.4565772559549146,0.3165318773520059,-0.18831005090721947,1.126520579969121,85,-13.21522233045233,-11.40021388709692,-13.880050864926124,-11.642264877640951,-12.119059879893241,-12.451362368001913,0.9481149386966551,31,10.219706608869133,14.387897164085976,0.40183753399135524,12.451362368001913,-0.18831005090721947,n500__poisson__boostrap_true__samples_0.7
34.97176060676575,0.569088561610727,3.2346176624298097,1.0048232516175855,True,poisson,24,0.875,0.7,1,4,500,"{'bootstrap': True, 'criterion': 'poisson', 'max_depth': 24, 'max_features': 0.875, 'max_samples': 0.7, 'min_samples_leaf': 1, 'min_samples_split': 4, 'n_estimators': 500}",-10.06133617480864,-10.249711666258467,-10.525865882834452,-10.25175525030239,-10.033527354478588,-10.224439265736507,0.17623441143342744,87,-14.225718187656927,-14.613779016062324,-15.015268182522007,-14.08523628552463,-14.122305236665724,-14.412461381686322,0.3549773800151345,74,-0.4028994261552401,-0.3796548592188919,-0.4202416918429003,-0.3754142814100633,-0.4273658830620856,-0.40111522833783625,0.020876723675996064,6,0.6361962645899822,-1.6149161642738425,1.1615563182798814,-1.5328336696342446,0.2840872841895401,-0.2131819933697367,1.1458590504563988,94,-13.275685872132248,-11.371901731680705,-13.905595789248178,-11.612399970400311,-12.071172556805658,-12.44735118405342,0.980597888784373,26,10.224439265736507,14.412461381686322,0.40111522833783625,12.44735118405342,-0.2131819933697367,n500__poisson__boostrap_true__samples_0.7
32.73093237876892,0.4041766192427853,2.9668282985687258,0.17982375660289654,True,poisson,24,0.875,0.7,1,8,500,"{'bootstrap': True, 'criterion': 'poisson', 'max_depth': 24, 'max_features': 0.875, 'max_samples': 0.7, 'min_samples_leaf': 1, 'min_samples_split': 8, 'n_estimators': 500}",-10.080857732452484,-10.282431202576515,-10.542061057378433,-10.26490261106452,-10.036509418313047,-10.241352404356999,0.17910162620268544,96,-14.21969005372738,-14.617113960499662,-15.026163740385366,-14.084041107354025,-14.137240527431564,-14.4168498778796,0.35754276630517984,78,-0.40622168529145275,-0.37844383893430217,-0.4217522658610272,-0.3799337149743899,-0.4252561784207354,-0.40232153669638143,0.019950544843842295,25,0.6614410346356877,-1.6939552299654945,1.14301744340231,-1.510599004695213,0.296558210379075,-0.220707509248727,1.1610146029473407,95,-13.222212348635296,-11.347094455013677,-13.853012119478606,-11.520830162386886,-12.149226928419727,-12.418475202786839,0.9726260867847855,17,10.241352404356999,14.4168498778796,0.40232153669638143,12.418475202786839,-0.220707509248727,n500__poisson__boostrap_true__samples_0.7
29.56272735595703,1.8116164040179934,7.557691812515259,2.6366497533653313,True,poisson,24,0.875,0.7,2,2,500,"{'bootstrap': True, 'criterion': 'poisson', 'max_depth': 24, 'max_features': 0.875, 'max_samples': 0.7, 'min_samples_leaf': 2, 'min_samples_split': 2, 'n_estimators': 500}",-9.976798331390382,-10.147382844811675,-10.460814647121978,-10.185497417898238,-10.005235568213724,-10.155145761887201,0.1724504714037293,49,-14.171378438291189,-14.522956434883636,-14.983330556500922,-14.024617444100434,-14.127372891127155,-14.365931152980668,0.3513103509961152,19,-0.40682573240712777,-0.37753557372085983,-0.4226586102719033,-0.3820427839710756,-0.4273658830620856,-0.4032857166866104,0.020406014716021808,38,0.7672816257604818,-1.5161678037552533,1.2941413245974847,-1.350991146045252,0.4546958444996564,-0.07020803098857649,1.1462606352855413,63,-13.204769390544358,-11.43099570192837,-13.905970073763909,-11.56219491966879,-12.237677160572282,-12.468321449295543,0.9549341254107894,46,10.155145761887201,14.365931152980668,0.4032857166866104,12.468321449295543,-0.07020803098857649,n500__poisson__boostrap_true__samples_0.7
31.733672094345092,0.30150067718649703,2.6768679141998293,0.316465025498286,True,poisson,24,0.875,0.7,2,4,500,"{'bootstrap': True, 'criterion': 'poisson', 'max_depth': 24, 'max_features': 0.875, 'max_samples': 0.7, 'min_samples_leaf': 2, 'min_samples_split': 4, 'n_estimators': 500}",-9.976798331390382,-10.147382844811675,-10.460814647121978,-10.185497417898237,-10.00523556821372,-10.155145761887198,0.17245047140372985,48,-14.171378438291189,-14.522956434883636,-14.983330556500922,-14.024617444100434,-14.127372891127155,-14.365931152980668,0.3513103509961152,19,-0.40682573240712777,-0.37753557372085983,-0.4226586102719033,-0.3820427839710756,-0.4273658830620856,-0.4032857166866104,0.020406014716021808,38,0.7672816257604821,-1.5161678037552533,1.2941413245974847,-1.350991146045253,0.4546958444996564,-0.07020803098857664,1.1462606352855413,64,-13.204769390544362,-11.430995701928373,-13.90597007376391,-11.562194919668793,-12.23767716057228,-12.468321449295544,0.9549341254107898,47,10.155145761887198,14.365931152980668,0.4032857166866104,12.468321449295544,-0.07020803098857664,n500__poisson__boostrap_true__samples_0.7
30.304732847213746,0.5760945555875425,2.94899845123291,0.45838755477061854,True,poisson,24,0.875,0.7,2,8,500,"{'bootstrap': True, 'criterion': 'poisson', 'max_depth': 24, 'max_features': 0.875, 'max_samples': 0.7, 'min_samples_leaf': 2, 'min_samples_split': 8, 'n_estimators': 500}",-10.043432740955893,-10.236231703320858,-10.495151052826206,-10.197714868115446,-10.024144336043326,-10.199334940252346,0.16962807065197982,67,-14.232915439390034,-14.585383727185246,-15.023050991279511,-14.03869152074879,-14.13210730903035,-14.402429797526787,0.3613191680238893,64,-0.4104500151011779,-0.37783832879200724,-0.4229607250755287,-0.380235010545345,-0.42857142857142855,-0.4040111016170974,0.02123239995940869,54,0.8057466158862111,-1.569203036957488,1.2564158187665388,-1.3866745012195187,0.4321143688662432,-0.09232014693160273,1.1625128336772188,71,-13.216200460082488,-11.469229040464027,-13.892030837489994,-11.586308628259738,-12.198968489061167,-12.472547491071483,0.9417924840119014,51,10.199334940252346,14.402429797526787,0.4040111016170974,12.472547491071483,-0.09232014693160273,n500__poisson__boostrap_true__samples_0.7
25.66736969947815,3.950209183269609,3.7539318561553956,1.0633698458011194,True,poisson,24,0.875,0.7,3,2,500,"{'bootstrap': True, 'criterion': 'poisson', 'max_depth': 24, 'max_features': 0.875, 'max_samples': 0.7, 'min_samples_leaf': 3, 'min_samples_split': 2, 'n_estimators': 500}",-10.030656687504955,-10.214192383190756,-10.473134571703687,-10.171376609356491,-9.980539101358536,-10.173979870622885,0.17267207321835523,61,-14.251475667273654,-14.541693210041633,-15.009391130917216,-14.01089117612011,-14.122159507853716,-14.387122138441265,0.3581245071005118,52,-0.40924192086982786,-0.3814713896457766,-0.4232628398791541,-0.3811388972582103,-0.4267631103074141,-0.4043756315920766,0.019728946921116815,67,0.8657479623080685,-1.5361869475894174,1.337463016435167,-1.2792988377767178,0.5329815251194785,-0.015858656300684237,1.1676998355805102,35,-13.312913577686688,-11.374385695948897,-13.951847971712919,-11.665140760424215,-12.317747683140555,-12.524407137782655,0.9760047022705088,76,10.173979870622885,14.387122138441265,0.4043756315920766,12.524407137782655,-0.015858656300684237,n500__poisson__boostrap_true__samples_0.7
25.924216413497923,2.2152066662180854,2.96678204536438,0.9043379593924761,True,poisson,24,0.875,0.7,3,4,500,"{'bootstrap': True, 'criterion': 'poisson', 'max_depth': 24, 'max_features': 0.875, 'max_samples': 0.7, 'min_samples_leaf': 3, 'min_samples_split': 4, 'n_estimators': 500}",-10.030656687504955,-10.214192383190756,-10.473134571703687,-10.17137660935649,-9.980539101358536,-10.173979870622885,0.17267207321835523,61,-14.251475667273654,-14.541693210041633,-15.009391130917216,-14.01089117612011,-14.122159507853716,-14.387122138441265,0.3581245071005118,52,-0.40924192086982786,-0.3814713896457766,-0.4232628398791541,-0.3811388972582103,-0.4267631103074141,-0.4043756315920766,0.019728946921116815,67,0.8657479623080685,-1.536186947589418,1.3374630164351669,-1.2792988377767183,0.5329815251194785,-0.015858656300684504,1.1676998355805102,36,-13.312913577686688,-11.374385695948897,-13.951847971712919,-11.665140760424215,-12.317747683140555,-12.524407137782655,0.9760047022705088,76,10.173979870622885,14.387122138441265,0.4043756315920766,12.524407137782655,-0.015858656300684504,n500__poisson__boostrap_true__samples_0.7
26.765984106063843,0.08639227727378167,2.2690585136413572,0.039128751176913334,True,poisson,24,0.875,0.7,3,8,500,"{'bootstrap': True, 'criterion': 'poisson', 'max_depth': 24, 'max_features': 0.875, 'max_samples': 0.7, 'min_samples_leaf': 3, 'min_samples_split': 8, 'n_estimators': 500}",-10.0325846985994,-10.209512884337734,-10.520620661595524,-10.210488527517857,-10.027248611772855,-10.200091076764675,0.17937056426428596,68,-14.238871854258715,-14.569812629495326,-15.05729506716354,-14.070767557796552,-14.173923548171304,-14.422134131377089,0.35885662262671786,82,-0.41014799154334036,-0.3781410838631547,-0.42114803625377645,-0.3850557396806267,-0.43007836045810727,-0.40491424235980106,0.020175842876663647,76,0.8678552487502927,-1.5957756689570235,1.3026230471047224,-1.3040627051580613,0.5043478346553987,-0.045002448720934195,1.1782461284993393,50,-13.288422925506199,-11.389581273980177,-14.036921332782576,-11.565112403917121,-12.24381114549718,-12.504769816336651,1.0155098650887715,66,10.200091076764675,14.422134131377089,0.40491424235980106,12.504769816336651,-0.045002448720934195,n500__poisson__boostrap_true__samples_0.7
24.709563207626342,1.9660139899340556,2.4411325454711914,0.22952814664323223,True,poisson,24,0.875,0.7,4,2,500,"{'bootstrap': True, 'criterion': 'poisson', 'max_depth': 24, 'max_features': 0.875, 'max_samples': 0.7, 'min_samples_leaf': 4, 'min_samples_split': 2, 'n_estimators': 500}",-10.078222008728096,-10.261124179817621,-10.539491263712092,-10.190483375922119,-10.024517576741315,-10.21876768098425,0.18052361641202366,84,-14.308670553343783,-14.602195138746366,-15.08023263952769,-14.051905289764509,-14.156655518907092,-14.439931828057885,0.3699605641551771,85,-0.40954394442766534,-0.3823796548592189,-0.42386706948640485,-0.3820427839710756,-0.43007836045810727,-0.4055823626404944,0.020211659783871502,91,0.8958524790163633,-1.5285108101640712,1.3772526995335317,-1.2921494765756547,0.5693840894789977,0.004365796257833354,1.185704446276755,16,-13.397920585885661,-11.41877353917881,-14.057171246736639,-11.645729578837111,-12.316245875444633,-12.567168165216572,1.0140098666652735,88,10.21876768098425,14.439931828057885,0.4055823626404944,12.567168165216572,0.004365796257833354,n500__poisson__boostrap_true__samples_0.7
24.952424478530883,3.127169963312568,3.795139265060425,0.26778940914375177,True,poisson,24,0.875,0.7,4,4,500,"{'bootstrap': True, 'criterion': 'poisson', 'max_depth': 24, 'max_features': 0.875, 'max_samples': 0.7, 'min_samples_leaf': 4, 'min_samples_split': 4, 'n_estimators': 500}",-10.078222008728098,-10.261124179817621,-10.539491263712092,-10.190483375922119,-10.02451757674131,-10.218767680984248,0.18052361641202452,82,-14.308670553343783,-14.602195138746367,-15.080232639527692,-14.051905289764509,-14.156655518907092,-14.439931828057889,0.36996056415517786,87,-0.40954394442766534,-0.3823796548592189,-0.42386706948640485,-0.3820427839710756,-0.43007836045810727,-0.4055823626404944,0.020211659783871502,91,0.8958524790163634,-1.528510810164071,1.377252699533532,-1.2921494765756543,0.5693840894789965,0.004365796257833332,1.1857044462767548,17,-13.397920585885661,-11.418773539178808,-14.057171246736639,-11.645729578837111,-12.316245875444634,-12.567168165216572,1.014009866665274,88,10.218767680984248,14.439931828057889,0.4055823626404944,12.567168165216572,0.004365796257833332,n500__poisson__boostrap_true__samples_0.7
27.34475884437561,0.3594868310399736,3.5613965511322023,0.15762830464819483,True,poisson,24,0.875,0.7,4,8,500,"{'bootstrap': True, 'criterion': 'poisson', 'max_depth': 24, 'max_features': 0.875, 'max_samples': 0.7, 'min_samples_leaf': 4, 'min_samples_split': 8, 'n_estimators': 500}",-10.0782220087281,-10.26112417981762,-10.539491263712092,-10.190483375922119,-10.02451757674131,-10.218767680984248,0.18052361641202416,82,-14.308670553343783,-14.602195138746366,-15.08023263952769,-14.051905289764509,-14.156655518907092,-14.439931828057885,0.3699605641551771,85,-0.40954394442766534,-0.3823796548592189,-0.42386706948640485,-0.3820427839710756,-0.43007836045810727,-0.4055823626404944,0.020211659783871502,91,0.8958524790163638,-1.528510810164071,1.3772526995335315,-1.2921494765756543,0.5693840894789962,0.004365796257833243,1.1857044462767545,18,-13.397920585885661,-11.41877353917881,-14.057171246736639,-11.64572957883711,-12.316245875444633,-12.567168165216572,1.014009866665274,88,10.218767680984248,14.439931828057885,0.4055823626404944,12.567168165216572,0.004365796257833243,n500__poisson__boostrap_true__samples_0.7
45.87945637702942,2.5250344154523585,6.354384469985962,0.6504719474325054,True,poisson,24,1.0,0.7,1,2,500,"{'bootstrap': True, 'criterion': 'poisson', 'max_depth': 24, 'max_features': 1.0, 'max_samples': 0.7, 'min_samples_leaf': 1, 'min_samples_split': 2, 'n_estimators': 500}",-9.986671424084694,-10.144254521224003,-10.458036489514612,-10.184628322369093,-9.999648445120242,-10.154647840462529,0.1704654872808019,47,-14.13227999391352,-14.590145632756492,-14.958019385949472,-14.019162357361633,-14.129813281711076,-14.36588413033844,0.3553684590356888,18,-0.40410752038659015,-0.3796548592188919,-0.4202416918429003,-0.3799337149743899,-0.4252561784207354,-0.4018387929687014,0.019308791319151024,12,0.6117252943431595,-1.5432654324111579,1.122677844413319,-1.418658362428598,0.3026951137643759,-0.1849651084637803,1.090819599878118,84,-13.113337643764805,-11.327379170792993,-13.778635674083915,-11.536183305726608,-12.113102738617703,-12.373727706597204,0.9364871074401743,3,10.154647840462529,14.36588413033844,0.4018387929687014,12.373727706597204,-0.1849651084637803,n500__poisson__boostrap_true__samples_0.7
43.41664304733276,4.727253044305704,5.13902177810669,0.3748547914013176,True,poisson,24,1.0,0.7,1,4,500,"{'bootstrap': True, 'criterion': 'poisson', 'max_depth': 24, 'max_features': 1.0, 'max_samples': 0.7, 'min_samples_leaf': 1, 'min_samples_split': 4, 'n_estimators': 500}",-9.981964288511058,-10.182645105763289,-10.420049075527544,-10.170653534379595,-9.986962391311533,-10.148454879098603,0.1607632419400626,39,-14.141250854833409,-14.631454451211974,-14.946757532172612,-14.004013601315616,-14.105606942851344,-14.36581667647699,0.36251788482852215,17,-0.40320144971307764,-0.3760217983651226,-0.4202416918429003,-0.37782464597770415,-0.42616033755274263,-0.4006899846903094,0.02082622728721848,1,0.6402239056024135,-1.5309098326139283,1.1249478354417346,-1.4522723978929526,0.3165676897590269,-0.1802885599407412,1.1014417454425305,81,-13.172309030228355,-11.504300163934113,-13.73613938724238,-11.537602468899188,-12.088795194127337,-12.407829248886275,0.8971375974506435,14,10.148454879098603,14.36581667647699,0.4006899846903094,12.407829248886275,-0.1802885599407412,n500__poisson__boostrap_true__samples_0.7
35.19461679458618,0.29471982617437176,3.898764419555664,0.3527100778064991,True,poisson,24,1.0,0.7,1,8,500,"{'bootstrap': True, 'criterion': 'poisson', 'max_depth': 24, 'max_features': 1.0, 'max_samples': 0.7, 'min_samples_leaf': 1, 'min_samples_split': 8, 'n_estimators': 500}",-10.001149136502109,-10.167703625824572,-10.44845717745547,-10.22405654825317,-9.992809785996842,-10.166835254806433,0.1675247393083394,56,-14.131026948630108,-14.580184522982556,-14.970645782779659,-14.081058479813706,-14.1297878086112,-14.378540708563445,0.3472421028098346,38,-0.4053156146179402,-0.3760217983651226,-0.4202416918429003,-0.37902982826152454,-0.4255575647980711,-0.4012332995771118,0.02048544889909162,7,0.6123905570592247,-1.5546604452989097,1.1044001204202663,-1.4748996353012909,0.2578775511540247,-0.21097837039333694,1.0982678473185443,91,-13.092932162958862,-11.452850895843905,-13.745491608903192,-11.541515021497332,-12.043831651794115,-12.375324268199481,0.899822423534157,5,10.166835254806433,14.378540708563445,0.4012332995771118,12.375324268199481,-0.21097837039333694,n500__poisson__boostrap_true__samples_0.7
33.65042700767517,1.671928779327964,5.947924041748047,0.34753174976951523,True,poisson,24,1.0,0.7,2,2,500,"{'bootstrap': True, 'criterion': 'poisson', 'max_depth': 24, 'max_features': 1.0, 'max_samples': 0.7, 'min_samples_leaf': 2, 'min_samples_split': 2, 'n_estimators': 500}",-9.907546055625696,-10.127138884718148,-10.390255860202084,-10.085819769294314,-9.936102412950962,-10.08937259655824,0.1723498149778049,1,-14.0997425424178,-14.60971963270161,-14.933894069270062,-13.961236078745342,-14.111333089548667,-14.343185082536698,0.36847861048599334,1,-0.4053156146179402,-0.38116863457462913,-0.4217522658610272,-0.3757155769810184,-0.4267631103074141,-0.40214304046840577,0.020683671410485407,15,0.7891216023864003,-1.4369294099902228,1.2768274469677883,-1.3062400022910008,0.4189968934981417,-0.05164469388577867,1.1123176551949103,56,-13.195479365006728,-11.399428870145487,-13.83167827605024,-11.683811245663192,-12.132139653530412,-12.448507482079213,0.9226638943976322,30,10.08937259655824,14.343185082536698,0.40214304046840577,12.448507482079213,-0.05164469388577867,n500__poisson__boostrap_true__samples_0.7
36.791910886764526,1.1650259762916562,4.501111745834351,0.39478788249449165,True,poisson,24,1.0,0.7,2,4,500,"{'bootstrap': True, 'criterion': 'poisson', 'max_depth': 24, 'max_features': 1.0, 'max_samples': 0.7, 'min_samples_leaf': 2, 'min_samples_split': 4, 'n_estimators': 500}",-9.907546055625696,-10.127138884718148,-10.390255860202084,-10.085819769294314,-9.936102412950962,-10.08937259655824,0.1723498149778049,1,-14.099742542417799,-14.60971963270161,-14.933894069270062,-13.961236078745342,-14.111333089548667,-14.343185082536698,0.36847861048599356,1,-0.4053156146179402,-0.38116863457462913,-0.4217522658610272,-0.3757155769810184,-0.4267631103074141,-0.40214304046840577,0.020683671410485407,15,0.7891216023863998,-1.4369294099902221,1.2768274469677883,-1.3062400022910008,0.4189968934981425,-0.051644693885778456,1.1123176551949103,55,-13.195479365006724,-11.399428870145488,-13.83167827605024,-11.68381124566319,-12.132139653530414,-12.448507482079211,0.9226638943976314,29,10.08937259655824,14.343185082536698,0.40214304046840577,12.448507482079211,-0.051644693885778456,n500__poisson__boostrap_true__samples_0.7
35.44989991188049,0.7086348870566752,3.668143796920776,0.08921813886341873,True,poisson,24,1.0,0.7,2,8,500,"{'bootstrap': True, 'criterion': 'poisson', 'max_depth': 24, 'max_features': 1.0, 'max_samples': 0.7, 'min_samples_leaf': 2, 'min_samples_split': 8, 'n_estimators': 500}",-9.95743645589481,-10.163798539544665,-10.428897910609814,-10.11905923734113,-9.979421017823285,-10.129722632242741,0.16914716934845722,21,-14.128119256773662,-14.61178188731311,-14.975568632471303,-13.996558462318164,-14.13875681022139,-14.370157009819525,0.3678613910793908,30,-0.4053156146179402,-0.3787465940054496,-0.4229607250755287,-0.3799337149743899,-0.42857142857142855,-0.4031056154489473,0.02087063012890233,35,0.7943077269571525,-1.498040403783245,1.2491623521164958,-1.3520127923064258,0.4173929450156632,-0.07783803440007188,1.1320174964662741,65,-13.263422127206722,-11.440047610879287,-13.805135524865749,-11.537599980598802,-12.12961628997877,-12.435164306705866,0.9436175818779554,23,10.129722632242741,14.370157009819525,0.4031056154489473,12.435164306705866,-0.07783803440007188,n500__poisson__boostrap_true__samples_0.7
30.54402275085449,2.4197831960355725,4.738535165786743,0.7744817945151836,True,poisson,24,1.0,0.7,3,2,500,"{'bootstrap': True, 'criterion': 'poisson', 'max_depth': 24, 'max_features': 1.0, 'max_samples': 0.7, 'min_samples_leaf': 3, 'min_samples_split': 2, 'n_estimators': 500}",-9.930111216223116,-10.131157007521802,-10.414824975850637,-10.115032387424703,-9.925268690647075,-10.103278855533466,0.17869021912913086,9,-14.125218932552775,-14.598754111105393,-15.002755795071655,-14.015945656940413,-14.084884460347462,-14.365511791203541,0.37925472685905814,16,-0.4089398973119903,-0.3823796548592189,-0.42084592145015104,-0.3820427839710756,-0.4246534056660639,-0.4037723326517,0.018352385775177088,50,0.861508757464114,-1.422387016183444,1.317682881348328,-1.2569025649755425,0.48397665549038643,-0.0032242573712316313,1.1238910819573944,26,-13.19462840948243,-11.387595915039824,-13.939196341467545,-11.593112334664339,-12.256166095984419,-12.474139819327712,0.9664154438287057,53,10.103278855533466,14.365511791203541,0.4037723326517,12.474139819327712,-0.0032242573712316313,n500__poisson__boostrap_true__samples_0.7
28.780196571350096,0.3954725355459928,4.56546721458435,0.3418173584061515,True,poisson,24,1.0,0.7,3,4,500,"{'bootstrap': True, 'criterion': 'poisson', 'max_depth': 24, 'max_features': 1.0, 'max_samples': 0.7, 'min_samples_leaf': 3, 'min_samples_split': 4, 'n_estimators': 500}",-9.930111216223116,-10.131157007521805,-10.414824975850639,-10.115032387424703,-9.925268690647075,-10.103278855533468,0.1786902191291316,10,-14.125218932552775,-14.598754111105393,-15.002755795071655,-14.015945656940413,-14.08488446034746,-14.36551179120354,0.3792547268590585,15,-0.4089398973119903,-0.3823796548592189,-0.42084592145015104,-0.3820427839710756,-0.4246534056660639,-0.4037723326517,0.018352385775177088,50,0.861508757464114,-1.4223870161834444,1.317682881348328,-1.2569025649755428,0.4839766554903859,-0.0032242573712318754,1.1238910819573946,27,-13.19462840948243,-11.387595915039824,-13.939196341467541,-11.593112334664339,-12.256166095984419,-12.47413981932771,0.9664154438287045,52,10.103278855533468,14.36551179120354,0.4037723326517,12.47413981932771,-0.0032242573712318754,n500__poisson__boostrap_true__samples_0.7
28.815718269348146,0.15063023704367118,3.302184581756592,0.12456670138949011,True,poisson,24,1.0,0.7,3,8,500,"{'bootstrap': True, 'criterion': 'poisson', 'max_depth': 24, 'max_features': 1.0, 'max_samples': 0.7, 'min_samples_leaf': 3, 'min_samples_split': 8, 'n_estimators': 500}",-9.973690311493996,-10.153558995396729,-10.434858832624759,-10.09880488263261,-9.955634157270078,-10.123309435883634,0.17267276393906644,18,-14.186281004736601,-14.616032378684693,-14.978489712415422,-13.996380936363261,-14.130347864176914,-14.381506379275379,0.36356751719438873,45,-0.40863787375415284,-0.37844383893430217,-0.4241691842900302,-0.3793311238324797,-0.42616033755274263,-0.40334847167274146,0.020875511022796046,41,0.813046024733729,-1.4903316064169734,1.290776580613229,-1.2717684048605564,0.5047181360474953,-0.03071185397661531,1.132753768394854,44,-13.198405029286768,-11.445856026320051,-13.82188504908039,-11.635001616253156,-12.272789571862699,-12.474787458560613,0.9102788151408217,54,10.123309435883634,14.381506379275379,0.40334847167274146,12.474787458560613,-0.03071185397661531,n500__poisson__boostrap_true__samples_0.7
26.69611773490906,1.276452036791633,4.983293676376343,1.9559120587332806,True,poisson,24,1.0,0.7,4,2,500,"{'bootstrap': True, 'criterion': 'poisson', 'max_depth': 24, 'max_features': 1.0, 'max_samples': 0.7, 'min_samples_leaf': 4, 'min_samples_split': 2, 'n_estimators': 500}",-9.984114478810282,-10.181299165717753,-10.467762222247039,-10.15702164779004,-9.962167935331872,-10.150473089979396,0.1815486396461977,40,-14.213834618333271,-14.656344366121685,-15.010166987846551,-14.045359447284952,-14.160072129503044,-14.4171555098179,0.3618114104106887,79,-0.4089398973119903,-0.37783832879200724,-0.4241691842900302,-0.38234407954203076,-0.42857142857142855,-0.4043725837014974,0.020917320672700534,64,0.8935004695256873,-1.4533177895520872,1.3314639554689673,-1.2691742526589778,0.5289056193064557,0.006275600418009075,1.1466141001337498,13,-13.299772191263072,-11.54988881629615,-13.908631997236457,-11.622839048242712,-12.239585813744716,-12.524143573356621,0.9339061244015757,74,10.150473089979396,14.4171555098179,0.4043725837014974,12.524143573356621,0.006275600418009075,n500__poisson__boostrap_true__samples_0.7
26.75084071159363,1.4579555105718027,6.094249725341797,1.1792472684019952,True,poisson,24,1.0,0.7,4,4,500,"{'bootstrap': True, 'criterion': 'poisson', 'max_depth': 24, 'max_features': 1.0, 'max_samples': 0.7, 'min_samples_leaf': 4, 'min_samples_split': 4, 'n_estimators': 500}",-9.984114478810282,-10.181299165717753,-10.467762222247039,-10.15702164779004,-9.962167935331872,-10.150473089979396,0.1815486396461977,40,-14.213834618333273,-14.656344366121685,-15.010166987846551,-14.045359447284952,-14.160072129503044,-14.417155509817903,0.3618114104106885,81,-0.4089398973119903,-0.37783832879200724,-0.4241691842900302,-0.38234407954203076,-0.42857142857142855,-0.4043725837014974,0.020917320672700534,64,0.8935004695256871,-1.4533177895520872,1.3314639554689676,-1.2691742526589778,0.5289056193064557,0.006275600418009075,1.1466141001337498,13,-13.29977219126307,-11.54988881629615,-13.908631997236457,-11.622839048242712,-12.239585813744712,-12.52414357335662,0.9339061244015756,73,10.150473089979396,14.417155509817903,0.4043725837014974,12.52414357335662,0.006275600418009075,n500__poisson__boostrap_true__samples_0.7
27.589255237579344,0.1500095147496592,4.659080076217651,0.5273820175351709,True,poisson,24,1.0,0.7,4,8,500,"{'bootstrap': True, 'criterion': 'poisson', 'max_depth': 24, 'max_features': 1.0, 'max_samples': 0.7, 'min_samples_leaf': 4, 'min_samples_split': 8, 'n_estimators': 500}",-9.984114478810282,-10.181299165717753,-10.467762222247039,-10.15702164779004,-9.962167935331872,-10.150473089979396,0.1815486396461977,40,-14.213834618333271,-14.656344366121685,-15.010166987846555,-14.045359447284952,-14.160072129503043,-14.4171555098179,0.3618114104106901,79,-0.4089398973119903,-0.37783832879200724,-0.4241691842900302,-0.38234407954203076,-0.42857142857142855,-0.4043725837014974,0.020917320672700534,64,0.8935004695256878,-1.453317789552087,1.3314639554689671,-1.2691742526589784,0.5289056193064554,0.006275600418008986,1.14661410013375,15,-13.299772191263072,-11.54988881629615,-13.90863199723646,-11.622839048242712,-12.239585813744716,-12.524143573356621,0.9339061244015766,74,10.150473089979396,14.4171555098179,0.4043725837014974,12.524143573356621,0.006275600418008986,n500__poisson__boostrap_true__samples_0.7
39.14774112701416,1.4259971436561303,6.408593940734863,0.7937329506255048,True,poisson,26,0.875,0.7,1,2,500,"{'bootstrap': True, 'criterion': 'poisson', 'max_depth': 26, 'max_features': 0.875, 'max_samples': 0.7, 'min_samples_leaf': 1, 'min_samples_split': 2, 'n_estimators': 500}",-10.053871728875366,-10.210206134634436,-10.49963928296752,-10.258198159488785,-10.051959491045642,-10.214774959402352,0.16459213689358443,78,-14.210865853799536,-14.541460291373578,-14.995197206648893,-14.082138398457767,-14.142462496227605,-14.394424849301476,0.3397789299397108,57,-0.4050135910601027,-0.37844383893430217,-0.42507552870090637,-0.3811388972582103,-0.4273658830620856,-0.40340754780312144,0.020809431309334377,45,0.6675285306645932,-1.5979161339791208,1.181185840630137,-1.4865784423044361,0.3330972689466089,-0.1805365872084436,1.1447298598085704,82,-13.235852445688591,-11.378557548865803,-13.739705458105275,-11.507116933333934,-12.150076985068505,-12.402261874212423,0.9377079300268696,11,10.214774959402352,14.394424849301476,0.40340754780312144,12.402261874212423,-0.1805365872084436,n500__poisson__boostrap_true__samples_0.7
36.09351797103882,1.3204927048016295,4.177167320251465,0.5214847145732372,True,poisson,26,0.875,0.7,1,4,500,"{'bootstrap': True, 'criterion': 'poisson', 'max_depth': 26, 'max_features': 0.875, 'max_samples': 0.7, 'min_samples_leaf': 1, 'min_samples_split': 4, 'n_estimators': 500}",-10.055676331676718,-10.219950798932166,-10.505457849237118,-10.243883025140624,-10.017613885405154,-10.208516378078356,0.1728349643396934,76,-14.21011221924157,-14.54655957168466,-14.996264698098623,-14.064651690843691,-14.082938271538904,-14.380105290281488,0.35329203168687756,42,-0.40652370884929023,-0.37783832879200724,-0.42356495468277944,-0.37782464597770415,-0.4255575647980711,-0.4022618406199704,0.021016000411847854,23,0.6377534693350192,-1.6686844395359897,1.13721385101525,-1.4761660171830553,0.2493291624972539,-0.22411079477430434,1.1379451207527667,96,-13.15228308735136,-11.316038776075949,-13.743667377972658,-11.602891845857725,-12.06293096067287,-12.375562409586113,0.9265370762857332,6,10.208516378078356,14.380105290281488,0.4022618406199704,12.375562409586113,-0.22411079477430434,n500__poisson__boostrap_true__samples_0.7
30.96091799736023,0.36601652332194656,3.792536973953247,0.3748167413663115,True,poisson,26,0.875,0.7,1,8,500,"{'bootstrap': True, 'criterion': 'poisson', 'max_depth': 26, 'max_features': 0.875, 'max_samples': 0.7, 'min_samples_leaf': 1, 'min_samples_split': 8, 'n_estimators': 500}",-10.065843949562142,-10.250340456230994,-10.551928847932121,-10.280756872693464,-10.042609038040863,-10.238295832891918,0.1834920459958319,95,-14.197611557801153,-14.57730874335492,-15.02905357229227,-14.097142703064081,-14.125486791650804,-14.405320673632644,0.35638360367598765,66,-0.40622168529145275,-0.37693006357856496,-0.4214501510574018,-0.3808376016872552,-0.42616033755274263,-0.40231996783348345,0.020276537332434355,24,0.6612327568441704,-1.671952603961694,1.1462517016380893,-1.4896769151606315,0.2950101773007503,-0.2118269766678631,1.1513784962538187,93,-13.203476198851785,-11.379283163070482,-13.878486601819857,-11.541769928422259,-12.128790861564168,-12.426361350745712,0.9674707379077973,20,10.238295832891918,14.405320673632644,0.40231996783348345,12.426361350745712,-0.2118269766678631,n500__poisson__boostrap_true__samples_0.7
29.051236867904663,0.7227413031836791,4.900052547454834,0.3236958031862739,True,poisson,26,0.875,0.7,2,2,500,"{'bootstrap': True, 'criterion': 'poisson', 'max_depth': 26, 'max_features': 0.875, 'max_samples': 0.7, 'min_samples_leaf': 2, 'min_samples_split': 2, 'n_estimators': 500}",-9.994381486324599,-10.149337036274115,-10.445937039264964,-10.155721051869744,-9.991119083423767,-10.14729913943144,0.16555101653321344,34,-14.189132832813337,-14.511797057833023,-14.942890621463516,-13.990323702871011,-14.110887038048018,-14.349006250605779,0.3435441549559695,6,-0.40622168529145275,-0.37693006357856496,-0.4232628398791541,-0.38053630611630007,-0.42887281494876434,-0.4031647419628472,0.021328328194235163,36,0.7866212886342788,-1.5330375657382493,1.2641345821684609,-1.3099484622155237,0.468168096248495,-0.06481241218050768,1.1385215472422132,62,-13.269851370962396,-11.429573153084323,-13.83309674052271,-11.6227708729463,-12.19392651516253,-12.46984373053565,0.9353391474855212,48,10.14729913943144,14.349006250605779,0.4031647419628472,12.46984373053565,-0.06481241218050768,n500__poisson__boostrap_true__samples_0.7
29.623342084884644,0.43000482998990336,3.89058837890625,0.37696172061329597,True,poisson,26,0.875,0.7,2,4,500,"{'bootstrap': True, 'criterion': 'poisson', 'max_depth': 26, 'max_features': 0.875, 'max_samples': 0.7, 'min_samples_leaf': 2, 'min_samples_split': 4, 'n_estimators': 500}",-9.994381486324599,-10.149337036274115,-10.445937039264964,-10.155721051869744,-9.991119083423767,-10.14729913943144,0.16555101653321344,34,-14.189132832813337,-14.511797057833023,-14.942890621463516,-13.99032370287101,-14.110887038048018,-14.349006250605779,0.3435441549559699,6,-0.40622168529145275,-0.37693006357856496,-0.4232628398791541,-0.38053630611630007,-0.42887281494876434,-0.4031647419628472,0.021328328194235163,36,0.7866212886342788,-1.5330375657382496,1.2641345821684613,-1.3099484622155235,0.46816809624849526,-0.06481241218050754,1.1385215472422132,61,-13.269851370962396,-11.429573153084322,-13.83309674052271,-11.622770872946301,-12.19392651516253,-12.469843730535652,0.9353391474855212,49,10.14729913943144,14.349006250605779,0.4031647419628472,12.469843730535652,-0.06481241218050754,n500__poisson__boostrap_true__samples_0.7
27.699476099014284,0.14389660295963516,3.2530966281890867,0.6118724699996473,True,poisson,26,0.875,0.7,2,8,500,"{'bootstrap': True, 'criterion': 'poisson', 'max_depth': 26, 'max_features': 0.875, 'max_samples': 0.7, 'min_samples_leaf': 2, 'min_samples_split': 8, 'n_estimators': 500}",-10.032638074848348,-10.233246027039925,-10.501580209974438,-10.21549732134392,-10.021225592663304,-10.200837445173988,0.17450666718951408,70,-14.222013926398253,-14.555391074244977,-15.033797873523428,-14.048149712663148,-14.13636267418435,-14.399143052202831,0.3607838037658038,62,-0.4077318030806403,-0.3763245534362701,-0.4253776435045317,-0.38053630611630007,-0.42887281494876434,-0.4037686242173013,0.021935334594761706,48,0.7765449796442342,-1.6015435455233764,1.2540617592204348,-1.3996010602334596,0.43548983163099425,-0.10700960705223457,1.1689237760273807,72,-13.255261145712941,-11.468428518282044,-13.81788882032494,-11.583515316953925,-12.190928242378245,-12.46320440873042,0.9273715556116591,42,10.200837445173988,14.399143052202831,0.4037686242173013,12.46320440873042,-0.10700960705223457,n500__poisson__boostrap_true__samples_0.7
24.316049671173097,1.8663608096239808,3.9982306957244873,0.8844381170287533,True,poisson,26,0.875,0.7,3,2,500,"{'bootstrap': True, 'criterion': 'poisson', 'max_depth': 26, 'max_features': 0.875, 'max_samples': 0.7, 'min_samples_leaf': 3, 'min_samples_split': 2, 'n_estimators': 500}",-10.031930225491488,-10.19739001390087,-10.477179583347606,-10.182499642451246,-9.964915251590025,-10.170782943356247,0.17685344328580466,57,-14.2513697156033,-14.524068453985713,-15.016552526934142,-14.028100797470554,-14.100723197902314,-14.384162938379205,0.3589547380088681,48,-0.4119601328903654,-0.3838934302149561,-0.4232628398791541,-0.38053630611630007,-0.42706449668474983,-0.40534344115710513,0.019556004866223782,81,0.8687410017739516,-1.5429765006998826,1.3411236565392377,-1.2956035062077451,0.5341631431339295,-0.01891044109210176,1.174413109333634,37,-13.23025015889878,-11.271895833636774,-13.960950650972682,-11.676804543227307,-12.292146123392406,-12.48640946202559,0.9895263940944424,58,10.170782943356247,14.384162938379205,0.40534344115710513,12.48640946202559,-0.01891044109210176,n500__poisson__boostrap_true__samples_0.7
24.74688024520874,1.3116432998941845,4.259079170227051,0.5518169794217004,True,poisson,26,0.875,0.7,3,4,500,"{'bootstrap': True, 'criterion': 'poisson', 'max_depth': 26, 'max_features': 0.875, 'max_samples': 0.7, 'min_samples_leaf': 3, 'min_samples_split': 4, 'n_estimators': 500}",-10.03193022549149,-10.19739001390087,-10.477179583347606,-10.182499642451248,-9.964915251590025,-10.170782943356247,0.1768534432858044,57,-14.2513697156033,-14.52406845398571,-15.016552526934142,-14.028100797470554,-14.100723197902315,-14.384162938379202,0.35895473800886757,47,-0.4119601328903654,-0.3838934302149561,-0.4232628398791541,-0.38053630611630007,-0.42706449668474983,-0.40534344115710513,0.019556004866223782,81,0.8687410017739513,-1.542976500699883,1.3411236565392377,-1.295603506207745,0.5341631431339285,-0.01891044109210207,1.1744131093336339,38,-13.23025015889878,-11.271895833636774,-13.960950650972682,-11.676804543227307,-12.292146123392406,-12.48640946202559,0.9895263940944424,58,10.170782943356247,14.384162938379202,0.40534344115710513,12.48640946202559,-0.01891044109210207,n500__poisson__boostrap_true__samples_0.7
25.536308097839356,0.4027712335605121,3.2714793205261232,0.5333112838958796,True,poisson,26,0.875,0.7,3,8,500,"{'bootstrap': True, 'criterion': 'poisson', 'max_depth': 26, 'max_features': 0.875, 'max_samples': 0.7, 'min_samples_leaf': 3, 'min_samples_split': 8, 'n_estimators': 500}",-10.03109612399727,-10.203958176804282,-10.531980524950455,-10.219023105575149,-10.036767634242802,-10.20456511311399,0.18202073394338195,74,-14.246471900660584,-14.555600998509032,-15.07088517869807,-14.080120566977248,-14.17650785192938,-14.425917299354865,0.35966165514590304,83,-0.40954394442766534,-0.37904934907659704,-0.4202416918429003,-0.38294667068394095,-0.42887281494876434,-0.4041308941959735,0.019894103586497642,55,0.8700632041660483,-1.582667131802091,1.3022291514537527,-1.3204244904447588,0.5205798637116194,-0.042043880583085905,1.18011285750323,47,-13.308900639951604,-11.372254122061594,-14.080242282134412,-11.618587255553802,-12.308249823686847,-12.537646824677655,1.0227283920878807,81,10.20456511311399,14.425917299354865,0.4041308941959735,12.537646824677655,-0.042043880583085905,n500__poisson__boostrap_true__samples_0.7
23.60113043785095,2.365184803917629,3.5730807781219482,0.9102849540798184,True,poisson,26,0.875,0.7,4,2,500,"{'bootstrap': True, 'criterion': 'poisson', 'max_depth': 26, 'max_features': 0.875, 'max_samples': 0.7, 'min_samples_leaf': 4, 'min_samples_split': 2, 'n_estimators': 500}",-10.066661741245161,-10.264973176797362,-10.544717507077895,-10.189966577316703,-10.026532434165736,-10.218570287320572,0.18400986535959185,81,-14.301462126642573,-14.610238934393411,-15.084441037698841,-14.047770088256057,-14.166154631575946,-14.442013363713366,0.3721004191115399,88,-0.4089398973119903,-0.3832879200726612,-0.4226586102719033,-0.3817414884001205,-0.4306811332127788,-0.4054618098538908,0.019990879648297676,83,0.889624761529954,-1.5246695447170717,1.3765709556391754,-1.297301091087692,0.569855435952422,0.002816103463357522,1.1847938824498212,21,-13.395961820785967,-11.401746799668722,-14.10273938941869,-11.647496743801929,-12.301894665168671,-12.569967883768797,1.0314272857026545,93,10.218570287320572,14.442013363713366,0.4054618098538908,12.569967883768797,0.002816103463357522,n500__poisson__boostrap_true__samples_0.7
22.18338108062744,1.4668413356635546,4.4637908935546875,0.4934823196170761,True,poisson,26,0.875,0.7,4,4,500,"{'bootstrap': True, 'criterion': 'poisson', 'max_depth': 26, 'max_features': 0.875, 'max_samples': 0.7, 'min_samples_leaf': 4, 'min_samples_split': 4, 'n_estimators': 500}",-10.066661741245158,-10.264973176797362,-10.544717507077893,-10.189966577316703,-10.026532434165738,-10.21857028732057,0.18400986535959143,79,-14.30146212664257,-14.61023893439341,-15.084441037698841,-14.047770088256057,-14.166154631575944,-14.442013363713366,0.3721004191115403,88,-0.4089398973119903,-0.3832879200726612,-0.4226586102719033,-0.3817414884001205,-0.4306811332127788,-0.4054618098538908,0.019990879648297676,83,0.889624761529954,-1.5246695447170722,1.3765709556391756,-1.2973010910876912,0.5698554359524226,0.0028161034633577666,1.1847938824498212,19,-13.395961820785963,-11.401746799668722,-14.10273938941869,-11.647496743801927,-12.301894665168668,-12.569967883768793,1.0314272857026543,91,10.21857028732057,14.442013363713366,0.4054618098538908,12.569967883768793,0.0028161034633577666,n500__poisson__boostrap_true__samples_0.7
24.288483715057374,0.1313087662319337,3.448482608795166,0.04051102468723801,True,poisson,26,0.875,0.7,4,8,500,"{'bootstrap': True, 'criterion': 'poisson', 'max_depth': 26, 'max_features': 0.875, 'max_samples': 0.7, 'min_samples_leaf': 4, 'min_samples_split': 8, 'n_estimators': 500}",-10.066661741245161,-10.264973176797362,-10.544717507077893,-10.189966577316703,-10.026532434165736,-10.21857028732057,0.18400986535959124,79,-14.301462126642573,-14.610238934393411,-15.084441037698841,-14.047770088256057,-14.166154631575944,-14.442013363713366,0.3721004191115402,88,-0.4089398973119903,-0.3832879200726612,-0.4226586102719033,-0.3817414884001205,-0.4306811332127788,-0.4054618098538908,0.019990879648297676,83,0.8896247615299541,-1.5246695447170722,1.3765709556391754,-1.2973010910876914,0.5698554359524224,0.0028161034633576556,1.184793882449821,20,-13.395961820785967,-11.401746799668722,-14.10273938941869,-11.64749674380193,-12.301894665168668,-12.569967883768795,1.0314272857026543,92,10.21857028732057,14.442013363713366,0.4054618098538908,12.569967883768795,0.0028161034633576556,n500__poisson__boostrap_true__samples_0.7
43.469310665130614,0.4703732225136545,4.911270713806152,0.21983973887239916,True,poisson,26,1.0,0.7,1,2,500,"{'bootstrap': True, 'criterion': 'poisson', 'max_depth': 26, 'max_features': 1.0, 'max_samples': 0.7, 'min_samples_leaf': 1, 'min_samples_split': 2, 'n_estimators': 500}",-10.014197920480116,-10.169098569299486,-10.444694712295028,-10.186188501882544,-9.973067429030705,-10.157449426597577,0.16612598000373446,50,-14.177549797778461,-14.613285973057613,-14.955112660278076,-14.0166044087447,-14.123715579713856,-14.37725368391454,0.3532317511725389,37,-0.4025974025974026,-0.3799576142900394,-0.4217522658610272,-0.3793311238324797,-0.4258589511754069,-0.40189947155127115,0.01979622505599773,14,0.6385876881075401,-1.5682170267281579,1.1239797444292146,-1.4147685868851947,0.2667109775867614,-0.19074144069796733,1.0973807687593704,86,-13.230072449374992,-11.318211846658603,-13.715011623122221,-11.561692890340034,-12.02249991265278,-12.369497744429726,0.9411859154223423,1,10.157449426597577,14.37725368391454,0.40189947155127115,12.369497744429726,-0.19074144069796733,n500__poisson__boostrap_true__samples_0.7
38.06091122627258,0.9246429396239807,3.8306596755981444,0.46430373248340756,True,poisson,26,1.0,0.7,1,4,500,"{'bootstrap': True, 'criterion': 'poisson', 'max_depth': 26, 'max_features': 1.0, 'max_samples': 0.7, 'min_samples_leaf': 1, 'min_samples_split': 4, 'n_estimators': 500}",-9.95524858481495,-10.183733767641614,-10.426481528836215,-10.207010549339952,-9.988007660260552,-10.152096418178655,0.17028086363880934,46,-14.121323747918622,-14.625167791240196,-14.925470467392225,-14.035643738273631,-14.107012015461489,-14.362923552057234,0.351056784401158,14,-0.40561763817577773,-0.37783832879200724,-0.4187311178247734,-0.37842723711961435,-0.4234478601567209,-0.4008124364137787,0.019418744984993196,2,0.6629494400152294,-1.5583195145339703,1.125278584863413,-1.4691155285280133,0.2635852122926396,-0.1951243611781403,1.1109926715889455,88,-13.088925413333104,-11.414159967153266,-13.793768389735128,-11.545013365475645,-12.104905747733625,-12.389354576686154,0.917235548534025,8,10.152096418178655,14.362923552057234,0.4008124364137787,12.389354576686154,-0.1951243611781403,n500__poisson__boostrap_true__samples_0.7
32.94903392791748,0.13061118521269,3.2792994022369384,0.10865639353068958,True,poisson,26,1.0,0.7,1,8,500,"{'bootstrap': True, 'criterion': 'poisson', 'max_depth': 26, 'max_features': 1.0, 'max_samples': 0.7, 'min_samples_leaf': 1, 'min_samples_split': 8, 'n_estimators': 500}",-9.99139590820367,-10.172110454015051,-10.475187459514213,-10.205378796600346,-9.97809765664671,-10.164434054995997,0.18053616312623685,55,-14.130788245255541,-14.605599637944486,-14.992924244273985,-14.059980523689623,-14.104354603125078,-14.378729450857742,0.3652567872396125,39,-0.4050135910601027,-0.37723281864971236,-0.4205438066465257,-0.3769207592648388,-0.4258589511754069,-0.4011139853593172,0.020787787402147418,4,0.6400316240868914,-1.5767947163840321,1.1121410926089992,-1.4935599859508526,0.26114022176671214,-0.21140835277445635,1.114291528843442,92,-13.124778732070858,-11.39258743234159,-13.77660111620971,-11.556565400697707,-12.021865279750791,-12.374479592214133,0.9258861980803635,4,10.164434054995997,14.378729450857742,0.4011139853593172,12.374479592214133,-0.21140835277445635,n500__poisson__boostrap_true__samples_0.7
33.38509941101074,0.5586779979348081,4.349668836593628,0.5645162940451134,True,poisson,26,1.0,0.7,2,2,500,"{'bootstrap': True, 'criterion': 'poisson', 'max_depth': 26, 'max_features': 1.0, 'max_samples': 0.7, 'min_samples_leaf': 2, 'min_samples_split': 2, 'n_estimators': 500}",-9.925558969288607,-10.151633161009347,-10.391442104205439,-10.091364200020642,-9.93879147490899,-10.099757981886604,0.1697625573291295,7,-14.112449941015566,-14.627017831925498,-14.929366923115477,-13.978864027459224,-14.10063070461812,-14.349665885626774,0.36572157135161676,8,-0.40682573240712777,-0.37783832879200724,-0.4202416918429003,-0.3796324194034348,-0.42766726943942135,-0.40244108837697834,0.020484032598870036,27,0.7686278530815907,-1.4584771493359368,1.2740598827771525,-1.294963110331557,0.4504624773309534,-0.05205800929555945,1.1142233775606816,58,-13.14344935741192,-11.503803808716858,-13.87951530442573,-11.585418736777017,-12.146421639722387,-12.451721769410781,0.9229646806218201,32,10.099757981886604,14.349665885626774,0.40244108837697834,12.451721769410781,-0.05205800929555945,n500__poisson__boostrap_true__samples_0.7
33.22698717117309,0.30918916965642634,3.62615385055542,0.5507317513791267,True,poisson,26,1.0,0.7,2,4,500,"{'bootstrap': True, 'criterion': 'poisson', 'max_depth': 26, 'max_features': 1.0, 'max_samples': 0.7, 'min_samples_leaf': 2, 'min_samples_split': 4, 'n_estimators': 500}",-9.925558969288607,-10.151633161009347,-10.391442104205439,-10.091364200020642,-9.93879147490899,-10.099757981886604,0.1697625573291295,7,-14.112449941015566,-14.627017831925498,-14.929366923115476,-13.978864027459224,-14.100630704618117,-14.349665885626774,0.3657215713516164,8,-0.40682573240712777,-0.37783832879200724,-0.4202416918429003,-0.3796324194034348,-0.42766726943942135,-0.40244108837697834,0.020484032598870036,27,0.7686278530815903,-1.4584771493359363,1.2740598827771525,-1.2949631103315564,0.4504624773309537,-0.05205800929555924,1.1142233775606811,57,-13.14344935741192,-11.503803808716858,-13.87951530442573,-11.585418736777015,-12.146421639722387,-12.451721769410781,0.9229646806218205,32,10.099757981886604,14.349665885626774,0.40244108837697834,12.451721769410781,-0.05205800929555924,n500__poisson__boostrap_true__samples_0.7
30.685876321792602,0.2125483628872516,2.4508697032928466,0.17645824709931363,True,poisson,26,1.0,0.7,2,8,500,"{'bootstrap': True, 'criterion': 'poisson', 'max_depth': 26, 'max_features': 1.0, 'max_samples': 0.7, 'min_samples_leaf': 2, 'min_samples_split': 8, 'n_estimators': 500}",-9.957202782298427,-10.160377738892521,-10.451695041034213,-10.126576000987093,-9.970318455969954,-10.133234003836442,0.1787327671472807,24,-14.139631071063809,-14.620278715982082,-14.995970332613183,-13.975435977704993,-14.13409453805084,-14.373082127082984,0.37916560854987597,35,-0.4050135910601027,-0.3799576142900394,-0.4226586102719033,-0.3799337149743899,-0.42706449668474983,-0.402925605456237,0.020162305814657302,33,0.7868319821372568,-1.4955100338003517,1.2627533105771889,-1.3623026729174905,0.4039727425399593,-0.08085093429268746,1.1345993948666302,66,-13.263795341180666,-11.402413557736825,-13.858050051405913,-11.533950505893342,-12.146047352383873,-12.440851361720124,0.9667906245241732,25,10.133234003836442,14.373082127082984,0.402925605456237,12.440851361720124,-0.08085093429268746,n500__poisson__boostrap_true__samples_0.7
28.609717321395873,1.4034419834306173,3.9848589420318605,1.0357892891578209,True,poisson,26,1.0,0.7,3,2,500,"{'bootstrap': True, 'criterion': 'poisson', 'max_depth': 26, 'max_features': 1.0, 'max_samples': 0.7, 'min_samples_leaf': 3, 'min_samples_split': 2, 'n_estimators': 500}",-9.939354381496267,-10.137252541758002,-10.414134891774854,-10.13078097490045,-9.917458231967995,-10.107796204379515,0.17879628537568354,13,-14.136356032556867,-14.625226916641747,-14.991086651745603,-14.023907781373458,-14.068281506274761,-14.368971777718489,0.37849372478865556,26,-0.40954394442766534,-0.38116863457462913,-0.42084592145015104,-0.380235010545345,-0.4255575647980711,-0.40347021515917225,0.019307467987406148,46,0.8679969675202627,-1.433973197696994,1.321532975443066,-1.2607080886267217,0.4911965713171713,-0.0027909544086431428,1.1302006265961055,24,-13.19437327308028,-11.416573341315928,-13.942950696515188,-11.663934987932846,-12.229432237004312,-12.48945290716971,0.9497083439276195,60,10.107796204379515,14.368971777718489,0.40347021515917225,12.48945290716971,-0.0027909544086431428,n500__poisson__boostrap_true__samples_0.7
28.948869609832762,0.6678241328548353,3.565742921829224,0.7524463221678349,True,poisson,26,1.0,0.7,3,4,500,"{'bootstrap': True, 'criterion': 'poisson', 'max_depth': 26, 'max_features': 1.0, 'max_samples': 0.7, 'min_samples_leaf': 3, 'min_samples_split': 4, 'n_estimators': 500}",-9.939354381496265,-10.137252541758,-10.414134891774854,-10.13078097490045,-9.917458231967995,-10.107796204379515,0.17879628537568382,13,-14.136356032556867,-14.625226916641747,-14.991086651745604,-14.023907781373458,-14.068281506274761,-14.368971777718489,0.3784937247886561,26,-0.40954394442766534,-0.38116863457462913,-0.42084592145015104,-0.380235010545345,-0.4255575647980711,-0.40347021515917225,0.019307467987406148,46,0.8679969675202626,-1.4339731976969945,1.3215329754430658,-1.2607080886267215,0.49119657131717104,-0.0027909544086433093,1.1302006265961055,25,-13.19437327308028,-11.416573341315926,-13.942950696515188,-11.663934987932846,-12.229432237004312,-12.48945290716971,0.94970834392762,60,10.107796204379515,14.368971777718489,0.40347021515917225,12.48945290716971,-0.0027909544086433093,n500__poisson__boostrap_true__samples_0.7
29.304257917404176,0.2335598676328194,2.1519118309020997,0.15268640139057135,True,poisson,26,1.0,0.7,3,8,500,"{'bootstrap': True, 'criterion': 'poisson', 'max_depth': 26, 'max_features': 1.0, 'max_samples': 0.7, 'min_samples_leaf': 3, 'min_samples_split': 8, 'n_estimators': 500}",-9.95669759314492,-10.14594593973167,-10.425580568861673,-10.103573393924076,-9.955882613847118,-10.117536021901891,0.17198508413437072,17,-14.168291248408861,-14.614397099734518,-14.967126837981473,-13.987977906403986,-14.124324378782832,-14.372423494262335,0.3642100623811971,33,-0.4077318030806403,-0.37693006357856496,-0.42356495468277944,-0.3820427839710756,-0.42646172393007836,-0.4033462658486277,0.020562134129418482,40,0.8117901701878503,-1.4902514961000806,1.2956131140973546,-1.2603157003010668,0.4860569796248717,-0.03142138649821415,1.129440275329622,45,-13.205356660886965,-11.481830822214919,-13.83635916212353,-11.573648377419074,-12.24252847036751,-12.4679446986024,0.9207967755516757,45,10.117536021901891,14.372423494262335,0.4033462658486277,12.4679446986024,-0.03142138649821415,n500__poisson__boostrap_true__samples_0.7
25.41960778236389,3.5126723304423635,2.713831663131714,0.8230454796032536,True,poisson,26,1.0,0.7,4,2,500,"{'bootstrap': True, 'criterion': 'poisson', 'max_depth': 26, 'max_features': 1.0, 'max_samples': 0.7, 'min_samples_leaf': 4, 'min_samples_split': 2, 'n_estimators': 500}",-9.969702264429122,-10.183864304331037,-10.466924107421196,-10.148661422415987,-9.963473382072243,-10.146525096133917,0.1837544832789973,29,-14.19211044734369,-14.647130243395452,-15.012996910579004,-14.033036315710753,-14.15714656450814,-14.408484096307408,0.3669705364059379,70,-0.40954394442766534,-0.37844383893430217,-0.4229607250755287,-0.3841518529677614,-0.42706449668474983,-0.4044329716180015,0.01984109074343917,69,0.8861189671650371,-1.4526990085219587,1.336749109052318,-1.255132378357113,0.5260617723585851,0.008219692339373696,1.1431710171893923,11,-13.253548708631365,-11.535615588822951,-13.953627980902617,-11.57553839107114,-12.280973056598972,-12.51986074520541,0.9498986343797621,70,10.146525096133917,14.408484096307408,0.4044329716180015,12.51986074520541,0.008219692339373696,n500__poisson__boostrap_true__samples_0.7
21.158027505874635,0.16402564147095686,2.6342987537384035,0.45108252882309896,True,poisson,26,1.0,0.7,4,4,500,"{'bootstrap': True, 'criterion': 'poisson', 'max_depth': 26, 'max_features': 1.0, 'max_samples': 0.7, 'min_samples_leaf': 4, 'min_samples_split': 4, 'n_estimators': 500}",-9.969702264429124,-10.183864304331035,-10.466924107421194,-10.148661422415987,-9.963473382072243,-10.146525096133917,0.1837544832789963,29,-14.19211044734369,-14.647130243395452,-15.012996910579004,-14.03303631571075,-14.157146564508139,-14.408484096307408,0.36697053640593885,70,-0.40954394442766534,-0.37844383893430217,-0.4229607250755287,-0.3841518529677614,-0.42706449668474983,-0.4044329716180015,0.01984109074343917,69,0.8861189671650369,-1.4526990085219593,1.3367491090523187,-1.2551323783571133,0.5260617723585845,0.008219692339373497,1.1431710171893927,12,-13.253548708631365,-11.535615588822951,-13.953627980902615,-11.57553839107114,-12.280973056598972,-12.51986074520541,0.9498986343797614,70,10.146525096133917,14.408484096307408,0.4044329716180015,12.51986074520541,0.008219692339373497,n500__poisson__boostrap_true__samples_0.7
20.339738845825195,0.2943718010219342,0.35763278007507326,0.006858507672512839,True,poisson,26,1.0,0.7,4,8,500,"{'bootstrap': True, 'criterion': 'poisson', 'max_depth': 26, 'max_features': 1.0, 'max_samples': 0.7, 'min_samples_leaf': 4, 'min_samples_split': 8, 'n_estimators': 500}",-9.969702264429127,-10.183864304331037,-10.466924107421196,-10.148661422415987,-9.963473382072243,-10.146525096133917,0.1837544832789963,29,-14.19211044734369,-14.647130243395452,-15.012996910579004,-14.033036315710753,-14.157146564508139,-14.408484096307408,0.36697053640593813,70,-0.40954394442766534,-0.37844383893430217,-0.4229607250755287,-0.3841518529677614,-0.42706449668474983,-0.4044329716180015,0.01984109074343917,69,0.8861189671650371,-1.4526990085219582,1.3367491090523187,-1.2551323783571127,0.5260617723585851,0.008219692339374007,1.1431710171893923,10,-13.253548708631369,-11.535615588822951,-13.953627980902617,-11.57553839107114,-12.280973056598972,-12.51986074520541,0.9498986343797625,70,10.146525096133917,14.408484096307408,0.4044329716180015,12.51986074520541,0.008219692339374007,n500__poisson__boostrap_true__samples_0.7
