mean_fit_time,std_fit_time,mean_score_time,std_score_time,param_bootstrap,param_criterion,param_max_depth,param_max_features,param_max_samples,param_min_samples_leaf,param_min_samples_split,param_n_estimators,params,split0_test_MAE,split1_test_MAE,split2_test_MAE,split3_test_MAE,split4_test_MAE,mean_test_MAE,std_test_MAE,rank_test_MAE,split0_test_RMSE,split1_test_RMSE,split2_test_RMSE,split3_test_RMSE,split4_test_RMSE,mean_test_RMSE,std_test_RMSE,rank_test_RMSE,split0_test_overestimation_rate,split1_test_overestimation_rate,split2_test_overestimation_rate,split3_test_overestimation_rate,split4_test_overestimation_rate,mean_test_overestimation_rate,std_test_overestimation_rate,rank_test_overestimation_rate,split0_test_mean_signed_error,split1_test_mean_signed_error,split2_test_mean_signed_error,split3_test_mean_signed_error,split4_test_mean_signed_error,mean_test_mean_signed_error,std_test_mean_signed_error,rank_test_mean_signed_error,split0_test_mean_overestimation,split1_test_mean_overestimation,split2_test_mean_overestimation,split3_test_mean_overestimation,split4_test_mean_overestimation,mean_test_mean_overestimation,std_test_mean_overestimation,rank_test_mean_overestimation,mean_MAE,mean_RMSE,overestimation_rate,mean_overstimation,mean_signed_error,chunk_id
26.960698461532594,0.2174558948220055,0.8631949424743652,0.0760366796874176,True,squared_error,20,0.875,0.7,1,2,500,"{'bootstrap': True, 'criterion': 'squared_error', 'max_depth': 20, 'max_features': 0.875, 'max_samples': 0.7, 'min_samples_leaf': 1, 'min_samples_split': 2, 'n_estimators': 500}",-10.057832386280968,-10.283970605638931,-10.579654336042864,-10.217962092765934,-10.112077866293694,-10.250299457404479,0.1826487717857189,77,-14.199870274668518,-14.664984325474212,-15.070670493260561,-14.014457375289993,-14.201273141303133,-14.430251121999282,0.38564941025842886,59,-0.4137722742373905,-0.3823796548592189,-0.4287009063444109,-0.3850557396806267,-0.43520192887281495,-0.4090221007988924,0.021814716703518432,72,0.8945837372282207,-1.3225824752330755,1.3653505151686673,-1.2413027766261762,0.560478254335768,0.05130545097468089,1.118525252850623,66,-13.234835687933913,-11.717919633701719,-13.931630041405981,-11.656311529838755,-12.261613991775816,-12.560462176931237,0.8889946583045834,78,10.250299457404479,14.430251121999282,0.4090221007988924,12.560462176931237,0.05130545097468089,n500__squared_error__boostrap_true__samples_0.7
25.653691148757936,0.4887586058773126,1.5589260101318358,0.37787160471195597,True,squared_error,20,0.875,0.7,1,4,500,"{'bootstrap': True, 'criterion': 'squared_error', 'max_depth': 20, 'max_features': 0.875, 'max_samples': 0.7, 'min_samples_leaf': 1, 'min_samples_split': 4, 'n_estimators': 500}",-10.057559600278417,-10.269683284537113,-10.586465892249617,-10.21020331102521,-10.14688106508945,-10.254158630635962,0.1804222025855537,88,-14.200115408556846,-14.60922819944909,-15.102170513099711,-14.008624248468687,-14.230376369854616,-14.43010294788579,0.3883786647696143,58,-0.4143763213530655,-0.3887375113533152,-0.4287009063444109,-0.38354926182585114,-0.4394213381555154,-0.41095706780643165,0.021824968751529273,96,0.8809248270826125,-1.4228631729071564,1.3357489051130174,-1.2878417946659841,0.5688757158406181,0.014968896092621508,1.1459344681269603,84,-13.198732485055528,-11.378912316477317,-13.905049675570938,-11.631311026235771,-12.193031892704381,-12.461407479208788,0.9550531199227852,5,10.254158630635962,14.43010294788579,0.41095706780643165,12.461407479208788,0.014968896092621508,n500__squared_error__boostrap_true__samples_0.7
23.189382696151732,0.8180114452499103,3.0813575744628907,0.4345242292541446,True,squared_error,20,0.875,0.7,1,8,500,"{'bootstrap': True, 'criterion': 'squared_error', 'max_depth': 20, 'max_features': 0.875, 'max_samples': 0.7, 'min_samples_leaf': 1, 'min_samples_split': 8, 'n_estimators': 500}",-10.126717880282683,-10.303559524465433,-10.613260219942147,-10.245992844969157,-10.120218743424097,-10.281949842616704,0.1798779367955258,93,-14.270729148487389,-14.67207960736323,-15.0978094986941,-14.055111365756085,-14.185883568579452,-14.45632263777605,0.3812110126599379,82,-0.41679250981576565,-0.38086587950348166,-0.4283987915407855,-0.3841518529677614,-0.43731163351416513,-0.4095041334683918,0.023005535459930726,85,0.8931814633721368,-1.4212703978665533,1.3156409679910113,-1.3348893950199916,0.5487017303894511,0.00027287377321085773,1.1516680720232202,86,-13.219886495232288,-11.660652219855365,-13.922659708060209,-11.598412686424032,-12.198303973850223,-12.519983016684424,0.9108880807658162,44,10.281949842616704,14.45632263777605,0.4095041334683918,12.519983016684424,0.00027287377321085773,n500__squared_error__boostrap_true__samples_0.7
22.73799862861633,1.0605881118808276,3.415208339691162,0.9106520731424231,True,squared_error,20,0.875,0.7,2,2,500,"{'bootstrap': True, 'criterion': 'squared_error', 'max_depth': 20, 'max_features': 0.875, 'max_samples': 0.7, 'min_samples_leaf': 2, 'min_samples_split': 2, 'n_estimators': 500}",-10.022611992362885,-10.194004715049958,-10.51618734696547,-10.158180547045056,-10.057760444872612,-10.189749009259197,0.17488992578682622,45,-14.191703031777813,-14.61468179072745,-15.049370270259141,-14.00775804591461,-14.170719349468351,-14.406846497629473,0.37877345227481796,27,-0.412866203563878,-0.38268240993036634,-0.42930513595166164,-0.3844531485387165,-0.4349005424954792,-0.4088414880960203,0.021877486195584765,65,0.9507918814124577,-1.3265758609451381,1.392781642621234,-1.219736775338838,0.630350462869573,0.08552227012385775,1.1359734710232505,10,-13.289297814948851,-11.585885089045973,-13.870051849237154,-11.624880438202563,-12.287994453183844,-12.531621928923679,0.9101010985694664,54,10.189749009259197,14.406846497629473,0.4088414880960203,12.531621928923679,0.08552227012385775,n500__squared_error__boostrap_true__samples_0.7
24.300216341018675,0.5501533723602313,1.615008783340454,0.5482516267326906,True,squared_error,20,0.875,0.7,2,4,500,"{'bootstrap': True, 'criterion': 'squared_error', 'max_depth': 20, 'max_features': 0.875, 'max_samples': 0.7, 'min_samples_leaf': 2, 'min_samples_split': 4, 'n_estimators': 500}",-10.022611992362885,-10.194004715049958,-10.51618734696547,-10.15818054704506,-10.057760444872612,-10.189749009259197,0.17488992578682608,45,-14.191703031777813,-14.61468179072745,-15.049370270259141,-14.00775804591461,-14.170719349468351,-14.406846497629473,0.37877345227481796,27,-0.412866203563878,-0.38268240993036634,-0.42930513595166164,-0.3844531485387165,-0.4349005424954792,-0.4088414880960203,0.021877486195584765,65,0.950791881412458,-1.326575860945138,1.3927816426212347,-1.219736775338837,0.6303504628695724,0.085522270123858,1.1359734710232503,9,-13.289297814948851,-11.585885089045973,-13.870051849237154,-11.624880438202565,-12.287994453183842,-12.531621928923679,0.9101010985694661,54,10.189749009259197,14.406846497629473,0.4088414880960203,12.531621928923679,0.085522270123858,n500__squared_error__boostrap_true__samples_0.7
24.325569677352906,0.12475596955855872,1.0177728176116942,0.2628414003909403,True,squared_error,20,0.875,0.7,2,8,500,"{'bootstrap': True, 'criterion': 'squared_error', 'max_depth': 20, 'max_features': 0.875, 'max_samples': 0.7, 'min_samples_leaf': 2, 'min_samples_split': 8, 'n_estimators': 500}",-10.0439745290897,-10.271916176708773,-10.559552172743063,-10.184529946658321,-10.067312924853963,-10.225457150010765,0.1862248635372285,65,-14.211658596170242,-14.629878449849075,-15.095552439326585,-14.015004324282012,-14.190678478492652,-14.428554457624113,0.38988977067663777,55,-0.41467834491090305,-0.381774144716924,-0.42930513595166164,-0.3847544441096716,-0.43670886075949367,-0.40944418608973077,0.022540766541740025,84,0.9253506421328895,-1.439287093654628,1.3977831477814453,-1.284232141998124,0.587816283243406,0.03748616750099776,1.1721239687589329,73,-13.226305769088855,-11.567872268567742,-13.926382797655213,-11.56620533033171,-12.199350832459308,-12.497223399620566,0.9373658755106247,30,10.225457150010765,14.428554457624113,0.40944418608973077,12.497223399620566,0.03748616750099776,n500__squared_error__boostrap_true__samples_0.7
22.167269706726074,1.5376645175972656,1.9338229656219483,1.2007575957829126,True,squared_error,20,0.875,0.7,3,2,500,"{'bootstrap': True, 'criterion': 'squared_error', 'max_depth': 20, 'max_features': 0.875, 'max_samples': 0.7, 'min_samples_leaf': 3, 'min_samples_split': 2, 'n_estimators': 500}",-10.031053221099603,-10.257956372177269,-10.528377568176795,-10.132755878055766,-10.063296522094541,-10.202687912320794,0.18050333564937437,53,-14.225457871158355,-14.648906379952411,-15.09989928685126,-13.977985927219024,-14.193169465824422,-14.429083786201094,0.3997308511611474,56,-0.4183026276049532,-0.3832879200726612,-0.42477341389728096,-0.3850557396806267,-0.43399638336347196,-0.4090832169237988,0.020950239515264604,75,0.9839596189735532,-1.3897522225649874,1.3944444664463274,-1.203691700048118,0.6112950047364116,0.07925103350863735,1.1519735068062258,38,-13.166320401979139,-11.568593327870996,-14.03433176906207,-11.594508609862045,-12.298018988203161,-12.532354619395482,0.9509103137828004,56,10.202687912320794,14.429083786201094,0.4090832169237988,12.532354619395482,0.07925103350863735,n500__squared_error__boostrap_true__samples_0.7
22.28356342315674,0.39683264807148355,1.2849087715148926,0.3495831036852247,True,squared_error,20,0.875,0.7,3,4,500,"{'bootstrap': True, 'criterion': 'squared_error', 'max_depth': 20, 'max_features': 0.875, 'max_samples': 0.7, 'min_samples_leaf': 3, 'min_samples_split': 4, 'n_estimators': 500}",-10.031053221099603,-10.257956372177269,-10.528377568176795,-10.13275587805577,-10.063296522094541,-10.202687912320794,0.18050333564937407,53,-14.225457871158355,-14.648906379952411,-15.099899286851262,-13.977985927219027,-14.193169465824422,-14.429083786201096,0.39973085116114726,57,-0.4183026276049532,-0.3832879200726612,-0.42477341389728096,-0.3850557396806267,-0.43399638336347196,-0.4090832169237988,0.020950239515264604,75,0.9839596189735532,-1.3897522225649879,1.3944444664463276,-1.2036917000481175,0.6112950047364111,0.0792510335086373,1.1519735068062258,39,-13.166320401979142,-11.568593327870996,-14.034331769062067,-11.594508609862046,-12.298018988203161,-12.532354619395482,0.9509103137827994,56,10.202687912320794,14.429083786201096,0.4090832169237988,12.532354619395482,0.0792510335086373,n500__squared_error__boostrap_true__samples_0.7
22.428482961654662,0.468479343572708,1.0322582721710205,0.4250421835779668,True,squared_error,20,0.875,0.7,3,8,500,"{'bootstrap': True, 'criterion': 'squared_error', 'max_depth': 20, 'max_features': 0.875, 'max_samples': 0.7, 'min_samples_leaf': 3, 'min_samples_split': 8, 'n_estimators': 500}",-10.085486158856181,-10.266752179591485,-10.55503736847838,-10.17840613431882,-10.069111366509599,-10.230958641550894,0.17687665096808966,69,-14.287511497644712,-14.645199581741315,-15.096422133325255,-14.032790725186786,-14.193655510604026,-14.451115889700418,0.38003600217536126,80,-0.41467834491090305,-0.38086587950348166,-0.4268882175226586,-0.3817414884001205,-0.4336949969861362,-0.40757378546466,0.022300042845069645,16,0.9804559505465738,-1.382613548302207,1.4080387207543323,-1.2402564764640127,0.6056327896439931,0.0742514872357359,1.1604264664832324,53,-13.342802011737987,-11.663080246084455,-14.01195394740279,-11.707071315872183,-12.30674117794219,-12.606329739807922,0.9280419653365116,93,10.230958641550894,14.451115889700418,0.40757378546466,12.606329739807922,0.0742514872357359,n500__squared_error__boostrap_true__samples_0.7
20.967540645599364,2.082648446235428,1.671626329421997,1.1622429766939877,True,squared_error,20,0.875,0.7,4,2,500,"{'bootstrap': True, 'criterion': 'squared_error', 'max_depth': 20, 'max_features': 0.875, 'max_samples': 0.7, 'min_samples_leaf': 4, 'min_samples_split': 2, 'n_estimators': 500}",-10.125259320680499,-10.302560128950246,-10.586093870510755,-10.190294235603863,-10.101946329957192,-10.261230777140511,0.17671214432892254,89,-14.328593312253721,-14.707380232714375,-15.129214324679156,-14.059038735556415,-14.210108175475362,-14.486866956135804,0.3862432400357264,94,-0.41709453337360314,-0.38449894035725096,-0.4259818731117825,-0.3841518529677614,-0.43640747438215793,-0.4096269348385112,0.021544568851681847,86,0.9939066965489979,-1.4128000869802408,1.417596645286954,-1.2535043818831253,0.6428829445409238,0.07761636350270189,1.17880321278066,48,-13.329311615875042,-11.560187960089339,-14.089438158613621,-11.631845303725148,-12.310546799994734,-12.584265967659576,0.9850278586691508,87,10.261230777140511,14.486866956135804,0.4096269348385112,12.584265967659576,0.07761636350270189,n500__squared_error__boostrap_true__samples_0.7
19.825461530685423,0.4038261566706554,2.1012224197387694,0.2988774598536305,True,squared_error,20,0.875,0.7,4,4,500,"{'bootstrap': True, 'criterion': 'squared_error', 'max_depth': 20, 'max_features': 0.875, 'max_samples': 0.7, 'min_samples_leaf': 4, 'min_samples_split': 4, 'n_estimators': 500}",-10.125259320680499,-10.302560128950246,-10.586093870510751,-10.190294235603863,-10.101946329957192,-10.261230777140511,0.1767121443289212,89,-14.328593312253721,-14.707380232714375,-15.129214324679156,-14.059038735556419,-14.210108175475362,-14.486866956135804,0.3862432400357257,94,-0.41709453337360314,-0.38449894035725096,-0.4259818731117825,-0.3841518529677614,-0.43640747438215793,-0.4096269348385112,0.021544568851681847,86,0.9939066965489975,-1.4128000869802415,1.4175966452869542,-1.2535043818831244,0.6428829445409235,0.07761636350270187,1.17880321278066,49,-13.329311615875042,-11.560187960089342,-14.089438158613618,-11.631845303725148,-12.310546799994734,-12.584265967659578,0.9850278586691489,88,10.261230777140511,14.486866956135804,0.4096269348385112,12.584265967659578,0.07761636350270187,n500__squared_error__boostrap_true__samples_0.7
20.310604572296143,0.13448549229164758,1.9240305423736572,0.05856751702066167,True,squared_error,20,0.875,0.7,4,8,500,"{'bootstrap': True, 'criterion': 'squared_error', 'max_depth': 20, 'max_features': 0.875, 'max_samples': 0.7, 'min_samples_leaf': 4, 'min_samples_split': 8, 'n_estimators': 500}",-10.125259320680499,-10.302560128950246,-10.586093870510751,-10.190294235603863,-10.101946329957192,-10.261230777140511,0.1767121443289212,89,-14.328593312253721,-14.707380232714375,-15.129214324679157,-14.059038735556415,-14.210108175475362,-14.486866956135804,0.386243240035727,94,-0.41709453337360314,-0.38449894035725096,-0.4259818731117825,-0.3841518529677614,-0.43640747438215793,-0.4096269348385112,0.021544568851681847,86,0.9939066965489977,-1.4128000869802408,1.417596645286954,-1.2535043818831255,0.642882944540923,0.07761636350270165,1.17880321278066,50,-13.329311615875042,-11.56018796008934,-14.089438158613621,-11.631845303725148,-12.310546799994734,-12.584265967659578,0.9850278586691504,88,10.261230777140511,14.486866956135804,0.4096269348385112,12.584265967659578,0.07761636350270165,n500__squared_error__boostrap_true__samples_0.7
29.272657299041747,3.282393360284676,4.289607906341553,0.6522500254064462,True,squared_error,20,1.0,0.7,1,2,500,"{'bootstrap': True, 'criterion': 'squared_error', 'max_depth': 20, 'max_features': 1.0, 'max_samples': 0.7, 'min_samples_leaf': 1, 'min_samples_split': 2, 'n_estimators': 500}",-9.993290422833665,-10.186330245820741,-10.50075851442021,-10.146735859135767,-10.08641756863353,-10.182706522168782,0.1718220655256409,37,-14.132297146527327,-14.663343984156452,-15.005534535899638,-13.990988559735781,-14.206009978690021,-14.399634841001845,0.37752053344033687,22,-0.4119601328903654,-0.3848016954283984,-0.4268882175226586,-0.3850557396806267,-0.4355033152501507,-0.40884182015444,0.020928147907445824,67,0.8823357718304526,-1.274914088824518,1.318485485888846,-1.2135121547179022,0.5412766795298141,0.05073433874133848,1.085822144961848,67,-13.199852760459274,-11.579231930196116,-13.843488195691076,-11.599909810235873,-12.201622669690646,-12.484821073254597,0.8989557985263289,20,10.182706522168782,14.399634841001845,0.40884182015444,12.484821073254597,0.05073433874133848,n500__squared_error__boostrap_true__samples_0.7
33.92251133918762,0.5113113495248389,3.372768449783325,0.18962861432947117,True,squared_error,20,1.0,0.7,1,4,500,"{'bootstrap': True, 'criterion': 'squared_error', 'max_depth': 20, 'max_features': 1.0, 'max_samples': 0.7, 'min_samples_leaf': 1, 'min_samples_split': 4, 'n_estimators': 500}",-9.990947830297042,-10.207226440866448,-10.543109205647262,-10.131297405433543,-10.028083853986283,-10.180132947246115,0.1968657750548583,31,-14.13922806644406,-14.661013630278992,-15.061122344592738,-13.976630611600823,-14.13448093679383,-14.394495117942089,0.40566078547691486,19,-0.41256418000604045,-0.3832879200726612,-0.4280966767371601,-0.38354926182585114,-0.4318866787221218,-0.40787694347276693,0.020993957951900375,26,0.8858537048399823,-1.2799055710369844,1.3174477307173462,-1.217857220944486,0.5024616030683136,0.04160004932883432,1.0849474303362645,72,-13.181950908798933,-11.645711229481327,-13.852661771124508,-11.61968105747022,-12.191329318390489,-12.498266857053096,0.8825853186913257,32,10.180132947246115,14.394495117942089,0.40787694347276693,12.498266857053096,0.04160004932883432,n500__squared_error__boostrap_true__samples_0.7
30.42512450218201,0.3769436704354141,4.64024977684021,0.2404516563631204,True,squared_error,20,1.0,0.7,1,8,500,"{'bootstrap': True, 'criterion': 'squared_error', 'max_depth': 20, 'max_features': 1.0, 'max_samples': 0.7, 'min_samples_leaf': 1, 'min_samples_split': 8, 'n_estimators': 500}",-10.027350592384382,-10.221253360154636,-10.549575615951795,-10.157995223983134,-10.087564232974037,-10.208747805089597,0.1824753227050055,61,-14.175802476609038,-14.690312080496367,-15.055635163078788,-14.01232173018612,-14.195581953932193,-14.4259306808605,0.3881036660575981,51,-0.4113560857746904,-0.3832879200726612,-0.42658610271903324,-0.3844531485387165,-0.43640747438215793,-0.4084181462974518,0.021577571704096177,47,0.8869736299091677,-1.3378685885619355,1.322884656293647,-1.2927812934349134,0.5130845228384083,0.018458585408874816,1.1188810479784876,83,-13.266272944204822,-11.58839648521749,-13.915666962157367,-11.529641471586812,-12.145356551030975,-12.489066882839492,0.9475313319605474,23,10.208747805089597,14.4259306808605,0.4084181462974518,12.489066882839492,0.018458585408874816,n500__squared_error__boostrap_true__samples_0.7
28.173756456375123,2.535050530483828,3.4438259601593018,0.5323413294313998,True,squared_error,20,1.0,0.7,2,2,500,"{'bootstrap': True, 'criterion': 'squared_error', 'max_depth': 20, 'max_features': 1.0, 'max_samples': 0.7, 'min_samples_leaf': 2, 'min_samples_split': 2, 'n_estimators': 500}",-9.926985015905945,-10.212492698355959,-10.427696318846687,-10.06151856790947,-10.022180082379213,-10.130174536679455,0.17490449746377912,11,-14.115128069365195,-14.699234807286432,-14.980808089548132,-13.933341561380098,-14.197691265632521,-14.385240758642476,0.3913160538360745,7,-0.41226215644820297,-0.38268240993036634,-0.4256797583081571,-0.3814401928291654,-0.4321880650994575,-0.40685051652306986,0.02123958326920118,3,0.9238604187551992,-1.2613250847485897,1.3754810620852953,-1.188386469338589,0.5934032789438611,0.0886066411394354,1.1010487148725219,5,-13.16012792460185,-11.695295343253614,-13.86391665396908,-11.63109219397976,-12.28120836571477,-12.526328096303814,0.865215789468023,51,10.130174536679455,14.385240758642476,0.40685051652306986,12.526328096303814,0.0886066411394354,n500__squared_error__boostrap_true__samples_0.7
30.48864507675171,0.5364599762678918,3.310153436660767,0.47053971737337524,True,squared_error,20,1.0,0.7,2,4,500,"{'bootstrap': True, 'criterion': 'squared_error', 'max_depth': 20, 'max_features': 1.0, 'max_samples': 0.7, 'min_samples_leaf': 2, 'min_samples_split': 4, 'n_estimators': 500}",-9.926985015905945,-10.212492698355959,-10.427696318846687,-10.06151856790947,-10.022180082379213,-10.130174536679455,0.17490449746377912,11,-14.115128069365195,-14.699234807286432,-14.980808089548134,-13.9333415613801,-14.197691265632521,-14.385240758642476,0.39131605383607465,7,-0.41226215644820297,-0.38268240993036634,-0.4256797583081571,-0.3814401928291654,-0.4321880650994575,-0.40685051652306986,0.02123958326920118,3,0.9238604187552005,-1.2613250847485886,1.3754810620852957,-1.1883864693385897,0.5934032789438606,0.08860664113943569,1.101048714872522,4,-13.160127924601847,-11.695295343253614,-13.86391665396908,-11.63109219397976,-12.28120836571477,-12.526328096303814,0.8652157894680225,51,10.130174536679455,14.385240758642476,0.40685051652306986,12.526328096303814,0.08860664113943569,n500__squared_error__boostrap_true__samples_0.7
28.289422035217285,0.8214675088399883,3.665858602523804,0.5057651577775631,True,squared_error,20,1.0,0.7,2,8,500,"{'bootstrap': True, 'criterion': 'squared_error', 'max_depth': 20, 'max_features': 1.0, 'max_samples': 0.7, 'min_samples_leaf': 2, 'min_samples_split': 8, 'n_estimators': 500}",-10.02247568606927,-10.236430289216047,-10.475673387188523,-10.084523282129451,-10.038692139419544,-10.171558956804567,0.16979310820990962,21,-14.185452888331907,-14.691315157657616,-15.02809087221338,-13.950579853361823,-14.1923824966551,-14.409564253643964,0.3924332425074578,29,-0.41498036846874053,-0.3832879200726612,-0.427190332326284,-0.38324796625489604,-0.4333936106088005,-0.4084200395462765,0.02137427313971522,48,0.9184862852561307,-1.3015882357170097,1.3114626074161686,-1.1881175711643643,0.5567222376812487,0.05939306469443482,1.0919348418638062,65,-13.182505490195924,-11.655522631400995,-13.796117447716243,-11.606592199171827,-12.223777782760928,-12.492903110249184,0.8640718246944952,26,10.171558956804567,14.409564253643964,0.4084200395462765,12.492903110249184,0.05939306469443482,n500__squared_error__boostrap_true__samples_0.7
28.347637557983397,0.5679437765109344,4.124009990692139,1.0131875471934833,True,squared_error,20,1.0,0.7,3,2,500,"{'bootstrap': True, 'criterion': 'squared_error', 'max_depth': 20, 'max_features': 1.0, 'max_samples': 0.7, 'min_samples_leaf': 3, 'min_samples_split': 2, 'n_estimators': 500}",-9.951036901607473,-10.179634591683074,-10.444849498462704,-10.070906497429927,-9.98177571361337,-10.125640640559311,0.17831940500527355,5,-14.147141254043241,-14.68598305622587,-15.020401120583832,-13.95967453519964,-14.158924560118301,-14.394424905234178,0.39559319471759286,17,-0.4137722742373905,-0.38268240993036634,-0.42900302114803623,-0.3811388972582103,-0.43399638336347196,-0.4081185971874951,0.0224173454100689,31,0.9560823281958736,-1.2909661847346494,1.3468764441751537,-1.2081881607716198,0.5716925747272305,0.07509940031839772,1.1093344578148405,52,-13.180099186087185,-11.613635976325414,-13.743173545820882,-11.626625359434358,-12.158474923859066,-12.464401798305381,0.8563577559649589,6,10.125640640559311,14.394424905234178,0.4081185971874951,12.464401798305381,0.07509940031839772,n500__squared_error__boostrap_true__samples_0.7
27.649980211257933,2.129538384918381,5.0710756301879885,1.1438318854826233,True,squared_error,20,1.0,0.7,3,4,500,"{'bootstrap': True, 'criterion': 'squared_error', 'max_depth': 20, 'max_features': 1.0, 'max_samples': 0.7, 'min_samples_leaf': 3, 'min_samples_split': 4, 'n_estimators': 500}",-9.951036901607473,-10.179634591683074,-10.444849498462704,-10.070906497429927,-9.98177571361337,-10.125640640559311,0.17831940500527355,5,-14.147141254043241,-14.685983056225869,-15.020401120583832,-13.959674535199643,-14.158924560118301,-14.394424905234178,0.3955931947175922,17,-0.4137722742373905,-0.38268240993036634,-0.42900302114803623,-0.3811388972582103,-0.43399638336347196,-0.4081185971874951,0.0224173454100689,31,0.9560823281958739,-1.2909661847346494,1.3468764441751537,-1.2081881607716194,0.5716925747272305,0.07509940031839786,1.1093344578148405,51,-13.180099186087183,-11.613635976325416,-13.743173545820882,-11.62662535943436,-12.158474923859067,-12.464401798305381,0.8563577559649577,6,10.125640640559311,14.394424905234178,0.4081185971874951,12.464401798305381,0.07509940031839786,n500__squared_error__boostrap_true__samples_0.7
29.279769706726075,1.0483034837430776,4.092578125,0.5210498619056816,True,squared_error,20,1.0,0.7,3,8,500,"{'bootstrap': True, 'criterion': 'squared_error', 'max_depth': 20, 'max_features': 1.0, 'max_samples': 0.7, 'min_samples_leaf': 3, 'min_samples_split': 8, 'n_estimators': 500}",-9.97540770844108,-10.191455840275694,-10.505815206012153,-10.090567255083766,-10.022111636056444,-10.157071529173827,0.18891435518265193,19,-14.163561939560166,-14.667195671236692,-15.06714936225521,-13.976986613840944,-14.197157102185521,-14.414410137815707,0.3978522490608535,38,-0.4137722742373905,-0.3823796548592189,-0.42628398791540784,-0.3841518529677614,-0.43158529234478604,-0.40763461246491295,0.0207285216100979,23,0.9846438127017971,-1.326654586488468,1.358167703561721,-1.1995734240201312,0.6076473584934179,0.08484617284966736,1.1266208490352174,14,-13.244062257848201,-11.591622542066194,-13.915585907402383,-11.57223863737263,-12.314783639635626,-12.527658596865006,0.9245412881100323,53,10.157071529173827,14.414410137815707,0.40763461246491295,12.527658596865006,0.08484617284966736,n500__squared_error__boostrap_true__samples_0.7
28.52415337562561,0.9159577723217329,3.0040936946868895,1.5427311207916787,True,squared_error,20,1.0,0.7,4,2,500,"{'bootstrap': True, 'criterion': 'squared_error', 'max_depth': 20, 'max_features': 1.0, 'max_samples': 0.7, 'min_samples_leaf': 4, 'min_samples_split': 2, 'n_estimators': 500}",-10.003060806278427,-10.235047212845998,-10.513966104642394,-10.124356519173803,-10.026784469381878,-10.1806430224645,0.18570953737412968,32,-14.210159620665795,-14.703784599111136,-15.092314174536385,-14.02048255734475,-14.201241249706765,-14.445596440272965,0.3951624278234823,72,-0.4137722742373905,-0.38631547078413564,-0.4253776435045317,-0.38234407954203076,-0.43309222423146476,-0.4081803384599107,0.020460712659059792,36,1.0011571265426782,-1.339828754206278,1.4006994581075918,-1.1784459707010737,0.6094142298520966,0.09859921791900299,1.1376227173456643,1,-13.297432691814112,-11.512894423545061,-14.00480930848809,-11.698769547037427,-12.279369270723148,-12.558655048321569,0.9537477083529543,71,10.1806430224645,14.445596440272965,0.4081803384599107,12.558655048321569,0.09859921791900299,n500__squared_error__boostrap_true__samples_0.7
27.332515382766722,0.3367171500902685,4.856756067276001,2.502301795753116,True,squared_error,20,1.0,0.7,4,4,500,"{'bootstrap': True, 'criterion': 'squared_error', 'max_depth': 20, 'max_features': 1.0, 'max_samples': 0.7, 'min_samples_leaf': 4, 'min_samples_split': 4, 'n_estimators': 500}",-10.003060806278427,-10.235047212845998,-10.513966104642396,-10.124356519173803,-10.026784469381878,-10.180643022464501,0.18570953737413032,34,-14.210159620665795,-14.703784599111136,-15.092314174536387,-14.02048255734475,-14.201241249706765,-14.445596440272968,0.3951624278234829,74,-0.4137722742373905,-0.38631547078413564,-0.4253776435045317,-0.38234407954203076,-0.43309222423146476,-0.4081803384599107,0.020460712659059792,36,1.001157126542677,-1.339828754206279,1.400699458107592,-1.1784459707010742,0.6094142298520958,0.09859921791900235,1.1376227173456643,3,-13.297432691814112,-11.512894423545061,-14.00480930848809,-11.698769547037427,-12.279369270723148,-12.558655048321569,0.9537477083529543,71,10.180643022464501,14.445596440272968,0.4081803384599107,12.558655048321569,0.09859921791900235,n500__squared_error__boostrap_true__samples_0.7
28.861068439483642,1.6700589131589714,6.097157049179077,0.47034152589161593,True,squared_error,20,1.0,0.7,4,8,500,"{'bootstrap': True, 'criterion': 'squared_error', 'max_depth': 20, 'max_features': 1.0, 'max_samples': 0.7, 'min_samples_leaf': 4, 'min_samples_split': 8, 'n_estimators': 500}",-10.003060806278429,-10.235047212845998,-10.513966104642396,-10.124356519173803,-10.026784469381877,-10.1806430224645,0.18570953737413026,32,-14.210159620665795,-14.703784599111136,-15.092314174536385,-14.02048255734475,-14.201241249706765,-14.445596440272965,0.3951624278234823,72,-0.4137722742373905,-0.38631547078413564,-0.4253776435045317,-0.38234407954203076,-0.43309222423146476,-0.4081803384599107,0.020460712659059792,36,1.0011571265426773,-1.3398287542062794,1.4006994581075922,-1.1784459707010737,0.6094142298520958,0.09859921791900243,1.1376227173456643,2,-13.297432691814116,-11.512894423545061,-14.00480930848809,-11.698769547037427,-12.279369270723148,-12.558655048321569,0.9537477083529547,71,10.1806430224645,14.445596440272965,0.4081803384599107,12.558655048321569,0.09859921791900243,n500__squared_error__boostrap_true__samples_0.7
36.85138564109802,1.7222651550446288,3.345270109176636,0.7346738557558458,True,squared_error,22,0.875,0.7,1,2,500,"{'bootstrap': True, 'criterion': 'squared_error', 'max_depth': 22, 'max_features': 0.875, 'max_samples': 0.7, 'min_samples_leaf': 1, 'min_samples_split': 2, 'n_estimators': 500}",-10.040274245770233,-10.28764788975102,-10.56341903947886,-10.219787601956757,-10.098021153358351,-10.241829986063046,0.18292641311806246,72,-14.179426058271416,-14.659529028350558,-15.049253949871892,-14.017873334273252,-14.152555766173972,-14.411727627388217,0.38577211486651797,36,-0.4113560857746904,-0.3835906751438087,-0.42900302114803623,-0.3850557396806267,-0.4355033152501507,-0.40890176739946255,0.021573181768787326,71,0.8919299618872377,-1.363090880554881,1.339986101363257,-1.2743386692313352,0.538035702813508,0.02650444325555732,1.1277435516330503,77,-13.288005922009502,-11.632917048687785,-13.873334864854723,-11.615784431813646,-12.211223753902502,-12.52425320425363,0.9078681215192351,48,10.241829986063046,14.411727627388217,0.40890176739946255,12.52425320425363,0.02650444325555732,n500__squared_error__boostrap_true__samples_0.7
34.59184732437134,3.079192123178165,3.9845021247863768,1.5812180818855628,True,squared_error,22,0.875,0.7,1,4,500,"{'bootstrap': True, 'criterion': 'squared_error', 'max_depth': 22, 'max_features': 0.875, 'max_samples': 0.7, 'min_samples_leaf': 1, 'min_samples_split': 4, 'n_estimators': 500}",-10.089800722478952,-10.302383533963141,-10.581663050997864,-10.234089841621856,-10.118782289528799,-10.265343887718123,0.17589898736225595,92,-14.205604642250195,-14.648493952665287,-15.082815981904576,-14.030357339922336,-14.172221136789933,-14.427898610706464,0.38740255782532196,54,-0.41407429779522803,-0.38298516500151375,-0.42658610271903324,-0.385959626393492,-0.43731163351416513,-0.4093833650846864,0.021649312742831328,83,0.84069698683462,-1.4094513075412685,1.306308750306228,-1.2679195454618286,0.5061722130542743,-0.004838580561594941,1.1192390438911926,88,-13.198715505301688,-11.610021795996618,-13.933847968242402,-11.615425141668666,-12.148035506399253,-12.501209183521727,0.9211437380893959,34,10.265343887718123,14.427898610706464,0.4093833650846864,12.501209183521727,-0.004838580561594941,n500__squared_error__boostrap_true__samples_0.7
27.992479133605958,1.6276471276377156,6.236091184616089,0.2940219204419124,True,squared_error,22,0.875,0.7,1,8,500,"{'bootstrap': True, 'criterion': 'squared_error', 'max_depth': 22, 'max_features': 0.875, 'max_samples': 0.7, 'min_samples_leaf': 1, 'min_samples_split': 8, 'n_estimators': 500}",-10.125163144858163,-10.29346958450646,-10.598686674384854,-10.265493335865463,-10.1468880740564,-10.285940162734267,0.1693929622585588,95,-14.256005619213335,-14.657767029046049,-15.107162048125854,-14.076008443616141,-14.212840532099241,-14.461956734420124,0.37631433552385857,84,-0.41467834491090305,-0.38268240993036634,-0.43172205438066463,-0.38324796625489604,-0.43640747438215793,-0.4097476499717976,0.0230334230842674,89,0.8514456269476683,-1.4438741518535683,1.3304196371965011,-1.3461154492944507,0.5262175059209279,-0.016381366216584325,1.1547587240327282,93,-13.235087998342717,-11.56258453878659,-13.815724944483657,-11.636562580789773,-12.2283716555127,-12.495666343583087,0.8910046546789309,27,10.285940162734267,14.461956734420124,0.4097476499717976,12.495666343583087,-0.016381366216584325,n500__squared_error__boostrap_true__samples_0.7
32.83234052658081,5.58775011504292,5.316339063644409,0.5688344232711618,True,squared_error,22,0.875,0.7,2,2,500,"{'bootstrap': True, 'criterion': 'squared_error', 'max_depth': 22, 'max_features': 0.875, 'max_samples': 0.7, 'min_samples_leaf': 2, 'min_samples_split': 2, 'n_estimators': 500}",-10.009201723999738,-10.249572850449079,-10.506664556352149,-10.12573531411914,-10.068834565864357,-10.192001802156891,0.17624094790159664,47,-14.204201600490546,-14.659941570218368,-15.033143211389168,-13.95840934352277,-14.20115883730714,-14.411370912585596,0.38488195252833973,34,-0.412866203563878,-0.3835906751438087,-0.4280966767371601,-0.38234407954203076,-0.4358047016274864,-0.40854046732287286,0.022150569543205045,53,0.9578011879671469,-1.3541744937468239,1.3858944291510593,-1.2498558178891086,0.5987676243012796,0.06768658595671066,1.146266104163249,64,-13.281545955202034,-11.594909539142677,-13.890038899793796,-11.60718835618104,-12.238970977513686,-12.522530745566646,0.9192302839666956,45,10.192001802156891,14.411370912585596,0.40854046732287286,12.522530745566646,0.06768658595671066,n500__squared_error__boostrap_true__samples_0.7
33.084904718399045,2.4896031628751882,7.011353445053101,3.6702122007084346,True,squared_error,22,0.875,0.7,2,4,500,"{'bootstrap': True, 'criterion': 'squared_error', 'max_depth': 22, 'max_features': 0.875, 'max_samples': 0.7, 'min_samples_leaf': 2, 'min_samples_split': 4, 'n_estimators': 500}",-10.009201723999741,-10.249572850449079,-10.506664556352149,-10.12573531411914,-10.068834565864357,-10.192001802156893,0.17624094790159592,48,-14.204201600490546,-14.65994157021837,-15.033143211389168,-13.95840934352277,-14.20115883730714,-14.411370912585596,0.38488195252834,34,-0.412866203563878,-0.3835906751438087,-0.4280966767371601,-0.38234407954203076,-0.4358047016274864,-0.40854046732287286,0.022150569543205045,53,0.9578011879671472,-1.3541744937468234,1.3858944291510593,-1.249855817889109,0.5987676243012794,0.06768658595671069,1.146266104163249,63,-13.281545955202034,-11.594909539142677,-13.890038899793796,-11.60718835618104,-12.238970977513686,-12.522530745566646,0.9192302839666956,45,10.192001802156893,14.411370912585596,0.40854046732287286,12.522530745566646,0.06768658595671069,n500__squared_error__boostrap_true__samples_0.7
25.33086142539978,0.5829404437215405,3.5256402492523193,0.19469841921178607,True,squared_error,22,0.875,0.7,2,8,500,"{'bootstrap': True, 'criterion': 'squared_error', 'max_depth': 22, 'max_features': 0.875, 'max_samples': 0.7, 'min_samples_leaf': 2, 'min_samples_split': 8, 'n_estimators': 500}",-10.039068833563732,-10.29317301471188,-10.588566179443298,-10.186640952750112,-10.109420751729356,-10.243373946439675,0.1921147027273755,73,-14.199436965387225,-14.68189309239181,-15.137480549783946,-14.02786539785707,-14.220842458889726,-14.453503692861954,0.4049284303677278,81,-0.41407429779522803,-0.38298516500151375,-0.4268882175226586,-0.38324796625489604,-0.4345991561181435,-0.40835896053848797,0.02162839726963165,41,0.924334378326762,-1.4289059370305994,1.378906406271047,-1.2823752173336802,0.5881147213706438,0.036014870320834634,1.164596828623253,74,-13.238449319682505,-11.572598481257419,-14.017103417804135,-11.616846688619159,-12.307358772450002,-12.550471335962644,0.9498755066011791,66,10.243373946439675,14.453503692861954,0.40835896053848797,12.550471335962644,0.036014870320834634,n500__squared_error__boostrap_true__samples_0.7
23.007064437866212,0.9126793357978887,4.7252845287323,0.8075944225922352,True,squared_error,22,0.875,0.7,3,2,500,"{'bootstrap': True, 'criterion': 'squared_error', 'max_depth': 22, 'max_features': 0.875, 'max_samples': 0.7, 'min_samples_leaf': 3, 'min_samples_split': 2, 'n_estimators': 500}",-10.018130584672495,-10.283915080129994,-10.528478168469153,-10.1492530482948,-10.056419269642019,-10.207239230241692,0.1849025575976067,57,-14.208653991366345,-14.67732329774337,-15.088723808119628,-13.989146808562024,-14.160531736227824,-14.42487592840384,0.4027190895801084,49,-0.4152823920265781,-0.37904934907659704,-0.427190332326284,-0.3841518529677614,-0.4370102471368294,-0.40853683470681,0.023101211550954345,51,0.9674706856386917,-1.4083456930712583,1.409454353426855,-1.201712365703882,0.6486311157790948,0.08309961921390026,1.1607158044785515,27,-13.22666392945467,-11.707670002178517,-13.972615504765127,-11.645838245301668,-12.24805419959561,-12.560168376259117,0.9054713180123808,74,10.207239230241692,14.42487592840384,0.40853683470681,12.560168376259117,0.08309961921390026,n500__squared_error__boostrap_true__samples_0.7
19.584683179855347,1.8566474944574214,5.842118740081787,0.6139889254693549,True,squared_error,22,0.875,0.7,3,4,500,"{'bootstrap': True, 'criterion': 'squared_error', 'max_depth': 22, 'max_features': 0.875, 'max_samples': 0.7, 'min_samples_leaf': 3, 'min_samples_split': 4, 'n_estimators': 500}",-10.018130584672496,-10.283915080129994,-10.528478168469153,-10.149253048294801,-10.056419269642019,-10.207239230241694,0.18490255759760624,58,-14.208653991366345,-14.677323297743367,-15.088723808119626,-13.989146808562024,-14.160531736227824,-14.42487592840384,0.4027190895801074,49,-0.4152823920265781,-0.37904934907659704,-0.427190332326284,-0.3841518529677614,-0.4370102471368294,-0.40853683470681,0.023101211550954345,51,0.9674706856386925,-1.4083456930712583,1.4094543534268553,-1.2017123657038822,0.6486311157790953,0.08309961921390052,1.1607158044785517,26,-13.22666392945467,-11.707670002178515,-13.972615504765127,-11.645838245301668,-12.24805419959561,-12.560168376259117,0.9054713180123811,74,10.207239230241694,14.42487592840384,0.40853683470681,12.560168376259117,0.08309961921390052,n500__squared_error__boostrap_true__samples_0.7
24.54582223892212,0.1664237338300572,7.516097593307495,0.2464803785345793,True,squared_error,22,0.875,0.7,3,8,500,"{'bootstrap': True, 'criterion': 'squared_error', 'max_depth': 22, 'max_features': 0.875, 'max_samples': 0.7, 'min_samples_leaf': 3, 'min_samples_split': 8, 'n_estimators': 500}",-10.069922511325332,-10.28330929632443,-10.559838034787953,-10.16747475854317,-10.06495593751049,-10.229100107698276,0.1835236834848712,68,-14.2600425004964,-14.674719699978185,-15.103725026288036,-14.014291023106052,-14.176755638747466,-14.445906777723229,0.3945529688978349,75,-0.4164904862579281,-0.38268240993036634,-0.4280966767371601,-0.38294667068394095,-0.4355033152501507,-0.40914391177190923,0.0223360879679791,77,0.9890977149447119,-1.369048014176697,1.4062244601352503,-1.224755045943334,0.6078940199772589,0.08188262698743802,1.1546523482147026,28,-13.276437987374953,-11.64707476856565,-13.97588809392936,-11.676194620817803,-12.253465798942683,-12.56581225392609,0.9193868843620707,85,10.229100107698276,14.445906777723229,0.40914391177190923,12.56581225392609,0.08188262698743802,n500__squared_error__boostrap_true__samples_0.7
23.602064990997313,0.4880435959998349,7.567687368392944,0.8259808294858795,True,squared_error,22,0.875,0.7,4,2,500,"{'bootstrap': True, 'criterion': 'squared_error', 'max_depth': 22, 'max_features': 0.875, 'max_samples': 0.7, 'min_samples_leaf': 4, 'min_samples_split': 2, 'n_estimators': 500}",-10.094920464098696,-10.289737525671175,-10.588272508539092,-10.186467479467872,-10.09840063719618,-10.251559722994603,0.18279147010938507,78,-14.283352265881673,-14.667105065817744,-15.127782800933995,-14.056250326787028,-14.222433146455815,-14.471384721175252,0.3844046171993871,85,-0.4155844155844156,-0.38449894035725096,-0.42658610271903324,-0.3817414884001205,-0.4345991561181435,-0.40860202063579276,0.021681691685753686,59,1.0017412765281994,-1.4061807131556416,1.4234091867731258,-1.2357758798279772,0.6192490178107031,0.08048857762568189,1.1734686030503323,34,-13.350671156691734,-11.552121319582204,-14.078847879420483,-11.723498586900082,-12.33049984580889,-12.607127757680678,0.9684192274482079,94,10.251559722994603,14.471384721175252,0.40860202063579276,12.607127757680678,0.08048857762568189,n500__squared_error__boostrap_true__samples_0.7
21.597377586364747,0.2368164685822308,8.223239278793335,1.0550430802918294,True,squared_error,22,0.875,0.7,4,4,500,"{'bootstrap': True, 'criterion': 'squared_error', 'max_depth': 22, 'max_features': 0.875, 'max_samples': 0.7, 'min_samples_leaf': 4, 'min_samples_split': 4, 'n_estimators': 500}",-10.094920464098694,-10.289737525671175,-10.588272508539092,-10.18646747946787,-10.09840063719618,-10.251559722994603,0.1827914701093855,78,-14.283352265881673,-14.667105065817744,-15.127782800933995,-14.056250326787028,-14.222433146455815,-14.471384721175252,0.3844046171993871,85,-0.4155844155844156,-0.38449894035725096,-0.42658610271903324,-0.3817414884001205,-0.4345991561181435,-0.40860202063579276,0.021681691685753686,59,1.0017412765281997,-1.4061807131556419,1.4234091867731258,-1.2357758798279765,0.6192490178107036,0.08048857762568214,1.1734686030503323,33,-13.350671156691734,-11.552121319582204,-14.078847879420483,-11.723498586900082,-12.330499845808891,-12.607127757680678,0.9684192274482079,94,10.251559722994603,14.471384721175252,0.40860202063579276,12.607127757680678,0.08048857762568214,n500__squared_error__boostrap_true__samples_0.7
22.1769739151001,2.028771591027338,4.995448732376099,1.5867019829740556,True,squared_error,22,0.875,0.7,4,8,500,"{'bootstrap': True, 'criterion': 'squared_error', 'max_depth': 22, 'max_features': 0.875, 'max_samples': 0.7, 'min_samples_leaf': 4, 'min_samples_split': 8, 'n_estimators': 500}",-10.094920464098694,-10.289737525671175,-10.588272508539092,-10.186467479467872,-10.09840063719618,-10.251559722994603,0.18279147010938537,78,-14.283352265881673,-14.667105065817744,-15.127782800933993,-14.056250326787028,-14.222433146455815,-14.471384721175252,0.3844046171993865,85,-0.4155844155844156,-0.38449894035725096,-0.42658610271903324,-0.3817414884001205,-0.4345991561181435,-0.40860202063579276,0.021681691685753686,59,1.0017412765281992,-1.4061807131556416,1.4234091867731251,-1.2357758798279774,0.619249017810704,0.08048857762568185,1.1734686030503323,35,-13.350671156691734,-11.552121319582204,-14.078847879420483,-11.723498586900083,-12.33049984580889,-12.60712775768068,0.9684192274482076,96,10.251559722994603,14.471384721175252,0.40860202063579276,12.60712775768068,0.08048857762568185,n500__squared_error__boostrap_true__samples_0.7
25.439353227615356,1.012239872536374,4.8382823944091795,0.514379695431637,True,squared_error,22,1.0,0.7,1,2,500,"{'bootstrap': True, 'criterion': 'squared_error', 'max_depth': 22, 'max_features': 1.0, 'max_samples': 0.7, 'min_samples_leaf': 1, 'min_samples_split': 2, 'n_estimators': 500}",-10.003331549217474,-10.197005635750457,-10.531584517885083,-10.147817268875833,-10.042735519368552,-10.18449489821948,0.18702344860539555,38,-14.13965209367251,-14.662131238902868,-15.025045569433386,-13.973312714212701,-14.145276755117926,-14.38908367426788,0.3933257995871875,11,-0.4113560857746904,-0.3835906751438087,-0.43021148036253776,-0.3847544441096716,-0.4336949969861362,-0.4087215364753689,0.02144021443875528,64,0.8785868235595231,-1.3222524089731225,1.338864032401207,-1.2119167653069012,0.5303073816521797,0.04271781266657726,1.100333335339515,71,-13.226883895838707,-11.567999174445754,-13.79606204404762,-11.612472110941773,-12.189491433490891,-12.47858173175295,0.8897853866570891,14,10.18449489821948,14.38908367426788,0.4087215364753689,12.47858173175295,0.04271781266657726,n500__squared_error__boostrap_true__samples_0.7
34.49594259262085,5.224607679882537,8.338237524032593,0.34731289470569826,True,squared_error,22,1.0,0.7,1,4,500,"{'bootstrap': True, 'criterion': 'squared_error', 'max_depth': 22, 'max_features': 1.0, 'max_samples': 0.7, 'min_samples_leaf': 1, 'min_samples_split': 4, 'n_estimators': 500}",-9.978638352611739,-10.235650729357726,-10.516134866543215,-10.156604109052632,-10.057238366192815,-10.188853284751625,0.18539474017174815,43,-14.112398656741211,-14.68170521257211,-15.028481935878398,-13.979377480579878,-14.167565536907066,-14.393905764535734,0.39694465309591415,16,-0.4098459679855029,-0.3832879200726612,-0.42900302114803623,-0.38746610424826755,-0.432790837854129,-0.4084787702617194,0.0204465244035202,49,0.8626551684713201,-1.3313158263733944,1.3146327215086462,-1.2374919687535197,0.4992644253390815,0.02154890403842672,1.0975577000336816,79,-13.226058529221078,-11.615725981262738,-13.788676308609737,-11.509538566739018,-12.195848280746112,-12.467169533315737,0.8986568953532159,9,10.188853284751625,14.393905764535734,0.4084787702617194,12.467169533315737,0.02154890403842672,n500__squared_error__boostrap_true__samples_0.7
34.00196499824524,2.979837060796853,5.441271257400513,3.0432100650774174,True,squared_error,22,1.0,0.7,1,8,500,"{'bootstrap': True, 'criterion': 'squared_error', 'max_depth': 22, 'max_features': 1.0, 'max_samples': 0.7, 'min_samples_leaf': 1, 'min_samples_split': 8, 'n_estimators': 500}",-10.056109790378091,-10.235471787889402,-10.558960077121272,-10.197369568324513,-10.077543195077219,-10.2250908837581,0.1803717290108959,64,-14.210128299017684,-14.708591603973293,-15.080925866326902,-14.031848430961851,-14.188103169505435,-14.443919473957033,0.3913390652376403,67,-0.4083358501963153,-0.38116863457462913,-0.42779456193353477,-0.3844531485387165,-0.43520192887281495,-0.4073908248232021,0.021928991423437585,7,0.8415347915924586,-1.357751646211901,1.287736321715328,-1.2768178657398404,0.4515329968100796,-0.010753080366775058,1.0994091993712325,90,-13.343972341310831,-11.6453969928359,-13.846244731691083,-11.601610932946132,-12.09677105425279,-12.506799210607348,0.9191817929575755,38,10.2250908837581,14.443919473957033,0.4073908248232021,12.506799210607348,-0.010753080366775058,n500__squared_error__boostrap_true__samples_0.7
32.72558522224426,1.3930505414193421,2.7099841117858885,0.7850497626139313,True,squared_error,22,1.0,0.7,2,2,500,"{'bootstrap': True, 'criterion': 'squared_error', 'max_depth': 22, 'max_features': 1.0, 'max_samples': 0.7, 'min_samples_leaf': 2, 'min_samples_split': 2, 'n_estimators': 500}",-9.935208231014801,-10.1792222414553,-10.444385631577415,-10.074234187697696,-10.003441615395376,-10.127298381428117,0.1779299550281092,7,-14.129068276334722,-14.697424996943381,-14.992101313385495,-13.927445851672124,-14.161935347552136,-14.381595157177571,0.397677785061789,5,-0.41316822712171547,-0.38661822585528305,-0.42507552870090637,-0.38324796625489604,-0.43128390596745025,-0.4078787707800503,0.019647872590047917,27,0.9289284335001152,-1.243585173413106,1.3328454531372902,-1.1862198757684488,0.5915202791705306,0.08469782332527627,1.0869254204410281,21,-13.147352520544182,-11.556150836234675,-13.853104083299815,-11.595644458055494,-12.283048066446428,-12.48705999291612,0.8949745313515644,21,10.127298381428117,14.381595157177571,0.4078787707800503,12.48705999291612,0.08469782332527627,n500__squared_error__boostrap_true__samples_0.7
28.502170658111574,1.4081531387110975,4.975072288513184,1.2847283775848972,True,squared_error,22,1.0,0.7,2,4,500,"{'bootstrap': True, 'criterion': 'squared_error', 'max_depth': 22, 'max_features': 1.0, 'max_samples': 0.7, 'min_samples_leaf': 2, 'min_samples_split': 4, 'n_estimators': 500}",-9.935208231014801,-10.1792222414553,-10.444385631577417,-10.074234187697696,-10.003441615395376,-10.127298381428117,0.17792995502810985,7,-14.129068276334722,-14.697424996943381,-14.992101313385497,-13.927445851672124,-14.161935347552136,-14.381595157177571,0.3976777850617896,5,-0.41316822712171547,-0.38661822585528305,-0.42507552870090637,-0.38324796625489604,-0.43128390596745025,-0.4078787707800503,0.019647872590047917,27,0.9289284335001156,-1.2435851734131054,1.3328454531372897,-1.1862198757684481,0.5915202791705304,0.08469782332527645,1.0869254204410277,20,-13.147352520544182,-11.556150836234675,-13.853104083299815,-11.595644458055494,-12.283048066446428,-12.48705999291612,0.8949745313515644,21,10.127298381428117,14.381595157177571,0.4078787707800503,12.48705999291612,0.08469782332527645,n500__squared_error__boostrap_true__samples_0.7
24.97867908477783,4.500893371271886,4.500549697875977,1.57659471490302,True,squared_error,22,1.0,0.7,2,8,500,"{'bootstrap': True, 'criterion': 'squared_error', 'max_depth': 22, 'max_features': 1.0, 'max_samples': 0.7, 'min_samples_leaf': 2, 'min_samples_split': 8, 'n_estimators': 500}",-10.017177504948739,-10.229804985420268,-10.498528372382166,-10.135911726417604,-10.031904753572743,-10.182665468548304,0.17566586449778981,36,-14.191539197440552,-14.69579293613069,-15.03585659851932,-13.985087276684759,-14.188067488697955,-14.419268699494657,0.3874208369625177,44,-0.41316822712171547,-0.38449894035725096,-0.4280966767371601,-0.3841518529677614,-0.432790837854129,-0.4085413070076034,0.020807409659975355,55,0.9065312752932158,-1.3233397290599482,1.329460651746917,-1.2223133938565856,0.55544905850297,0.04915757252531379,1.107337705566524,70,-13.219444360884909,-11.581911315652809,-13.814623736720987,-11.601659947360796,-12.231490232753208,-12.489825918674542,0.8907656678963726,24,10.182665468548304,14.419268699494657,0.4085413070076034,12.489825918674542,0.04915757252531379,n500__squared_error__boostrap_true__samples_0.7
30.19002652168274,0.27335837672650115,3.318693161010742,0.25859474106140484,True,squared_error,22,1.0,0.7,3,2,500,"{'bootstrap': True, 'criterion': 'squared_error', 'max_depth': 22, 'max_features': 1.0, 'max_samples': 0.7, 'min_samples_leaf': 3, 'min_samples_split': 2, 'n_estimators': 500}",-9.960021268682137,-10.14077839184215,-10.473010354013766,-10.084277872191123,-9.9965638225696,-10.130930341859756,0.1825138047000888,15,-14.164629501380027,-14.632379668239798,-15.041068331648878,-13.972432621483678,-14.17584022337971,-14.397270069226419,0.38817325865921376,20,-0.41407429779522803,-0.38419618528610355,-0.42386706948640485,-0.38234407954203076,-0.43309222423146476,-0.40751477126824637,0.020697590775460708,10,0.9573372928307342,-1.305219840541876,1.363289692779768,-1.200684894180858,0.590125179005099,0.08096948597857341,1.1167599531268946,32,-13.182849816618935,-11.498758823855322,-13.962278387343765,-11.617275450754953,-12.222210893258474,-12.49667467436629,0.9448110896542281,28,10.130930341859756,14.397270069226419,0.40751477126824637,12.49667467436629,0.08096948597857341,n500__squared_error__boostrap_true__samples_0.7
25.44308457374573,3.708297436691255,5.888321304321289,1.6452922399389742,True,squared_error,22,1.0,0.7,3,4,500,"{'bootstrap': True, 'criterion': 'squared_error', 'max_depth': 22, 'max_features': 1.0, 'max_samples': 0.7, 'min_samples_leaf': 3, 'min_samples_split': 4, 'n_estimators': 500}",-9.960021268682137,-10.14077839184215,-10.473010354013766,-10.084277872191123,-9.9965638225696,-10.130930341859756,0.1825138047000888,15,-14.164629501380027,-14.632379668239798,-15.041068331648878,-13.972432621483676,-14.17584022337971,-14.397270069226419,0.38817325865921415,20,-0.41407429779522803,-0.38419618528610355,-0.42386706948640485,-0.38234407954203076,-0.43309222423146476,-0.40751477126824637,0.020697590775460708,10,0.9573372928307341,-1.3052198405418756,1.363289692779768,-1.2006848941808572,0.5901251790050994,0.08096948597857376,1.1167599531268946,31,-13.182849816618935,-11.498758823855324,-13.962278387343762,-11.617275450754951,-12.222210893258474,-12.49667467436629,0.944811089654227,28,10.130930341859756,14.397270069226419,0.40751477126824637,12.49667467436629,0.08096948597857376,n500__squared_error__boostrap_true__samples_0.7
27.777536725997926,3.191807595358242,6.721752166748047,0.5409877458407264,True,squared_error,22,1.0,0.7,3,8,500,"{'bootstrap': True, 'criterion': 'squared_error', 'max_depth': 22, 'max_features': 1.0, 'max_samples': 0.7, 'min_samples_leaf': 3, 'min_samples_split': 8, 'n_estimators': 500}",-9.974827156349425,-10.20587432256843,-10.491130347081157,-10.113639815131627,-10.020128164108655,-10.16111996104786,0.18316542681834982,20,-14.17003892796003,-14.681134023693787,-15.055558171659598,-14.000382567101653,-14.186252138991756,-14.418673165881364,0.391232349251287,43,-0.413470250679553,-0.3848016954283984,-0.4256797583081571,-0.38264537511298585,-0.4306811332127788,-0.40745564254837463,0.02018151636091849,8,0.9757652374878317,-1.3356708298547926,1.375229082919991,-1.1990476805709642,0.5891233507500464,0.08107983214642248,1.129539849823878,29,-13.242297814461343,-11.52568140693672,-13.938129777609584,-11.648634367955447,-12.316828735584734,-12.534314420509565,0.9296244163800627,59,10.16111996104786,14.418673165881364,0.40745564254837463,12.534314420509565,0.08107983214642248,n500__squared_error__boostrap_true__samples_0.7
32.269193506240846,0.7634857201031306,6.696206045150757,0.5496264601092774,True,squared_error,22,1.0,0.7,4,2,500,"{'bootstrap': True, 'criterion': 'squared_error', 'max_depth': 22, 'max_features': 1.0, 'max_samples': 0.7, 'min_samples_leaf': 4, 'min_samples_split': 2, 'n_estimators': 500}",-9.991483972484232,-10.250716233839787,-10.525523135139998,-10.10696152930105,-10.020380898353519,-10.179013153823718,0.19531171074022965,28,-14.196499417621885,-14.734798022531406,-15.11797415362437,-13.998076815148503,-14.195632878443599,-14.448596257473952,0.41484678470101444,76,-0.41498036846874053,-0.3835906751438087,-0.42658610271903324,-0.3811388972582103,-0.43128390596745025,-0.4075159899114486,0.02122485188148021,12,0.9751334608342394,-1.3224588244785134,1.3690940949900159,-1.1985250783544374,0.6109124088650323,0.08683121237126737,1.1266036825216443,8,-13.213417147641,-11.637740419542336,-13.941637050896018,-11.686601020036289,-12.325168131848761,-12.560912753992882,0.8949195787206455,81,10.179013153823718,14.448596257473952,0.4075159899114486,12.560912753992882,0.08683121237126737,n500__squared_error__boostrap_true__samples_0.7
30.177419805526732,2.4490985086895183,6.14060697555542,1.7399585019405557,True,squared_error,22,1.0,0.7,4,4,500,"{'bootstrap': True, 'criterion': 'squared_error', 'max_depth': 22, 'max_features': 1.0, 'max_samples': 0.7, 'min_samples_leaf': 4, 'min_samples_split': 4, 'n_estimators': 500}",-9.991483972484234,-10.250716233839784,-10.525523135139998,-10.10696152930105,-10.020380898353519,-10.179013153823718,0.19531171074022904,28,-14.196499417621885,-14.734798022531406,-15.11797415362437,-13.998076815148504,-14.195632878443599,-14.448596257473955,0.414846784701014,78,-0.41498036846874053,-0.3835906751438087,-0.42658610271903324,-0.3811388972582103,-0.43128390596745025,-0.4075159899114486,0.02122485188148021,12,0.97513346083424,-1.3224588244785145,1.3690940949900157,-1.1985250783544366,0.6109124088650332,0.08683121237126754,1.1266036825216446,7,-13.213417147641,-11.637740419542336,-13.941637050896015,-11.686601020036289,-12.325168131848761,-12.560912753992879,0.8949195787206443,79,10.179013153823718,14.448596257473955,0.4075159899114486,12.560912753992879,0.08683121237126754,n500__squared_error__boostrap_true__samples_0.7
23.28414487838745,0.859165834996962,4.400519227981567,1.551355931032669,True,squared_error,22,1.0,0.7,4,8,500,"{'bootstrap': True, 'criterion': 'squared_error', 'max_depth': 22, 'max_features': 1.0, 'max_samples': 0.7, 'min_samples_leaf': 4, 'min_samples_split': 8, 'n_estimators': 500}",-9.991483972484232,-10.250716233839784,-10.525523135139998,-10.10696152930105,-10.020380898353519,-10.179013153823718,0.19531171074022938,28,-14.196499417621885,-14.734798022531407,-15.11797415362437,-13.998076815148503,-14.195632878443599,-14.448596257473952,0.41484678470101466,76,-0.41498036846874053,-0.3835906751438087,-0.42658610271903324,-0.3811388972582103,-0.43128390596745025,-0.4075159899114486,0.02122485188148021,12,0.9751334608342397,-1.3224588244785134,1.3690940949900152,-1.1985250783544366,0.6109124088650328,0.08683121237126756,1.126603682521644,6,-13.213417147641,-11.637740419542336,-13.941637050896018,-11.686601020036287,-12.325168131848761,-12.56091275399288,0.8949195787206458,80,10.179013153823718,14.448596257473952,0.4075159899114486,12.56091275399288,0.08683121237126756,n500__squared_error__boostrap_true__samples_0.7
49.26439771652222,2.251163464141056,5.662787294387817,2.1500299668398437,True,squared_error,24,0.875,0.7,1,2,500,"{'bootstrap': True, 'criterion': 'squared_error', 'max_depth': 24, 'max_features': 0.875, 'max_samples': 0.7, 'min_samples_leaf': 1, 'min_samples_split': 2, 'n_estimators': 500}",-10.065510100251387,-10.275130871890346,-10.57363863014699,-10.234081030977528,-10.081920388126226,-10.246056204278496,0.18321378148684883,74,-14.223732087951772,-14.638675873524175,-15.044463103007924,-14.023017014366564,-14.13830063547732,-14.41363774286555,0.37763528152314146,37,-0.4152823920265781,-0.3854072055706933,-0.43051359516616317,-0.38686351310635736,-0.4361060880048222,-0.41083455877492286,0.021292530168850497,95,0.8371084957759901,-1.349047907160049,1.3451424967408976,-1.257654054080431,0.5402009574673644,0.023149997748754415,1.1136355246009664,78,-13.12675278961696,-11.58006756971884,-13.842514221052248,-11.601542498567548,-12.178368564160172,-12.465849128623153,0.8884008579042244,8,10.246056204278496,14.41363774286555,0.41083455877492286,12.465849128623153,0.023149997748754415,n500__squared_error__boostrap_true__samples_0.7
47.525619173049925,0.9941992811689496,4.963062286376953,1.5009372147282511,True,squared_error,24,0.875,0.7,1,4,500,"{'bootstrap': True, 'criterion': 'squared_error', 'max_depth': 24, 'max_features': 0.875, 'max_samples': 0.7, 'min_samples_leaf': 1, 'min_samples_split': 4, 'n_estimators': 500}",-10.08203580499605,-10.269852364640268,-10.583229015076816,-10.218630925644835,-10.092718431645418,-10.249293308400677,0.1818607583724945,76,-14.209370467020612,-14.600205704170717,-15.068582978917844,-14.03217374293496,-14.165148204634821,-14.415096219535792,0.377554548238119,39,-0.41165810933252794,-0.38116863457462913,-0.4268882175226586,-0.3844531485387165,-0.43791440626883665,-0.4084165032474737,0.022532320062713315,46,0.847079281748813,-1.4166684285060065,1.3294680029563655,-1.2804228496701502,0.5088434727599055,-0.0023401041422145496,1.1305180131310917,87,-13.274504788045578,-11.613211493666189,-13.952946613478353,-11.624573904451404,-12.104605092504082,-12.513968378429121,0.9401103963844843,40,10.249293308400677,14.415096219535792,0.4084165032474737,12.513968378429121,-0.0023401041422145496,n500__squared_error__boostrap_true__samples_0.7
42.77615027427673,2.6528707579071287,1.7563852787017822,0.22127307183900088,True,squared_error,24,0.875,0.7,1,8,500,"{'bootstrap': True, 'criterion': 'squared_error', 'max_depth': 24, 'max_features': 0.875, 'max_samples': 0.7, 'min_samples_leaf': 1, 'min_samples_split': 8, 'n_estimators': 500}",-10.114126405347612,-10.332675315163277,-10.615001320667146,-10.277761317283503,-10.15468338552797,-10.298849548797904,0.1768883044142834,96,-14.233568421264597,-14.680964765008204,-15.089654769650187,-14.091329117756244,-14.206749149688278,-14.460453244673502,0.3732599634601324,83,-0.4152823920265781,-0.38419618528610355,-0.42749244712990936,-0.3862609219644471,-0.4361060880048222,-0.409867606882372,0.021188252608980492,90,0.8433504380897041,-1.4284117333397686,1.2807748062962003,-1.3373062269496818,0.5093762064496843,-0.02644330189077233,1.1345783330447412,95,-13.192802119498527,-11.588172817479533,-13.91343426863911,-11.573077396574863,-12.226451183891454,-12.498787557216698,0.9212173616227113,33,10.298849548797904,14.460453244673502,0.409867606882372,12.498787557216698,-0.02644330189077233,n500__squared_error__boostrap_true__samples_0.7
27.00716013908386,5.233958880086667,11.408208179473878,4.742256541503872,True,squared_error,24,0.875,0.7,2,2,500,"{'bootstrap': True, 'criterion': 'squared_error', 'max_depth': 24, 'max_features': 0.875, 'max_samples': 0.7, 'min_samples_leaf': 2, 'min_samples_split': 2, 'n_estimators': 500}",-10.013956552501787,-10.214999489922475,-10.523018638045267,-10.159416862896803,-10.052824856468193,-10.192843279966905,0.18012751608910735,49,-14.190639025785556,-14.627869724340053,-15.065284418720415,-13.995255971920034,-14.169399141573734,-14.409689656467958,0.38855759509961574,30,-0.41467834491090305,-0.3854072055706933,-0.4283987915407855,-0.3811388972582103,-0.4345991561181435,-0.4088444790797471,0.021893439973288874,68,0.9434771888599561,-1.3418824430149447,1.3856283564114265,-1.252111549216033,0.6192017222195196,0.07086265505198489,1.1434028304964952,59,-13.211967632064361,-11.511353340901639,-13.899020293248112,-11.685117128895842,-12.278011160917417,-12.517093911205475,0.9114197755006641,42,10.192843279966905,14.409689656467958,0.4088444790797471,12.517093911205475,0.07086265505198489,n500__squared_error__boostrap_true__samples_0.7
40.11975531578064,3.7705657999625686,8.089530992507935,1.3858921017465624,True,squared_error,24,0.875,0.7,2,4,500,"{'bootstrap': True, 'criterion': 'squared_error', 'max_depth': 24, 'max_features': 0.875, 'max_samples': 0.7, 'min_samples_leaf': 2, 'min_samples_split': 4, 'n_estimators': 500}",-10.01395655250179,-10.214999489922475,-10.523018638045263,-10.159416862896807,-10.052824856468193,-10.192843279966905,0.1801275160891052,49,-14.190639025785556,-14.627869724340053,-15.065284418720415,-13.995255971920036,-14.169399141573736,-14.409689656467961,0.3885575950996151,31,-0.41467834491090305,-0.3854072055706933,-0.4283987915407855,-0.3811388972582103,-0.4345991561181435,-0.4088444790797471,0.021893439973288874,68,0.943477188859956,-1.3418824430149459,1.3856283564114256,-1.2521115492160335,0.6192017222195196,0.07086265505198437,1.1434028304964952,60,-13.211967632064361,-11.511353340901639,-13.899020293248114,-11.685117128895843,-12.278011160917417,-12.517093911205475,0.9114197755006642,42,10.192843279966905,14.409689656467961,0.4088444790797471,12.517093911205475,0.07086265505198437,n500__squared_error__boostrap_true__samples_0.7
44.70641050338745,0.26338894328692253,6.062683868408203,0.5264684734089787,True,squared_error,24,0.875,0.7,2,8,500,"{'bootstrap': True, 'criterion': 'squared_error', 'max_depth': 24, 'max_features': 0.875, 'max_samples': 0.7, 'min_samples_leaf': 2, 'min_samples_split': 8, 'n_estimators': 500}",-10.06809658172896,-10.251681480697181,-10.581894665060464,-10.183003969552733,-10.095070212425581,-10.235949381892985,0.18479737956974435,70,-14.232474646752959,-14.639005279227451,-15.115497466227664,-14.02778487793972,-14.189009083530582,-14.440754270735676,0.39290752160382875,63,-0.413470250679553,-0.38298516500151375,-0.42779456193353477,-0.38324796625489604,-0.4342977697408077,-0.4083591427220611,0.021684470226521306,42,0.9239722829553827,-1.4152442957833755,1.3532617746462738,-1.267193681525259,0.5669280723610315,0.03234483053081072,1.1497751912921192,76,-13.292454350244657,-11.536265621253085,-13.94963552804707,-11.63190815485974,-12.274986227939618,-12.537049976468833,0.943987516825392,60,10.235949381892985,14.440754270735676,0.4083591427220611,12.537049976468833,0.03234483053081072,n500__squared_error__boostrap_true__samples_0.7
32.99358434677124,8.827482517951891,9.331867694854736,3.102630101041963,True,squared_error,24,0.875,0.7,3,2,500,"{'bootstrap': True, 'criterion': 'squared_error', 'max_depth': 24, 'max_features': 0.875, 'max_samples': 0.7, 'min_samples_leaf': 3, 'min_samples_split': 2, 'n_estimators': 500}",-10.016313597454348,-10.26766844352918,-10.525743677199866,-10.153241262836074,-10.062327532468675,-10.20505890269763,0.1819015015332883,56,-14.200301863141126,-14.65173341183207,-15.084656290247699,-13.999981155871804,-14.178907130481457,-14.423115970314834,0.39451962801992035,47,-0.41256418000604045,-0.3832879200726612,-0.4268882175226586,-0.3841518529677614,-0.4345991561181435,-0.40829826533745306,0.021279510363995686,39,0.957559112099679,-1.377936251915547,1.3983887595186577,-1.222643535509641,0.6422498386232018,0.07952358456327013,1.1529823032364725,36,-13.299594634455849,-11.596676709676077,-13.966340539822475,-11.623785826273108,-12.315460373537741,-12.560371616753049,0.9369185254275778,76,10.20505890269763,14.423115970314834,0.40829826533745306,12.560371616753049,0.07952358456327013,n500__squared_error__boostrap_true__samples_0.7
34.92378644943237,7.774154553318023,9.102845621109008,1.4083312310307896,True,squared_error,24,0.875,0.7,3,4,500,"{'bootstrap': True, 'criterion': 'squared_error', 'max_depth': 24, 'max_features': 0.875, 'max_samples': 0.7, 'min_samples_leaf': 3, 'min_samples_split': 4, 'n_estimators': 500}",-10.016313597454346,-10.26766844352918,-10.525743677199866,-10.153241262836072,-10.062327532468675,-10.205058902697626,0.18190150153328874,55,-14.200301863141126,-14.651733411832069,-15.084656290247699,-13.999981155871804,-14.178907130481457,-14.423115970314834,0.39451962801992013,47,-0.41256418000604045,-0.3832879200726612,-0.4268882175226586,-0.3841518529677614,-0.4345991561181435,-0.40829826533745306,0.021279510363995686,39,0.9575591120996796,-1.3779362519155471,1.3983887595186582,-1.2226435355096412,0.642249838623201,0.07952358456327006,1.1529823032364728,37,-13.299594634455849,-11.596676709676077,-13.966340539822479,-11.623785826273108,-12.315460373537741,-12.560371616753049,0.9369185254275788,76,10.205058902697626,14.423115970314834,0.40829826533745306,12.560371616753049,0.07952358456327006,n500__squared_error__boostrap_true__samples_0.7
41.92754473686218,0.45537518427815654,6.804356908798217,0.08899804032264329,True,squared_error,24,0.875,0.7,3,8,500,"{'bootstrap': True, 'criterion': 'squared_error', 'max_depth': 24, 'max_features': 0.875, 'max_samples': 0.7, 'min_samples_leaf': 3, 'min_samples_split': 8, 'n_estimators': 500}",-10.068256286524495,-10.276125559167372,-10.559760543890922,-10.169044240529598,-10.064964174602096,-10.227630160942898,0.1832784547928011,67,-14.243486823504721,-14.666864624016359,-15.099429487493214,-14.012249125228866,-14.166841560050095,-14.437774324058648,0.39559924447811284,62,-0.41618846270009063,-0.3838934302149561,-0.42658610271903324,-0.3817414884001205,-0.4345991561181435,-0.4086017280304688,0.02185788185986711,56,0.9773253020496946,-1.3670327326615126,1.412073457791922,-1.224683725004766,0.6073683899242289,0.0810101384199134,1.153588146881858,30,-13.269927663196347,-11.603601579632828,-14.032142544465376,-11.715206215874868,-12.278363193168637,-12.579848239267612,0.9356201111910478,86,10.227630160942898,14.437774324058648,0.4086017280304688,12.579848239267612,0.0810101384199134,n500__squared_error__boostrap_true__samples_0.7
35.0667483329773,7.00456810703484,5.445976829528808,2.209153476689318,True,squared_error,24,0.875,0.7,4,2,500,"{'bootstrap': True, 'criterion': 'squared_error', 'max_depth': 24, 'max_features': 0.875, 'max_samples': 0.7, 'min_samples_leaf': 4, 'min_samples_split': 2, 'n_estimators': 500}",-10.110999377612597,-10.28651837089782,-10.601130135432001,-10.177055442389682,-10.09436068702961,-10.25401280267234,0.18623164486522473,85,-14.298969609370126,-14.677370064816687,-15.148530917280828,-14.037371559194941,-14.22359008386833,-14.477166446906182,0.3950408507388023,91,-0.4158864391422531,-0.3848016954283984,-0.4280966767371601,-0.38234407954203076,-0.4355033152501507,-0.40932644121999867,0.021954931318332215,80,1.0077235709540568,-1.391472143346246,1.4282847903325588,-1.260841973832733,0.6102266366397867,0.07878417614948467,1.1766701544991849,41,-13.367498795462668,-11.557961325571537,-14.049881229456844,-11.659934003995474,-12.289903370219744,-12.585035744941255,0.9752762615351921,90,10.25401280267234,14.477166446906182,0.40932644121999867,12.585035744941255,0.07878417614948467,n500__squared_error__boostrap_true__samples_0.7
23.314035367965698,3.1878670271685503,6.7858867168426515,2.731907407533552,True,squared_error,24,0.875,0.7,4,4,500,"{'bootstrap': True, 'criterion': 'squared_error', 'max_depth': 24, 'max_features': 0.875, 'max_samples': 0.7, 'min_samples_leaf': 4, 'min_samples_split': 4, 'n_estimators': 500}",-10.110999377612597,-10.28651837089782,-10.601130135432003,-10.177055442389682,-10.094360687029614,-10.254012802672342,0.18623164486522478,87,-14.298969609370124,-14.677370064816687,-15.148530917280828,-14.037371559194941,-14.22359008386833,-14.477166446906182,0.39504085073880246,91,-0.4158864391422531,-0.3848016954283984,-0.4280966767371601,-0.38234407954203076,-0.4355033152501507,-0.40932644121999867,0.021954931318332215,80,1.0077235709540566,-1.391472143346246,1.4282847903325586,-1.260841973832733,0.610226636639787,0.07878417614948466,1.1766701544991849,42,-13.367498795462671,-11.557961325571538,-14.049881229456844,-11.659934003995474,-12.289903370219745,-12.585035744941255,0.9752762615351922,90,10.254012802672342,14.477166446906182,0.40932644121999867,12.585035744941255,0.07878417614948466,n500__squared_error__boostrap_true__samples_0.7
30.957340955734253,5.925047066931486,8.57797737121582,1.3403820874704755,True,squared_error,24,0.875,0.7,4,8,500,"{'bootstrap': True, 'criterion': 'squared_error', 'max_depth': 24, 'max_features': 0.875, 'max_samples': 0.7, 'min_samples_leaf': 4, 'min_samples_split': 8, 'n_estimators': 500}",-10.110999377612597,-10.28651837089782,-10.601130135432001,-10.177055442389682,-10.09436068702961,-10.25401280267234,0.18623164486522473,85,-14.298969609370126,-14.677370064816687,-15.148530917280828,-14.037371559194941,-14.223590083868334,-14.477166446906182,0.39504085073880185,91,-0.4158864391422531,-0.3848016954283984,-0.4280966767371601,-0.38234407954203076,-0.4355033152501507,-0.40932644121999867,0.021954931318332215,80,1.0077235709540573,-1.3914721433462458,1.428284790332559,-1.2608419738327323,0.6102266366397862,0.07878417614948488,1.1766701544991847,40,-13.367498795462668,-11.557961325571537,-14.049881229456844,-11.659934003995474,-12.289903370219745,-12.585035744941255,0.975276261535192,90,10.25401280267234,14.477166446906182,0.40932644121999867,12.585035744941255,0.07878417614948488,n500__squared_error__boostrap_true__samples_0.7
47.587081623077395,5.158292057343789,6.744816398620605,0.9929558210487064,True,squared_error,24,1.0,0.7,1,2,500,"{'bootstrap': True, 'criterion': 'squared_error', 'max_depth': 24, 'max_features': 1.0, 'max_samples': 0.7, 'min_samples_leaf': 1, 'min_samples_split': 2, 'n_estimators': 500}",-10.000471444623901,-10.217043551012575,-10.53081910274461,-10.144678551461302,-10.04876278503134,-10.188355086974747,0.18697515537921505,41,-14.142422240987859,-14.671564360231917,-15.049730838274941,-13.978632889172397,-14.156480691850614,-14.399766204103546,0.3997737580475977,23,-0.41407429779522803,-0.38570996064184077,-0.42658610271903324,-0.3814401928291654,-0.4345991561181435,-0.40848194202068216,0.021405435221777878,50,0.8935302187642247,-1.2539060125676216,1.2949789610849702,-1.246182808820921,0.4880466567220809,0.03529340303654664,1.0800537079700885,75,-13.154646063996386,-11.619012280017142,-13.860974359516966,-11.664339403563753,-12.12244581405612,-12.484283584230074,0.882790213614292,19,10.188355086974747,14.399766204103546,0.40848194202068216,12.484283584230074,0.03529340303654664,n500__squared_error__boostrap_true__samples_0.7
46.844490098953244,3.0246875290063437,6.475095987319946,0.467248907101394,True,squared_error,24,1.0,0.7,1,4,500,"{'bootstrap': True, 'criterion': 'squared_error', 'max_depth': 24, 'max_features': 1.0, 'max_samples': 0.7, 'min_samples_leaf': 1, 'min_samples_split': 4, 'n_estimators': 500}",-9.979770367140992,-10.211156645157937,-10.519855726158497,-10.146479843583812,-10.088153869372944,-10.189083290282836,0.1820501792367075,44,-14.103800969790123,-14.674445506611463,-15.018749824590875,-13.957401724589243,-14.2067284651381,-14.392225298143961,0.3946771938350206,14,-0.412866203563878,-0.38116863457462913,-0.42930513595166164,-0.38716480867731246,-0.43309222423146476,-0.4087194013997892,0.021253932097843355,63,0.8498941180337487,-1.3087528945293696,1.294703709108705,-1.229810098989573,0.4971866288213841,0.020644292488979032,1.0834120485374776,81,-13.115222790934007,-11.677775849216108,-13.760095612503322,-11.515341199341746,-12.220654061589691,-12.457817902716975,0.8580306579174383,2,10.189083290282836,14.392225298143961,0.4087194013997892,12.457817902716975,0.020644292488979032,n500__squared_error__boostrap_true__samples_0.7
36.03462944030762,0.6119025414144875,7.13896861076355,0.32573656450043176,True,squared_error,24,1.0,0.7,1,8,500,"{'bootstrap': True, 'criterion': 'squared_error', 'max_depth': 24, 'max_features': 1.0, 'max_samples': 0.7, 'min_samples_leaf': 1, 'min_samples_split': 8, 'n_estimators': 500}",-10.043074845523817,-10.234472650648172,-10.534363312218243,-10.180449119781022,-10.077684211471391,-10.214008827928529,0.17434152979063577,63,-14.190636069977712,-14.701969695673808,-15.041065401609796,-14.03472107576462,-14.192037712752969,-14.432085991155782,0.378817436955103,60,-0.4083358501963153,-0.381774144716924,-0.42779456193353477,-0.3838505573968063,-0.4361060880048222,-0.4075722404496805,0.022144822567088066,15,0.8073516954261338,-1.360943511357773,1.277542230569458,-1.292659393663331,0.4831335300792832,-0.017115089789245818,1.099001350001274,94,-13.286154688271184,-11.621438044042899,-13.805581690193254,-11.577148391281247,-12.108083367817947,-12.479681236321307,0.9052782259197847,17,10.214008827928529,14.432085991155782,0.4075722404496805,12.479681236321307,-0.017115089789245818,n500__squared_error__boostrap_true__samples_0.7
40.489745426177976,1.567466764572583,7.630748128890991,0.5144528109469003,True,squared_error,24,1.0,0.7,2,2,500,"{'bootstrap': True, 'criterion': 'squared_error', 'max_depth': 24, 'max_features': 1.0, 'max_samples': 0.7, 'min_samples_leaf': 2, 'min_samples_split': 2, 'n_estimators': 500}",-9.950572801758497,-10.14915455866466,-10.438967357295358,-10.072409437274768,-10.009654198021634,-10.124151670602984,0.17067549012418604,3,-14.132057934252808,-14.637441518789705,-14.977757983301451,-13.924621182280314,-14.174017975995762,-14.369179318924008,0.3832177021773064,1,-0.41226215644820297,-0.38086587950348166,-0.4259818731117825,-0.38354926182585114,-0.43158529234478604,-0.4068488926468209,0.02109622527787314,1,0.9113868874869938,-1.2428127829614988,1.3513470909942893,-1.2016582725440779,0.5718742732117645,0.07802743923749422,1.090131186094569,44,-13.173607520546456,-11.692228491712061,-13.83898610774423,-11.5640310745252,-12.258907635318584,-12.505552165969307,0.8755723754319722,36,10.124151670602984,14.369179318924008,0.4068488926468209,12.505552165969307,0.07802743923749422,n500__squared_error__boostrap_true__samples_0.7
42.79576840400696,0.8381336571361909,7.231555080413818,0.4384793149066869,True,squared_error,24,1.0,0.7,2,4,500,"{'bootstrap': True, 'criterion': 'squared_error', 'max_depth': 24, 'max_features': 1.0, 'max_samples': 0.7, 'min_samples_leaf': 2, 'min_samples_split': 4, 'n_estimators': 500}",-9.950572801758497,-10.14915455866466,-10.438967357295358,-10.072409437274768,-10.009654198021634,-10.124151670602984,0.17067549012418604,3,-14.132057934252808,-14.637441518789705,-14.977757983301451,-13.924621182280314,-14.174017975995762,-14.369179318924008,0.3832177021773064,1,-0.41226215644820297,-0.38086587950348166,-0.4259818731117825,-0.38354926182585114,-0.43158529234478604,-0.4068488926468209,0.02109622527787314,1,0.9113868874869944,-1.2428127829614988,1.3513470909942884,-1.2016582725440776,0.5718742732117649,0.07802743923749425,1.090131186094569,43,-13.173607520546453,-11.69222849171206,-13.83898610774423,-11.564031074525202,-12.258907635318584,-12.505552165969307,0.8755723754319716,36,10.124151670602984,14.369179318924008,0.4068488926468209,12.505552165969307,0.07802743923749425,n500__squared_error__boostrap_true__samples_0.7
36.26877365112305,1.881261582558582,5.19798731803894,1.0989802069585821,True,squared_error,24,1.0,0.7,2,8,500,"{'bootstrap': True, 'criterion': 'squared_error', 'max_depth': 24, 'max_features': 1.0, 'max_samples': 0.7, 'min_samples_leaf': 2, 'min_samples_split': 8, 'n_estimators': 500}",-9.997287758939287,-10.227438747062054,-10.512121126805523,-10.131953216444694,-10.037480811462261,-10.181256332142762,0.1836033557896028,35,-14.167784874112339,-14.700824756023014,-15.053185161792388,-13.98051987389472,-14.199484867968003,-14.42035990675809,0.3962745309676605,45,-0.4143763213530655,-0.38056312443233425,-0.42507552870090637,-0.3853570352515818,-0.4342977697408077,-0.40793395589573916,0.021397514024525,29,0.9123520911853199,-1.3354344345963074,1.3467495091025954,-1.220766920445436,0.5479807863890654,0.050176206327047446,1.1142236997625214,68,-13.163927676298314,-11.682693016736025,-13.949133548278562,-11.562246800790277,-12.186870777817731,-12.508974363984182,0.914965243204494,39,10.181256332142762,14.42035990675809,0.40793395589573916,12.508974363984182,0.050176206327047446,n500__squared_error__boostrap_true__samples_0.7
30.202579021453857,2.1224645030386604,5.7790227890014645,0.964988757864568,True,squared_error,24,1.0,0.7,3,2,500,"{'bootstrap': True, 'criterion': 'squared_error', 'max_depth': 24, 'max_features': 1.0, 'max_samples': 0.7, 'min_samples_leaf': 3, 'min_samples_split': 2, 'n_estimators': 500}",-9.957507217364146,-10.159692740166227,-10.465623164999498,-10.073895095366248,-9.9967985458007,-10.130703352739364,0.18119947128162903,13,-14.158199749562746,-14.642508753149716,-15.031177129752699,-13.953288779269549,-14.167342010340388,-14.390503284415018,0.39214592754051036,12,-0.4164904862579281,-0.3823796548592189,-0.4268882175226586,-0.3808376016872552,-0.43520192887281495,-0.4083595778399752,0.02263779820830179,44,0.9567750001894474,-1.3187016850614879,1.3523618269699724,-1.208659974288666,0.5744158767335386,0.07123820890856092,1.1179188849881396,58,-13.102678905844797,-11.56048830364646,-13.84201356101166,-11.639127914104629,-12.145183328936497,-12.457898402708809,0.8837462741014154,3,10.130703352739364,14.390503284415018,0.4083595778399752,12.457898402708809,0.07123820890856092,n500__squared_error__boostrap_true__samples_0.7
35.60085792541504,0.9502736913950469,5.384723377227783,0.5078036102509208,True,squared_error,24,1.0,0.7,3,4,500,"{'bootstrap': True, 'criterion': 'squared_error', 'max_depth': 24, 'max_features': 1.0, 'max_samples': 0.7, 'min_samples_leaf': 3, 'min_samples_split': 4, 'n_estimators': 500}",-9.957507217364146,-10.159692740166227,-10.465623164999498,-10.07389509536625,-9.9967985458007,-10.130703352739365,0.18119947128162892,14,-14.158199749562746,-14.642508753149714,-15.031177129752699,-13.953288779269549,-14.167342010340386,-14.390503284415018,0.3921459275405103,12,-0.4164904862579281,-0.3823796548592189,-0.4268882175226586,-0.3808376016872552,-0.43520192887281495,-0.4083595778399752,0.02263779820830179,44,0.9567750001894475,-1.3187016850614874,1.352361826969972,-1.2086599742886657,0.5744158767335386,0.07123820890856099,1.1179188849881392,57,-13.102678905844796,-11.56048830364646,-13.84201356101166,-11.639127914104627,-12.145183328936497,-12.457898402708809,0.8837462741014154,3,10.130703352739365,14.390503284415018,0.4083595778399752,12.457898402708809,0.07123820890856099,n500__squared_error__boostrap_true__samples_0.7
35.235348749160764,0.5301600820808896,3.800334072113037,0.7216359075056719,True,squared_error,24,1.0,0.7,3,8,500,"{'bootstrap': True, 'criterion': 'squared_error', 'max_depth': 24, 'max_features': 1.0, 'max_samples': 0.7, 'min_samples_leaf': 3, 'min_samples_split': 8, 'n_estimators': 500}",-9.97850848573793,-10.203305554280677,-10.466089928240072,-10.088652789331377,-10.009176579027308,-10.149146667323473,0.1764963113404187,17,-14.171132496831907,-14.67230375171525,-15.02925646360803,-13.984566138325194,-14.15642856454753,-14.40273748300558,0.38842456995547303,25,-0.41618846270009063,-0.3823796548592189,-0.42658610271903324,-0.3817414884001205,-0.43309222423146476,-0.4079975865819856,0.021854177358144405,30,0.9781592697674975,-1.3235593361983304,1.3528275929305975,-1.1997816507356485,0.6082464067901261,0.08317845651084843,1.1237075947364301,24,-13.163108468243276,-11.611164591577985,-13.852909700805565,-11.642526956984698,-12.257692925171275,-12.505480528556559,0.8779440118251456,35,10.149146667323473,14.40273748300558,0.4079975865819856,12.505480528556559,0.08317845651084843,n500__squared_error__boostrap_true__samples_0.7
30.782047033309937,2.8306082405717987,4.802984809875488,1.0457324130009649,True,squared_error,24,1.0,0.7,4,2,500,"{'bootstrap': True, 'criterion': 'squared_error', 'max_depth': 24, 'max_features': 1.0, 'max_samples': 0.7, 'min_samples_leaf': 4, 'min_samples_split': 2, 'n_estimators': 500}",-9.98037407047882,-10.242451962306438,-10.526317006346398,-10.097835614682854,-10.025275302104358,-10.174450791183773,0.19709032344529873,25,-14.180057589997553,-14.737090221715885,-15.123624123495748,-13.99430789688714,-14.189139734790757,-14.444843913377417,0.4206256303499302,70,-0.4143763213530655,-0.38268240993036634,-0.427190332326284,-0.3808376016872552,-0.432790837854129,-0.4075755006302201,0.021915233153037585,20,0.9606287360785289,-1.3322098992322868,1.3906380408070078,-1.1870639296610617,0.5916028116885422,0.08471915193614613,1.127359120343481,17,-13.201771243626597,-11.641823391746014,-13.948062661272198,-11.69891266716271,-12.265599436478007,-12.551233880057104,0.8954770155609263,67,10.174450791183773,14.444843913377417,0.4075755006302201,12.551233880057104,0.08471915193614613,n500__squared_error__boostrap_true__samples_0.7
29.337784910202025,2.8218625922220735,6.842890119552612,1.3854112563380918,True,squared_error,24,1.0,0.7,4,4,500,"{'bootstrap': True, 'criterion': 'squared_error', 'max_depth': 24, 'max_features': 1.0, 'max_samples': 0.7, 'min_samples_leaf': 4, 'min_samples_split': 4, 'n_estimators': 500}",-9.980374070478817,-10.242451962306438,-10.526317006346398,-10.097835614682854,-10.025275302104358,-10.174450791183773,0.19709032344529942,25,-14.180057589997553,-14.737090221715885,-15.123624123495746,-13.99430789688714,-14.189139734790757,-14.444843913377417,0.42062563034992967,70,-0.4143763213530655,-0.38268240993036634,-0.427190332326284,-0.3808376016872552,-0.432790837854129,-0.4075755006302201,0.021915233153037585,20,0.9606287360785289,-1.3322098992322868,1.3906380408070074,-1.187063929661063,0.5916028116885425,0.0847191519361458,1.1273591203434812,19,-13.201771243626597,-11.641823391746012,-13.948062661272198,-11.69891266716271,-12.265599436478013,-12.551233880057106,0.8954770155609263,68,10.174450791183773,14.444843913377417,0.4075755006302201,12.551233880057106,0.0847191519361458,n500__squared_error__boostrap_true__samples_0.7
32.51122345924377,0.8613430742614552,5.222967338562012,0.22421584168104458,True,squared_error,24,1.0,0.7,4,8,500,"{'bootstrap': True, 'criterion': 'squared_error', 'max_depth': 24, 'max_features': 1.0, 'max_samples': 0.7, 'min_samples_leaf': 4, 'min_samples_split': 8, 'n_estimators': 500}",-9.980374070478817,-10.242451962306438,-10.526317006346398,-10.097835614682856,-10.025275302104358,-10.174450791183773,0.19709032344529928,25,-14.180057589997553,-14.737090221715883,-15.123624123495746,-13.99430789688714,-14.189139734790757,-14.444843913377415,0.4206256303499294,69,-0.4143763213530655,-0.38268240993036634,-0.427190332326284,-0.3808376016872552,-0.432790837854129,-0.4075755006302201,0.021915233153037585,20,0.9606287360785286,-1.3322098992322868,1.3906380408070076,-1.1870639296610621,0.591602811688543,0.08471915193614606,1.127359120343481,18,-13.201771243626595,-11.641823391746012,-13.948062661272198,-11.69891266716271,-12.265599436478011,-12.551233880057106,0.8954770155609261,68,10.174450791183773,14.444843913377415,0.4075755006302201,12.551233880057106,0.08471915193614606,n500__squared_error__boostrap_true__samples_0.7
42.1470263004303,0.5562371735527978,7.776607704162598,0.37330030237476086,True,squared_error,26,0.875,0.7,1,2,500,"{'bootstrap': True, 'criterion': 'squared_error', 'max_depth': 26, 'max_features': 0.875, 'max_samples': 0.7, 'min_samples_leaf': 1, 'min_samples_split': 2, 'n_estimators': 500}",-10.066648419981997,-10.269596541245958,-10.58413402691542,-10.238660188006786,-10.099029172518375,-10.251613669733706,0.18360562992626242,81,-14.192198922969533,-14.636166700694243,-15.053499711107174,-14.027454183713514,-14.178378547471441,-14.417539613191181,0.3774615566777461,41,-0.4104500151011779,-0.3835906751438087,-0.42930513595166164,-0.38324796625489604,-0.43520192887281495,-0.4083591442648718,0.02194397282971049,43,0.8377473934958045,-1.3587361744592266,1.308573974981466,-1.3080773052148633,0.49349246867763547,-0.005399928503836781,1.114881679104325,89,-13.28346377425497,-11.615063848262263,-13.851113119732126,-11.651181048736792,-12.169663021290987,-12.51409696245543,0.9001173979329964,41,10.251613669733706,14.417539613191181,0.4083591442648718,12.51409696245543,-0.005399928503836781,n500__squared_error__boostrap_true__samples_0.7
36.88677773475647,0.5894577499416268,6.376716089248657,0.5724716906065961,True,squared_error,26,0.875,0.7,1,4,500,"{'bootstrap': True, 'criterion': 'squared_error', 'max_depth': 26, 'max_features': 0.875, 'max_samples': 0.7, 'min_samples_leaf': 1, 'min_samples_split': 4, 'n_estimators': 500}",-10.068888174858746,-10.293544924938416,-10.56881537124016,-10.19524207507805,-10.119489954235096,-10.249196100070094,0.17684397967967014,75,-14.196094555089216,-14.648162699306088,-15.070181959760035,-13.97384603812338,-14.201470808687162,-14.417951212193177,0.3928653265202712,42,-0.412866203563878,-0.38419618528610355,-0.42779456193353477,-0.3856583308225369,-0.4355033152501507,-0.40920371937124084,0.02112090927947956,79,0.8528552856770769,-1.4368459034002377,1.3028397631516158,-1.2999562448744055,0.5132643139783613,-0.013568557093517852,1.1350494000490001,92,-13.226734673677438,-11.526271421647206,-13.875416135182482,-11.53259909001793,-12.207432062952337,-12.47369067669548,0.9365959418132318,12,10.249196100070094,14.417951212193177,0.40920371937124084,12.47369067669548,-0.013568557093517852,n500__squared_error__boostrap_true__samples_0.7
34.25910973548889,0.45486202688531124,5.140076065063477,0.6698732181912023,True,squared_error,26,0.875,0.7,1,8,500,"{'bootstrap': True, 'criterion': 'squared_error', 'max_depth': 26, 'max_features': 0.875, 'max_samples': 0.7, 'min_samples_leaf': 1, 'min_samples_split': 8, 'n_estimators': 500}",-10.095850556595822,-10.302026078337025,-10.617436917821832,-10.266764244062012,-10.147416459854213,-10.285898851334181,0.18212053001218778,94,-14.214004473578736,-14.636809335654656,-15.10148565225875,-14.05807223415139,-14.210069488216824,-14.444088236772071,0.3810575943037735,68,-0.41467834491090305,-0.3838934302149561,-0.4283987915407855,-0.3847544441096716,-0.4385171790235081,-0.4100484379599648,0.022327164117723054,91,0.8493288750257844,-1.4273674972425268,1.2644180820159665,-1.3537933462791218,0.531970173971612,-0.02708874250165716,1.1375034318048713,96,-13.19719195123785,-11.55875287592868,-13.867750370050462,-11.582674396923029,-12.176702697949857,-12.476614458417973,0.9149903638852764,13,10.285898851334181,14.444088236772071,0.4100484379599648,12.476614458417973,-0.02708874250165716,n500__squared_error__boostrap_true__samples_0.7
32.67607140541077,1.292069695660038,6.030623722076416,0.6263105816498413,True,squared_error,26,0.875,0.7,2,2,500,"{'bootstrap': True, 'criterion': 'squared_error', 'max_depth': 26, 'max_features': 0.875, 'max_samples': 0.7, 'min_samples_leaf': 2, 'min_samples_split': 2, 'n_estimators': 500}",-10.01554510248765,-10.239561493611433,-10.52071413010534,-10.129823527376692,-10.066518844831293,-10.194432619682482,0.1794621139512776,51,-14.19292036104724,-14.654623272639784,-15.067984564545512,-13.96749136984298,-14.168432191251599,-14.410290351865424,0.3985163170588936,33,-0.412866203563878,-0.3860127157129882,-0.4259818731117825,-0.3820427839710756,-0.4361060880048222,-0.40860193287290925,0.02141208069777824,57,0.9321173707647658,-1.3270794309731293,1.3834485211445555,-1.2444248839207892,0.5975214500806719,0.06831660541921494,1.133684418327975,61,-13.258123792589155,-11.544285589370322,-13.972616445261401,-11.628800511683808,-12.226429059612265,-12.52605107970339,0.9473306950086422,49,10.194432619682482,14.410290351865424,0.40860193287290925,12.52605107970339,0.06831660541921494,n500__squared_error__boostrap_true__samples_0.7
32.32143726348877,0.6912373717906081,5.940804481506348,0.5166008783050019,True,squared_error,26,0.875,0.7,2,4,500,"{'bootstrap': True, 'criterion': 'squared_error', 'max_depth': 26, 'max_features': 0.875, 'max_samples': 0.7, 'min_samples_leaf': 2, 'min_samples_split': 4, 'n_estimators': 500}",-10.015545102487653,-10.239561493611435,-10.52071413010534,-10.129823527376692,-10.066518844831291,-10.194432619682484,0.1794621139512772,52,-14.192920361047241,-14.654623272639784,-15.067984564545512,-13.967491369842978,-14.168432191251599,-14.410290351865422,0.39851631705889384,32,-0.412866203563878,-0.3860127157129882,-0.4259818731117825,-0.3820427839710756,-0.4361060880048222,-0.40860193287290925,0.02141208069777824,57,0.9321173707647648,-1.3270794309731289,1.3834485211445553,-1.2444248839207899,0.5975214500806725,0.06831660541921476,1.133684418327975,62,-13.258123792589155,-11.54428558937032,-13.972616445261401,-11.628800511683808,-12.226429059612265,-12.52605107970339,0.9473306950086425,49,10.194432619682484,14.410290351865422,0.40860193287290925,12.52605107970339,0.06831660541921476,n500__squared_error__boostrap_true__samples_0.7
30.87705702781677,0.10312080534353602,4.781888580322265,0.24275488998532932,True,squared_error,26,0.875,0.7,2,8,500,"{'bootstrap': True, 'criterion': 'squared_error', 'max_depth': 26, 'max_features': 0.875, 'max_samples': 0.7, 'min_samples_leaf': 2, 'min_samples_split': 8, 'n_estimators': 500}",-10.058507160579792,-10.262061677515868,-10.582523159813714,-10.194606065676336,-10.109972613264,-10.241534135369943,0.1842305328128336,71,-14.22733905089246,-14.656781043641264,-15.117126412008744,-14.043584320087461,-14.199868849636376,-14.44893993525326,0.39118477128875195,79,-0.413470250679553,-0.38116863457462913,-0.42900302114803623,-0.38354926182585114,-0.4336949969861362,-0.40817723304284115,0.022130915570995932,33,0.9202338016002776,-1.4504772045490826,1.3534482374952643,-1.292800098190202,0.5763082203895247,0.021342591349156413,1.1647937353750584,80,-13.276337226361655,-11.558643174824978,-13.911290607427011,-11.604514534990763,-12.32004162823572,-12.534165434368026,0.9283357355001787,58,10.241534135369943,14.44893993525326,0.40817723304284115,12.534165434368026,0.021342591349156413,n500__squared_error__boostrap_true__samples_0.7
28.037774276733398,2.2291001225738674,5.049515056610107,0.853181133055553,True,squared_error,26,0.875,0.7,3,2,500,"{'bootstrap': True, 'criterion': 'squared_error', 'max_depth': 26, 'max_features': 0.875, 'max_samples': 0.7, 'min_samples_leaf': 3, 'min_samples_split': 2, 'n_estimators': 500}",-10.02392134256497,-10.272182361990549,-10.533369721597902,-10.152806818671372,-10.060576327818984,-10.208571314528756,0.18365629737611605,60,-14.209784299576407,-14.65677679143864,-15.099164005498128,-14.002501653540211,-14.171001054176976,-14.427845560846071,0.3993783209503261,52,-0.41498036846874053,-0.3832879200726612,-0.42628398791540784,-0.3844531485387165,-0.43640747438215793,-0.4090825798755368,0.021676233856292797,73,0.9774761247042845,-1.388866262077268,1.403635085962209,-1.2352794544147876,0.6609205043572371,0.08357719970633501,1.1646807309192408,23,-13.255322785345165,-11.588306902848954,-14.001235263296943,-11.597677633999847,-12.283814395428415,-12.545271396183866,0.9493238120332386,61,10.208571314528756,14.427845560846071,0.4090825798755368,12.545271396183866,0.08357719970633501,n500__squared_error__boostrap_true__samples_0.7
25.934731435775756,1.0795656989209146,5.596405076980591,0.5764669012362296,True,squared_error,26,0.875,0.7,3,4,500,"{'bootstrap': True, 'criterion': 'squared_error', 'max_depth': 26, 'max_features': 0.875, 'max_samples': 0.7, 'min_samples_leaf': 3, 'min_samples_split': 4, 'n_estimators': 500}",-10.02392134256497,-10.272182361990547,-10.533369721597902,-10.152806818671374,-10.06057632781898,-10.208571314528754,0.18365629737611638,59,-14.209784299576405,-14.65677679143864,-15.099164005498128,-14.002501653540211,-14.171001054176976,-14.427845560846071,0.39937832095032627,52,-0.41498036846874053,-0.3832879200726612,-0.42628398791540784,-0.3844531485387165,-0.43640747438215793,-0.4090825798755368,0.021676233856292797,73,0.9774761247042854,-1.3888662620772687,1.4036350859622095,-1.2352794544147874,0.6609205043572371,0.08357719970633519,1.164680730919241,22,-13.255322785345163,-11.588306902848958,-14.001235263296945,-11.597677633999847,-12.283814395428415,-12.545271396183866,0.9493238120332382,61,10.208571314528754,14.427845560846071,0.4090825798755368,12.545271396183866,0.08357719970633519,n500__squared_error__boostrap_true__samples_0.7
27.221415519714355,0.3608619681452714,4.442005634307861,0.30518791827966824,True,squared_error,26,0.875,0.7,3,8,500,"{'bootstrap': True, 'criterion': 'squared_error', 'max_depth': 26, 'max_features': 0.875, 'max_samples': 0.7, 'min_samples_leaf': 3, 'min_samples_split': 8, 'n_estimators': 500}",-10.063538573752053,-10.274354046517937,-10.554918386408135,-10.181427864937161,-10.058039214456368,-10.22645561721433,0.18281990948459123,66,-14.24149621102416,-14.653122779045976,-15.095054733300076,-14.02704070366285,-14.157404315179084,-14.43482374844243,0.39094334894319877,61,-0.41709453337360314,-0.38419618528610355,-0.42658610271903324,-0.3820427839710756,-0.4358047016274864,-0.4091448613954604,0.02206853101133497,78,0.9815156033607401,-1.3795128352663577,1.408301777773852,-1.2364872764098322,0.5945930834144363,0.07368207057456766,1.158018904986713,54,-13.240468638819863,-11.57591037067138,-14.022046297252967,-11.706726267082889,-12.221795976602811,-12.553389510085982,0.9392857791028711,70,10.22645561721433,14.43482374844243,0.4091448613954604,12.553389510085982,0.07368207057456766,n500__squared_error__boostrap_true__samples_0.7
25.068713855743407,1.7293225120185367,3.763917016983032,0.3828850728158072,True,squared_error,26,0.875,0.7,4,2,500,"{'bootstrap': True, 'criterion': 'squared_error', 'max_depth': 26, 'max_features': 0.875, 'max_samples': 0.7, 'min_samples_leaf': 4, 'min_samples_split': 2, 'n_estimators': 500}",-10.099795702320437,-10.296333791845964,-10.605593117827322,-10.175191030847474,-10.09242889402712,-10.253868507373664,0.19052812144723996,82,-14.291670774308386,-14.68475059865225,-15.153471144895308,-14.03254905089952,-14.217567550072305,-14.476001823765554,0.3999893257237293,88,-0.41679250981576565,-0.3851044504995459,-0.4287009063444109,-0.38294667068394095,-0.43670886075949367,-0.41005067962063146,0.02218505578385001,92,0.9975663496945293,-1.393743198021823,1.4174218213491836,-1.2453101004875893,0.6137332190239856,0.07793361831165727,1.1699436576097175,45,-13.31281367906578,-11.558670098821203,-14.022614323000083,-11.659431474376262,-12.257779810594748,-12.562261877171615,0.9603088873914316,82,10.253868507373664,14.476001823765554,0.41005067962063146,12.562261877171615,0.07793361831165727,n500__squared_error__boostrap_true__samples_0.7
21.40420389175415,0.9210099245660062,5.196425199508667,1.0626474472220266,True,squared_error,26,0.875,0.7,4,4,500,"{'bootstrap': True, 'criterion': 'squared_error', 'max_depth': 26, 'max_features': 0.875, 'max_samples': 0.7, 'min_samples_leaf': 4, 'min_samples_split': 4, 'n_estimators': 500}",-10.099795702320437,-10.296333791845965,-10.605593117827324,-10.175191030847474,-10.092428894027124,-10.253868507373664,0.19052812144724013,82,-14.291670774308386,-14.684750598652249,-15.153471144895308,-14.03254905089952,-14.217567550072305,-14.476001823765554,0.3999893257237292,88,-0.41679250981576565,-0.3851044504995459,-0.4287009063444109,-0.38294667068394095,-0.43670886075949367,-0.41005067962063146,0.02218505578385001,92,0.9975663496945291,-1.3937431980218233,1.417421821349183,-1.2453101004875886,0.6137332190239854,0.07793361831165709,1.1699436576097173,47,-13.31281367906578,-11.558670098821203,-14.022614323000086,-11.659431474376262,-12.257779810594748,-12.562261877171617,0.9603088873914326,84,10.253868507373664,14.476001823765554,0.41005067962063146,12.562261877171617,0.07793361831165709,n500__squared_error__boostrap_true__samples_0.7
24.70325937271118,0.41690095874011346,5.307064199447632,0.16083374090873298,True,squared_error,26,0.875,0.7,4,8,500,"{'bootstrap': True, 'criterion': 'squared_error', 'max_depth': 26, 'max_features': 0.875, 'max_samples': 0.7, 'min_samples_leaf': 4, 'min_samples_split': 8, 'n_estimators': 500}",-10.099795702320435,-10.296333791845964,-10.605593117827322,-10.175191030847474,-10.092428894027124,-10.253868507373664,0.19052812144723966,82,-14.291670774308386,-14.68475059865225,-15.153471144895308,-14.03254905089952,-14.217567550072305,-14.476001823765554,0.3999893257237293,88,-0.41679250981576565,-0.3851044504995459,-0.4287009063444109,-0.38294667068394095,-0.43670886075949367,-0.41005067962063146,0.02218505578385001,92,0.9975663496945297,-1.393743198021825,1.4174218213491838,-1.2453101004875886,0.6137332190239858,0.07793361831165717,1.1699436576097182,46,-13.31281367906578,-11.558670098821201,-14.022614323000086,-11.659431474376262,-12.257779810594748,-12.562261877171615,0.960308887391433,82,10.253868507373664,14.476001823765554,0.41005067962063146,12.562261877171615,0.07793361831165717,n500__squared_error__boostrap_true__samples_0.7
42.186915445327756,1.661031249557696,5.861591720581055,0.9019613048593824,True,squared_error,26,1.0,0.7,1,2,500,"{'bootstrap': True, 'criterion': 'squared_error', 'max_depth': 26, 'max_features': 1.0, 'max_samples': 0.7, 'min_samples_leaf': 1, 'min_samples_split': 2, 'n_estimators': 500}",-10.017455659248974,-10.209999093962985,-10.54329436298322,-10.120387169653078,-10.038018362893544,-10.18583092974836,0.19123068719895248,40,-14.167893266161718,-14.65445586716501,-15.047134841004295,-13.944983266040143,-14.151532511077486,-14.393199950289732,0.40148473059982526,15,-0.4137722742373905,-0.3838934302149561,-0.4283987915407855,-0.38264537511298585,-0.4345991561181435,-0.40866180544485226,0.02181164244215296,62,0.8804624914206807,-1.3081411404493595,1.288148850685119,-1.233434839935692,0.47456749049178487,0.020320570442506625,1.0853834422119741,82,-13.16898065579096,-11.59417855696195,-13.808912918632654,-11.612517630839372,-12.094576928409337,-12.455833338126855,0.8858374552362726,1,10.18583092974836,14.393199950289732,0.40866180544485226,12.455833338126855,0.020320570442506625,n500__squared_error__boostrap_true__samples_0.7
40.63550982475281,0.24731165035099648,3.854172468185425,0.25271750343401994,True,squared_error,26,1.0,0.7,1,4,500,"{'bootstrap': True, 'criterion': 'squared_error', 'max_depth': 26, 'max_features': 1.0, 'max_samples': 0.7, 'min_samples_leaf': 1, 'min_samples_split': 4, 'n_estimators': 500}",-9.98110015754001,-10.212459141971216,-10.518407771718245,-10.155133054313122,-10.076279242310859,-10.188675873570691,0.182282511415525,42,-14.122609995366512,-14.701008323255198,-15.011647791604673,-13.985375302837102,-14.192907773957117,-14.402709837404121,0.38895458855896886,24,-0.4107520386590154,-0.38116863457462913,-0.4268882175226586,-0.3844531485387165,-0.43248945147679324,-0.40715029815436254,0.021141608878206652,5,0.8424651595557434,-1.3082635233298978,1.28894500245896,-1.2537881812458602,0.4985245538023574,0.013576602248260539,1.0864870109152134,85,-13.17530322239119,-11.680126341688752,-13.829560397213925,-11.576631517911538,-12.225504876482105,-12.497425271137502,0.8745149384670475,31,10.188675873570691,14.402709837404121,0.40715029815436254,12.497425271137502,0.013576602248260539,n500__squared_error__boostrap_true__samples_0.7
31.0271098613739,0.5084972463074513,4.631081581115723,0.2009722903904578,True,squared_error,26,1.0,0.7,1,8,500,"{'bootstrap': True, 'criterion': 'squared_error', 'max_depth': 26, 'max_features': 1.0, 'max_samples': 0.7, 'min_samples_leaf': 1, 'min_samples_split': 8, 'n_estimators': 500}",-10.045529118003289,-10.232138450365781,-10.546166318338635,-10.155883298161573,-10.077087392807195,-10.211360915535293,0.17951807357918786,62,-14.199881034682525,-14.694917805877463,-15.043488263430882,-13.97409023124443,-14.191913329803228,-14.420858133007703,0.39080049706948267,46,-0.41014799154334036,-0.38298516500151375,-0.42658610271903324,-0.38234407954203076,-0.43399638336347196,-0.407211944433878,0.021478976216775213,6,0.8341383885726533,-1.3350100119673896,1.2828428712206912,-1.308270441055767,0.46095261146521643,-0.013069316352919136,1.099719895008969,91,-13.263099821160875,-11.615500091711416,-13.864738108159123,-11.570223432913387,-12.140700254922175,-12.490852341773394,0.9187310707645866,25,10.211360915535293,14.420858133007703,0.407211944433878,12.490852341773394,-0.013069316352919136,n500__squared_error__boostrap_true__samples_0.7
32.557977533340456,0.8117034093763146,5.987089920043945,0.5705302836155767,True,squared_error,26,1.0,0.7,2,2,500,"{'bootstrap': True, 'criterion': 'squared_error', 'max_depth': 26, 'max_features': 1.0, 'max_samples': 0.7, 'min_samples_leaf': 2, 'min_samples_split': 2, 'n_estimators': 500}",-9.944072783775072,-10.152924103021727,-10.440932497000334,-10.078153555709319,-10.000276893213428,-10.123271966543976,0.17381787478414587,1,-14.137914248567203,-14.644381232016025,-14.995170275664428,-13.921708890367078,-14.166498636702768,-14.3731346566635,0.3904651901393652,3,-0.41498036846874053,-0.38419618528610355,-0.4256797583081571,-0.38264537511298585,-0.4333936106088005,-0.4081790595569575,0.021049718021938644,34,0.9082116217013202,-1.2393987620914302,1.366340711668928,-1.185172183067766,0.5741248796717521,0.08482125357656078,1.0886802870737842,15,-13.075659995099102,-11.600226241565315,-13.868727580090582,-11.620395738502879,-12.199535842292429,-12.472909079510062,0.8803073567648578,10,10.123271966543976,14.3731346566635,0.4081790595569575,12.472909079510062,0.08482125357656078,n500__squared_error__boostrap_true__samples_0.7
35.2433385848999,0.22565522111924569,3.910894441604614,0.2003486425431952,True,squared_error,26,1.0,0.7,2,4,500,"{'bootstrap': True, 'criterion': 'squared_error', 'max_depth': 26, 'max_features': 1.0, 'max_samples': 0.7, 'min_samples_leaf': 2, 'min_samples_split': 4, 'n_estimators': 500}",-9.944072783775072,-10.152924103021727,-10.440932497000334,-10.078153555709319,-10.000276893213428,-10.123271966543976,0.17381787478414587,1,-14.137914248567203,-14.644381232016025,-14.995170275664428,-13.921708890367077,-14.16649863670277,-14.3731346566635,0.3904651901393654,3,-0.41498036846874053,-0.38419618528610355,-0.4256797583081571,-0.38264537511298585,-0.4333936106088005,-0.4081790595569575,0.021049718021938644,34,0.9082116217013197,-1.2393987620914309,1.366340711668928,-1.1851721830677653,0.5741248796717513,0.08482125357656059,1.0886802870737842,16,-13.075659995099103,-11.600226241565315,-13.868727580090582,-11.620395738502879,-12.199535842292429,-12.472909079510062,0.880307356764858,10,10.123271966543976,14.3731346566635,0.4081790595569575,12.472909079510062,0.08482125357656059,n500__squared_error__boostrap_true__samples_0.7
31.561997413635254,0.7855692425781936,3.2468235015869142,0.4226358012344429,True,squared_error,26,1.0,0.7,2,8,500,"{'bootstrap': True, 'criterion': 'squared_error', 'max_depth': 26, 'max_features': 1.0, 'max_samples': 0.7, 'min_samples_leaf': 2, 'min_samples_split': 8, 'n_estimators': 500}",-10.00135917888514,-10.236548325841309,-10.51343657284107,-10.137735127157471,-10.035733459736676,-10.184962532892333,0.18372056209605434,39,-14.171295262195912,-14.696904474415048,-15.04238774847361,-13.971491455046241,-14.201060806099553,-14.416627949246072,0.3936836486058835,40,-0.41467834491090305,-0.38086587950348166,-0.42749244712990936,-0.3856583308225369,-0.4358047016274864,-0.40889994079886344,0.02204095473432277,70,0.9222951681104914,-1.3328142872502409,1.3518055195671714,-1.2397346471926716,0.5478903865253638,0.04988842795202284,1.120632148301112,69,-13.171237998143674,-11.688805059406317,-13.87772131656229,-11.536118591016862,-12.14262237963259,-12.483301068952347,0.9013440597839394,18,10.184962532892333,14.416627949246072,0.40889994079886344,12.483301068952347,0.04988842795202284,n500__squared_error__boostrap_true__samples_0.7
28.053615617752076,1.444000971254119,5.303561592102051,1.6239721410447159,True,squared_error,26,1.0,0.7,3,2,500,"{'bootstrap': True, 'criterion': 'squared_error', 'max_depth': 26, 'max_features': 1.0, 'max_samples': 0.7, 'min_samples_leaf': 3, 'min_samples_split': 2, 'n_estimators': 500}",-9.947182402542309,-10.166551777930007,-10.458142595483848,-10.066064260462174,-9.999026284581202,-10.127393464199908,0.18091091296955547,10,-14.146728318982236,-14.657237576042663,-15.019502721869433,-13.94171004661948,-14.171354007228024,-14.387306534148365,0.39385387857454784,9,-0.4158864391422531,-0.3835906751438087,-0.4241691842900302,-0.3814401928291654,-0.43309222423146476,-0.4076357431273444,0.021231265818938538,24,0.9517567584050256,-1.3085319118514451,1.3511387381035032,-1.1986907136706708,0.5708053962265992,0.0732956534426024,1.111709453449145,55,-13.103263457478802,-11.546187694418897,-13.920484762882525,-11.623543760584912,-12.202749309993141,-12.479245797071655,0.9105867891213751,15,10.127393464199908,14.387306534148365,0.4076357431273444,12.479245797071655,0.0732956534426024,n500__squared_error__boostrap_true__samples_0.7
31.226622104644775,1.2548642048496546,4.632484197616577,0.8340325515078947,True,squared_error,26,1.0,0.7,3,4,500,"{'bootstrap': True, 'criterion': 'squared_error', 'max_depth': 26, 'max_features': 1.0, 'max_samples': 0.7, 'min_samples_leaf': 3, 'min_samples_split': 4, 'n_estimators': 500}",-9.947182402542307,-10.166551777930003,-10.458142595483848,-10.066064260462174,-9.999026284581202,-10.127393464199907,0.18091091296955567,9,-14.146728318982236,-14.657237576042663,-15.019502721869433,-13.94171004661948,-14.171354007228024,-14.387306534148365,0.39385387857454784,9,-0.4158864391422531,-0.3835906751438087,-0.4241691842900302,-0.3814401928291654,-0.43309222423146476,-0.4076357431273444,0.021231265818938538,24,0.9517567584050263,-1.3085319118514462,1.351138738103503,-1.1986907136706708,0.5708053962265992,0.07329565344260228,1.1117094534491454,56,-13.103263457478803,-11.546187694418895,-13.920484762882525,-11.623543760584912,-12.202749309993141,-12.479245797071655,0.9105867891213757,15,10.127393464199907,14.387306534148365,0.4076357431273444,12.479245797071655,0.07329565344260228,n500__squared_error__boostrap_true__samples_0.7
31.41016583442688,0.24106849449082882,3.3425833702087404,0.6292633484589288,True,squared_error,26,1.0,0.7,3,8,500,"{'bootstrap': True, 'criterion': 'squared_error', 'max_depth': 26, 'max_features': 1.0, 'max_samples': 0.7, 'min_samples_leaf': 3, 'min_samples_split': 8, 'n_estimators': 500}",-9.977760229231153,-10.19392160190688,-10.471142557223049,-10.095593705276812,-10.01858530507565,-10.151400679742707,0.17603877143242538,18,-14.167798652879961,-14.653606732720785,-15.032586213181567,-13.98858793025984,-14.176013464169566,-14.403718598642346,0.3841249476602513,26,-0.4152823920265781,-0.3823796548592189,-0.42507552870090637,-0.38264537511298585,-0.4321880650994575,-0.40751420315982934,0.021108048241105497,9,0.9741089958565027,-1.321732829440725,1.366696259975664,-1.1978191506454936,0.5942518048504621,0.08310101611928204,1.1240197245673453,25,-13.18605054700554,-11.601282468509783,-13.924394628616822,-11.626658955441476,-12.27803121713209,-12.523283563341142,0.9073635116706041,47,10.151400679742707,14.403718598642346,0.40751420315982934,12.523283563341142,0.08310101611928204,n500__squared_error__boostrap_true__samples_0.7
26.105057764053345,4.874868578791622,3.699567461013794,1.1885671364513941,True,squared_error,26,1.0,0.7,4,2,500,"{'bootstrap': True, 'criterion': 'squared_error', 'max_depth': 26, 'max_features': 1.0, 'max_samples': 0.7, 'min_samples_leaf': 4, 'min_samples_split': 2, 'n_estimators': 500}",-9.978585138677001,-10.243123529014056,-10.523922383849735,-10.098927563220055,-10.015028882865888,-10.171917499525346,0.19813970213671808,22,-14.174403618523035,-14.740198457110393,-15.118496349930423,-13.99515908619651,-14.185032424567279,-14.442657987265529,0.4204460552813096,64,-0.413470250679553,-0.38207689978807147,-0.42900302114803623,-0.3811388972582103,-0.4321880650994575,-0.4075754267946657,0.02213024033383656,17,0.9625070869000074,-1.335556561758523,1.3842154508934237,-1.18418089133708,0.5986105636242167,0.08511912966440897,1.126993903763221,12,-13.230809480966208,-11.65677246150754,-13.878850786267558,-11.694879132007744,-12.278959443324325,-12.548054260814675,0.8754287120939873,63,10.171917499525346,14.442657987265529,0.4075754267946657,12.548054260814675,0.08511912966440897,n500__squared_error__boostrap_true__samples_0.7
21.70584225654602,0.8090897399734652,3.0590869903564455,1.3085051257032547,True,squared_error,26,1.0,0.7,4,4,500,"{'bootstrap': True, 'criterion': 'squared_error', 'max_depth': 26, 'max_features': 1.0, 'max_samples': 0.7, 'min_samples_leaf': 4, 'min_samples_split': 4, 'n_estimators': 500}",-9.978585138677001,-10.243123529014056,-10.523922383849738,-10.098927563220053,-10.015028882865888,-10.171917499525346,0.19813970213671947,22,-14.174403618523035,-14.740198457110393,-15.118496349930423,-13.99515908619651,-14.185032424567279,-14.442657987265529,0.4204460552813096,64,-0.413470250679553,-0.38207689978807147,-0.42900302114803623,-0.3811388972582103,-0.4321880650994575,-0.4075754267946657,0.02213024033383656,17,0.9625070869000074,-1.335556561758523,1.3842154508934237,-1.1841808913370804,0.5986105636242162,0.08511912966440878,1.126993903763221,13,-13.230809480966208,-11.65677246150754,-13.878850786267558,-11.694879132007742,-12.278959443324327,-12.548054260814675,0.8754287120939875,63,10.171917499525346,14.442657987265529,0.4075754267946657,12.548054260814675,0.08511912966440878,n500__squared_error__boostrap_true__samples_0.7
21.448671865463258,0.5954776431001929,0.7650367736816406,0.16372887362544608,True,squared_error,26,1.0,0.7,4,8,500,"{'bootstrap': True, 'criterion': 'squared_error', 'max_depth': 26, 'max_features': 1.0, 'max_samples': 0.7, 'min_samples_leaf': 4, 'min_samples_split': 8, 'n_estimators': 500}",-9.978585138677001,-10.243123529014056,-10.523922383849735,-10.098927563220055,-10.015028882865888,-10.171917499525346,0.19813970213671808,22,-14.174403618523037,-14.740198457110393,-15.118496349930421,-13.99515908619651,-14.185032424567279,-14.442657987265529,0.42044605528130885,64,-0.413470250679553,-0.38207689978807147,-0.42900302114803623,-0.3811388972582103,-0.4321880650994575,-0.4075754267946657,0.02213024033383656,17,0.9625070869000074,-1.3355565617585223,1.384215450893424,-1.18418089133708,0.5986105636242162,0.08511912966440904,1.1269939037632208,11,-13.230809480966208,-11.65677246150754,-13.878850786267558,-11.694879132007744,-12.278959443324325,-12.548054260814675,0.8754287120939873,63,10.171917499525346,14.442657987265529,0.4075754267946657,12.548054260814675,0.08511912966440904,n500__squared_error__boostrap_true__samples_0.7
