mean_fit_time,std_fit_time,mean_score_time,std_score_time,param_bootstrap,param_criterion,param_max_depth,param_max_features,param_max_samples,param_min_samples_leaf,param_min_samples_split,param_n_estimators,params,split0_test_MAE,split1_test_MAE,split2_test_MAE,split3_test_MAE,split4_test_MAE,mean_test_MAE,std_test_MAE,rank_test_MAE,split0_test_RMSE,split1_test_RMSE,split2_test_RMSE,split3_test_RMSE,split4_test_RMSE,mean_test_RMSE,std_test_RMSE,rank_test_RMSE,split0_test_overestimation_rate,split1_test_overestimation_rate,split2_test_overestimation_rate,split3_test_overestimation_rate,split4_test_overestimation_rate,mean_test_overestimation_rate,std_test_overestimation_rate,rank_test_overestimation_rate,split0_test_mean_signed_error,split1_test_mean_signed_error,split2_test_mean_signed_error,split3_test_mean_signed_error,split4_test_mean_signed_error,mean_test_mean_signed_error,std_test_mean_signed_error,rank_test_mean_signed_error,split0_test_mean_overestimation,split1_test_mean_overestimation,split2_test_mean_overestimation,split3_test_mean_overestimation,split4_test_mean_overestimation,mean_test_mean_overestimation,std_test_mean_overestimation,rank_test_mean_overestimation,mean_MAE,mean_RMSE,overestimation_rate,mean_overstimation,mean_signed_error,chunk_id
361.8747986316681,0.9516257729381605,2.3089686393737794,0.18124718042533086,True,absolute_error,20,0.875,0.7,1,2,500,"{'bootstrap': True, 'criterion': 'absolute_error', 'max_depth': 20, 'max_features': 0.875, 'max_samples': 0.7, 'min_samples_leaf': 1, 'min_samples_split': 2, 'n_estimators': 500}",-9.627387798248263,-9.715648198607326,-10.242658006042298,-9.820046700813498,-9.719676009644363,-9.82508334267115,0.21751517287190852,42,-14.406902067370277,-14.528167529411272,-15.375228612806787,-14.141875581010455,-14.436998364628614,-14.577834431045483,0.41890740544992877,93,-0.43068559347629115,-0.3981229185588859,-0.4398791540785498,-0.3998192226574269,-0.4553948161543098,-0.42478034098509265,0.02251118767315282,94,2.38442313500453,-0.2800127157129881,2.5871740181268885,0.007242844230190018,1.9621805304400244,1.3322015624177292,1.2193235900339066,3,-13.944988078541375,-11.8501536121673,-14.58335989010989,-12.289666164280332,-12.826075446724023,-13.098848638364583,1.020602407176647,94,9.82508334267115,14.577834431045483,0.42478034098509265,13.098848638364583,1.3322015624177292,n500__absolute_error__boostrap_true__samples_0.7
358.6601552963257,1.1263105490296315,2.4443930625915526,0.21242834292243537,True,absolute_error,20,0.875,0.7,1,4,500,"{'bootstrap': True, 'criterion': 'absolute_error', 'max_depth': 20, 'max_features': 0.875, 'max_samples': 0.7, 'min_samples_leaf': 1, 'min_samples_split': 4, 'n_estimators': 500}",-9.626759891271519,-9.73195519224947,-10.304268882175226,-9.898863513106356,-9.774553646775166,-9.867280225115548,0.2352520794052602,57,-14.382885530085726,-14.49083904699106,-15.424546036379766,-14.213845415899263,-14.4480846214351,-14.592040130158182,0.42680389413513925,96,-0.4315916641498037,-0.40084771419921283,-0.44199395770392746,-0.4019282916541127,-0.4559975889089813,-0.42647184332320753,0.021899315854323486,96,2.363481727574751,-0.2599049349076598,2.5455716012084584,0.06474721301596872,2.0209038577456298,1.3469598929274296,1.1958487418329475,2,-13.890724282715187,-11.815023413897281,-14.53621736158578,-12.394761619190406,-12.933684071381363,-13.114082149754003,0.986221136966635,95,9.867280225115548,14.592040130158182,0.42647184332320753,13.114082149754003,1.3469598929274296,n500__absolute_error__boostrap_true__samples_0.7
350.28960981369016,2.057530523422171,3.8126727104187013,0.0814973198661225,True,absolute_error,20,0.875,0.7,1,8,500,"{'bootstrap': True, 'criterion': 'absolute_error', 'max_depth': 20, 'max_features': 0.875, 'max_samples': 0.7, 'min_samples_leaf': 1, 'min_samples_split': 8, 'n_estimators': 500}",-9.61340078526125,-9.727567968513473,-10.27375740181269,-9.81467188912323,-9.739570524412297,-9.833793713824587,0.22920237881778277,48,-14.386571475836648,-14.520771901608006,-15.381848583928798,-14.14604345516343,-14.399389412003455,-14.566924965708068,0.42519816505766805,90,-0.4312896405919662,-0.3996366939146231,-0.4377643504531722,-0.4022295872250678,-0.4550934297769741,-0.42520274039236067,0.021305803022636894,95,2.3643213530655394,-0.2722824704813806,2.610162235649547,0.12684423018981597,2.0355084388185656,1.3729107574484174,1.2010049478957405,1,-13.88593767507003,-11.829851515151514,-14.715587991718426,-12.358011985018727,-12.936990728476822,-13.145275979087103,1.0399969641502858,96,9.833793713824587,14.566924965708068,0.42520274039236067,13.145275979087103,1.3729107574484174,n500__absolute_error__boostrap_true__samples_0.7
293.7377290725708,7.906708734542128,4.039219331741333,0.6559668979211923,True,absolute_error,20,0.875,0.7,2,2,500,"{'bootstrap': True, 'criterion': 'absolute_error', 'max_depth': 20, 'max_features': 0.875, 'max_samples': 0.7, 'min_samples_leaf': 2, 'min_samples_split': 2, 'n_estimators': 500}",-9.66149018423437,-9.749036633363609,-10.248680362537765,-9.831442301898162,-9.75223176612417,-9.848576249631616,0.20715620381937414,54,-14.398457514516693,-14.484350394247036,-15.35299476193882,-14.12711688238463,-14.396690801941775,-14.55192207100579,0.4181843978275026,78,-0.42555119299305344,-0.3941871026339691,-0.4368580060422961,-0.39680626694787585,-0.45298372513562385,-0.42127725875056365,0.022799264062392823,73,2.1988136514648144,-0.4066775658492283,2.4294217522658608,-0.1077164808677313,1.8777845087402052,1.1983251731507842,1.2049912502003113,18,-13.935225691980127,-11.850158218125959,-14.51055255878285,-12.252485193621867,-12.83712375249501,-13.077109083001162,1.0034072209704132,84,9.848576249631616,14.55192207100579,0.42127725875056365,13.077109083001162,1.1983251731507842,n500__absolute_error__boostrap_true__samples_0.7
291.7205155849457,1.2270276869974526,2.2899810791015627,0.15831304978937433,True,absolute_error,20,0.875,0.7,2,4,500,"{'bootstrap': True, 'criterion': 'absolute_error', 'max_depth': 20, 'max_features': 0.875, 'max_samples': 0.7, 'min_samples_leaf': 2, 'min_samples_split': 4, 'n_estimators': 500}",-9.66149018423437,-9.749036633363609,-10.248680362537765,-9.831442301898162,-9.75223176612417,-9.848576249631616,0.20715620381937414,54,-14.398457514516693,-14.484350394247036,-15.35299476193882,-14.12711688238463,-14.396690801941775,-14.55192207100579,0.4181843978275026,78,-0.42555119299305344,-0.3941871026339691,-0.4368580060422961,-0.39680626694787585,-0.45298372513562385,-0.42127725875056365,0.022799264062392823,73,2.1988136514648144,-0.4066775658492283,2.4294217522658608,-0.1077164808677313,1.8777845087402052,1.1983251731507842,1.2049912502003113,18,-13.935225691980127,-11.850158218125959,-14.51055255878285,-12.252485193621867,-12.83712375249501,-13.077109083001162,1.0034072209704132,84,9.848576249631616,14.55192207100579,0.42127725875056365,13.077109083001162,1.1983251731507842,n500__absolute_error__boostrap_true__samples_0.7
287.88507056236267,1.464989438909853,2.134405326843262,0.03092895280262638,True,absolute_error,20,0.875,0.7,2,8,500,"{'bootstrap': True, 'criterion': 'absolute_error', 'max_depth': 20, 'max_features': 0.875, 'max_samples': 0.7, 'min_samples_leaf': 2, 'min_samples_split': 8, 'n_estimators': 500}",-9.584342796738145,-9.697478050257342,-10.196854682779456,-9.79189575173245,-9.715344183242918,-9.797183092950062,0.21057304199060942,26,-14.349180052459161,-14.442877101115174,-15.313905655227884,-14.109249770888544,-14.428854307138753,-14.528813377365903,0.41037750799778777,61,-0.42857142857142855,-0.3993339388434756,-0.4377643504531722,-0.3986140403736065,-0.44936708860759494,-0.42273016936985564,0.020487282186717717,81,2.306044397463002,-0.3488386315470784,2.4707163141993957,-0.08784814703223882,1.952694996986137,1.2585537860138434,1.2202389229920487,7,-13.872118393234672,-11.705290371493557,-14.468481711525191,-12.172235071806499,-12.982747820254861,-13.040174673662955,1.0267155831176418,74,9.797183092950062,14.528813377365903,0.42273016936985564,13.040174673662955,1.2585537860138434,n500__absolute_error__boostrap_true__samples_0.7
257.7529417037964,7.047294581530212,4.044459295272827,0.5005733799828743,True,absolute_error,20,0.875,0.7,3,2,500,"{'bootstrap': True, 'criterion': 'absolute_error', 'max_depth': 20, 'max_features': 0.875, 'max_samples': 0.7, 'min_samples_leaf': 3, 'min_samples_split': 2, 'n_estimators': 500}",-9.597471458773784,-9.710188919164397,-10.247955287009063,-9.758890629707743,-9.708583484026523,-9.804617955736301,0.22789827184693304,27,-14.394184096092692,-14.462182645609278,-15.37114293413182,-14.08014657660068,-14.394172936302832,-14.540365837747462,0.43608403542580015,71,-0.4297795228027786,-0.39539812291855886,-0.4326283987915408,-0.3934920156673697,-0.44665461121157324,-0.4195905342783643,0.021319808158385106,53,2.315885231048022,-0.43705056009688203,2.4429800604229603,-0.14111660138595963,1.91203496081977,1.218546618161582,1.2469163127098915,14,-13.859846802529868,-11.72633078101072,-14.66724720670391,-12.221053598774885,-13.008506072874495,-13.096596892378775,1.0678443802965591,91,9.804617955736301,14.540365837747462,0.4195905342783643,13.096596892378775,1.218546618161582,n500__absolute_error__boostrap_true__samples_0.7
252.62344098091125,1.2947932474932329,3.0208239555358887,0.3956692424255215,True,absolute_error,20,0.875,0.7,3,4,500,"{'bootstrap': True, 'criterion': 'absolute_error', 'max_depth': 20, 'max_features': 0.875, 'max_samples': 0.7, 'min_samples_leaf': 3, 'min_samples_split': 4, 'n_estimators': 500}",-9.597471458773784,-9.710188919164397,-10.247955287009063,-9.758890629707743,-9.708583484026523,-9.804617955736301,0.22789827184693304,27,-14.394184096092692,-14.462182645609278,-15.37114293413182,-14.08014657660068,-14.394172936302832,-14.540365837747462,0.43608403542580015,71,-0.4297795228027786,-0.39539812291855886,-0.4326283987915408,-0.3934920156673697,-0.44665461121157324,-0.4195905342783643,0.021319808158385106,53,2.315885231048022,-0.43705056009688203,2.4429800604229603,-0.14111660138595963,1.91203496081977,1.218546618161582,1.2469163127098915,14,-13.859846802529868,-11.72633078101072,-14.66724720670391,-12.221053598774885,-13.008506072874495,-13.096596892378775,1.0678443802965591,91,9.804617955736301,14.540365837747462,0.4195905342783643,13.096596892378775,1.218546618161582,n500__absolute_error__boostrap_true__samples_0.7
253.80456409454345,0.9061784291173567,2.9188239574432373,0.10679481655616607,True,absolute_error,20,0.875,0.7,3,8,500,"{'bootstrap': True, 'criterion': 'absolute_error', 'max_depth': 20, 'max_features': 0.875, 'max_samples': 0.7, 'min_samples_leaf': 3, 'min_samples_split': 8, 'n_estimators': 500}",-9.621428873452128,-9.684484408113835,-10.20508247734139,-9.738697499246761,-9.681852019288728,-9.78630905548857,0.21265137892386282,18,-14.385080773910936,-14.446911781812975,-15.33694913312568,-14.059764930605587,-14.406931046692321,-14.5271275332295,0.42785461782570783,60,-0.42615524010872846,-0.39539812291855886,-0.4350453172205438,-0.3949984935221452,-0.44936708860759494,-0.4201928524755143,0.021710901252850915,60,2.290270311084265,-0.39133454435361725,2.5201640483383687,-0.1019304007231091,1.9335066305003015,1.2501352089692417,1.23970602541353,8,-13.975774627923458,-11.751636294027564,-14.62519652777778,-12.19848588863463,-12.924131455399062,-13.0950449587525,1.0728303693171357,90,9.78630905548857,14.5271275332295,0.4201928524755143,13.0950449587525,1.2501352089692417,n500__absolute_error__boostrap_true__samples_0.7
234.4069356918335,5.291307610011405,3.7261192321777346,0.5518605827997457,True,absolute_error,20,0.875,0.7,4,2,500,"{'bootstrap': True, 'criterion': 'absolute_error', 'max_depth': 20, 'max_features': 0.875, 'max_samples': 0.7, 'min_samples_leaf': 4, 'min_samples_split': 2, 'n_estimators': 500}",-9.578932648746601,-9.649996366939147,-10.173320241691842,-9.71561855980717,-9.644771850512358,-9.752527933539422,0.21479659538767873,8,-14.371100622134449,-14.426142475316645,-15.350647702661888,-14.070367309561313,-14.372609250835952,-14.518173472102049,0.4347028350115442,49,-0.4288734521292661,-0.3923705722070845,-0.43293051359516616,-0.3937933112383248,-0.4484629294755877,-0.41928615572908584,0.022377232342973487,49,2.2692684989429175,-0.40252618831365533,2.482590332326284,-0.14002229587225046,1.9276784207353828,1.2273977535637357,1.2391840638562588,9,-13.81316690140845,-11.784102623456791,-14.616561060711794,-12.158149961744453,-12.90234879032258,-13.054865867528813,1.0446159515730555,80,9.752527933539422,14.518173472102049,0.41928615572908584,13.054865867528813,1.2273977535637357,n500__absolute_error__boostrap_true__samples_0.7
229.93308787345887,1.673939944248227,3.4951000690460203,0.09307156304041768,True,absolute_error,20,0.875,0.7,4,4,500,"{'bootstrap': True, 'criterion': 'absolute_error', 'max_depth': 20, 'max_features': 0.875, 'max_samples': 0.7, 'min_samples_leaf': 4, 'min_samples_split': 4, 'n_estimators': 500}",-9.578932648746601,-9.649996366939147,-10.173320241691842,-9.71561855980717,-9.644771850512358,-9.752527933539422,0.21479659538767873,8,-14.371100622134449,-14.426142475316645,-15.350647702661888,-14.070367309561313,-14.372609250835952,-14.518173472102049,0.4347028350115442,49,-0.4288734521292661,-0.3923705722070845,-0.43293051359516616,-0.3937933112383248,-0.4484629294755877,-0.41928615572908584,0.022377232342973487,49,2.2692684989429175,-0.40252618831365533,2.482590332326284,-0.14002229587225046,1.9276784207353828,1.2273977535637357,1.2391840638562588,9,-13.81316690140845,-11.784102623456791,-14.616561060711794,-12.158149961744453,-12.90234879032258,-13.054865867528813,1.0446159515730555,80,9.752527933539422,14.518173472102049,0.41928615572908584,13.054865867528813,1.2273977535637357,n500__absolute_error__boostrap_true__samples_0.7
230.85091671943664,1.4851410732443842,3.675939702987671,0.09751839389155562,True,absolute_error,20,0.875,0.7,4,8,500,"{'bootstrap': True, 'criterion': 'absolute_error', 'max_depth': 20, 'max_features': 0.875, 'max_samples': 0.7, 'min_samples_leaf': 4, 'min_samples_split': 8, 'n_estimators': 500}",-9.578932648746601,-9.649996366939147,-10.173320241691842,-9.71561855980717,-9.644771850512358,-9.752527933539422,0.21479659538767873,8,-14.371100622134449,-14.426142475316645,-15.350647702661888,-14.070367309561313,-14.372609250835952,-14.518173472102049,0.4347028350115442,49,-0.4288734521292661,-0.3923705722070845,-0.43293051359516616,-0.3937933112383248,-0.4484629294755877,-0.41928615572908584,0.022377232342973487,49,2.2692684989429175,-0.40252618831365533,2.482590332326284,-0.14002229587225046,1.9276784207353828,1.2273977535637357,1.2391840638562588,9,-13.81316690140845,-11.784102623456791,-14.616561060711794,-12.158149961744453,-12.90234879032258,-13.054865867528813,1.0446159515730555,80,9.752527933539422,14.518173472102049,0.41928615572908584,13.054865867528813,1.2273977535637357,n500__absolute_error__boostrap_true__samples_0.7
423.7168104171753,3.2716611519499867,4.161717748641967,0.6220535196729099,True,absolute_error,20,1.0,0.7,1,2,500,"{'bootstrap': True, 'criterion': 'absolute_error', 'max_depth': 20, 'max_features': 1.0, 'max_samples': 0.7, 'min_samples_leaf': 1, 'min_samples_split': 2, 'n_estimators': 500}",-9.566373905164603,-9.691247653648198,-10.21630241691843,-9.777070503163603,-9.669007233273057,-9.784000342433579,0.2263275718536837,17,-14.342055167901924,-14.579146613457452,-15.383421106224061,-14.138128219363155,-14.390355238858508,-14.566621269161018,0.4318390438749944,89,-0.43068559347629115,-0.4020587344838026,-0.43867069486404836,-0.3977101536607412,-0.45087402049427366,-0.4239998393958314,0.020759164618625807,90,2.313872546058593,-0.20544323342416032,2.5222287009063447,0.006550467008134976,1.924637130801688,1.3123691222701201,1.1705176743370864,5,-13.792249649368864,-11.796540662650603,-14.519469008264464,-12.299938636363636,-12.856855614973261,-13.053010714324165,0.9880572351144471,79,9.784000342433579,14.566621269161018,0.4239998393958314,13.053010714324165,1.3123691222701201,n500__absolute_error__boostrap_true__samples_0.7
413.62791485786437,1.9378946800774395,2.5513360500335693,0.218841480258687,True,absolute_error,20,1.0,0.7,1,4,500,"{'bootstrap': True, 'criterion': 'absolute_error', 'max_depth': 20, 'max_features': 1.0, 'max_samples': 0.7, 'min_samples_leaf': 1, 'min_samples_split': 4, 'n_estimators': 500}",-9.587990637269707,-9.698020587344837,-10.271867673716011,-9.80058722506779,-9.680277275467148,-9.807748679773098,0.24167769338549902,29,-14.334344859841268,-14.554761116477845,-15.445781856393253,-14.13822781786204,-14.410348268456378,-14.576692783806157,0.4548519219525228,92,-0.4279673814557535,-0.3996366939146231,-0.4395770392749245,-0.4022295872250678,-0.45147679324894513,-0.4241774990238628,0.020399619906834573,91,2.2841893687707633,-0.26608719346049003,2.537908157099698,0.08871135884302486,1.9236998191681745,1.313684302084234,1.1669584185004176,4,-13.870426252646435,-11.80063484848485,-14.570569759450171,-12.293101872659173,-12.851133511348465,-13.07717324891782,1.0153714236084441,86,9.807748679773098,14.576692783806157,0.4241774990238628,13.07717324891782,1.313684302084234,n500__absolute_error__boostrap_true__samples_0.7
403.7149597167969,2.0100600604395673,2.7536882400512694,0.3944063003201758,True,absolute_error,20,1.0,0.7,1,8,500,"{'bootstrap': True, 'criterion': 'absolute_error', 'max_depth': 20, 'max_features': 1.0, 'max_samples': 0.7, 'min_samples_leaf': 1, 'min_samples_split': 8, 'n_estimators': 500}",-9.578832376925401,-9.67136663639116,-10.227847129909366,-9.772929798131967,-9.683366184448463,-9.78686842516127,0.22890560402577909,19,-14.33080568690259,-14.563305559142867,-15.335576602341497,-14.110728065145057,-14.397343542385045,-14.547551891183412,0.41990180841802127,76,-0.43068559347629115,-0.3990311837723282,-0.43564954682779455,-0.40042181379933717,-0.4511754068716094,-0.42339270894947206,0.02047652546837396,85,2.264739353669586,-0.21731335149863817,2.481652567975831,0.04364868936426652,1.9063402652200119,1.2958135049462114,1.1467557820057188,6,-13.749672510518936,-11.846258725341425,-14.586839112343965,-12.25779683972912,-12.843903139612559,-13.056894065509203,0.9970188822516062,83,9.78686842516127,14.547551891183412,0.42339270894947206,13.056894065509203,1.2958135049462114,n500__absolute_error__boostrap_true__samples_0.7
339.28991355895994,6.2728520676158075,4.454606342315674,0.28340793435511846,True,absolute_error,20,1.0,0.7,2,2,500,"{'bootstrap': True, 'criterion': 'absolute_error', 'max_depth': 20, 'max_features': 1.0, 'max_samples': 0.7, 'min_samples_leaf': 2, 'min_samples_split': 2, 'n_estimators': 500}",-9.570099667774087,-9.678514683620952,-10.196506948640485,-9.7226089183489,-9.663992766726944,-9.766344597022272,0.22075077415367916,14,-14.286709391137613,-14.516084603298234,-15.294210120508739,-14.045510614738916,-14.370923420350778,-14.502687630006855,0.4241948990179693,32,-0.4267592872244035,-0.3996366939146231,-0.4341389728096677,-0.3952997890931003,-0.4484629294755877,-0.4208595345034764,0.02038041965213438,70,2.1325025672002416,-0.364168331819558,2.3448761329305134,-0.1045058752636339,1.838985533453888,1.1695380053002904,1.1603726464210893,24,-13.711010615711253,-11.653517424242425,-14.443972860125262,-12.165580792682928,-12.824893145161292,-12.959794967584633,1.0121704050449933,33,9.766344597022272,14.502687630006855,0.4208595345034764,12.959794967584633,1.1695380053002904,n500__absolute_error__boostrap_true__samples_0.7
337.0699951648712,2.0516970005393667,3.329926681518555,0.7265553098516765,True,absolute_error,20,1.0,0.7,2,4,500,"{'bootstrap': True, 'criterion': 'absolute_error', 'max_depth': 20, 'max_features': 1.0, 'max_samples': 0.7, 'min_samples_leaf': 2, 'min_samples_split': 4, 'n_estimators': 500}",-9.570099667774087,-9.678514683620952,-10.196506948640485,-9.7226089183489,-9.663992766726944,-9.766344597022272,0.22075077415367916,14,-14.286709391137613,-14.516084603298234,-15.294210120508739,-14.045510614738916,-14.370923420350778,-14.502687630006855,0.4241948990179693,32,-0.4267592872244035,-0.3996366939146231,-0.4341389728096677,-0.3952997890931003,-0.4484629294755877,-0.4208595345034764,0.02038041965213438,70,2.1325025672002416,-0.364168331819558,2.3448761329305134,-0.1045058752636339,1.838985533453888,1.1695380053002904,1.1603726464210893,24,-13.711010615711253,-11.653517424242425,-14.443972860125262,-12.165580792682928,-12.824893145161292,-12.959794967584633,1.0121704050449933,33,9.766344597022272,14.502687630006855,0.4208595345034764,12.959794967584633,1.1695380053002904,n500__absolute_error__boostrap_true__samples_0.7
331.7348673820496,1.2660022670034257,2.7403704166412353,0.16032462500004732,True,absolute_error,20,1.0,0.7,2,8,500,"{'bootstrap': True, 'criterion': 'absolute_error', 'max_depth': 20, 'max_features': 1.0, 'max_samples': 0.7, 'min_samples_leaf': 2, 'min_samples_split': 8, 'n_estimators': 500}",-9.554485351857444,-9.65397910990009,-10.148438066465257,-9.704479059957817,-9.6818417721519,-9.7486446720665,0.20635280333406653,5,-14.282225770499808,-14.561440528932103,-15.286331269502396,-14.058375778580778,-14.411537794610442,-14.519982228425103,0.4172237976169291,54,-0.426457263666566,-0.394792612776264,-0.4335347432024169,-0.39439590238023503,-0.4478601567209162,-0.4194081357492797,0.021402357483428586,52,2.1894234370280876,-0.32091704511050545,2.429102719033233,-0.047140705031636455,1.8328001808318266,1.216653717350201,1.1625188312696468,16,-13.769150849858358,-11.820208588957055,-14.50580487804878,-12.243203208556151,-12.855175639300136,-13.038708632944097,0.9835825152811393,73,9.7486446720665,14.519982228425103,0.4194081357492797,13.038708632944097,1.216653717350201,n500__absolute_error__boostrap_true__samples_0.7
297.61937141418457,4.683050083251945,4.389475393295288,0.13768485783683004,True,absolute_error,20,1.0,0.7,3,2,500,"{'bootstrap': True, 'criterion': 'absolute_error', 'max_depth': 20, 'max_features': 1.0, 'max_samples': 0.7, 'min_samples_leaf': 3, 'min_samples_split': 2, 'n_estimators': 500}",-9.559795530051344,-9.681210414774448,-10.163670996978853,-9.705353721000302,-9.641326702833032,-9.750271473127595,0.21252588003478293,6,-14.308677941705316,-14.553268988737646,-15.280701658224785,-14.052087613089007,-14.369567321189308,-14.512860704589212,0.4161124837693665,38,-0.4243430987617034,-0.39539812291855886,-0.43111782477341387,-0.3934920156673697,-0.4421338155515371,-0.4172969755345166,0.019512909616046566,29,2.111277257626095,-0.4095688767786862,2.3651326283987917,-0.09407743296173524,1.79311874623267,1.153176464503427,1.1656874609750307,26,-13.751929537366548,-11.724437978560491,-14.530602662929223,-12.21279709035222,-12.930978186775732,-13.030149091196842,1.0153923975121997,65,9.750271473127595,14.512860704589212,0.4172969755345166,13.030149091196842,1.153176464503427,n500__absolute_error__boostrap_true__samples_0.7
293.75088996887206,2.2228942938002274,4.119927787780762,0.42578493988145144,True,absolute_error,20,1.0,0.7,3,4,500,"{'bootstrap': True, 'criterion': 'absolute_error', 'max_depth': 20, 'max_features': 1.0, 'max_samples': 0.7, 'min_samples_leaf': 3, 'min_samples_split': 4, 'n_estimators': 500}",-9.559795530051344,-9.681210414774448,-10.163670996978853,-9.705353721000302,-9.641326702833032,-9.750271473127595,0.21252588003478293,6,-14.308677941705316,-14.553268988737646,-15.280701658224785,-14.052087613089007,-14.369567321189308,-14.512860704589212,0.4161124837693665,38,-0.4243430987617034,-0.39539812291855886,-0.43111782477341387,-0.3934920156673697,-0.4421338155515371,-0.4172969755345166,0.019512909616046566,29,2.111277257626095,-0.4095688767786862,2.3651326283987917,-0.09407743296173524,1.79311874623267,1.153176464503427,1.1656874609750307,26,-13.751929537366548,-11.724437978560491,-14.530602662929223,-12.21279709035222,-12.930978186775732,-13.030149091196842,1.0153923975121997,65,9.750271473127595,14.512860704589212,0.4172969755345166,13.030149091196842,1.153176464503427,n500__absolute_error__boostrap_true__samples_0.7
291.69067482948304,0.9425390727592127,3.451914167404175,0.06806065239748926,True,absolute_error,20,1.0,0.7,3,8,500,"{'bootstrap': True, 'criterion': 'absolute_error', 'max_depth': 20, 'max_features': 1.0, 'max_samples': 0.7, 'min_samples_leaf': 3, 'min_samples_split': 8, 'n_estimators': 500}",-9.541671096345514,-9.665452921586438,-10.133333232628399,-9.687770412774933,-9.628238095238094,-9.731293151714677,0.20709527272107692,4,-14.274316462960593,-14.567358000760228,-15.254177505803117,-14.034274457722605,-14.344051317872678,-14.494835549023843,0.41601461124192257,21,-0.42464512231954094,-0.39176506206478956,-0.43111782477341387,-0.3928894245254595,-0.44544906570223025,-0.41717329987708685,0.02137794185142162,28,2.126173663545756,-0.32768301544050904,2.3738474320241694,-0.11089906598373048,1.824025919228451,1.1770929866748276,1.155402258709013,23,-13.738347795163584,-11.917563369397218,-14.5055248773651,-12.187743865030674,-12.854740189445197,-13.040784019280355,0.9649845016862453,75,9.731293151714677,14.494835549023843,0.41717329987708685,13.040784019280355,1.1770929866748276,n500__absolute_error__boostrap_true__samples_0.7
269.0694334983826,3.575454169843033,3.926770639419556,0.43758214123253425,True,absolute_error,20,1.0,0.7,4,2,500,"{'bootstrap': True, 'criterion': 'absolute_error', 'max_depth': 20, 'max_features': 1.0, 'max_samples': 0.7, 'min_samples_leaf': 4, 'min_samples_split': 2, 'n_estimators': 500}",-9.535448807006947,-9.642141386618226,-10.11734501510574,-9.652128050617657,-9.594769740807715,-9.708366600031257,0.20862248531662836,1,-14.303503638189335,-14.543343289263555,-15.272862571485819,-14.039020424536979,-14.343360624953986,-14.500418109685935,0.41829253018982054,23,-0.4216248867411658,-0.3932788374205268,-0.42900302114803623,-0.388671286532088,-0.44424352019288726,-0.4153643104069408,0.021257956840645447,8,2.13234219269103,-0.39681410838631537,2.3532773413897283,-0.14144471226272917,1.7922610006027733,1.1479243428068975,1.173525758192689,31,-13.836696275071633,-11.754163202463433,-14.534422535211268,-12.234867441860464,-12.816203527815468,-13.035270596484452,1.0217251488741848,67,9.708366600031257,14.500418109685935,0.4153643104069408,13.035270596484452,1.1479243428068975,n500__absolute_error__boostrap_true__samples_0.7
266.01221146583555,1.3347232143324574,4.31401481628418,0.24925818135898767,True,absolute_error,20,1.0,0.7,4,4,500,"{'bootstrap': True, 'criterion': 'absolute_error', 'max_depth': 20, 'max_features': 1.0, 'max_samples': 0.7, 'min_samples_leaf': 4, 'min_samples_split': 4, 'n_estimators': 500}",-9.535448807006947,-9.642141386618226,-10.11734501510574,-9.652128050617657,-9.594769740807715,-9.708366600031257,0.20862248531662836,1,-14.303503638189335,-14.543343289263555,-15.272862571485819,-14.039020424536979,-14.343360624953986,-14.500418109685935,0.41829253018982054,23,-0.4216248867411658,-0.3932788374205268,-0.42900302114803623,-0.388671286532088,-0.44424352019288726,-0.4153643104069408,0.021257956840645447,8,2.13234219269103,-0.39681410838631537,2.3532773413897283,-0.14144471226272917,1.7922610006027733,1.1479243428068975,1.173525758192689,31,-13.836696275071633,-11.754163202463433,-14.534422535211268,-12.234867441860464,-12.816203527815468,-13.035270596484452,1.0217251488741848,67,9.708366600031257,14.500418109685935,0.4153643104069408,13.035270596484452,1.1479243428068975,n500__absolute_error__boostrap_true__samples_0.7
267.6704051017761,1.5708005891313959,4.063330030441284,0.2880781973676924,True,absolute_error,20,1.0,0.7,4,8,500,"{'bootstrap': True, 'criterion': 'absolute_error', 'max_depth': 20, 'max_features': 1.0, 'max_samples': 0.7, 'min_samples_leaf': 4, 'min_samples_split': 8, 'n_estimators': 500}",-9.535448807006947,-9.642141386618226,-10.11734501510574,-9.652128050617657,-9.594769740807715,-9.708366600031257,0.20862248531662836,1,-14.303503638189335,-14.543343289263555,-15.272862571485819,-14.039020424536979,-14.343360624953986,-14.500418109685935,0.41829253018982054,23,-0.4216248867411658,-0.3932788374205268,-0.42900302114803623,-0.388671286532088,-0.44424352019288726,-0.4153643104069408,0.021257956840645447,8,2.13234219269103,-0.39681410838631537,2.3532773413897283,-0.14144471226272917,1.7922610006027733,1.1479243428068975,1.173525758192689,31,-13.836696275071633,-11.754163202463433,-14.534422535211268,-12.234867441860464,-12.816203527815468,-13.035270596484452,1.0217251488741848,67,9.708366600031257,14.500418109685935,0.4153643104069408,13.035270596484452,1.1479243428068975,n500__absolute_error__boostrap_true__samples_0.7
384.15466542243956,2.761055405653568,4.341981887817383,0.19764958509047445,True,absolute_error,22,0.875,0.7,1,2,500,"{'bootstrap': True, 'criterion': 'absolute_error', 'max_depth': 22, 'max_features': 0.875, 'max_samples': 0.7, 'min_samples_leaf': 1, 'min_samples_split': 2, 'n_estimators': 500}",-9.641641196013289,-9.799825310323948,-10.358906042296072,-9.903210304308526,-9.800349608197712,-9.90078649222791,0.24385094196863835,77,-14.372052338536236,-14.530603577257436,-15.45053068517306,-14.136610385038097,-14.420957035668371,-14.58215080433464,0.4528513653902162,94,-0.42826940501359106,-0.4017559794126552,-0.43927492447129907,-0.40072310937029226,-0.4526823387582881,-0.42454115140522514,0.020539588888192843,93,2.203080036242827,-0.41108537693006375,2.46682084592145,-0.09881199156372378,1.8633568414707662,1.204672071028251,1.2110694822218309,17,-13.828586741889987,-11.684629992464203,-14.59874690508941,-12.233382706766918,-12.882882157123834,-13.04564570066687,1.0548693687419965,77,9.90078649222791,14.58215080433464,0.42454115140522514,13.04564570066687,1.204672071028251,n500__absolute_error__boostrap_true__samples_0.7
373.7993830680847,2.980360689969946,4.11476616859436,0.0737346392839469,True,absolute_error,22,0.875,0.7,1,4,500,"{'bootstrap': True, 'criterion': 'absolute_error', 'max_depth': 22, 'max_features': 0.875, 'max_samples': 0.7, 'min_samples_leaf': 1, 'min_samples_split': 4, 'n_estimators': 500}",-9.672217456961643,-9.802367241901303,-10.326791540785498,-9.951771316661647,-9.809593429776974,-9.912548197217415,0.2252262829042716,82,-14.384892270355003,-14.534278087360883,-15.387995646330303,-14.210442765994454,-14.419367086516253,-14.58739517131138,0.41354963988808213,95,-0.43008154636061613,-0.3999394489857705,-0.4416918429003021,-0.3974088580897861,-0.45057263411693793,-0.42393886609068254,0.02164288174749878,89,2.221703412866204,-0.3430684226460795,2.468389728096677,-0.08479933714974384,1.8475964436407477,1.2219643649615608,1.1917574289331545,13,-13.827518258426965,-11.825913701741104,-14.484285225718196,-12.414131918119788,-12.935971906354514,-13.097564202072112,0.9556270060632048,93,9.912548197217415,14.58739517131138,0.42393886609068254,13.097564202072112,1.2219643649615608,n500__absolute_error__boostrap_true__samples_0.7
363.0367695331573,2.3358152065045865,4.139061450958252,0.3344366313973779,True,absolute_error,22,0.875,0.7,1,8,500,"{'bootstrap': True, 'criterion': 'absolute_error', 'max_depth': 22, 'max_features': 0.875, 'max_samples': 0.7, 'min_samples_leaf': 1, 'min_samples_split': 8, 'n_estimators': 500}",-9.63945243128964,-9.763242204056917,-10.322347734138972,-9.875979210605603,-9.764143158529235,-9.873032947724074,0.23679666762845006,63,-14.348360123430554,-14.48230411278113,-15.390464982394791,-14.13753717224025,-14.359711737984535,-14.543675625766252,0.43766607773469496,73,-0.4324977348233162,-0.39872842870118075,-0.4380664652567976,-0.3986140403736065,-0.45418927064496684,-0.4244191879599736,0.02219770111231523,92,2.2339036544850495,-0.36994096276112653,2.447551963746224,-0.05782133172642386,1.8815723327305602,1.2270531312948567,1.19440807794367,12,-13.726495111731843,-11.779071374335611,-14.575299310344828,-12.315368858654573,-12.820333112143333,-13.043313553442038,0.9991645954739438,76,9.873032947724074,14.543675625766252,0.4244191879599736,13.043313553442038,1.2270531312948567,n500__absolute_error__boostrap_true__samples_0.7
303.2326324939728,5.015547735401367,4.372887325286865,0.3344325664180689,True,absolute_error,22,0.875,0.7,2,2,500,"{'bootstrap': True, 'criterion': 'absolute_error', 'max_depth': 22, 'max_features': 0.875, 'max_samples': 0.7, 'min_samples_leaf': 2, 'min_samples_split': 2, 'n_estimators': 500}",-9.65153337360314,-9.779544959128065,-10.333662537764349,-9.85429677613739,-9.7953257986739,-9.882872689061369,0.2348987131337511,71,-14.31398504599645,-14.48276308591649,-15.347416294980075,-14.068792188213282,-14.382183182016316,-14.519027959424523,0.4361246873691529,52,-0.42857142857142855,-0.3963063881320012,-0.43323262839879156,-0.39258812895450435,-0.4475587703435805,-0.4196514688800613,0.02154181149673465,55,2.039889761401389,-0.495475930971844,2.2895870090634443,-0.22959355227478168,1.7633101265822784,1.0735434827600971,1.187295503552935,47,-13.639993657505286,-11.713246753246754,-14.568673640167363,-12.258016116653875,-12.912981144781144,-13.018582262470886,1.008211153573422,60,9.882872689061369,14.519027959424523,0.4196514688800613,13.018582262470886,1.0735434827600971,n500__absolute_error__boostrap_true__samples_0.7
302.3714844703674,2.4409780006896624,4.191539287567139,0.24099124708352185,True,absolute_error,22,0.875,0.7,2,4,500,"{'bootstrap': True, 'criterion': 'absolute_error', 'max_depth': 22, 'max_features': 0.875, 'max_samples': 0.7, 'min_samples_leaf': 2, 'min_samples_split': 4, 'n_estimators': 500}",-9.65153337360314,-9.779544959128065,-10.333662537764349,-9.85429677613739,-9.7953257986739,-9.882872689061369,0.2348987131337511,71,-14.31398504599645,-14.48276308591649,-15.347416294980075,-14.068792188213282,-14.382183182016316,-14.519027959424523,0.4361246873691529,52,-0.42857142857142855,-0.3963063881320012,-0.43323262839879156,-0.39258812895450435,-0.4475587703435805,-0.4196514688800613,0.02154181149673465,55,2.039889761401389,-0.495475930971844,2.2895870090634443,-0.22959355227478168,1.7633101265822784,1.0735434827600971,1.187295503552935,47,-13.639993657505286,-11.713246753246754,-14.568673640167363,-12.258016116653875,-12.912981144781144,-13.018582262470886,1.008211153573422,60,9.882872689061369,14.519027959424523,0.4196514688800613,13.018582262470886,1.0735434827600971,n500__absolute_error__boostrap_true__samples_0.7
293.44097604751585,1.143689743694187,4.0809797763824465,0.2210525317451921,True,absolute_error,22,0.875,0.7,2,8,500,"{'bootstrap': True, 'criterion': 'absolute_error', 'max_depth': 22, 'max_features': 0.875, 'max_samples': 0.7, 'min_samples_leaf': 2, 'min_samples_split': 8, 'n_estimators': 500}",-9.634213832678949,-9.745904026642446,-10.268633836858005,-9.833189213618558,-9.760032248342377,-9.848394631628066,0.21955311151421286,53,-14.3383051535996,-14.467774521686266,-15.335084626959581,-14.085179544683328,-14.3779234773906,-14.520853464863873,0.426463220343,55,-0.42917547568710357,-0.3984256736300333,-0.4350453172205438,-0.39439590238023503,-0.4463532248342375,-0.4206791187504306,0.02060950627923753,67,2.1552914527333136,-0.4630544959128063,2.3732513595166163,-0.193288038565833,1.8006609403254976,1.1345722436193575,1.2112383692541302,34,-13.735064039408869,-11.649411854103343,-14.529388888888889,-12.221097020626432,-12.950162052667118,-13.01702477113893,1.030646623575234,56,9.848394631628066,14.520853464863873,0.4206791187504306,13.01702477113893,1.1345722436193575,n500__absolute_error__boostrap_true__samples_0.7
263.01771721839907,3.0938857633893235,4.242064714431763,0.2678137814391452,True,absolute_error,22,0.875,0.7,3,2,500,"{'bootstrap': True, 'criterion': 'absolute_error', 'max_depth': 22, 'max_features': 0.875, 'max_samples': 0.7, 'min_samples_leaf': 3, 'min_samples_split': 2, 'n_estimators': 500}",-9.643521292660827,-9.756346351801394,-10.241740785498488,-9.853948779752939,-9.740805907172996,-9.847272623377329,0.20821481949274231,51,-14.36373021802486,-14.483904145094549,-15.294247911830109,-14.142053673908098,-14.375957560035175,-14.53197870177856,0.39700306999041834,62,-0.426457263666566,-0.397517408416591,-0.4362537764350453,-0.39710756251883095,-0.4460518384569018,-0.42067756989878696,0.020058987525502826,65,2.153535185744488,-0.4684329397517415,2.358366163141994,-0.1994570653811392,1.7876160337552751,1.126325475501775,1.2092429860028124,35,-13.83146388101983,-11.682398324447831,-14.44125831024931,-12.15601593323217,-12.922737837837836,-13.006774857357396,1.0220255310822728,53,9.847272623377329,14.53197870177856,0.42067756989878696,13.006774857357396,1.126325475501775,n500__absolute_error__boostrap_true__samples_0.7
261.74907622337344,1.9710567564502863,4.196746969223023,0.21839452835536127,True,absolute_error,22,0.875,0.7,3,4,500,"{'bootstrap': True, 'criterion': 'absolute_error', 'max_depth': 22, 'max_features': 0.875, 'max_samples': 0.7, 'min_samples_leaf': 3, 'min_samples_split': 4, 'n_estimators': 500}",-9.643521292660827,-9.756346351801394,-10.241740785498488,-9.853948779752939,-9.740805907172996,-9.847272623377329,0.20821481949274231,51,-14.36373021802486,-14.483904145094549,-15.294247911830109,-14.142053673908098,-14.375957560035175,-14.53197870177856,0.39700306999041834,62,-0.426457263666566,-0.397517408416591,-0.4362537764350453,-0.39710756251883095,-0.4460518384569018,-0.42067756989878696,0.020058987525502826,65,2.153535185744488,-0.4684329397517415,2.358366163141994,-0.1994570653811392,1.7876160337552751,1.126325475501775,1.2092429860028124,35,-13.83146388101983,-11.682398324447831,-14.44125831024931,-12.15601593323217,-12.922737837837836,-13.006774857357396,1.0220255310822728,53,9.847272623377329,14.53197870177856,0.42067756989878696,13.006774857357396,1.126325475501775,n500__absolute_error__boostrap_true__samples_0.7
258.44275159835814,1.8876968270089929,4.3676642894744875,0.573039433224793,True,absolute_error,22,0.875,0.7,3,8,500,"{'bootstrap': True, 'criterion': 'absolute_error', 'max_depth': 22, 'max_features': 0.875, 'max_samples': 0.7, 'min_samples_leaf': 3, 'min_samples_split': 8, 'n_estimators': 500}",-9.610377529447296,-9.738121102028458,-10.24222900302115,-9.781754745405243,-9.755649487643158,-9.825626373509062,0.21650333606260008,43,-14.315233155445808,-14.473556669424195,-15.317815571470073,-14.055956737460566,-14.409416260959894,-14.514395678952104,0.42614645380199184,42,-0.427061310782241,-0.39660914320314866,-0.43202416918429004,-0.39168424224163906,-0.4448462929475588,-0.4184450316717755,0.020729716420558247,46,2.169527031108426,-0.4712491674235544,2.3700078549848937,-0.2033329316059055,1.7649876431585296,1.1259880860444778,1.2135188800513035,37,-13.791818953323903,-11.682625190839696,-14.59667972027972,-12.227223846153848,-12.949008807588077,-13.049471303637048,1.0487502856299713,78,9.825626373509062,14.514395678952104,0.4184450316717755,13.049471303637048,1.1259880860444778,n500__absolute_error__boostrap_true__samples_0.7
237.0724666595459,2.6912135794345216,3.7521557331085207,0.3022460057563434,True,absolute_error,22,0.875,0.7,4,2,500,"{'bootstrap': True, 'criterion': 'absolute_error', 'max_depth': 22, 'max_features': 0.875, 'max_samples': 0.7, 'min_samples_leaf': 4, 'min_samples_split': 2, 'n_estimators': 500}",-9.632700996677741,-9.750853769300635,-10.204244712990937,-9.761074420006025,-9.701636528028933,-9.810102085400853,0.2022366975771413,30,-14.378084922784872,-14.54048630592236,-15.319887325475236,-14.058651373867386,-14.37541638498558,-14.534505262607087,0.4226285070072371,64,-0.42524916943521596,-0.3944898577051166,-0.4308157099697885,-0.38987646881590843,-0.4478601567209162,-0.41765827252938914,0.0221427087213614,37,2.210922077922078,-0.48348713290947587,2.3912066465256796,-0.23615607110575465,1.8801446654611216,1.1525260371787298,1.24811359978396,28,-13.925509943181817,-11.74601381427475,-14.618143057503508,-12.215302936630602,-12.930131224764466,-13.087020195271029,1.0611508392828422,87,9.810102085400853,14.534505262607087,0.41765827252938914,13.087020195271029,1.1525260371787298,n500__absolute_error__boostrap_true__samples_0.7
234.96837825775145,1.9682183288894026,4.409588289260864,0.47870292679063275,True,absolute_error,22,0.875,0.7,4,4,500,"{'bootstrap': True, 'criterion': 'absolute_error', 'max_depth': 22, 'max_features': 0.875, 'max_samples': 0.7, 'min_samples_leaf': 4, 'min_samples_split': 4, 'n_estimators': 500}",-9.632700996677741,-9.750853769300635,-10.204244712990937,-9.761074420006025,-9.701636528028933,-9.810102085400853,0.2022366975771413,30,-14.378084922784872,-14.54048630592236,-15.319887325475236,-14.058651373867386,-14.37541638498558,-14.534505262607087,0.4226285070072371,64,-0.42524916943521596,-0.3944898577051166,-0.4308157099697885,-0.38987646881590843,-0.4478601567209162,-0.41765827252938914,0.0221427087213614,37,2.210922077922078,-0.48348713290947587,2.3912066465256796,-0.23615607110575465,1.8801446654611216,1.1525260371787298,1.24811359978396,28,-13.925509943181817,-11.74601381427475,-14.618143057503508,-12.215302936630602,-12.930131224764466,-13.087020195271029,1.0611508392828422,87,9.810102085400853,14.534505262607087,0.41765827252938914,13.087020195271029,1.1525260371787298,n500__absolute_error__boostrap_true__samples_0.7
234.46435046195984,1.6278461806375888,4.0398702144622805,0.1957820470421373,True,absolute_error,22,0.875,0.7,4,8,500,"{'bootstrap': True, 'criterion': 'absolute_error', 'max_depth': 22, 'max_features': 0.875, 'max_samples': 0.7, 'min_samples_leaf': 4, 'min_samples_split': 8, 'n_estimators': 500}",-9.632700996677741,-9.750853769300635,-10.204244712990937,-9.761074420006025,-9.701636528028933,-9.810102085400853,0.2022366975771413,30,-14.378084922784872,-14.54048630592236,-15.319887325475236,-14.058651373867386,-14.37541638498558,-14.534505262607087,0.4226285070072371,64,-0.42524916943521596,-0.3944898577051166,-0.4308157099697885,-0.38987646881590843,-0.4478601567209162,-0.41765827252938914,0.0221427087213614,37,2.210922077922078,-0.48348713290947587,2.3912066465256796,-0.23615607110575465,1.8801446654611216,1.1525260371787298,1.24811359978396,28,-13.925509943181817,-11.74601381427475,-14.618143057503508,-12.215302936630602,-12.930131224764466,-13.087020195271029,1.0611508392828422,87,9.810102085400853,14.534505262607087,0.41765827252938914,13.087020195271029,1.1525260371787298,n500__absolute_error__boostrap_true__samples_0.7
441.9754008769989,3.0069017797934645,4.219728565216064,0.24304242172429952,True,absolute_error,22,1.0,0.7,1,2,500,"{'bootstrap': True, 'criterion': 'absolute_error', 'max_depth': 22, 'max_features': 1.0, 'max_samples': 0.7, 'min_samples_leaf': 1, 'min_samples_split': 2, 'n_estimators': 500}",-9.626758079130173,-9.749365728125946,-10.25419667673716,-9.798886712865322,-9.703150994575045,-9.82647163828673,0.22124576600969964,44,-14.33557780146452,-14.607952283594367,-15.343948447981706,-14.09014835770337,-14.365910306129203,-14.548707439374635,0.43012409353549363,77,-0.425853216550891,-0.3990311837723282,-0.4377643504531722,-0.3986140403736065,-0.45027124773960214,-0.42230680777791996,0.02067183805682192,79,2.1179148293566903,-0.32093278837420613,2.38009335347432,-0.0983232901476347,1.8243161543098252,1.180613651723799,1.1508222605940053,22,-13.789578723404256,-11.814155538694992,-14.430469289164941,-12.167864701436129,-12.800580990629182,-13.0005298486659,0.9806242630917195,46,9.82647163828673,14.548707439374635,0.42230680777791996,13.0005298486659,1.180613651723799,n500__absolute_error__boostrap_true__samples_0.7
430.72161707878115,2.0361196503764187,4.2193962097167965,0.18743018821300456,True,absolute_error,22,1.0,0.7,1,4,500,"{'bootstrap': True, 'criterion': 'absolute_error', 'max_depth': 22, 'max_features': 1.0, 'max_samples': 0.7, 'min_samples_leaf': 1, 'min_samples_split': 4, 'n_estimators': 500}",-9.620520386590155,-9.761217378141083,-10.258621148036253,-9.847312142211509,-9.742878541289933,-9.846109919253786,0.21859600060016862,50,-14.314223649387605,-14.581250961300524,-15.337543688747218,-14.142890407066197,-14.413626510916762,-14.557907043483661,0.4149254184250659,84,-0.4279673814557535,-0.3999394489857705,-0.43867069486404836,-0.40343476950888824,-0.4496684749849307,-0.4239361539598782,0.01945075037184006,88,2.1661168831168833,-0.3392385709960639,2.3957111782477343,-0.054628803856583544,1.8096898734177214,1.1955301119859385,1.155688341188272,20,-13.770485532815806,-11.77925662376987,-14.423498622589532,-12.13663778939507,-12.845650804289546,-12.991105874571966,0.9878292493122418,44,9.846109919253786,14.557907043483661,0.4239361539598782,12.991105874571966,1.1955301119859385,n500__absolute_error__boostrap_true__samples_0.7
418.58903484344484,3.0645239801240494,4.30917387008667,0.07135340709718982,True,absolute_error,22,1.0,0.7,1,8,500,"{'bootstrap': True, 'criterion': 'absolute_error', 'max_depth': 22, 'max_features': 1.0, 'max_samples': 0.7, 'min_samples_leaf': 1, 'min_samples_split': 8, 'n_estimators': 500}",-9.631480821504077,-9.742934604904631,-10.24925256797583,-9.816500150647785,-9.684946654611212,-9.825022959928706,0.2208446636483627,41,-14.338021946287636,-14.569034437543387,-15.323115736504773,-14.109648520971636,-14.357216429191116,-14.539407414099708,0.4179758038393155,69,-0.4297795228027786,-0.3990311837723282,-0.43716012084592143,-0.40042181379933717,-0.45147679324894513,-0.4235738868938621,0.02068830886361005,87,2.1685306553911206,-0.33223221313957046,2.3671570996978857,-0.07051099728833933,1.818214285714286,1.1902317660750765,1.1527317889354742,21,-13.727982431482785,-11.791938543247344,-14.429964063579817,-12.169653122648606,-12.739481975967957,-12.9718040273853,0.9785232383733118,38,9.825022959928706,14.539407414099708,0.4235738868938621,12.9718040273853,1.1902317660750765,n500__absolute_error__boostrap_true__samples_0.7
349.3462767601013,2.594292937638515,4.506428480148315,0.1935625840470771,True,absolute_error,22,1.0,0.7,2,2,500,"{'bootstrap': True, 'criterion': 'absolute_error', 'max_depth': 22, 'max_features': 1.0, 'max_samples': 0.7, 'min_samples_leaf': 2, 'min_samples_split': 2, 'n_estimators': 500}",-9.581063726970704,-9.726716318498333,-10.22082839879154,-9.82441036456764,-9.752861060880047,-9.821175973941653,0.2149306711335722,37,-14.251938448241612,-14.570134106663675,-15.249565393856658,-14.119949737109105,-14.378542652753737,-14.514026067724956,0.3966126681512306,40,-0.42464512231954094,-0.3993339388434756,-0.43655589123867067,-0.39650497137692076,-0.4472573839662447,-0.4208594615489705,0.020070120875107893,68,1.995038356991845,-0.43014592794429335,2.2398646525679755,-0.1705254594757459,1.6935994575045206,1.0655662159288604,1.1315828276501463,49,-13.630325035561878,-11.64009552691433,-14.271589619377163,-12.173724924012157,-12.79627897574124,-12.902402816321352,0.9529109813719215,7,9.821175973941653,14.514026067724956,0.4208594615489705,12.902402816321352,1.0655662159288604,n500__absolute_error__boostrap_true__samples_0.7
349.8087128639221,2.6621530565360794,4.161022472381592,0.12594360663027498,True,absolute_error,22,1.0,0.7,2,4,500,"{'bootstrap': True, 'criterion': 'absolute_error', 'max_depth': 22, 'max_features': 1.0, 'max_samples': 0.7, 'min_samples_leaf': 2, 'min_samples_split': 4, 'n_estimators': 500}",-9.581063726970704,-9.726716318498333,-10.22082839879154,-9.82441036456764,-9.752861060880047,-9.821175973941653,0.2149306711335722,37,-14.251938448241612,-14.570134106663675,-15.249565393856658,-14.119949737109105,-14.378542652753737,-14.514026067724956,0.3966126681512306,40,-0.42464512231954094,-0.3993339388434756,-0.43655589123867067,-0.39650497137692076,-0.4472573839662447,-0.4208594615489705,0.020070120875107893,68,1.995038356991845,-0.43014592794429335,2.2398646525679755,-0.1705254594757459,1.6935994575045206,1.0655662159288604,1.1315828276501463,49,-13.630325035561878,-11.64009552691433,-14.271589619377163,-12.173724924012157,-12.79627897574124,-12.902402816321352,0.9529109813719215,7,9.821175973941653,14.514026067724956,0.4208594615489705,12.902402816321352,1.0655662159288604,n500__absolute_error__boostrap_true__samples_0.7
342.57671999931335,3.0793480704756884,4.404087972640991,0.2890403693385454,True,absolute_error,22,1.0,0.7,2,8,500,"{'bootstrap': True, 'criterion': 'absolute_error', 'max_depth': 22, 'max_features': 1.0, 'max_samples': 0.7, 'min_samples_leaf': 2, 'min_samples_split': 8, 'n_estimators': 500}",-9.58348474781033,-9.68113714804723,-10.1956667673716,-9.76873485989756,-9.705830018083184,-9.786970708241979,0.2128643253664905,20,-14.284999232255462,-14.540715854885198,-15.242120458327417,-14.07960357991162,-14.362996612167436,-14.502087147509425,0.3985240728023751,26,-0.427061310782241,-0.3944898577051166,-0.43172205438066463,-0.3949984935221452,-0.4472573839662447,-0.4191058200712824,0.02098608370750843,48,2.0711005738447597,-0.34985346654556376,2.3070438066465258,-0.1650897860801449,1.7086262808921036,1.1143654817515363,1.1377093153742424,39,-13.645096181046677,-11.827026093630085,-14.480046186144158,-12.156559115179252,-12.760500673854446,-12.973845649970926,0.9744624963773346,39,9.786970708241979,14.502087147509425,0.4191058200712824,12.973845649970926,1.1143654817515363,n500__absolute_error__boostrap_true__samples_0.7
303.5470391273499,1.9516668131170296,4.78444471359253,0.40533068165837494,True,absolute_error,22,1.0,0.7,3,2,500,"{'bootstrap': True, 'criterion': 'absolute_error', 'max_depth': 22, 'max_features': 1.0, 'max_samples': 0.7, 'min_samples_leaf': 3, 'min_samples_split': 2, 'n_estimators': 500}",-9.595843249773482,-9.744518619436874,-10.189049244712992,-9.75916059053932,-9.664545810729354,-9.790623503038404,0.2076986173972776,21,-14.270541266883814,-14.598869881682035,-15.22015032798114,-14.043889945311552,-14.327809535448424,-14.492252191461393,0.4045809817534876,10,-0.4234370280881909,-0.39358159249167424,-0.4323262839879154,-0.3928894245254595,-0.4460518384569018,-0.41765723351002837,0.021203403074593043,35,1.9849238900634245,-0.50421889191644,2.2287918429003017,-0.19584573666767116,1.7040678119349004,1.043543783262903,1.1540326807850045,56,-13.674721825962909,-11.738734615384615,-14.361654088050313,-12.170491564417178,-12.74360135135135,-12.937840689033271,0.9627717673879382,27,9.790623503038404,14.492252191461393,0.41765723351002837,12.937840689033271,1.043543783262903,n500__absolute_error__boostrap_true__samples_0.7
303.94088983535767,1.8527775158756241,4.270831966400147,0.13325853933921195,True,absolute_error,22,1.0,0.7,3,4,500,"{'bootstrap': True, 'criterion': 'absolute_error', 'max_depth': 22, 'max_features': 1.0, 'max_samples': 0.7, 'min_samples_leaf': 3, 'min_samples_split': 4, 'n_estimators': 500}",-9.595843249773482,-9.744518619436874,-10.189049244712992,-9.75916059053932,-9.664545810729354,-9.790623503038404,0.2076986173972776,21,-14.270541266883814,-14.598869881682035,-15.22015032798114,-14.043889945311552,-14.327809535448424,-14.492252191461393,0.4045809817534876,10,-0.4234370280881909,-0.39358159249167424,-0.4323262839879154,-0.3928894245254595,-0.4460518384569018,-0.41765723351002837,0.021203403074593043,35,1.9849238900634245,-0.50421889191644,2.2287918429003017,-0.19584573666767116,1.7040678119349004,1.043543783262903,1.1540326807850045,56,-13.674721825962909,-11.738734615384615,-14.361654088050313,-12.170491564417178,-12.74360135135135,-12.937840689033271,0.9627717673879382,27,9.790623503038404,14.492252191461393,0.41765723351002837,12.937840689033271,1.043543783262903,n500__absolute_error__boostrap_true__samples_0.7
301.99766664505006,2.526127281207918,4.045827722549438,0.1464746111781837,True,absolute_error,22,1.0,0.7,3,8,500,"{'bootstrap': True, 'criterion': 'absolute_error', 'max_depth': 22, 'max_features': 1.0, 'max_samples': 0.7, 'min_samples_leaf': 3, 'min_samples_split': 8, 'n_estimators': 500}",-9.571480217456962,-9.695480775052983,-10.185727190332326,-9.718361253389576,-9.669537070524413,-9.768117301351252,0.21472491858587417,16,-14.250241753575157,-14.573121568046334,-15.2285301872025,-14.008246912265163,-14.34925287031022,-14.481878658279877,0.41506290133276014,5,-0.42222893385684085,-0.3932788374205268,-0.43111782477341387,-0.39168424224163906,-0.4436407474382158,-0.4163901171461273,0.020679001471074033,19,2.0361410450015103,-0.4614026642446269,2.2415737160120845,-0.2087053329316063,1.6791802290536468,1.0573573985782017,1.1538280906639904,55,-13.745648783977112,-11.73986143187067,-14.412882270497546,-12.139441538461538,-12.790436141304346,-12.965654033222242,0.9918424551961108,36,9.768117301351252,14.481878658279877,0.4163901171461273,12.965654033222242,1.0573573985782017,n500__absolute_error__boostrap_true__samples_0.7
272.582652425766,2.437460342844674,4.526400756835938,0.2223003405956988,True,absolute_error,22,1.0,0.7,4,2,500,"{'bootstrap': True, 'criterion': 'absolute_error', 'max_depth': 22, 'max_features': 1.0, 'max_samples': 0.7, 'min_samples_leaf': 4, 'min_samples_split': 2, 'n_estimators': 500}",-9.548344306855935,-9.708997880714502,-10.167086404833835,-9.729250376619465,-9.63800994575045,-9.758337782954836,0.2139775630568638,11,-14.25492610193225,-14.597508316467884,-15.263077158595664,-14.058575504103526,-14.337599510862194,-14.502337318392303,0.41786553493397227,29,-0.42222893385684085,-0.3890402664244626,-0.4299093655589124,-0.3889725821030431,-0.44544906570223025,-0.41512004272909786,0.022596258392159833,5,2.0646010268800965,-0.4852340296699973,2.2274549848942597,-0.22795781862006653,1.7455156720916212,1.0648759671151828,1.1737606890132608,51,-13.751953505007153,-11.854510505836576,-14.415295853829937,-12.213319132455462,-12.777583897158323,-13.002532578857489,0.9538287319204732,48,9.758337782954836,14.502337318392303,0.41512004272909786,13.002532578857489,1.0648759671151828,n500__absolute_error__boostrap_true__samples_0.7
273.6499197483063,2.2077698448246013,4.383803272247315,0.07982360367063798,True,absolute_error,22,1.0,0.7,4,4,500,"{'bootstrap': True, 'criterion': 'absolute_error', 'max_depth': 22, 'max_features': 1.0, 'max_samples': 0.7, 'min_samples_leaf': 4, 'min_samples_split': 4, 'n_estimators': 500}",-9.548344306855935,-9.708997880714502,-10.167086404833835,-9.729250376619465,-9.63800994575045,-9.758337782954836,0.2139775630568638,11,-14.25492610193225,-14.597508316467884,-15.263077158595664,-14.058575504103526,-14.337599510862194,-14.502337318392303,0.41786553493397227,29,-0.42222893385684085,-0.3890402664244626,-0.4299093655589124,-0.3889725821030431,-0.44544906570223025,-0.41512004272909786,0.022596258392159833,5,2.0646010268800965,-0.4852340296699973,2.2274549848942597,-0.22795781862006653,1.7455156720916212,1.0648759671151828,1.1737606890132608,51,-13.751953505007153,-11.854510505836576,-14.415295853829937,-12.213319132455462,-12.777583897158323,-13.002532578857489,0.9538287319204732,48,9.758337782954836,14.502337318392303,0.41512004272909786,13.002532578857489,1.0648759671151828,n500__absolute_error__boostrap_true__samples_0.7
273.9268361091614,2.1173424132044896,4.08696346282959,0.22364115146412086,True,absolute_error,22,1.0,0.7,4,8,500,"{'bootstrap': True, 'criterion': 'absolute_error', 'max_depth': 22, 'max_features': 1.0, 'max_samples': 0.7, 'min_samples_leaf': 4, 'min_samples_split': 8, 'n_estimators': 500}",-9.548344306855935,-9.708997880714502,-10.167086404833835,-9.729250376619465,-9.63800994575045,-9.758337782954836,0.2139775630568638,11,-14.25492610193225,-14.597508316467884,-15.263077158595664,-14.058575504103526,-14.337599510862194,-14.502337318392303,0.41786553493397227,29,-0.42222893385684085,-0.3890402664244626,-0.4299093655589124,-0.3889725821030431,-0.44544906570223025,-0.41512004272909786,0.022596258392159833,5,2.0646010268800965,-0.4852340296699973,2.2274549848942597,-0.22795781862006653,1.7455156720916212,1.0648759671151828,1.1737606890132608,51,-13.751953505007153,-11.854510505836576,-14.415295853829937,-12.213319132455462,-12.777583897158323,-13.002532578857489,0.9538287319204732,48,9.758337782954836,14.502337318392303,0.41512004272909786,13.002532578857489,1.0648759671151828,n500__absolute_error__boostrap_true__samples_0.7
395.3444842338562,2.9938986544058057,4.602918338775635,0.23220103412959375,True,absolute_error,24,0.875,0.7,1,2,500,"{'bootstrap': True, 'criterion': 'absolute_error', 'max_depth': 24, 'max_features': 0.875, 'max_samples': 0.7, 'min_samples_leaf': 1, 'min_samples_split': 2, 'n_estimators': 500}",-9.70026276049532,-9.83170753860127,-10.3844583081571,-9.956464597770413,-9.790818565400844,-9.93274235408499,0.24041930254397492,88,-14.347084037108889,-14.540604880514785,-15.410425168149708,-14.169702060519151,-14.360360071592028,-14.565635243576912,0.4383975700806366,87,-0.4297795228027786,-0.3990311837723282,-0.4377643504531722,-0.3998192226574269,-0.44816154309825196,-0.4229111645567915,0.02004427277655477,83,2.0497819389912406,-0.46318377232818614,2.3102818731117822,-0.22535161193130449,1.7202706449668475,1.0783598145620759,1.1789285415337658,46,-13.669851721714688,-11.739087253414263,-14.499513457556935,-12.169391107761868,-12.842566913248149,-12.984082090739179,1.0000572286098395,42,9.93274235408499,14.565635243576912,0.4229111645567915,12.984082090739179,1.0783598145620759,n500__absolute_error__boostrap_true__samples_0.7
386.62704281806947,1.0706073468250128,4.070603609085083,0.42531076856838346,True,absolute_error,24,0.875,0.7,1,4,500,"{'bootstrap': True, 'criterion': 'absolute_error', 'max_depth': 24, 'max_features': 0.875, 'max_samples': 0.7, 'min_samples_leaf': 1, 'min_samples_split': 4, 'n_estimators': 500}",-9.71956840833585,-9.83988888888889,-10.383440181268881,-9.96751069599277,-9.875639843279085,-9.957209603553096,0.2274509755662278,91,-14.338050430630862,-14.502975924532695,-15.388452952156207,-14.17049748275294,-14.43719343113031,-14.567434044240605,0.42552672999304453,91,-0.4315916641498037,-0.39660914320314866,-0.43927492447129907,-0.3983127448026514,-0.44816154309825196,-0.42279000394503097,0.021342495216961486,82,2.091457867713682,-0.4711489554950051,2.330622054380665,-0.23550225971678213,1.7389430379746835,1.0908743489714485,1.196438589187424,41,-13.68310286913926,-11.811048854961832,-14.471645804676754,-12.216541603630862,-12.958031607262946,-13.02807414793433,0.9651531842620207,62,9.957209603553096,14.567434044240605,0.42279000394503097,13.02807414793433,1.0908743489714485,n500__absolute_error__boostrap_true__samples_0.7
373.75381994247437,2.1579274676815405,3.895997142791748,0.35052962880183025,True,absolute_error,24,0.875,0.7,1,8,500,"{'bootstrap': True, 'criterion': 'absolute_error', 'max_depth': 24, 'max_features': 0.875, 'max_samples': 0.7, 'min_samples_leaf': 1, 'min_samples_split': 8, 'n_estimators': 500}",-9.720193597100574,-9.854064184075083,-10.361422658610273,-9.93381078638144,-9.821367088607595,-9.938171662954993,0.22243751318216123,89,-14.355752795176526,-14.532902000219595,-15.377896606342086,-14.160161036077268,-14.385872787151333,-14.562517044993362,0.42463299134286714,86,-0.4303835699184536,-0.39872842870118075,-0.4380664652567976,-0.3995179270864718,-0.4484629294755877,-0.42303186408769833,0.020348897280114374,84,2.1198486861975234,-0.44924008477141997,2.371319939577039,-0.20034046399517935,1.7338981314044601,1.1150972416824847,1.1956640917529224,38,-13.755221052631581,-11.793520880789675,-14.532888965517241,-12.181518853695325,-12.883188844086023,-13.029267719343968,1.0054822246123678,64,9.938171662954993,14.562517044993362,0.42303186408769833,13.029267719343968,1.1150972416824847,n500__absolute_error__boostrap_true__samples_0.7
310.39010939598086,6.314734848759181,4.681526041030883,0.7045530420141978,True,absolute_error,24,0.875,0.7,2,2,500,"{'bootstrap': True, 'criterion': 'absolute_error', 'max_depth': 24, 'max_features': 0.875, 'max_samples': 0.7, 'min_samples_leaf': 2, 'min_samples_split': 2, 'n_estimators': 500}",-9.718289942615524,-9.830183166818044,-10.346340483383687,-9.92863452847243,-9.822893911995179,-9.929268406656972,0.2189040196727624,86,-14.331010940820809,-14.445608629771513,-15.321027160108603,-14.145102252030478,-14.368459258680257,-14.522241648282332,0.41143243539196295,58,-0.42917547568710357,-0.3941871026339691,-0.43716012084592143,-0.39891533594456163,-0.4487643158529234,-0.42164047019289586,0.021463727469892262,76,1.949076411960133,-0.634616712079926,2.252513293051359,-0.34194998493522133,1.6661368294153105,0.978231967482331,1.2152124243763425,74,-13.592769176636173,-11.663961597542244,-14.409884588804422,-12.015938821752265,-12.800740094022837,-12.896658855751587,1.0078524113729657,4,9.929268406656972,14.522241648282332,0.42164047019289586,12.896658855751587,0.978231967482331,n500__absolute_error__boostrap_true__samples_0.7
309.76487827301025,2.118631664096624,3.738894462585449,0.4421398298121937,True,absolute_error,24,0.875,0.7,2,4,500,"{'bootstrap': True, 'criterion': 'absolute_error', 'max_depth': 24, 'max_features': 0.875, 'max_samples': 0.7, 'min_samples_leaf': 2, 'min_samples_split': 4, 'n_estimators': 500}",-9.718289942615524,-9.830183166818044,-10.346340483383687,-9.92863452847243,-9.822893911995179,-9.929268406656972,0.2189040196727624,86,-14.331010940820809,-14.445608629771513,-15.321027160108603,-14.145102252030478,-14.368459258680257,-14.522241648282332,0.41143243539196295,58,-0.42917547568710357,-0.3941871026339691,-0.43716012084592143,-0.39891533594456163,-0.4487643158529234,-0.42164047019289586,0.021463727469892262,76,1.949076411960133,-0.634616712079926,2.252513293051359,-0.34194998493522133,1.6661368294153105,0.978231967482331,1.2152124243763425,74,-13.592769176636173,-11.663961597542244,-14.409884588804422,-12.015938821752265,-12.800740094022837,-12.896658855751587,1.0078524113729657,4,9.929268406656972,14.522241648282332,0.42164047019289586,12.896658855751587,0.978231967482331,n500__absolute_error__boostrap_true__samples_0.7
305.3264887332916,1.7608047319640956,3.586530065536499,0.6541083360334206,True,absolute_error,24,0.875,0.7,2,8,500,"{'bootstrap': True, 'criterion': 'absolute_error', 'max_depth': 24, 'max_features': 0.875, 'max_samples': 0.7, 'min_samples_leaf': 2, 'min_samples_split': 8, 'n_estimators': 500}",-9.670399275143462,-9.776085679685135,-10.250692447129909,-9.876606206688761,-9.803040988547318,-9.875364919438917,0.1989825759225274,66,-14.303437878561832,-14.467184978587314,-15.251454597439693,-14.08031602542058,-14.369708280697028,-14.49442035214129,0.3993375548366089,20,-0.42615524010872846,-0.3963063881320012,-0.43383685800604227,-0.39680626694787585,-0.4490657022302592,-0.42043409108498137,0.020844927379618475,62,2.032874056176382,-0.5287105661519836,2.288822960725075,-0.3192112081952394,1.7155557564798072,1.0378661998068082,1.209133445249068,58,-13.73123245924876,-11.666951871657755,-14.451878830083567,-12.042898253606682,-12.825068456375838,-12.94360597419452,1.034448038941706,29,9.875364919438917,14.49442035214129,0.42043409108498137,12.94360597419452,1.0378661998068082,n500__absolute_error__boostrap_true__samples_0.7
267.5878443241119,1.8094955541997852,4.2610859870910645,0.4562219558699598,True,absolute_error,24,0.875,0.7,3,2,500,"{'bootstrap': True, 'criterion': 'absolute_error', 'max_depth': 24, 'max_features': 0.875, 'max_samples': 0.7, 'min_samples_leaf': 3, 'min_samples_split': 2, 'n_estimators': 500}",-9.696564784053157,-9.805032697547684,-10.268512990936555,-9.864347393793311,-9.7776515973478,-9.882421892735701,0.20045038827466116,69,-14.36764185706094,-14.522561795209226,-15.25359867970739,-14.107560587042803,-14.3585781309759,-14.52198820999925,0.3892377457666876,56,-0.4273633343400785,-0.394792612776264,-0.42930513595166164,-0.3928894245254595,-0.44695599758890897,-0.41826130103647446,0.0210841663647167,42,2.086271217154938,-0.5564023614895551,2.2119486404833832,-0.3272452545947574,1.7127534659433392,1.0254651414994698,1.2114081126639082,60,-13.785501766784453,-11.713276840490797,-14.535653764954256,-12.137132668711656,-12.854067430883346,-13.005126494364902,1.0389039360853642,51,9.882421892735701,14.52198820999925,0.41826130103647446,13.005126494364902,1.0254651414994698,n500__absolute_error__boostrap_true__samples_0.7
266.88787817955017,1.5776128587724323,3.6818826675415037,0.6368121734141596,True,absolute_error,24,0.875,0.7,3,4,500,"{'bootstrap': True, 'criterion': 'absolute_error', 'max_depth': 24, 'max_features': 0.875, 'max_samples': 0.7, 'min_samples_leaf': 3, 'min_samples_split': 4, 'n_estimators': 500}",-9.696564784053157,-9.805032697547684,-10.268512990936555,-9.864347393793311,-9.7776515973478,-9.882421892735701,0.20045038827466116,69,-14.36764185706094,-14.522561795209226,-15.25359867970739,-14.107560587042803,-14.3585781309759,-14.52198820999925,0.3892377457666876,56,-0.4273633343400785,-0.394792612776264,-0.42930513595166164,-0.3928894245254595,-0.44695599758890897,-0.41826130103647446,0.0210841663647167,42,2.086271217154938,-0.5564023614895551,2.2119486404833832,-0.3272452545947574,1.7127534659433392,1.0254651414994698,1.2114081126639082,60,-13.785501766784453,-11.713276840490797,-14.535653764954256,-12.137132668711656,-12.854067430883346,-13.005126494364902,1.0389039360853642,51,9.882421892735701,14.52198820999925,0.41826130103647446,13.005126494364902,1.0254651414994698,n500__absolute_error__boostrap_true__samples_0.7
265.201770401001,1.5444568503607328,3.4975522994995116,0.4353765027019635,True,absolute_error,24,0.875,0.7,3,8,500,"{'bootstrap': True, 'criterion': 'absolute_error', 'max_depth': 24, 'max_features': 0.875, 'max_samples': 0.7, 'min_samples_leaf': 3, 'min_samples_split': 8, 'n_estimators': 500}",-9.666558139534885,-9.801600060551014,-10.268548036253776,-9.862321783669781,-9.771684749849307,-9.874142553971753,0.20714570676653477,64,-14.331136399826072,-14.492909346956036,-15.28069778167424,-14.104162517176873,-14.350352430559111,-14.511851695238466,0.404087518634901,37,-0.4234370280881909,-0.3941871026339691,-0.43383685800604227,-0.3895751732449533,-0.44665461121157324,-0.41753815463694577,0.0222504491682501,34,2.0337807308970097,-0.5465985467756582,2.287419335347432,-0.3056848448327807,1.7088800482218205,1.0355593445715645,1.2098859211801858,59,-13.815913694721827,-11.739350998463904,-14.47083983286908,-12.26545939675174,-12.851725371120109,-13.028657858785332,0.9975720300110573,63,9.874142553971753,14.511851695238466,0.41753815463694577,13.028657858785332,1.0355593445715645,n500__absolute_error__boostrap_true__samples_0.7
242.60315947532655,4.380274105291138,4.414995002746582,0.27950467789424643,True,absolute_error,24,0.875,0.7,4,2,500,"{'bootstrap': True, 'criterion': 'absolute_error', 'max_depth': 24, 'max_features': 0.875, 'max_samples': 0.7, 'min_samples_leaf': 4, 'min_samples_split': 2, 'n_estimators': 500}",-9.664164904862579,-9.756323039660915,-10.240908157099698,-9.76848267550467,-9.733188667872213,-9.832613489000014,0.20731509855906252,45,-14.369699993799772,-14.485241804997882,-15.325814205701233,-14.034998676607177,-14.36993910415569,-14.51713875705235,0.4314715241338325,43,-0.42464512231954094,-0.3932788374205268,-0.43172205438066463,-0.39138294667068396,-0.4463532248342375,-0.4174764371251308,0.021700647927493297,31,2.145180308064029,-0.5452712685437479,2.3292392749244715,-0.276631515516722,1.769051838456901,1.0843137274769863,1.237082294336582,42,-13.904958036984352,-11.710586605080831,-14.55814835549335,-12.126040800615858,-12.884683997299122,-13.0368835590947,1.0658013630537162,70,9.832613489000014,14.51713875705235,0.4174764371251308,13.0368835590947,1.0843137274769863,n500__absolute_error__boostrap_true__samples_0.7
239.63217606544495,2.311523646516223,4.319958829879761,0.35438141394287725,True,absolute_error,24,0.875,0.7,4,4,500,"{'bootstrap': True, 'criterion': 'absolute_error', 'max_depth': 24, 'max_features': 0.875, 'max_samples': 0.7, 'min_samples_leaf': 4, 'min_samples_split': 4, 'n_estimators': 500}",-9.664164904862579,-9.756323039660915,-10.240908157099698,-9.76848267550467,-9.733188667872213,-9.832613489000014,0.20731509855906252,45,-14.369699993799772,-14.485241804997882,-15.325814205701233,-14.034998676607177,-14.36993910415569,-14.51713875705235,0.4314715241338325,43,-0.42464512231954094,-0.3932788374205268,-0.43172205438066463,-0.39138294667068396,-0.4463532248342375,-0.4174764371251308,0.021700647927493297,31,2.145180308064029,-0.5452712685437479,2.3292392749244715,-0.276631515516722,1.769051838456901,1.0843137274769863,1.237082294336582,42,-13.904958036984352,-11.710586605080831,-14.55814835549335,-12.126040800615858,-12.884683997299122,-13.0368835590947,1.0658013630537162,70,9.832613489000014,14.51713875705235,0.4174764371251308,13.0368835590947,1.0843137274769863,n500__absolute_error__boostrap_true__samples_0.7
241.4177571773529,1.6077170428254115,3.5999576568603517,0.09187226325099328,True,absolute_error,24,0.875,0.7,4,8,500,"{'bootstrap': True, 'criterion': 'absolute_error', 'max_depth': 24, 'max_features': 0.875, 'max_samples': 0.7, 'min_samples_leaf': 4, 'min_samples_split': 8, 'n_estimators': 500}",-9.664164904862579,-9.756323039660915,-10.240908157099698,-9.76848267550467,-9.733188667872213,-9.832613489000014,0.20731509855906252,45,-14.369699993799772,-14.485241804997882,-15.325814205701233,-14.034998676607177,-14.36993910415569,-14.51713875705235,0.4314715241338325,43,-0.42464512231954094,-0.3932788374205268,-0.43172205438066463,-0.39138294667068396,-0.4463532248342375,-0.4174764371251308,0.021700647927493297,31,2.145180308064029,-0.5452712685437479,2.3292392749244715,-0.276631515516722,1.769051838456901,1.0843137274769863,1.237082294336582,42,-13.904958036984352,-11.710586605080831,-14.55814835549335,-12.126040800615858,-12.884683997299122,-13.0368835590947,1.0658013630537162,70,9.832613489000014,14.51713875705235,0.4174764371251308,13.0368835590947,1.0843137274769863,n500__absolute_error__boostrap_true__samples_0.7
456.9622370243072,3.166993896948732,4.633354187011719,0.16719499149562578,True,absolute_error,24,1.0,0.7,1,2,500,"{'bootstrap': True, 'criterion': 'absolute_error', 'max_depth': 24, 'max_features': 1.0, 'max_samples': 0.7, 'min_samples_leaf': 1, 'min_samples_split': 2, 'n_estimators': 500}",-9.670170039263065,-9.796793218286407,-10.315719637462236,-9.888424826755047,-9.753977697408079,-9.885017083834967,0.2265525661834826,73,-14.312183918809282,-14.631680730803772,-15.35377589198793,-14.139138534583733,-14.358033791317741,-14.55896257350049,0.4276775526537779,85,-0.42524916943521596,-0.39691189827429607,-0.43595166163141996,-0.3977101536607412,-0.44544906570223025,-0.4202543897407807,0.019795142606723007,61,2.0020250679553007,-0.4142313048743561,2.2875232628398794,-0.1935402229587228,1.637341772151899,1.0638237150228,1.1377342429763482,54,-13.72394815340909,-11.819451563691837,-14.454862785862785,-12.188379545454545,-12.786332205683355,-12.994594850820324,0.9735149588330876,45,9.885017083834967,14.55896257350049,0.4202543897407807,12.994594850820324,1.0638237150228,n500__absolute_error__boostrap_true__samples_0.7
447.5665343284607,2.783893735902143,4.327962207794189,0.4770201424872534,True,absolute_error,24,1.0,0.7,1,4,500,"{'bootstrap': True, 'criterion': 'absolute_error', 'max_depth': 24, 'max_features': 1.0, 'max_samples': 0.7, 'min_samples_leaf': 1, 'min_samples_split': 4, 'n_estimators': 500}",-9.646200845665962,-9.812211625794731,-10.332041993957704,-9.911336848448327,-9.75743791440627,-9.891845845654599,0.2361783712135203,74,-14.28405190219106,-14.594770059165967,-15.363791667885874,-14.147433332277352,-14.345303125385406,-14.547070017381131,0.43333761343644184,75,-0.42464512231954094,-0.397517408416591,-0.43595166163141996,-0.39921663151551673,-0.4460518384569018,-0.42067653246799414,0.019441490715057085,64,2.057874660223497,-0.43792340296700005,2.3006546827794563,-0.1815067791503463,1.6534529837251364,1.0785104289221485,1.1550380727273983,45,-13.781007823613088,-11.791041127189642,-14.488643797643796,-12.186153207547168,-12.79099189189189,-13.007567569577116,0.9993357577160201,55,9.891845845654599,14.547070017381131,0.42067653246799414,13.007567569577116,1.0785104289221485,n500__absolute_error__boostrap_true__samples_0.7
434.6566349506378,2.5086951391889394,3.7363256454467773,0.23500030729214866,True,absolute_error,24,1.0,0.7,1,8,500,"{'bootstrap': True, 'criterion': 'absolute_error', 'max_depth': 24, 'max_features': 1.0, 'max_samples': 0.7, 'min_samples_leaf': 1, 'min_samples_split': 8, 'n_estimators': 500}",-9.674976442162489,-9.792482894338482,-10.310579758308156,-9.900811087677011,-9.787622664255576,-9.893294569348345,0.22053379649168509,75,-14.333016842950267,-14.593477762482008,-15.336592101957093,-14.103182892628265,-14.406957512763164,-14.55464542255616,0.4213544640742062,83,-0.42615524010872846,-0.39660914320314866,-0.4377643504531722,-0.4019282916541127,-0.44424352019288726,-0.4213401091224099,0.01900498229987042,75,2.0391020839625487,-0.3989860732667274,2.3131181268882175,-0.1739704730340465,1.6775262206148285,1.091357977032964,1.1451367988664594,40,-13.743909992912828,-11.842259541984731,-14.418371290545204,-12.100218890554721,-12.904126187245591,-13.001777180648613,0.9720415839412624,47,9.893294569348345,14.55464542255616,0.4213401091224099,13.001777180648613,1.091357977032964,n500__absolute_error__boostrap_true__samples_0.7
358.6416972637177,4.950666247115874,4.713772392272949,0.22292478057302673,True,absolute_error,24,1.0,0.7,2,2,500,"{'bootstrap': True, 'criterion': 'absolute_error', 'max_depth': 24, 'max_features': 1.0, 'max_samples': 0.7, 'min_samples_leaf': 2, 'min_samples_split': 2, 'n_estimators': 500}",-9.64578073089701,-9.791509839539811,-10.27589909365559,-9.874054835793913,-9.749305003013864,-9.867309900580038,0.2171343367470596,58,-14.229987473700078,-14.601689763560122,-15.245058600389346,-14.105666250183104,-14.328350123878648,-14.502150442342261,0.4057830835783333,27,-0.42555119299305344,-0.3941871026339691,-0.4335347432024169,-0.39258812895450435,-0.4436407474382158,-0.41790038304443194,0.020825774148792577,40,1.9408353971609793,-0.506046321525886,2.1239873111782477,-0.2921633021994579,1.5083134418324289,0.9549853052892624,1.1255781788771004,80,-13.613657203690561,-11.777990015360983,-14.300914285714287,-12.203491174213353,-12.68776426630435,-12.916763389056706,0.9229883358873113,14,9.867309900580038,14.502150442342261,0.41790038304443194,12.916763389056706,0.9549853052892624,n500__absolute_error__boostrap_true__samples_0.7
358.4656257152557,1.7369813844182258,4.572994804382324,0.1760335341188908,True,absolute_error,24,1.0,0.7,2,4,500,"{'bootstrap': True, 'criterion': 'absolute_error', 'max_depth': 24, 'max_features': 1.0, 'max_samples': 0.7, 'min_samples_leaf': 2, 'min_samples_split': 4, 'n_estimators': 500}",-9.64578073089701,-9.791509839539811,-10.27589909365559,-9.874054835793913,-9.749305003013864,-9.867309900580038,0.2171343367470596,58,-14.229987473700078,-14.601689763560122,-15.245058600389346,-14.105666250183104,-14.328350123878648,-14.502150442342261,0.4057830835783333,27,-0.42555119299305344,-0.3941871026339691,-0.4335347432024169,-0.39258812895450435,-0.4436407474382158,-0.41790038304443194,0.020825774148792577,40,1.9408353971609793,-0.506046321525886,2.1239873111782477,-0.2921633021994579,1.5083134418324289,0.9549853052892624,1.1255781788771004,80,-13.613657203690561,-11.777990015360983,-14.300914285714287,-12.203491174213353,-12.68776426630435,-12.916763389056706,0.9229883358873113,14,9.867309900580038,14.502150442342261,0.41790038304443194,12.916763389056706,0.9549853052892624,n500__absolute_error__boostrap_true__samples_0.7
351.41428899765015,2.67441744035186,4.119245624542236,0.1571156858813117,True,absolute_error,24,1.0,0.7,2,8,500,"{'bootstrap': True, 'criterion': 'absolute_error', 'max_depth': 24, 'max_features': 1.0, 'max_samples': 0.7, 'min_samples_leaf': 2, 'min_samples_split': 8, 'n_estimators': 500}",-9.637581999395954,-9.750202543142597,-10.247030211480363,-9.81899005724616,-9.719815250150694,-9.834724012283154,0.21422270413906366,49,-14.273886929392768,-14.553245033366649,-15.278351181563746,-14.070694237592173,-14.31251625840392,-14.497738728063851,0.41933774940134155,22,-0.4240410752038659,-0.3932788374205268,-0.4326283987915408,-0.39680626694787585,-0.44544906570223025,-0.4184407288132078,0.020313910698238083,45,1.9373276955602539,-0.4837272176808962,2.1980229607250754,-0.2924507381741487,1.6081540084388186,0.9934653417738206,1.1450201203098838,67,-13.648335470085472,-11.781050038491145,-14.383074720670393,-12.004018223234622,-12.71522395128552,-12.906340480753432,0.9847121552244121,11,9.834724012283154,14.497738728063851,0.4184407288132078,12.906340480753432,0.9934653417738206,n500__absolute_error__boostrap_true__samples_0.7
312.9959979534149,2.3109528920476574,4.520543622970581,0.12444887385835239,True,absolute_error,24,1.0,0.7,3,2,500,"{'bootstrap': True, 'criterion': 'absolute_error', 'max_depth': 24, 'max_features': 1.0, 'max_samples': 0.7, 'min_samples_leaf': 3, 'min_samples_split': 2, 'n_estimators': 500}",-9.624420416792509,-9.780307296397215,-10.238035951661633,-9.775846037963241,-9.704814044605184,-9.824684749483955,0.21433085791070058,39,-14.242400585842224,-14.603124962134073,-15.259759623066689,-14.011253662640437,-14.317961087898901,-14.486899984316466,0.43020460169059455,6,-0.4249471458773784,-0.3905540417801998,-0.43323262839879156,-0.39138294667068396,-0.44153104279686556,-0.41632956110478386,0.021362593938520587,17,1.8860006040471158,-0.5454062973054801,2.162224471299094,-0.3215049713769208,1.5674373116335145,0.9497502236594648,1.147151141542052,82,-13.543356076759062,-11.822820930232558,-14.311318688981867,-12.078120862201693,-12.7649590443686,-12.904115120508758,0.9230036768593376,9,9.824684749483955,14.486899984316466,0.41632956110478386,12.904115120508758,0.9497502236594648,n500__absolute_error__boostrap_true__samples_0.7
310.5420804977417,2.3121173858580377,4.782660627365113,0.41131440899269084,True,absolute_error,24,1.0,0.7,3,4,500,"{'bootstrap': True, 'criterion': 'absolute_error', 'max_depth': 24, 'max_features': 1.0, 'max_samples': 0.7, 'min_samples_leaf': 3, 'min_samples_split': 4, 'n_estimators': 500}",-9.624420416792509,-9.780307296397215,-10.238035951661633,-9.775846037963241,-9.704814044605184,-9.824684749483955,0.21433085791070058,39,-14.242400585842224,-14.603124962134073,-15.259759623066689,-14.011253662640437,-14.317961087898901,-14.486899984316466,0.43020460169059455,6,-0.4249471458773784,-0.3905540417801998,-0.43323262839879156,-0.39138294667068396,-0.44153104279686556,-0.41632956110478386,0.021362593938520587,17,1.8860006040471158,-0.5454062973054801,2.162224471299094,-0.3215049713769208,1.5674373116335145,0.9497502236594648,1.147151141542052,82,-13.543356076759062,-11.822820930232558,-14.311318688981867,-12.078120862201693,-12.7649590443686,-12.904115120508758,0.9230036768593376,9,9.824684749483955,14.486899984316466,0.41632956110478386,12.904115120508758,0.9497502236594648,n500__absolute_error__boostrap_true__samples_0.7
308.3635160923004,3.031498494148082,4.577444362640381,0.37854793246563256,True,absolute_error,24,1.0,0.7,3,8,500,"{'bootstrap': True, 'criterion': 'absolute_error', 'max_depth': 24, 'max_features': 1.0, 'max_samples': 0.7, 'min_samples_leaf': 3, 'min_samples_split': 8, 'n_estimators': 500}",-9.59571519178496,-9.767785043899485,-10.208700302114803,-9.787894546550165,-9.696639843279083,-9.811346985525699,0.2097580114373425,33,-14.262929393840794,-14.607012904019824,-15.232456221350102,-14.033843659468031,-14.312600819021027,-14.489768599539957,0.4137736408228045,8,-0.4210208396254908,-0.3926733272782319,-0.4326283987915408,-0.3949984935221452,-0.44333936106088007,-0.4169320840556578,0.02014947230726591,22,1.968022651766838,-0.551781410838632,2.1635480362537765,-0.3156119313046099,1.6057188065099455,0.9739792304774635,1.165614177860428,76,-13.732975609756098,-11.734949884348497,-14.298932262569833,-11.990276887871854,-12.746847722637662,-12.90079647343679,0.9858245485519813,6,9.811346985525699,14.489768599539957,0.4169320840556578,12.90079647343679,0.9739792304774635,n500__absolute_error__boostrap_true__samples_0.7
279.4774775505066,2.8558048062906805,4.349125957489013,0.33141474262713494,True,absolute_error,24,1.0,0.7,4,2,500,"{'bootstrap': True, 'criterion': 'absolute_error', 'max_depth': 24, 'max_features': 1.0, 'max_samples': 0.7, 'min_samples_leaf': 4, 'min_samples_split': 2, 'n_estimators': 500}",-9.588636061612807,-9.744389948531637,-10.189283383685803,-9.750416089183489,-9.684601265822785,-9.791465349767304,0.20722932991124504,23,-14.283943129024227,-14.570400868714035,-15.235821136833918,-14.071999797441247,-14.360189035899742,-14.504470793582632,0.3989237867863426,34,-0.4243430987617034,-0.38934302149561006,-0.4314199395770393,-0.3901777643868635,-0.44273658830620854,-0.41560408250548503,0.021903541218233603,13,1.982849894291755,-0.547398122918559,2.157992749244713,-0.29625519734859884,1.649898432790838,0.9894175512120297,1.1664876888600253,69,-13.6345871886121,-11.810911353032658,-14.310043417366945,-12.115196911196911,-12.800500340367595,-12.934247842115244,0.9310108865636446,24,9.791465349767304,14.504470793582632,0.41560408250548503,12.934247842115244,0.9894175512120297,n500__absolute_error__boostrap_true__samples_0.7
278.7872316837311,1.4410758505047083,4.5244122505187985,0.1501713322674144,True,absolute_error,24,1.0,0.7,4,4,500,"{'bootstrap': True, 'criterion': 'absolute_error', 'max_depth': 24, 'max_features': 1.0, 'max_samples': 0.7, 'min_samples_leaf': 4, 'min_samples_split': 4, 'n_estimators': 500}",-9.588636061612807,-9.744389948531637,-10.189283383685803,-9.750416089183489,-9.684601265822785,-9.791465349767304,0.20722932991124504,23,-14.283943129024227,-14.570400868714035,-15.235821136833918,-14.071999797441247,-14.360189035899742,-14.504470793582632,0.3989237867863426,34,-0.4243430987617034,-0.38934302149561006,-0.4314199395770393,-0.3901777643868635,-0.44273658830620854,-0.41560408250548503,0.021903541218233603,13,1.982849894291755,-0.547398122918559,2.157992749244713,-0.29625519734859884,1.649898432790838,0.9894175512120297,1.1664876888600253,69,-13.6345871886121,-11.810911353032658,-14.310043417366945,-12.115196911196911,-12.800500340367595,-12.934247842115244,0.9310108865636446,24,9.791465349767304,14.504470793582632,0.41560408250548503,12.934247842115244,0.9894175512120297,n500__absolute_error__boostrap_true__samples_0.7
279.0480655670166,1.4137710943011792,4.419057178497314,0.23164278520529172,True,absolute_error,24,1.0,0.7,4,8,500,"{'bootstrap': True, 'criterion': 'absolute_error', 'max_depth': 24, 'max_features': 1.0, 'max_samples': 0.7, 'min_samples_leaf': 4, 'min_samples_split': 8, 'n_estimators': 500}",-9.588636061612807,-9.744389948531637,-10.189283383685803,-9.750416089183489,-9.684601265822785,-9.791465349767304,0.20722932991124504,23,-14.283943129024227,-14.570400868714035,-15.235821136833918,-14.071999797441247,-14.360189035899742,-14.504470793582632,0.3989237867863426,34,-0.4243430987617034,-0.38934302149561006,-0.4314199395770393,-0.3901777643868635,-0.44273658830620854,-0.41560408250548503,0.021903541218233603,13,1.982849894291755,-0.547398122918559,2.157992749244713,-0.29625519734859884,1.649898432790838,0.9894175512120297,1.1664876888600253,69,-13.6345871886121,-11.810911353032658,-14.310043417366945,-12.115196911196911,-12.800500340367595,-12.934247842115244,0.9310108865636446,24,9.791465349767304,14.504470793582632,0.41560408250548503,12.934247842115244,0.9894175512120297,n500__absolute_error__boostrap_true__samples_0.7
405.4374111175537,1.4441867555883965,4.682634878158569,0.08872508515256836,True,absolute_error,26,0.875,0.7,1,2,500,"{'bootstrap': True, 'criterion': 'absolute_error', 'max_depth': 26, 'max_features': 0.875, 'max_samples': 0.7, 'min_samples_leaf': 1, 'min_samples_split': 2, 'n_estimators': 500}",-9.713479311386289,-9.863940357250984,-10.401481570996978,-9.992918650195842,-9.86592435201929,-9.967548848369876,0.2343308865364345,92,-14.32615092726649,-14.490812703922561,-15.367010370632208,-14.153541107943456,-14.36198189505501,-14.539899400963943,0.42734946811118446,70,-0.427061310782241,-0.3996366939146231,-0.4377643504531722,-0.3977101536607412,-0.44695599758890897,-0.42182570127993735,0.019934370427663238,78,2.0186149199637575,-0.5756624280956707,2.2047238670694864,-0.33222868333835504,1.6173306208559375,0.9865556592910311,1.1938739168808659,72,-13.735842998585573,-11.620902272727273,-14.398391994478951,-12.145390151515151,-12.846068779501012,-12.949319239361591,1.0139118054777934,30,9.967548848369876,14.539899400963943,0.42182570127993735,12.949319239361591,0.9865556592910311,n500__absolute_error__boostrap_true__samples_0.7
398.1244466304779,3.129024967611212,4.440443897247315,0.23802532712590668,True,absolute_error,26,0.875,0.7,1,4,500,"{'bootstrap': True, 'criterion': 'absolute_error', 'max_depth': 26, 'max_features': 0.875, 'max_samples': 0.7, 'min_samples_leaf': 1, 'min_samples_split': 4, 'n_estimators': 500}",-9.779255209906372,-9.884792310021194,-10.447616918429004,-10.051200361554686,-9.878285714285715,-10.008230102839395,0.23641453054080425,96,-14.372751202647056,-14.499783107536713,-15.385684316755755,-14.197841800906055,-14.373608325684293,-14.565933750705975,0.4209910088404399,88,-0.4288734521292661,-0.39872842870118075,-0.440785498489426,-0.40042181379933717,-0.4487643158529234,-0.4235147017944267,0.020553250076525094,86,1.9605871337964358,-0.569716318498334,2.2368821752265866,-0.3275872250677917,1.65498191681736,0.9910295364548514,1.1922836309375664,68,-13.686837323943664,-11.680977980258161,-14.38851679232351,-12.141712565838976,-12.850027535258565,-12.949614439524575,0.9885341690591708,31,10.008230102839395,14.565933750705975,0.4235147017944267,12.949614439524575,0.9910295364548514,n500__absolute_error__boostrap_true__samples_0.7
385.1921884059906,1.992548455755375,4.481406831741333,0.21215389102076934,True,absolute_error,26,0.875,0.7,1,8,500,"{'bootstrap': True, 'criterion': 'absolute_error', 'max_depth': 26, 'max_features': 0.875, 'max_samples': 0.7, 'min_samples_leaf': 1, 'min_samples_split': 8, 'n_estimators': 500}",-9.749710661431592,-9.902956100514684,-10.404134743202418,-9.974022597167822,-9.853291139240504,-9.976823048311406,0.22578734327990488,93,-14.3548514400709,-14.560200044953936,-15.342053902014758,-14.150606756229523,-14.362312048250033,-14.55400483830383,0.41477654750688825,81,-0.43008154636061613,-0.39660914320314866,-0.4389728096676737,-0.3986140403736065,-0.4490657022302592,-0.42266864836706086,0.021332150197026924,80,2.0084778012684987,-0.5504365728125947,2.237274924471299,-0.273333835492618,1.6626124171187466,1.0169189469106663,1.184122738469212,65,-13.669719803370784,-11.7906,-14.398852718513421,-12.168021919879063,-12.822069798657717,-12.969852848084198,0.9578375991396081,37,9.976823048311406,14.55400483830383,0.42266864836706086,12.969852848084198,1.0169189469106663,n500__absolute_error__boostrap_true__samples_0.7
317.65697598457336,3.874238644435978,4.720958852767945,0.11107426264823951,True,absolute_error,26,0.875,0.7,2,2,500,"{'bootstrap': True, 'criterion': 'absolute_error', 'max_depth': 26, 'max_features': 0.875, 'max_samples': 0.7, 'min_samples_leaf': 2, 'min_samples_split': 2, 'n_estimators': 500}",-9.77625974025974,-9.90735603996367,-10.375618429003021,-10.012156071105753,-9.849016274864375,-9.984081311039311,0.21043224248958245,94,-14.337153517929483,-14.511345392252524,-15.322878132904105,-14.178138560009042,-14.342190952068856,-14.538341311032804,0.40618328812575955,67,-0.425853216550891,-0.3941871026339691,-0.43564954682779455,-0.39439590238023503,-0.4496684749849307,-0.4199508486755641,0.022276670639602522,58,1.8086964663243736,-0.6974414168937334,2.1839108761329307,-0.3962193431756555,1.5716509945750459,0.8941195153925923,1.1964198451890187,91,-13.602053191489363,-11.682161290322579,-14.414716366158114,-12.190715813598164,-12.698985924932977,-12.917726517300242,0.9810499523218166,16,9.984081311039311,14.538341311032804,0.4199508486755641,12.917726517300242,0.8941195153925923,n500__absolute_error__boostrap_true__samples_0.7
318.78590712547305,3.2886484703895373,4.654452085494995,0.3955061075443239,True,absolute_error,26,0.875,0.7,2,4,500,"{'bootstrap': True, 'criterion': 'absolute_error', 'max_depth': 26, 'max_features': 0.875, 'max_samples': 0.7, 'min_samples_leaf': 2, 'min_samples_split': 4, 'n_estimators': 500}",-9.77625974025974,-9.90735603996367,-10.375618429003021,-10.012156071105753,-9.849016274864375,-9.984081311039311,0.21043224248958245,94,-14.337153517929483,-14.511345392252524,-15.322878132904105,-14.178138560009042,-14.342190952068856,-14.538341311032804,0.40618328812575955,67,-0.425853216550891,-0.3941871026339691,-0.43564954682779455,-0.39439590238023503,-0.4496684749849307,-0.4199508486755641,0.022276670639602522,58,1.8086964663243736,-0.6974414168937334,2.1839108761329307,-0.3962193431756555,1.5716509945750459,0.8941195153925923,1.1964198451890187,91,-13.602053191489363,-11.682161290322579,-14.414716366158114,-12.190715813598164,-12.698985924932977,-12.917726517300242,0.9810499523218166,16,9.984081311039311,14.538341311032804,0.4199508486755641,12.917726517300242,0.8941195153925923,n500__absolute_error__boostrap_true__samples_0.7
323.3102944850922,4.764555828454185,5.819714069366455,0.5642489255020949,True,absolute_error,26,0.875,0.7,2,8,500,"{'bootstrap': True, 'criterion': 'absolute_error', 'max_depth': 26, 'max_features': 0.875, 'max_samples': 0.7, 'min_samples_leaf': 2, 'min_samples_split': 8, 'n_estimators': 500}",-9.695289942615524,-9.81000787163185,-10.326380060422961,-9.920138897258212,-9.817312839059674,-9.913825922197644,0.21821627246057732,83,-14.283608058362034,-14.460382468207898,-15.286336189877867,-14.104235833600992,-14.327884928755031,-14.492489495760761,0.4129625793043026,13,-0.42555119299305344,-0.3932788374205268,-0.43474320241691844,-0.3940946068092799,-0.44394213381555153,-0.418321994691066,0.020940080943847982,44,1.95618151615826,-0.6206672721768091,2.2063619335347435,-0.34198824947273304,1.62398071127185,0.9647737278630624,1.198351747372056,79,-13.689858765081617,-11.682983833718245,-14.413959694232107,-12.152095565749235,-12.886019008825526,-12.964983373521346,0.9935312265089483,35,9.913825922197644,14.492489495760761,0.418321994691066,12.964983373521346,0.9647737278630624,n500__absolute_error__boostrap_true__samples_0.7
294.9529993057251,4.202701272056571,6.1923340320587155,0.16539068209975444,True,absolute_error,26,0.875,0.7,3,2,500,"{'bootstrap': True, 'criterion': 'absolute_error', 'max_depth': 26, 'max_features': 0.875, 'max_samples': 0.7, 'min_samples_leaf': 3, 'min_samples_split': 2, 'n_estimators': 500}",-9.696007852612503,-9.840528307599152,-10.30265498489426,-9.87575956613438,-9.815220012055455,-9.906034144659149,0.20730359656022063,78,-14.319338284166832,-14.519995886565098,-15.250126968239709,-14.038543169044615,-14.34047602412672,-14.493696066428594,0.4083921075019073,16,-0.42555119299305344,-0.39146230699364215,-0.43293051359516616,-0.3907803555287737,-0.44394213381555153,-0.41693330058523737,0.021874204057611528,23,2.004625188764724,-0.6307105661519838,2.171040483383686,-0.4210798433263034,1.6020952380952376,0.9451941001530721,1.217110734299792,87,-13.747621007806956,-11.763351894818253,-14.406117236566644,-12.097178874325367,-12.859012898845894,-12.974656382472622,0.9896618860240185,40,9.906034144659149,14.493696066428594,0.41693330058523737,12.974656382472622,0.9451941001530721,n500__absolute_error__boostrap_true__samples_0.7
311.07382707595826,3.550301344094297,6.022403240203857,0.485855612942455,True,absolute_error,26,0.875,0.7,3,4,500,"{'bootstrap': True, 'criterion': 'absolute_error', 'max_depth': 26, 'max_features': 0.875, 'max_samples': 0.7, 'min_samples_leaf': 3, 'min_samples_split': 4, 'n_estimators': 500}",-9.696007852612503,-9.840528307599152,-10.30265498489426,-9.87575956613438,-9.815220012055455,-9.906034144659149,0.20730359656022063,78,-14.319338284166832,-14.519995886565098,-15.250126968239709,-14.038543169044615,-14.34047602412672,-14.493696066428594,0.4083921075019073,16,-0.42555119299305344,-0.39146230699364215,-0.43293051359516616,-0.3907803555287737,-0.44394213381555153,-0.41693330058523737,0.021874204057611528,23,2.004625188764724,-0.6307105661519838,2.171040483383686,-0.4210798433263034,1.6020952380952376,0.9451941001530721,1.217110734299792,87,-13.747621007806956,-11.763351894818253,-14.406117236566644,-12.097178874325367,-12.859012898845894,-12.974656382472622,0.9896618860240185,40,9.906034144659149,14.493696066428594,0.41693330058523737,12.974656382472622,0.9451941001530721,n500__absolute_error__boostrap_true__samples_0.7
322.18897008895874,3.322098739808125,5.6048304557800295,0.5399647640077735,True,absolute_error,26,0.875,0.7,3,8,500,"{'bootstrap': True, 'criterion': 'absolute_error', 'max_depth': 26, 'max_features': 0.875, 'max_samples': 0.7, 'min_samples_leaf': 3, 'min_samples_split': 8, 'n_estimators': 500}",-9.715906070673512,-9.81060157432637,-10.29039003021148,-9.875948779752937,-9.774235684147078,-9.893416427822276,0.2051659992496513,76,-14.319386160101773,-14.477896532812872,-15.254294330150975,-14.083426878510862,-14.32423571936535,-14.491847924188367,0.40153799947611685,9,-0.427061310782241,-0.3963063881320012,-0.4335347432024169,-0.39258812895450435,-0.4448462929475588,-0.4188673728037444,0.020769079673844202,47,1.9739362730292964,-0.599326975476839,2.1935731117824773,-0.3333805363061166,1.620611814345992,0.971082737474962,1.1907894062281792,77,-13.686374823196605,-11.62140565317036,-14.397880836236936,-12.15340905602456,-12.807623306233065,-12.933338734972304,1.0057047281183231,23,9.893416427822276,14.491847924188367,0.4188673728037444,12.933338734972304,0.971082737474962,n500__absolute_error__boostrap_true__samples_0.7
293.1500081539154,5.921064356800738,6.3233295440673825,0.9837828195862178,True,absolute_error,26,0.875,0.7,4,2,500,"{'bootstrap': True, 'criterion': 'absolute_error', 'max_depth': 26, 'max_features': 0.875, 'max_samples': 0.7, 'min_samples_leaf': 4, 'min_samples_split': 2, 'n_estimators': 500}",-9.690097553609181,-9.808734181047532,-10.254359214501513,-9.825575173244953,-9.775562386980107,-9.870865701876657,0.19735180634995586,60,-14.350647601821466,-14.520440430941047,-15.287217674122786,-14.05240597360045,-14.376342930713736,-14.517410922239899,0.4138964601677173,46,-0.4240410752038659,-0.3932788374205268,-0.43051359516616317,-0.3904790599578186,-0.4472573839662447,-0.41711399034292385,0.021971309131108174,25,2.0257635155542135,-0.5803315168029062,2.2450740181268887,-0.3397812594154867,1.7444044605183844,1.0190258435962187,1.2204253122379283,62,-13.814535612535613,-11.732645881447265,-14.51688561403509,-12.146354166666667,-12.878453504043126,-13.017774955745551,1.0307765719258397,57,9.870865701876657,14.517410922239899,0.41711399034292385,13.017774955745551,1.0190258435962187,n500__absolute_error__boostrap_true__samples_0.7
287.02839279174805,3.7598118357127346,5.412842226028443,0.2372364668556845,True,absolute_error,26,0.875,0.7,4,4,500,"{'bootstrap': True, 'criterion': 'absolute_error', 'max_depth': 26, 'max_features': 0.875, 'max_samples': 0.7, 'min_samples_leaf': 4, 'min_samples_split': 4, 'n_estimators': 500}",-9.690097553609181,-9.808734181047532,-10.254359214501513,-9.825575173244953,-9.775562386980107,-9.870865701876657,0.19735180634995586,60,-14.350647601821466,-14.520440430941047,-15.287217674122786,-14.05240597360045,-14.376342930713736,-14.517410922239899,0.4138964601677173,46,-0.4240410752038659,-0.3932788374205268,-0.43051359516616317,-0.3904790599578186,-0.4472573839662447,-0.41711399034292385,0.021971309131108174,25,2.0257635155542135,-0.5803315168029062,2.2450740181268887,-0.3397812594154867,1.7444044605183844,1.0190258435962187,1.2204253122379283,62,-13.814535612535613,-11.732645881447265,-14.51688561403509,-12.146354166666667,-12.878453504043126,-13.017774955745551,1.0307765719258397,57,9.870865701876657,14.517410922239899,0.41711399034292385,13.017774955745551,1.0190258435962187,n500__absolute_error__boostrap_true__samples_0.7
289.86142349243164,3.1401612350714707,5.847143602371216,0.5070241885075422,True,absolute_error,26,0.875,0.7,4,8,500,"{'bootstrap': True, 'criterion': 'absolute_error', 'max_depth': 26, 'max_features': 0.875, 'max_samples': 0.7, 'min_samples_leaf': 4, 'min_samples_split': 8, 'n_estimators': 500}",-9.690097553609181,-9.808734181047532,-10.254359214501513,-9.825575173244953,-9.775562386980107,-9.870865701876657,0.19735180634995586,60,-14.350647601821466,-14.520440430941047,-15.287217674122786,-14.05240597360045,-14.376342930713736,-14.517410922239899,0.4138964601677173,46,-0.4240410752038659,-0.3932788374205268,-0.43051359516616317,-0.3904790599578186,-0.4472573839662447,-0.41711399034292385,0.021971309131108174,25,2.0257635155542135,-0.5803315168029062,2.2450740181268887,-0.3397812594154867,1.7444044605183844,1.0190258435962187,1.2204253122379283,62,-13.814535612535613,-11.732645881447265,-14.51688561403509,-12.146354166666667,-12.878453504043126,-13.017774955745551,1.0307765719258397,57,9.870865701876657,14.517410922239899,0.41711399034292385,13.017774955745551,1.0190258435962187,n500__absolute_error__boostrap_true__samples_0.7
573.2418174266816,5.051078938271384,6.43483419418335,0.5786444445458513,True,absolute_error,26,1.0,0.7,1,2,500,"{'bootstrap': True, 'criterion': 'absolute_error', 'max_depth': 26, 'max_features': 1.0, 'max_samples': 0.7, 'min_samples_leaf': 1, 'min_samples_split': 2, 'n_estimators': 500}",-9.699925702204771,-9.822752346351802,-10.30776858006042,-9.958656523049113,-9.788531946955999,-9.91552701972442,0.213041034711586,84,-14.30591898415738,-14.604160288515985,-15.288708903796133,-14.154562728358423,-14.377944224536058,-14.546259025872796,0.3985231674398152,74,-0.42464512231954094,-0.3984256736300333,-0.4362537764350453,-0.40162699608315755,-0.44394213381555153,-0.4209787404566657,0.018205588967370907,72,1.8850123829658707,-0.4982303966091434,2.153563746223565,-0.3218020488098822,1.6153378541289936,0.9667763075798806,1.1383262114350006,78,-13.640729018492175,-11.70170820668693,-14.28220567867036,-11.997269317329332,-12.843869653767824,-12.893156374989323,0.9708670726822684,3,9.91552701972442,14.546259025872796,0.4209787404566657,12.893156374989323,0.9667763075798806,n500__absolute_error__boostrap_true__samples_0.7
558.1423069000244,5.165793097568521,6.719665813446045,0.6573984632821042,True,absolute_error,26,1.0,0.7,1,4,500,"{'bootstrap': True, 'criterion': 'absolute_error', 'max_depth': 26, 'max_features': 1.0, 'max_samples': 0.7, 'min_samples_leaf': 1, 'min_samples_split': 4, 'n_estimators': 500}",-9.707869827846574,-9.86131910384499,-10.370172205438065,-9.939084061464294,-9.819850512356842,-9.939659142190154,0.22784178018057416,90,-14.293395708078387,-14.62042685285464,-15.355477126362688,-14.113270596022069,-14.387605709786367,-14.554035198620829,0.43280992802440554,82,-0.42555119299305344,-0.3963063881320012,-0.43564954682779455,-0.39921663151551673,-0.44544906570223025,-0.42043456503411925,0.01957432205593176,63,1.9068097251585627,-0.5130145322434154,2.199619335347432,-0.25445495631214193,1.5611778179626281,0.980027477982613,1.1346529579366584,73,-13.646630234208658,-11.794289533995418,-14.426494452149793,-12.129541132075472,-12.774780784844385,-12.954347227454743,0.9700264189245865,32,9.939659142190154,14.554035198620829,0.42043456503411925,12.954347227454743,0.980027477982613,n500__absolute_error__boostrap_true__samples_0.7
538.4320874691009,2.122786171317139,6.451214742660523,0.615284514114574,True,absolute_error,26,1.0,0.7,1,8,500,"{'bootstrap': True, 'criterion': 'absolute_error', 'max_depth': 26, 'max_features': 1.0, 'max_samples': 0.7, 'min_samples_leaf': 1, 'min_samples_split': 8, 'n_estimators': 500}",-9.709379341588646,-9.810993642143506,-10.344638368580059,-9.947203675805966,-9.832151295961422,-9.92887326481592,0.22118994213537413,85,-14.298182933524933,-14.59373222804673,-15.328494880253498,-14.15444470869307,-14.386119610571452,-14.552194872217935,0.41344293548659033,80,-0.4243430987617034,-0.40054495912806537,-0.4335347432024169,-0.3952997890931003,-0.445750452079566,-0.41989460845297044,0.019254511471311606,57,1.9417381455753548,-0.4623075991522859,2.2030939577039277,-0.2724926182585117,1.5970204942736588,1.0014104760284286,1.1356328902709683,66,-13.72841637010676,-11.669958427815573,-14.47142648083624,-12.237182164634147,-12.820146044624746,-12.985425897603495,1.0077572478923187,43,9.92887326481592,14.552194872217935,0.41989460845297044,12.985425897603495,1.0014104760284286,n500__absolute_error__boostrap_true__samples_0.7
443.3885980129242,8.060939781499966,6.737627172470093,0.28731552684489353,True,absolute_error,26,1.0,0.7,2,2,500,"{'bootstrap': True, 'criterion': 'absolute_error', 'max_depth': 26, 'max_features': 1.0, 'max_samples': 0.7, 'min_samples_leaf': 2, 'min_samples_split': 2, 'n_estimators': 500}",-9.686974025974024,-9.839336663639115,-10.284664350453173,-9.92065290750226,-9.821518987341772,-9.91062938698207,0.2015180692125629,80,-14.239342541882612,-14.577056195341067,-15.217226101053177,-14.07211504154199,-14.357803831287905,-14.49270874222135,0.3978272800137362,14,-0.42071881606765327,-0.3938843475628217,-0.43111782477341387,-0.3940946068092799,-0.44273658830620854,-0.41651043670387544,0.01966370570688281,20,1.8033926306251886,-0.6308740538904032,2.0296812688821753,-0.3899888520638747,1.4121295961422544,0.844868117939068,1.1266786341101862,95,-13.655636755204593,-11.689297463489623,-14.281879467414154,-12.091847859327217,-12.686605173587473,-12.881053343804613,0.96366288251632,1,9.91062938698207,14.49270874222135,0.41651043670387544,12.881053343804613,0.844868117939068,n500__absolute_error__boostrap_true__samples_0.7
450.59646553993224,4.507468993665993,6.25416669845581,0.16112833845670702,True,absolute_error,26,1.0,0.7,2,4,500,"{'bootstrap': True, 'criterion': 'absolute_error', 'max_depth': 26, 'max_features': 1.0, 'max_samples': 0.7, 'min_samples_leaf': 2, 'min_samples_split': 4, 'n_estimators': 500}",-9.686974025974024,-9.839336663639115,-10.284664350453173,-9.92065290750226,-9.821518987341772,-9.91062938698207,0.2015180692125629,80,-14.239342541882612,-14.577056195341067,-15.217226101053177,-14.07211504154199,-14.357803831287905,-14.49270874222135,0.3978272800137362,14,-0.42071881606765327,-0.3938843475628217,-0.43111782477341387,-0.3940946068092799,-0.44273658830620854,-0.41651043670387544,0.01966370570688281,20,1.8033926306251886,-0.6308740538904032,2.0296812688821753,-0.3899888520638747,1.4121295961422544,0.844868117939068,1.1266786341101862,95,-13.655636755204593,-11.689297463489623,-14.281879467414154,-12.091847859327217,-12.686605173587473,-12.881053343804613,0.96366288251632,1,9.91062938698207,14.49270874222135,0.41651043670387544,12.881053343804613,0.844868117939068,n500__absolute_error__boostrap_true__samples_0.7
435.30253729820254,6.217009395056268,6.495608854293823,0.5038681781254948,True,absolute_error,26,1.0,0.7,2,8,500,"{'bootstrap': True, 'criterion': 'absolute_error', 'max_depth': 26, 'max_features': 1.0, 'max_samples': 0.7, 'min_samples_leaf': 2, 'min_samples_split': 8, 'n_estimators': 500}",-9.689755058894594,-9.784906448683016,-10.2680166163142,-9.848095209400421,-9.783042796865582,-9.874763226031561,0.2030144386732463,65,-14.269874323877877,-14.58596187954566,-15.220648745547853,-14.049727160808517,-14.33537412012516,-14.492317245981013,0.40230189472507444,12,-0.4216248867411658,-0.39146230699364215,-0.43444108761329303,-0.39258812895450435,-0.44153104279686556,-0.4163294906198942,0.02084811009703116,16,1.8334149803684687,-0.5148670905237662,2.0772287009063444,-0.32820126544139766,1.5080934297769744,0.9151337510173247,1.1077987758913257,89,-13.665191977077365,-11.840270688321732,-14.208192628650904,-12.124531082118189,-12.786344709897612,-12.92490621721316,0.8978954169345028,18,9.874763226031561,14.492317245981013,0.4163294906198942,12.92490621721316,0.9151337510173247,n500__absolute_error__boostrap_true__samples_0.7
388.3357003211975,3.479830859747129,6.888886404037476,0.9817470599520738,True,absolute_error,26,1.0,0.7,3,2,500,"{'bootstrap': True, 'criterion': 'absolute_error', 'max_depth': 26, 'max_features': 1.0, 'max_samples': 0.7, 'min_samples_leaf': 3, 'min_samples_split': 2, 'n_estimators': 500}",-9.697911809121111,-9.837376021798365,-10.231476435045316,-9.851756854474239,-9.777567209162147,-9.879217665920233,0.1842800525517634,67,-14.276353280111708,-14.616223133351642,-15.191509485002815,-14.052363807451792,-14.333845611967764,-14.494059063577145,0.3923060050025349,18,-0.42222893385684085,-0.3923705722070845,-0.4314199395770393,-0.388671286532088,-0.4421338155515371,-0.4153649095449179,0.021273185972182744,11,1.7822633645424344,-0.6205682712685441,2.0853688821752265,-0.38117234106658626,1.48326702833032,0.8698317325425702,1.1377757486320488,93,-13.594728183118741,-11.745029320987653,-14.274775210084032,-12.183282945736432,-12.7346448534424,-12.906492102673852,0.9216752486032156,12,9.879217665920233,14.494059063577145,0.4153649095449179,12.906492102673852,0.8698317325425702,n500__absolute_error__boostrap_true__samples_0.7
390.6175077915192,2.93690185656097,5.9696064472198485,0.2888853239167534,True,absolute_error,26,1.0,0.7,3,4,500,"{'bootstrap': True, 'criterion': 'absolute_error', 'max_depth': 26, 'max_features': 1.0, 'max_samples': 0.7, 'min_samples_leaf': 3, 'min_samples_split': 4, 'n_estimators': 500}",-9.697911809121111,-9.837376021798365,-10.231476435045316,-9.851756854474239,-9.777567209162147,-9.879217665920233,0.1842800525517634,67,-14.276353280111708,-14.616223133351642,-15.191509485002815,-14.052363807451792,-14.333845611967764,-14.494059063577145,0.3923060050025349,18,-0.42222893385684085,-0.3923705722070845,-0.4314199395770393,-0.388671286532088,-0.4421338155515371,-0.4153649095449179,0.021273185972182744,11,1.7822633645424344,-0.6205682712685441,2.0853688821752265,-0.38117234106658626,1.48326702833032,0.8698317325425702,1.1377757486320488,93,-13.594728183118741,-11.745029320987653,-14.274775210084032,-12.183282945736432,-12.7346448534424,-12.906492102673852,0.9216752486032156,12,9.879217665920233,14.494059063577145,0.4153649095449179,12.906492102673852,0.8698317325425702,n500__absolute_error__boostrap_true__samples_0.7
386.8612504005432,3.5069261660712066,5.146806335449218,0.22244189857348315,True,absolute_error,26,1.0,0.7,3,8,500,"{'bootstrap': True, 'criterion': 'absolute_error', 'max_depth': 26, 'max_features': 1.0, 'max_samples': 0.7, 'min_samples_leaf': 3, 'min_samples_split': 8, 'n_estimators': 500}",-9.660179401993355,-9.791465940054497,-10.240462235649547,-9.819729135281712,-9.753469861362266,-9.853061314868276,0.20105043533518932,56,-14.228165087139812,-14.590009400552306,-15.199274637645509,-14.030827296448985,-14.345566039962726,-14.478768492349866,0.4031624784318163,1,-0.4195107218363032,-0.3890402664244626,-0.43111782477341387,-0.39138294667068396,-0.44153104279686556,-0.41451656050034585,0.021045339271789375,1,1.8413367562669887,-0.6001465334544352,2.1198797583081572,-0.38070171738475467,1.4959183242917424,0.8952573176055397,1.1506401877408983,90,-13.708250539956804,-11.812812451361868,-14.335224947442185,-12.058557351809084,-12.739068259385666,-12.93078270999112,0.9616967536780391,22,9.853061314868276,14.478768492349866,0.41451656050034585,12.93078270999112,0.8952573176055397,n500__absolute_error__boostrap_true__samples_0.7
330.09182500839233,24.088135072241535,5.464981603622436,0.8334098851717713,True,absolute_error,26,1.0,0.7,4,2,500,"{'bootstrap': True, 'criterion': 'absolute_error', 'max_depth': 26, 'max_features': 1.0, 'max_samples': 0.7, 'min_samples_leaf': 4, 'min_samples_split': 2, 'n_estimators': 500}",-9.622525823014197,-9.812089009990919,-10.192305740181268,-9.753578487496235,-9.688015672091622,-9.813702946554848,0.199651503494126,34,-14.257401553974608,-14.637965578519754,-15.18718435606998,-14.017166217227143,-14.303650385043417,-14.48067361816698,0.40495059797563127,2,-0.4237390516460284,-0.3911595519224947,-0.43051359516616317,-0.38686351310635736,-0.4424352019288728,-0.41494218275398326,0.02204425144391274,2,1.9295406221685287,-0.5971892219194675,2.127060422960725,-0.35159174450135583,1.6236063893912007,0.9462852936199262,1.17359134285899,84,-13.631109052031361,-11.778952786377708,-14.307755087719299,-12.151555295950157,-12.783365803814716,-12.93054760517865,0.9318958008233927,19,9.813702946554848,14.48067361816698,0.41494218275398326,12.93054760517865,0.9462852936199262,n500__absolute_error__boostrap_true__samples_0.7
283.09138655662537,14.16763887966267,3.151719665527344,0.6880274251755074,True,absolute_error,26,1.0,0.7,4,4,500,"{'bootstrap': True, 'criterion': 'absolute_error', 'max_depth': 26, 'max_features': 1.0, 'max_samples': 0.7, 'min_samples_leaf': 4, 'min_samples_split': 4, 'n_estimators': 500}",-9.622525823014197,-9.812089009990919,-10.192305740181268,-9.753578487496235,-9.688015672091622,-9.813702946554848,0.199651503494126,34,-14.257401553974608,-14.637965578519754,-15.18718435606998,-14.017166217227143,-14.303650385043417,-14.48067361816698,0.40495059797563127,2,-0.4237390516460284,-0.3911595519224947,-0.43051359516616317,-0.38686351310635736,-0.4424352019288728,-0.41494218275398326,0.02204425144391274,2,1.9295406221685287,-0.5971892219194675,2.127060422960725,-0.35159174450135583,1.6236063893912007,0.9462852936199262,1.17359134285899,84,-13.631109052031361,-11.778952786377708,-14.307755087719299,-12.151555295950157,-12.783365803814716,-12.93054760517865,0.9318958008233927,19,9.813702946554848,14.48067361816698,0.41494218275398326,12.93054760517865,0.9462852936199262,n500__absolute_error__boostrap_true__samples_0.7
220.69198241233826,24.115201058859984,0.653331184387207,0.6790761392411203,True,absolute_error,26,1.0,0.7,4,8,500,"{'bootstrap': True, 'criterion': 'absolute_error', 'max_depth': 26, 'max_features': 1.0, 'max_samples': 0.7, 'min_samples_leaf': 4, 'min_samples_split': 8, 'n_estimators': 500}",-9.622525823014197,-9.812089009990919,-10.192305740181268,-9.753578487496235,-9.688015672091622,-9.813702946554848,0.199651503494126,34,-14.257401553974608,-14.637965578519754,-15.18718435606998,-14.017166217227143,-14.303650385043417,-14.48067361816698,0.40495059797563127,2,-0.4237390516460284,-0.3911595519224947,-0.43051359516616317,-0.38686351310635736,-0.4424352019288728,-0.41494218275398326,0.02204425144391274,2,1.9295406221685287,-0.5971892219194675,2.127060422960725,-0.35159174450135583,1.6236063893912007,0.9462852936199262,1.17359134285899,84,-13.631109052031361,-11.778952786377708,-14.307755087719299,-12.151555295950157,-12.783365803814716,-12.93054760517865,0.9318958008233927,19,9.813702946554848,14.48067361816698,0.41494218275398326,12.93054760517865,0.9462852936199262,n500__absolute_error__boostrap_true__samples_0.7
