mean_fit_time,std_fit_time,mean_score_time,std_score_time,param_bootstrap,param_criterion,param_max_depth,param_max_features,param_max_samples,param_min_samples_leaf,param_min_samples_split,param_n_estimators,params,split0_test_MAE,split1_test_MAE,split2_test_MAE,split3_test_MAE,split4_test_MAE,mean_test_MAE,std_test_MAE,rank_test_MAE,split0_test_RMSE,split1_test_RMSE,split2_test_RMSE,split3_test_RMSE,split4_test_RMSE,mean_test_RMSE,std_test_RMSE,rank_test_RMSE,split0_test_overestimation_rate,split1_test_overestimation_rate,split2_test_overestimation_rate,split3_test_overestimation_rate,split4_test_overestimation_rate,mean_test_overestimation_rate,std_test_overestimation_rate,rank_test_overestimation_rate,split0_test_mean_signed_error,split1_test_mean_signed_error,split2_test_mean_signed_error,split3_test_mean_signed_error,split4_test_mean_signed_error,mean_test_mean_signed_error,std_test_mean_signed_error,rank_test_mean_signed_error,split0_test_mean_overestimation,split1_test_mean_overestimation,split2_test_mean_overestimation,split3_test_mean_overestimation,split4_test_mean_overestimation,mean_test_mean_overestimation,std_test_mean_overestimation,rank_test_mean_overestimation,mean_MAE,mean_RMSE,overestimation_rate,mean_overstimation,mean_signed_error,chunk_id
45.25289463996887,0.029559953460644866,1.0924875736236572,0.3774172612716601,True,poisson,20,0.875,1.0,1,2,500,"{'bootstrap': True, 'criterion': 'poisson', 'max_depth': 20, 'max_features': 0.875, 'max_samples': 1.0, 'min_samples_leaf': 1, 'min_samples_split': 2, 'n_estimators': 500}",-9.944142166477107,-10.194859807436817,-10.439492575209515,-10.191337650660797,-9.948038741069265,-10.1435741881707,0.18465454082158816,76,-14.12005920863656,-14.589255400057224,-14.93728820480383,-14.034851679328614,-14.053218657062141,-14.346934629977676,0.3584338144099178,44,-0.40471156750226517,-0.3763245534362701,-0.4202416918429003,-0.37842723711961435,-0.42766726943942135,-0.4014744638680943,0.021035414923498297,46,0.696732649383399,-1.5211795808461788,1.1911280033222855,-1.3621554168950767,0.39052649355517327,-0.12098957029607953,1.1093237186269524,74,-13.146244968400799,-11.524201845707514,-13.838013700553649,-11.66562732239985,-12.087159777478465,-12.452249522908057,0.8961372142833902,35,10.1435741881707,14.346934629977676,0.4014744638680943,12.452249522908057,-0.12098957029607953,n500__poisson__boostrap_true__samples_1.0
43.819090843200684,0.41714293041519873,1.6658697128295898,0.3682359820298994,True,poisson,20,0.875,1.0,1,4,500,"{'bootstrap': True, 'criterion': 'poisson', 'max_depth': 20, 'max_features': 0.875, 'max_samples': 1.0, 'min_samples_leaf': 1, 'min_samples_split': 4, 'n_estimators': 500}",-9.923694987264772,-10.181795930667265,-10.440346275885188,-10.18202463816272,-9.965073887326742,-10.138587143861338,0.18498533892618274,70,-14.111579293557318,-14.582366867704847,-14.937590198931028,-14.008528440958974,-14.078952143622516,-14.343803388954939,0.35943812053979857,38,-0.40622168529145275,-0.3802603693611868,-0.4199395770392749,-0.3814401928291654,-0.4240506329113924,-0.4023824914864945,0.01854975566075658,68,0.7015821230213323,-1.5479661899410941,1.1746994402848983,-1.3436189412071624,0.389262670315069,-0.12520817950539143,1.1087639442321098,75,-13.078175655077061,-11.352523739497828,-13.829424935439924,-11.58557208064593,-12.208844597816464,-12.410908201695442,0.9273211591243298,15,10.138587143861338,14.343803388954939,0.4023824914864945,12.410908201695442,-0.12520817950539143,n500__poisson__boostrap_true__samples_1.0
41.525355052948,0.9526525093592806,3.2366299629211426,0.6294427736381998,True,poisson,20,0.875,1.0,1,8,500,"{'bootstrap': True, 'criterion': 'poisson', 'max_depth': 20, 'max_features': 0.875, 'max_samples': 1.0, 'min_samples_leaf': 1, 'min_samples_split': 8, 'n_estimators': 500}",-10.008938554097131,-10.203488851446789,-10.484280957971944,-10.182337357312942,-9.97822909489492,-10.171454963144745,0.1804175816891672,93,-14.197157326597118,-14.592771006612347,-14.97424461623266,-13.99661850075152,-14.094860329618324,-14.371130355962396,0.3632415893198519,69,-0.4019933554817276,-0.3766273085074175,-0.4199395770392749,-0.37872853269056944,-0.4306811332127788,-0.4015939813863536,0.021582151327452937,50,0.6623922222236298,-1.5978477949619532,1.1835047004419277,-1.3974989720161772,0.3560823778498693,-0.1586734932925407,1.1266300241985805,79,-13.273018858151032,-11.424611097093813,-13.89221961487407,-11.597803739379462,-11.99763662231183,-12.43705798636204,0.9735310446110024,27,10.171454963144745,14.371130355962396,0.4015939813863536,12.43705798636204,-0.1586734932925407,n500__poisson__boostrap_true__samples_1.0
37.36976571083069,2.299960469686149,3.2871335983276366,0.38588311008374765,True,poisson,20,0.875,1.0,2,2,500,"{'bootstrap': True, 'criterion': 'poisson', 'max_depth': 20, 'max_features': 0.875, 'max_samples': 1.0, 'min_samples_leaf': 2, 'min_samples_split': 2, 'n_estimators': 500}",-9.909286628064475,-10.123174282441424,-10.391603591629657,-10.091621740283674,-9.949814155532852,-10.093100079590418,0.1698995178680035,39,-14.136829129011577,-14.551692344843078,-14.913152468364762,-13.942245461308369,-14.119942821640398,-14.332772445033637,0.35241125144336616,23,-0.4080338266384778,-0.38086587950348166,-0.4199395770392749,-0.3799337149743899,-0.42495479204339964,-0.40274555803980483,0.019057547932754843,76,0.7997628844060509,-1.4501439115634847,1.3106864568539753,-1.2689094926642355,0.4426602933779198,-0.03318875391795482,1.1190182297596638,37,-13.122747200514405,-11.385937724566707,-13.93330218002907,-11.610857236260474,-12.227741213292886,-12.45611711093271,0.9527198045651568,39,10.093100079590418,14.332772445033637,0.40274555803980483,12.45611711093271,-0.03318875391795482,n500__poisson__boostrap_true__samples_1.0
38.07344017028809,0.5127357026776154,1.5482751846313476,0.20612726232252557,True,poisson,20,0.875,1.0,2,4,500,"{'bootstrap': True, 'criterion': 'poisson', 'max_depth': 20, 'max_features': 0.875, 'max_samples': 1.0, 'min_samples_leaf': 2, 'min_samples_split': 4, 'n_estimators': 500}",-9.909286628064475,-10.123174282441424,-10.391603591629657,-10.091621740283674,-9.949814155532852,-10.093100079590418,0.1698995178680035,39,-14.136829129011577,-14.551692344843078,-14.91315246836476,-13.942245461308369,-14.119942821640398,-14.332772445033637,0.3524112514433656,23,-0.4080338266384778,-0.38086587950348166,-0.4199395770392749,-0.3799337149743899,-0.42495479204339964,-0.40274555803980483,0.019057547932754843,76,0.7997628844060515,-1.4501439115634847,1.3106864568539751,-1.2689094926642355,0.44266029337792007,-0.03318875391795469,1.1190182297596638,36,-13.1227472005144,-11.385937724566707,-13.93330218002907,-11.610857236260474,-12.227741213292886,-12.456117110932706,0.952719804565156,38,10.093100079590418,14.332772445033637,0.40274555803980483,12.456117110932706,-0.03318875391795469,n500__poisson__boostrap_true__samples_1.0
37.97362942695618,0.19750394905995824,0.9793208599090576,0.2754069485644907,True,poisson,20,0.875,1.0,2,8,500,"{'bootstrap': True, 'criterion': 'poisson', 'max_depth': 20, 'max_features': 0.875, 'max_samples': 1.0, 'min_samples_leaf': 2, 'min_samples_split': 8, 'n_estimators': 500}",-9.964018333855243,-10.182359207665682,-10.43861601340014,-10.154370269282385,-9.957841539604672,-10.139441072761624,0.17625096884085298,71,-14.17221258189795,-14.605092062775437,-14.959237474175632,-14.00601095364366,-14.103295937590365,-14.369169802016609,0.3592226547260364,66,-0.4050135910601027,-0.3781410838631547,-0.4229607250755287,-0.3793311238324797,-0.4258589511754069,-0.40226109500133456,0.02049618623492993,66,0.7581196868500523,-1.518039096147473,1.2695503929673533,-1.3400735997062898,0.43789831842362603,-0.07850885952254624,1.1355774163037744,66,-13.236763231377791,-11.456464903260466,-13.840725287527286,-11.618209152630287,-12.205613888513055,-12.471555292661778,0.9262291971338599,51,10.139441072761624,14.369169802016609,0.40226109500133456,12.471555292661778,-0.07850885952254624,n500__poisson__boostrap_true__samples_1.0
34.68964805603027,2.115808444138313,2.0356632232666017,1.0645911448868226,True,poisson,20,0.875,1.0,3,2,500,"{'bootstrap': True, 'criterion': 'poisson', 'max_depth': 20, 'max_features': 0.875, 'max_samples': 1.0, 'min_samples_leaf': 3, 'min_samples_split': 2, 'n_estimators': 500}",-9.966471256632989,-10.12431401233359,-10.418395731820118,-10.129357120856552,-9.931774340002935,-10.114062492329236,0.17202899948327577,62,-14.18723491590019,-14.557864773711046,-14.945386656273772,-13.971611312538798,-14.106215897072786,-14.353662711099318,0.3540415562039231,52,-0.40622168529145275,-0.37844383893430217,-0.42356495468277944,-0.37902982826152454,-0.42766726943942135,-0.4029855153218961,0.021068193701624962,80,0.8102721196052611,-1.4575824271065234,1.3318044852648654,-1.2474529356481026,0.4962306397953961,-0.013345623617820667,1.1275002237490717,21,-13.264608668670945,-11.450485770402002,-13.870600113606024,-11.716629567053598,-12.191726752280077,-12.49881017440253,0.9244831807882651,72,10.114062492329236,14.353662711099318,0.4029855153218961,12.49881017440253,-0.013345623617820667,n500__poisson__boostrap_true__samples_1.0
33.99814414978027,0.702973392932829,1.8080560207366942,0.6672604260008246,True,poisson,20,0.875,1.0,3,4,500,"{'bootstrap': True, 'criterion': 'poisson', 'max_depth': 20, 'max_features': 0.875, 'max_samples': 1.0, 'min_samples_leaf': 3, 'min_samples_split': 4, 'n_estimators': 500}",-9.966471256632987,-10.124314012333592,-10.418395731820118,-10.129357120856554,-9.931774340002935,-10.114062492329236,0.1720289994832761,62,-14.18723491590019,-14.557864773711046,-14.945386656273772,-13.971611312538798,-14.106215897072788,-14.353662711099318,0.3540415562039228,52,-0.40622168529145275,-0.37844383893430217,-0.42356495468277944,-0.37902982826152454,-0.42766726943942135,-0.4029855153218961,0.021068193701624962,80,0.8102721196052611,-1.4575824271065234,1.3318044852648654,-1.2474529356481026,0.49623063979539583,-0.013345623617820723,1.1275002237490717,22,-13.264608668670945,-11.450485770402002,-13.870600113606024,-11.716629567053598,-12.191726752280077,-12.49881017440253,0.9244831807882651,72,10.114062492329236,14.353662711099318,0.4029855153218961,12.49881017440253,-0.013345623617820723,n500__poisson__boostrap_true__samples_1.0
34.59334478378296,0.3740641408688467,1.0874638557434082,0.34032766766015643,True,poisson,20,0.875,1.0,3,8,500,"{'bootstrap': True, 'criterion': 'poisson', 'max_depth': 20, 'max_features': 0.875, 'max_samples': 1.0, 'min_samples_leaf': 3, 'min_samples_split': 8, 'n_estimators': 500}",-9.972621847222863,-10.181279378774835,-10.437955151123292,-10.133322488559212,-9.947330985775475,-10.134501970291137,0.17635844281911847,65,-14.182692299140843,-14.56782493550476,-14.95890436503673,-13.977213497722172,-14.11572389346688,-14.360471798174277,0.35763413501595576,62,-0.4083358501963153,-0.37783832879200724,-0.4229607250755287,-0.3796324194034348,-0.42766726943942135,-0.4032869185813415,0.021043373940553715,86,0.8265520322856171,-1.5095902586197087,1.3057461559636079,-1.2869091093788199,0.5285996725993297,-0.027120301429994775,1.1488167086820054,35,-13.223396714146661,-11.47539629962836,-13.882732616592012,-11.651288097420522,-12.247758253871597,-12.49611439633183,0.9240051233982947,71,10.134501970291137,14.360471798174277,0.4032869185813415,12.49611439633183,-0.027120301429994775,n500__poisson__boostrap_true__samples_1.0
33.446613025665286,1.5039947805115441,1.5999098777770997,1.153415935723496,True,poisson,20,0.875,1.0,4,2,500,"{'bootstrap': True, 'criterion': 'poisson', 'max_depth': 20, 'max_features': 0.875, 'max_samples': 1.0, 'min_samples_leaf': 4, 'min_samples_split': 2, 'n_estimators': 500}",-9.985762304197563,-10.194435382004608,-10.474042400579863,-10.138594799356378,-9.996506340646944,-10.15786824535707,0.17738818275650048,90,-14.229800258556741,-14.560092311464137,-15.030147171014512,-14.000488344674293,-14.167009686535529,-14.397507554449044,0.36484132024761434,91,-0.40954394442766534,-0.3799576142900394,-0.4232628398791541,-0.38264537511298585,-0.42706449668474983,-0.40449485407891894,0.019832272886597217,94,0.8532597926686083,-1.5003651901943045,1.3380647582859355,-1.2513886142101536,0.532304226489409,-0.005625005392101046,1.1505414660048945,11,-13.233039145547162,-11.440842168744794,-13.953631226211916,-11.612849341929259,-12.326956055666342,-12.513463587619896,0.9579435889508328,79,10.15786824535707,14.397507554449044,0.40449485407891894,12.513463587619896,-0.005625005392101046,n500__poisson__boostrap_true__samples_1.0
32.290739154815675,0.24596800057126358,2.5147805213928223,0.05848785131173575,True,poisson,20,0.875,1.0,4,4,500,"{'bootstrap': True, 'criterion': 'poisson', 'max_depth': 20, 'max_features': 0.875, 'max_samples': 1.0, 'min_samples_leaf': 4, 'min_samples_split': 4, 'n_estimators': 500}",-9.985762304197566,-10.194435382004608,-10.474042400579863,-10.138594799356378,-9.996506340646944,-10.157868245357072,0.17738818275649978,92,-14.229800258556741,-14.560092311464137,-15.03014717101451,-14.000488344674293,-14.16700968653553,-14.397507554449044,0.36484132024761357,91,-0.40954394442766534,-0.3799576142900394,-0.4232628398791541,-0.38264537511298585,-0.42706449668474983,-0.40449485407891894,0.019832272886597217,94,0.8532597926686085,-1.5003651901943045,1.3380647582859355,-1.2513886142101533,0.532304226489409,-0.0056250053921009565,1.1505414660048943,9,-13.233039145547162,-11.440842168744796,-13.953631226211916,-11.612849341929259,-12.326956055666342,-12.513463587619896,0.9579435889508323,79,10.157868245357072,14.397507554449044,0.40449485407891894,12.513463587619896,-0.0056250053921009565,n500__poisson__boostrap_true__samples_1.0
32.76683344841003,0.40422463966058275,2.3856668949127195,0.11100723616510777,True,poisson,20,0.875,1.0,4,8,500,"{'bootstrap': True, 'criterion': 'poisson', 'max_depth': 20, 'max_features': 0.875, 'max_samples': 1.0, 'min_samples_leaf': 4, 'min_samples_split': 8, 'n_estimators': 500}",-9.985762304197563,-10.194435382004608,-10.474042400579863,-10.138594799356378,-9.996506340646944,-10.15786824535707,0.17738818275650048,90,-14.229800258556741,-14.560092311464137,-15.03014717101451,-14.000488344674293,-14.167009686535529,-14.397507554449044,0.36484132024761373,91,-0.40954394442766534,-0.3799576142900394,-0.4232628398791541,-0.38264537511298585,-0.42706449668474983,-0.40449485407891894,0.019832272886597217,94,0.8532597926686085,-1.5003651901943043,1.3380647582859355,-1.2513886142101536,0.5323042264894088,-0.005625005392101002,1.1505414660048943,10,-13.233039145547162,-11.440842168744794,-13.953631226211916,-11.612849341929259,-12.326956055666342,-12.513463587619896,0.9579435889508328,79,10.15786824535707,14.397507554449044,0.40449485407891894,12.513463587619896,-0.005625005392101002,n500__poisson__boostrap_true__samples_1.0
48.41052603721619,1.2741100611648457,4.708345508575439,1.102738663280313,True,poisson,20,1.0,1.0,1,2,500,"{'bootstrap': True, 'criterion': 'poisson', 'max_depth': 20, 'max_features': 1.0, 'max_samples': 1.0, 'min_samples_leaf': 1, 'min_samples_split': 2, 'n_estimators': 500}",-9.889764517707473,-10.100105604960788,-10.394819000830491,-10.11378567682961,-9.927967281327499,-10.08528841633117,0.17878498825524822,26,-14.076781079023535,-14.586191000596086,-14.918436330265974,-13.967038206182519,-14.104514761342866,-14.330592275482198,0.36293086619245557,13,-0.40048323769254,-0.3760217983651226,-0.4199395770392749,-0.3811388972582103,-0.4228450874020494,-0.40008571955143946,0.019237343271104955,15,0.6793350011257353,-1.4423665138324895,1.2207344827286306,-1.3021906896144868,0.3384942252261668,-0.10119869887328872,1.076214005731612,72,-13.195433071967097,-11.512283501609007,-13.830029507403124,-11.559558799433592,-12.139743149944785,-12.44740960607152,0.9196276889490749,30,10.08528841633117,14.330592275482198,0.40008571955143946,12.44740960607152,-0.10119869887328872,n500__poisson__boostrap_true__samples_1.0
47.18747959136963,0.1455304006619848,2.3851747512817383,0.08940880622383775,True,poisson,20,1.0,1.0,1,4,500,"{'bootstrap': True, 'criterion': 'poisson', 'max_depth': 20, 'max_features': 1.0, 'max_samples': 1.0, 'min_samples_leaf': 1, 'min_samples_split': 4, 'n_estimators': 500}",-9.89043725645999,-10.082876407575052,-10.369701091020449,-10.101401532100462,-9.91961231718605,-10.0728057208684,0.1707585873160998,22,-14.08361465902023,-14.563401398085679,-14.88212662811302,-13.937121024263375,-14.079417012019537,-14.309136144300368,0.35636918593428435,1,-0.40108728480821504,-0.37481077808053287,-0.4163141993957704,-0.38264537511298585,-0.4234478601567209,-0.39966109951084505,0.018720272830691644,8,0.6598500579029011,-1.4912386738606385,1.150166220187523,-1.3399638044503526,0.3311419862238055,-0.1380088427993523,1.0762902047510958,77,-13.152108922385368,-11.461300256243423,-13.835544557365163,-11.448508589791622,-12.103915579613489,-12.400275581079814,0.9487480934592039,11,10.0728057208684,14.309136144300368,0.39966109951084505,12.400275581079814,-0.1380088427993523,n500__poisson__boostrap_true__samples_1.0
42.88517603874207,0.2886206836612344,3.95234956741333,0.18066930785294003,True,poisson,20,1.0,1.0,1,8,500,"{'bootstrap': True, 'criterion': 'poisson', 'max_depth': 20, 'max_features': 1.0, 'max_samples': 1.0, 'min_samples_leaf': 1, 'min_samples_split': 8, 'n_estimators': 500}",-9.901099471972362,-10.104568197526282,-10.399414845716782,-10.134080302024287,-9.950517143449813,-10.097935992137906,0.17476660382356415,45,-14.086982006179644,-14.575443678660609,-14.9111206664833,-13.995407159908968,-14.098404142822817,-14.333471530811067,0.35285416982086876,25,-0.4019933554817276,-0.3799576142900394,-0.41963746223564957,-0.3772220548357939,-0.4234478601567209,-0.4004516693999863,0.01928168830615323,20,0.6284472877194276,-1.4853991407369957,1.1492587592562142,-1.376060457268241,0.3204299834335176,-0.15266471351921548,1.0772035535628546,78,-13.096667663914172,-11.342277049631482,-13.76029864379432,-11.608573428412667,-12.127758920640174,-12.387115141278564,0.9115017498143055,9,10.097935992137906,14.333471530811067,0.4004516693999863,12.387115141278564,-0.15266471351921548,n500__poisson__boostrap_true__samples_1.0
40.037848997116086,2.862815492111068,4.635234928131103,1.1236010170703281,True,poisson,20,1.0,1.0,2,2,500,"{'bootstrap': True, 'criterion': 'poisson', 'max_depth': 20, 'max_features': 1.0, 'max_samples': 1.0, 'min_samples_leaf': 2, 'min_samples_split': 2, 'n_estimators': 500}",-9.831491029917892,-10.079111022703204,-10.356327125204498,-10.01927649393458,-9.909153735220169,-10.039071881396069,0.18034101836880942,1,-14.068737180547497,-14.583039257516983,-14.912565429750106,-13.899604387741537,-14.108425541750558,-14.314474359461338,0.37544640167196586,6,-0.4022953790395651,-0.37753557372085983,-0.41963746223564957,-0.3766194636938837,-0.42224231464737794,-0.3996660386674672,0.01967923537142239,9,0.7599970008509328,-1.4007681993305847,1.2676782139921585,-1.2500030401680824,0.4507523341588932,-0.03446873809933652,1.0868762433172368,39,-13.163820146349693,-11.493410723977451,-13.850056757646122,-11.6420874372204,-12.267726030763644,-12.483420219191462,0.9016787812376271,58,10.039071881396069,14.314474359461338,0.3996660386674672,12.483420219191462,-0.03446873809933652,n500__poisson__boostrap_true__samples_1.0
42.50779256820679,0.28616260647965913,2.786974477767944,0.2453848191245422,True,poisson,20,1.0,1.0,2,4,500,"{'bootstrap': True, 'criterion': 'poisson', 'max_depth': 20, 'max_features': 1.0, 'max_samples': 1.0, 'min_samples_leaf': 2, 'min_samples_split': 4, 'n_estimators': 500}",-9.831491029917892,-10.079111022703204,-10.3563271252045,-10.01927649393458,-9.909153735220169,-10.039071881396069,0.18034101836881003,1,-14.068737180547497,-14.583039257516983,-14.912565429750106,-13.899604387741537,-14.108425541750558,-14.314474359461338,0.37544640167196586,6,-0.4022953790395651,-0.37753557372085983,-0.41963746223564957,-0.3766194636938837,-0.42224231464737794,-0.3996660386674672,0.01967923537142239,9,0.7599970008509328,-1.4007681993305854,1.267678213992159,-1.2500030401680826,0.4507523341588937,-0.0344687380993365,1.0868762433172372,38,-13.163820146349693,-11.493410723977451,-13.850056757646122,-11.6420874372204,-12.267726030763644,-12.483420219191462,0.9016787812376271,58,10.039071881396069,14.314474359461338,0.3996660386674672,12.483420219191462,-0.0344687380993365,n500__poisson__boostrap_true__samples_1.0
40.598632144927976,0.24480961878969815,2.30269250869751,0.10202477370956492,True,poisson,20,1.0,1.0,2,8,500,"{'bootstrap': True, 'criterion': 'poisson', 'max_depth': 20, 'max_features': 1.0, 'max_samples': 1.0, 'min_samples_leaf': 2, 'min_samples_split': 8, 'n_estimators': 500}",-9.871548067428828,-10.093997681642426,-10.393420502551395,-10.087339158391238,-9.893304490933065,-10.067921980189391,0.1876487347372822,14,-14.06722408750579,-14.61452491318248,-14.945934282722304,-13.97459250081946,-14.060137262141707,-14.332482609274347,0.3817041309850851,17,-0.4050135910601027,-0.3781410838631547,-0.41963746223564957,-0.3814401928291654,-0.42254370102471367,-0.4013552062025572,0.018612255166449508,43,0.7101695015725993,-1.4155871302532717,1.2357454626476807,-1.322122078071217,0.40815705293838245,-0.07672743823316526,1.0881597275266603,65,-13.063410466429428,-11.47509609737325,-13.856205667677804,-11.489634869503217,-12.18981790391065,-12.41483300097887,0.9260601187169227,19,10.067921980189391,14.332482609274347,0.4013552062025572,12.41483300097887,-0.07672743823316526,n500__poisson__boostrap_true__samples_1.0
36.361421251296996,3.2497442126786784,3.7529937744140627,1.2495497209542326,True,poisson,20,1.0,1.0,3,2,500,"{'bootstrap': True, 'criterion': 'poisson', 'max_depth': 20, 'max_features': 1.0, 'max_samples': 1.0, 'min_samples_leaf': 3, 'min_samples_split': 2, 'n_estimators': 500}",-9.889611061132914,-10.09828565808756,-10.38910648265614,-10.076373474336485,-9.910011778461707,-10.072677690934961,0.1793154745439453,20,-14.124372051263991,-14.631217773360447,-14.954979716647651,-13.958107563587449,-14.12479520268034,-14.358694461507975,0.374141892604473,59,-0.4050135910601027,-0.37693006357856496,-0.41963746223564957,-0.37872853269056944,-0.4228450874020494,-0.4006309473933872,0.019572280662717358,22,0.785005565294658,-1.3777844765677554,1.318062846477681,-1.2457540701020988,0.5066430992488332,-0.002765407129736408,1.1009419298481604,5,-13.178096812118453,-11.567797350425668,-13.949147040832596,-11.65824415380029,-12.317341726387587,-12.53412541671292,0.9126815919732126,93,10.072677690934961,14.358694461507975,0.4006309473933872,12.53412541671292,-0.002765407129736408,n500__poisson__boostrap_true__samples_1.0
37.4220112323761,2.178659151945258,2.7369288921356203,1.1737107025890665,True,poisson,20,1.0,1.0,3,4,500,"{'bootstrap': True, 'criterion': 'poisson', 'max_depth': 20, 'max_features': 1.0, 'max_samples': 1.0, 'min_samples_leaf': 3, 'min_samples_split': 4, 'n_estimators': 500}",-9.88961106113291,-10.09828565808756,-10.38910648265614,-10.076373474336485,-9.910011778461707,-10.072677690934961,0.17931547454394603,20,-14.124372051263988,-14.631217773360447,-14.954979716647651,-13.958107563587449,-14.12479520268034,-14.358694461507975,0.37414189260447345,59,-0.4050135910601027,-0.37693006357856496,-0.41963746223564957,-0.37872853269056944,-0.4228450874020494,-0.4006309473933872,0.019572280662717358,22,0.7850055652946585,-1.3777844765677558,1.3180628464776807,-1.2457540701020984,0.5066430992488334,-0.002765407129736319,1.1009419298481604,4,-13.178096812118453,-11.567797350425668,-13.949147040832594,-11.65824415380029,-12.317341726387587,-12.534125416712918,0.912681591973212,92,10.072677690934961,14.358694461507975,0.4006309473933872,12.534125416712918,-0.002765407129736319,n500__poisson__boostrap_true__samples_1.0
37.78573594093323,0.2939934167678682,2.146998167037964,0.09342875469847628,True,poisson,20,1.0,1.0,3,8,500,"{'bootstrap': True, 'criterion': 'poisson', 'max_depth': 20, 'max_features': 1.0, 'max_samples': 1.0, 'min_samples_leaf': 3, 'min_samples_split': 8, 'n_estimators': 500}",-9.883940102742228,-10.07655586571743,-10.350952273753775,-10.089363397485915,-9.937125773658641,-10.067587482671597,0.16223245350977503,13,-14.109386421934708,-14.58218282604937,-14.910597315367145,-13.954189160020217,-14.137501089730536,-14.338771362620395,0.3541933667031901,30,-0.40380549682875266,-0.3766273085074175,-0.4202416918429003,-0.3811388972582103,-0.4240506329113924,-0.40117280546973466,0.01948223487749658,39,0.7780746862076949,-1.4221656088694288,1.268061075538849,-1.27870849206318,0.462784204987468,-0.03839082683971935,1.1025270498085828,43,-13.201918835532236,-11.489329187447323,-13.824203517670233,-11.558325545888563,-12.262580422582726,-12.467271501824218,0.9171067069358828,48,10.067587482671597,14.338771362620395,0.40117280546973466,12.467271501824218,-0.03839082683971935,n500__poisson__boostrap_true__samples_1.0
35.997397661209106,1.8742559356636515,2.2645759105682375,0.5320851674761091,True,poisson,20,1.0,1.0,4,2,500,"{'bootstrap': True, 'criterion': 'poisson', 'max_depth': 20, 'max_features': 1.0, 'max_samples': 1.0, 'min_samples_leaf': 4, 'min_samples_split': 2, 'n_estimators': 500}",-9.921936546134404,-10.164776472336882,-10.408665525224478,-10.060792305728516,-9.901924710056143,-10.091619111896083,0.18525488321900538,30,-14.165905505917191,-14.688813018272096,-14.99310779754695,-13.945342641522005,-14.101357996443182,-14.378905391940284,0.39589531410588097,82,-0.4053156146179402,-0.37844383893430217,-0.4232628398791541,-0.380235010545345,-0.42224231464737794,-0.4018999237248238,0.0195008224242711,56,0.8297032582215147,-1.3673301748903273,1.3293936594402633,-1.2649199607434745,0.48734390812318307,0.002838138030231874,1.1102047669113697,1,-13.263293365209556,-11.623186048186387,-13.866158422997964,-11.566363040017967,-12.302495815531408,-12.524299338388657,0.9083547644937722,86,10.091619111896083,14.378905391940284,0.4018999237248238,12.524299338388657,0.002838138030231874,n500__poisson__boostrap_true__samples_1.0
34.05086760520935,2.866392737942431,3.6696251392364503,0.4143645070244647,True,poisson,20,1.0,1.0,4,4,500,"{'bootstrap': True, 'criterion': 'poisson', 'max_depth': 20, 'max_features': 1.0, 'max_samples': 1.0, 'min_samples_leaf': 4, 'min_samples_split': 4, 'n_estimators': 500}",-9.921936546134404,-10.164776472336882,-10.40866552522448,-10.060792305728516,-9.901924710056143,-10.091619111896083,0.18525488321900596,30,-14.165905505917191,-14.688813018272095,-14.99310779754695,-13.945342641522005,-14.101357996443182,-14.378905391940284,0.3958953141058807,82,-0.4053156146179402,-0.37844383893430217,-0.4232628398791541,-0.380235010545345,-0.42224231464737794,-0.4018999237248238,0.0195008224242711,56,0.8297032582215138,-1.3673301748903266,1.3293936594402622,-1.2649199607434738,0.4873439081231828,0.002838138030231685,1.1102047669113688,3,-13.263293365209552,-11.623186048186389,-13.866158422997964,-11.566363040017967,-12.302495815531408,-12.524299338388655,0.9083547644937713,85,10.091619111896083,14.378905391940284,0.4018999237248238,12.524299338388655,0.002838138030231685,n500__poisson__boostrap_true__samples_1.0
36.8172670841217,0.1738979230520398,3.4146345138549803,0.1139216928128753,True,poisson,20,1.0,1.0,4,8,500,"{'bootstrap': True, 'criterion': 'poisson', 'max_depth': 20, 'max_features': 1.0, 'max_samples': 1.0, 'min_samples_leaf': 4, 'min_samples_split': 8, 'n_estimators': 500}",-9.921936546134404,-10.164776472336882,-10.40866552522448,-10.060792305728516,-9.901924710056143,-10.091619111896083,0.18525488321900596,30,-14.165905505917191,-14.688813018272095,-14.993107797546951,-13.945342641522007,-14.101357996443182,-14.378905391940284,0.39589531410588086,82,-0.4053156146179402,-0.37844383893430217,-0.4232628398791541,-0.380235010545345,-0.42224231464737794,-0.4018999237248238,0.0195008224242711,56,0.8297032582215141,-1.3673301748903266,1.3293936594402627,-1.2649199607434742,0.48734390812318307,0.002838138030231807,1.1102047669113693,2,-13.263293365209556,-11.623186048186383,-13.86615842299797,-11.566363040017967,-12.302495815531408,-12.524299338388657,0.9083547644937745,86,10.091619111896083,14.378905391940284,0.4018999237248238,12.524299338388657,0.002838138030231807,n500__poisson__boostrap_true__samples_1.0
45.9779269695282,1.2168386866589387,4.357196617126465,0.2614865625971737,True,poisson,22,0.875,1.0,1,2,500,"{'bootstrap': True, 'criterion': 'poisson', 'max_depth': 22, 'max_features': 0.875, 'max_samples': 1.0, 'min_samples_leaf': 1, 'min_samples_split': 2, 'n_estimators': 500}",-9.944749299945606,-10.185541879368959,-10.409116108740395,-10.222084894536572,-9.960100118351656,-10.144318460188638,0.17414306214599765,77,-14.11099365747928,-14.59008230101069,-14.890388573262442,-14.055238184894984,-14.080295464224163,-14.345399636174312,0.33654200351865643,40,-0.40471156750226517,-0.37541628822282774,-0.4214501510574018,-0.3793311238324797,-0.42374924653405666,-0.40093167542980623,0.020364458209773235,27,0.6337213784410437,-1.5906240212722587,1.1636415895671892,-1.4035538731674946,0.32990003460729794,-0.17338297836484445,1.1148307973227196,82,-13.069147916469477,-11.44718293761831,-13.729687448529788,-11.623790492424133,-12.14161468972895,-12.402284696954132,0.870967975102753,12,10.144318460188638,14.345399636174312,0.40093167542980623,12.402284696954132,-0.17338297836484445,n500__poisson__boostrap_true__samples_1.0
41.60768074989319,1.241196048783376,3.6902294158935547,0.09943399628577965,True,poisson,22,0.875,1.0,1,4,500,"{'bootstrap': True, 'criterion': 'poisson', 'max_depth': 22, 'max_features': 0.875, 'max_samples': 1.0, 'min_samples_leaf': 1, 'min_samples_split': 4, 'n_estimators': 500}",-9.929512580791457,-10.177212547102613,-10.427958695892315,-10.184042740043996,-9.993042979822533,-10.142353908730582,0.17442382987734426,75,-14.1097402234793,-14.596509456155175,-14.9328775452176,-14.010742086446612,-14.112246657818226,-14.35242319382338,0.3549172098369608,50,-0.399879190576865,-0.37693006357856496,-0.4187311178247734,-0.3796324194034348,-0.4246534056660639,-0.3999652394099404,0.019522879117442195,11,0.6377047298280574,-1.5886256725104908,1.166783154685419,-1.4487421407724563,0.3257011533753157,-0.181435755078831,1.125355245735051,85,-13.213012279252723,-11.392812227621597,-13.845092180884667,-11.504945511500889,-12.149607180252117,-12.4210938759024,0.9618005957431146,23,10.142353908730582,14.35242319382338,0.3999652394099404,12.4210938759024,-0.181435755078831,n500__poisson__boostrap_true__samples_1.0
36.10705051422119,0.40914524917119127,4.067964887619018,0.20330033368493117,True,poisson,22,0.875,1.0,1,8,500,"{'bootstrap': True, 'criterion': 'poisson', 'max_depth': 22, 'max_features': 0.875, 'max_samples': 1.0, 'min_samples_leaf': 1, 'min_samples_split': 8, 'n_estimators': 500}",-10.010531460340617,-10.192599604432985,-10.461355872130824,-10.219901300847065,-10.0025142149606,-10.177380490542417,0.16798718480883956,94,-14.181972196350525,-14.55163476416759,-14.969857515617091,-14.038599039130697,-14.11282317850404,-14.370977338753988,0.3476021921583442,68,-0.4028994261552401,-0.37844383893430217,-0.41963746223564957,-0.3793311238324797,-0.4273658830620856,-0.40153554684395143,0.0201147167627225,49,0.6097309468439365,-1.6164445735929378,1.1314900523300395,-1.4497771286296959,0.3083752895562781,-0.2033250826984759,1.1184970470407214,94,-13.179793414613213,-11.330816026745868,-13.812930169174033,-11.559984959328611,-12.063304434410083,-12.38936580085436,0.9556178674119179,10,10.177380490542417,14.370977338753988,0.40153554684395143,12.38936580085436,-0.2033250826984759,n500__poisson__boostrap_true__samples_1.0
37.3908408164978,0.44870271168362,4.057295656204223,0.2466282617297536,True,poisson,22,0.875,1.0,2,2,500,"{'bootstrap': True, 'criterion': 'poisson', 'max_depth': 22, 'max_features': 0.875, 'max_samples': 1.0, 'min_samples_leaf': 2, 'min_samples_split': 2, 'n_estimators': 500}",-9.908308256178252,-10.154554185719235,-10.410920081347198,-10.119093459862237,-9.936071970971016,-10.105789590815586,0.18081069819877282,50,-14.124075639147042,-14.553881701406256,-14.947485479509801,-13.952630125395824,-14.082426455411573,-14.332099880174102,0.3681018366642115,15,-0.40682573240712777,-0.3766273085074175,-0.4187311178247734,-0.38234407954203076,-0.4279686558167571,-0.40249937881962133,0.02003232821446971,69,0.7689842992788916,-1.4684123273163256,1.2901860254022601,-1.283059021062379,0.4584043030011228,-0.046779344139286014,1.118712207589089,50,-13.122685839316482,-11.53148173565306,-13.972100004812663,-11.555082073434491,-12.143969111633647,-12.46506375297007,0.9493543997540053,46,10.105789590815586,14.332099880174102,0.40249937881962133,12.46506375297007,-0.046779344139286014,n500__poisson__boostrap_true__samples_1.0
37.04761939048767,0.7313618177169416,3.9538384914398192,0.4292118869179547,True,poisson,22,0.875,1.0,2,4,500,"{'bootstrap': True, 'criterion': 'poisson', 'max_depth': 22, 'max_features': 0.875, 'max_samples': 1.0, 'min_samples_leaf': 2, 'min_samples_split': 4, 'n_estimators': 500}",-9.908308256178252,-10.154554185719235,-10.410920081347195,-10.11909345986224,-9.936071970971016,-10.105789590815586,0.18081069819877169,50,-14.124075639147042,-14.553881701406256,-14.947485479509801,-13.952630125395824,-14.082426455411573,-14.332099880174102,0.3681018366642115,15,-0.40682573240712777,-0.3766273085074175,-0.4187311178247734,-0.38234407954203076,-0.4279686558167571,-0.40249937881962133,0.02003232821446971,69,0.7689842992788911,-1.4684123273163252,1.2901860254022595,-1.283059021062379,0.4584043030011236,-0.046779344139285986,1.1187122075890885,49,-13.122685839316482,-11.53148173565306,-13.972100004812663,-11.555082073434493,-12.143969111633647,-12.46506375297007,0.949354399754005,46,10.105789590815586,14.332099880174102,0.40249937881962133,12.46506375297007,-0.046779344139285986,n500__poisson__boostrap_true__samples_1.0
32.81694316864014,0.37744674425695673,4.08253026008606,0.09985416281228064,True,poisson,22,0.875,1.0,2,8,500,"{'bootstrap': True, 'criterion': 'poisson', 'max_depth': 22, 'max_features': 0.875, 'max_samples': 1.0, 'min_samples_leaf': 2, 'min_samples_split': 8, 'n_estimators': 500}",-9.938681008179673,-10.209193087690332,-10.402329077671967,-10.176043002393909,-9.95653825410519,-10.136556886008215,0.17264506937786353,67,-14.138519071290913,-14.635963968511607,-14.920998151443191,-14.004001279190895,-14.10695962819769,-14.361288419726858,0.35515772791079764,63,-0.40561763817577773,-0.37693006357856496,-0.42205438066465256,-0.3793311238324797,-0.4267631103074141,-0.40213926331177785,0.020836313538790504,62,0.7313383182420303,-1.5739507516654816,1.2492251538940533,-1.3359119343643298,0.43818876045225225,-0.0982220906882951,1.140278245007495,70,-13.152804910566738,-11.454700978269111,-13.803380281490165,-11.652261721521116,-12.178567879343783,-12.448343154238183,0.8973562394820217,33,10.136556886008215,14.361288419726858,0.40213926331177785,12.448343154238183,-0.0982220906882951,n500__poisson__boostrap_true__samples_1.0
32.972043132781984,0.5876386528519196,4.018647003173828,0.26978702065837057,True,poisson,22,0.875,1.0,3,2,500,"{'bootstrap': True, 'criterion': 'poisson', 'max_depth': 22, 'max_features': 0.875, 'max_samples': 1.0, 'min_samples_leaf': 3, 'min_samples_split': 2, 'n_estimators': 500}",-9.92907019896055,-10.128459705900669,-10.432259934404714,-10.111972357313556,-9.951720277954681,-10.110696494906833,0.17998986307399858,58,-14.146470333694044,-14.508659862508862,-14.974576671675546,-13.96879735403183,-14.101171052057667,-14.33993505479359,0.36425762390276195,32,-0.4080338266384778,-0.37693006357856496,-0.4205438066465257,-0.3817414884001205,-0.4273658830620856,-0.40292301366515487,0.020289687457687812,78,0.7995124191635612,-1.5282610814823676,1.3073801326809054,-1.290761961538644,0.47529332880449826,-0.047367432474409374,1.145844376376149,52,-13.146682845525142,-11.408215283716324,-13.957689878611134,-11.55390580251655,-12.199164720460844,-12.453131706166,0.9705323552262614,36,10.110696494906833,14.33993505479359,0.40292301366515487,12.453131706166,-0.047367432474409374,n500__poisson__boostrap_true__samples_1.0
33.018594074249265,0.4022134316515162,3.919468402862549,0.148264837037196,True,poisson,22,0.875,1.0,3,4,500,"{'bootstrap': True, 'criterion': 'poisson', 'max_depth': 22, 'max_features': 0.875, 'max_samples': 1.0, 'min_samples_leaf': 3, 'min_samples_split': 4, 'n_estimators': 500}",-9.92907019896055,-10.128459705900667,-10.432259934404714,-10.111972357313556,-9.95172027795468,-10.110696494906833,0.17998986307399886,58,-14.146470333694044,-14.508659862508864,-14.974576671675546,-13.96879735403183,-14.101171052057667,-14.33993505479359,0.3642576239027621,32,-0.4080338266384778,-0.37693006357856496,-0.4205438066465257,-0.3817414884001205,-0.4273658830620856,-0.40292301366515487,0.020289687457687812,78,0.7995124191635614,-1.5282610814823685,1.3073801326809058,-1.2907619615386432,0.4752933288044991,-0.047367432474409076,1.1458443763761492,51,-13.146682845525142,-11.408215283716324,-13.957689878611134,-11.55390580251655,-12.199164720460844,-12.453131706166,0.9705323552262614,36,10.110696494906833,14.33993505479359,0.40292301366515487,12.453131706166,-0.047367432474409076,n500__poisson__boostrap_true__samples_1.0
30.80724153518677,0.6354414988135082,4.10072808265686,0.5425834992970037,True,poisson,22,0.875,1.0,3,8,500,"{'bootstrap': True, 'criterion': 'poisson', 'max_depth': 22, 'max_features': 0.875, 'max_samples': 1.0, 'min_samples_leaf': 3, 'min_samples_split': 8, 'n_estimators': 500}",-9.9740359098939,-10.186493947445818,-10.438771298748195,-10.144966316267826,-9.94835154610203,-10.138523803691553,0.176472634541774,69,-14.19128733354036,-14.598301147182953,-14.985191154444033,-13.981012795736355,-14.093134709006314,-14.369785427982004,0.37161404486280103,67,-0.4077318030806403,-0.38086587950348166,-0.42114803625377645,-0.3793311238324797,-0.4267631103074141,-0.40316799059555847,0.019831391664386515,85,0.8313181071050797,-1.5177748807301987,1.30214857061022,-1.3193742767973653,0.5109092159012071,-0.03855465278221144,1.1562582485439967,44,-13.250565611216159,-11.38027785268748,-13.939183919503716,-11.633097688245615,-12.254176274126674,-12.491460269155928,0.9695319556769051,64,10.138523803691553,14.369785427982004,0.40316799059555847,12.491460269155928,-0.03855465278221144,n500__poisson__boostrap_true__samples_1.0
30.346601009368896,0.3072107361441941,3.683085632324219,0.16627247840198303,True,poisson,22,0.875,1.0,4,2,500,"{'bootstrap': True, 'criterion': 'poisson', 'max_depth': 22, 'max_features': 0.875, 'max_samples': 1.0, 'min_samples_leaf': 4, 'min_samples_split': 2, 'n_estimators': 500}",-9.986457999936391,-10.198022932683857,-10.455948878922145,-10.154349407395788,-9.95738704021865,-10.150433251831364,0.17875941119099745,81,-14.23100546611959,-14.575608859318514,-15.009397551135077,-14.017979273068125,-14.1228994606799,-14.391378122064243,0.36141827847616903,88,-0.40410752038659015,-0.3796548592188919,-0.4229607250755287,-0.3814401928291654,-0.42706449668474983,-0.40304555883898524,0.019942756343756324,82,0.8234906951427853,-1.5108644350242582,1.3310697046235591,-1.2638577958272401,0.5116795080245307,-0.021696464612124645,1.1479889885096248,28,-13.37508973445708,-11.440863045362699,-13.93393982554867,-11.653847416586101,-12.25700875337716,-12.532149755066342,0.9709363997630633,89,10.150433251831364,14.391378122064243,0.40304555883898524,12.532149755066342,-0.021696464612124645,n500__poisson__boostrap_true__samples_1.0
29.83246068954468,0.18932982246022315,3.8503623962402345,0.10248833869484868,True,poisson,22,0.875,1.0,4,4,500,"{'bootstrap': True, 'criterion': 'poisson', 'max_depth': 22, 'max_features': 0.875, 'max_samples': 1.0, 'min_samples_leaf': 4, 'min_samples_split': 4, 'n_estimators': 500}",-9.986457999936391,-10.198022932683855,-10.455948878922145,-10.154349407395788,-9.95738704021865,-10.150433251831364,0.17875941119099734,81,-14.23100546611959,-14.575608859318514,-15.009397551135077,-14.017979273068125,-14.1228994606799,-14.391378122064243,0.36141827847616903,88,-0.40410752038659015,-0.3796548592188919,-0.4229607250755287,-0.3814401928291654,-0.42706449668474983,-0.40304555883898524,0.019942756343756324,82,0.8234906951427853,-1.5108644350242582,1.331069704623558,-1.26385779582724,0.5116795080245307,-0.02169646461212482,1.1479889885096244,29,-13.37508973445708,-11.440863045362699,-13.93393982554867,-11.653847416586103,-12.257008753377162,-12.532149755066342,0.9709363997630629,89,10.150433251831364,14.391378122064243,0.40304555883898524,12.532149755066342,-0.02169646461212482,n500__poisson__boostrap_true__samples_1.0
29.856841850280762,0.44462411945176344,4.962955617904663,0.8390489825695974,True,poisson,22,0.875,1.0,4,8,500,"{'bootstrap': True, 'criterion': 'poisson', 'max_depth': 22, 'max_features': 0.875, 'max_samples': 1.0, 'min_samples_leaf': 4, 'min_samples_split': 8, 'n_estimators': 500}",-9.986457999936391,-10.198022932683855,-10.455948878922145,-10.154349407395788,-9.95738704021865,-10.150433251831364,0.17875941119099734,81,-14.23100546611959,-14.575608859318514,-15.009397551135077,-14.017979273068125,-14.1228994606799,-14.391378122064243,0.36141827847616903,88,-0.40410752038659015,-0.3796548592188919,-0.4229607250755287,-0.3814401928291654,-0.42706449668474983,-0.40304555883898524,0.019942756343756324,82,0.8234906951427853,-1.5108644350242582,1.331069704623558,-1.2638577958272401,0.5116795080245303,-0.021696464612124933,1.1479889885096244,30,-13.37508973445708,-11.440863045362699,-13.93393982554867,-11.653847416586103,-12.25700875337716,-12.532149755066342,0.970936399763063,89,10.150433251831364,14.391378122064243,0.40304555883898524,12.532149755066342,-0.021696464612124933,n500__poisson__boostrap_true__samples_1.0
53.69345211982727,0.21541199299186775,4.2923742771148685,0.611215306524004,True,poisson,22,1.0,1.0,1,2,500,"{'bootstrap': True, 'criterion': 'poisson', 'max_depth': 22, 'max_features': 1.0, 'max_samples': 1.0, 'min_samples_leaf': 1, 'min_samples_split': 2, 'n_estimators': 500}",-9.90264583144911,-10.10694289608605,-10.387239950255443,-10.133809969492212,-9.979026087152436,-10.10193294688705,0.16568812925589926,48,-14.098505006785517,-14.62316680884146,-14.90995037760214,-13.991462094566648,-14.169564860889656,-14.358529829737085,0.34990191240487534,58,-0.4019933554817276,-0.37541628822282774,-0.4217522658610272,-0.3814401928291654,-0.4204339963833635,-0.4002072197556223,0.01920048630210545,16,0.6338672036316795,-1.4972578603800573,1.1683136847799256,-1.3124907482095112,0.3523277152245885,-0.13104800099067498,1.074190345198321,76,-13.105332328757509,-11.466850674571326,-13.699456494257547,-11.563174761231156,-12.286534737020418,-12.42426979916759,0.8679924272010644,24,10.10193294688705,14.358529829737085,0.4002072197556223,12.42426979916759,-0.13104800099067498,n500__poisson__boostrap_true__samples_1.0
49.58321318626404,0.3020461275747047,2.338614511489868,0.10179022192452752,True,poisson,22,1.0,1.0,1,4,500,"{'bootstrap': True, 'criterion': 'poisson', 'max_depth': 22, 'max_features': 1.0, 'max_samples': 1.0, 'min_samples_leaf': 1, 'min_samples_split': 4, 'n_estimators': 500}",-9.917590215877592,-10.121836089729602,-10.399481952027449,-10.118099086718154,-9.933618364102552,-10.09812514169107,0.17403013186456145,46,-14.088276626761912,-14.64511641745096,-14.924588195312833,-14.015548314912193,-14.092334167810703,-14.353172744449722,0.36440189278878093,51,-0.40169133192389006,-0.3760217983651226,-0.41842900302114805,-0.37842723711961435,-0.42103676913803495,-0.399121227913562,0.019086704596833377,1,0.6191499000454308,-1.477746360785781,1.1526556286876295,-1.3927908752886926,0.2788776240601136,-0.16397081665625995,1.0750723614530713,80,-13.115468617977866,-11.494133806240516,-13.804178841937512,-11.5283829433656,-12.127795880001333,-12.413992017904565,0.9096196587571622,18,10.09812514169107,14.353172744449722,0.399121227913562,12.413992017904565,-0.16397081665625995,n500__poisson__boostrap_true__samples_1.0
40.476289653778075,3.980118236046589,4.463495588302612,1.1786911626726837,True,poisson,22,1.0,1.0,1,8,500,"{'bootstrap': True, 'criterion': 'poisson', 'max_depth': 22, 'max_features': 1.0, 'max_samples': 1.0, 'min_samples_leaf': 1, 'min_samples_split': 8, 'n_estimators': 500}",-9.938691764534063,-10.117101198832747,-10.421680525180518,-10.138785553216795,-9.93763569034438,-10.1107789464217,0.17724374057750805,60,-14.120601310852468,-14.604897995398913,-14.942720605692864,-13.986445992435847,-14.079983245348162,-14.346929829945651,0.3671370037306946,43,-0.40380549682875266,-0.37481077808053287,-0.4178247734138973,-0.37782464597770415,-0.4228450874020494,-0.39942215634058725,0.01989309469251278,5,0.600834157240461,-1.5509215485229684,1.1204882860162468,-1.4094545666864233,0.28460341049667714,-0.19089005229120135,1.086942459358381,88,-13.050250683244371,-11.427339008470597,-13.81221213487393,-11.55209311973457,-12.087451652384397,-12.385869319741573,0.9142070483171505,7,10.1107789464217,14.346929829945651,0.39942215634058725,12.385869319741573,-0.19089005229120135,n500__poisson__boostrap_true__samples_1.0
42.03019771575928,1.2747306806146452,4.258594608306884,0.6056299470562878,True,poisson,22,1.0,1.0,2,2,500,"{'bootstrap': True, 'criterion': 'poisson', 'max_depth': 22, 'max_features': 1.0, 'max_samples': 1.0, 'min_samples_leaf': 2, 'min_samples_split': 2, 'n_estimators': 500}",-9.839489809838458,-10.05626442642097,-10.344097340582763,-10.059743085762772,-9.906764849906207,-10.041271902502235,0.17382598565864998,4,-14.088767352149555,-14.571423579199898,-14.876869948452116,-13.93399165746039,-14.095463469737666,-14.313303201399924,0.353830849834678,4,-0.4025974025974026,-0.37783832879200724,-0.4190332326283988,-0.38053630611630007,-0.42013261000602775,-0.4000275760280273,0.018134517795284726,13,0.7659455074956883,-1.4090524527488393,1.2519092348485215,-1.2776335323532888,0.42137293426550165,-0.049491661698483326,1.0896819294808953,56,-13.171266442495636,-11.443005268044491,-13.836619237446849,-11.53912177662948,-12.291521222339211,-12.456306789391133,0.9286110449194009,41,10.041271902502235,14.313303201399924,0.4000275760280273,12.456306789391133,-0.049491661698483326,n500__poisson__boostrap_true__samples_1.0
44.168165397644046,0.41698580554651876,2.7054193019866943,0.1842858077980087,True,poisson,22,1.0,1.0,2,4,500,"{'bootstrap': True, 'criterion': 'poisson', 'max_depth': 22, 'max_features': 1.0, 'max_samples': 1.0, 'min_samples_leaf': 2, 'min_samples_split': 4, 'n_estimators': 500}",-9.83948980983846,-10.05626442642097,-10.344097340582765,-10.059743085762772,-9.906764849906203,-10.041271902502233,0.17382598565865076,3,-14.088767352149553,-14.571423579199898,-14.876869948452116,-13.93399165746039,-14.095463469737666,-14.313303201399924,0.3538308498346783,4,-0.4025974025974026,-0.37783832879200724,-0.4190332326283988,-0.38053630611630007,-0.42013261000602775,-0.4000275760280273,0.018134517795284726,13,0.7659455074956879,-1.4090524527488388,1.2519092348485223,-1.2776335323532888,0.4213729342655011,-0.04949166169848326,1.0896819294808953,55,-13.171266442495632,-11.443005268044491,-13.836619237446849,-11.53912177662948,-12.291521222339211,-12.456306789391132,0.9286110449194005,40,10.041271902502233,14.313303201399924,0.4000275760280273,12.456306789391132,-0.04949166169848326,n500__poisson__boostrap_true__samples_1.0
38.56513409614563,3.450436267219429,3.7450555324554444,0.661482654914791,True,poisson,22,1.0,1.0,2,8,500,"{'bootstrap': True, 'criterion': 'poisson', 'max_depth': 22, 'max_features': 1.0, 'max_samples': 1.0, 'min_samples_leaf': 2, 'min_samples_split': 8, 'n_estimators': 500}",-9.871721598105886,-10.113697026099038,-10.405701251674381,-10.090806313479291,-9.908886146673423,-10.078162467206404,0.18972429058145857,23,-14.081536948566502,-14.612866637864604,-14.962340239965338,-13.980711918791977,-14.106878310866586,-14.348866811211002,0.37725515790596253,45,-0.4025974025974026,-0.37723281864971236,-0.42084592145015104,-0.38053630611630007,-0.4213381555153707,-0.4005101208657874,0.0189340678772614,21,0.7236179811595876,-1.4787276991180294,1.2476044634672616,-1.287863135611775,0.39878936436261697,-0.0793158051480676,1.1002676871129966,67,-13.158728187152281,-11.445145941821135,-13.845097601263044,-11.566495806548808,-12.232069866100712,-12.449507480577196,0.9258937983141355,34,10.078162467206404,14.348866811211002,0.4005101208657874,12.449507480577196,-0.0793158051480676,n500__poisson__boostrap_true__samples_1.0
34.956014490127565,0.7798158824211678,4.034280014038086,0.38493989222566466,True,poisson,22,1.0,1.0,3,2,500,"{'bootstrap': True, 'criterion': 'poisson', 'max_depth': 22, 'max_features': 1.0, 'max_samples': 1.0, 'min_samples_leaf': 3, 'min_samples_split': 2, 'n_estimators': 500}",-9.8943720617243,-10.090033682867464,-10.373454025956113,-10.055573127418924,-9.92697920069111,-10.068082419731581,0.1696912284935058,17,-14.140477969780173,-14.608620953131048,-14.948888677539133,-13.939457760044524,-14.140500549568532,-14.355589182012682,0.3692507772155159,55,-0.4050135910601027,-0.3781410838631547,-0.4226586102719033,-0.37782464597770415,-0.4252561784207354,-0.4017788219187201,0.020640546343501463,51,0.7647192315226343,-1.3741223360951964,1.2903768752604514,-1.2407144613366743,0.48281554299463136,-0.015385029530830718,1.087141196467326,23,-13.1589303773082,-11.524681816808965,-13.79817022266863,-11.66527747716387,-12.239439744702086,-12.477299927730352,0.8755292796921982,56,10.068082419731581,14.355589182012682,0.4017788219187201,12.477299927730352,-0.015385029530830718,n500__poisson__boostrap_true__samples_1.0
36.36340537071228,0.2818459911824885,2.0727017879486085,0.31804212129965276,True,poisson,22,1.0,1.0,3,4,500,"{'bootstrap': True, 'criterion': 'poisson', 'max_depth': 22, 'max_features': 1.0, 'max_samples': 1.0, 'min_samples_leaf': 3, 'min_samples_split': 4, 'n_estimators': 500}",-9.894372061724301,-10.090033682867464,-10.373454025956113,-10.055573127418924,-9.92697920069111,-10.068082419731581,0.16969122849350543,17,-14.140477969780173,-14.608620953131048,-14.948888677539133,-13.939457760044524,-14.140500549568532,-14.355589182012682,0.3692507772155159,55,-0.4050135910601027,-0.3781410838631547,-0.4226586102719033,-0.37782464597770415,-0.4252561784207354,-0.4017788219187201,0.020640546343501463,51,0.7647192315226344,-1.374122336095197,1.2903768752604512,-1.240714461336674,0.48281554299463086,-0.01538502953083093,1.0871411964673263,24,-13.158930377308206,-11.524681816808965,-13.79817022266863,-11.665277477163873,-12.239439744702086,-12.477299927730352,0.8755292796921987,56,10.068082419731581,14.355589182012682,0.4017788219187201,12.477299927730352,-0.01538502953083093,n500__poisson__boostrap_true__samples_1.0
35.25283622741699,1.3571300490276157,1.8366864681243897,0.32188589675477686,True,poisson,22,1.0,1.0,3,8,500,"{'bootstrap': True, 'criterion': 'poisson', 'max_depth': 22, 'max_features': 1.0, 'max_samples': 1.0, 'min_samples_leaf': 3, 'min_samples_split': 8, 'n_estimators': 500}",-9.88966456132664,-10.10458061992781,-10.356530186682027,-10.080557064395485,-9.90883785553984,-10.06803405757436,0.16845272414756943,16,-14.12678335816927,-14.620102657454742,-14.893958387809818,-13.965663217596395,-14.113711221016459,-14.344043768409335,0.35271563853366034,39,-0.40561763817577773,-0.37329700272479566,-0.42084592145015104,-0.3793311238324797,-0.4258589511754069,-0.40099012747172214,0.021307962826739045,30,0.7580408882946502,-1.4259578518516096,1.262900069638076,-1.281115239155591,0.48116093122004727,-0.04099424037088538,1.1015686840580534,46,-13.125298862135551,-11.624286700306444,-13.804850735254682,-11.598628839543768,-12.198873310144837,-12.470387689477056,0.867095231115439,49,10.06803405757436,14.344043768409335,0.40099012747172214,12.470387689477056,-0.04099424037088538,n500__poisson__boostrap_true__samples_1.0
29.624715852737427,1.0334586645212152,3.3957303524017335,0.5160305917411663,True,poisson,22,1.0,1.0,4,2,500,"{'bootstrap': True, 'criterion': 'poisson', 'max_depth': 22, 'max_features': 1.0, 'max_samples': 1.0, 'min_samples_leaf': 4, 'min_samples_split': 2, 'n_estimators': 500}",-9.931568803612953,-10.151930474256956,-10.381568619958015,-10.083273461597075,-9.909945521601129,-10.091657376205225,0.17111353821687603,33,-14.177121898619479,-14.678283411002536,-14.957727562783049,-13.961394028491569,-14.111118330213383,-14.377129046222004,0.3771972306234748,77,-0.4077318030806403,-0.37693006357856496,-0.4214501510574018,-0.3814401928291654,-0.42254370102471367,-0.40201918231409717,0.019413454807296063,59,0.8233908354165146,-1.384106138401034,1.3208922071732785,-1.257873639967922,0.4708883019249942,-0.005361686770833751,1.1083606490460798,6,-13.18876717215799,-11.63057179973177,-13.883564637205945,-11.568523699836948,-12.28373988104839,-12.51103343799621,0.9009289174219367,77,10.091657376205225,14.377129046222004,0.40201918231409717,12.51103343799621,-0.005361686770833751,n500__poisson__boostrap_true__samples_1.0
30.446751403808594,0.615019304960061,2.3619930267333986,0.5366094921501107,True,poisson,22,1.0,1.0,4,4,500,"{'bootstrap': True, 'criterion': 'poisson', 'max_depth': 22, 'max_features': 1.0, 'max_samples': 1.0, 'min_samples_leaf': 4, 'min_samples_split': 4, 'n_estimators': 500}",-9.931568803612954,-10.151930474256956,-10.381568619958015,-10.083273461597072,-9.909945521601129,-10.091657376205227,0.17111353821687572,34,-14.177121898619479,-14.678283411002536,-14.957727562783049,-13.961394028491569,-14.111118330213383,-14.377129046222004,0.3771972306234748,77,-0.4077318030806403,-0.37693006357856496,-0.4214501510574018,-0.3814401928291654,-0.42254370102471367,-0.40201918231409717,0.019413454807296063,59,0.8233908354165137,-1.384106138401035,1.3208922071732785,-1.257873639967922,0.4708883019249945,-0.005361686770834051,1.1083606490460798,8,-13.188767172157988,-11.63057179973177,-13.883564637205945,-11.568523699836948,-12.28373988104839,-12.511033437996208,0.9009289174219365,76,10.091657376205227,14.377129046222004,0.40201918231409717,12.511033437996208,-0.005361686770834051,n500__poisson__boostrap_true__samples_1.0
31.006306743621828,0.11401489986123502,1.6796393394470215,0.03623740792243336,True,poisson,22,1.0,1.0,4,8,500,"{'bootstrap': True, 'criterion': 'poisson', 'max_depth': 22, 'max_features': 1.0, 'max_samples': 1.0, 'min_samples_leaf': 4, 'min_samples_split': 8, 'n_estimators': 500}",-9.931568803612954,-10.151930474256956,-10.381568619958015,-10.083273461597075,-9.909945521601129,-10.091657376205227,0.1711135382168757,34,-14.177121898619479,-14.678283411002536,-14.957727562783047,-13.961394028491569,-14.111118330213383,-14.377129046222004,0.37719723062347427,77,-0.4077318030806403,-0.37693006357856496,-0.4214501510574018,-0.3814401928291654,-0.42254370102471367,-0.40201918231409717,0.019413454807296063,59,0.8233908354165145,-1.3841061384010354,1.3208922071732787,-1.2578736399679222,0.4708883019249945,-0.005361686770833984,1.10836064904608,7,-13.18876717215799,-11.63057179973177,-13.883564637205945,-11.568523699836948,-12.283739881048389,-12.51103343799621,0.9009289174219368,77,10.091657376205227,14.377129046222004,0.40201918231409717,12.51103343799621,-0.005361686770833984,n500__poisson__boostrap_true__samples_1.0
41.32647266387939,1.0636971011319025,3.8378438472747805,1.0031238664687518,True,poisson,24,0.875,1.0,1,2,500,"{'bootstrap': True, 'criterion': 'poisson', 'max_depth': 24, 'max_features': 0.875, 'max_samples': 1.0, 'min_samples_leaf': 1, 'min_samples_split': 2, 'n_estimators': 500}",-9.951045057086654,-10.150062293850278,-10.438304852881474,-10.1804842573343,-9.983342706696948,-10.140647833569933,0.17376385680389902,73,-14.10543634931322,-14.554176060185585,-14.93558520135509,-14.008021437200213,-14.108845567556225,-14.342412923122065,0.3519165383611187,34,-0.4025974025974026,-0.38056312443233425,-0.4205438066465257,-0.37902982826152454,-0.4228450874020494,-0.4011158498679673,0.018772358083762233,38,0.6262633093531941,-1.5732608485661912,1.1763163372851273,-1.4155691145287006,0.28311104596495956,-0.18062785409832222,1.111029363213344,83,-13.136334584126908,-11.268566099352961,-13.80905033744664,-11.562302606904526,-12.139733981230298,-12.383197521812267,0.9566418192126194,5,10.140647833569933,14.342412923122065,0.4011158498679673,12.383197521812267,-0.18062785409832222,n500__poisson__boostrap_true__samples_1.0
36.613995218276976,0.2697969071817507,2.09932279586792,0.22612506759892417,True,poisson,24,0.875,1.0,1,4,500,"{'bootstrap': True, 'criterion': 'poisson', 'max_depth': 24, 'max_features': 0.875, 'max_samples': 1.0, 'min_samples_leaf': 1, 'min_samples_split': 4, 'n_estimators': 500}",-9.960123517045743,-10.186751236081648,-10.451442294707816,-10.204457816625778,-9.945000051745366,-10.14955498324127,0.18615092347221537,79,-14.128828650150863,-14.564183797801034,-14.93906604671382,-14.032917815132251,-14.048063648446263,-14.342611991648846,0.3558718959509774,36,-0.4059196617336152,-0.3787465940054496,-0.42205438066465256,-0.3793311238324797,-0.4255575647980711,-0.4023218650068536,0.020132469509708224,67,0.5848918968944193,-1.6268798620043738,1.116569960438272,-1.4189690488390616,0.28896925003655016,-0.21108356069483877,1.1054193895579276,95,-12.989042423941921,-11.30026184995093,-13.704409650870994,-11.580237180414658,-12.024189144232436,-12.319628049882187,0.8987576025848875,2,10.14955498324127,14.342611991648846,0.4023218650068536,12.319628049882187,-0.21108356069483877,n500__poisson__boostrap_true__samples_1.0
33.80368299484253,0.1651756761830405,2.80309739112854,0.0678695735725909,True,poisson,24,0.875,1.0,1,8,500,"{'bootstrap': True, 'criterion': 'poisson', 'max_depth': 24, 'max_features': 0.875, 'max_samples': 1.0, 'min_samples_leaf': 1, 'min_samples_split': 8, 'n_estimators': 500}",-9.993740449351655,-10.182983082243192,-10.481908407034188,-10.217708169859181,-10.013373986069709,-10.177942818911585,0.17607678997959259,95,-14.16619878914844,-14.579909602036368,-14.976489761339247,-14.050234252806417,-14.114056329132826,-14.377377746892659,0.35239521709868277,80,-0.40471156750226517,-0.3745080230093854,-0.4199395770392749,-0.380235010545345,-0.4252561784207354,-0.4009300713034012,0.020463776216227525,26,0.61985715047756,-1.606386844120182,1.1317959415024341,-1.4246501353085677,0.29139254126081243,-0.1975982692375886,1.110403158701437,89,-13.112545392923336,-11.450483983233754,-13.827827839444682,-11.562662288697895,-12.115951572531065,-12.413894215366145,0.9196571804730493,17,10.177942818911585,14.377377746892659,0.4009300713034012,12.413894215366145,-0.1975982692375886,n500__poisson__boostrap_true__samples_1.0
31.3035719871521,1.9055203955924462,3.832441473007202,0.8768591831767537,True,poisson,24,0.875,1.0,2,2,500,"{'bootstrap': True, 'criterion': 'poisson', 'max_depth': 24, 'max_features': 0.875, 'max_samples': 1.0, 'min_samples_leaf': 2, 'min_samples_split': 2, 'n_estimators': 500}",-9.922697281203378,-10.149576002916415,-10.381557906947885,-10.14059705310463,-9.953590619960215,-10.109603772826505,0.16479778769426176,56,-14.122333607390765,-14.559562911985562,-14.910757567230084,-13.995388385396506,-14.09231461861951,-14.336071418124485,0.3468079513601048,27,-0.40471156750226517,-0.37904934907659704,-0.4187311178247734,-0.3793311238324797,-0.42374924653405666,-0.4011144809540344,0.01895785974938835,36,0.7494993631591118,-1.4922580811434136,1.2733557688781796,-1.3085657636409553,0.4629450890653267,-0.06300472473635017,1.1239958119865483,60,-13.184941451300077,-11.419776795373892,-13.916942376256953,-11.641585325548029,-12.29091944614038,-12.490833078923867,0.9406298879220355,62,10.109603772826505,14.336071418124485,0.4011144809540344,12.490833078923867,-0.06300472473635017,n500__poisson__boostrap_true__samples_1.0
32.714607048034665,0.17260211006223686,2.100462007522583,0.2020385692611383,True,poisson,24,0.875,1.0,2,4,500,"{'bootstrap': True, 'criterion': 'poisson', 'max_depth': 24, 'max_features': 0.875, 'max_samples': 1.0, 'min_samples_leaf': 2, 'min_samples_split': 4, 'n_estimators': 500}",-9.922697281203378,-10.149576002916415,-10.381557906947885,-10.14059705310463,-9.953590619960215,-10.109603772826505,0.16479778769426176,56,-14.122333607390768,-14.559562911985562,-14.910757567230084,-13.995388385396504,-14.09231461861951,-14.336071418124485,0.3468079513601047,27,-0.40471156750226517,-0.37904934907659704,-0.4187311178247734,-0.3793311238324797,-0.42374924653405666,-0.4011144809540344,0.01895785974938835,36,0.7494993631591124,-1.4922580811434136,1.2733557688781798,-1.3085657636409551,0.46294508906532644,-0.06300472473635002,1.1239958119865483,59,-13.184941451300077,-11.41977679537389,-13.916942376256953,-11.641585325548029,-12.29091944614038,-12.490833078923867,0.9406298879220358,62,10.109603772826505,14.336071418124485,0.4011144809540344,12.490833078923867,-0.06300472473635002,n500__poisson__boostrap_true__samples_1.0
30.94683680534363,0.2512116808997971,2.3030613899230956,0.21834333704733927,True,poisson,24,0.875,1.0,2,8,500,"{'bootstrap': True, 'criterion': 'poisson', 'max_depth': 24, 'max_features': 0.875, 'max_samples': 1.0, 'min_samples_leaf': 2, 'min_samples_split': 8, 'n_estimators': 500}",-9.970420123060393,-10.170902211198392,-10.433124629287095,-10.159332758076042,-9.958016630030437,-10.138359270330472,0.17269196398533557,68,-14.166543088687572,-14.577841276184529,-14.943630782460136,-13.999629769305116,-14.114678342259793,-14.360464651779429,0.35087138036619236,61,-0.40471156750226517,-0.3796548592188919,-0.4187311178247734,-0.37872853269056944,-0.4252561784207354,-0.4014164511314471,0.019325095588764142,45,0.7190597066796744,-1.5482167170137993,1.23508564314271,-1.339918886235247,0.4002558720406617,-0.1067468762772,1.1258837699626656,73,-13.206293923981105,-11.355953025235932,-13.932819625448285,-11.643450533269533,-12.178861857502445,-12.463475793087461,0.968586937105729,45,10.138359270330472,14.360464651779429,0.4014164511314471,12.463475793087461,-0.1067468762772,n500__poisson__boostrap_true__samples_1.0
27.83217625617981,2.6327495853058624,3.2440491676330567,1.1595965134238662,True,poisson,24,0.875,1.0,3,2,500,"{'bootstrap': True, 'criterion': 'poisson', 'max_depth': 24, 'max_features': 0.875, 'max_samples': 1.0, 'min_samples_leaf': 3, 'min_samples_split': 2, 'n_estimators': 500}",-9.939085560895068,-10.120549574517034,-10.413374940183743,-10.111530009036182,-9.949698598305497,-10.106847736587504,0.1714692916170696,52,-14.162436872604344,-14.5306050448285,-14.947083781646546,-13.991386641970346,-14.100653134876222,-14.34643309518519,0.3507195280949878,41,-0.4044095439444277,-0.37753557372085983,-0.41963746223564957,-0.377523350406749,-0.4258589511754069,-0.40099297629661856,0.020389603096220198,31,0.8059972156424738,-1.527417785564232,1.2950548777482611,-1.296826093893316,0.4858262648855695,-0.047473104236248696,1.1459773417469523,53,-13.284902566510755,-11.380559061311589,-13.950648919134247,-11.67438239998371,-12.252325370158514,-12.508563663419764,0.9712077844395671,74,10.106847736587504,14.34643309518519,0.40099297629661856,12.508563663419764,-0.047473104236248696,n500__poisson__boostrap_true__samples_1.0
28.647507858276366,1.2962708399161031,2.4023857593536375,0.8651314402613874,True,poisson,24,0.875,1.0,3,4,500,"{'bootstrap': True, 'criterion': 'poisson', 'max_depth': 24, 'max_features': 0.875, 'max_samples': 1.0, 'min_samples_leaf': 3, 'min_samples_split': 4, 'n_estimators': 500}",-9.93908556089507,-10.120549574517034,-10.413374940183745,-10.111530009036182,-9.949698598305499,-10.106847736587506,0.17146929161706959,53,-14.162436872604344,-14.530605044828501,-14.947083781646546,-13.991386641970344,-14.100653134876222,-14.34643309518519,0.35071952809498835,41,-0.4044095439444277,-0.37753557372085983,-0.41963746223564957,-0.377523350406749,-0.4258589511754069,-0.40099297629661856,0.020389603096220198,31,0.8059972156424733,-1.527417785564232,1.2950548777482611,-1.2968260938933163,0.48582626488556924,-0.04747310423624891,1.1459773417469523,54,-13.284902566510755,-11.380559061311589,-13.950648919134247,-11.67438239998371,-12.252325370158514,-12.508563663419764,0.9712077844395671,74,10.106847736587506,14.34643309518519,0.40099297629661856,12.508563663419764,-0.04747310423624891,n500__poisson__boostrap_true__samples_1.0
28.958954191207887,0.09715693548128967,1.870804500579834,0.0614767886470643,True,poisson,24,0.875,1.0,3,8,500,"{'bootstrap': True, 'criterion': 'poisson', 'max_depth': 24, 'max_features': 0.875, 'max_samples': 1.0, 'min_samples_leaf': 3, 'min_samples_split': 8, 'n_estimators': 500}",-9.983559347242831,-10.171089721667933,-10.457108312911817,-10.134215711678365,-9.960082939139635,-10.141211206528117,0.17798550638746333,74,-14.210351945412135,-14.580427542217622,-14.989755496333748,-13.976501575094058,-14.130270995597057,-14.377461510930925,0.3649374637720691,81,-0.4050135910601027,-0.3760217983651226,-0.4214501510574018,-0.3808376016872552,-0.42616033755274263,-0.40189669594452504,0.020463492965698528,55,0.7900002999704135,-1.51583068467234,1.3163067606618712,-1.3125223482101842,0.5184051391564471,-0.04072816661875844,1.1521867480392292,45,-13.300244590575337,-11.508985748468778,-13.967743331013944,-11.581962133445765,-12.294067695822632,-12.53060069986529,0.9651207967284726,88,10.141211206528117,14.377461510930925,0.40189669594452504,12.53060069986529,-0.04072816661875844,n500__poisson__boostrap_true__samples_1.0
26.353199625015257,2.6528748983357042,2.9105231761932373,1.3162087628546486,True,poisson,24,0.875,1.0,4,2,500,"{'bootstrap': True, 'criterion': 'poisson', 'max_depth': 24, 'max_features': 0.875, 'max_samples': 1.0, 'min_samples_leaf': 4, 'min_samples_split': 2, 'n_estimators': 500}",-9.978480255313546,-10.202549326959748,-10.454098242124022,-10.155245605741252,-9.962859038832812,-10.150646493794275,0.17871953524961434,84,-14.21357587476167,-14.59250688931502,-15.00057918681626,-14.007855324273315,-14.12937529579204,-14.388778514191662,0.36301343915926915,85,-0.40682573240712777,-0.38086587950348166,-0.42235649546827797,-0.3808376016872552,-0.4294755877034358,-0.4040722593539157,0.020325399764942294,91,0.8463897242173238,-1.492990587433072,1.337983037534916,-1.2665975384810924,0.5313666978983389,-0.008769733252717127,1.150811054793159,18,-13.30406254722595,-11.433892097240308,-13.95986732320139,-11.66986666741949,-12.217488068236475,-12.517035340664723,0.9676568161100825,82,10.150646493794275,14.388778514191662,0.4040722593539157,12.517035340664723,-0.008769733252717127,n500__poisson__boostrap_true__samples_1.0
25.790813064575197,2.2816822891618393,3.3770214080810548,0.5887412915153406,True,poisson,24,0.875,1.0,4,4,500,"{'bootstrap': True, 'criterion': 'poisson', 'max_depth': 24, 'max_features': 0.875, 'max_samples': 1.0, 'min_samples_leaf': 4, 'min_samples_split': 4, 'n_estimators': 500}",-9.978480255313546,-10.20254932695975,-10.454098242124022,-10.155245605741252,-9.962859038832812,-10.150646493794277,0.17871953524961443,86,-14.213575874761672,-14.59250688931502,-15.00057918681626,-14.007855324273315,-14.12937529579204,-14.388778514191662,0.363013439159269,85,-0.40682573240712777,-0.38086587950348166,-0.42235649546827797,-0.3808376016872552,-0.4294755877034358,-0.4040722593539157,0.020325399764942294,91,0.8463897242173231,-1.4929905874330716,1.3379830375349158,-1.2665975384810928,0.5313666978983397,-0.008769733252717172,1.1508110547931587,19,-13.30406254722595,-11.433892097240307,-13.95986732320139,-11.66986666741949,-12.217488068236477,-12.517035340664723,0.9676568161100828,82,10.150646493794277,14.388778514191662,0.4040722593539157,12.517035340664723,-0.008769733252717172,n500__poisson__boostrap_true__samples_1.0
27.752046871185303,0.06839501228574327,2.888485383987427,0.07511770404410725,True,poisson,24,0.875,1.0,4,8,500,"{'bootstrap': True, 'criterion': 'poisson', 'max_depth': 24, 'max_features': 0.875, 'max_samples': 1.0, 'min_samples_leaf': 4, 'min_samples_split': 8, 'n_estimators': 500}",-9.978480255313546,-10.202549326959748,-10.454098242124022,-10.155245605741252,-9.962859038832812,-10.150646493794275,0.17871953524961434,84,-14.21357587476167,-14.59250688931502,-15.00057918681626,-14.007855324273315,-14.129375295792041,-14.388778514191662,0.36301343915926887,85,-0.40682573240712777,-0.38086587950348166,-0.42235649546827797,-0.3808376016872552,-0.4294755877034358,-0.4040722593539157,0.020325399764942294,91,0.8463897242173233,-1.492990587433073,1.3379830375349155,-1.2665975384810924,0.5313666978983397,-0.008769733252717349,1.150811054793159,20,-13.30406254722595,-11.433892097240308,-13.95986732320139,-11.66986666741949,-12.217488068236477,-12.517035340664723,0.9676568161100825,82,10.150646493794275,14.388778514191662,0.4040722593539157,12.517035340664723,-0.008769733252717349,n500__poisson__boostrap_true__samples_1.0
46.98320274353027,0.2545256435859795,3.84890398979187,0.08947366388989154,True,poisson,24,1.0,1.0,1,2,500,"{'bootstrap': True, 'criterion': 'poisson', 'max_depth': 24, 'max_features': 1.0, 'max_samples': 1.0, 'min_samples_leaf': 1, 'min_samples_split': 2, 'n_estimators': 500}",-9.910006990606592,-10.129193421992001,-10.373128483163342,-10.146936278175662,-9.932497811283314,-10.098352597044181,0.1684014225429488,47,-14.077274407826506,-14.626103079439977,-14.869592924297299,-14.004592857398288,-14.101087959917084,-14.33573024577583,0.34665087177529713,26,-0.40320144971307764,-0.3763245534362701,-0.41963746223564957,-0.3796324194034348,-0.41742013261000604,-0.3992432034796876,0.018285741045721664,3,0.6355390490166575,-1.5101009751331347,1.1315769237815219,-1.3530691622041113,0.2658654459118964,-0.16603774372543406,1.0703662087050765,81,-13.07726701767512,-11.451674316964938,-13.707910330089092,-11.582081332503797,-12.21594559110964,-12.40697571766852,0.8684774395197624,14,10.098352597044181,14.33573024577583,0.3992432034796876,12.40697571766852,-0.16603774372543406,n500__poisson__boostrap_true__samples_1.0
41.100509595870975,0.87060265372668,3.1940307140350344,0.2570531481806127,True,poisson,24,1.0,1.0,1,4,500,"{'bootstrap': True, 'criterion': 'poisson', 'max_depth': 24, 'max_features': 1.0, 'max_samples': 1.0, 'min_samples_leaf': 1, 'min_samples_split': 4, 'n_estimators': 500}",-9.874472152394283,-10.118990294412612,-10.385070237924955,-10.140999653482176,-9.961242761463797,-10.096155019935566,0.175128013379646,41,-14.028960498879107,-14.60215747181303,-14.878360834756469,-14.005754900321556,-14.135719652855125,-14.330190671725058,0.3487903760046346,12,-0.4050135910601027,-0.37935210414774445,-0.42114803625377645,-0.3793311238324797,-0.42163954189270647,-0.4012968794373619,0.018898538937250162,42,0.5768702033092996,-1.4999312010051327,1.1352561206700749,-1.396664435603152,0.23716223734031538,-0.18946141505771893,1.0675971742426305,87,-12.902458814218699,-11.360236307072988,-13.67728846734202,-11.525992290762705,-12.093748315236615,-12.311944838926605,0.8699368068070846,1,10.096155019935566,14.330190671725058,0.4012968794373619,12.311944838926605,-0.18946141505771893,n500__poisson__boostrap_true__samples_1.0
35.63115301132202,0.32275192457107843,3.714785861968994,0.22377202744832203,True,poisson,24,1.0,1.0,1,8,500,"{'bootstrap': True, 'criterion': 'poisson', 'max_depth': 24, 'max_features': 1.0, 'max_samples': 1.0, 'min_samples_leaf': 1, 'min_samples_split': 8, 'n_estimators': 500}",-9.938441548146946,-10.115290386122398,-10.412790998712913,-10.14830307024965,-9.958139062760376,-10.114593013198457,0.1706259476678413,64,-14.089658138089792,-14.60018562522082,-14.935556202942776,-13.994350063728278,-14.093228092630415,-14.342595624522417,0.3647989486382867,35,-0.40078526125037756,-0.37541628822282774,-0.42084592145015104,-0.37481169026815303,-0.4246534056660639,-0.3993025133715147,0.021351050939842187,4,0.5754014502477239,-1.5387167726963646,1.1492549017793565,-1.4479167270542121,0.27368953011585573,-0.19765752352152816,1.095038747181421,91,-13.116553944116333,-11.422751066591204,-13.73667334193446,-11.6063433573415,-12.047270145906081,-12.385918371177917,0.8953746043717354,8,10.114593013198457,14.342595624522417,0.3993025133715147,12.385918371177917,-0.19765752352152816,n500__poisson__boostrap_true__samples_1.0
36.50655450820923,0.4602321339104704,3.6545743465423586,0.2752704992832162,True,poisson,24,1.0,1.0,2,2,500,"{'bootstrap': True, 'criterion': 'poisson', 'max_depth': 24, 'max_features': 1.0, 'max_samples': 1.0, 'min_samples_leaf': 2, 'min_samples_split': 2, 'n_estimators': 500}",-9.852523040015901,-10.093196045672634,-10.36287835238695,-10.065349238821165,-9.915901395878043,-10.057969614554938,0.17700642500076721,11,-14.057749956280901,-14.601357000757615,-14.909381686572786,-13.936096744354218,-14.109516289503732,-14.32282033549385,0.37066236668741787,8,-0.40320144971307764,-0.3781410838631547,-0.42205438066465256,-0.37842723711961435,-0.4228450874020494,-0.40093384775250973,0.019785747193475842,28,0.770054734779308,-1.40338840823731,1.2422446131809146,-1.2830848360033658,0.4235209495123065,-0.05013058935362934,1.0880042563354944,58,-13.172792139455785,-11.49016598336624,-13.748374021485196,-11.603636764710304,-12.226016871705337,-12.448197156144573,0.8827194155103737,31,10.057969614554938,14.32282033549385,0.40093384775250973,12.448197156144573,-0.05013058935362934,n500__poisson__boostrap_true__samples_1.0
36.51564383506775,0.45752325491973206,3.376152229309082,0.2849230429498717,True,poisson,24,1.0,1.0,2,4,500,"{'bootstrap': True, 'criterion': 'poisson', 'max_depth': 24, 'max_features': 1.0, 'max_samples': 1.0, 'min_samples_leaf': 2, 'min_samples_split': 4, 'n_estimators': 500}",-9.8525230400159,-10.09319604567263,-10.36287835238695,-10.065349238821165,-9.915901395878043,-10.057969614554938,0.17700642500076746,11,-14.057749956280901,-14.601357000757615,-14.909381686572786,-13.936096744354218,-14.109516289503734,-14.32282033549385,0.37066236668741764,8,-0.40320144971307764,-0.3781410838631547,-0.42205438066465256,-0.37842723711961435,-0.4228450874020494,-0.40093384775250973,0.019785747193475842,28,0.7700547347793081,-1.4033884082373111,1.2422446131809148,-1.2830848360033649,0.4235209495123068,-0.05013058935362926,1.0880042563354946,57,-13.172792139455785,-11.49016598336624,-13.748374021485196,-11.603636764710304,-12.226016871705339,-12.448197156144573,0.8827194155103736,31,10.057969614554938,14.32282033549385,0.40093384775250973,12.448197156144573,-0.05013058935362926,n500__poisson__boostrap_true__samples_1.0
32.566092777252194,0.3139189271317454,3.496658992767334,0.17660580647329496,True,poisson,24,1.0,1.0,2,8,500,"{'bootstrap': True, 'criterion': 'poisson', 'max_depth': 24, 'max_features': 1.0, 'max_samples': 1.0, 'min_samples_leaf': 2, 'min_samples_split': 8, 'n_estimators': 500}",-9.897188021784416,-10.126600423937363,-10.378703242471188,-10.094258900154445,-9.923135317545439,-10.08397718117857,0.17294288128604032,25,-14.110866040143387,-14.654753607322446,-14.92570350358846,-13.962735195124107,-14.12143049412784,-14.355097768061247,0.3697519297829158,54,-0.4050135910601027,-0.37571904329397515,-0.4199395770392749,-0.3820427839710756,-0.4234478601567209,-0.40123257110422983,0.019375011133863446,40,0.7299002614626019,-1.4744122712030536,1.2145040639876046,-1.3054852376795465,0.40282323444199375,-0.08653398979807998,1.0964290825815768,68,-13.119421814254611,-11.514173033231838,-13.803423087905976,-11.502342186811589,-12.192715471706158,-12.426415118782035,0.9074272597066367,25,10.08397718117857,14.355097768061247,0.40123257110422983,12.426415118782035,-0.08653398979807998,n500__poisson__boostrap_true__samples_1.0
31.832938861846923,0.7166304537268114,3.490247058868408,0.4638173442078648,True,poisson,24,1.0,1.0,3,2,500,"{'bootstrap': True, 'criterion': 'poisson', 'max_depth': 24, 'max_features': 1.0, 'max_samples': 1.0, 'min_samples_leaf': 3, 'min_samples_split': 2, 'n_estimators': 500}",-9.865924620132029,-10.092129991566681,-10.373819580392277,-10.034573978156669,-9.902245481987022,-10.053738730446934,0.1802871440368178,9,-14.10732276408302,-14.597402557499105,-14.919335098223701,-13.925866004492407,-14.11294500755756,-14.332574286371159,0.36845872454551626,18,-0.40380549682875266,-0.37904934907659704,-0.41963746223564957,-0.37872853269056944,-0.4240506329113924,-0.40105429474859217,0.01931005997471097,33,0.7616158399883102,-1.4147322416888881,1.2958639986753822,-1.2287232974297368,0.46803936742513774,-0.02358726660595898,1.0942421580102588,32,-13.159232035698743,-11.446263884922665,-13.904482594209487,-11.625544315565904,-12.227649300053145,-12.472634426089988,0.9330188968258594,52,10.053738730446934,14.332574286371159,0.40105429474859217,12.472634426089988,-0.02358726660595898,n500__poisson__boostrap_true__samples_1.0
31.550990200042726,0.3173584504459472,3.5253047943115234,0.29904595489664376,True,poisson,24,1.0,1.0,3,4,500,"{'bootstrap': True, 'criterion': 'poisson', 'max_depth': 24, 'max_features': 1.0, 'max_samples': 1.0, 'min_samples_leaf': 3, 'min_samples_split': 4, 'n_estimators': 500}",-9.865924620132029,-10.092129991566681,-10.373819580392277,-10.034573978156667,-9.902245481987023,-10.053738730446934,0.1802871440368175,9,-14.10732276408302,-14.597402557499105,-14.919335098223701,-13.925866004492407,-14.11294500755756,-14.332574286371159,0.36845872454551626,18,-0.40380549682875266,-0.37904934907659704,-0.41963746223564957,-0.37872853269056944,-0.4240506329113924,-0.40105429474859217,0.01931005997471097,33,0.7616158399883107,-1.414732241688887,1.2958639986753828,-1.2287232974297368,0.4680393674251383,-0.0235872666059584,1.0942421580102588,31,-13.159232035698743,-11.446263884922665,-13.904482594209487,-11.625544315565906,-12.227649300053145,-12.472634426089988,0.933018896825859,52,10.053738730446934,14.332574286371159,0.40105429474859217,12.472634426089988,-0.0235872666059584,n500__poisson__boostrap_true__samples_1.0
30.261256408691406,0.25064755709139525,3.1554267406463623,0.16686470878505594,True,poisson,24,1.0,1.0,3,8,500,"{'bootstrap': True, 'criterion': 'poisson', 'max_depth': 24, 'max_features': 1.0, 'max_samples': 1.0, 'min_samples_leaf': 3, 'min_samples_split': 8, 'n_estimators': 500}",-9.899902047648574,-10.103366337874867,-10.381240469928084,-10.054178733228849,-9.906212590242838,-10.068980035784643,0.17549283886277742,19,-14.123809992368583,-14.619649435329986,-14.944866950610997,-13.937604261134586,-14.13321434306379,-14.35182899650159,0.372770429836356,49,-0.40682573240712777,-0.3751135331516803,-0.4199395770392749,-0.37902982826152454,-0.4252561784207354,-0.4012329698560686,0.020656888272064192,41,0.7698338495695077,-1.4156466181884508,1.2617992692983213,-1.2809658055464783,0.45779433236622985,-0.04143699450017405,1.0982441279326856,47,-13.113398498771,-11.580120352753925,-13.862755948503384,-11.573248691167638,-12.185604170523344,-12.463025532343858,0.8978214999225596,44,10.068980035784643,14.35182899650159,0.4012329698560686,12.463025532343858,-0.04143699450017405,n500__poisson__boostrap_true__samples_1.0
29.199555730819704,0.7426616898237817,3.2458417892456053,0.5218278593447904,True,poisson,24,1.0,1.0,4,2,500,"{'bootstrap': True, 'criterion': 'poisson', 'max_depth': 24, 'max_features': 1.0, 'max_samples': 1.0, 'min_samples_leaf': 4, 'min_samples_split': 2, 'n_estimators': 500}",-9.928629840578912,-10.146776707443934,-10.397803777304684,-10.082211793431926,-9.904006813294467,-10.091885786410785,0.17812547762365927,36,-14.170187542798914,-14.675480938536511,-14.965389963285888,-13.963085877532317,-14.10192746421358,-14.37521435727344,0.3807988629555467,73,-0.4098459679855029,-0.3781410838631547,-0.4217522658610272,-0.3820427839710756,-0.4207353827606992,-0.40250349688829185,0.018809553916729223,71,0.8401275697885131,-1.398278297473161,1.3072608625516604,-1.2525861531984146,0.4660788454701844,-0.007479434572243515,1.109580942981099,12,-13.137566612279493,-11.56777031550579,-13.876706288654907,-11.555807373791414,-12.323762254935929,-12.492322569033508,0.9047793453001013,68,10.091885786410785,14.37521435727344,0.40250349688829185,12.492322569033508,-0.007479434572243515,n500__poisson__boostrap_true__samples_1.0
28.8586368560791,0.4659926153602968,3.414663314819336,0.22392575339954401,True,poisson,24,1.0,1.0,4,4,500,"{'bootstrap': True, 'criterion': 'poisson', 'max_depth': 24, 'max_features': 1.0, 'max_samples': 1.0, 'min_samples_leaf': 4, 'min_samples_split': 4, 'n_estimators': 500}",-9.92862984057891,-10.146776707443935,-10.397803777304684,-10.082211793431926,-9.904006813294467,-10.091885786410785,0.1781254776236597,36,-14.170187542798912,-14.675480938536511,-14.96538996328589,-13.963085877532317,-14.10192746421358,-14.37521435727344,0.3807988629555475,73,-0.4098459679855029,-0.3781410838631547,-0.4217522658610272,-0.3820427839710756,-0.4207353827606992,-0.40250349688829185,0.018809553916729223,71,0.8401275697885119,-1.3982782974731613,1.30726086255166,-1.2525861531984142,0.4660788454701844,-0.007479434572243848,1.109580942981099,14,-13.137566612279493,-11.56777031550579,-13.876706288654907,-11.555807373791414,-12.323762254935929,-12.492322569033508,0.9047793453001013,68,10.091885786410785,14.37521435727344,0.40250349688829185,12.492322569033508,-0.007479434572243848,n500__poisson__boostrap_true__samples_1.0
29.029857110977172,0.4842699749129337,3.7910288333892823,0.04692517557024147,True,poisson,24,1.0,1.0,4,8,500,"{'bootstrap': True, 'criterion': 'poisson', 'max_depth': 24, 'max_features': 1.0, 'max_samples': 1.0, 'min_samples_leaf': 4, 'min_samples_split': 8, 'n_estimators': 500}",-9.928629840578912,-10.146776707443934,-10.397803777304684,-10.082211793431926,-9.904006813294467,-10.091885786410785,0.17812547762365927,36,-14.170187542798914,-14.675480938536511,-14.965389963285888,-13.963085877532317,-14.10192746421358,-14.37521435727344,0.3807988629555467,73,-0.4098459679855029,-0.3781410838631547,-0.4217522658610272,-0.3820427839710756,-0.4207353827606992,-0.40250349688829185,0.018809553916729223,71,0.8401275697885127,-1.398278297473161,1.3072608625516597,-1.2525861531984137,0.4660788454701842,-0.007479434572243604,1.1095809429810986,13,-13.137566612279493,-11.56777031550579,-13.876706288654907,-11.555807373791415,-12.323762254935929,-12.492322569033508,0.904779345300101,68,10.091885786410785,14.37521435727344,0.40250349688829185,12.492322569033508,-0.007479434572243604,n500__poisson__boostrap_true__samples_1.0
42.68120522499085,0.7369781950655853,4.045100688934326,0.6577129734805056,True,poisson,26,0.875,1.0,1,2,500,"{'bootstrap': True, 'criterion': 'poisson', 'max_depth': 26, 'max_features': 0.875, 'max_samples': 1.0, 'min_samples_leaf': 1, 'min_samples_split': 2, 'n_estimators': 500}",-9.973955207100543,-10.148152157416705,-10.451382840514242,-10.200654975684104,-9.976948547958022,-10.150218745734723,0.17569251125336569,80,-14.147047877030179,-14.546027470326086,-14.952356085909384,-14.033756833346603,-14.10710717504641,-14.357259088331734,0.34675420130817153,57,-0.40169133192389006,-0.3745080230093854,-0.42235649546827797,-0.3793311238324797,-0.42374924653405666,-0.4003272441536179,0.02070366196339784,17,0.5909290910284258,-1.5792349624822686,1.146856795065151,-1.418184993139325,0.3329153645443571,-0.18534374099673195,1.1053307712010134,86,-13.150500718460535,-11.440231808758469,-13.73039098489549,-11.576258090574314,-12.165052795762055,-12.412486879690173,0.8930081515105591,16,10.150218745734723,14.357259088331734,0.4003272441536179,12.412486879690173,-0.18534374099673195,n500__poisson__boostrap_true__samples_1.0
36.51691617965698,0.3043562138245012,3.5427573680877686,0.3666413662100624,True,poisson,26,0.875,1.0,1,4,500,"{'bootstrap': True, 'criterion': 'poisson', 'max_depth': 26, 'max_features': 0.875, 'max_samples': 1.0, 'min_samples_leaf': 1, 'min_samples_split': 4, 'n_estimators': 500}",-9.97644413823099,-10.183569607668232,-10.42517298083059,-10.172362904671509,-9.983666723260233,-10.14824327093231,0.16438987381455308,78,-14.129369276378515,-14.561480767732757,-14.911682459957975,-14.006013109518781,-14.07975395382449,-14.337659913482502,0.3462622517027104,29,-0.4019933554817276,-0.37390251286709053,-0.41933534743202416,-0.37812594154865925,-0.4243520192887282,-0.39954183532364596,0.020636635691235916,7,0.5838945233080214,-1.5872015011638956,1.15456999058949,-1.4474191298995402,0.3059948338471249,-0.19803225666375995,1.1122719438482123,92,-13.134966682327446,-11.495467148090617,-13.807258370101026,-11.537087007357833,-12.123969121620105,-12.419749665899406,0.9118764671498305,22,10.14824327093231,14.337659913482502,0.39954183532364596,12.419749665899406,-0.19803225666375995,n500__poisson__boostrap_true__samples_1.0
31.25747170448303,0.9280879825676337,3.333000373840332,0.1227756263117455,True,poisson,26,0.875,1.0,1,8,500,"{'bootstrap': True, 'criterion': 'poisson', 'max_depth': 26, 'max_features': 0.875, 'max_samples': 1.0, 'min_samples_leaf': 1, 'min_samples_split': 8, 'n_estimators': 500}",-9.982505997450613,-10.19949203468126,-10.46793851572003,-10.208002236114408,-10.047742662674763,-10.181136289328215,0.16766757708670377,96,-14.129881095751122,-14.560869958533756,-14.952421754204362,-14.037690566821064,-14.159126559372515,-14.367997986936563,0.34298124032637534,64,-0.4019933554817276,-0.37844383893430217,-0.41933534743202416,-0.3793311238324797,-0.4231464737793852,-0.40045002789198375,0.018997085414421667,19,0.5883800599295463,-1.6288880256923812,1.1243216267253655,-1.4487559211513128,0.25950604992386883,-0.22108724205298266,1.1122414918995067,96,-13.148085550708378,-11.3234820166761,-13.822183383103122,-11.545646751136822,-12.179291748006502,-12.403737889926186,0.9507565705277713,13,10.181136289328215,14.367997986936563,0.40045002789198375,12.403737889926186,-0.22108724205298266,n500__poisson__boostrap_true__samples_1.0
31.700639152526854,0.2881604062238194,4.158107852935791,0.11668956361602599,True,poisson,26,0.875,1.0,2,2,500,"{'bootstrap': True, 'criterion': 'poisson', 'max_depth': 26, 'max_features': 0.875, 'max_samples': 1.0, 'min_samples_leaf': 2, 'min_samples_split': 2, 'n_estimators': 500}",-9.91865100415176,-10.126201510718845,-10.390782982491263,-10.095953389234795,-9.955438372027658,-10.097405451724864,0.1667390184105495,43,-14.128624849792754,-14.542681208649176,-14.919881186995893,-13.943216375685015,-14.114298778476174,-14.329740479919801,0.354929095639367,10,-0.40410752038659015,-0.3802603693611868,-0.41812688821752264,-0.3799337149743899,-0.42495479204339964,-0.40147665699661783,0.018706168389938296,47,0.734852080753714,-1.4951133253663604,1.2694843756966072,-1.2884080714662725,0.43497320787829846,-0.06884234650080265,1.11467149629356,63,-13.181520446233938,-11.348918899768814,-13.943455547544023,-11.590897267911867,-12.225314050399984,-12.458021242371725,0.9763330173273524,43,10.097405451724864,14.329740479919801,0.40147665699661783,12.458021242371725,-0.06884234650080265,n500__poisson__boostrap_true__samples_1.0
32.33698263168335,0.22185049606531454,3.0159401893615723,0.26498130891635424,True,poisson,26,0.875,1.0,2,4,500,"{'bootstrap': True, 'criterion': 'poisson', 'max_depth': 26, 'max_features': 0.875, 'max_samples': 1.0, 'min_samples_leaf': 2, 'min_samples_split': 4, 'n_estimators': 500}",-9.91865100415176,-10.126201510718845,-10.390782982491263,-10.095953389234793,-9.955438372027658,-10.097405451724864,0.1667390184105495,43,-14.128624849792754,-14.542681208649176,-14.919881186995893,-13.943216375685013,-14.114298778476174,-14.329740479919801,0.35492909563936736,10,-0.40410752038659015,-0.3802603693611868,-0.41812688821752264,-0.3799337149743899,-0.42495479204339964,-0.40147665699661783,0.018706168389938296,47,0.7348520807537141,-1.495113325366361,1.269484375696607,-1.2884080714662725,0.43497320787829796,-0.0688423465008029,1.11467149629356,64,-13.181520446233938,-11.348918899768815,-13.94345554754402,-11.590897267911865,-12.225314050399984,-12.458021242371723,0.9763330173273513,42,10.097405451724864,14.329740479919801,0.40147665699661783,12.458021242371723,-0.0688423465008029,n500__poisson__boostrap_true__samples_1.0
29.743094396591186,0.29155574482395424,2.7312458038330076,0.4745713565092283,True,poisson,26,0.875,1.0,2,8,500,"{'bootstrap': True, 'criterion': 'poisson', 'max_depth': 26, 'max_features': 0.875, 'max_samples': 1.0, 'min_samples_leaf': 2, 'min_samples_split': 8, 'n_estimators': 500}",-9.968322283814198,-10.197575234707125,-10.418759150777863,-10.161609263780306,-9.95334645209059,-10.139922477034016,0.17076374744540745,72,-14.167433599987607,-14.625578848188704,-14.93122757971239,-14.016514238904664,-14.100557573235161,-14.368262368005706,0.35181426864145493,65,-0.40712775596496525,-0.37783832879200724,-0.41933534743202416,-0.3796324194034348,-0.4231464737793852,-0.40141606507436334,0.01926848007730524,44,0.7353793882753834,-1.5371130813380414,1.2341661719127512,-1.3352744714125844,0.39778060609516575,-0.10101227729346507,1.1239960438708059,71,-13.145384360641172,-11.460539460167503,-13.894518306234122,-11.624843323757329,-12.231139451232316,-12.471284980406491,0.924742443511237,50,10.139922477034016,14.368262368005706,0.40141606507436334,12.471284980406491,-0.10101227729346507,n500__poisson__boostrap_true__samples_1.0
27.421070909500123,0.9538009297753952,3.4833943367004396,0.7892187052204508,True,poisson,26,0.875,1.0,3,2,500,"{'bootstrap': True, 'criterion': 'poisson', 'max_depth': 26, 'max_features': 0.875, 'max_samples': 1.0, 'min_samples_leaf': 3, 'min_samples_split': 2, 'n_estimators': 500}",-9.93479794013357,-10.138646160652902,-10.414918205245689,-10.099467318509722,-9.959343098189532,-10.109434544546284,0.17163817578557397,54,-14.162041461643637,-14.558448475529456,-14.959672775332622,-13.962577200849301,-14.103747609174556,-14.349297504505916,0.36365210568971285,47,-0.40712775596496525,-0.3760217983651226,-0.42356495468277944,-0.37842723711961435,-0.4282700421940928,-0.40268235766531485,0.0219529966914139,74,0.820481406998789,-1.507410767309055,1.3182156456674994,-1.300991757058841,0.49343326994383513,-0.035254440351554506,1.1500444352382717,41,-13.208727714523459,-11.477041265786928,-13.850454010885398,-11.625055887123995,-12.2034876810227,-12.472953311868496,0.918940119922966,54,10.109434544546284,14.349297504505916,0.40268235766531485,12.472953311868496,-0.035254440351554506,n500__poisson__boostrap_true__samples_1.0
27.866298723220826,0.723496710775833,3.1579588890075683,0.4932859752534512,True,poisson,26,0.875,1.0,3,4,500,"{'bootstrap': True, 'criterion': 'poisson', 'max_depth': 26, 'max_features': 0.875, 'max_samples': 1.0, 'min_samples_leaf': 3, 'min_samples_split': 4, 'n_estimators': 500}",-9.93479794013357,-10.138646160652902,-10.414918205245689,-10.099467318509722,-9.959343098189533,-10.109434544546286,0.17163817578557364,55,-14.162041461643637,-14.558448475529456,-14.959672775332624,-13.962577200849301,-14.103747609174556,-14.349297504505916,0.36365210568971346,47,-0.40712775596496525,-0.3760217983651226,-0.42356495468277944,-0.37842723711961435,-0.4282700421940928,-0.40268235766531485,0.0219529966914139,74,0.8204814069987899,-1.5074107673090555,1.3182156456674987,-1.300991757058841,0.49343326994383485,-0.0352544403515546,1.150044435238272,42,-13.208727714523457,-11.477041265786928,-13.850454010885398,-11.625055887123995,-12.2034876810227,-12.472953311868496,0.9189401199229656,54,10.109434544546286,14.349297504505916,0.40268235766531485,12.472953311868496,-0.0352544403515546,n500__poisson__boostrap_true__samples_1.0
28.050555324554445,0.2617256637405207,2.5663107872009276,0.5284524264688204,True,poisson,26,0.875,1.0,3,8,500,"{'bootstrap': True, 'criterion': 'poisson', 'max_depth': 26, 'max_features': 0.875, 'max_samples': 1.0, 'min_samples_leaf': 3, 'min_samples_split': 8, 'n_estimators': 500}",-9.97101474495217,-10.164544825640082,-10.451474051965658,-10.129104317089359,-9.965228949869516,-10.136273377903356,0.17706989989590718,66,-14.18505390024617,-14.579381974397394,-14.997359593938441,-13.981331416749855,-14.140657982235604,-14.376756973513494,0.36743943075993335,76,-0.4077318030806403,-0.37783832879200724,-0.4217522658610272,-0.3820427839710756,-0.4279686558167571,-0.4034667675043015,0.020340582345444582,87,0.803158366992365,-1.4922765115062004,1.304740764053891,-1.3158355786115192,0.5258923629285218,-0.03486411922858836,1.146839964766263,40,-13.212328582832725,-11.476162757044957,-13.937346361398534,-11.534400214119856,-12.256880463332358,-12.483423675745687,0.9603890311306368,60,10.136273377903356,14.376756973513494,0.4034667675043015,12.483423675745687,-0.03486411922858836,n500__poisson__boostrap_true__samples_1.0
26.163640594482423,1.5181521352620966,2.6837650299072267,1.0785005626907094,True,poisson,26,0.875,1.0,4,2,500,"{'bootstrap': True, 'criterion': 'poisson', 'max_depth': 26, 'max_features': 0.875, 'max_samples': 1.0, 'min_samples_leaf': 4, 'min_samples_split': 2, 'n_estimators': 500}",-9.988812896965984,-10.20114905667047,-10.468530733223295,-10.148746498556157,-9.969484965263682,-10.155344830135919,0.18027964343006794,87,-14.231218781127273,-14.596118527055664,-15.022195011336752,-14.00241324835056,-14.137022289157533,-14.397793571405554,0.3691298872977837,94,-0.4074297795228028,-0.3781410838631547,-0.42235649546827797,-0.3820427839710756,-0.4273658830620856,-0.4034672051774793,0.020219160875870862,88,0.8434034620135363,-1.4997358099643152,1.349717484593061,-1.2688141366981383,0.5318274078044204,-0.008720318450287135,1.1553894298503513,15,-13.293353730385912,-11.505511590820827,-13.990844635540823,-11.621646494087841,-12.286091133229888,-12.53948951681306,0.9644169056761939,94,10.155344830135919,14.397793571405554,0.4034672051774793,12.53948951681306,-0.008720318450287135,n500__poisson__boostrap_true__samples_1.0
25.272004985809325,1.1957062045529263,3.6844844818115234,0.2946297345794425,True,poisson,26,0.875,1.0,4,4,500,"{'bootstrap': True, 'criterion': 'poisson', 'max_depth': 26, 'max_features': 0.875, 'max_samples': 1.0, 'min_samples_leaf': 4, 'min_samples_split': 4, 'n_estimators': 500}",-9.988812896965985,-10.20114905667047,-10.468530733223295,-10.148746498556157,-9.969484965263682,-10.155344830135919,0.18027964343006764,87,-14.231218781127273,-14.596118527055664,-15.022195011336752,-14.002413248350559,-14.137022289157533,-14.397793571405554,0.3691298872977841,94,-0.4074297795228028,-0.3781410838631547,-0.42235649546827797,-0.3820427839710756,-0.4273658830620856,-0.4034672051774793,0.020219160875870862,88,0.8434034620135369,-1.4997358099643157,1.3497174845930608,-1.2688141366981387,0.5318274078044204,-0.008720318450287246,1.1553894298503515,16,-13.293353730385912,-11.505511590820829,-13.990844635540823,-11.621646494087841,-12.286091133229888,-12.53948951681306,0.9644169056761935,94,10.155344830135919,14.397793571405554,0.4034672051774793,12.53948951681306,-0.008720318450287246,n500__poisson__boostrap_true__samples_1.0
27.125857734680174,0.2993840908042709,3.1195921421051027,0.0935803198687998,True,poisson,26,0.875,1.0,4,8,500,"{'bootstrap': True, 'criterion': 'poisson', 'max_depth': 26, 'max_features': 0.875, 'max_samples': 1.0, 'min_samples_leaf': 4, 'min_samples_split': 8, 'n_estimators': 500}",-9.988812896965985,-10.20114905667047,-10.468530733223295,-10.148746498556157,-9.969484965263682,-10.155344830135919,0.18027964343006764,87,-14.231218781127273,-14.596118527055664,-15.022195011336752,-14.002413248350559,-14.137022289157533,-14.397793571405554,0.3691298872977841,94,-0.4074297795228028,-0.3781410838631547,-0.42235649546827797,-0.3820427839710756,-0.4273658830620856,-0.4034672051774793,0.020219160875870862,88,0.8434034620135363,-1.4997358099643157,1.3497174845930608,-1.2688141366981387,0.5318274078044207,-0.00872031845028729,1.1553894298503513,17,-13.293353730385912,-11.505511590820827,-13.990844635540823,-11.621646494087841,-12.286091133229888,-12.53948951681306,0.9644169056761939,94,10.155344830135919,14.397793571405554,0.4034672051774793,12.53948951681306,-0.00872031845028729,n500__poisson__boostrap_true__samples_1.0
47.918560075759885,0.5872042110904359,4.158288860321045,0.3306364680207346,True,poisson,26,1.0,1.0,1,2,500,"{'bootstrap': True, 'criterion': 'poisson', 'max_depth': 26, 'max_features': 1.0, 'max_samples': 1.0, 'min_samples_leaf': 1, 'min_samples_split': 2, 'n_estimators': 500}",-9.890721768817004,-10.115543999145224,-10.360532318567794,-10.169201550590572,-9.947376541127523,-10.096675235649624,0.16729828898541121,42,-14.054244335966942,-14.627799197410932,-14.854901513943787,-14.0181996937797,-14.105030560160497,-14.332035060252371,0.34294522012560735,14,-0.4019933554817276,-0.37571904329397515,-0.4202416918429003,-0.37842723711961435,-0.42103676913803495,-0.3994836193752505,0.019544108690915343,6,0.6060019777589309,-1.5353202856373889,1.1348579130309977,-1.402915499063041,0.29173532073424907,-0.18112811463525044,1.0864247497756203,84,-13.055842345947752,-11.418404079660101,-13.67711778094608,-11.582525240851858,-12.159403420779299,-12.378658573637018,0.8658595698328693,4,10.096675235649624,14.332035060252371,0.3994836193752505,12.378658573637018,-0.18112811463525044,n500__poisson__boostrap_true__samples_1.0
40.78576364517212,0.1545973277314732,3.6443081855773927,0.7919505530162665,True,poisson,26,1.0,1.0,1,4,500,"{'bootstrap': True, 'criterion': 'poisson', 'max_depth': 26, 'max_features': 1.0, 'max_samples': 1.0, 'min_samples_leaf': 1, 'min_samples_split': 4, 'n_estimators': 500}",-9.918282082522005,-10.114419130312342,-10.405566513716064,-10.135235134816108,-9.944095442193078,-10.10351966071192,0.1744052825856713,49,-14.103534138899652,-14.568980772188974,-14.919551494393922,-13.969292511753661,-14.10151706015032,-14.332575195477304,0.3572816110528696,20,-0.4044095439444277,-0.37481077808053287,-0.42084592145015104,-0.377523350406749,-0.42254370102471367,-0.40002665898131484,0.020503209988364808,12,0.5725921628045931,-1.502852375780375,1.106095819525864,-1.4115325973899373,0.24761629866885504,-0.19761613843419998,1.0647396324246763,90,-12.970606656563245,-11.487885698796076,-13.676813468424546,-11.553858228937534,-12.05994991304561,-12.349822793153402,0.8493289452344259,3,10.10351966071192,14.332575195477304,0.40002665898131484,12.349822793153402,-0.19761613843419998,n500__poisson__boostrap_true__samples_1.0
36.56245756149292,0.1807475822388854,3.08123517036438,0.08388442200886677,True,poisson,26,1.0,1.0,1,8,500,"{'bootstrap': True, 'criterion': 'poisson', 'max_depth': 26, 'max_features': 1.0, 'max_samples': 1.0, 'min_samples_leaf': 1, 'min_samples_split': 8, 'n_estimators': 500}",-9.910748721818404,-10.117515728153476,-10.417761735224797,-10.16474376401605,-9.95396763796905,-10.112947517436355,0.17987461305012944,61,-14.05894672135676,-14.598704457138039,-14.935642489964017,-14.018339068807288,-14.082594608090988,-14.338845469071419,0.3661763354344479,31,-0.40018121413470253,-0.3760217983651226,-0.4178247734138973,-0.37872853269056944,-0.4231464737793852,-0.3991805584767354,0.019378269723212754,2,0.5376898108323788,-1.5369355926615005,1.1489470143415763,-1.4233056459414921,0.27114770941634403,-0.2004913408025387,1.083484817044872,93,-13.054633955323302,-11.409684455527373,-13.841578438562793,-11.540506409661678,-12.082240998085734,-12.385728851432177,0.9301720888457656,6,10.112947517436355,14.338845469071419,0.3991805584767354,12.385728851432177,-0.2004913408025387,n500__poisson__boostrap_true__samples_1.0
36.032922458648684,0.9938206753621845,3.9093295097351075,0.5811324235047888,True,poisson,26,1.0,1.0,2,2,500,"{'bootstrap': True, 'criterion': 'poisson', 'max_depth': 26, 'max_features': 1.0, 'max_samples': 1.0, 'min_samples_leaf': 2, 'min_samples_split': 2, 'n_estimators': 500}",-9.845949397804814,-10.091679412641417,-10.34656677222397,-10.048495270282825,-9.89472451810177,-10.045483074210958,0.17625912656031525,5,-14.047987189357041,-14.592625714508493,-14.902739825735605,-13.94348487343566,-14.079263164324464,-14.313220153472253,0.37078011997722954,2,-0.4050135910601027,-0.3760217983651226,-0.4199395770392749,-0.37902982826152454,-0.4240506329113924,-0.40081108552748346,0.020062745220837543,24,0.7308801597749643,-1.4182442906158579,1.2368097218361171,-1.2841909266807026,0.40914560151191354,-0.06511994683471309,1.083572275934771,61,-13.057376086930146,-11.533154673128188,-13.791718055877297,-11.561496866619809,-12.149339394768372,-12.418617015464765,0.8814338959696731,20,10.045483074210958,14.313220153472253,0.40081108552748346,12.418617015464765,-0.06511994683471309,n500__poisson__boostrap_true__samples_1.0
35.791042757034305,0.46150398214370214,3.4959719657897947,0.8597154543258732,True,poisson,26,1.0,1.0,2,4,500,"{'bootstrap': True, 'criterion': 'poisson', 'max_depth': 26, 'max_features': 1.0, 'max_samples': 1.0, 'min_samples_leaf': 2, 'min_samples_split': 4, 'n_estimators': 500}",-9.845949397804814,-10.091679412641417,-10.34656677222397,-10.048495270282825,-9.89472451810177,-10.045483074210958,0.17625912656031525,5,-14.047987189357045,-14.592625714508495,-14.902739825735605,-13.94348487343566,-14.079263164324464,-14.313220153472253,0.3707801199772293,2,-0.4050135910601027,-0.3760217983651226,-0.4199395770392749,-0.37902982826152454,-0.4240506329113924,-0.40081108552748346,0.020062745220837543,24,0.7308801597749645,-1.4182442906158583,1.2368097218361163,-1.284190926680703,0.40914560151191326,-0.06511994683471348,1.083572275934771,62,-13.057376086930146,-11.533154673128188,-13.791718055877297,-11.561496866619809,-12.149339394768372,-12.418617015464765,0.8814338959696731,20,10.045483074210958,14.313220153472253,0.40081108552748346,12.418617015464765,-0.06511994683471348,n500__poisson__boostrap_true__samples_1.0
33.7765887260437,0.1953572228362121,2.5565277099609376,0.1331244582607872,True,poisson,26,1.0,1.0,2,8,500,"{'bootstrap': True, 'criterion': 'poisson', 'max_depth': 26, 'max_features': 1.0, 'max_samples': 1.0, 'min_samples_leaf': 2, 'min_samples_split': 8, 'n_estimators': 500}",-9.90153224652571,-10.128070895791305,-10.366987544421978,-10.100033919865444,-9.906826753348048,-10.080690271990496,0.17141257225171314,24,-14.104835532777795,-14.646461491535348,-14.90818823816685,-13.985314788859847,-14.100875285850947,-14.349135067438159,0.36183527386423403,46,-0.40410752038659015,-0.3766273085074175,-0.4202416918429003,-0.3799337149743899,-0.4246534056660639,-0.4011127282754724,0.01988535091259889,35,0.7170374231852934,-1.460182810317002,1.2208302324292324,-1.318575869423011,0.4064119246073754,-0.08689581990362236,1.0956971771900104,69,-13.138297524818059,-11.507248531479755,-13.787087290214773,-11.556565927604455,-12.143124887670721,-12.426464832357553,0.8988841406350692,26,10.080690271990496,14.349135067438159,0.4011127282754724,12.426464832357553,-0.08689581990362236,n500__poisson__boostrap_true__samples_1.0
31.59115080833435,1.3331290727055924,3.4241336822509765,0.7659274564105476,True,poisson,26,1.0,1.0,3,2,500,"{'bootstrap': True, 'criterion': 'poisson', 'max_depth': 26, 'max_features': 1.0, 'max_samples': 1.0, 'min_samples_leaf': 3, 'min_samples_split': 2, 'n_estimators': 500}",-9.877912155974986,-10.071653972801526,-10.35816995521101,-10.037995236930497,-9.90747613034422,-10.050641490252449,0.17059129643877788,7,-14.122724801266006,-14.577511210716766,-14.912877379429231,-13.930437061174462,-14.11992990008537,-14.332696070534368,0.35992068344856065,21,-0.4044095439444277,-0.37844383893430217,-0.42114803625377645,-0.3799337149743899,-0.4252561784207354,-0.40183826250552634,0.0197736485911534,53,0.7705264801106144,-1.4074122222219907,1.2762234600340105,-1.236070952664524,0.46587046944896654,-0.026172553058584624,1.0903896754289486,33,-13.165414609439667,-11.447196200865681,-13.812712411930066,-11.58349988084011,-12.196585406844008,-12.441081701983906,0.9153209680671796,29,10.050641490252449,14.332696070534368,0.40183826250552634,12.441081701983906,-0.026172553058584624,n500__poisson__boostrap_true__samples_1.0
31.037282133102416,0.7422035672706602,3.710541534423828,0.6506263340223977,True,poisson,26,1.0,1.0,3,4,500,"{'bootstrap': True, 'criterion': 'poisson', 'max_depth': 26, 'max_features': 1.0, 'max_samples': 1.0, 'min_samples_leaf': 3, 'min_samples_split': 4, 'n_estimators': 500}",-9.877912155974986,-10.071653972801526,-10.35816995521101,-10.037995236930497,-9.90747613034422,-10.050641490252449,0.17059129643877788,7,-14.122724801266006,-14.577511210716766,-14.912877379429231,-13.930437061174462,-14.11992990008537,-14.332696070534368,0.35992068344856065,21,-0.4044095439444277,-0.37844383893430217,-0.42114803625377645,-0.3799337149743899,-0.4252561784207354,-0.40183826250552634,0.0197736485911534,53,0.7705264801106135,-1.4074122222219907,1.276223460034011,-1.2360709526645248,0.465870469448966,-0.026172553058585003,1.0903896754289488,34,-13.165414609439663,-11.447196200865681,-13.812712411930065,-11.58349988084011,-12.196585406844008,-12.441081701983904,0.9153209680671786,28,10.050641490252449,14.332696070534368,0.40183826250552634,12.441081701983904,-0.026172553058585003,n500__poisson__boostrap_true__samples_1.0
31.621347522735597,0.17828792407028943,2.3865453720092775,0.246753763170397,True,poisson,26,1.0,1.0,3,8,500,"{'bootstrap': True, 'criterion': 'poisson', 'max_depth': 26, 'max_features': 1.0, 'max_samples': 1.0, 'min_samples_leaf': 3, 'min_samples_split': 8, 'n_estimators': 500}",-9.89086081745137,-10.098949992100994,-10.376576708484274,-10.066155891732814,-9.907563060429098,-10.06802129403971,0.17509950717865236,15,-14.11410137021919,-14.59870427575476,-14.930307716685519,-13.95108112673836,-14.121065889138183,-14.343052075707202,0.36484647528966413,37,-0.4044095439444277,-0.37571904329397515,-0.4187311178247734,-0.3769207592648388,-0.42616033755274263,-0.40038816037615155,0.020862046796611904,18,0.7690506087904783,-1.4098405301131485,1.250136825963459,-1.2794975950950822,0.44697885801967047,-0.04463436648692457,1.0926000462083958,48,-13.179599227889007,-11.563307233257795,-13.883269047266234,-11.655842880312004,-12.148645716199791,-12.486132820984967,0.9041870701502926,61,10.06802129403971,14.343052075707202,0.40038816037615155,12.486132820984967,-0.04463436648692457,n500__poisson__boostrap_true__samples_1.0
28.754830837249756,2.7993534942018963,2.4056511878967286,0.4131642716772125,True,poisson,26,1.0,1.0,4,2,500,"{'bootstrap': True, 'criterion': 'poisson', 'max_depth': 26, 'max_features': 1.0, 'max_samples': 1.0, 'min_samples_leaf': 4, 'min_samples_split': 2, 'n_estimators': 500}",-9.912868500121032,-10.155468992398761,-10.39474490578273,-10.078243109321036,-9.908881036695872,-10.090041308863887,0.1797072673156513,27,-14.145745680130082,-14.6870466726388,-14.972581744900452,-13.963654091253998,-14.098754926304078,-14.373556623045483,0.38795386107639396,70,-0.4074297795228028,-0.3781410838631547,-0.4217522658610272,-0.38053630611630007,-0.4228450874020494,-0.40214090455306684,0.019411290245642344,63,0.8316591310101443,-1.4133106026734836,1.3032046616416662,-1.2705924601359586,0.4708010698666896,-0.015647640058188427,1.1155519498339301,26,-13.18574165555053,-11.559387174244433,-13.868271156223049,-11.572681118228532,-12.273622676256084,-12.491940756100524,0.9097254868606462,65,10.090041308863887,14.373556623045483,0.40214090455306684,12.491940756100524,-0.015647640058188427,n500__poisson__boostrap_true__samples_1.0
22.72747073173523,1.4205512271872112,2.03900203704834,0.5616552380627884,True,poisson,26,1.0,1.0,4,4,500,"{'bootstrap': True, 'criterion': 'poisson', 'max_depth': 26, 'max_features': 1.0, 'max_samples': 1.0, 'min_samples_leaf': 4, 'min_samples_split': 4, 'n_estimators': 500}",-9.912868500121032,-10.155468992398765,-10.39474490578273,-10.078243109321038,-9.908881036695872,-10.090041308863887,0.1797072673156515,27,-14.145745680130082,-14.687046672638802,-14.972581744900452,-13.963654091253996,-14.098754926304078,-14.373556623045483,0.38795386107639457,70,-0.4074297795228028,-0.3781410838631547,-0.4217522658610272,-0.38053630611630007,-0.4228450874020494,-0.40214090455306684,0.019411290245642344,63,0.8316591310101444,-1.4133106026734836,1.303204661641667,-1.2705924601359595,0.4708010698666896,-0.015647640058188406,1.1155519498339306,25,-13.18574165555053,-11.559387174244433,-13.868271156223049,-11.572681118228532,-12.273622676256089,-12.491940756100526,0.9097254868606461,67,10.090041308863887,14.373556623045483,0.40214090455306684,12.491940756100526,-0.015647640058188406,n500__poisson__boostrap_true__samples_1.0
20.610654592514038,0.377211844120769,0.42235107421875,0.11986253901089705,True,poisson,26,1.0,1.0,4,8,500,"{'bootstrap': True, 'criterion': 'poisson', 'max_depth': 26, 'max_features': 1.0, 'max_samples': 1.0, 'min_samples_leaf': 4, 'min_samples_split': 8, 'n_estimators': 500}",-9.912868500121032,-10.155468992398761,-10.39474490578273,-10.078243109321038,-9.908881036695872,-10.090041308863887,0.17970726731565126,27,-14.145745680130082,-14.687046672638802,-14.972581744900452,-13.963654091253996,-14.098754926304078,-14.373556623045483,0.38795386107639457,70,-0.4074297795228028,-0.3781410838631547,-0.4217522658610272,-0.38053630611630007,-0.4228450874020494,-0.40214090455306684,0.019411290245642344,63,0.8316591310101441,-1.4133106026734834,1.3032046616416662,-1.2705924601359588,0.4708010698666896,-0.015647640058188472,1.1155519498339301,27,-13.18574165555053,-11.559387174244433,-13.868271156223049,-11.572681118228532,-12.273622676256085,-12.491940756100524,0.9097254868606461,65,10.090041308863887,14.373556623045483,0.40214090455306684,12.491940756100524,-0.015647640058188472,n500__poisson__boostrap_true__samples_1.0
