mean_fit_time,std_fit_time,mean_score_time,std_score_time,param_bootstrap,param_criterion,param_max_depth,param_max_features,param_min_samples_leaf,param_max_samples,params,split0_test_MAE,split1_test_MAE,split2_test_MAE,split3_test_MAE,split4_test_MAE,mean_test_MAE,std_test_MAE,rank_test_MAE,split0_test_RMSE,split1_test_RMSE,split2_test_RMSE,split3_test_RMSE,split4_test_RMSE,mean_test_RMSE,std_test_RMSE,rank_test_RMSE,split0_test_overestimation_rate,split1_test_overestimation_rate,split2_test_overestimation_rate,split3_test_overestimation_rate,split4_test_overestimation_rate,mean_test_overestimation_rate,std_test_overestimation_rate,rank_test_overestimation_rate,split0_test_mean_signed_error,split1_test_mean_signed_error,split2_test_mean_signed_error,split3_test_mean_signed_error,split4_test_mean_signed_error,mean_test_mean_signed_error,std_test_mean_signed_error,rank_test_mean_signed_error,split0_test_mean_overestimation,split1_test_mean_overestimation,split2_test_mean_overestimation,split3_test_mean_overestimation,split4_test_mean_overestimation,mean_test_mean_overestimation,std_test_mean_overestimation,rank_test_mean_overestimation,MAE,RMSE,overestimation_rate,mean_overestimation,mean_signed_error
98.81732420921325,0.7787832295854914,0.2995918273925781,0.027288451372485915,False,squared_error,14,0.7,2,,"{'bootstrap': False, 'criterion': 'squared_error', 'max_depth': 14, 'max_features': 0.7, 'min_samples_leaf': 2}",-9.651832458707686,-10.19345730492426,-10.150018351442695,-9.912025119032194,-9.9225655805166,-9.965979762924686,0.19447398682415382,163,-14.111433731430118,-15.627191796480762,-15.001186859098112,-14.119864041057443,-14.520818499127307,-14.676098985438747,0.5766482207864321,123,-0.39414074297795226,-0.36693914623069934,-0.4120845921450151,-0.38234407954203076,-0.41078963230861965,-0.39325963864086344,0.017171916890268805,90,0.6875286797501812,-0.7186095509319989,1.2147507730056024,-0.8647454794748707,0.5259026125913491,0.1689654069880526,0.8180863733245853,67,-13.116331313959387,-12.910652694486977,-13.789364296892908,-11.831332200035757,-12.717541256321418,-12.873044352339287,0.6339701246917214,119,9.965979762924686,14.676098985438747,0.39325963864086344,12.873044352339287,0.1689654069880526
94.94885492324829,0.6302681828350895,0.2629871845245361,0.0043658811599475034,False,squared_error,14,0.7,4,,"{'bootstrap': False, 'criterion': 'squared_error', 'max_depth': 14, 'max_features': 0.7, 'min_samples_leaf': 4}",-9.639667013564173,-10.134293940403532,-10.16139296151581,-9.90279495194035,-9.898710397531488,-9.947371852991072,0.1896218379924917,149,-14.123003007612,-15.544364012528638,-15.02019338014869,-14.145774452169688,-14.520929395608098,-14.670852849613421,0.5446805252468835,122,-0.3920265780730897,-0.3642143505903724,-0.4148036253776435,-0.3772220548357939,-0.40687160940325495,-0.3910276436560309,0.01858425890421027,60,0.7125762807066854,-0.7228838514860958,1.2319871757340009,-0.9278758595673549,0.4872836485896765,0.15621747879538242,0.8395829775886336,74,-13.203496743964104,-12.920152752990148,-13.733462583502142,-11.89606887683146,-12.763232683344453,-12.903282728126461,0.6022799021384996,123,9.947371852991072,14.670852849613421,0.3910276436560309,12.903282728126461,0.15621747879538242
118.37717776298523,1.3726667426911896,0.28031444549560547,0.005602622784937561,False,squared_error,14,0.85,2,,"{'bootstrap': False, 'criterion': 'squared_error', 'max_depth': 14, 'max_features': 0.85, 'min_samples_leaf': 2}",-9.899942561732635,-10.414877789157911,-10.388920483367095,-10.205315975823694,-10.26103932583345,-10.234019227182959,0.18431787725294252,183,-14.64335341365327,-16.039015112277102,-15.514749177103173,-14.792207591046246,-15.15367972665323,-15.228601004146606,0.5054144743752806,191,-0.3890063424947146,-0.3636088404480775,-0.4003021148036254,-0.380235010545345,-0.39813140446051837,-0.38625674255045617,0.013379305684841435,33,0.7118792184341963,-0.6795332310575489,1.1545389742116094,-0.8319607259539846,0.5306879339284561,0.17712243391254567,0.7897372001489107,64,-13.639651364181823,-13.387112021401121,-14.418434265881325,-12.325739332138497,-13.552971630541256,-13.464781722828803,0.6710082226722951,174,10.234019227182959,15.228601004146606,0.38625674255045617,13.464781722828803,0.17712243391254567
113.50355138778687,1.444597466218462,0.2588949203491211,0.001991282323512583,False,squared_error,14,0.85,4,,"{'bootstrap': False, 'criterion': 'squared_error', 'max_depth': 14, 'max_features': 0.85, 'min_samples_leaf': 4}",-9.886140167803331,-10.354188212513625,-10.340626423246846,-10.197743208159077,-10.218716618945734,-10.199482926133722,0.1687672113694636,175,-14.655049332430591,-15.920815263523421,-15.455856712778633,-14.784743905618086,-15.137488047931813,-15.190790652456508,0.45998474743156065,185,-0.3944427665357898,-0.3578564940962761,-0.40362537764350453,-0.3799337149743899,-0.39451476793248946,-0.38607462423648997,0.016020389580030044,32,0.7765523576891975,-0.6927267582643728,1.18138122761237,-0.9056394203105462,0.41002726088744523,0.15391893352281877,0.8183416712608863,75,-13.516146612521348,-13.499072412599524,-14.27314570521857,-12.228585436902964,-13.470654008130824,-13.397520835074644,0.6577023851693472,162,10.199482926133722,15.190790652456508,0.38607462423648997,13.397520835074644,0.15391893352281877
140.37347836494445,2.437848613224716,0.2896129608154297,0.02460126334572747,False,squared_error,14,1.0,2,,"{'bootstrap': False, 'criterion': 'squared_error', 'max_depth': 14, 'max_features': 1.0, 'min_samples_leaf': 2}",-12.098036255934405,-12.961657481424366,-12.771937682861882,-12.702292519471134,-12.627430351964847,-12.632270858331328,0.2892526381127557,206,-19.02982479277542,-20.34494856058924,-20.372433018943653,-19.86055933736525,-20.006136984418987,-19.922780538818508,0.4875659813426921,206,-0.3648444578677137,-0.3478655767484105,-0.3667673716012085,-0.3543235914432058,-0.37402049427365885,-0.36156429838683946,0.009306675503482607,13,0.5560441841860226,-0.7992217485696474,1.0178387624977796,-0.8062343793262572,0.43923666623733787,0.08153269700504709,0.7474812512119802,110,-17.34174682832729,-17.481516634299012,-18.79907744404468,-16.786997009838796,-17.46784897920824,-17.575437379143604,0.6624108797467413,201,12.632270858331328,19.922780538818508,0.36156429838683946,17.575437379143604,0.08153269700504709
134.4448516368866,2.0238105943786575,0.2524535655975342,0.0057301041902732,False,squared_error,14,1.0,4,,"{'bootstrap': False, 'criterion': 'squared_error', 'max_depth': 14, 'max_features': 1.0, 'min_samples_leaf': 4}",-12.157821896472498,-12.768319574415473,-12.89677170924195,-12.663916898045784,-12.694222466674903,-12.63621050897012,0.25232266646486384,207,-19.130185577887826,-19.929770780464494,-20.425356458055738,-19.732895727218374,-20.084049674929094,-19.860451643711105,0.4297621924459738,202,-0.36907278767743884,-0.33999394489857704,-0.36646525679758307,-0.35552877372702624,-0.3691983122362869,-0.36005181506738243,0.011215566421666531,9,0.7658713117676527,-1.003561171143107,0.8137547206566504,-0.9709061762002338,0.12176521327569732,-0.05461522032866806,0.7998077387092355,177,-17.508325782521744,-17.30142342208754,-18.706447849531887,-16.444534993985332,-17.356509029418817,-17.463448215509064,0.7242836823238049,200,12.63621050897012,19.860451643711105,0.36005181506738243,17.463448215509064,-0.05461522032866806
109.37317914962769,1.6964357214655115,0.3387505531311035,0.008215072621297184,False,squared_error,18,0.7,2,,"{'bootstrap': False, 'criterion': 'squared_error', 'max_depth': 18, 'max_features': 0.7, 'min_samples_leaf': 2}",-9.62427521555041,-10.134169962128311,-10.137193544412334,-9.95739625118176,-9.90561844566366,-9.951730683787295,0.18818399708249522,155,-14.073487540545251,-15.564477294255568,-14.97320531472184,-14.178052600893048,-14.51570080105164,-14.660984710293468,0.5501389490193946,118,-0.39112050739957716,-0.3651226158038147,-0.416012084592145,-0.3793311238324797,-0.4050632911392405,-0.39132992455345145,0.01804800536425044,65,0.6234072903908411,-0.7251040822989416,1.1965569988353864,-0.9769340133127473,0.4482584219290473,0.11323692310871714,0.8291421960994401,88,-13.100415744081657,-12.884802902602157,-13.621900616612187,-11.837233585181595,-12.780566758434745,-12.844983921382468,0.581401897078893,115,9.951730683787295,14.660984710293468,0.39132992455345145,12.844983921382468,0.11323692310871714
102.44600772857666,2.2203798544475157,0.28838162422180175,0.008321765436645697,False,squared_error,18,0.7,4,,"{'bootstrap': False, 'criterion': 'squared_error', 'max_depth': 18, 'max_features': 0.7, 'min_samples_leaf': 4}",-9.572399987155293,-10.126531981599447,-10.149681212635759,-9.914922385515812,-9.915403748968258,-9.935787863174914,0.2073814419687138,131,-14.03325524207558,-15.53214729837484,-15.010565221746113,-14.135996737193611,-14.544928867852505,-14.65137867344853,0.5592486074858095,116,-0.39112050739957716,-0.36179231002119283,-0.4123867069486405,-0.380235010545345,-0.40446051838456903,-0.38999901065986486,0.0179028241620328,43,0.6588751835590537,-0.7154820375906584,1.2332150577453205,-0.9417757465416569,0.46042531583007645,0.1390515546004271,0.8329593971283347,81,-13.079440961480774,-13.00614977617616,-13.801240532952884,-11.79947452248622,-12.826751429583041,-12.902611444535816,0.6437684231754204,122,9.935787863174914,14.65137867344853,0.38999901065986486,12.902611444535816,0.1390515546004271
130.93249373435975,2.249423047862447,0.3315220832824707,0.008670949622161294,False,squared_error,18,0.85,2,,"{'bootstrap': False, 'criterion': 'squared_error', 'max_depth': 18, 'max_features': 0.85, 'min_samples_leaf': 2}",-9.831811624519265,-10.38725089068522,-10.377560516605486,-10.212883869792007,-10.20201356770618,-10.202304093861631,0.20114513032726733,176,-14.56355743829467,-16.03089320688388,-15.510515092776584,-14.796542067642251,-15.063422182675769,-15.192985997654631,0.524032079296833,186,-0.386892177589852,-0.3614895549500454,-0.4060422960725076,-0.38053630611630007,-0.3996383363471971,-0.38691973421518044,0.01558767553741044,36,0.66149513250443,-0.6764359802340704,1.177226212182526,-0.8714845095452464,0.38281290177970534,0.13472275133746897,0.7869285698001476,83,-13.56102212041587,-13.431667357294868,-14.22855062213107,-12.273992271044733,-13.243006872456323,-13.347647848668572,0.6312311125464029,153,10.202304093861631,15.192985997654631,0.38691973421518044,13.347647848668572,0.13472275133746897
121.8305814743042,2.028616427352667,0.284442138671875,0.004512177021150843,False,squared_error,18,0.85,4,,"{'bootstrap': False, 'criterion': 'squared_error', 'max_depth': 18, 'max_features': 0.85, 'min_samples_leaf': 4}",-9.85514452122464,-10.340499417576396,-10.337587213685874,-10.22454384579984,-10.235881485165077,-10.198731296690365,0.1785930918341414,174,-14.638375830318155,-15.91527236406042,-15.48881339415588,-14.827680001748341,-15.15146410913763,-15.204321139884083,0.45854857800535687,188,-0.39051646028390213,-0.35815924916742353,-0.4060422960725076,-0.37481169026815303,-0.39783001808318263,-0.3854719427750338,0.017093465608914418,31,0.7009939766428364,-0.7232718050723912,1.171898870344242,-0.9461738292816586,0.38184645811643464,0.11705873414989262,0.8198047960589191,85,-13.515612748043006,-13.42590989184308,-14.172767462105536,-12.377375436022445,-13.344553528715172,-13.367243813345848,0.5752699630090244,159,10.198731296690365,15.204321139884083,0.3854719427750338,13.367243813345848,0.11705873414989262
155.43989658355713,2.897386132631181,0.31438164710998534,0.003933772915390844,False,squared_error,18,1.0,2,,"{'bootstrap': False, 'criterion': 'squared_error', 'max_depth': 18, 'max_features': 1.0, 'min_samples_leaf': 2}",-12.52006395932021,-13.101883487186871,-12.984542462146011,-13.023772749752808,-12.755727781657644,-12.877198088012708,0.21250425686432348,214,-19.845106853959628,-20.635256665651966,-20.90334785092865,-20.38518276083266,-20.3012629032274,-20.41403140692006,0.35372173363976256,214,-0.36212624584717606,-0.34847108689070544,-0.3637462235649547,-0.35763784272371196,-0.3746232670283303,-0.36132093321097564,0.008510773792357538,11,0.5168575043212417,-0.654819599750835,1.0987454877574867,-0.9414974142174148,0.35414666284085833,0.07468652819026736,0.7598840552574163,113,-18.00052000255081,-17.859536064379338,-19.358672389609872,-16.891774152755673,-17.497410863574427,-17.921582694574024,0.8143383878343147,209,12.877198088012708,20.41403140692006,0.36132093321097564,17.921582694574024,0.07468652819026736
145.92227754592895,2.719475463462704,0.27288970947265623,0.006971890590721608,False,squared_error,18,1.0,4,,"{'bootstrap': False, 'criterion': 'squared_error', 'max_depth': 18, 'max_features': 1.0, 'min_samples_leaf': 4}",-12.556554133458878,-12.790668125406901,-13.017612003940974,-12.933552712722692,-12.82395233865079,-12.824467862836048,0.15628475173362208,211,-19.986895035096627,-20.052284999147655,-20.785519680388102,-20.236731336349298,-20.39010783549544,-20.290307777295425,0.28522953937193385,210,-0.3684687405617638,-0.33757190432939754,-0.3631419939577039,-0.35552877372702624,-0.36618444846292947,-0.3581791722077642,0.011191723424676633,8,0.7739574601546533,-0.851757008538803,0.8472991005352997,-1.0593848584801975,0.05231881170328265,-0.04751329892515298,0.7945013387091725,172,-18.089067166579675,-17.68350825964813,-19.090206221221493,-16.69930640179273,-17.581673941100746,-17.828752398068552,0.7767652681214242,207,12.824467862836048,20.290307777295425,0.3581791722077642,17.828752398068552,-0.04751329892515298
114.87177882194518,1.716725925826449,0.35558347702026366,0.012557227716089508,False,squared_error,,0.7,2,,"{'bootstrap': False, 'criterion': 'squared_error', 'max_depth': None, 'max_features': 0.7, 'min_samples_leaf': 2}",-9.586264639753011,-10.147356780031622,-10.18649647532729,-9.943084931873724,-9.923155180496954,-9.957271601496519,0.21339530234773654,158,-14.029835899401135,-15.536764090727782,-15.05576797089501,-14.140338510462179,-14.521707192156905,-14.6568827327286,0.5677285846059246,117,-0.39112050739957716,-0.3642143505903724,-0.4114803625377644,-0.37782464597770415,-0.40687160940325495,-0.3903022951817346,0.017663492093027724,46,0.6261585959260385,-0.7720922057388917,1.1650268546492109,-0.9983495698168796,0.4288279418659171,0.08991432337707903,0.83494441407861,103,-13.055341055341053,-12.87053154151658,-13.793517702724749,-11.83715178096757,-12.721437037037036,-12.8555958235174,0.628497499215296,117,9.957271601496519,14.6568827327286,0.3903022951817346,12.8555958235174,0.08991432337707903
104.07409963607788,2.669457821530352,0.28978762626647947,0.010013229514516532,False,squared_error,,0.7,4,,"{'bootstrap': False, 'criterion': 'squared_error', 'max_depth': None, 'max_features': 0.7, 'min_samples_leaf': 4}",-9.59261378617691,-10.103655380630405,-10.133970414328875,-9.919032838825999,-9.928252061865535,-9.935504896365545,0.1926454738182161,129,-14.08668239319513,-15.512614193050913,-15.000657785322849,-14.17458549826878,-14.549894316416024,-14.664886837250739,0.5327894258189214,121,-0.3920265780730897,-0.36330608537693004,-0.4123867069486405,-0.3808376016872552,-0.4029535864978903,-0.39030211171676116,0.017141326279766552,45,0.6249774704807926,-0.7460952789431449,1.2270444180693427,-1.0190613327785676,0.4344726384224591,0.10426758305017639,0.8515617225910905,93,-13.031758340059191,-12.878342089947092,-13.774710291296007,-11.684733160036165,-12.85845944485997,-12.845600665239683,0.6703357503322288,116,9.935504896365545,14.664886837250739,0.39030211171676116,12.845600665239683,0.10426758305017639
139.6238603591919,2.4941739141840253,0.34548220634460447,0.007998412985353809,False,squared_error,,0.85,2,,"{'bootstrap': False, 'criterion': 'squared_error', 'max_depth': None, 'max_features': 0.85, 'min_samples_leaf': 2}",-9.854223799456358,-10.380264742489992,-10.351867237327962,-10.231166683405307,-10.20494792713147,-10.204494077962218,0.18762466600889122,178,-14.613776579336664,-15.973367740651728,-15.501629513037992,-14.797435798338332,-15.040576664755443,-15.18535725922403,0.49378894506526794,183,-0.38508003624282694,-0.36118679987889796,-0.40211480362537766,-0.3772220548357939,-0.3996383363471971,-0.3850484061860187,0.01506490633983434,30,0.6059748649283533,-0.7090715511151473,1.1316675058744554,-0.9600090388671285,0.4148832964972212,0.09668901546355084,0.7997075742095135,95,-13.581850108932464,-13.388076743969453,-14.27892561983471,-12.288726925807596,-13.286802413273001,-13.364876362363447,0.6398898437726108,158,10.204494077962218,15.18535725922403,0.3850484061860187,13.364876362363447,0.09668901546355084
126.42436571121216,4.012739774262753,0.29597153663635256,0.0050737014380521925,False,squared_error,,0.85,4,,"{'bootstrap': False, 'criterion': 'squared_error', 'max_depth': None, 'max_features': 0.85, 'min_samples_leaf': 4}",-9.823927490375995,-10.328323243900446,-10.33886096724692,-10.223784910830858,-10.197299855525895,-10.182439293576024,0.18772899422180248,170,-14.588436771473697,-15.881695816006898,-15.495951978045925,-14.807538751245112,-15.130845237043184,-15.180893710762964,0.4654652087810505,181,-0.39051646028390213,-0.35906751438086587,-0.4066465256797583,-0.3763181681229286,-0.3996383363471971,-0.38643740096293044,0.01703421090963207,34,0.6941440748251378,-0.7229848021759935,1.1947928427564374,-0.9462113731904327,0.35997759694595205,0.11594366783222024,0.8233781780446068,87,-13.466873531469822,-13.375393285419843,-14.181424261185404,-12.326768043005835,-13.208539437142381,-13.311799711644657,0.5941866645922445,149,10.182439293576024,15.180893710762964,0.38643740096293044,13.311799711644657,0.11594366783222024
164.7607428073883,4.739089024856691,0.3422215938568115,0.010865545404347794,False,squared_error,,1.0,2,,"{'bootstrap': False, 'criterion': 'squared_error', 'max_depth': None, 'max_features': 1.0, 'min_samples_leaf': 2}",-12.555923353132656,-13.1158504053554,-13.031317220543805,-13.023650865387832,-12.795450572634117,-12.904438483410763,0.20413033455205642,215,-19.919437306171428,-20.679655201439402,-20.945852964165528,-20.3956791330654,-20.319937779908766,-20.452112476950106,0.34639661389448007,215,-0.36454243430987615,-0.3475628216772631,-0.36555891238670696,-0.3552274781560711,-0.37402049427365885,-0.36138242816071525,0.00912156025408995,12,0.4766750562099391,-0.6853424496249176,1.0560328969452868,-0.9448711124502047,0.38258941129193846,0.0570167604744084,0.7529967309094914,127,-17.875283070974863,-17.882390147115764,-19.268235078053266,-17.0014715860899,-17.616735159817345,-17.928823008410227,0.7424859208810483,210,12.904438483410763,20.452112476950106,0.36138242816071525,17.928823008410227,0.0570167604744084
150.2813853740692,4.535270253313246,0.28433761596679685,0.014819894985167408,False,squared_error,,1.0,4,,"{'bootstrap': False, 'criterion': 'squared_error', 'max_depth': None, 'max_features': 1.0, 'min_samples_leaf': 4}",-12.604042369590543,-12.781881082133125,-13.02959882271135,-12.949894300252994,-12.823722490121222,-12.837827812961848,0.14650573238566317,212,-20.088435921331378,-20.04787806016082,-20.796934110013417,-20.281411334773388,-20.41752562022737,-20.326437009301273,0.2705296930862703,211,-0.36907278767743884,-0.3369663941871026,-0.3631419939577039,-0.354926182585116,-0.36618444846292947,-0.35805836137405816,0.011557472233975201,7,0.7724622158941047,-0.8371017136898176,0.8245796456145478,-1.0640755606249663,0.11924273563152883,-0.03697853543492052,0.7895577641077239,164,-18.121770328371387,-17.723992027838378,-19.075428756305623,-16.744071475732355,-17.672740172447583,-17.867600552139066,0.754236409527788,208,12.837827812961848,20.326437009301273,0.35805836137405816,17.867600552139066,-0.03697853543492052
369.0527648448944,2.0478649302698475,0.2782626152038574,0.02563848029118066,False,absolute_error,14,0.7,2,,"{'bootstrap': False, 'criterion': 'absolute_error', 'max_depth': 14, 'max_features': 0.7, 'min_samples_leaf': 2}",-9.357266183428974,-9.733248057321628,-9.796558408862035,-9.474491312644371,-9.600098452883262,-9.592332483028054,0.1617210220061863,14,-14.941158343500632,-15.96371431810657,-15.46526694334444,-14.547911336142048,-15.088671605981949,-15.201344509415128,0.48129610685532714,187,-0.4098459679855029,-0.3781410838631547,-0.4199395770392749,-0.3980114492316963,-0.4255575647980711,-0.4062991285835399,0.01691798085328291,187,2.2812186650558743,0.47947169240084764,2.3249783484390734,0.5032258712463594,2.288798472975688,1.5755386100235684,0.8853927028540529,1,-14.198608450012282,-13.503848412062984,-14.43247721822542,-12.534460005046682,-13.968611898016997,-13.727601196672873,0.6708852969616063,194,9.592332483028054,15.201344509415128,0.4062991285835399,13.727601196672873,1.5755386100235684
361.32219676971437,3.712740466525672,0.24715743064880372,0.008105175131214273,False,absolute_error,14,0.7,4,,"{'bootstrap': False, 'criterion': 'absolute_error', 'max_depth': 14, 'max_features': 0.7, 'min_samples_leaf': 4}",-9.284627504278667,-9.693580583308105,-9.752512588116817,-9.45407502259717,-9.58209614225437,-9.553378368111026,0.16865585700835542,5,-14.868155186103001,-15.94052624166162,-15.42179422396339,-14.547535433217213,-15.029686667445176,-15.161539550478079,0.4806273783606549,179,-0.40652370884929023,-0.3726914925825008,-0.41963746223564957,-0.39590238023501056,-0.41983122362869196,-0.4029172535062286,0.01755824225729949,178,2.160259236887144,0.43875971339186653,2.3058721047331323,0.4599291955408254,2.2105801687763718,1.515080083865868,0.8714513715522536,6,-14.07653046062407,-13.593468724614134,-14.367621790256777,-12.520768645357688,-14.044544149318018,-13.720586754034136,0.6490024871495158,193,9.553378368111026,15.161539550478079,0.4029172535062286,13.720586754034136,1.515080083865868
440.52898993492124,3.691581687178058,0.2751152038574219,0.007148524586565595,False,absolute_error,14,0.85,2,,"{'bootstrap': False, 'criterion': 'absolute_error', 'max_depth': 14, 'max_features': 0.85, 'min_samples_leaf': 2}",-9.695451525218967,-10.075107982642042,-9.944679758308157,-9.698529175454453,-9.896014667470364,-9.861956621818797,0.1468802558711902,54,-15.652313471356374,-16.597471848006943,-15.839297436162752,-15.095532848296152,-15.661818247159099,-15.769286770196265,0.483728973665711,198,-0.40169133192389006,-0.37844383893430217,-0.408761329305136,-0.3956010846640554,-0.41983122362869196,-0.40086576169121513,0.013807025349250516,175,2.147110641296688,0.5976965385003534,2.1285891238670693,0.4888867128653212,2.3537602973678924,1.5432086627794648,0.8209689138382384,2,-14.74087343358396,-14.100909333333332,-14.768115299334813,-12.875869510027925,-14.58892797319933,-14.214939109895871,0.711138335699019,198,9.861956621818797,15.769286770196265,0.40086576169121513,14.214939109895871,1.5432086627794648
444.27191867828367,6.17397474345412,0.249229097366333,0.007823032027413744,False,absolute_error,14,0.85,4,,"{'bootstrap': False, 'criterion': 'absolute_error', 'max_depth': 14, 'max_features': 0.85, 'min_samples_leaf': 4}",-9.64520688613712,-10.092710667070339,-9.883743705941592,-9.731207693080247,-9.850179827205144,-9.84060975588689,0.15209081904222738,41,-15.56989460111603,-16.628268193450914,-15.750522556403169,-15.254236938333598,-15.568553351954085,-15.75429512825156,0.465275167221793,197,-0.39957716701902746,-0.37026945201332123,-0.4123867069486405,-0.39228683338354925,-0.4104882459312839,-0.39700168105916445,0.015245074220631816,138,2.0213208496929425,0.5467847411444138,2.0734375629405846,0.3456076127347597,2.2475115531444643,1.446932463931433,0.822987227795107,14,-14.598591584782062,-14.36723357863178,-14.497534798534797,-12.843682795698923,-14.735734214390602,-14.208555394407634,0.6930527845560776,197,9.84060975588689,15.75429512825156,0.39700168105916445,14.208555394407634,1.446932463931433
539.9831209659576,1.1084361188582244,0.26190972328186035,0.006555455285834025,False,absolute_error,14,1.0,2,,"{'bootstrap': False, 'criterion': 'absolute_error', 'max_depth': 14, 'max_features': 1.0, 'min_samples_leaf': 2}",-11.719646129064735,-12.300165001513776,-11.92506294058409,-12.207946168524655,-12.18363019891501,-12.067290087720455,0.21383861362559148,201,-19.47620119671617,-20.566068976720185,-19.518424186648442,-19.87315785361976,-20.198627983370276,-19.926496039414964,0.41358007241633016,207,-0.3705829054666264,-0.36542537087496213,-0.37250755287009063,-0.3609520940042181,-0.38245931283905965,-0.37038544721099137,0.007265136796767484,17,1.8704988422430286,0.9528938338883841,1.6822049345417927,0.6452656422617253,2.375189371107093,1.5052105248084047,0.6270860701730424,7,-18.33617359413203,-18.133742060204362,-18.26441876182752,-17.80459515859766,-19.033161281849225,-18.31441817132216,0.403020659454005,216,12.067290087720455,19.926496039414964,0.37038544721099137,18.31441817132216,1.5052105248084047
525.6484139919281,3.0496024727912334,0.24381752014160157,0.01060362534614273,False,absolute_error,14,1.0,4,,"{'bootstrap': False, 'criterion': 'absolute_error', 'max_depth': 14, 'max_features': 1.0, 'min_samples_leaf': 4}",-11.625323668579483,-12.229132102129377,-11.844993957703927,-12.182384754444108,-11.988072131806309,-11.97398132293264,0.2222306736761881,199,-19.4505866182131,-20.542212750111364,-19.56398823162145,-19.901439712336952,-20.064375003231724,-19.90452046310292,0.3883896379022839,205,-0.3654485049833887,-0.3602785346654556,-0.37280966767371604,-0.3540222958722507,-0.3779385171790235,-0.3660995040747669,0.008548157338929354,15,1.710019128158663,0.9505550509637706,1.5340644511581067,0.27113036055036693,2.337158931082982,1.3605855843827777,0.70155996796999,23,-18.24517355371901,-18.29096918767507,-17.943550783360347,-17.58860283687943,-18.95180090377459,-18.204019453081692,0.4505579993185667,214,11.97398132293264,19.90452046310292,0.3660995040747669,18.204019453081692,1.3605855843827777
436.86365165710447,5.754547238660262,0.3089362621307373,0.009229500489187248,False,absolute_error,18,0.7,2,,"{'bootstrap': False, 'criterion': 'absolute_error', 'max_depth': 18, 'max_features': 0.7, 'min_samples_leaf': 2}",-9.350994664250477,-9.742653648198608,-9.80814300100705,-9.548134478256504,-9.594881454691581,-9.608961449280844,0.15999495206415704,17,-14.761903401605208,-15.815650291643916,-15.3450530959204,-14.50048299718272,-14.926972978613792,-15.070012552993209,0.4628992161374214,176,-0.40652370884929023,-0.37753557372085983,-0.42114803625377645,-0.3937933112383248,-0.4246534056660639,-0.404730807145663,0.01748633396492706,181,2.060700694654183,0.33184932889292507,2.232777442094663,0.29712714673094265,2.087686357243319,1.4020281939232064,0.889967417462933,18,-14.035707033184744,-13.342455225875433,-14.295353897656625,-12.500544503953073,-13.75541518807665,-13.585895169749303,0.6279567675759975,190,9.608961449280844,15.070012552993209,0.404730807145663,13.585895169749303,1.4020281939232064
416.791433763504,1.6896037631963197,0.28194484710693357,0.006568674347169299,False,absolute_error,18,0.7,4,,"{'bootstrap': False, 'criterion': 'absolute_error', 'max_depth': 18, 'max_features': 0.7, 'min_samples_leaf': 4}",-9.31800966475385,-9.733048743566455,-9.760724068479355,-9.529529978909311,-9.551466747036367,-9.578555840549068,0.16004685824368675,11,-14.755429063689936,-15.842984444932727,-15.284839424419173,-14.529430840781822,-14.873477756394271,-15.057232306043584,0.46317097112158506,173,-0.40682573240712777,-0.37208598244020585,-0.41933534743202416,-0.3931907200964146,-0.42224231464737794,-0.40273601940463005,0.01845695805004209,177,1.9667351253397762,0.2992330204864265,2.1320352467270896,0.27427638847042307,2.0626411492867196,1.346984186062087,0.8672999259284921,27,-13.869261321455086,-13.481133713045836,-14.180487512007685,-12.46698595146871,-13.752894361170593,-13.550152571829582,0.5862201454016889,186,9.578555840549068,15.057232306043584,0.40273601940463005,13.550152571829582,1.346984186062087
516.5917790412902,4.655686134862249,0.31416940689086914,0.008504386722188385,False,absolute_error,18,0.85,2,,"{'bootstrap': False, 'criterion': 'absolute_error', 'max_depth': 18, 'max_features': 0.85, 'min_samples_leaf': 2}",-9.698954495117286,-10.090120597436675,-9.98099848942598,-9.7550999296977,-9.880927767731565,-9.881220255881841,0.14333337250208636,73,-15.487318061284864,-16.45000338963459,-15.721700307528815,-15.006241445946296,-15.499989568544066,-15.633050554587726,0.4705536223799931,196,-0.4035034732709151,-0.3760217983651226,-0.4096676737160121,-0.39258812895450435,-0.41832429174201324,-0.4000210732097135,0.01463834467091657,173,1.9581319842947753,0.498179937430619,2.0262693856998997,0.3022366174550566,2.1850758489049626,1.3939787547570626,0.817098688804404,21,-14.444840319361278,-14.079370638754694,-14.654888151425764,-12.80901765157329,-14.421829971181555,-14.081989346459318,0.6626959050862665,196,9.881220255881841,15.633050554587726,0.4000210732097135,14.081989346459318,1.3939787547570626
494.0644673347473,4.447444172941217,0.27875142097473143,0.012400197697933756,False,absolute_error,18,0.85,4,,"{'bootstrap': False, 'criterion': 'absolute_error', 'max_depth': 18, 'max_features': 0.85, 'min_samples_leaf': 4}",-9.655540118795932,-10.076739832475527,-9.934606243705943,-9.73493773224867,-9.84962376933896,-9.850289539313007,0.14806948459927866,45,-15.430895951981157,-16.467520921081952,-15.683702295178474,-15.053865232683878,-15.461174295134317,-15.619431739211956,0.4698601067867466,195,-0.39897311990335244,-0.371480472297911,-0.41178247734138973,-0.38716480867731246,-0.41983122362869196,-0.3978464203697315,0.017251520258604016,154,1.8353156146179403,0.43558532647088544,1.9650926485397782,0.21834638947474122,2.143768836648584,1.3196217631503857,0.819282500865711,30,-14.400538733282866,-14.149229828850855,-14.449010760577156,-12.854066147859921,-14.28358817899019,-14.027286729912197,0.5956803341373359,195,9.850289539313007,15.619431739211956,0.3978464203697315,14.027286729912197,1.3196217631503857
611.0141971111298,5.471048171109955,0.3254525184631348,0.02861757207324479,False,absolute_error,18,1.0,2,,"{'bootstrap': False, 'criterion': 'absolute_error', 'max_depth': 18, 'max_features': 1.0, 'min_samples_leaf': 2}",-11.778992751434611,-12.226411343223333,-12.089353977844914,-12.592228582906499,-12.249191279887482,-12.187235587059368,0.26292036691417325,202,-19.51159167806591,-20.349365974140337,-19.709093999168072,-20.274107774937143,-20.2253888541056,-20.01390965608341,0.33769613243736146,208,-0.3705829054666264,-0.3672419013018468,-0.3722054380664653,-0.36517023199758963,-0.38276069921639544,-0.3715922352097847,0.006104045919041283,18,1.6252637672405112,1.0305035826016755,1.4900538771399803,0.28743296173546284,2.3476682740606796,1.3561844925556619,0.6814194958937371,24,-18.085368106492805,-18.04929513602638,-18.241818181818182,-17.635147139713972,-19.06786614173228,-18.215898941156723,0.4708689200730899,215,12.187235587059368,20.01390965608341,0.3715922352097847,18.215898941156723,1.3561844925556619
580.7962634086609,6.685120196602241,0.27156219482421873,0.003884816218244522,False,absolute_error,18,1.0,4,,"{'bootstrap': False, 'criterion': 'absolute_error', 'max_depth': 18, 'max_features': 1.0, 'min_samples_leaf': 4}",-11.677134803181314,-12.12981431022303,-11.83186606243706,-12.440080847644873,-11.947293048020896,-12.005237814301434,0.26293524418508246,200,-19.513554607328768,-20.391840985309337,-19.42400874774551,-20.18646477194026,-19.87317711817894,-19.87780924610056,0.373666871244568,204,-0.3684687405617638,-0.36118679987889796,-0.37250755287009063,-0.3501054534498343,-0.379746835443038,-0.36640307644072495,0.010123335037151663,16,1.6379190576864995,1.0594126551619734,1.357210473313192,0.08589384352716689,2.2945072332730563,1.2869886525923777,0.7263052414393715,35,-18.068091530054648,-18.258179659122657,-17.703099486347664,-17.88885972461274,-18.751703703703704,-18.133986820768285,0.35974751872221666,213,12.005237814301434,19.87780924610056,0.36640307644072495,18.133986820768285,1.2869886525923777
657.1155436992645,12.205789776676621,0.44939255714416504,0.01580638466997447,False,absolute_error,,0.7,2,,"{'bootstrap': False, 'criterion': 'absolute_error', 'max_depth': None, 'max_features': 0.7, 'min_samples_leaf': 2}",-10.03985452531964,-10.490221515793722,-10.364298590130918,-10.361159485788894,-10.32975989551939,-10.317058802510513,0.14910755992113772,188,-14.544151792731416,-15.748430038060071,-15.026668523972262,-14.368453926836786,-14.775158867333806,-14.89257262978687,0.48173791593010157,155,-0.3983690727876774,-0.3729942476536482,-0.413595166163142,-0.3910816510997288,-0.41199517781796263,-0.39760706310443183,0.014910329502921628,148,0.5736197523406826,-0.8716969421737815,0.9574969788519639,-1.0996650597569548,0.6339622262407071,0.038743391100523474,0.8496307127171953,141,-13.32115744250695,-12.893663419913421,-13.687050158266372,-11.840870570107857,-13.305643745427943,-13.009677067244507,0.6360846480343624,132,10.317058802510513,14.89257262978687,0.39760706310443183,13.009677067244507,0.038743391100523474
577.8099681854249,13.138444281586573,0.3777903079986572,0.03499656035575377,False,absolute_error,,0.7,4,,"{'bootstrap': False, 'criterion': 'absolute_error', 'max_depth': None, 'max_features': 0.7, 'min_samples_leaf': 4}",-9.741313299103997,-10.193772328186498,-10.132968781470291,-10.056220247062369,-9.993110809724733,-10.023477093109578,0.15658833216749699,165,-14.509886734450367,-15.736833183639977,-15.0703377795766,-14.408802970194264,-14.723460496552327,-14.889864232882706,0.48029577259063017,154,-0.3974630021141649,-0.36996669694217377,-0.41450151057401813,-0.38686351310635736,-0.4141048824593128,-0.3965799210392054,0.016921936983524385,131,0.9820945333736032,-0.456826117670804,1.3769758308157103,-0.7109063975092897,1.1331931886678726,0.4649062075354184,0.8692626775327673,49,-13.489818895643364,-13.159219858156028,-13.884080417881437,-12.078308670820354,-13.434161814653079,-13.209117931430853,0.6109388742583223,141,10.023477093109578,14.889864232882706,0.3965799210392054,13.209117931430853,0.4649062075354184
787.4388332366943,22.462821916905067,0.45090279579162595,0.009550000571779748,False,absolute_error,,0.85,2,,"{'bootstrap': False, 'criterion': 'absolute_error', 'max_depth': None, 'max_features': 0.85, 'min_samples_leaf': 2}",-10.345850699687908,-10.779401554142696,-10.551694864048338,-10.647992367178869,-10.58628892907374,-10.58224568282631,0.14143928203940068,197,-15.182152459648036,-16.249185304444115,-15.475288408815482,-14.972660840088476,-15.361949531815823,-15.448247308962385,0.4351250758656812,194,-0.3917245545152522,-0.3693611867998789,-0.40181268882175225,-0.380235010545345,-0.40837854128993367,-0.39030239639443237,0.014150214817334842,47,0.4901746702909491,-0.738040165506106,0.7720684793554885,-1.15483077232098,0.7890968454892505,0.031693811461720414,0.816376100329391,149,-13.83117964533539,-13.592875683060111,-14.09084837092732,-12.483281827786582,-13.92750184501845,-13.58513747442557,0.5740451844343218,189,10.58224568282631,15.448247308962385,0.39030239639443237,13.58513747442557,0.031693811461720414
683.6911863803864,13.316849399509707,0.36627421379089353,0.01235885549194318,False,absolute_error,,0.85,4,,"{'bootstrap': False, 'criterion': 'absolute_error', 'max_depth': None, 'max_features': 0.85, 'min_samples_leaf': 4}",-10.096211617839526,-10.562938742557273,-10.209633937562941,-10.320952596163504,-10.268621659634318,-10.291671710751512,0.1548607902618511,187,-15.219552659891827,-16.400232460249672,-15.347998483722925,-14.998825292485332,-15.255154767578972,-15.444352732785745,0.49149076035284806,193,-0.3968589549984899,-0.36542537087496213,-0.40906344410876133,-0.38053630611630007,-0.41078963230861965,-0.3925347416814266,0.017343692214096224,82,0.8479442263163193,-0.3624200222020381,1.1856037260825778,-0.7037556492919552,1.1742053445850915,0.42831552509799903,0.8015950522177219,50,-13.788470319634703,-13.957047776857225,-13.928447808961101,-12.636372393771444,-13.92784299339692,-13.647636258524278,0.5090373789276211,192,10.291671710751512,15.444352732785745,0.3925347416814266,13.647636258524278,0.42831552509799903
934.9175259113312,36.774995699896145,0.44634389877319336,0.010209403355955755,False,absolute_error,,1.0,2,,"{'bootstrap': False, 'criterion': 'absolute_error', 'max_depth': None, 'max_features': 1.0, 'min_samples_leaf': 2}",-12.51417748917749,-12.997028458976688,-12.67205337361531,-13.462317465099929,-12.912033855736388,-12.91152212852116,0.3243193315856894,216,-19.352319289570076,-20.3046549226378,-19.459700052879445,-20.24811473133351,-19.99143910536079,-19.871245620356326,0.39572078915404785,203,-0.3594080338266385,-0.35815924916742353,-0.3676737160120846,-0.3552274781560711,-0.37402049427365885,-0.36289779428717533,0.006928057026132344,14,0.23129618443571934,-0.21656221616712087,0.30942497482376624,-1.1525625188309734,0.9899452481414508,0.032308334480568426,0.7070097234405932,146,-17.73120308123249,-17.84187658495351,-17.653530539578195,-17.326580435397226,-18.584515175933387,-17.827541163418964,0.4156290495722477,206,12.91152212852116,19.871245620356326,0.36289779428717533,17.827541163418964,0.032308334480568426
805.6705112934112,24.590297009204143,0.35056142807006835,0.007758088219260312,False,absolute_error,,1.0,4,,"{'bootstrap': False, 'criterion': 'absolute_error', 'max_depth': None, 'max_features': 1.0, 'min_samples_leaf': 4}",-12.112140340279874,-12.566644464628116,-12.176292547834844,-13.003206287034248,-12.351168374522805,-12.441890402859979,0.32191517781711865,203,-19.293353044995822,-20.175159193036347,-19.216225807045763,-20.140407013919003,-19.678339089037156,-19.70069682960682,0.4048704927813173,199,-0.3633343400785261,-0.3533151680290645,-0.3694864048338369,-0.3425730641759566,-0.3731163351416516,-0.3603650624518071,0.011143308895522952,10,0.6332910500352362,0.19306489050358241,0.6001797583081573,-0.901866526062067,1.3496905766526017,0.37487194988750216,0.7390440227424255,51,-17.539535882515935,-18.057120822622107,-17.28950258926138,-17.662421577250072,-18.36003634894992,-17.781723444119883,0.38090908426310166,204,12.441890402859979,19.70069682960682,0.3603650624518071,17.781723444119883,0.37487194988750216
143.70752086639405,1.1420617858813695,0.2891303539276123,0.006149386705531132,False,poisson,14,0.7,2,,"{'bootstrap': False, 'criterion': 'poisson', 'max_depth': 14, 'max_features': 0.7, 'min_samples_leaf': 2}",-9.618472708244653,-10.051284922126946,-10.150108582311356,-9.971605464120158,-9.84326020510469,-9.926946376381562,0.18407349479378848,108,-14.163782706638154,-15.237814864713656,-14.992223969460072,-14.216333661471916,-14.516995354814997,-14.625430111419757,0.42468556568463156,113,-0.39595288432497733,-0.3566454738116863,-0.41027190332326285,-0.3730039168424224,-0.38758288125376733,-0.38469141191122325,0.018507917665865868,28,0.6730346266125157,-0.9352396149242745,1.215173260106249,-1.0943204534341677,0.2739164080222418,0.026512845276512854,0.9025904493828075,152,-12.995873678761285,-12.78026216031003,-13.85091417466947,-11.899720900834732,-13.051629860946795,-12.915680155104463,0.6245137684242497,125,9.926946376381562,14.625430111419757,0.38469141191122325,12.915680155104463,0.026512845276512854
137.33037881851197,1.0586725548708704,0.26650295257568357,0.014842231432266186,False,poisson,14,0.7,4,,"{'bootstrap': False, 'criterion': 'poisson', 'max_depth': 14, 'max_features': 0.7, 'min_samples_leaf': 4}",-9.635134044162594,-10.102692487346395,-10.121531689171684,-9.946102448156898,-9.834731311183077,-9.92803839600413,0.18042682035058352,111,-14.193251902669923,-15.317369801113704,-14.97261584740968,-14.17926735058095,-14.486281390482466,-14.629757258451344,0.44820228206859036,114,-0.3974630021141649,-0.36179231002119283,-0.41299093655589125,-0.37179873455860196,-0.38908981314044605,-0.38662695927805946,0.018194399267036723,35,0.6940228136707208,-0.8987908094659751,1.2541675696953016,-1.0896489795049624,0.29249271404247273,0.05044866168751151,0.9080297822125857,134,-12.993859557859462,-12.719869138928464,-13.772335240252277,-11.910279198726005,-13.013992763632213,-12.882067179879684,0.5988587812741086,120,9.92803839600413,14.629757258451344,0.38662695927805946,12.882067179879684,0.05044866168751151
173.07055959701538,0.6969017613458988,0.28638367652893065,0.007443486628891378,False,poisson,14,0.85,2,,"{'bootstrap': False, 'criterion': 'poisson', 'max_depth': 14, 'max_features': 0.85, 'min_samples_leaf': 2}",-9.886068267319365,-10.373045434171697,-10.434796488450694,-10.24787815717507,-10.214554449203488,-10.231268559264063,0.19039053652645674,182,-14.731513093133184,-15.803889349740416,-15.536366809768596,-14.815584187593764,-15.181954955392792,-15.21386167912575,0.4109611585226366,190,-0.3938387194201148,-0.358462004238571,-0.4027190332326284,-0.36908707442000604,-0.38034960819770947,-0.38089128790180593,0.016042394382511198,23,0.809143588804948,-0.9553764012197534,1.1733357198800145,-1.06160676229203,0.1954378816890005,0.03218680537243589,0.9060021035296711,147,-13.578161984519786,-13.136216560743357,-14.412197152878711,-12.444585616170125,-13.684768048296862,-13.451185872521767,0.6491033800991352,172,10.231268559264063,15.21386167912575,0.38089128790180593,13.451185872521767,0.03218680537243589
164.7986936569214,1.2165363392951611,0.26907777786254883,0.004855888852190237,False,poisson,14,0.85,4,,"{'bootstrap': False, 'criterion': 'poisson', 'max_depth': 14, 'max_features': 0.85, 'min_samples_leaf': 4}",-9.898801096289912,-10.404897877416964,-10.434587879476679,-10.223253828653291,-10.223187944709158,-10.236945725309202,0.19078201235821887,184,-14.7145827890736,-15.870563464724025,-15.578915317044837,-14.803770837599293,-15.181139658703742,-15.2297944134291,0.44312002270944617,192,-0.39051646028390213,-0.3605812897366031,-0.4060422960725076,-0.3675805965652305,-0.38426763110307416,-0.3817976547522635,0.016261487470650426,24,0.8558631990685986,-0.8944517925628217,1.2008248962203611,-1.1222224930172953,0.20628485250252815,0.049259732442274176,0.9235074893173246,135,-13.769796396725457,-13.187658865773818,-14.32783344031146,-12.37964057499011,-13.570584604371911,-13.447102776434551,0.648359796870813,171,10.236945725309202,15.2297944134291,0.3817976547522635,13.447102776434551,0.049259732442274176
202.23898577690125,2.1989537775288306,0.27702717781066893,0.013361636441307485,False,poisson,14,1.0,2,,"{'bootstrap': False, 'criterion': 'poisson', 'max_depth': 14, 'max_features': 1.0, 'min_samples_leaf': 2}",-11.876463581589384,-12.82675882426799,-12.752321902265406,-12.838206635908076,-12.598302765852925,-12.578410741976757,0.3612592633397895,205,-18.811614418264735,-20.283627560503493,-19.954732159438564,-20.164259856572446,-19.967762044594167,-19.83639920787468,0.527057596790391,201,-0.36152219873150104,-0.3354526188313654,-0.37613293051359514,-0.3422717686050015,-0.34810126582278483,-0.3526961565008496,0.014521032141601631,3,0.8231524163645918,-1.376186022256357,1.2653660137944862,-1.2966817722313935,-0.09945609443685412,-0.13676109175310533,1.074278936715885,202,-17.5640887924919,-17.06734745715001,-18.63395461934066,-16.860176506400926,-17.95288885530672,-17.615691246138045,0.6363503391904718,202,12.578410741976757,19.83639920787468,0.3526961565008496,17.615691246138045,-0.13676109175310533
193.22526402473449,3.987098893243222,0.25096354484558103,0.006221420119500603,False,poisson,14,1.0,4,,"{'bootstrap': False, 'criterion': 'poisson', 'max_depth': 14, 'max_features': 1.0, 'min_samples_leaf': 4}",-11.942814755185845,-12.929229826372195,-12.595577666938096,-12.62227106630154,-12.56467393599875,-12.530913450159286,0.32192653073388566,204,-18.765198864359835,-20.401917975099654,-19.86119809853667,-19.88789435354986,-19.91876455343795,-19.766994768996792,0.5391191995294053,200,-0.37118695258230144,-0.3390856796851347,-0.37613293051359514,-0.33745103946971977,-0.35563592525617843,-0.35589850550138596,0.015913627072562216,6,1.0864107798149771,-1.259576803827232,1.072104426218521,-1.649922729833973,-0.007715276606851247,-0.15173992084691157,1.1422267314310175,203,-17.550759050605254,-17.2075285417259,-18.168685834678076,-16.257689343185653,-17.65423255587386,-17.367779065213746,0.6348178245716747,199,12.530913450159286,19.766994768996792,0.35589850550138596,17.367779065213746,-0.15173992084691157
160.39919543266296,2.5488386067519655,0.33512096405029296,0.0056654774514574,False,poisson,18,0.7,2,,"{'bootstrap': False, 'criterion': 'poisson', 'max_depth': 18, 'max_features': 0.7, 'min_samples_leaf': 2}",-9.557574912617957,-10.040520022519113,-10.085261734995065,-9.92453976461307,-9.812937432370171,-9.884166773423075,0.18881279779778468,75,-14.074861251729484,-15.238570414795657,-14.93069445804499,-14.164893174188046,-14.455000363302261,-14.572803932412086,0.44711216002665133,109,-0.39625490788281487,-0.3563427187405389,-0.40755287009063446,-0.3721000301295571,-0.3893911995177818,-0.38432834527226545,0.018110664954420652,26,0.6214724661786386,-1.008468321137487,1.1335247547763156,-1.2057283222017374,0.17179301469428726,-0.05748128153799657,0.9115797155342634,178,-12.844064737498295,-12.673265407673538,-13.763596471884087,-11.715682258041788,-12.820950318637722,-12.763511838747085,0.6505456894682636,107,9.884166773423075,14.572803932412086,0.38432834527226545,12.763511838747085,-0.05748128153799657
148.36342911720277,2.1338370533794793,0.2918068885803223,0.0120135255415632,False,poisson,18,0.7,4,,"{'bootstrap': False, 'criterion': 'poisson', 'max_depth': 18, 'max_features': 0.7, 'min_samples_leaf': 4}",-9.563920565507527,-10.014451374924688,-10.098183193713245,-9.931456408899077,-9.819005047347963,-9.8854033180785,0.18536960602086758,77,-14.088999903396337,-15.215585463218865,-14.96704087930484,-14.152376416609519,-14.468101550359943,-14.578420842577902,0.4450216492679327,111,-0.39565086076713984,-0.3578564940962761,-0.4123867069486405,-0.36938836999096114,-0.38788426763110306,-0.38463333988682413,0.019243763968783165,27,0.6719749843532123,-0.9644186975291308,1.2198087582735173,-1.1936961911929658,0.23485064829632346,-0.006296099559808688,0.932679412234078,155,-12.935515330377447,-12.644779159660548,-13.722547018709225,-11.827335302841185,-12.959865267345664,-12.818008415786815,0.6105019111156116,114,9.8854033180785,14.578420842577902,0.38463333988682413,12.818008415786815,-0.006296099559808688
192.44672780036927,3.0531196814752963,0.3275448322296143,0.006501881931499356,False,poisson,18,0.85,2,,"{'bootstrap': False, 'criterion': 'poisson', 'max_depth': 18, 'max_features': 0.85, 'min_samples_leaf': 2}",-9.856122925613757,-10.339372354879677,-10.39148979383824,-10.252958717954893,-10.139454549890564,-10.195879668435426,0.1901209764401233,172,-14.719302138359861,-15.787873478339062,-15.501861283088205,-14.836459078981012,-15.068338274152893,-15.182766850584207,0.40393014224292917,182,-0.39021443672606465,-0.35513169845594916,-0.40090634441087614,-0.36667670985236517,-0.3794454490657022,-0.37847492770219143,0.01628515112285956,20,0.6667818670799188,-1.0313214731830715,1.1222681834511385,-1.225083646348949,0.0733699795982369,-0.07879701788054524,0.9211814326423812,189,-13.483489848532804,-13.105069080240357,-14.359660476574168,-12.310401545875154,-13.457566238619476,-13.343237437968392,0.661714704892516,151,10.195879668435426,15.182766850584207,0.37847492770219143,13.343237437968392,-0.07879701788054524
177.763507270813,1.377375653082883,0.2945080757141113,0.006556009310867598,False,poisson,18,0.85,4,,"{'bootstrap': False, 'criterion': 'poisson', 'max_depth': 18, 'max_features': 0.85, 'min_samples_leaf': 4}",-9.823146279860712,-10.357059694404288,-10.388680419841744,-10.247561142417684,-10.210594979866402,-10.205408503278166,0.20224481755968002,179,-14.599259325052724,-15.845462361011656,-15.541995475712444,-14.862964726075575,-15.183352109039781,-15.206606799378438,0.4490264140513855,189,-0.39021443672606465,-0.35573720859824404,-0.4054380664652568,-0.3678818921361856,-0.38517179023508136,-0.3808886788321665,0.01737676720122442,22,0.7232092674564111,-0.9566730945843687,1.191781328175821,-1.247476806624688,0.18144691960048787,-0.02154247719526734,0.942910257098255,156,-13.513538396736449,-13.212543378385194,-14.281418921735519,-12.232301355649858,-13.490138897664764,-13.345988190034358,0.6606041227429146,152,10.205408503278166,15.206606799378438,0.3808886788321665,13.345988190034358,-0.02154247719526734
226.28223505020142,2.4451886842228188,0.3272275447845459,0.0055377672236335595,False,poisson,18,1.0,2,,"{'bootstrap': False, 'criterion': 'poisson', 'max_depth': 18, 'max_features': 1.0, 'min_samples_leaf': 2}",-12.010733497067402,-13.156063896775901,-13.003691413179792,-13.057278524587122,-12.776432924679002,-12.800840051257845,0.4142360247163942,210,-19.355701971730518,-20.997215792037508,-20.47284599229142,-20.70947157709874,-20.503203492265552,-20.40768776508475,0.5583296019175829,213,-0.3554817275747508,-0.32879200726612173,-0.3767371601208459,-0.33805363061163,-0.3453887884267631,-0.34889066280002234,0.016447065956893558,1,0.5410666921773293,-1.5113284727072747,1.3699943558109438,-1.4453617386636783,-0.17668588352578243,-0.2444630093816925,1.1202882749545917,213,-17.65463484561993,-17.7083614667121,-19.076543662934778,-17.174666583101562,-18.239947941774165,-17.97083090002851,0.6477302623791004,211,12.800840051257845,20.40768776508475,0.34889066280002234,17.97083090002851,-0.2444630093816925
207.99419255256652,3.829189600266452,0.27940688133239744,0.0072989968329086686,False,poisson,18,1.0,4,,"{'bootstrap': False, 'criterion': 'poisson', 'max_depth': 18, 'max_features': 1.0, 'min_samples_leaf': 4}",-12.002723243833053,-13.138221721442678,-12.747760983578393,-12.868676795599468,-12.805551523362132,-12.712586853563145,0.37929279044873254,208,-19.138342744982413,-20.916340220877043,-20.275717323223226,-20.35738205511611,-20.507969918450076,-20.239150452529774,0.5929491284233452,209,-0.3630323165206886,-0.335149863760218,-0.37552870090634444,-0.33956010846640555,-0.3547317661241712,-0.35360055115556555,0.014890557363436337,5,0.78543660794501,-1.2480934934824173,1.2510016259194634,-1.7250197950571242,-0.013600989134086597,-0.19005520876183093,1.143234575227961,206,-17.612977233459723,-17.738524632769977,-18.638738631310503,-16.408960774090527,-18.030455340938257,-17.6859313225138,0.7301069379072627,203,12.712586853563145,20.239150452529774,0.35360055115556555,17.6859313225138,-0.19005520876183093
172.22206864356994,2.2399444683593757,0.3603835105895996,0.005744025569708461,False,poisson,,0.7,2,,"{'bootstrap': False, 'criterion': 'poisson', 'max_depth': None, 'max_features': 0.7, 'min_samples_leaf': 2}",-9.566509879744627,-10.050026711201022,-10.129581781765845,-9.998603032073882,-9.805949952259025,-9.91013427140888,0.20223052243903064,99,-14.0871175463419,-15.240885705025745,-14.96615172237051,-14.231369101014234,-14.391337784166403,-14.583372371783758,0.4440487027060753,112,-0.3920265780730897,-0.35725098395398125,-0.4093655589123867,-0.3687857788490509,-0.38758288125376733,-0.3830023562084552,0.01823557233303017,25,0.5583773592342763,-1.015186745977919,1.096019916683965,-1.2774187256005574,0.1270889074368587,-0.10222385764467523,0.9098736909958719,193,-12.913521436155298,-12.644947629293181,-13.710974768217296,-11.824187382836994,-12.814083567834736,-12.7815429568675,0.6029110516400605,110,9.91013427140888,14.583372371783758,0.3830023562084552,12.7815429568675,-0.10222385764467523
154.05266871452332,3.0359263332910325,0.2999208927154541,0.01015589759597578,False,poisson,,0.7,4,,"{'bootstrap': False, 'criterion': 'poisson', 'max_depth': None, 'max_features': 0.7, 'min_samples_leaf': 4}",-9.550697936651199,-10.05681311365606,-10.052296090610742,-9.94161669338161,-9.800086645695293,-9.880302095998982,0.18951040800748853,72,-14.063476444936793,-15.293665384706983,-14.892190897753924,-14.171964826626693,-14.457325478596536,-14.575724606524185,0.4593535385449839,110,-0.3953488372093023,-0.3569482288828338,-0.41117824773413897,-0.36968966556191624,-0.3908981314044605,-0.38481262215853035,0.019226646567809792,29,0.6480237839417085,-0.9982964597971417,1.2057043523976305,-1.1961105417715094,0.2204294314759205,-0.024049886750678325,0.932376663020086,158,-12.898383352514559,-12.688838213611538,-13.689927063320248,-11.82817233789483,-12.817298513513528,-12.78452389617094,0.5928839851587856,111,9.880302095998982,14.575724606524185,0.38481262215853035,12.78452389617094,-0.024049886750678325
204.41270656585692,3.6847769941295954,0.35305061340332033,0.009597437353182121,False,poisson,,0.85,2,,"{'bootstrap': False, 'criterion': 'poisson', 'max_depth': None, 'max_features': 0.85, 'min_samples_leaf': 2}",-9.806156950508354,-10.294836511037767,-10.399562831607243,-10.261905472154417,-10.222813794004647,-10.197055111862486,0.20407892104116565,173,-14.638940595408316,-15.72071965788433,-15.49682885208089,-14.840727554052076,-15.183341924680988,-15.17611171682132,0.4001362059449806,180,-0.387496224705527,-0.3569482288828338,-0.4033232628398791,-0.36517023199758963,-0.38276069921639544,-0.379139729528445,0.016464478605286183,21,0.6036414395307486,-1.063974392846251,1.1206898051484147,-1.2719972757175975,0.04842599556305089,-0.11264288566432687,0.9283587866272635,195,-13.432128787770642,-12.93025342510033,-14.281661508487351,-12.309201858075001,-13.4173124495219,-13.274111605791044,0.6496032616196914,146,10.197055111862486,15.17611171682132,0.379139729528445,13.274111605791044,-0.11264288566432687
183.08735394477844,3.2303060389201024,0.30629692077636717,0.022480222457717712,False,poisson,,0.85,4,,"{'bootstrap': False, 'criterion': 'poisson', 'max_depth': None, 'max_features': 0.85, 'min_samples_leaf': 4}",-9.793726716776854,-10.349160548156613,-10.374709791154354,-10.228310277179443,-10.211867590784406,-10.191554984810335,0.20900530185128227,171,-14.57586424307343,-15.858206811141073,-15.512309885435055,-14.812578644930715,-15.17835856845985,-15.187463630608026,0.462622301447396,184,-0.38568408335850196,-0.3548289433848017,-0.40453172205438065,-0.3642663452847243,-0.38155515370705245,-0.3781732495578922,0.017326151272389807,19,0.7506230489311109,-0.9556792606984861,1.162895914108833,-1.2664321192878738,0.1336830338471399,-0.034981876619855204,0.9428348239018516,161,-13.669671916311305,-13.236633401226191,-14.260446185370105,-12.30127113566671,-13.55708411237262,-13.405021350189386,0.6436666360547659,165,10.191554984810335,15.187463630608026,0.3781732495578922,13.405021350189386,-0.034981876619855204
241.86025586128235,6.245532544264969,0.34205098152160646,0.006300306176735441,False,poisson,,1.0,2,,"{'bootstrap': False, 'criterion': 'poisson', 'max_depth': None, 'max_features': 1.0, 'min_samples_leaf': 2}",-12.085281427229104,-13.336212173637241,-13.051715376684411,-13.115046824070777,-12.787613120353626,-12.875173784395031,0.4319396279858842,213,-19.515801923166038,-21.335750140601363,-20.598743986270115,-20.780621008516345,-20.62329311622468,-20.570842034955707,0.590885928099354,216,-0.35608577469042585,-0.32909476233726914,-0.37613293051359514,-0.33986140403736065,-0.3447860156720916,-0.34919217745014847,0.016023167894341984,2,0.557094659216753,-1.5393131064111998,1.4380171318275552,-1.488060893660924,-0.17546590985198732,-0.24154562377596062,1.1576808400645853,211,-17.75186905098483,-17.923255574538924,-19.26145164786129,-17.105481517300667,-18.289818376068375,-18.06637523335082,0.7100490945809635,212,12.875173784395031,20.570842034955707,0.34919217745014847,18.06637523335082,-0.24154562377596062
218.3561083316803,5.246261225601151,0.2875378131866455,0.012559786152929141,False,poisson,,1.0,4,,"{'bootstrap': False, 'criterion': 'poisson', 'max_depth': None, 'max_features': 1.0, 'min_samples_leaf': 4}",-12.035214346838103,-13.215648155356607,-12.756456766412505,-12.92619486062797,-12.838300112661095,-12.754362848379257,0.391544324684541,209,-19.261101427477307,-21.053495114517844,-20.291754634251884,-20.451407642469377,-20.634837678066507,-20.338519299356584,0.5957776397926935,212,-0.36212624584717606,-0.3348471086890705,-0.3749244712990937,-0.33925881289545046,-0.35443037974683544,-0.3531174036955253,0.014726137029635981,4,0.8571928048879801,-1.2381018362335336,1.2394327602743065,-1.7228476529161951,-0.013307915219532363,-0.17552636784139491,1.150495791874627,204,-17.80098418655757,-17.885097419558548,-18.664945339779752,-16.511505054349637,-18.092399707105063,-17.790986341470113,0.7072034450886966,205,12.754362848379257,20.338519299356584,0.3531174036955253,17.790986341470113,-0.17552636784139491
49.57447528839111,0.8939606273012286,0.2689239025115967,0.003913070385843582,True,squared_error,14,0.7,2,0.7,"{'bootstrap': True, 'criterion': 'squared_error', 'max_depth': 14, 'max_features': 0.7, 'max_samples': 0.7, 'min_samples_leaf': 2}",-9.696941481540529,-10.072200900735055,-10.248486049256611,-9.977243976498883,-9.760072911376184,-9.950989063881453,0.20242294213747788,154,-13.959645694929005,-15.139588143359596,-14.984793163672698,-14.004310213726443,-14.13795661583364,-14.445258766304278,0.5094862005158969,51,-0.4089398973119903,-0.3708749621556161,-0.41842900302114805,-0.37902982826152454,-0.4180229053646775,-0.3990593192229913,0.020139347380902478,167,0.8313633414861823,-0.7692078937215202,1.2942699682746082,-1.001104398255212,0.46250435761870573,0.16356507508055285,0.8989252658814091,69,-12.87267993686907,-12.541953429455388,-13.792968381959687,-11.840940882428756,-12.227293215041474,-12.655167169150875,0.6634397216688153,79,9.950989063881453,14.445258766304278,0.3990593192229913,12.655167169150875,0.16356507508055285
46.83488450050354,0.6261808079512022,0.2440861225128174,0.0039148516126000675,True,squared_error,14,0.7,4,0.7,"{'bootstrap': True, 'criterion': 'squared_error', 'max_depth': 14, 'max_features': 0.7, 'max_samples': 0.7, 'min_samples_leaf': 4}",-9.683245750347245,-10.100343037323778,-10.26133808240087,-9.9647237517558,-9.735230718357258,-9.94897626803699,0.21772903031063176,151,-13.953658013993259,-15.194712224748656,-15.019678274735469,-13.980159169628498,-14.144904864452672,-14.458622509511713,0.5364600098304098,63,-0.40924192086982786,-0.37057220708446864,-0.41963746223564957,-0.3793311238324797,-0.41862567811934903,-0.3994816784283549,0.020541728561520055,170,0.8450246428564767,-0.8139261158779975,1.2842740670427446,-1.0406254459360014,0.4123686704331327,0.137423163703671,0.914814282561672,82,-12.863137738707573,-12.529834596215444,-13.756650905204596,-11.762939744644921,-12.120134907129778,-12.606539578380463,0.6845045679839519,58,9.94897626803699,14.458622509511713,0.3994816784283549,12.606539578380463,0.137423163703671
57.18407340049744,0.6666193341252384,0.2702007293701172,0.006994112615271581,True,squared_error,14,0.7,2,0.85,"{'bootstrap': True, 'criterion': 'squared_error', 'max_depth': 14, 'max_features': 0.7, 'max_samples': 0.85, 'min_samples_leaf': 2}",-9.647193544965274,-10.076276169407452,-10.257589898103962,-9.951778597348847,-9.769146455856248,-9.940396933136356,0.21656363450887592,139,-13.909831048105621,-15.18841736263721,-15.029018007993852,-13.960186622357037,-14.182517458667727,-14.453994099952288,0.54473642108443,57,-0.40561763817577773,-0.3729942476536482,-0.4229607250755287,-0.3817414884001205,-0.41561181434599154,-0.39978518273021335,0.019312869673769877,172,0.834064384851101,-0.7465890622525244,1.3342536414973913,-0.9625931128496431,0.4740227144902781,0.18663171314732058,0.8955911409564051,59,-12.920120999859279,-12.506475858333085,-13.703215041457312,-11.773917372949036,-12.323000473970186,-12.645345949313779,0.6445413277460834,76,9.940396933136356,14.453994099952288,0.39978518273021335,12.645345949313779,0.18663171314732058
53.36908535957336,0.954337181011337,0.25701379776000977,0.01824347677662938,True,squared_error,14,0.7,4,0.85,"{'bootstrap': True, 'criterion': 'squared_error', 'max_depth': 14, 'max_features': 0.7, 'max_samples': 0.85, 'min_samples_leaf': 4}",-9.674868791152521,-10.057193737498928,-10.239695191850188,-9.963098812969783,-9.764327777219128,-9.93983686213811,0.202603203320969,138,-13.975039616108448,-15.189706600960893,-14.994012154918083,-13.999676987879285,-14.189151942196794,-14.4695174604127,0.517229217015148,73,-0.40561763817577773,-0.371480472297911,-0.4190332326283988,-0.37812594154865925,-0.41621458710066306,-0.39809437435028194,0.019648997357138952,159,0.8369385484206786,-0.8335607921287816,1.2610346062347646,-1.066925624437851,0.47036635325817105,0.1335706182693963,0.9225906188731476,84,-12.957778891037552,-12.414694221091112,-13.722932816027827,-11.763505503082666,-12.294972890993366,-12.630776864446506,0.6650339208728246,71,9.93983686213811,14.4695174604127,0.39809437435028194,12.630776864446506,0.1335706182693963
63.348825454711914,0.5499490957153447,0.27786917686462403,0.011168585038506798,True,squared_error,14,0.7,2,1.0,"{'bootstrap': True, 'criterion': 'squared_error', 'max_depth': 14, 'max_features': 0.7, 'max_samples': 1.0, 'min_samples_leaf': 2}",-9.665047091039478,-10.057900262350092,-10.237598949034256,-9.941299602537757,-9.74791249372329,-9.929951679736977,0.20710343493442462,116,-13.951612502277284,-15.197159967339543,-14.985822483764368,-13.965767730197825,-14.179786943143604,-14.456029925344524,0.5293501744599116,60,-0.4053156146179402,-0.37329700272479566,-0.4199395770392749,-0.3766194636938837,-0.4125979505726341,-0.3975539217297057,0.019049062427433712,147,0.8139850324971619,-0.7405559149163435,1.3328870917498723,-0.9861315398323797,0.47679872881203755,0.1793966796620697,0.8973805540438794,61,-12.927002742559543,-12.479800640540825,-13.776370070142253,-11.888881120047657,-12.390647127966474,-12.69254034025135,0.634338290688262,94,9.929951679736977,14.456029925344524,0.3975539217297057,12.69254034025135,0.1793966796620697
60.935149621963504,1.3317671410478198,0.26613869667053225,0.020619427816815677,True,squared_error,14,0.7,4,1.0,"{'bootstrap': True, 'criterion': 'squared_error', 'max_depth': 14, 'max_features': 0.7, 'max_samples': 1.0, 'min_samples_leaf': 4}",-9.661168871293711,-10.06251535836404,-10.229435945700246,-9.941538029781642,-9.757038687766055,-9.930339378581138,0.20471470260490393,118,-13.95320939851342,-15.242399630939582,-14.997289914630368,-13.975471359712621,-14.21777175665486,-14.47722841209017,0.5384468001260841,81,-0.4050135910601027,-0.37117771722676357,-0.4205438066465257,-0.3772220548357939,-0.41350210970464135,-0.39749185589476543,0.01973624021552642,144,0.8028381971307187,-0.7594024427576858,1.302161734819352,-1.0390249337123572,0.49501200129582007,0.1603169113551696,0.9069695208149766,72,-12.918093737342762,-12.531884975631236,-13.71034063308903,-11.800096232369786,-12.396612312794206,-12.671405578245404,0.6315692217838238,85,9.930339378581138,14.47722841209017,0.39749185589476543,12.671405578245404,0.1603169113551696
59.55553140640259,1.5465401822924891,0.26276273727416993,0.012099314512364881,True,squared_error,14,0.85,2,0.7,"{'bootstrap': True, 'criterion': 'squared_error', 'max_depth': 14, 'max_features': 0.85, 'max_samples': 0.7, 'min_samples_leaf': 2}",-9.654943090675916,-10.057640759389106,-10.270758282157477,-9.929024971175503,-9.738003030272367,-9.930074026734074,0.2213271033331774,117,-13.922010836869855,-15.214806201419492,-15.0621410862438,-13.966612327132413,-14.164308321526917,-14.465975754638496,0.5572118170548941,70,-0.40622168529145275,-0.36966394187102636,-0.41570996978851965,-0.37872853269056944,-0.4159132007233273,-0.3972474660729791,0.019357747829159364,142,0.8371267545853763,-0.7530880795191411,1.2322543052601913,-0.9691437888922833,0.5008254706906199,0.16959493242495263,0.8755143815733241,66,-12.914216824408973,-12.58515049205999,-13.835382145476922,-11.828896437548932,-12.308852523983765,-12.694499684695717,0.672285411230719,96,9.930074026734074,14.465975754638496,0.3972474660729791,12.694499684695717,0.16959493242495263
56.06681752204895,0.7153888232467304,0.24055919647216797,0.00820624346503604,True,squared_error,14,0.85,4,0.7,"{'bootstrap': True, 'criterion': 'squared_error', 'max_depth': 14, 'max_features': 0.85, 'max_samples': 0.7, 'min_samples_leaf': 4}",-9.65427031178945,-10.061698273641792,-10.264098608358186,-9.933902843110523,-9.722082052123055,-9.927210417804602,0.22280007753022574,109,-13.93509345403119,-15.198208383362374,-15.046652329045793,-13.97090545587806,-14.13174492577779,-14.45652090961904,0.5498261181383315,62,-0.40954394442766534,-0.3678474114441417,-0.41963746223564957,-0.37902982826152454,-0.4132007233273056,-0.39785187393925736,0.020500930322198824,155,0.8589931524990864,-0.8136632397048444,1.2538603671045363,-1.0118082072359158,0.4512075042788243,0.14771791538833734,0.9044693550803063,77,-12.835330136526307,-12.570477249832814,-13.72370201899986,-11.76964709716527,-12.310348194070546,-12.641900939318958,0.6455329212030148,74,9.927210417804602,14.45652090961904,0.39785187393925736,12.641900939318958,0.14771791538833734
67.76453289985656,1.3428694822230536,0.26729464530944824,0.011308291165584874,True,squared_error,14,0.85,2,0.85,"{'bootstrap': True, 'criterion': 'squared_error', 'max_depth': 14, 'max_features': 0.85, 'max_samples': 0.85, 'min_samples_leaf': 2}",-9.684698707600273,-10.029875507577664,-10.246066212821509,-9.897937547527404,-9.76927510017775,-9.92557061514092,0.19839762548200252,106,-13.972815714723401,-15.182895078338252,-15.009319319812906,-13.952038229003357,-14.223020852383561,-14.468017838852296,0.524507461477071,72,-0.4074297795228028,-0.36966394187102636,-0.4205438066465257,-0.3817414884001205,-0.41078963230861965,-0.398033729749819,0.01912058762593958,158,0.8339377048396249,-0.7659156993222548,1.2555874908214821,-0.9191449633969014,0.48548244543050634,0.17798939567449143,0.8695629298475285,62,-12.908526746326352,-12.530245391755779,-13.67473913759278,-11.760304888211973,-12.481762852651574,-12.671115803307691,0.6243235201106896,84,9.92557061514092,14.468017838852296,0.398033729749819,12.671115803307691,0.17798939567449143
63.87455520629883,1.1020144789706798,0.24505558013916015,0.0027490202384795348,True,squared_error,14,0.85,4,0.85,"{'bootstrap': True, 'criterion': 'squared_error', 'max_depth': 14, 'max_features': 0.85, 'max_samples': 0.85, 'min_samples_leaf': 4}",-9.644519799731784,-10.004927183563494,-10.220508831086146,-9.92164080814648,-9.760909294823497,-9.91050118347028,0.19913258495595845,100,-13.950296964857044,-15.16926099521761,-14.974413803980593,-13.971299290715521,-14.21662827343071,-14.456379865640296,0.5148713545695385,61,-0.4059196617336152,-0.3693611867998789,-0.41812688821752264,-0.3772220548357939,-0.4116937914406269,-0.3964647166054875,0.019470242661897078,130,0.813098064079522,-0.7940566009313021,1.2639393093093367,-1.0014199887815414,0.43203548671961584,0.14271925407912622,0.8918351476816295,79,-12.881388670788402,-12.468649809194313,-13.733209300834195,-11.823567451865907,-12.379279203938523,-12.657218887324268,0.634947390332893,80,9.91050118347028,14.456379865640296,0.3964647166054875,12.657218887324268,0.14271925407912622
74.8715476512909,1.5052731796078282,0.27136693000793455,0.003394462472259619,True,squared_error,14,0.85,2,1.0,"{'bootstrap': True, 'criterion': 'squared_error', 'max_depth': 14, 'max_features': 0.85, 'max_samples': 1.0, 'min_samples_leaf': 2}",-9.660001814440836,-10.04969896728451,-10.21644391281959,-9.932793628943974,-9.780622694368867,-9.927912203571555,0.1957429781607894,110,-13.966995474951876,-15.231930368125665,-15.005631044899475,-13.982378842611329,-14.244218748398474,-14.486230895797366,0.5306385608240319,86,-0.4044095439444277,-0.3693611867998789,-0.4163141993957704,-0.37902982826152454,-0.4132007233273056,-0.3964630963457815,0.01884565104125518,128,0.8145628715260238,-0.7093140749259171,1.2467570111602717,-0.9392771167051145,0.5019440160781509,0.18293454142668292,0.8588255047961265,60,-12.95044199971481,-12.643971844041163,-13.76748732161587,-11.863863793370736,-12.442580724020136,-12.733669136552544,0.6269146540308864,105,9.927912203571555,14.486230895797366,0.3964630963457815,12.733669136552544,0.18293454142668292
71.3806999206543,1.2258965123024637,0.25200796127319336,0.005972962616155219,True,squared_error,14,0.85,4,1.0,"{'bootstrap': True, 'criterion': 'squared_error', 'max_depth': 14, 'max_features': 0.85, 'max_samples': 1.0, 'min_samples_leaf': 4}",-9.646042325028326,-10.031223123311882,-10.218022818847855,-9.904828870210322,-9.780724059496855,-9.916168239379049,0.19788659895202937,102,-13.970673753490702,-15.258668350846031,-15.01849782810022,-13.971025157517486,-14.264028364954916,-14.496578690981872,0.5403780915825449,96,-0.40712775596496525,-0.36845292158643655,-0.41812688821752264,-0.3769207592648388,-0.41078963230861965,-0.3962835914684765,0.019771778849557324,122,0.8326492540920963,-0.7824075803664552,1.2523617709586077,-0.978016330904837,0.47596933799881896,0.16011129035564617,0.8864266506878546,73,-12.869045926731348,-12.550878281983872,-13.716391976972325,-11.84176291684848,-12.484119109644405,-12.692439642436087,0.6110247323418151,93,9.916168239379049,14.496578690981872,0.3962835914684765,12.692439642436087,0.16011129035564617
70.55952968597413,1.0101011692714388,0.26552667617797854,0.005107189452607223,True,squared_error,14,1.0,2,0.7,"{'bootstrap': True, 'criterion': 'squared_error', 'max_depth': 14, 'max_features': 1.0, 'max_samples': 0.7, 'min_samples_leaf': 2}",-9.684708874619876,-10.034329075672254,-10.309786750019228,-9.905684722067491,-9.783686698973243,-9.943639224270418,0.21742076272326427,144,-13.975055752006282,-15.19178595787016,-15.06533104907282,-14.011370640901479,-14.238336865898567,-14.496376053149863,0.5255271736876697,95,-0.40954394442766534,-0.36451710566151985,-0.41933534743202416,-0.38053630611630007,-0.4138034960819771,-0.39754723994389723,0.021275667089004118,145,0.8577851701513375,-0.7642468726076697,1.2688129860694954,-0.9576830150699221,0.46050593205631907,0.17303484011991205,0.884225340665671,65,-12.871016881356004,-12.71556541392123,-13.805895218463135,-11.757093295932277,-12.378088546888597,-12.70553187131225,0.6700806396633129,99,9.943639224270418,14.496376053149863,0.39754723994389723,12.70553187131225,0.17303484011991205
66.29819779396057,0.7733326630596827,0.23829164505004882,0.008346086591812164,True,squared_error,14,1.0,4,0.7,"{'bootstrap': True, 'criterion': 'squared_error', 'max_depth': 14, 'max_features': 1.0, 'max_samples': 0.7, 'min_samples_leaf': 4}",-9.688628673797025,-10.026695111713867,-10.285883539337233,-9.91203076780207,-9.754820161436813,-9.9336116508174,0.21223044284466314,124,-13.98886484094227,-15.190027648074782,-15.059784288996273,-14.013787687875745,-14.215687298506275,-14.49363035287907,0.523027536332323,93,-0.40712775596496525,-0.36754465637299427,-0.41812688821752264,-0.37812594154865925,-0.41139240506329117,-0.3964635294334865,0.01989204120955601,129,0.8366143746155839,-0.807210379321746,1.254623072164008,-0.9913369373846515,0.4144784767250718,0.1414337213596532,0.8922012222484064,80,-12.926216518284184,-12.541992615770665,-13.800244539042305,-11.795929411615704,-12.359609114073676,-12.684798439757307,0.6661429935294979,90,9.9336116508174,14.49363035287907,0.3964635294334865,12.684798439757307,0.1414337213596532
81.04537816047669,0.6262991162872436,0.26455154418945315,0.005407993575736953,True,squared_error,14,1.0,2,0.85,"{'bootstrap': True, 'criterion': 'squared_error', 'max_depth': 14, 'max_features': 1.0, 'max_samples': 0.85, 'min_samples_leaf': 2}",-9.670490712273109,-9.981044271206919,-10.277853374662334,-9.911972372484431,-9.82893581534964,-9.934059309195286,0.20070332987805914,126,-13.973712056718703,-15.179771529283618,-15.064625982975933,-14.009470584524095,-14.301981487359372,-14.505912328172347,0.5172091438853024,101,-0.4053156146179402,-0.3678474114441417,-0.4172205438066465,-0.3799337149743899,-0.4116937914406269,-0.396402215256749,0.019148222456914686,126,0.8554165277436473,-0.6948954290908336,1.229989504712947,-0.9357780106052928,0.5165608200741673,0.19425868256692708,0.8580588164242866,58,-12.984828193627228,-12.62228379650594,-13.791078903233952,-11.81284261977671,-12.564552648732134,-12.755117232375193,0.6430901549517473,106,9.934059309195286,14.505912328172347,0.396402215256749,12.755117232375193,0.19425868256692708
76.32804999351501,0.8839749666179484,0.23875198364257813,0.007165780464187539,True,squared_error,14,1.0,4,0.85,"{'bootstrap': True, 'criterion': 'squared_error', 'max_depth': 14, 'max_features': 1.0, 'max_samples': 0.85, 'min_samples_leaf': 4}",-9.678162928508035,-9.993797568954596,-10.26508900176844,-9.91446239341714,-9.818082298871946,-9.933918838304033,0.19619728951449913,125,-13.976667022819443,-15.200511191054181,-15.051241200921567,-14.008606429924253,-14.306900804312697,-14.508785329806425,0.519004667681919,102,-0.40652370884929023,-0.3642143505903724,-0.41933534743202416,-0.37842723711961435,-0.4089813140446052,-0.3954963916071813,0.02069619674538297,112,0.8085172741195757,-0.7472546720162231,1.2194437968539467,-0.9764601007867217,0.4619246311013233,0.15323418585438017,0.8658611916190292,76,-12.89799336957653,-12.693820111632354,-13.6937332721326,-11.809406691576575,-12.567819820800036,-12.73255465314362,0.6053221283143846,104,9.933918838304033,14.508785329806425,0.3954963916071813,12.73255465314362,0.15323418585438017
89.1211802482605,1.7508271987067698,0.27018299102783205,0.0058367425197954495,True,squared_error,14,1.0,2,1.0,"{'bootstrap': True, 'criterion': 'squared_error', 'max_depth': 14, 'max_features': 1.0, 'max_samples': 1.0, 'min_samples_leaf': 2}",-9.677556140049928,-10.01126806705802,-10.2567700644915,-9.895387823804327,-9.851456652621547,-9.938487749605065,0.19189472472647007,135,-14.01205426280095,-15.214380023168584,-15.052182418904476,-13.986866967341625,-14.342127053797492,-14.521522145202628,0.517542007256898,106,-0.40682573240712777,-0.36905843172873143,-0.4163141993957704,-0.3769207592648388,-0.41078963230861965,-0.39598175102101757,0.019175297994479833,117,0.8646637938979388,-0.7118739017090973,1.2461441465376295,-0.8764391507887785,0.5162191196271769,0.20774280151297386,0.8516014994073491,56,-12.956677877246246,-12.598810060765992,-13.815183613391296,-11.963985070239252,-12.619203306060626,-12.790771985540683,0.6044511136284806,112,9.938487749605065,14.521522145202628,0.39598175102101757,12.790771985540683,0.20774280151297386
85.26237916946411,1.4652285137129322,0.24703741073608398,0.009717992489055615,True,squared_error,14,1.0,4,1.0,"{'bootstrap': True, 'criterion': 'squared_error', 'max_depth': 14, 'max_features': 1.0, 'max_samples': 1.0, 'min_samples_leaf': 4}",-9.662400024147479,-10.00785746353637,-10.237113343260615,-9.912228277111298,-9.839656636587211,-9.931851148928596,0.18997408296854004,122,-14.000029787390512,-15.227976968815499,-15.04870543447566,-13.996141666551882,-14.337930975979347,-14.52215696664258,0.5212836593110938,107,-0.4050135910601027,-0.36845292158643655,-0.4151057401812689,-0.3769207592648388,-0.40807715491259794,-0.39471403340104894,0.018475509238670328,102,0.8526635401418505,-0.751665689862034,1.213980318977071,-0.9411959807990528,0.4536096306895953,0.16547836382948602,0.8626100815217609,68,-12.981124333095439,-12.560888014973841,-13.792983996363443,-11.900422138873036,-12.611911918325125,-12.769466080326179,0.6190240117961484,108,9.931851148928596,14.52215696664258,0.39471403340104894,12.769466080326179,0.16547836382948602
53.120496606826784,1.2590542982518609,0.2967817783355713,0.002669758467434415,True,squared_error,18,0.7,2,0.7,"{'bootstrap': True, 'criterion': 'squared_error', 'max_depth': 18, 'max_features': 0.7, 'max_samples': 0.7, 'min_samples_leaf': 2}",-9.66935283642669,-10.085032123544849,-10.26281562143038,-9.976168813980786,-9.78477852526792,-9.955629584130126,0.21103298285910896,156,-13.918896351578598,-15.16079110958392,-14.992522259857155,-13.969681083216674,-14.14160570195099,-14.436699301237468,0.5303874529477053,45,-0.40561763817577773,-0.37057220708446864,-0.4205438066465257,-0.377523350406749,-0.41470765521398434,-0.3977929315055011,0.020083625112102488,153,0.7783151696202576,-0.8095933200082721,1.2480796953713973,-1.1190766528858618,0.3571596527251253,0.09097690896452923,0.9118585806808686,101,-12.878715103507608,-12.515022209183545,-13.685726831398668,-11.730522299550698,-12.227816451519228,-12.607560579031949,0.6569524092103091,59,9.955629584130126,14.436699301237468,0.3977929315055011,12.607560579031949,0.09097690896452923
48.61802077293396,0.7523273529508331,0.25173230171203614,0.0037286933855046724,True,squared_error,18,0.7,4,0.7,"{'bootstrap': True, 'criterion': 'squared_error', 'max_depth': 18, 'max_features': 0.7, 'max_samples': 0.7, 'min_samples_leaf': 4}",-9.657411845814513,-10.066991933881052,-10.251497845219445,-9.96267106643157,-9.711072219931964,-9.929928982255708,0.22155301960531346,115,-13.927618912682565,-15.109655782908776,-14.979460669577005,-13.954237235022807,-14.089789201628427,-14.412152360363915,0.5209081823531032,37,-0.4044095439444277,-0.36996669694217377,-0.4214501510574018,-0.3763181681229286,-0.41500904159132007,-0.3974307203316504,0.020662269242362058,143,0.7750628242963195,-0.8517258298544148,1.2285822704013698,-1.1638529140551155,0.32077985510254625,0.06176924117814102,0.9245485158938433,122,-12.898403148893568,-12.454183282160386,-13.61973662462541,-11.690663509902905,-12.086305441163583,-12.549858401349171,0.6675887642100459,36,9.929928982255708,14.412152360363915,0.3974307203316504,12.549858401349171,0.06176924117814102
61.3845232963562,1.1094357212052148,0.3003331184387207,0.008190790647220331,True,squared_error,18,0.7,2,0.85,"{'bootstrap': True, 'criterion': 'squared_error', 'max_depth': 18, 'max_features': 0.7, 'max_samples': 0.85, 'min_samples_leaf': 2}",-9.663456526218994,-10.089205900058664,-10.225192153183588,-9.9867079261707,-9.76795290845046,-9.94650308281648,0.20573946601850915,146,-13.93482248026518,-15.230780956669697,-14.935263903691963,-13.982565364603326,-14.140351742615085,-14.44475688956905,0.5338066252866318,50,-0.40471156750226517,-0.36966394187102636,-0.41842900302114805,-0.3757155769810184,-0.41711874623267026,-0.3971277671216256,0.020608927720246323,139,0.7306191853289435,-0.8312521993883617,1.2427490530670244,-1.0807966959057553,0.38128659947518784,0.08852118851540773,0.8992809112393026,104,-12.841337567513142,-12.522121651643738,-13.703568733822934,-11.85193238702861,-12.165887531538043,-12.616969574309294,0.6369916428803547,67,9.94650308281648,14.44475688956905,0.3971277671216256,12.616969574309294,0.08852118851540773
56.733287763595584,0.6789317112415455,0.26509900093078614,0.008234440933474071,True,squared_error,18,0.7,4,0.85,"{'bootstrap': True, 'criterion': 'squared_error', 'max_depth': 18, 'max_features': 0.7, 'max_samples': 0.85, 'min_samples_leaf': 4}",-9.659097469754013,-10.078624482791994,-10.256436853824479,-9.972809506842662,-9.743866705587507,-9.94216700376013,0.2180717838585058,142,-13.959652544971792,-15.234663557620635,-14.997495280289389,-13.996212318937191,-14.128935284443846,-14.46339179725257,0.5411095484540841,66,-0.4013893083660526,-0.37208598244020585,-0.4214501510574018,-0.3772220548357939,-0.4138034960819771,-0.39719019855628623,0.019550590291206517,141,0.7344433640775992,-0.8775671363708144,1.255868782735878,-1.1537711814578329,0.40979708230651796,0.07375418225826963,0.933665970693245,115,-12.946957750495283,-12.364154766163203,-13.657968335847592,-11.689452157329171,-12.268702275394165,-12.585447057045883,0.6682957833155583,48,9.94216700376013,14.46339179725257,0.39719019855628623,12.585447057045883,0.07375418225826963
68.41805200576782,1.157752004798643,0.3087749481201172,0.008875281884744582,True,squared_error,18,0.7,2,1.0,"{'bootstrap': True, 'criterion': 'squared_error', 'max_depth': 18, 'max_features': 0.7, 'max_samples': 1.0, 'min_samples_leaf': 2}",-9.649294564823759,-10.06372436381551,-10.222119504035769,-9.947960887821022,-9.773382694369074,-9.931296402973027,0.203398486751754,120,-13.928438180215824,-15.200326377094056,-14.962826445206794,-13.975435026236328,-14.196553514117957,-14.452715908574191,0.5267670304139135,53,-0.40380549682875266,-0.36845292158643655,-0.4163141993957704,-0.3796324194034348,-0.4138034960819771,-0.3964017066592743,0.019060374251747024,125,0.7476928004495619,-0.7969194633754703,1.2274122603539592,-1.059305198320032,0.4238744729844343,0.10855097441849067,0.8880930709804717,90,-12.873756606738956,-12.575290298337489,-13.75107044271771,-11.7069239021642,-12.321376285971938,-12.645683507186058,0.6730969602647361,77,9.931296402973027,14.452715908574191,0.3964017066592743,12.645683507186058,0.10855097441849067
63.23951983451843,1.5231774511851468,0.2707842826843262,0.006633637446989471,True,squared_error,18,0.7,4,1.0,"{'bootstrap': True, 'criterion': 'squared_error', 'max_depth': 18, 'max_features': 0.7, 'max_samples': 1.0, 'min_samples_leaf': 4}",-9.654283284048677,-10.060644846457567,-10.207222148433164,-9.94653388123412,-9.77173850088537,-9.92808453221178,0.1976064923980174,112,-13.946576146101302,-15.201126138094693,-14.937324319473785,-13.997776968738908,-14.184568233739503,-14.453474361229635,0.5157538911083892,56,-0.40682573240712777,-0.37026945201332123,-0.41842900302114805,-0.3757155769810184,-0.41470765521398434,-0.39718948392731995,0.020182554739773297,140,0.7548271910285199,-0.8073128658418018,1.196614175828058,-1.1097755446944235,0.3949117073472004,0.0858529327335106,0.8948862523661131,107,-12.79308269598389,-12.495402915770185,-13.626966871229111,-11.75990413752015,-12.257610970536218,-12.586593518207911,0.6204796642924892,49,9.92808453221178,14.453474361229635,0.39718948392731995,12.586593518207911,0.0858529327335106
63.20272898674011,1.3939990052905018,0.2912224292755127,0.00792325343499152,True,squared_error,18,0.85,2,0.7,"{'bootstrap': True, 'criterion': 'squared_error', 'max_depth': 18, 'max_features': 0.85, 'max_samples': 0.7, 'min_samples_leaf': 2}",-9.659455515911898,-10.027582673710025,-10.279130069556327,-9.960917087375188,-9.789086387130927,-9.943234346736874,0.21191756626722646,143,-13.938258288818446,-15.16314394128663,-15.029906586297653,-14.004731775921005,-14.18782025649326,-14.464772169763398,0.5239573328183086,68,-0.4059196617336152,-0.36845292158643655,-0.41963746223564957,-0.37842723711961435,-0.4153104279686558,-0.39754954212879434,0.020423809921327047,146,0.7692357191524616,-0.7742373891840383,1.1932326381631144,-1.0854258615983885,0.37832618920280325,0.09622625914719049,0.882037844644348,96,-12.845757693191254,-12.55702525669241,-13.669373852610276,-11.726813446796655,-12.240738362944601,-12.607941722447041,0.6476129144403033,60,9.943234346736874,14.464772169763398,0.39754954212879434,12.607941722447041,0.09622625914719049
58.5536527633667,1.7048742438525306,0.25945329666137695,0.008228884204334276,True,squared_error,18,0.85,4,0.7,"{'bootstrap': True, 'criterion': 'squared_error', 'max_depth': 18, 'max_features': 0.85, 'max_samples': 0.7, 'min_samples_leaf': 4}",-9.661196660812026,-10.034167027748566,-10.252590462313538,-9.965235773816831,-9.751076022294013,-9.932853189396996,0.20994535351379687,123,-13.911798450899587,-15.190985446186483,-15.023160238853878,-14.011353546428351,-14.168094637567947,-14.46107846398725,0.5363768602567877,65,-0.40712775596496525,-0.3642143505903724,-0.4169184290030212,-0.3796324194034348,-0.4159132007233273,-0.3967612311370242,0.021134195166008684,134,0.7583772794143315,-0.8429021987347175,1.2490012537840927,-1.1034980845971216,0.37101177947223196,0.08639800586776339,0.9125413998986541,106,-12.796442624662264,-12.617933387461655,-13.793575572566361,-11.671471186714372,-12.168509900818986,-12.609586534444727,0.708720525055783,61,9.932853189396996,14.46107846398725,0.3967612311370242,12.609586534444727,0.08639800586776339
73.2760241985321,0.9041364289490602,0.2930759429931641,0.009615735766789727,True,squared_error,18,0.85,2,0.85,"{'bootstrap': True, 'criterion': 'squared_error', 'max_depth': 18, 'max_features': 0.85, 'max_samples': 0.85, 'min_samples_leaf': 2}",-9.65771465552441,-10.041097447118496,-10.229336398174516,-9.965691720403399,-9.791914867018429,-9.93715101764785,0.19807571705457636,134,-13.937766741055594,-15.195744679708145,-14.987806175215004,-14.017723330717526,-14.21515231841097,-14.470838649021449,0.5191529306225092,74,-0.40410752038659015,-0.36693914623069934,-0.41812688821752264,-0.3793311238324797,-0.4125979505726341,-0.39622052584798517,0.01976342343047872,121,0.7215054485888919,-0.8003132121657844,1.2093648281866325,-1.0225000865430292,0.41723917619152495,0.10505923085164712,0.8704070754261184,92,-12.842151631060965,-12.591712181538284,-13.67850471793909,-11.788106843837395,-12.371794417593362,-12.65445395839382,0.6194030422783964,78,9.93715101764785,14.470838649021449,0.39622052584798517,12.65445395839382,0.10505923085164712
68.06503629684448,1.2353248133373984,0.2621472835540771,0.006677794240907822,True,squared_error,18,0.85,4,0.85,"{'bootstrap': True, 'criterion': 'squared_error', 'max_depth': 18, 'max_features': 0.85, 'max_samples': 0.85, 'min_samples_leaf': 4}",-9.68095781602624,-10.007427021463474,-10.242991810159417,-9.922904089697703,-9.787303595614391,-9.928316866592244,0.19306956122354033,113,-13.996503251389203,-15.190633277425317,-15.035242485201815,-13.95844534475728,-14.20412541155077,-14.476989954064877,0.5282317149413264,80,-0.4028994261552401,-0.3651226158038147,-0.41661631419939577,-0.37782464597770415,-0.4116937914406269,-0.39483135871535635,0.019979275855723413,106,0.7633843597376677,-0.8281883193523306,1.2353888743099768,-1.0843972011174108,0.3893511673099732,0.09510777617757529,0.9030084628177404,97,-12.961475616174772,-12.570076879383544,-13.775721561128968,-11.696572712598881,-12.359495059803455,-12.672668365817923,0.6872410401695382,86,9.928316866592244,14.476989954064877,0.39483135871535635,12.672668365817923,0.09510777617757529
81.38885207176209,1.8057287963955708,0.29673261642456056,0.008293841677064793,True,squared_error,18,0.85,2,1.0,"{'bootstrap': True, 'criterion': 'squared_error', 'max_depth': 18, 'max_features': 0.85, 'max_samples': 1.0, 'min_samples_leaf': 2}",-9.664074476329034,-10.024614077573174,-10.224954186773562,-9.951924883145265,-9.786252882178868,-9.93036410119998,0.19380890157283812,119,-13.950949782073762,-15.205437961768848,-14.98457191137053,-14.010943754173304,-14.213264563963941,-14.473033594670076,0.5199357813764169,76,-0.4035034732709151,-0.368755676657584,-0.41661631419939577,-0.3757155769810184,-0.41139240506329117,-0.39519668923444085,0.01933258951406544,110,0.7534124233655396,-0.7808088373715243,1.2049482366709,-1.0178719195673998,0.4253879317807384,0.11701356697565075,0.8692238188317217,86,-12.908794582667943,-12.533780257958151,-13.717540616969247,-11.889383234208074,-12.411071143120134,-12.69211396698471,0.6077633693001532,91,9.93036410119998,14.473033594670076,0.39519668923444085,12.69211396698471,0.11701356697565075
76.58605523109436,1.236867371875459,0.272092342376709,0.0022871907725634188,True,squared_error,18,0.85,4,1.0,"{'bootstrap': True, 'criterion': 'squared_error', 'max_depth': 18, 'max_features': 0.85, 'max_samples': 1.0, 'min_samples_leaf': 4}",-9.624421078510425,-10.021540976085875,-10.217924884933574,-9.934261113612001,-9.793871266904835,-9.918403864009342,0.20126390840845665,104,-13.92978381905619,-15.224908338916983,-14.996112095885008,-13.961945562513982,-14.270481774089104,-14.476646318092254,0.5359514951850358,79,-0.40320144971307764,-0.3672419013018468,-0.4169184290030212,-0.37601687255197347,-0.4089813140446052,-0.3944719933229049,0.019352703509120592,98,0.7537499669346974,-0.8065524835109809,1.1952792625923545,-1.0554927225607342,0.3840613246804167,0.09420906962715069,0.8791529652328988,98,-12.869709487441499,-12.546210631069613,-13.687574539243052,-11.806343064863444,-12.443028864730977,-12.670573317469717,0.6145051968112574,83,9.918403864009342,14.476646318092254,0.3944719933229049,12.670573317469717,0.09420906962715069
75.3529899597168,1.1036163915213522,0.29559502601623533,0.015790693021056592,True,squared_error,18,1.0,2,0.7,"{'bootstrap': True, 'criterion': 'squared_error', 'max_depth': 18, 'max_features': 1.0, 'max_samples': 0.7, 'min_samples_leaf': 2}",-9.669169493507109,-10.027954072557268,-10.290900508179973,-9.94995267456195,-9.805341273999467,-9.948663604561153,0.21074771019711275,150,-13.936465207113693,-15.178857974287904,-15.034324597664627,-14.035980031066694,-14.250834869940117,-14.487292536014607,0.5177862074484176,88,-0.40924192086982786,-0.36481986073266726,-0.41812688821752264,-0.3793311238324797,-0.4132007233273056,-0.3969441033959606,0.02100670557133179,137,0.7580103718136755,-0.8108258494163832,1.1983662493169944,-1.0642278423461011,0.3766012168067381,0.09158482923498475,0.8832406717940399,100,-12.73962824135687,-12.632437560595166,-13.73897144772939,-11.712359300287691,-12.320818812726108,-12.628843072539045,0.6602261328984965,70,9.948663604561153,14.487292536014607,0.3969441033959606,12.628843072539045,0.09158482923498475
69.01523857116699,1.6466355965275576,0.24880294799804686,0.004054932356657627,True,squared_error,18,1.0,4,0.7,"{'bootstrap': True, 'criterion': 'squared_error', 'max_depth': 18, 'max_features': 1.0, 'max_samples': 0.7, 'min_samples_leaf': 4}",-9.679798608802344,-10.023465669044002,-10.277965886509993,-9.940666620614856,-9.75496696636739,-9.935372750267717,0.2111979323064269,127,-13.973253701002845,-15.183764746445574,-15.046847841731852,-14.037582783814953,-14.202420614921682,-14.48877393758338,0.5188046846081431,89,-0.40712775596496525,-0.36542537087496213,-0.4169184290030212,-0.37842723711961435,-0.4116937914406269,-0.39591851688063795,0.020254774540548803,116,0.7798947792047354,-0.8396146718554797,1.209041403316736,-1.070948428277316,0.3573047883263244,0.08713557414300002,0.8957236164291206,105,-12.845713949440444,-12.565973423245106,-13.776084829466114,-11.71918578040139,-12.281302226234898,-12.63765204175759,0.6804443045809088,73,9.935372750267717,14.48877393758338,0.39591851688063795,12.63765204175759,0.08713557414300002
87.4465096950531,2.463004140159363,0.2929556846618652,0.004151112699850882,True,squared_error,18,1.0,2,0.85,"{'bootstrap': True, 'criterion': 'squared_error', 'max_depth': 18, 'max_features': 1.0, 'max_samples': 0.85, 'min_samples_leaf': 2}",-9.677500241201447,-10.001947296790814,-10.290715671076532,-9.939035087165598,-9.840622855461453,-9.94996423033917,0.20254648423006666,152,-13.958875366059344,-15.198636253230433,-15.056726342462099,-14.017127552127858,-14.296370533880454,-14.505547209552038,0.5225570986779506,100,-0.40622168529145275,-0.3657281259461096,-0.4175226586102719,-0.3796324194034348,-0.40958408679927666,-0.39573779521010916,0.019678289532286827,114,0.7451438342512368,-0.7565939145714865,1.167095277735502,-1.047162860428973,0.4480286422400321,0.11130219584526224,0.8631481795301545,89,-12.828763767220757,-12.63965323736359,-13.721184602231487,-11.711160285928118,-12.55987699388283,-12.692127777325357,0.6418984980297329,92,9.94996423033917,14.505547209552038,0.39573779521010916,12.692127777325357,0.11130219584526224
80.75828046798706,1.47165023877002,0.25747361183166506,0.0050667129744312155,True,squared_error,18,1.0,4,0.85,"{'bootstrap': True, 'criterion': 'squared_error', 'max_depth': 18, 'max_features': 1.0, 'max_samples': 0.85, 'min_samples_leaf': 4}",-9.66934498646772,-9.985704529318003,-10.254430590041396,-9.941240201742678,-9.826583614001668,-9.935460784314294,0.19337602158602676,128,-13.962367849626013,-15.187069368238122,-15.025947477890162,-14.02473521521682,-14.29613367658497,-14.499250717511217,0.5109146076875147,98,-0.4050135910601027,-0.36451710566151985,-0.41812688821752264,-0.3769207592648388,-0.4104882459312839,-0.3950133180270536,0.02064497823943791,109,0.7404411625372027,-0.7861970142779131,1.1815005496898283,-1.0618998544564657,0.4122957245608807,0.09722811361070657,0.8732302038249339,94,-12.851156576940827,-12.618759685289625,-13.675192222727729,-11.778789213686224,-12.471586507103721,-12.679096841149626,0.6130359691019216,89,9.935460784314294,14.499250717511217,0.3950133180270536,12.679096841149626,0.09722811361070657
97.80953164100647,2.1495037283056844,0.3155482769012451,0.022296451566021936,True,squared_error,18,1.0,2,1.0,"{'bootstrap': True, 'criterion': 'squared_error', 'max_depth': 18, 'max_features': 1.0, 'max_samples': 1.0, 'min_samples_leaf': 2}",-9.656649738417451,-10.026639289264255,-10.24544036570413,-9.933265587401227,-9.874204346841916,-9.947239865525795,0.19245773364974358,147,-13.98096590289808,-15.237009770986427,-15.021262609263493,-14.009438644331713,-14.343765542989807,-14.518488494093901,0.5191618305428728,105,-0.4044095439444277,-0.368755676657584,-0.41570996978851965,-0.37601687255197347,-0.40867992766726946,-0.39471439812195486,0.018725910285541908,103,0.7549629884382263,-0.7973403217270318,1.1736712748765508,-1.0059611857031086,0.4081527203492174,0.10669709524677082,0.8607961621235157,91,-12.87261005923045,-12.514111038495663,-13.73446930607633,-11.870882736072138,-12.57996340300154,-12.714407308575225,0.6058518058124491,101,9.947239865525795,14.518488494093901,0.39471439812195486,12.714407308575225,0.10669709524677082
90.35545725822449,2.5405188571193937,0.25974526405334475,0.003724482471920973,True,squared_error,18,1.0,4,1.0,"{'bootstrap': True, 'criterion': 'squared_error', 'max_depth': 18, 'max_features': 1.0, 'max_samples': 1.0, 'min_samples_leaf': 4}",-9.638683909598932,-10.004266968121417,-10.228826416549829,-9.934632954803734,-9.850306909999437,-9.931343431814671,0.19289442870511883,121,-13.964013775460176,-15.231583045124115,-15.021208599656655,-14.006679210157984,-14.334878465618957,-14.511672619203576,0.5223222495312488,103,-0.4025974025974026,-0.36693914623069934,-0.4141993957703928,-0.3766194636938837,-0.40807715491259794,-0.3936865126409953,0.01851474379371472,92,0.768707536041718,-0.7885761806585745,1.1615647866386483,-1.0520897036926087,0.37961370809136546,0.0938440292841097,0.8682122119682233,99,-12.92530873087629,-12.557519253708653,-13.749888724490836,-11.792464420175127,-12.534297123643011,-12.711895650578786,0.6361920874159631,100,9.931343431814671,14.511672619203576,0.3936865126409953,12.711895650578786,0.0938440292841097
54.659155988693236,1.983556335996555,0.2963231086730957,0.011639819518490958,True,squared_error,,0.7,2,0.7,"{'bootstrap': True, 'criterion': 'squared_error', 'max_depth': None, 'max_features': 0.7, 'max_samples': 0.7, 'min_samples_leaf': 2}",-9.672473127315094,-10.081844659458572,-10.270730566163722,-10.024604995745776,-9.765338480712575,-9.962998365879148,0.21729853652514047,161,-13.908046358237492,-15.160102143901643,-14.981799831068862,-14.004797908564552,-14.116268626290717,-14.434202973612653,0.5270870263478689,42,-0.40712775596496525,-0.36905843172873143,-0.42084592145015104,-0.3766194636938837,-0.4180229053646775,-0.3983348956404818,0.021449241135260935,163,0.7556785355795479,-0.878585373712304,1.2222848270868667,-1.1811375260300392,0.3167085797047374,0.046989808525761775,0.9296550409578949,136,-12.806977060773056,-12.468566620516786,-13.654659350918687,-11.74058741279461,-12.05920409029007,-12.54599890705864,0.6616479735056404,34,9.962998365879148,14.434202973612653,0.3983348956404818,12.54599890705864,0.046989808525761775
49.92612371444702,0.43423910409654937,0.2655993938446045,0.012173896035721032,True,squared_error,,0.7,4,0.7,"{'bootstrap': True, 'criterion': 'squared_error', 'max_depth': None, 'max_features': 0.7, 'max_samples': 0.7, 'min_samples_leaf': 4}",-9.693553905651157,-10.064267596307525,-10.264140242110454,-9.96765476998537,-9.733841161739287,-9.944691535158757,0.21184957392097511,145,-13.95137155507867,-15.14157089094167,-15.004203830133465,-13.966900472832704,-14.095949674724578,-14.431999284742215,0.5274768555766332,41,-0.4077318030806403,-0.3708749621556161,-0.4205438066465257,-0.3769207592648388,-0.4165159734779988,-0.3985174609251239,0.02061327592664124,165,0.7456585555291656,-0.9197001468215865,1.2706945621396273,-1.1430871980643746,0.34233960112873557,0.05918107478231346,0.9405160773284423,125,-12.801567577395573,-12.328369912511041,-13.714189368558824,-11.706131003679369,-12.095791523587588,-12.52920987714648,0.6905073648408373,28,9.944691535158757,14.431999284742215,0.3985174609251239,12.52920987714648,0.05918107478231346
62.86422719955444,0.8941077362720689,0.311144495010376,0.012622021061292014,True,squared_error,,0.7,2,0.85,"{'bootstrap': True, 'criterion': 'squared_error', 'max_depth': None, 'max_features': 0.7, 'max_samples': 0.85, 'min_samples_leaf': 2}",-9.686482767313786,-10.094524154213378,-10.269069323490095,-9.984627392810731,-9.74863327903985,-9.956667383373567,0.21617545600922428,157,-13.934763500205834,-15.18948388031948,-14.978657335257223,-13.964110094674679,-14.126689792902868,-14.438740920672018,0.535120228335173,47,-0.40320144971307764,-0.3693611867998789,-0.4202416918429003,-0.37872853269056944,-0.4180229053646775,-0.39791115328222076,0.020563055606930718,157,0.682933132931924,-0.8815619694610011,1.1952582735855404,-1.1477235192858861,0.3611607592003909,0.04201333539419363,0.9067604181463057,139,-12.858852451578107,-12.471481186982416,-13.640159721898039,-11.666540953153921,-12.092392436510858,-12.545885350024667,0.6752515350573977,33,9.956667383373567,14.438740920672018,0.39791115328222076,12.545885350024667,0.04201333539419363
57.475525045394896,1.473407290149173,0.26503658294677734,0.004967378729551065,True,squared_error,,0.7,4,0.85,"{'bootstrap': True, 'criterion': 'squared_error', 'max_depth': None, 'max_features': 0.7, 'max_samples': 0.85, 'min_samples_leaf': 4}",-9.70264175330795,-10.045842539159798,-10.24333553909858,-9.961040547138596,-9.744903670608059,-9.939552809862596,0.1990267882068888,137,-13.975631443035594,-15.168374774934696,-14.983268739344453,-13.983262030232368,-14.164960672520754,-14.455099532013572,0.5146698199739004,59,-0.4022953790395651,-0.37057220708446864,-0.4187311178247734,-0.3751129858391082,-0.4141048824593128,-0.39616331444944564,0.019833451231424718,120,0.75147115622595,-0.8365479546516251,1.2334597091774784,-1.1433344516356525,0.3452712367011671,0.07006393916346354,0.915185811796732,117,-12.993081022322349,-12.425776148950368,-13.704254066303667,-11.75340021324268,-12.183115117340614,-12.611925313631934,0.6773561577389108,63,9.939552809862596,14.455099532013572,0.39616331444944564,12.611925313631934,0.07006393916346354
71.80336174964904,0.7949244686238733,0.3160059452056885,0.0030106884670985075,True,squared_error,,0.7,2,1.0,"{'bootstrap': True, 'criterion': 'squared_error', 'max_depth': None, 'max_features': 0.7, 'max_samples': 1.0, 'min_samples_leaf': 2}",-9.647088199366213,-10.051919296242943,-10.20478578254608,-9.987284150844635,-9.7923431768263,-9.936684121165234,0.19617243208422372,132,-13.914141018581413,-15.173658491336443,-14.891662307370451,-13.972445069258502,-14.170627554544314,-14.424506888218223,0.511615135666628,38,-0.40410752038659015,-0.3651226158038147,-0.41963746223564957,-0.3769207592648388,-0.4144062688366486,-0.3960389253055084,0.021357316995258266,118,0.6950050618196197,-0.8406894163236889,1.1844163801346843,-1.1421036733818442,0.3701184490837899,0.05334936026651218,0.8966371159064483,131,-12.79621479364211,-12.613885693770023,-13.570287674036477,-11.733474822021986,-12.261471881734426,-12.595066973041003,0.6075354681455192,55,9.936684121165234,14.424506888218223,0.3960389253055084,12.595066973041003,0.05334936026651218
64.23544464111328,0.9739539801754363,0.2746953010559082,0.005277566082173214,True,squared_error,,0.7,4,1.0,"{'bootstrap': True, 'criterion': 'squared_error', 'max_depth': None, 'max_features': 0.7, 'max_samples': 1.0, 'min_samples_leaf': 4}",-9.655826226890374,-10.090953451021011,-10.209672676097863,-9.96416503490996,-9.785636983868073,-9.941250874557458,0.2003342687400484,140,-13.920863261196299,-15.247974656483814,-14.96244838043418,-13.9936439780249,-14.207848908365253,-14.46655583690089,0.5375648936914099,71,-0.4053156146179402,-0.36633363608840447,-0.4190332326283988,-0.3772220548357939,-0.4138034960819771,-0.3963416068505029,0.02081535899228493,123,0.7065762931106003,-0.8798233917068471,1.282879143116231,-1.174582441245216,0.3567030217713943,0.05835052500923249,0.9390394233046067,126,-12.783127698853658,-12.572050655336646,-13.71317466532035,-11.650409196634703,-12.255019715481339,-12.59475638632534,0.6773583052692721,54,9.941250874557458,14.46655583690089,0.3963416068505029,12.59475638632534,0.05835052500923249
66.35367541313171,2.186466740796369,0.2925440311431885,0.00784420591310627,True,squared_error,,0.85,2,0.7,"{'bootstrap': True, 'criterion': 'squared_error', 'max_depth': None, 'max_features': 0.85, 'max_samples': 0.7, 'min_samples_leaf': 2}",-9.6517485497712,-10.054903161866,-10.260791396921306,-10.002801874467135,-9.820672062773028,-9.958183409159734,0.20771557750954134,159,-13.914768781272171,-15.191512980797308,-15.015093318423375,-14.035690969217965,-14.241548339203925,-14.479722877782951,0.5227487421842768,84,-0.40471156750226517,-0.3642143505903724,-0.41812688821752264,-0.3766194636938837,-0.41470765521398434,-0.3956759850436057,0.02145168861226172,113,0.7220192796788991,-0.837971223467666,1.1615856187395455,-1.1773892101838774,0.3024111537169108,0.0341311236967624,0.8994066879200149,143,-12.816248240040778,-12.653169656080506,-13.658984075808316,-11.716617853102454,-12.20508361639303,-12.610020688285019,0.6491314940740506,62,9.958183409159734,14.479722877782951,0.3956759850436057,12.610020688285019,0.0341311236967624
59.73836035728455,1.2309696900268543,0.2551242828369141,0.003553067239087378,True,squared_error,,0.85,4,0.7,"{'bootstrap': True, 'criterion': 'squared_error', 'max_depth': None, 'max_features': 0.85, 'max_samples': 0.7, 'min_samples_leaf': 4}",-9.656903422681113,-10.064633146239986,-10.291035376837392,-9.968796007974015,-9.772755932023443,-9.95082477715119,0.2223136695614727,153,-13.896761223656716,-15.203925141750913,-15.047556485054951,-14.030427103259441,-14.202663110470162,-14.476266612838435,0.5413533584816324,78,-0.40682573240712777,-0.36845292158643655,-0.41812688821752264,-0.377523350406749,-0.41742013261000604,-0.39766980504556837,0.020745624166245227,149,0.7354306279291398,-0.8735481287569127,1.229809365605728,-1.1229185628343796,0.37367585402892917,0.06848983119450094,0.915805773648489,118,-12.772464009491664,-12.472536488392192,-13.776732694178733,-11.715669289871688,-12.15374031267934,-12.578228558922724,0.6941914937653942,46,9.95082477715119,14.476266612838435,0.39766980504556837,12.578228558922724,0.06848983119450094
76.61596488952637,1.6579178805149088,0.3063847064971924,0.007662203322780739,True,squared_error,,0.85,2,0.85,"{'bootstrap': True, 'criterion': 'squared_error', 'max_depth': None, 'max_features': 0.85, 'max_samples': 0.85, 'min_samples_leaf': 2}",-9.665538440202818,-10.015857607651204,-10.26213702145175,-9.991957482253053,-9.801053754402005,-9.947308861192166,0.20327042426427613,148,-13.949974163482656,-15.1479285594405,-15.00153020587742,-14.020835177391065,-14.20745783913944,-14.465545189066216,0.5065800153000701,69,-0.40471156750226517,-0.36603088101725706,-0.41661631419939577,-0.38294667068394095,-0.41199517781796263,-0.39646012224416427,0.019101039078439633,127,0.6849822775773386,-0.8310323224364253,1.1550425507775206,-1.0781710778425146,0.3263428911688413,0.05143286384895211,0.8659866735614079,133,-12.787527647973917,-12.54651692186287,-13.70227135028241,-11.638417417875129,-12.290673763717656,-12.593081420342397,0.6742571671152192,53,9.947308861192166,14.465545189066216,0.39646012224416427,12.593081420342397,0.05143286384895211
69.24325938224793,2.367689249396234,0.263659143447876,0.007754238758247669,True,squared_error,,0.85,4,0.85,"{'bootstrap': True, 'criterion': 'squared_error', 'max_depth': None, 'max_features': 0.85, 'max_samples': 0.85, 'min_samples_leaf': 4}",-9.650157937955075,-10.042012313313665,-10.228083443129691,-9.967786085757451,-9.758886959643409,-9.92938534795986,0.20514270592091705,114,-13.954378834341904,-15.184701341798878,-14.975274159605975,-13.989469459874982,-14.198489923920585,-14.460462743908465,0.5169405567269737,64,-0.4025974025974026,-0.36603088101725706,-0.4175226586102719,-0.3727026212714673,-0.41561181434599154,-0.394893075568478,0.021569252914114365,108,0.7194966734582655,-0.8410868871125029,1.1677543516382596,-1.1547089797125047,0.383739220722803,0.05503887579886406,0.9004682191686529,129,-12.878442017400436,-12.56850979435171,-13.6469692838936,-11.823202471690855,-12.202042663689298,-12.62383324620518,0.6218698569491524,69,9.92938534795986,14.460462743908465,0.394893075568478,12.62383324620518,0.05503887579886406
85.9031891822815,2.7193623865566106,0.3111612796783447,0.007055556229023399,True,squared_error,,0.85,2,1.0,"{'bootstrap': True, 'criterion': 'squared_error', 'max_depth': None, 'max_features': 0.85, 'max_samples': 1.0, 'min_samples_leaf': 2}",-9.630964485431791,-10.02972592377179,-10.254782380423089,-9.946316883745627,-9.816744205064355,-9.935706775687331,0.20870140048233707,130,-13.898072695222126,-15.219273407868043,-15.017592899658814,-13.981484974755752,-14.239525379375197,-14.471189871375987,0.544082322285424,75,-0.4044095439444277,-0.3672419013018468,-0.41450151057401813,-0.37842723711961435,-0.4125979505726341,-0.3954356287025082,0.01909322365270562,111,0.689197987904798,-0.800203802404074,1.1690617146839957,-1.0986118642942986,0.32392797383281097,0.0566744019446464,0.8692344569878201,128,-12.759543670357521,-12.565998172661818,-13.780220100147396,-11.69010070046137,-12.2888058033531,-12.616933689396241,0.6845224037166603,66,9.935706775687331,14.471189871375987,0.3954356287025082,12.616933689396241,0.0566744019446464
77.86670155525208,1.9564725570250157,0.2744581699371338,0.008204068714474407,True,squared_error,,0.85,4,1.0,"{'bootstrap': True, 'criterion': 'squared_error', 'max_depth': None, 'max_features': 0.85, 'max_samples': 1.0, 'min_samples_leaf': 4}",-9.637109379990502,-10.036349346645427,-10.224379404727392,-9.95355204220459,-9.77729924142454,-9.92573788299849,0.2037330237855247,107,-13.93683161532641,-15.214144437829358,-14.983102343916935,-14.01950017750986,-14.23979797577867,-14.478675310072244,0.5209338236467019,83,-0.4083358501963153,-0.36845292158643655,-0.4178247734138973,-0.3766194636938837,-0.41229656419529837,-0.3967059146171662,0.020129714745159358,133,0.7267992881071066,-0.8248347126938856,1.1863197486903634,-1.1351012376097742,0.3633396390110708,0.06330454510097616,0.8962563517586135,121,-12.690422189375438,-12.500259998332764,-13.654885827119585,-11.707375288180076,-12.297748466844062,-12.570138353970385,0.6347573748213606,43,9.92573788299849,14.478675310072244,0.3967059146171662,12.570138353970385,0.06330454510097616
79.66833653450013,1.2940197333837613,0.2951352596282959,0.0036727711266863828,True,squared_error,,1.0,2,0.7,"{'bootstrap': True, 'criterion': 'squared_error', 'max_depth': None, 'max_features': 1.0, 'max_samples': 0.7, 'min_samples_leaf': 2}",-9.685176628141594,-10.050236807837322,-10.296225361985558,-9.976810634356884,-9.819164692977306,-9.965522825059733,0.20817431849249224,162,-13.956771450231447,-15.190708093007236,-15.030548874410881,-14.048462885520484,-14.255197339821146,-14.49633772859824,0.5133038246870992,94,-0.4074297795228028,-0.3657281259461096,-0.4190332326283988,-0.37782464597770415,-0.4141048824593128,-0.3968241333068656,0.021129554222237217,135,0.7341047886641358,-0.8326452957119014,1.1687056704652639,-1.1087282190765182,0.3377744019676666,0.05984226926172933,0.8858380549330304,124,-12.786597765397987,-12.601698991949613,-13.680216913270446,-11.735711936329956,-12.263727771844039,-12.613590675758408,0.6420030418049956,64,9.965522825059733,14.49633772859824,0.3968241333068656,12.613590675758408,0.05984226926172933
71.2859824180603,2.5227906912278075,0.2524256229400635,0.006464250034885112,True,squared_error,,1.0,4,0.7,"{'bootstrap': True, 'criterion': 'squared_error', 'max_depth': None, 'max_features': 1.0, 'max_samples': 0.7, 'min_samples_leaf': 4}",-9.687933871240432,-10.024307069269955,-10.28369811655395,-9.951868376193312,-9.759573744488865,-9.941476235549302,0.2104552238333404,141,-13.981965350085352,-15.182309864355526,-15.049537878772277,-14.04423335234324,-14.208735323133995,-14.49335635373808,0.5154097765162113,92,-0.40682573240712777,-0.3651226158038147,-0.41570996978851965,-0.3763181681229286,-0.4101868595539482,-0.3948326691352678,0.020203566166971106,107,0.7688318033626047,-0.848662683295509,1.2007625465530907,-1.0872839661394373,0.3389861751153826,0.07452677511922631,0.8969379280618803,114,-12.851652245215535,-12.56515481213665,-13.813068602792264,-11.778044698546363,-12.309706764602089,-12.66352542465858,0.6746527635658046,82,9.941476235549302,14.49335635373808,0.3948326691352678,12.66352542465858,0.07452677511922631
91.99418115615845,2.8794154371231437,0.3038966178894043,0.012424988221184301,True,squared_error,,1.0,2,0.85,"{'bootstrap': True, 'criterion': 'squared_error', 'max_depth': None, 'max_features': 1.0, 'max_samples': 0.85, 'min_samples_leaf': 2}",-9.698606602694039,-9.991768677205325,-10.276612536571074,-9.968736980186966,-9.864357562476648,-9.96001647182681,0.18910476706952062,160,-13.979977829689743,-15.181584449280132,-15.032127612509994,-14.025103707391077,-14.296946734469977,-14.503148066668183,0.5069216469766599,99,-0.4028994261552401,-0.363911595519225,-0.4172205438066465,-0.377523350406749,-0.40958408679927666,-0.39422780053742745,0.020188064803391092,96,0.7138270037679583,-0.7737865565742503,1.1325978429174042,-1.106061639692703,0.3864876392207239,0.07061285792782658,0.8647411945514074,116,-12.9218769381543,-12.665139327971898,-13.672877029727323,-11.737916781763948,-12.513724937171405,-12.702307002957776,0.6256533007409192,97,9.96001647182681,14.503148066668183,0.39422780053742745,12.702307002957776,0.07061285792782658
83.55057916641235,1.351660195337642,0.263745641708374,0.0048410234658178095,True,squared_error,,1.0,4,0.85,"{'bootstrap': True, 'criterion': 'squared_error', 'max_depth': None, 'max_features': 1.0, 'max_samples': 0.85, 'min_samples_leaf': 4}",-9.668185816029139,-9.979354985796766,-10.260210252559338,-9.94461324380011,-9.831531594041932,-9.936779178445457,0.19478253515699814,133,-13.958878623435059,-15.175421817208555,-15.030413036891096,-14.01826507173257,-14.300000972823133,-14.496595904418083,0.5103636306971225,97,-0.4053156146179402,-0.3651226158038147,-0.4178247734138973,-0.3757155769810184,-0.4089813140446052,-0.3945919789722552,0.020428284218414278,100,0.7256610633390518,-0.7807900517018656,1.171255782723333,-1.084790232773969,0.39007304479324517,0.08428192127595907,0.8719480271635521,109,-12.82191766676158,-12.596542279152347,-13.679737012576153,-11.79059846575612,-12.496420114832397,-12.677043107815718,0.6084854734370244,88,9.936779178445457,14.496595904418083,0.3945919789722552,12.677043107815718,0.08428192127595907
104.0646903514862,3.3235222463388725,0.31214146614074706,0.007692097368521956,True,squared_error,,1.0,2,1.0,"{'bootstrap': True, 'criterion': 'squared_error', 'max_depth': None, 'max_features': 1.0, 'max_samples': 1.0, 'min_samples_leaf': 2}",-9.664200001973485,-10.03423765196858,-10.259800290246288,-9.975102452506038,-9.897078250854698,-9.966083729509817,0.1933345564546135,164,-13.979748895077083,-15.239594698094596,-15.033471710220866,-14.03012457696361,-14.350044720758952,-14.526596920223023,0.5180706734313892,108,-0.4019933554817276,-0.368755676657584,-0.4163141993957704,-0.3751129858391082,-0.4074743821579265,-0.39393011990642335,0.018640530839340908,95,0.7018623486316021,-0.8066229740561418,1.138692294549469,-1.0773784887068998,0.34790798425616076,0.06089223293483807,0.8605947447720994,123,-12.893325485669964,-12.511827291110336,-13.689771573176326,-11.86005856861419,-12.571325565124937,-12.705261696739152,0.5957099579383118,98,9.966083729509817,14.526596920223023,0.39393011990642335,12.705261696739152,0.06089223293483807
93.28690385818481,2.67180321323107,0.2779979228973389,0.005642539650545153,True,squared_error,,1.0,4,1.0,"{'bootstrap': True, 'criterion': 'squared_error', 'max_depth': None, 'max_features': 1.0, 'max_samples': 1.0, 'min_samples_leaf': 4}",-9.648395167412653,-10.01026799096273,-10.229839455494412,-9.947718219909808,-9.859598977724541,-9.93916396230083,0.18999909442409071,136,-13.97170465149255,-15.23462123188412,-15.020830737103738,-14.00890254583447,-14.339633152118083,-14.515138463686592,0.5207259079928843,104,-0.4028994261552401,-0.368755676657584,-0.41389728096676737,-0.3757155769810184,-0.4077757685352622,-0.39380874585917447,0.01809025411608015,94,0.7527625931878399,-0.7941422986003313,1.149729451104854,-1.086860764932809,0.3520997738523488,0.07471775092238046,0.8713803055439892,112,-12.907883562724226,-12.496249245432264,-13.746851489358965,-11.791975097461373,-12.521218203153039,-12.692835519625975,0.6382544151088788,95,9.93916396230083,14.515138463686592,0.39380874585917447,12.692835519625975,0.07471775092238046
179.33236088752747,1.5741872370978482,0.24939146041870117,0.007417964828021577,True,absolute_error,14,0.7,2,0.7,"{'bootstrap': True, 'criterion': 'absolute_error', 'max_depth': 14, 'max_features': 0.7, 'max_samples': 0.7, 'min_samples_leaf': 2}",-9.268169233866908,-9.642863053789485,-9.952046827794563,-9.569545043687858,-9.387448764315852,-9.564014584690934,0.234740984607653,8,-14.411157360968621,-15.49396150181785,-15.421171318123898,-14.359822570164079,-14.599169609293728,-14.857056472073634,0.49728196849165907,147,-0.42071881606765327,-0.3854072055706933,-0.42749244712990936,-0.3937933112383248,-0.4333936106088005,-0.41216107812307623,0.019038123578708033,216,2.2810263767240513,0.3485245736199413,2.3081797583081567,0.3803866626493923,1.9672056459714689,1.457064603454602,0.9001833457527748,11,-13.725551567360613,-12.962118355590468,-14.339699646643112,-12.63344427441979,-13.099702132591561,-13.35210319532111,0.6077952868393363,154,9.564014584690934,14.857056472073634,0.41216107812307623,13.35210319532111,1.457064603454602
172.20792851448059,0.8994142144810822,0.23456096649169922,0.003863415550085612,True,absolute_error,14,0.7,4,0.7,"{'bootstrap': True, 'criterion': 'absolute_error', 'max_depth': 14, 'max_features': 0.7, 'max_samples': 0.7, 'min_samples_leaf': 4}",-9.27581848384174,-9.629731557170249,-9.96552618328298,-9.57244702219544,-9.394419328913,-9.567588515080681,0.2355237010209222,10,-14.410150143485337,-15.45740257243561,-15.383392857771955,-14.330757392271424,-14.56792738374223,-14.829926069941312,0.48868737556494507,142,-0.41679250981576565,-0.38086587950348166,-0.4229607250755287,-0.3904790599578186,-0.4294755877034358,-0.4081147524112061,0.0190026860488498,199,2.1748439544951172,0.21630840649914235,2.221944108761329,0.26469468715476524,1.858557363873819,1.3472697041568347,0.9124025042829147,26,-13.736646135265701,-12.925862480127186,-14.407330952380951,-12.59624742798354,-13.100833918128654,-13.353384182777209,0.6445938295165061,155,9.567588515080681,14.829926069941312,0.4081147524112061,13.353384182777209,1.3472697041568347
205.6668156147003,1.3200296876959017,0.24740490913391114,0.009131681292682685,True,absolute_error,14,0.7,2,0.85,"{'bootstrap': True, 'criterion': 'absolute_error', 'max_depth': 14, 'max_features': 0.7, 'max_samples': 0.85, 'min_samples_leaf': 2}",-9.273251786972718,-9.57645927944293,-9.911204934541793,-9.566434166917746,-9.411261804299778,-9.547722394434993,0.21319057341855355,3,-14.463847329107036,-15.448622222086215,-15.415978510130554,-14.418093992514674,-14.669599531237095,-14.883228317015115,0.4563684141384708,152,-0.4195107218363032,-0.3823796548592189,-0.4253776435045317,-0.3940946068092799,-0.43158529234478604,-0.4105895838708239,0.019010405296855083,213,2.3248796939494616,0.3317070340094854,2.371386203423968,0.35016621472331055,1.996730962427165,1.4749740217066782,0.9349199713601756,10,-13.823402927765777,-12.95592768540512,-14.437278645833333,-12.58149719673802,-13.216382681564246,-13.402897827461299,0.6566639049756575,163,9.547722394434993,14.883228317015115,0.4105895838708239,13.402897827461299,1.4749740217066782
199.18057980537415,1.6938630560187389,0.23163847923278807,0.005484133550662827,True,absolute_error,14,0.7,4,0.85,"{'bootstrap': True, 'criterion': 'absolute_error', 'max_depth': 14, 'max_features': 0.7, 'max_samples': 0.85, 'min_samples_leaf': 4}",-9.25744135709252,-9.564459582198001,-9.885008056394764,-9.562194938234407,-9.407003214788023,-9.535221429741544,0.20858322238937874,2,-14.393381267398624,-15.415466627925316,-15.345680713179718,-14.332394692535178,-14.613166842535254,-14.820018028714816,0.46764583809926386,139,-0.4164904862579281,-0.38268240993036634,-0.42356495468277944,-0.39198553781259415,-0.4294755877034358,-0.40883979527742076,0.018272789190087978,206,2.19031561461794,0.3201887173276821,2.249805639476335,0.35452696595360067,1.8807635121559165,1.399120089906295,0.8760027796886221,19,-13.743119410200627,-12.91494989451477,-14.324619591060392,-12.649346656418139,-13.141336842105263,-13.354674478859838,0.6046554357334291,156,9.535221429741544,14.820018028714816,0.40883979527742076,13.354674478859838,1.399120089906295
229.56769008636473,1.4350222234837615,0.2533963680267334,0.008412379887385605,True,absolute_error,14,0.7,2,1.0,"{'bootstrap': True, 'criterion': 'absolute_error', 'max_depth': 14, 'max_features': 0.7, 'max_samples': 1.0, 'min_samples_leaf': 2}",-9.222522903453136,-9.57762892320113,-9.936837361530714,-9.562046299086068,-9.45126180429978,-9.550059458314166,0.23131886104311186,4,-14.424643201107065,-15.468915714314305,-15.45304935597787,-14.4591611426313,-14.757198563643051,-14.91259359553472,0.4624783068521848,158,-0.41679250981576565,-0.38934302149561006,-0.4232628398791541,-0.3952997890931003,-0.4309825195901145,-0.4111361359747489,0.016116204121811434,215,2.348945937783147,0.40692552225249795,2.370982376636455,0.4485151149944766,2.070743419730761,1.5292224742794676,0.9056743420389849,4,-13.88157004830918,-12.822310782789012,-14.539216036164644,-12.661986788617888,-13.36713752913753,-13.454444237003651,0.6920072669584056,173,9.550059458314166,14.91259359553472,0.4111361359747489,13.454444237003651,1.5292224742794676
221.74993929862976,1.1770211619725512,0.2353607177734375,0.002233543274528887,True,absolute_error,14,0.7,4,1.0,"{'bootstrap': True, 'criterion': 'absolute_error', 'max_depth': 14, 'max_features': 0.7, 'max_samples': 1.0, 'min_samples_leaf': 4}",-9.24447749924494,-9.574559995963266,-9.873720040281974,-9.543241438184193,-9.407465340566606,-9.528692862848194,0.2082468214302857,1,-14.443594903690151,-15.43782449405771,-15.339650819828107,-14.342677760404092,-14.666022064099366,-14.845954008415884,0.4564214168784214,145,-0.41467834491090305,-0.3860127157129882,-0.4244712990936556,-0.39439590238023503,-0.4252561784207354,-0.40896288810370346,0.015984718034013624,207,2.239874660223498,0.3378580078716312,2.308192346424975,0.3398106859495834,1.9438748241912798,1.4339221049321935,0.9024850197575018,16,-13.847301529497452,-12.839496732026143,-14.349512455516017,-12.529354469060351,-13.346472950626033,-13.3824276273452,0.6595697565893177,160,9.528692862848194,14.845954008415884,0.40896288810370346,13.3824276273452,1.4339221049321935
211.45905690193177,1.2870058493048038,0.24667296409606934,0.006121142461214174,True,absolute_error,14,0.85,2,0.7,"{'bootstrap': True, 'criterion': 'absolute_error', 'max_depth': 14, 'max_features': 0.85, 'max_samples': 0.7, 'min_samples_leaf': 2}",-9.295607067351252,-9.650441013220306,-9.99963746223565,-9.589392889424525,-9.490737392003213,-9.605163164846989,0.23100951990261404,16,-14.47577515391681,-15.566595746237747,-15.505099201620673,-14.476363538359143,-14.717848466357728,-14.948336421298421,0.4881447812808544,164,-0.41709453337360314,-0.3796548592188919,-0.42356495468277944,-0.39138294667068396,-0.43248945147679324,-0.4088373490845504,0.0200038960455105,204,2.2412659820799354,0.3423725905742254,2.3334330312185303,0.3733760168725522,1.9903465943339365,1.456158843015836,0.9038028811055168,12,-13.830045860487571,-13.160392078681554,-14.558653114598194,-12.727648190916089,-13.27325319396051,-13.509998487728785,0.6312609301320115,183,9.605163164846989,14.948336421298421,0.4088373490845504,13.509998487728785,1.456158843015836
204.33275971412658,2.358648138871963,0.24089980125427246,0.024485414850296414,True,absolute_error,14,0.85,4,0.7,"{'bootstrap': True, 'criterion': 'absolute_error', 'max_depth': 14, 'max_features': 0.85, 'max_samples': 0.7, 'min_samples_leaf': 4}",-9.27918000604047,-9.661180744777473,-9.988021651560928,-9.56258662247665,-9.474380650994576,-9.59306993517002,0.23416626862351547,15,-14.392131133337406,-15.513057121787254,-15.418468365175862,-14.377470974891896,-14.705124632770275,-14.881250445592539,0.4923077346270937,151,-0.412866203563878,-0.3799576142900394,-0.41963746223564957,-0.39138294667068396,-0.42766726943942135,-0.40630229923993444,0.01785498737000935,188,2.077983992751435,0.24015339590271492,2.139982376636456,0.2780762277794518,1.8600467148884872,1.319248541591709,0.8706586354678467,31,-13.754049012435992,-13.029524568393096,-14.45057355411567,-12.571655119322555,-13.25145525017618,-13.411451500888699,0.6440299124916767,167,9.59306993517002,14.881250445592539,0.40630229923993444,13.411451500888699,1.319248541591709
244.8898009300232,2.28099866369708,0.25190110206604005,0.005739138177400892,True,absolute_error,14,0.85,2,0.85,"{'bootstrap': True, 'criterion': 'absolute_error', 'max_depth': 14, 'max_features': 0.85, 'max_samples': 0.85, 'min_samples_leaf': 2}",-9.274434712574246,-9.625658492279745,-9.98950201409869,-9.557517324495329,-9.452960618846694,-9.580014632458942,0.23655494767129517,12,-14.521148069791435,-15.552749079366132,-15.525094668917543,-14.477217069318847,-14.744028662939531,-14.964047510066697,0.4781036576886391,167,-0.4173965569314407,-0.37935210414774445,-0.4253776435045317,-0.3946971979511901,-0.4273658830620856,-0.40883787711939856,0.018758845867943033,205,2.280272827947247,0.38066606115652385,2.3144405840886204,0.4437189916641559,2.0175818766325095,1.4873360682978114,0.8840663221103818,9,-13.84140255668114,-13.188703112529929,-14.462375710227274,-12.669505089058523,-13.420049365303244,-13.516407166760024,0.6057056035691057,184,9.580014632458942,14.964047510066697,0.40883787711939856,13.516407166760024,1.4873360682978114
234.94309730529784,1.2654859867132733,0.23395161628723143,0.012465773242332194,True,absolute_error,14,0.85,4,0.85,"{'bootstrap': True, 'criterion': 'absolute_error', 'max_depth': 14, 'max_features': 0.85, 'max_samples': 0.85, 'min_samples_leaf': 4}",-9.274431188966073,-9.599879402563326,-9.957121349446124,-9.562034247263233,-9.444326903757283,-9.56755861839921,0.22536371427797783,9,-14.43205812083785,-15.507931799100046,-15.435190530173335,-14.414026052649776,-14.681769005557301,-14.89419510166366,0.4813743945066397,156,-0.4137722742373905,-0.37783832879200724,-0.4199395770392749,-0.3934920156673697,-0.42706449668474983,-0.4064213384841584,0.018149792517481684,189,2.137305446491493,0.3069991926531442,2.229857502517623,0.3720372602189415,1.9300572634116944,1.3952513330585792,0.8676968259083073,20,-13.78987591240876,-13.10994391025641,-14.510395683453238,-12.622964522715671,-13.31693954363679,-13.470023914494174,0.6411366103210454,175,9.56755861839921,14.89419510166366,0.4064213384841584,13.470023914494174,1.3952513330585792
275.9374170780182,4.354865661877204,0.26277971267700195,0.007568589541865898,True,absolute_error,14,0.85,2,1.0,"{'bootstrap': True, 'criterion': 'absolute_error', 'max_depth': 14, 'max_features': 0.85, 'max_samples': 1.0, 'min_samples_leaf': 2}",-9.260020134903856,-9.571816530426885,-9.925536757301106,-9.53294265340966,-9.484464034558972,-9.554956022120095,0.2145018621401648,6,-14.492853836665526,-15.5471045410646,-15.482216231786754,-14.447692292974716,-14.787905029309721,-14.951554386360263,0.4748360341136683,165,-0.4164904862579281,-0.3860127157129882,-0.4232628398791541,-0.39590238023501056,-0.42917420132610007,-0.41016852468223625,0.01649042156938253,210,2.258112352763516,0.48633565445554494,2.3109647532729105,0.4728884202068897,2.070112015270243,1.5196826391938207,0.8529903225434765,5,-13.827605752961084,-13.028265359477121,-14.45496788008565,-12.636740233384069,-13.461405664794006,-13.481796978140386,0.6303765461660842,178,9.554956022120095,14.951554386360263,0.41016852468223625,13.481796978140386,1.5196826391938207
261.17917652130126,3.7854334969684,0.2323366165161133,0.0083832131378652,True,absolute_error,14,0.85,4,1.0,"{'bootstrap': True, 'criterion': 'absolute_error', 'max_depth': 14, 'max_features': 0.85, 'max_samples': 1.0, 'min_samples_leaf': 4}",-9.274118594583712,-9.592661217075385,-9.915363041289025,-9.54183840514211,-9.457038878842678,-9.556204027386581,0.20973154895492885,7,-14.496373437068337,-15.536484765188996,-15.417180944118128,-14.41060922484638,-14.753298516078162,-14.922789377460001,0.4677459278595368,161,-0.41316822712171547,-0.3799576142900394,-0.41842900302114805,-0.3949984935221452,-0.42646172393007836,-0.40660301237702523,0.016863965257159177,190,2.140503372596396,0.3482470481380569,2.2311998992950657,0.39226021894144814,1.9824678521197512,1.4189356782181437,0.860050958338877,17,-13.813528265107212,-13.081601593625502,-14.514484957882072,-12.574856343757945,-13.412114252061249,-13.479317082486796,0.6578772990821659,177,9.556204027386581,14.922789377460001,0.40660301237702523,13.479317082486796,1.4189356782181437
255.69868941307067,3.448114166809072,0.24970760345458984,0.011176462879117104,True,absolute_error,14,1.0,2,0.7,"{'bootstrap': True, 'criterion': 'absolute_error', 'max_depth': 14, 'max_features': 1.0, 'max_samples': 0.7, 'min_samples_leaf': 2}",-9.301988321755765,-9.672331214047837,-10.058178751258813,-9.618314753439792,-9.537631605384771,-9.637688929177395,0.24539498891721997,28,-14.538821358781709,-15.6344828799399,-15.615483511338468,-14.556905658947453,-14.837375951734604,-15.036613872148427,0.49196555057459446,172,-0.4158864391422531,-0.3851044504995459,-0.4226586102719033,-0.39620367580596566,-0.4321880650994575,-0.4104082481638251,0.017300256795951183,212,2.1655350850699686,0.42575840145322397,2.231792044310171,0.4243195741689266,2.0151140245127594,1.4525038259030099,0.8418554462162344,13,-13.786844589687727,-13.110845125786163,-14.538886109125565,-12.673575411913815,-13.36541492329149,-13.495113231960952,0.6346616457055339,179,9.637688929177395,15.036613872148427,0.4104082481638251,13.495113231960952,1.4525038259030099
247.146405172348,2.810435813645909,0.23397555351257324,0.009822947634239628,True,absolute_error,14,1.0,4,0.7,"{'bootstrap': True, 'criterion': 'absolute_error', 'max_depth': 14, 'max_features': 1.0, 'max_samples': 0.7, 'min_samples_leaf': 4}",-9.317467029094935,-9.668928751639923,-10.041183282980866,-9.595961635030632,-9.532026823387582,-9.63111350442679,0.2362266504756333,25,-14.513396481542516,-15.580006706810389,-15.526472859318632,-14.486152244625702,-14.822889611976178,-14.985783580854683,0.478489604506085,168,-0.41226215644820297,-0.3802603693611868,-0.41812688821752264,-0.39228683338354925,-0.42706449668474983,-0.4060001488190423,0.017207954938145503,186,2.027718715393134,0.3018816227671807,2.1284652567975835,0.34038264537511315,1.9390019087803898,1.3474900298226804,0.8402478083855319,25,-13.759673992673994,-13.110504246284503,-14.552578275529866,-12.664641577060934,-13.430089390731593,-13.503497496456177,0.6371355548715362,182,9.63111350442679,14.985783580854683,0.4060001488190423,13.503497496456177,1.3474900298226804
293.62916288375857,1.666885979774807,0.24964308738708496,0.008576505791609068,True,absolute_error,14,1.0,2,0.85,"{'bootstrap': True, 'criterion': 'absolute_error', 'max_depth': 14, 'max_features': 1.0, 'max_samples': 0.85, 'min_samples_leaf': 2}",-9.289915936776403,-9.667184377838328,-10.053045317220544,-9.600522245656322,-9.524304299778983,-9.626994435454115,0.2481944964705245,23,-14.563068111023247,-15.695064622739176,-15.651379438512699,-14.602419071009633,-14.887950755839148,-15.079976399824782,0.49738596358857196,177,-0.4164904862579281,-0.38116863457462913,-0.42235649546827797,-0.39650497137692076,-0.42977697408077153,-0.40925951235170543,0.01786930281771537,208,2.20506845867311,0.44450903219295584,2.307599194360524,0.5308094807672995,2.0290521398432797,1.5034076611674336,0.8345738483489448,8,-13.799816291999033,-13.264068043420703,-14.63295183595613,-12.775794072948328,-13.441106825619448,-13.582747413988727,0.6201355525747624,188,9.626994435454115,15.079976399824782,0.40925951235170543,13.582747413988727,1.5034076611674336
279.12013602256775,4.2361424297701005,0.22796363830566407,0.006602173660236635,True,absolute_error,14,1.0,4,0.85,"{'bootstrap': True, 'criterion': 'absolute_error', 'max_depth': 14, 'max_features': 1.0, 'max_samples': 0.85, 'min_samples_leaf': 4}",-9.28631128561361,-9.670556564739126,-10.03299244712991,-9.610980214924174,-9.526276873618647,-9.625423477205093,0.24215086047749354,22,-14.496109317045127,-15.656060494766782,-15.574057285428502,-14.51840982116828,-14.84073825544786,-15.01707503477131,0.5039243156821579,171,-0.41316822712171547,-0.37753557372085983,-0.4202416918429003,-0.3928894245254595,-0.42374924653405666,-0.40551683274899836,0.017607887544253444,184,2.0548102285311587,0.31004087193460506,2.198543303121853,0.3981199156372402,1.9123578460920225,1.3747744330633758,0.8387551922892974,22,-13.72458089668616,-13.218088746324511,-14.552977474239157,-12.737808026584869,-13.496938122332859,-13.546078653233513,0.6014984394617411,185,9.625423477205093,15.01707503477131,0.40551683274899836,13.546078653233513,1.3747744330633758
323.84354639053345,1.6069153010270578,0.24642138481140136,0.004333468301945878,True,absolute_error,14,1.0,2,1.0,"{'bootstrap': True, 'criterion': 'absolute_error', 'max_depth': 14, 'max_features': 1.0, 'max_samples': 1.0, 'min_samples_leaf': 2}",-9.315675022651766,-9.635883540215966,-10.009321248741188,-9.599567138696395,-9.554545408880852,-9.622998471837231,0.22320119379699882,21,-14.659659187725058,-15.707577110779654,-15.660243726927563,-14.623823260318103,-14.943244063991516,-15.118909469948381,0.4746476336566586,178,-0.41618846270009063,-0.38419618528610355,-0.42114803625377645,-0.39710756251883095,-0.43037974683544306,-0.4098039987188489,0.01679148343337518,209,2.2209574146783453,0.5349056413361584,2.286127895266868,0.49388972582103025,2.116566706851517,1.530489476790784,0.831498422061341,3,-13.859865747460088,-13.236452587339112,-14.59753825920612,-12.708719018715225,-13.559086134453782,-13.592332349434864,0.6309582037192847,191,9.622998471837231,15.118909469948381,0.4098039987188489,13.592332349434864,1.530489476790784
314.58571915626527,5.57704185778511,0.23514037132263182,0.005825252358608989,True,absolute_error,14,1.0,4,1.0,"{'bootstrap': True, 'criterion': 'absolute_error', 'max_depth': 14, 'max_features': 1.0, 'max_samples': 1.0, 'min_samples_leaf': 4}",-9.31683932346723,-9.640884044807752,-9.998184290030213,-9.597496735964649,-9.561505927265422,-9.622982064307054,0.2187461479654723,20,-14.61121977158986,-15.678094875640745,-15.584613627660593,-14.541771383622867,-14.930351281798329,-15.06921018806248,0.47824888461452264,175,-0.4137722742373905,-0.38056312443233425,-0.42205438066465256,-0.3931907200964146,-0.42495479204339964,-0.40690705829483836,0.017230403612785355,194,2.080501862478607,0.44913008376223656,2.2143927492447126,0.42768153058150044,2.011686759091822,1.4366785970317757,0.8177174612645518,15,-13.772480535279804,-13.256689207106868,-14.468013600572657,-12.748492975734354,-13.61696926713948,-13.572529117166633,0.5696733042243054,187,9.622982064307054,15.06921018806248,0.40690705829483836,13.572529117166633,1.4366785970317757
208.426451921463,3.5260454075730308,0.27427282333374026,0.017840347202695624,True,absolute_error,18,0.7,2,0.7,"{'bootstrap': True, 'criterion': 'absolute_error', 'max_depth': 18, 'max_features': 0.7, 'max_samples': 0.7, 'min_samples_leaf': 2}",-9.37113963555824,-9.726791805429407,-10.010597683786505,-9.695913929898564,-9.499413803496083,-9.66077137163376,0.21812608880726553,32,-14.39862277156078,-15.440062246423912,-15.326076456462868,-14.346439773142567,-14.582811368970628,-14.818802523312149,0.4687557793291004,138,-0.4180006040471157,-0.3860127157129882,-0.4268882175226586,-0.3931907200964146,-0.42766726943942135,-0.41035190536371974,0.017428003196433034,211,2.017985502869224,0.18338581087899888,2.111830312185297,0.1887531384955307,1.697335242113723,1.2398580013085545,0.8713275465926341,39,-13.623335741811173,-12.83659477124183,-14.198597546591175,-12.569812260536398,-13.090490956072351,-13.263766255250584,0.5826271040331521,144,9.66077137163376,14.818802523312149,0.41035190536371974,13.263766255250584,1.2398580013085545
193.5510790348053,2.138947065994583,0.25228142738342285,0.01445419975773373,True,absolute_error,18,0.7,4,0.7,"{'bootstrap': True, 'criterion': 'absolute_error', 'max_depth': 18, 'max_features': 0.7, 'max_samples': 0.7, 'min_samples_leaf': 4}",-9.349499144266586,-9.68489605409224,-10.01889577039275,-9.639081048508586,-9.456126682740608,-9.629699740000154,0.22945508151614705,24,-14.314501841702581,-15.352320246806581,-15.2828271803311,-14.254006013666773,-14.518344747070724,-14.744400005915551,0.4766278465874394,130,-0.4143763213530655,-0.381774144716924,-0.4217522658610272,-0.38776739981922265,-0.4282700421940928,-0.40678803478886644,0.0186035813643464,192,1.9026734118594584,0.024127056211525135,2.0229138972809664,0.04069498845033643,1.6209066706851514,1.1222632048974874,0.8993942266518624,48,-13.577238824101068,-12.715663494581019,-14.2759276504298,-12.481420616420616,-12.932300023457659,-13.196510121798033,0.6515320408923557,140,9.629699740000154,14.744400005915551,0.40678803478886644,13.196510121798033,1.1222632048974874
238.7123809337616,2.3054843213312566,0.2917948722839355,0.009619271085152549,True,absolute_error,18,0.7,2,0.85,"{'bootstrap': True, 'criterion': 'absolute_error', 'max_depth': 18, 'max_features': 0.7, 'max_samples': 0.85, 'min_samples_leaf': 2}",-9.318698781838316,-9.681534968210718,-9.982418932527695,-9.690919453650698,-9.486198513160538,-9.631954129877593,0.2227708956366765,26,-14.392887275204682,-15.435960483953233,-15.32572708382439,-14.376143950360625,-14.570176719817374,-14.820179102632059,0.4641146807678933,140,-0.4195107218363032,-0.3823796548592189,-0.42658610271903324,-0.39439590238023503,-0.4309825195901145,-0.41077098027698095,0.019022187239583963,214,2.0363691734621967,0.2129407609244124,2.1680271903323263,0.18387415888319786,1.7799216395418924,1.276226584628805,0.8888919336970538,36,-13.533704103671706,-12.938025864344155,-14.241493153918793,-12.518884644766999,-13.070275058275058,-13.260476564995344,0.5877340349667042,143,9.631954129877593,14.820179102632059,0.41077098027698095,13.260476564995344,1.276226584628805
228.8166259765625,6.017955736409223,0.26630425453186035,0.00726052516426355,True,absolute_error,18,0.7,4,0.85,"{'bootstrap': True, 'criterion': 'absolute_error', 'max_depth': 18, 'max_features': 0.7, 'max_samples': 0.85, 'min_samples_leaf': 4}",-9.340326185442466,-9.661186799878898,-9.975538267875125,-9.624964848850055,-9.47959563994374,-9.616322348398056,0.21259899501053892,19,-14.312406505342146,-15.351695920389998,-15.276198390855322,-14.271409704703053,-14.534863836923956,-14.749314871642895,0.4702639016830323,131,-0.413470250679553,-0.3787465940054496,-0.42084592145015104,-0.3889725821030431,-0.4255575647980711,-0.40551858260725354,0.01838600910889244,185,1.9684506191482938,0.1209112927641535,2.0605745216515605,0.12015717585618105,1.6281499899537872,1.1796487198747951,0.8766800288825783,44,-13.675441928414902,-12.913776978417266,-14.299904283321368,-12.526746707978312,-13.050814447592067,-13.293336869144781,0.6244558505457486,147,9.616322348398056,14.749314871642895,0.40551858260725354,13.293336869144781,1.1796487198747951
262.6057588100433,3.9999045011538596,0.2875380992889404,0.006396145819265053,True,absolute_error,18,0.7,2,1.0,"{'bootstrap': True, 'criterion': 'absolute_error', 'max_depth': 18, 'max_features': 0.7, 'max_samples': 1.0, 'min_samples_leaf': 2}",-9.305154032014496,-9.640825007568878,-9.972586606243707,-9.661868534699208,-9.495866988145469,-9.615260233734352,0.21951247404559915,18,-14.418693636430719,-15.411218103088546,-15.3411569680165,-14.388765185349909,-14.637929291803713,-14.839552636937878,0.447077601377265,144,-0.4152823920265781,-0.38419618528610355,-0.4244712990936556,-0.3910816510997288,-0.4273658830620856,-0.40847948211363033,0.017612932539439113,202,2.060550186247861,0.2592345342617829,2.177590634441088,0.23259063975092903,1.8370293349407276,1.3133990659284778,0.8784828098749671,32,-13.684307878787878,-12.884120042027842,-14.312130486358242,-12.650119414483822,-13.259009167842033,-13.357937397899965,0.5919963040310124,157,9.615260233734352,14.839552636937878,0.40847948211363033,13.357937397899965,1.3133990659284778
252.6298002719879,3.903098342680531,0.2543036937713623,0.0018054270413718116,True,absolute_error,18,0.7,4,1.0,"{'bootstrap': True, 'criterion': 'absolute_error', 'max_depth': 18, 'max_features': 0.7, 'max_samples': 1.0, 'min_samples_leaf': 4}",-9.278270411758784,-9.654638207689977,-9.914905337361532,-9.634980415787888,-9.469890496282902,-9.590536973776215,0.21135988328339808,13,-14.316936761723948,-15.412248300475627,-15.22135146991427,-14.307735634870925,-14.554499920097483,-14.76255441741645,0.46504166930306823,132,-0.41165810933252794,-0.3835906751438087,-0.4202416918429003,-0.3934920156673697,-0.4252561784207354,-0.40684773408146846,0.015878757144999676,193,1.944606866002215,0.16390352205066203,2.081244712990937,0.13359043888721506,1.7397870202933494,1.2126265120448756,0.8754804139407096,42,-13.631308388359011,-12.798201789002894,-14.272917565300743,-12.41266717713119,-13.179911410347271,-13.259001266028221,0.6483072741526714,142,9.590536973776215,14.76255441741645,0.40684773408146846,13.259001266028221,1.2126265120448756
247.30699124336243,3.9583060545368878,0.287826681137085,0.012349112242074106,True,absolute_error,18,0.85,2,0.7,"{'bootstrap': True, 'criterion': 'absolute_error', 'max_depth': 18, 'max_features': 0.85, 'max_samples': 0.7, 'min_samples_leaf': 2}",-9.352583308164704,-9.725738217781815,-10.050244209466264,-9.691020387666969,-9.549352019288728,-9.673787628473695,0.2295089651015333,34,-14.386585240378873,-15.468829523217995,-15.410921410487049,-14.423426352789537,-14.642577502242636,-14.866468005823217,0.47664855815895857,149,-0.41407429779522803,-0.3838934302149561,-0.42205438066465256,-0.3937933112383248,-0.42977697408077153,-0.4087184787987866,0.01725708528771553,203,2.0032860163092723,0.17538298516500178,2.0646258811681775,0.1647413879682638,1.713804500703235,1.2243681542627902,0.8689617701016717,41,-13.712357160223684,-12.89566377497371,-14.352261989978526,-12.513876562101503,-13.1034899485741,-13.315529887170305,0.6474846529388892,150,9.673787628473695,14.866468005823217,0.4087184787987866,13.315529887170305,1.2243681542627902
233.19159603118896,3.7985978186259657,0.2596080780029297,0.027156388102705317,True,absolute_error,18,0.85,4,0.7,"{'bootstrap': True, 'criterion': 'absolute_error', 'max_depth': 18, 'max_features': 0.85, 'max_samples': 0.7, 'min_samples_leaf': 4}",-9.339439242927616,-9.742185387021898,-10.025455689828801,-9.70509089083057,-9.526902752662247,-9.667814792654227,0.22913498589549464,33,-14.32704720842622,-15.452656831306705,-15.32977742025134,-14.35844108998718,-14.618162848764632,-14.817217079747214,0.4810127397320985,137,-0.4113560857746904,-0.38419618528610355,-0.41933534743202416,-0.3940946068092799,-0.4258589511754069,-0.40696823529550097,0.015577897245213374,195,1.8910701701399377,0.07644414168937409,2.0463338368580057,0.061964447122627116,1.6489049628290136,1.1449435117277917,0.8874368947675377,46,-13.650593489965736,-12.778145521407932,-14.393956532180598,-12.391764780835882,-13.12148973814579,-13.26719001250719,0.6990512766392052,145,9.667814792654227,14.817217079747214,0.40696823529550097,13.26719001250719,1.1449435117277917
281.0681988239288,3.801285790185604,0.2796321392059326,0.008127212555748116,True,absolute_error,18,0.85,2,0.85,"{'bootstrap': True, 'criterion': 'absolute_error', 'max_depth': 18, 'max_features': 0.85, 'max_samples': 0.85, 'min_samples_leaf': 2}",-9.31936021342998,-9.699766878595216,-10.015528197381672,-9.695693984131767,-9.543445348603576,-9.654758924428442,0.2274813710441989,31,-14.39029012068701,-15.487973002254762,-15.419366525656441,-14.475082911666576,-14.709986364331723,-14.896539784919304,0.46730243925701725,157,-0.41316822712171547,-0.38116863457462913,-0.4226586102719033,-0.39620367580596566,-0.42706449668474983,-0.40805272889179267,0.017111995756944432,198,2.0264940098661026,0.20362902411948716,2.1761706948640485,0.23886160490107486,1.8098046011653606,1.2909919869832147,0.8812499819112632,34,-13.730308235867447,-12.990832671432353,-14.422631641648795,-12.537182509505703,-13.292195953893202,-13.3946302024695,0.6447058970697632,161,9.654758924428442,14.896539784919304,0.40805272889179267,13.3946302024695,1.2909919869832147
267.79656610488894,6.436330440208727,0.2574759483337402,0.009924596250648047,True,absolute_error,18,0.85,4,0.85,"{'bootstrap': True, 'criterion': 'absolute_error', 'max_depth': 18, 'max_features': 0.85, 'max_samples': 0.85, 'min_samples_leaf': 4}",-9.327744890768146,-9.706081340195782,-10.022824269889224,-9.645221954403937,-9.537517078561383,-9.647877906763693,0.22743971917815417,30,-14.37522269535998,-15.460257783436617,-15.35580453032604,-14.344304380913966,-14.638865153186453,-14.834890908644613,0.4801730591439759,143,-0.41165810933252794,-0.38056312443233425,-0.4229607250755287,-0.3931907200964146,-0.4255575647980711,-0.4067860487469753,0.01737930760569855,191,1.9097402597402597,0.15075789686143842,2.0699128902316213,0.13354273375514739,1.6927712477396022,1.1913450056656139,0.8650050546183627,43,-13.649051112741502,-12.950334128878282,-14.295342857142854,-12.435141762452108,-13.19479343720491,-13.304932659683931,0.6314644630144289,148,9.647877906763693,14.834890908644613,0.4067860487469753,13.304932659683931,1.1913450056656139
315.3211923122406,5.229241391983408,0.29245290756225584,0.012745147662492715,True,absolute_error,18,0.85,2,1.0,"{'bootstrap': True, 'criterion': 'absolute_error', 'max_depth': 18, 'max_features': 0.85, 'max_samples': 1.0, 'min_samples_leaf': 2}",-9.320931742675928,-9.626811989100817,-9.995989425981872,-9.679086572260722,-9.545746935905163,-9.633713333184902,0.21859585412277963,27,-14.471263039405706,-15.483488163479672,-15.424002191260392,-14.48196073160271,-14.711927308858934,-14.914528286921485,0.44898216584114475,159,-0.4152823920265781,-0.38116863457462913,-0.4226586102719033,-0.3949984935221452,-0.42706449668474983,-0.40823452541600114,0.017435879404290967,201,2.045297996577067,0.31372893329296686,2.1580125881168177,0.3466691774630912,1.834944243520193,1.3397305877940269,0.8308426716213045,29,-13.684940606060607,-13.039557850145615,-14.378036692875863,-12.690878464276635,-13.32432368854387,-13.423547460380519,0.5785280126451616,169,9.633713333184902,14.914528286921485,0.40823452541600114,13.423547460380519,1.3397305877940269
298.3316683292389,5.5720161308019325,0.2608483791351318,0.011291267450134684,True,absolute_error,18,0.85,4,1.0,"{'bootstrap': True, 'criterion': 'absolute_error', 'max_depth': 18, 'max_features': 0.85, 'max_samples': 1.0, 'min_samples_leaf': 4}",-9.322847075405216,-9.674719446967403,-10.001441087613294,-9.654925680425832,-9.570316455696203,-9.64484994922159,0.21789540593481158,29,-14.405081268178611,-15.463601511561903,-15.387373341371836,-14.378538935676897,-14.722036256023674,-14.871326262562585,0.4689575265425233,150,-0.412866203563878,-0.38086587950348166,-0.4187311178247734,-0.3904790599578186,-0.4228450874020494,-0.40515746965040017,0.01650489253529429,183,1.9171046008255315,0.19982187909980842,2.0934964753272904,0.16398262528874183,1.7894293751255774,1.2327669911333898,0.863518597819379,40,-13.612099487929772,-12.963279014308425,-14.442367724867724,-12.57289994855967,-13.43251484913281,-13.404632204959679,0.6336065513963997,164,9.64484994922159,14.871326262562585,0.40515746965040017,13.404632204959679,1.2327669911333898
294.63592767715454,6.415958901849171,0.2947904109954834,0.024338119734032413,True,absolute_error,18,1.0,2,0.7,"{'bootstrap': True, 'criterion': 'absolute_error', 'max_depth': 18, 'max_features': 1.0, 'max_samples': 0.7, 'min_samples_leaf': 2}",-9.363925802879292,-9.749471187809062,-10.082991943605236,-9.725409259817214,-9.61647980711272,-9.707655600244705,0.23212251303522377,38,-14.457718878908585,-15.540163167913118,-15.500683429583216,-14.510679820592362,-14.764256255240578,-14.954700310447572,0.47355633259883556,166,-0.4104500151011779,-0.3838934302149561,-0.4217522658610272,-0.3946971979511901,-0.42887281494876434,-0.4079331448154232,0.016666557504573177,197,1.9177443873955502,0.238199616510243,2.041124874118832,0.2408958521643067,1.798455897126783,1.247284125463143,0.8263848161453187,37,-13.74305003679176,-13.008389852786543,-14.373505253104105,-12.62525445292621,-13.308066291871633,-13.41165317749605,0.6044431817196361,168,9.707655600244705,14.954700310447572,0.4079331448154232,13.41165317749605,1.247284125463143
273.1151080608368,4.059446347080729,0.24542813301086425,0.006901289285118516,True,absolute_error,18,1.0,4,0.7,"{'bootstrap': True, 'criterion': 'absolute_error', 'max_depth': 18, 'max_features': 1.0, 'max_samples': 0.7, 'min_samples_leaf': 4}",-9.387772576260948,-9.753380764961145,-10.100152567975833,-9.70530581500452,-9.63214135021097,-9.715750614882683,0.2297172551369859,40,-14.434429500248735,-15.51169353229305,-15.443992825907428,-14.443975932321658,-14.773835198381079,-14.92158539783039,0.470828827239476,160,-0.40863787375415284,-0.3802603693611868,-0.4178247734138973,-0.39168424224163906,-0.42374924653405666,-0.40443130106098657,0.016229509053399465,180,1.7943264874660227,0.11580078716318491,1.9467708962739179,0.1621884101637042,1.70251808318264,1.144320932849894,0.8246763250720837,47,-13.682161862527716,-12.976873673036094,-14.4162388527356,-12.596235897435898,-13.374253200568988,-13.40915269726086,0.6225228320247083,166,9.715750614882683,14.92158539783039,0.40443130106098657,13.40915269726086,1.144320932849894
334.63860421180726,3.8274074482623472,0.27639026641845704,0.007679096167593127,True,absolute_error,18,1.0,2,0.85,"{'bootstrap': True, 'criterion': 'absolute_error', 'max_depth': 18, 'max_features': 1.0, 'max_samples': 0.85, 'min_samples_leaf': 2}",-9.353756166314305,-9.730014633161773,-10.095280463242698,-9.69745405242543,-9.582564798071127,-9.691814022643067,0.2410372471487556,36,-14.495581133054976,-15.62661778418029,-15.564534230794841,-14.553828114680716,-14.800035010670022,-15.00811925467617,0.49081827089970087,170,-0.41165810933252794,-0.3814713896457766,-0.4226586102719033,-0.3934920156673697,-0.42977697408077153,-0.40781141979966984,0.017980901998337823,196,1.962024564582704,0.28814360682208134,2.136011581067472,0.33934518429245764,1.8172081575246133,1.3085466188578656,0.8186625651497043,33,-13.744148936170214,-13.130943121693123,-14.4694698594234,-12.753497958141908,-13.262428705002339,-13.472097716086196,0.5908462104907206,176,9.691814022643067,15.00811925467617,0.40781141979966984,13.472097716086196,1.3085466188578656
317.76969175338746,5.592422762665651,0.2597347259521484,0.0123551983561735,True,absolute_error,18,1.0,4,0.85,"{'bootstrap': True, 'criterion': 'absolute_error', 'max_depth': 18, 'max_features': 1.0, 'max_samples': 0.85, 'min_samples_leaf': 4}",-9.363834692439344,-9.749446462811585,-10.084249748237662,-9.733560811489404,-9.622798372513563,-9.710778017498312,0.23220918446997182,39,-14.421735992099086,-15.59167422227282,-15.470418795688692,-14.47251507348121,-14.78163000035234,-14.947594816778828,0.4935495476203792,163,-0.41165810933252794,-0.37935210414774445,-0.4175226586102719,-0.3907803555287737,-0.42163954189270647,-0.4041905539024048,0.016338657157576382,179,1.796939494613913,0.17306539509536847,2.016093655589124,0.18160239027819636,1.6673704038577453,1.1670142678868696,0.8157289734890387,45,-13.555877965272684,-13.078234902899709,-14.490642788229618,-12.686363402724234,-13.388413152251609,-13.439906442275571,0.6031220832672929,170,9.710778017498312,14.947594816778828,0.4041905539024048,13.439906442275571,1.1670142678868696
376.6669179916382,3.53427321820213,0.2884101867675781,0.00870477465654003,True,absolute_error,18,1.0,2,1.0,"{'bootstrap': True, 'criterion': 'absolute_error', 'max_depth': 18, 'max_features': 1.0, 'max_samples': 1.0, 'min_samples_leaf': 2}",-9.363808013691733,-9.70760016146937,-10.055764350453172,-9.701569749924676,-9.624970363672896,-9.690742527842371,0.2212936933823841,35,-14.587007306664034,-15.64431328907545,-15.574548962199998,-14.59307663918961,-14.894054655710834,-15.058600170567985,0.4637780130170042,174,-0.41316822712171547,-0.3835906751438087,-0.42084592145015104,-0.3940946068092799,-0.42917420132610007,-0.408174726370211,0.016906197233468402,200,1.9861366153226618,0.39053284892521906,2.120508559919436,0.33251883097318474,1.8955008036970056,1.3450395317675015,0.8064299688364361,28,-13.73525828460039,-13.16264141015522,-14.466426178511606,-12.730558103975534,-13.421672518726592,-13.503311299193868,0.5833109015433068,181,9.690742527842371,15.058600170567985,0.408174726370211,13.503311299193868,1.3450395317675015
353.4445337772369,3.0937927005972816,0.2502776622772217,0.00349039638134568,True,absolute_error,18,1.0,4,1.0,"{'bootstrap': True, 'criterion': 'absolute_error', 'max_depth': 18, 'max_features': 1.0, 'max_samples': 1.0, 'min_samples_leaf': 4}",-9.386732608476795,-9.717610253305077,-10.062468277945621,-9.692152756854474,-9.631645067309623,-9.698121792778318,0.21658539649124053,37,-14.536356552279317,-15.59576595402754,-15.49455719552724,-14.489604324473339,-14.851854769644778,-14.993627759190442,0.46834535672921496,169,-0.4089398973119903,-0.37844383893430217,-0.4214501510574018,-0.39228683338354925,-0.4228450874020494,-0.40479316161785855,0.01715352902705701,182,1.842163998791906,0.28119991926531435,2.0451631419939575,0.2361288540725119,1.807741109101869,1.2424794046451118,0.8074952964366414,38,-13.729274987690793,-13.210428,-14.364250896057348,-12.65436507936508,-13.526686861487288,-13.497001164920102,0.5655288174822974,180,9.698121792778318,14.993627759190442,0.40479316161785855,13.497001164920102,1.2424794046451118
313.33005533218386,7.516003824681744,0.3685783386230469,0.011418616331923297,True,absolute_error,,0.7,2,0.7,"{'bootstrap': True, 'criterion': 'absolute_error', 'max_depth': None, 'max_features': 0.7, 'max_samples': 0.7, 'min_samples_leaf': 2}",-10.122895902547064,-10.461547078413563,-10.705606747230615,-10.669080044190016,-10.243254972875226,-10.440476949051298,0.2292384628837268,189,-14.205739013782974,-15.29567650024107,-15.129314614652264,-14.396286593750409,-14.370814859140458,-14.679566316313435,0.44315967026414566,124,-0.40471156750226517,-0.3799576142900394,-0.4151057401812689,-0.38354926182585114,-0.41952983725135623,-0.4005708042101562,0.01613996110284307,174,0.5586585120306055,-1.0992976082349377,0.7891576032225579,-1.3869910615647285,0.1926150291340161,-0.18917150508249736,0.8860293166585563,205,-13.196502487562189,-12.320123505976097,-13.845585880640465,-12.10025661167845,-12.437577825670498,-12.78000926230554,0.6480336410915682,109,10.440476949051298,14.679566316313435,0.4005708042101562,12.78000926230554,-0.18917150508249736
257.03948426246643,3.3762142842794174,0.32047414779663086,0.01662469125935669,True,absolute_error,,0.7,4,0.7,"{'bootstrap': True, 'criterion': 'absolute_error', 'max_depth': None, 'max_features': 0.7, 'max_samples': 0.7, 'min_samples_leaf': 4}",-9.845353870935266,-10.206655565647392,-10.430626888217523,-10.307484684141809,-9.976850512356842,-10.153394304259766,0.21424058054761536,166,-14.192473650403343,-15.323507118884748,-15.146692573094192,-14.250629463053,-14.40453979271385,-14.663568519629829,0.47507320013828946,120,-0.4074297795228028,-0.3745080230093854,-0.41570996978851965,-0.3856583308225369,-0.42163954189270647,-0.4009891290071902,0.01800503836464311,176,0.9832346723044394,-0.761970935513169,1.2519108761329307,-0.9771492417394796,0.6905475185854927,0.23731457795404287,0.9235492884169689,52,-13.288901655547319,-12.60945567232552,-14.051308139534886,-12.096634114583335,-12.649902311174648,-12.93924037863314,0.6725202598318157,128,10.153394304259766,14.663568519629829,0.4009891290071902,12.93924037863314,0.23731457795404287
365.1804230213165,10.399894942336678,0.38059377670288086,0.006854475576731002,True,absolute_error,,0.7,2,0.85,"{'bootstrap': True, 'criterion': 'absolute_error', 'max_depth': None, 'max_features': 0.7, 'max_samples': 0.85, 'min_samples_leaf': 2}",-10.13289388905668,-10.508292461398728,-10.725363041289022,-10.683034548558803,-10.32307213180631,-10.474531214421907,0.22234476980697818,190,-14.197375230626589,-15.316954755777902,-15.129588049724973,-14.385316806773762,-14.461618037219662,-14.698170576024577,0.4412811938546236,125,-0.4019933554817276,-0.3729942476536482,-0.413595166163142,-0.3808376016872552,-0.4141048824593128,-0.3967050506890172,0.016911383339928428,132,0.4719374811235279,-1.134517105661519,0.7627175226586104,-1.4359992969770012,0.14717801888687948,-0.23773667599390053,0.8823552326695935,210,-13.190306786877034,-12.565576298701298,-13.88807401996591,-12.14039161392405,-12.642026928675401,-12.885275129628742,0.6024746315185538,121,10.474531214421907,14.698170576024577,0.3967050506890172,12.885275129628742,-0.23773667599390053
304.0661933898926,12.022937001532853,0.3262341022491455,0.012477815137405562,True,absolute_error,,0.7,4,0.85,"{'bootstrap': True, 'criterion': 'absolute_error', 'max_depth': None, 'max_features': 0.7, 'max_samples': 0.85, 'min_samples_leaf': 4}",-9.835926205577369,-10.236754465637299,-10.39681218529708,-10.297142211509492,-10.018387080570625,-10.157004429718373,0.20288539683890086,167,-14.186350439089816,-15.299337024475996,-15.048067128236259,-14.247584419291625,-14.420899281488404,-14.640447658516418,0.44922959117807487,115,-0.40410752038659015,-0.37390251286709053,-0.4141993957703928,-0.38324796625489604,-0.4159132007233273,-0.39827411920045935,0.01684363777697543,161,0.9145439444276657,-0.7832949843576547,1.17173967774421,-0.9584568645174248,0.6588100261201529,0.20066835988338982,0.8915432451176823,57,-13.301497259591429,-12.641609986504722,-13.964955020666181,-12.183607180293501,-12.835847826086958,-12.985503454628557,0.6071037167327065,131,10.157004429718373,14.640447658516418,0.39827411920045935,12.985503454628557,0.20066835988338982
413.48362975120546,9.261402657013418,0.3855899333953857,0.0029525047986506355,True,absolute_error,,0.7,2,1.0,"{'bootstrap': True, 'criterion': 'absolute_error', 'max_depth': None, 'max_features': 0.7, 'max_samples': 1.0, 'min_samples_leaf': 2}",-10.14179603342394,-10.528106771621756,-10.730525679758308,-10.760994777543438,-10.344380650994575,-10.501160782668403,0.23433782448322557,193,-14.212772572695348,-15.375209416717945,-15.110494639357633,-14.485525276186324,-14.451290275880803,-14.72705843616761,0.43954506264342613,128,-0.4019933554817276,-0.37178322736905844,-0.41540785498489424,-0.3862609219644471,-0.4141048824593128,-0.39791004845188804,0.016753699329456053,156,0.42866002214839427,-1.1726511252396816,0.6996515609264853,-1.4976232801044491,0.08738647779787032,-0.29091526889427616,0.8804232845688036,216,-13.14755071374906,-12.581868892508144,-13.757776969696971,-11.99108034321373,-12.595561620572537,-12.814767707948088,0.5967855625755306,113,10.501160782668403,14.72705843616761,0.39791004845188804,12.814767707948088,-0.29091526889427616
342.17972936630247,11.883793681156465,0.33410396575927737,0.01823939738889415,True,absolute_error,,0.7,4,1.0,"{'bootstrap': True, 'criterion': 'absolute_error', 'max_depth': None, 'max_features': 0.7, 'max_samples': 1.0, 'min_samples_leaf': 4}",-9.885724856538811,-10.22635735190231,-10.427303121852972,-10.331808275585017,-10.040297367892304,-10.182298194754285,0.1961845394882051,169,-14.206072017793566,-15.326982047910665,-15.064376725169375,-14.28371296601051,-14.425779342645225,-14.661384619905869,0.4496393807358756,119,-0.40380549682875266,-0.37571904329397515,-0.4163141993957704,-0.3862609219644471,-0.4159132007233273,-0.3996025724412545,0.01619507484270524,171,0.8405773683680662,-0.7991618730447072,1.1276656596173211,-1.0176082153259014,0.5749176210568616,0.14527811213432806,0.8806120545387681,78,-13.281520817751185,-12.545538544184797,-13.877701983551042,-12.056875975039,-12.761334541062801,-12.904594372317764,0.6256329461208922,124,10.182298194754285,14.661384619905869,0.3996025724412545,12.904594372317764,0.14527811213432806
373.7632320404053,6.387243265246858,0.3729508399963379,0.01687806846209592,True,absolute_error,,0.85,2,0.7,"{'bootstrap': True, 'criterion': 'absolute_error', 'max_depth': None, 'max_features': 0.85, 'max_samples': 0.7, 'min_samples_leaf': 2}",-10.14568156649552,-10.503966596023817,-10.73455941591138,-10.695628201265441,-10.357846594333935,-10.487536474806019,0.21830102719377212,191,-14.243404976780008,-15.432272771081093,-15.216233113420914,-14.47857778535189,-14.555615494462753,-14.785220828219332,0.4571128501049307,135,-0.4013893083660526,-0.3766273085074175,-0.4105740181268882,-0.3841518529677614,-0.41621458710066306,-0.3977914150137566,0.015163839261112769,152,0.5012569213732003,-1.0693627005752344,0.7524597180261832,-1.4117465099929702,0.2469454490657019,-0.19608942442062385,0.874385002764992,208,-13.262608477552044,-12.525119239013934,-13.98897473632573,-12.083609150326797,-12.739572773352641,-12.919976875314228,0.6554573984705783,126,10.487536474806019,14.785220828219332,0.3977914150137566,12.919976875314228,-0.19608942442062385
310.4854777812958,10.07478131374914,0.3107432842254639,0.009497762705244222,True,absolute_error,,0.85,4,0.7,"{'bootstrap': True, 'criterion': 'absolute_error', 'max_depth': None, 'max_features': 0.85, 'max_samples': 0.7, 'min_samples_leaf': 4}",-9.83723195409242,-10.202050156423454,-10.481671701913395,-10.291747514311538,-10.040933293148482,-10.170726923977858,0.21926197328478791,168,-14.180644683318102,-15.367270410342925,-15.194608776451576,-14.27160371972088,-14.482941375970759,-14.699413793160847,0.4879044349579247,126,-0.40652370884929023,-0.3787465940054496,-0.41027190332326285,-0.38234407954203076,-0.4168173598553345,-0.3989407291150736,0.0154189681048094,166,0.9193501459780526,-0.6636880613583611,1.1329808660624372,-0.9497378728532692,0.7085372714486637,0.22948846985550464,0.8613982214682988,53,-13.229956661713718,-12.592010391686651,-14.154823269513992,-12.216757289204097,-12.894701132803085,-13.017649748984308,0.6596895933423547,135,10.170726923977858,14.699413793160847,0.3989407291150736,13.017649748984308,0.22948846985550464
435.6693245410919,11.307516823334463,0.3818190574645996,0.009574129683523275,True,absolute_error,,0.85,2,0.85,"{'bootstrap': True, 'criterion': 'absolute_error', 'max_depth': None, 'max_features': 0.85, 'max_samples': 0.85, 'min_samples_leaf': 2}",-10.156436122017517,-10.52910838631547,-10.723099697885196,-10.720401225268658,-10.325404862366888,-10.490890058770747,0.22239699577277003,192,-14.258359861044486,-15.409819703950852,-15.182800586537185,-14.475769005613254,-14.497826350880143,-14.764915101605183,0.4476762897394104,133,-0.4019933554817276,-0.37329700272479566,-0.413595166163142,-0.3847544441096716,-0.4153104279686558,-0.39779007928959853,0.016396764948103416,151,0.4226920366455254,-1.0929321828640624,0.704416918429003,-1.3816194636938839,0.13811934900542516,-0.24186466849559857,0.8372370293826699,212,-13.158337089907338,-12.63896593673966,-13.814857560262963,-12.136028452101279,-12.597232704402517,-12.869084348682753,0.5731287575361455,118,10.490890058770747,14.764915101605183,0.39779007928959853,12.869084348682753,-0.24186466849559857
361.44997773170473,10.406944817639213,0.3340466976165771,0.02836810219054073,True,absolute_error,,0.85,4,0.85,"{'bootstrap': True, 'criterion': 'absolute_error', 'max_depth': None, 'max_features': 0.85, 'max_samples': 0.85, 'min_samples_leaf': 4}",-9.878574448807006,-10.255330003027549,-10.471441591137966,-10.34235110977202,-10.07029435402853,-10.203598301354614,0.20836457749880036,177,-14.213967980223192,-15.382530152336557,-15.162284782742924,-14.294912609351226,-14.509899167628003,-14.712718938456382,0.47227259437880426,127,-0.40561763817577773,-0.3766273085074175,-0.4151057401812689,-0.3856583308225369,-0.4141048824593128,-0.3994227800292628,0.015549850302939454,169,0.8727282794724656,-0.6909733575537385,1.1925503524672705,-0.9241297579592249,0.6355193891902756,0.21713898112340962,0.8583040477331867,55,-13.25300198560437,-12.69737540192926,-14.049422610383308,-12.210576822916668,-12.926451965065501,-13.027365757179819,0.6134709952214352,136,10.203598301354614,14.712718938456382,0.3994227800292628,13.027365757179819,0.21713898112340962
492.17056956291196,13.773875995654313,0.40514039993286133,0.012016459102512877,True,absolute_error,,0.85,2,1.0,"{'bootstrap': True, 'criterion': 'absolute_error', 'max_depth': None, 'max_features': 0.85, 'max_samples': 1.0, 'min_samples_leaf': 2}",-10.156025873351455,-10.519282975073166,-10.76774370594159,-10.748513106357338,-10.404207353827609,-10.51915460291023,0.22780571811588846,194,-14.252266284722792,-15.415336989323297,-15.206969095042236,-14.484366507038104,-14.5358956304448,-14.778966901314245,0.4497642363052411,134,-0.3983690727876774,-0.371480472297911,-0.4120845921450151,-0.3838505573968063,-0.4138034960819771,-0.3959176381418774,0.016309956223173685,115,0.36734168931843353,-1.1254319305681708,0.7065825780463245,-1.3952209500853672,0.18489250552541692,-0.2523672215526726,0.8441772979934741,214,-13.208062926459437,-12.64380195599022,-13.922294721407626,-12.183507326007327,-12.794840980820586,-12.95050158213704,0.5860537217763082,129,10.51915460291023,14.778966901314245,0.3959176381418774,12.95050158213704,-0.2523672215526726
407.66226878166196,10.634865575175851,0.32479023933410645,0.01008961991591658,True,absolute_error,,0.85,4,1.0,"{'bootstrap': True, 'criterion': 'absolute_error', 'max_depth': None, 'max_features': 0.85, 'max_samples': 1.0, 'min_samples_leaf': 4}",-9.904997986509615,-10.256059642749015,-10.460679254783482,-10.37765893341368,-10.103694996986135,-10.220618162888385,0.19841086281034473,180,-14.227712406060721,-15.368311948826946,-15.133822769450996,-14.352096242343702,-14.561501523680095,-14.728688978072492,0.4458704280052767,129,-0.40169133192389006,-0.37753557372085983,-0.41450151057401813,-0.3841518529677614,-0.4138034960819771,-0.3983367530537013,0.015137193776092074,164,0.7841271519178495,-0.7191881118175394,1.0861918429003024,-1.0112644370794421,0.6661472774763912,0.1612027446795123,0.8542102765323536,71,-13.305147869674183,-12.63042769313018,-13.928623663751214,-12.191005228758168,-13.013232580723479,-13.013687407207446,0.5908894544260229,134,10.220618162888385,14.728688978072492,0.3983367530537013,13.013687407207446,0.1612027446795123
440.82687578201296,15.819074648430478,0.3625014305114746,0.0072472803516357275,True,absolute_error,,1.0,2,0.7,"{'bootstrap': True, 'criterion': 'absolute_error', 'max_depth': None, 'max_features': 1.0, 'max_samples': 0.7, 'min_samples_leaf': 2}",-10.130255713278968,-10.549707336764557,-10.801876132930516,-10.718650698001404,-10.412240807715492,-10.522546137738187,0.23802479637909008,195,-14.281648437065504,-15.484056716870935,-15.32835449241424,-14.544601532328887,-14.633979392976267,-14.854528114331169,0.4676975619628359,146,-0.40320144971307764,-0.3787465940054496,-0.4123867069486405,-0.3853570352515818,-0.4165159734779988,-0.3992415518793497,0.014830405486410963,168,0.4428500956407934,-1.0402411948733472,0.706302114803625,-1.3177026212714673,0.25167219208358443,-0.1914238827233623,0.8238378728956416,207,-13.111443196004993,-12.55386357580602,-13.953139194139194,-12.19771175397446,-12.801325373854315,-12.923496618755795,0.5956183036825843,127,10.522546137738187,14.854528114331169,0.3992415518793497,12.923496618755795,-0.1914238827233623
362.7357349395752,15.063625584331612,0.3133120059967041,0.01616225252779015,True,absolute_error,,1.0,4,0.7,"{'bootstrap': True, 'criterion': 'absolute_error', 'max_depth': None, 'max_features': 1.0, 'max_samples': 0.7, 'min_samples_leaf': 4}",-9.856704419611397,-10.24325713997376,-10.525145518630413,-10.368618057647884,-10.131961523005828,-10.225137331773857,0.2259842916804551,181,-14.253007798316434,-15.43917644009606,-15.279651183832607,-14.412929836370758,-14.635167057774042,-14.80398646327798,0.472170731705393,136,-0.4028994261552401,-0.37541628822282774,-0.41178247734138973,-0.3841518529677614,-0.4165159734779988,-0.3981532036330436,0.015864931069812602,160,0.8545701198026779,-0.6661736804924819,1.1029743202416922,-0.9322777945164208,0.7318027928470966,0.2181791515765128,0.8434804462709332,54,-13.292739880059969,-12.755284946236559,-14.119250427977498,-12.282044444444445,-13.041233719247467,-13.098110683593188,0.6111195437267954,138,10.225137331773857,14.80398646327798,0.3981532036330436,13.098110683593188,0.2181791515765128
519.9018505096435,13.407293751316734,0.38788738250732424,0.01209809250085275,True,absolute_error,,1.0,2,0.85,"{'bootstrap': True, 'criterion': 'absolute_error', 'max_depth': None, 'max_features': 1.0, 'max_samples': 0.85, 'min_samples_leaf': 2}",-10.15427917044196,-10.552311030376428,-10.80987160120846,-10.757087978306718,-10.451812839059674,-10.545072523878648,0.23517581259568585,196,-14.285854467838842,-15.53704749439455,-15.341953232134614,-14.569168328886187,-14.685703188713031,-14.883945342393442,0.4759014313841722,153,-0.4025974025974026,-0.37390251286709053,-0.40996978851963745,-0.38234407954203076,-0.4128993369499699,-0.39634262409522625,0.015482018256380924,124,0.39494060203362535,-1.056285195277021,0.7275100704934545,-1.345821532590138,0.18343530239099914,-0.21924415058981594,0.8252916472947952,209,-13.101450362590647,-12.698531713900135,-14.071014492753624,-12.307325978460732,-12.87874209245742,-13.01141292803251,0.5902705909847921,133,10.545072523878648,14.883945342393442,0.39634262409522625,13.01141292803251,-0.21924415058981594
427.13353157043457,9.909433862794508,0.3179018020629883,0.0066948513601814315,True,absolute_error,,1.0,4,0.85,"{'bootstrap': True, 'criterion': 'absolute_error', 'max_depth': None, 'max_features': 1.0, 'max_samples': 0.85, 'min_samples_leaf': 4}",-9.861158260344306,-10.285761933595722,-10.539192346424974,-10.405910916942853,-10.160869499698613,-10.250578591401293,0.2316721018550322,185,-14.23356931501431,-15.502605047425646,-15.29350389011597,-14.426888373769595,-14.656893773199789,-14.822692079905062,0.49298289796830674,141,-0.4019933554817276,-0.37329700272479566,-0.41268882175226584,-0.3853570352515818,-0.41561181434599154,-0.3977896059112725,0.01619719531694667,150,0.780417295882412,-0.7120905237662736,1.11890332326284,-0.919474239228683,0.6199814145067307,0.17754745413140524,0.8294893676419227,63,-13.236009266215879,-12.823129224114624,-14.124559541239627,-12.308633046651028,-12.969856175972927,-13.092437450838815,0.5979617562381818,137,10.250578591401293,14.822692079905062,0.3977896059112725,13.092437450838815,0.17754745413140524
578.0338354587554,14.198474249407987,0.38298425674438474,0.008853047627400079,True,absolute_error,,1.0,2,1.0,"{'bootstrap': True, 'criterion': 'absolute_error', 'max_depth': None, 'max_features': 1.0, 'max_samples': 1.0, 'min_samples_leaf': 2}",-10.228271921876573,-10.569550408719348,-10.833947129909367,-10.81325349000703,-10.52187813944143,-10.59338021799075,0.22145029681415512,198,-14.376244208509494,-15.536821523636087,-15.35788163552564,-14.615321505019617,-14.744246638614399,-14.926103102261049,0.44528900044502,162,-0.39867109634551495,-0.37571904329397515,-0.4114803625377644,-0.3841518529677614,-0.4141048824593128,-0.39682544752086574,0.014985673984268155,136,0.2578027786167325,-1.0393667373095172,0.6158282980866061,-1.3940710053228886,0.15281545107494512,-0.28139824297082444,0.7870008455200105,215,-13.151285353535354,-12.682593338705345,-13.912906265296131,-12.259712418300655,-12.888876758854927,-12.979074826938483,0.5504937529251436,130,10.59338021799075,14.926103102261049,0.39682544752086574,12.979074826938483,-0.28139824297082444
480.30511384010316,16.104277029706935,0.32770581245422364,0.01620472937311514,True,absolute_error,,1.0,4,1.0,"{'bootstrap': True, 'criterion': 'absolute_error', 'max_depth': None, 'max_features': 1.0, 'max_samples': 1.0, 'min_samples_leaf': 4}",-9.94683378636867,-10.288562418003835,-10.554925478348437,-10.445741689263835,-10.21443289129998,-10.290099252656951,0.2087661075628858,186,-14.352983499377418,-15.490495110778019,-15.310580395409906,-14.454563099968368,-14.703611219372702,-14.862446664981283,0.457475487673821,148,-0.40320144971307764,-0.37541628822282774,-0.413595166163142,-0.3853570352515818,-0.4138034960819771,-0.39827468708652125,0.015424046845580935,162,0.7170069465418303,-0.6542592592592582,1.052066465256798,-0.9634809681631017,0.6599522804902557,0.1622570929733048,0.8100856441722324,70,-13.223961298377029,-12.831493279569893,-14.031827367908452,-12.303214751107635,-13.139552075746543,-13.106009754541912,0.5642721009928989,139,10.290099252656951,14.862446664981283,0.39827468708652125,13.106009754541912,0.1622570929733048
72.76290516853332,1.7886380798777652,0.265212869644165,0.007683966153931644,True,poisson,14,0.7,2,0.7,"{'bootstrap': True, 'criterion': 'poisson', 'max_depth': 14, 'max_features': 0.7, 'max_samples': 0.7, 'min_samples_leaf': 2}",-9.676662142636646,-9.901942768307576,-10.213756498484248,-9.954979191104117,-9.665789584541757,-9.88262603701487,0.202333719600065,74,-14.000637588341716,-14.795924782975558,-14.925295323836483,-13.953648121918745,-14.076245594637141,-14.35035028234193,0.42045294352760326,6,-0.4019933554817276,-0.37026945201332123,-0.4151057401812689,-0.37481169026815303,-0.40536467751657623,-0.39350898309220944,0.017712292599248364,91,0.7786003108991248,-1.0492764096312122,1.2417007208160806,-1.1363977475381468,0.3314858028523862,0.03322253547964654,0.9638240608949269,145,-13.004272721133335,-11.954356902170082,-13.798239954834091,-11.764016001284345,-12.331211797536717,-12.570419475391715,0.7460310635490084,44,9.88262603701487,14.35035028234193,0.39350898309220944,12.570419475391715,0.03322253547964654
67.67665996551514,1.6987198220001891,0.2410963535308838,0.0032307465235035665,True,poisson,14,0.7,4,0.7,"{'bootstrap': True, 'criterion': 'poisson', 'max_depth': 14, 'max_features': 0.7, 'max_samples': 0.7, 'min_samples_leaf': 4}",-9.683544724056144,-9.904012877735381,-10.232951177356684,-9.949747325115004,-9.666336286522457,-9.887318478157134,0.2068791427601196,78,-14.035627558840208,-14.78678662587097,-14.952440873843901,-13.991554557148737,-14.11433652599874,-14.376149228340513,0.40820315837667837,20,-0.4025974025974026,-0.37117771722676357,-0.41812688821752264,-0.3757155769810184,-0.40596745027124775,-0.394717007058791,0.018176073024634858,104,0.7558799264918084,-1.0804625250043105,1.267693060476658,-1.1791577503431714,0.31384132776822743,0.015558807877842395,0.9832088713482423,153,-12.96509190471278,-11.885883692932598,-13.752576743940882,-11.671847152633402,-12.291844589538414,-12.513448816751616,0.7603498244943242,21,9.887318478157134,14.376149228340513,0.394717007058791,12.513448816751616,0.015558807877842395
81.45432443618775,1.8591844871968835,0.2710736751556396,0.003926458708402055,True,poisson,14,0.7,2,0.85,"{'bootstrap': True, 'criterion': 'poisson', 'max_depth': 14, 'max_features': 0.7, 'max_samples': 0.85, 'min_samples_leaf': 2}",-9.624533384569673,-9.891750958001715,-10.173170500694095,-9.91159646467537,-9.69185621137061,-9.858581503862291,0.19258913831595406,52,-13.976220720247218,-14.816129596942584,-14.879656739556212,-13.940010313346088,-14.139560492868391,-14.350315572592098,0.41228627051352207,5,-0.40682573240712777,-0.36815016651528915,-0.4141993957703928,-0.3754142814100633,-0.40807715491259794,-0.3945333462030942,0.018883335656240993,99,0.7659541383021697,-1.0371744346510041,1.247904734266797,-1.0985911002860003,0.3189823874785108,0.039415145022094644,0.9508487972905962,140,-12.77019457617991,-12.025767375257976,-13.786928894135869,-11.737706582828375,-12.265865018826211,-12.51729248944567,0.7195141363788236,22,9.858581503862291,14.350315572592098,0.3945333462030942,12.51729248944567,0.039415145022094644
77.10604290962219,2.7906310409255406,0.24641032218933107,0.01118245785692631,True,poisson,14,0.7,4,0.85,"{'bootstrap': True, 'criterion': 'poisson', 'max_depth': 14, 'max_features': 0.7, 'max_samples': 0.85, 'min_samples_leaf': 4}",-9.652906717654774,-9.878393834655006,-10.198861934424588,-9.939600107213275,-9.67563727577717,-9.869079973944963,0.1989808698668448,63,-14.011570591479712,-14.791964685825398,-14.925696926743402,-13.978436993087884,-14.112529850374388,-14.364039809502156,0.40859754241660157,13,-0.40561763817577773,-0.371480472297911,-0.4169184290030212,-0.37390780355528774,-0.405666063893912,-0.39471808138518194,0.01846384701542984,105,0.7596368971706733,-1.0243440023488466,1.2424407803855788,-1.1455145041552641,0.32134721944118216,0.03071327809866471,0.9571560928992823,151,-12.835417687523103,-11.917248001673693,-13.721272458703496,-11.759697871293127,-12.32169188526541,-12.511065580891765,0.7103295186306283,19,9.869079973944963,14.364039809502156,0.39471808138518194,12.511065580891765,0.03071327809866471
91.34470739364625,2.5827515998275485,0.26878671646118163,0.007118410352614494,True,poisson,14,0.7,2,1.0,"{'bootstrap': True, 'criterion': 'poisson', 'max_depth': 14, 'max_features': 0.7, 'max_samples': 1.0, 'min_samples_leaf': 2}",-9.603469313979257,-9.865298531971707,-10.19306577350317,-9.91272959875425,-9.649723328828905,-9.844857309407457,0.2110066636020135,43,-13.970169277312538,-14.785003958317425,-14.884023768768712,-13.943334959244535,-14.095807276847081,-14.335667848098058,0.411738885762539,2,-0.399879190576865,-0.36845292158643655,-0.41389728096676737,-0.37481169026815303,-0.4089813140446052,-0.39320447948856546,0.018289814781053158,89,0.7602922207124424,-1.0006762118705446,1.2516034788075725,-1.0440202428270688,0.3738228479242335,0.06820441854932698,0.9329920670142138,119,-12.958615725590718,-12.029518292232597,-13.825494607718452,-11.8308867975572,-12.254283793097612,-12.579759843239316,0.7300545384070264,47,9.844857309407457,14.335667848098058,0.39320447948856546,12.579759843239316,0.06820441854932698
84.63179478645324,1.229356377340584,0.2526886463165283,0.01265740075961301,True,poisson,14,0.7,4,1.0,"{'bootstrap': True, 'criterion': 'poisson', 'max_depth': 14, 'max_features': 0.7, 'max_samples': 1.0, 'min_samples_leaf': 4}",-9.629826985216528,-9.882389493231766,-10.174903986683644,-9.93595489658715,-9.67630782212623,-9.859876636769064,0.19603944164686848,53,-14.023560681400156,-14.811093415052252,-14.884433280838628,-13.99833999764906,-14.13828891207789,-14.371143257403597,0.39269322712134264,17,-0.40320144971307764,-0.36815016651528915,-0.41389728096676737,-0.37420909912624284,-0.40415913200723325,-0.39272342566572205,0.01808602702785023,85,0.7767350881148007,-1.0572347387359078,1.2509988400234557,-1.1076786615542045,0.2928471411322808,0.031133533796085,0.9585328130364058,150,-12.90491648868915,-11.98580845152131,-13.802824217664416,-11.79591337523122,-12.33320513351668,-12.564533533324555,0.7250430154851343,41,9.859876636769064,14.371143257403597,0.39272342566572205,12.564533533324555,0.031133533796085
86.86855340003967,2.6174725290900596,0.26470088958740234,0.005021276325827108,True,poisson,14,0.85,2,0.7,"{'bootstrap': True, 'criterion': 'poisson', 'max_depth': 14, 'max_features': 0.85, 'max_samples': 0.7, 'min_samples_leaf': 2}",-9.671124088200015,-9.83905516415697,-10.204903530402651,-9.957012481554141,-9.688790868402322,-9.87217722654322,0.1964962114542054,67,-14.012773754589668,-14.758025074585046,-14.952204179860466,-13.98740862074879,-14.16120956002826,-14.374324237962446,0.40174914364435127,19,-0.40048323769254,-0.36996669694217377,-0.4141993957703928,-0.38053630611630007,-0.4077757685352622,-0.39459228101133376,0.01671488249486319,101,0.7724670949125046,-0.9995521601894157,1.2710993865767746,-1.1012907894404553,0.3298931697635269,0.054523340324586986,0.9506114366427535,130,-13.038736955990025,-11.946349599879225,-13.85323473931506,-11.635843347634726,-12.284550494691164,-12.551743027502042,0.8009755349175135,37,9.87217722654322,14.374324237962446,0.39459228101133376,12.551743027502042,0.054523340324586986
79.28804030418397,1.195818377257003,0.23492698669433593,0.006685634712220709,True,poisson,14,0.85,4,0.7,"{'bootstrap': True, 'criterion': 'poisson', 'max_depth': 14, 'max_features': 0.85, 'max_samples': 0.7, 'min_samples_leaf': 4}",-9.668747176368129,-9.799803470086156,-10.224842046801278,-9.950216083489043,-9.699813215644001,-9.86868439847772,0.20333845558221197,62,-14.017121468826991,-14.751053927399257,-14.971104419059056,-14.028375512813497,-14.168226224885295,-14.387176310596818,0.3967358552746229,28,-0.4019933554817276,-0.3678474114441417,-0.4132930513595166,-0.3772220548357939,-0.40536467751657623,-0.3931441101275512,0.017476075374123903,88,0.741586748018273,-1.0150180085550267,1.2630399615089019,-1.1600428985336255,0.3398031018821834,0.0338737808641412,0.9623835946474387,144,-12.948390542315318,-11.94080097919231,-13.897985909176425,-11.65119201312581,-12.383437524740478,-12.564361393710069,0.7976806491052005,40,9.86868439847772,14.387176310596818,0.3931441101275512,12.564361393710069,0.0338737808641412
99.9273223400116,2.9041909680999587,0.2679749488830566,0.012608013922351472,True,poisson,14,0.85,2,0.85,"{'bootstrap': True, 'criterion': 'poisson', 'max_depth': 14, 'max_features': 0.85, 'max_samples': 0.85, 'min_samples_leaf': 2}",-9.642771171707606,-9.841822051619685,-10.223616072760306,-9.908501752110922,-9.70014127862587,-9.863370465364877,0.20375764063786858,56,-14.014456311057096,-14.764338824501351,-14.953339445466527,-13.991045839648224,-14.194195606864733,-14.383475205507585,0.3989498380422411,24,-0.40652370884929023,-0.3693611867998789,-0.4175226586102719,-0.3793311238324797,-0.4077757685352622,-0.3961028893254365,0.018439451599912837,119,0.7806584424200055,-1.0081057744283106,1.2274691349655422,-1.0526872895712442,0.3139543337666609,0.05225776943053072,0.9301020174622606,132,-12.820198905043283,-11.95810035391931,-13.713130259613807,-11.672934154554879,-12.278924331824987,-12.488657600991253,0.7211292125116652,9,9.863370465364877,14.383475205507585,0.3961028893254365,12.488657600991253,0.05225776943053072
93.0674102306366,2.2349185468049813,0.24783496856689452,0.013140049388371254,True,poisson,14,0.85,4,0.85,"{'bootstrap': True, 'criterion': 'poisson', 'max_depth': 14, 'max_features': 0.85, 'max_samples': 0.85, 'min_samples_leaf': 4}",-9.656091553150798,-9.821589457987601,-10.226434037786664,-9.912332890029257,-9.704044083987679,-9.8640984045884,0.20214100177845348,57,-14.051908941692382,-14.758379650258522,-14.961927844156254,-13.986979269616608,-14.22053764430037,-14.395946670004827,0.39193799868108614,35,-0.4019933554817276,-0.368755676657584,-0.4175226586102719,-0.3754142814100633,-0.40476190476190477,-0.39368957538431026,0.018521613176867766,93,0.758956352745724,-1.045763152042108,1.2566343992302167,-1.1109260934517744,0.3295378160535309,0.03768786450711784,0.9575401203643263,142,-12.95425380030931,-11.89924231877585,-13.751431449539027,-11.722258891589348,-12.394424700050907,-12.544322232052888,0.7402083563350306,32,9.8640984045884,14.395946670004827,0.39368957538431026,12.544322232052888,0.03768786450711784
107.68205227851868,1.388454738977712,0.2725381851196289,0.010130799020575863,True,poisson,14,0.85,2,1.0,"{'bootstrap': True, 'criterion': 'poisson', 'max_depth': 14, 'max_features': 0.85, 'max_samples': 1.0, 'min_samples_leaf': 2}",-9.596594396124512,-9.835416164918582,-10.161037920012104,-9.89421265143893,-9.7183679653091,-9.841125819560645,0.18976810676107514,42,-14.022317352211221,-14.801511137493247,-14.90805472563052,-13.956020481857815,-14.247711891990983,-14.387123117836756,0.3953366641501566,27,-0.40410752038659015,-0.36633363608840447,-0.41842900302114805,-0.3793311238324797,-0.4038577456298975,-0.394411805791704,0.01884605532164668,97,0.7948479140231428,-0.9496814500430758,1.2342496576740227,-0.9963881908741957,0.3419472756686073,0.08499504128970023,0.9089165925961357,108,-12.857274098990615,-12.127926348443717,-13.616751582000392,-11.72830793670149,-12.455270884165683,-12.55710617006038,0.6472127070691313,39,9.841125819560645,14.387123117836756,0.394411805791704,12.55710617006038,0.08499504128970023
102.30632834434509,2.077769893914864,0.24473104476928711,0.01455480051142472,True,poisson,14,0.85,4,1.0,"{'bootstrap': True, 'criterion': 'poisson', 'max_depth': 14, 'max_features': 0.85, 'max_samples': 1.0, 'min_samples_leaf': 4}",-9.590607749618588,-9.844368662810295,-10.220602249777826,-9.907648800105134,-9.715900021250349,-9.855825496712438,0.21250815770287468,49,-13.9947973814977,-14.796728336116047,-14.982625549323947,-13.987417903928565,-14.195244712501047,-14.39136277667346,0.41780635970915386,30,-0.4022953790395651,-0.3672419013018468,-0.41178247734138973,-0.37360650798433265,-0.40415913200723325,-0.39181707953487355,0.017867861823370704,76,0.7282021855002224,-0.9949249697352869,1.2222982347804374,-1.0991487474609811,0.3035475840390936,0.031994857424697085,0.9283660747173301,148,-12.824917302994889,-12.04852123587253,-13.894350918520855,-11.78847244948627,-12.395423994910649,-12.59033718035704,0.738921156474723,51,9.855825496712438,14.39136277667346,0.39181707953487355,12.59033718035704,0.031994857424697085
102.75467553138733,1.7193100634678575,0.26369576454162597,0.008382916400016953,True,poisson,14,1.0,2,0.7,"{'bootstrap': True, 'criterion': 'poisson', 'max_depth': 14, 'max_features': 1.0, 'max_samples': 0.7, 'min_samples_leaf': 2}",-9.68343089152751,-9.797542317688658,-10.30294108074564,-9.93902893863013,-9.722145020147154,-9.889017649747817,0.22463920485319946,81,-14.060220323492638,-14.75581083434282,-15.078262524905726,-13.992587444963464,-14.246732378187268,-14.426722701178383,0.421425455140255,40,-0.40652370884929023,-0.3672419013018468,-0.40996978851963745,-0.37601687255197347,-0.40596745027124775,-0.3931439442987991,0.017837162647869772,87,0.7355757700951239,-0.968004490857972,1.1999750834080818,-1.082369384491759,0.33132793060626053,0.043300981751947035,0.9154202767749853,138,-12.814758936341953,-12.021419390775662,-14.028980288632576,-11.776944335010116,-12.382117019524808,-12.604843994057022,0.793427739226471,57,9.889017649747817,14.426722701178383,0.3931439442987991,12.604843994057022,0.043300981751947035
95.62207207679748,1.9025989126059284,0.23247628211975097,0.009267069223585543,True,poisson,14,1.0,4,0.7,"{'bootstrap': True, 'criterion': 'poisson', 'max_depth': 14, 'max_features': 1.0, 'max_samples': 0.7, 'min_samples_leaf': 4}",-9.680592788647516,-9.801772133600792,-10.299803066147065,-9.959651375153616,-9.741109229916812,-9.89658571869316,0.22198063276896185,91,-14.062878028660675,-14.762291562647421,-15.091578402794864,-14.023459131344408,-14.267165747104581,-14.44147457451039,0.4180943314596889,49,-0.4028994261552401,-0.36451710566151985,-0.4114803625377644,-0.3754142814100633,-0.4029535864978903,-0.39145295245249556,0.018150274430716,70,0.7126198673488221,-1.0030006196211654,1.1866477968042077,-1.1572326468143235,0.2995549845120991,0.007717876445928018,0.9328014870781167,154,-12.898023652175365,-12.069079032672223,-13.957471496464287,-11.723606645007267,-12.45883465350603,-12.621403095965034,0.7744838977872855,68,9.89658571869316,14.44147457451039,0.39145295245249556,12.621403095965034,0.007717876445928018
116.02648243904113,1.5770486565090334,0.26311554908752444,0.011228694414616476,True,poisson,14,1.0,2,0.85,"{'bootstrap': True, 'criterion': 'poisson', 'max_depth': 14, 'max_features': 1.0, 'max_samples': 0.85, 'min_samples_leaf': 2}",-9.671299603638044,-9.828273150502897,-10.273915035178028,-9.953752512949029,-9.755325441351554,-9.89651314872391,0.21024763288866416,90,-14.092754647612683,-14.784770654357889,-15.031862826629006,-14.041546463177237,-14.312854342831537,-14.452757786921671,0.39086191370199025,54,-0.4022953790395651,-0.36815016651528915,-0.4132930513595166,-0.37601687255197347,-0.4035563592525618,-0.3926623657437812,0.01740700768838354,84,0.8013783521516186,-0.9338933499899114,1.228629710005589,-1.041656187074079,0.3398108439294188,0.07885387380452721,0.9157864785432106,111,-13.016154921779117,-12.079825855713151,-13.915724819648307,-11.850660138453108,-12.507715531950064,-12.67401625350875,0.7372289308719683,87,9.89651314872391,14.452757786921671,0.3926623657437812,12.67401625350875,0.07885387380452721
111.10568137168885,2.478600084061863,0.24166474342346192,0.004550514419199003,True,poisson,14,1.0,4,0.85,"{'bootstrap': True, 'criterion': 'poisson', 'max_depth': 14, 'max_features': 1.0, 'max_samples': 0.85, 'min_samples_leaf': 4}",-9.656333926984765,-9.829935445434517,-10.273827342056864,-9.962114417505665,-9.761327032587122,-9.896707632913785,0.21310245093026697,92,-14.090696287167338,-14.80333630775469,-15.035225779306193,-14.058409404696988,-14.330014316344664,-14.463536419053975,0.39070666812983246,67,-0.40169133192389006,-0.36481986073266726,-0.41389728096676737,-0.37420909912624284,-0.40325497287522605,-0.39157450912495867,0.01873210161560297,73,0.7580794880663893,-0.9792797811140294,1.225947010682964,-1.1066522182528766,0.3195107612269981,0.043521052121889094,0.9331575774480023,137,-12.963204066629462,-12.130172472718078,-13.892063177944829,-11.832237938534623,-12.499334753316612,-12.66340248182872,0.7213286430766631,81,9.896707632913785,14.463536419053975,0.39157450912495867,12.66340248182872,0.043521052121889094
129.44177122116088,2.0479713678755216,0.27434544563293456,0.014560671393401396,True,poisson,14,1.0,2,1.0,"{'bootstrap': True, 'criterion': 'poisson', 'max_depth': 14, 'max_features': 1.0, 'max_samples': 1.0, 'min_samples_leaf': 2}",-9.647502122761324,-9.864555527133842,-10.270380449998521,-9.944344608640842,-9.775580488860273,-9.90047263947896,0.20958945991403158,95,-14.100198149691296,-14.858137841752239,-15.063836161122302,-14.051855250927426,-14.37236706068626,-14.489278892835904,0.40560192859980665,90,-0.39897311990335244,-0.3672419013018468,-0.41389728096676737,-0.37902982826152454,-0.3999397227245329,-0.3918163706316048,0.0165660781068719,75,0.7761753530994581,-0.9047963693835277,1.219118657578767,-0.9835501582839744,0.3435784187249614,0.09010518034713688,0.8890643706855383,102,-13.063132521792218,-12.198715786500117,-13.879650381781321,-11.820698243535155,-12.650855032165714,-12.722610393154905,0.7138286589534897,102,9.90047263947896,14.489278892835904,0.3918163706316048,12.722610393154905,0.09010518034713688
119.95313992500306,2.0263288232881824,0.24002528190612793,0.00500778707615642,True,poisson,14,1.0,4,1.0,"{'bootstrap': True, 'criterion': 'poisson', 'max_depth': 14, 'max_features': 1.0, 'max_samples': 1.0, 'min_samples_leaf': 4}",-9.645231972689356,-9.84574539312862,-10.267253139738152,-9.96584356964626,-9.78434536986939,-9.901683889014356,0.20996303030648156,96,-14.097513075020029,-14.860119540964144,-15.06248965689909,-14.071940091408441,-14.374656249837097,-14.493343722825761,0.40169670986995304,91,-0.39897311990335244,-0.3651226158038147,-0.41178247734138973,-0.37842723711961435,-0.3987341772151899,-0.3906079254766722,0.016626751154442315,52,0.7499328903121613,-0.9357912591876525,1.2167525095284717,-1.039699345423751,0.3379814341259076,0.06583524587102738,0.9046685659269572,120,-13.027400023239219,-12.201317787896771,-13.94426217867664,-11.793739124281254,-12.693076468502042,-12.731959116519185,0.737605975799251,103,9.901683889014356,14.493343722825761,0.3906079254766722,12.731959116519185,0.06583524587102738
79.30344705581665,2.6350378734220374,0.29331350326538086,0.015037390999528012,True,poisson,18,0.7,2,0.7,"{'bootstrap': True, 'criterion': 'poisson', 'max_depth': 18, 'max_features': 0.7, 'max_samples': 0.7, 'min_samples_leaf': 2}",-9.6826351915787,-9.895765870398785,-10.20805435792505,-10.007154224303655,-9.704942836647131,-9.899710496170664,0.19580182886233352,94,-14.034650471189844,-14.768545954729671,-14.894349095621857,-14.017113876926977,-14.140739776534737,-14.371079835000618,0.3803480496300057,16,-0.39806704922983993,-0.3678474114441417,-0.4123867069486405,-0.37179873455860196,-0.4023508137432188,-0.39049014318488856,0.01754768687369115,50,0.6971227233755054,-1.144488276983869,1.1185747330392823,-1.2685927206772913,0.20924704517065032,-0.07762729921514444,0.9664393172822348,188,-13.037700476636337,-11.89525509919731,-13.733019154246136,-11.751736479147448,-12.320330347517375,-12.54760831134892,0.7424312973567401,35,9.899710496170664,14.371079835000618,0.39049014318488856,12.54760831134892,-0.07762729921514444
72.74281220436096,2.4811226611958372,0.26230363845825194,0.010578150172288976,True,poisson,18,0.7,4,0.7,"{'bootstrap': True, 'criterion': 'poisson', 'max_depth': 18, 'max_features': 0.7, 'max_samples': 0.7, 'min_samples_leaf': 4}",-9.655622551360775,-9.854129053383259,-10.203163166771473,-9.990711361436771,-9.690129918241624,-9.87875121023878,0.20186571467846562,70,-14.002662823303103,-14.769019872764211,-14.889668737245978,-14.002159189763699,-14.127087254793926,-14.358119575574182,0.3893113914982212,9,-0.40018121413470253,-0.3678474114441417,-0.41027190332326285,-0.3730039168424224,-0.405666063893912,-0.3913941019276883,0.017492393575683305,69,0.698254821357727,-1.1277349543100716,1.2087467866823323,-1.2589092282418384,0.23791955726743377,-0.0483446034488834,0.9849047542078937,173,-12.936486030592814,-11.861431979110593,-13.907740039002983,-11.704705686621155,-12.236726656663837,-12.529418078398276,0.8096295413506472,29,9.87875121023878,14.358119575574182,0.3913941019276883,12.529418078398276,-0.0483446034488834
90.25281267166137,2.064930725551377,0.32319321632385256,0.028879741668609592,True,poisson,18,0.7,2,0.85,"{'bootstrap': True, 'criterion': 'poisson', 'max_depth': 18, 'max_features': 0.7, 'max_samples': 0.85, 'min_samples_leaf': 2}",-9.612927100480649,-9.899667860641728,-10.168226642235119,-9.975448733521,-9.660423613124703,-9.86333879000064,0.20529277946619873,55,-13.941672092668602,-14.819018188656461,-14.846605626373105,-14.019981140007495,-14.090351809324796,-14.343525771406092,0.4023548041303543,4,-0.39957716701902746,-0.3678474114441417,-0.4141993957703928,-0.3705935522747816,-0.4035563592525618,-0.39115477715218105,0.018556872590109314,63,0.6619580972672023,-1.1357821916901576,1.188808481140723,-1.2601194833903342,0.21546210541242872,-0.06593459825202756,0.9750941994890159,184,-12.857197615171252,-11.91239274261195,-13.709622997218833,-11.758608854139707,-12.236067518336894,-12.494777945495727,0.7148769205101625,14,9.86333879000064,14.343525771406092,0.39115477715218105,12.494777945495727,-0.06593459825202756
83.51002058982849,1.7615304892767099,0.28092126846313475,0.023536398127676352,True,poisson,18,0.7,4,0.85,"{'bootstrap': True, 'criterion': 'poisson', 'max_depth': 18, 'max_features': 0.7, 'max_samples': 0.85, 'min_samples_leaf': 4}",-9.614289769533505,-9.886060128181539,-10.18052235737854,-9.979285381132446,-9.685736736024676,-9.869178874450142,0.203942471230797,65,-13.98769476660273,-14.797075356789898,-14.861875440230811,-14.01134588385702,-14.158709483455993,-14.36334018618729,0.3856285239372344,12,-0.3983690727876774,-0.3678474114441417,-0.41661631419939577,-0.3730039168424224,-0.40446051838456903,-0.3920594467316413,0.018686752371982442,80,0.6221088019729383,-1.0804582742846291,1.2313699580887023,-1.2382803313338733,0.2423497984487214,-0.044582009421628085,0.9646569590897904,168,-12.847883119885458,-11.969095853259873,-13.695925875343212,-11.717041906414162,-12.273245574285667,-12.500638465837675,0.7067615559921193,17,9.869178874450142,14.36334018618729,0.3920594467316413,12.500638465837675,-0.044582009421628085
101.00730438232422,1.4171440301646676,0.30525941848754884,0.011495077741398936,True,poisson,18,0.7,2,1.0,"{'bootstrap': True, 'criterion': 'poisson', 'max_depth': 18, 'max_features': 0.7, 'max_samples': 1.0, 'min_samples_leaf': 2}",-9.632200995765542,-9.842183918839295,-10.169324562300233,-9.951673634286845,-9.66145301302662,-9.851367224843708,0.19765820051059668,47,-13.991005187688971,-14.755518860247951,-14.871312343979781,-14.002064210523598,-14.087270951528174,-14.341434310793696,0.38853787270234175,3,-0.4022953790395651,-0.3642143505903724,-0.41540785498489424,-0.3733052124133775,-0.4035563592525618,-0.3917558312561542,0.01953822534358094,74,0.6696408741579013,-1.109240553565942,1.162269759398585,-1.2537345321829625,0.2952689487653859,-0.04715910068540648,0.9672247541328176,171,-12.803828239983678,-11.988741452825387,-13.63911898357203,-11.649903099226304,-12.336222355946928,-12.483562826310868,0.6927374559249755,8,9.851367224843708,14.341434310793696,0.3917558312561542,12.483562826310868,-0.04715910068540648
92.8783453464508,1.101467752380521,0.26716885566711424,0.011364863512813116,True,poisson,18,0.7,4,1.0,"{'bootstrap': True, 'criterion': 'poisson', 'max_depth': 18, 'max_features': 0.7, 'max_samples': 1.0, 'min_samples_leaf': 4}",-9.605832697454249,-9.881135377050677,-10.16474270993734,-9.942771607798297,-9.659256595028438,-9.850747797453801,0.20230515492380488,46,-13.986964942590031,-14.813253733540233,-14.864237934772243,-13.986588289671051,-14.11462354291428,-14.353133688697568,0.39956480721820753,7,-0.40078526125037756,-0.3651226158038147,-0.41299093655589125,-0.3721000301295571,-0.40415913200723325,-0.3910315951493748,0.018864560775170323,61,0.6862485143418788,-1.094625066385687,1.194072254113536,-1.2274642214896678,0.2598483389187577,-0.03638403610023644,0.9656624867210534,163,-12.839894835062918,-12.032273447813623,-13.751893756769716,-11.710973771319168,-12.271286417165099,-12.521264445626105,0.7175159948101706,23,9.850747797453801,14.353133688697568,0.3910315951493748,12.521264445626105,-0.03638403610023644
94.92172026634216,2.2576154994833733,0.2828528881072998,0.008853066644942027,True,poisson,18,0.85,2,0.7,"{'bootstrap': True, 'criterion': 'poisson', 'max_depth': 18, 'max_features': 0.85, 'max_samples': 0.7, 'min_samples_leaf': 2}",-9.616248733831629,-9.808272796165557,-10.222102421161575,-9.967265729323168,-9.731792363828298,-9.869136408862044,0.2101115473322601,64,-13.961720855236113,-14.72231075728117,-14.932590205857489,-14.01003050512831,-14.217840465969854,-14.368898557894587,0.3898838197804129,15,-0.40048323769254,-0.36542537087496213,-0.4108761329305136,-0.3757155769810184,-0.40446051838456903,-0.39139216737272065,0.01762432567930619,68,0.6223997885980043,-1.0898669242140597,1.1641079710024123,-1.2211255781113197,0.25700291872671843,-0.0534963647996489,0.9458570346528994,176,-12.782867744255096,-11.92911955056164,-13.85601338164073,-11.6393100087699,-12.3482946153195,-12.511121060109375,0.7756125752377389,20,9.869136408862044,14.368898557894587,0.39139216737272065,12.511121060109375,-0.0534963647996489
85.4403465270996,0.6852614945763725,0.25237116813659666,0.009475728952919114,True,poisson,18,0.85,4,0.7,"{'bootstrap': True, 'criterion': 'poisson', 'max_depth': 18, 'max_features': 0.85, 'max_samples': 0.7, 'min_samples_leaf': 4}",-9.646618269470364,-9.806647929891614,-10.23467467195458,-9.98710821653562,-9.690426946994513,-9.873095206969337,0.21578387933372703,68,-13.988715107005588,-14.745991953056413,-14.986040688163293,-14.058294380096642,-14.195201838806042,-14.394848793425595,0.3977138986317237,34,-0.40108728480821504,-0.3672419013018468,-0.41389728096676737,-0.37360650798433265,-0.40717299578059074,-0.39260119416835054,0.018664223998969862,83,0.7046156902364267,-1.122837519675234,1.2049831692295876,-1.23322159535466,0.23122603662592053,-0.04304684378759183,0.9771660692130919,167,-12.903966732149543,-11.823011452986277,-13.819440676758974,-11.715382941814356,-12.183584233772244,-12.489077207496278,0.7845473396921958,11,9.873095206969337,14.394848793425595,0.39260119416835054,12.489077207496278,-0.04304684378759183
108.68497533798218,0.9628834343562725,0.3073667049407959,0.008280398482454814,True,poisson,18,0.85,2,0.85,"{'bootstrap': True, 'criterion': 'poisson', 'max_depth': 18, 'max_features': 0.85, 'max_samples': 0.85, 'min_samples_leaf': 2}",-9.624997593892907,-9.814352036371607,-10.224727549713451,-9.962401909764736,-9.710495618693297,-9.8673949416872,0.2111399243724881,61,-14.02431661549898,-14.772111124009276,-14.919044994880968,-14.037733341834207,-14.202776710314255,-14.391196557307538,0.3791461605527488,29,-0.40108728480821504,-0.36542537087496213,-0.4132930513595166,-0.3754142814100633,-0.4050632911392405,-0.3920566559183995,0.01837336812664255,79,0.6636923295144913,-1.1037956504881437,1.145156143273416,-1.1842576333287882,0.22042376678654588,-0.05175620884849572,0.9389242985523154,175,-12.825998620633243,-11.918379346550573,-13.755232099337181,-11.691276425959435,-12.258478616451683,-12.489873021786424,0.7391913051249306,12,9.8673949416872,14.391196557307538,0.3920566559183995,12.489873021786424,-0.05175620884849572
97.98712019920349,2.0655449210217802,0.2598175048828125,0.008358925624583359,True,poisson,18,0.85,4,0.85,"{'bootstrap': True, 'criterion': 'poisson', 'max_depth': 18, 'max_features': 0.85, 'max_samples': 0.85, 'min_samples_leaf': 4}",-9.621313612147349,-9.845493386282225,-10.193709613572551,-9.96321123572797,-9.70470115011087,-9.865685799568194,0.20157003257040831,59,-14.00965213056264,-14.823170979745218,-14.914680842185712,-14.011460621945098,-14.202825163834243,-14.392357947654583,0.3964568743462118,32,-0.39957716701902746,-0.36481986073266726,-0.4132930513595166,-0.3727026212714673,-0.4035563592525618,-0.39078981192704804,0.01869857190232438,56,0.6693943246049233,-1.0739055030193327,1.201188103057856,-1.232462937783387,0.24008400559226473,-0.03914040150953513,0.9605373514606773,165,-12.876996968475728,-12.021806961998893,-13.785493948116464,-11.712754082812479,-12.321432840411875,-12.543696960363087,0.730121254226118,31,9.865685799568194,14.392357947654583,0.39078981192704804,12.543696960363087,-0.03914040150953513
120.94538831710815,1.9055113690802383,0.30384650230407717,0.0075300226080739835,True,poisson,18,0.85,2,1.0,"{'bootstrap': True, 'criterion': 'poisson', 'max_depth': 18, 'max_features': 0.85, 'max_samples': 1.0, 'min_samples_leaf': 2}",-9.595735787924552,-9.825759222460096,-10.165441084304112,-9.92668523575953,-9.73414380064579,-9.849553026218816,0.19185581455329068,44,-13.997145871736398,-14.773325189774614,-14.88372930954485,-14.002475732693384,-14.2407826675035,-14.379491754250548,0.37866342634016803,22,-0.39806704922983993,-0.36300333030578263,-0.41450151057401813,-0.3754142814100633,-0.4014466546112116,-0.3904865652261832,0.018637633102089986,49,0.679144061462136,-1.0705139589993553,1.121045830004855,-1.1906893590603398,0.2325773356889093,-0.04568721818075898,0.9300943288648982,169,-12.905966305508086,-12.05945584037149,-13.61453049794558,-11.635140575748238,-12.413506280164613,-12.5257198999476,0.686035195840997,27,9.849553026218816,14.379491754250548,0.3904865652261832,12.5257198999476,-0.04568721818075898
111.27286138534546,0.5972096705970034,0.2725838661193848,0.012066146706543508,True,poisson,18,0.85,4,1.0,"{'bootstrap': True, 'criterion': 'poisson', 'max_depth': 18, 'max_features': 0.85, 'max_samples': 1.0, 'min_samples_leaf': 4}",-9.59019072653256,-9.821498597663144,-10.169931545412132,-9.951122755007665,-9.725835073226703,-9.851715739568442,0.19814005353500133,48,-14.014076149473272,-14.79537355764437,-14.874068792423506,-13.999916904014789,-14.229710915928857,-14.382629263896959,0.37882841285276253,23,-0.399879190576865,-0.36451710566151985,-0.41299093655589125,-0.37420909912624284,-0.4050632911392405,-0.3913319246119519,0.018670536406476965,66,0.651934073498947,-1.0510184720187323,1.1500835809934835,-1.174081352397601,0.2840537408347492,-0.027805685817830716,0.9281850975851003,159,-12.806523871942721,-12.030272365034671,-13.70491955684074,-11.727455883761195,-12.355956504857105,-12.525025636487285,0.6900541429769653,26,9.851715739568442,14.382629263896959,0.3913319246119519,12.525025636487285,-0.027805685817830716
111.69399008750915,1.8023101097794219,0.28184003829956056,0.0017059320693898047,True,poisson,18,1.0,2,0.7,"{'bootstrap': True, 'criterion': 'poisson', 'max_depth': 18, 'max_features': 1.0, 'max_samples': 0.7, 'min_samples_leaf': 2}",-9.678765381802078,-9.789898821540241,-10.274416117817294,-9.988058102698293,-9.733059185721933,-9.89283952191597,0.21754151684654105,83,-14.05419816931769,-14.757893974612056,-15.030365771238401,-14.033994319053472,-14.247516165174599,-14.424793679879244,0.39979140918090184,39,-0.40320144971307764,-0.3636088404480775,-0.41117824773413897,-0.37390780355528774,-0.40596745027124775,-0.3915727583443659,0.019083187179512896,72,0.6373570265131553,-1.059345723973348,1.1156973290251102,-1.2276628664816596,0.21481653945755905,-0.06382753909183658,0.9280248227035696,181,-12.792764529562449,-12.005419184539319,-13.850578805675372,-11.714646168010882,-12.252060748383649,-12.523093887234333,0.7523260249260685,25,9.89283952191597,14.424793679879244,0.3915727583443659,12.523093887234333,-0.06382753909183658
101.90166392326356,2.1727067539233387,0.26291537284851074,0.014695595112833163,True,poisson,18,1.0,4,0.7,"{'bootstrap': True, 'criterion': 'poisson', 'max_depth': 18, 'max_features': 1.0, 'max_samples': 0.7, 'min_samples_leaf': 4}",-9.665558078592689,-9.798824515474024,-10.290508525943949,-9.983265754102092,-9.73440568262746,-9.894512511348044,0.2244551193940003,85,-14.044265888126949,-14.76780256353446,-15.066444174589858,-14.045669052842456,-14.261429883065588,-14.437122312431862,0.41081263100267995,46,-0.40108728480821504,-0.3636088404480775,-0.4114803625377644,-0.37481169026815303,-0.4026522001205545,-0.3907280756365529,0.018269863772922144,55,0.6430872409473088,-1.054977980735382,1.1285984278874377,-1.2612535649699437,0.23605544886199092,-0.061698085601717655,0.9410338582631304,180,-12.850875245857278,-12.023699044230531,-13.875640241256203,-11.635192305357556,-12.380984294267211,-12.553278226193758,0.7733338673532703,38,9.894512511348044,14.437122312431862,0.3907280756365529,12.553278226193758,-0.061698085601717655
129.02789478302003,1.1326532922529575,0.2953284740447998,0.012329224369771468,True,poisson,18,1.0,2,0.85,"{'bootstrap': True, 'criterion': 'poisson', 'max_depth': 18, 'max_features': 1.0, 'max_samples': 0.85, 'min_samples_leaf': 2}",-9.656281196601842,-9.801733849855678,-10.268878705049705,-9.988961311235272,-9.761564625917059,-9.89548393773191,0.21545444253266163,87,-14.064196583758632,-14.757113854997124,-14.996397835836325,-14.073630423443536,-14.310820126687164,-14.440431764944554,0.3747749006013109,48,-0.40018121413470253,-0.363911595519225,-0.41268882175226584,-0.3730039168424224,-0.40325497287522605,-0.3906081042247683,0.018771024463234,53,0.6829996813142872,-1.0312772087335986,1.1347349931048294,-1.1974309114611035,0.23263112686868706,-0.03566846378137968,0.9272800637211547,162,-12.918248674256718,-12.050257190360329,-13.816237679682105,-11.784769546385489,-12.391906393028068,-12.592283896742542,0.7197693268556118,52,9.89548393773191,14.440431764944554,0.3906081042247683,12.592283896742542,-0.03566846378137968
117.45247287750244,1.8859482095913171,0.2649518966674805,0.00644698513057252,True,poisson,18,1.0,4,0.85,"{'bootstrap': True, 'criterion': 'poisson', 'max_depth': 18, 'max_features': 1.0, 'max_samples': 0.85, 'min_samples_leaf': 4}",-9.64159547780277,-9.818713755860713,-10.259938773688026,-9.994607046640548,-9.76028583461749,-9.895028177721908,0.2150735769828752,86,-14.070127013198586,-14.78708699442736,-14.998993568148252,-14.07427240051534,-14.318273680372261,-14.449750731332362,0.37890574221156337,52,-0.40169133192389006,-0.3620950650923403,-0.4120845921450151,-0.3724013257005122,-0.4002411091018686,-0.3897026847927253,0.019064383103790175,39,0.668361510373544,-1.0620380908966203,1.16662491138037,-1.2130843074981168,0.23772812653919148,-0.04048157002032633,0.9439851810920408,166,-12.833183303703676,-12.091680485525249,-13.864342301164365,-11.790402091914938,-12.4899888264751,-12.613919401756664,0.7180399875752501,65,9.895028177721908,14.449750731332362,0.3897026847927253,12.613919401756664,-0.04048157002032633
143.12092065811157,3.937545825753183,0.29914107322692873,0.00806096503249074,True,poisson,18,1.0,2,1.0,"{'bootstrap': True, 'criterion': 'poisson', 'max_depth': 18, 'max_features': 1.0, 'max_samples': 1.0, 'min_samples_leaf': 2}",-9.617656642527415,-9.839494692236078,-10.247503086424262,-9.96923217624572,-9.779807726305409,-9.890738864747776,0.21116225638294406,82,-14.068671398008517,-14.842018309403512,-15.028942407850732,-14.083701525503233,-14.34692944446184,-14.474052617045567,0.3939973703253029,77,-0.39655693144065235,-0.3651226158038147,-0.41299093655589125,-0.3796324194034348,-0.3987341772151899,-0.3906074160837966,0.01656736892591811,51,0.641070833061259,-0.9924452523948728,1.1268802948708958,-1.1495050215326217,0.22645600840700045,-0.029508627517667845,0.8982281351364761,160,-12.934747399723571,-12.11517591202135,-13.770742133170067,-11.616140645433642,-12.54753706416318,-12.59686863090236,0.73327074428588,56,9.890738864747776,14.474052617045567,0.3906074160837966,12.59686863090236,-0.029508627517667845
130.46790261268615,1.9981183217055951,0.2718206405639648,0.011058487540466113,True,poisson,18,1.0,4,1.0,"{'bootstrap': True, 'criterion': 'poisson', 'max_depth': 18, 'max_features': 1.0, 'max_samples': 1.0, 'min_samples_leaf': 4}",-9.616774108616939,-9.823802805331978,-10.253430839128802,-9.988399293296196,-9.78713642526328,-9.89390869432744,0.21508295032657979,84,-14.066357192428592,-14.842017175406301,-15.030242864194857,-14.087795911658542,-14.366712313050712,-14.478625091347803,0.3928288971547633,82,-0.3968589549984899,-0.36451710566151985,-0.4105740181268882,-0.3769207592648388,-0.3990355635925256,-0.3895812803288525,0.016562274639981205,38,0.6573206527574111,-1.0083282781322207,1.1491160133891147,-1.1573678071916276,0.249304155168894,-0.02199105280168568,0.9130716007128039,157,-12.944264746921792,-12.091990184111628,-13.88610378286766,-11.714705636443268,-12.575872298290768,-12.642587329727023,0.7491214830970032,75,9.89390869432744,14.478625091347803,0.3895812803288525,12.642587329727023,-0.02199105280168568
83.79914293289184,3.132001270161618,0.3006147861480713,0.009795268299821682,True,poisson,,0.7,2,0.7,"{'bootstrap': True, 'criterion': 'poisson', 'max_depth': None, 'max_features': 0.7, 'max_samples': 0.7, 'min_samples_leaf': 2}",-9.66220801015596,-9.926077611720055,-10.195746836549059,-10.011328614708647,-9.689767987461197,-9.897025812118983,0.2006183412238722,93,-13.991165919544251,-14.823571875744177,-14.865099789835327,-14.023392632314893,-14.104469948008346,-14.361540033089401,0.3961442993454471,10,-0.40169133192389006,-0.36603088101725706,-0.41570996978851965,-0.37420909912624284,-0.40807715491259794,-0.3931436873537015,0.019488102435793107,86,0.5774792277688607,-1.180439384549871,1.118821733813376,-1.3299550862173444,0.19243848805045838,-0.12433100422690409,0.9702786796722213,199,-12.745715956680105,-11.946585220985577,-13.608728912754238,-11.599629122811043,-12.108257417188948,-12.401783326083983,0.7087766141003601,1,9.897025812118983,14.361540033089401,0.3931436873537015,12.401783326083983,-0.12433100422690409
72.3955548286438,1.889741694953034,0.26193876266479493,0.014263836088875291,True,poisson,,0.7,4,0.7,"{'bootstrap': True, 'criterion': 'poisson', 'max_depth': None, 'max_features': 0.7, 'max_samples': 0.7, 'min_samples_leaf': 4}",-9.649164290400975,-9.895640476773526,-10.21764845701042,-9.997373651988203,-9.679130002304575,-9.887791375695539,0.21040819011643452,79,-13.981088569870352,-14.785162158270298,-14.898203549571061,-14.036809058125346,-14.132980017183208,-14.366848670604053,0.3923660865930162,14,-0.4019933554817276,-0.368755676657584,-0.41389728096676737,-0.36968966556191624,-0.40476190476190477,-0.39181957668597994,0.018868551127197743,77,0.662612747245518,-1.1393174464136446,1.186001079970157,-1.32894359299862,0.2500847472633331,-0.0739124929866513,0.9944864633863527,187,-12.825805323684277,-11.87279760643624,-13.77594159394369,-11.72392802191786,-12.26550057299565,-12.492794623795543,0.7462676479370046,13,9.887791375695539,14.366848670604053,0.39181957668597994,12.492794623795543,-0.0739124929866513
96.05858550071716,2.322840940287938,0.3151842594146729,0.006830798616963189,True,poisson,,0.7,2,0.85,"{'bootstrap': True, 'criterion': 'poisson', 'max_depth': None, 'max_features': 0.7, 'max_samples': 0.85, 'min_samples_leaf': 2}",-9.59962157050113,-9.907532924058646,-10.161977799862903,-9.956020530995506,-9.7043198853841,-9.865894542160458,0.19724573980239693,60,-13.928086375697164,-14.78685179972995,-14.852777239337172,-13.971192720524105,-14.120774207541723,-14.331936468566024,0.4039909693960699,1,-0.3974630021141649,-0.36633363608840447,-0.4151057401812689,-0.3708948478457367,-0.4062688366485835,-0.3912132125756317,0.019330875988267947,64,0.5539626131031437,-1.166501541152083,1.1187708605766669,-1.3019845414669893,0.14870672110783986,-0.12940917756628437,0.9542318816337508,201,-12.772992869268142,-11.930424238735695,-13.587801334081142,-11.66642788352768,-12.1262397182271,-12.416777208767952,0.6902408932551902,2,9.865894542160458,14.331936468566024,0.3912132125756317,12.416777208767952,-0.12940917756628437
85.72084560394288,2.3486879377288745,0.27635512351989744,0.011053373613004586,True,poisson,,0.7,4,0.85,"{'bootstrap': True, 'criterion': 'poisson', 'max_depth': None, 'max_features': 0.7, 'max_samples': 0.85, 'min_samples_leaf': 4}",-9.628558716951936,-9.877037200157421,-10.176247962999447,-9.96686008255707,-9.697777934215646,-9.869296379376305,0.1955357104537911,66,-13.976099131173173,-14.810234548732732,-14.88157468452573,-14.002069414693322,-14.14495472122527,-14.362986500070047,0.39911035000476125,11,-0.39927514346119,-0.36754465637299427,-0.4120845921450151,-0.37149743898764687,-0.40717299578059074,-0.3915149653494874,0.018459582345706115,71,0.6646754801093637,-1.1544144813023458,1.2150026393404918,-1.2708730733785365,0.23811296397989698,-0.061499294250225954,0.9903133886190834,179,-12.889901069012845,-11.866072010040494,-13.821495415595745,-11.703966294997384,-12.201068097784166,-12.496500577486128,0.7775868292846717,15,9.869296379376305,14.362986500070047,0.3915149653494874,12.496500577486128,-0.061499294250225954
107.1590027332306,2.4422992305072935,0.327119255065918,0.0180087991120527,True,poisson,,0.7,2,1.0,"{'bootstrap': True, 'criterion': 'poisson', 'max_depth': None, 'max_features': 0.7, 'max_samples': 1.0, 'min_samples_leaf': 2}",-9.638039224810615,-9.89138115647815,-10.184379537854834,-9.97473413804963,-9.709745944441659,-9.879656000326978,0.19456713966389308,71,-13.984471438302354,-14.827036784895784,-14.891271775986533,-13.990954516628188,-14.17559080458813,-14.373865064080197,0.4026499420579188,18,-0.40018121413470253,-0.363911595519225,-0.4123867069486405,-0.37149743898764687,-0.4077757685352622,-0.39115054482509537,0.0196831428469937,62,0.5987960014390179,-1.1569222972068842,1.091349512959687,-1.2952204003673276,0.17649742280596722,-0.11709995207390791,0.9516569596716504,198,-12.790249597778317,-12.000797675612727,-13.671305186152406,-11.681794848080926,-12.12215650130363,-12.453260761785602,0.7080545497320625,4,9.879656000326978,14.373865064080197,0.39115054482509537,12.453260761785602,-0.11709995207390791
95.65638694763183,1.9455025733767204,0.2817887306213379,0.018614990522520462,True,poisson,,0.7,4,1.0,"{'bootstrap': True, 'criterion': 'poisson', 'max_depth': None, 'max_features': 0.7, 'max_samples': 1.0, 'min_samples_leaf': 4}",-9.600666433372668,-9.886777375095678,-10.16333222729538,-9.950878453653054,-9.683369286561748,-9.857004755195707,0.19969667574776068,50,-13.965783542366198,-14.862418095678912,-14.85596293574014,-13.982773213579478,-14.121939193688752,-14.357775396210695,0.41297894463218443,8,-0.40018121413470253,-0.363911595519225,-0.416012084592145,-0.3708948478457367,-0.4029535864978903,-0.39079066571793986,0.019952779230204238,57,0.5997861819752128,-1.106898176996704,1.1677863341183154,-1.2501672488144064,0.22026142000840646,-0.07384629794183513,0.9521406224958847,186,-12.74479192808182,-12.063203407371429,-13.618737268801501,-11.729350320414083,-12.288798311293858,-12.48897624719254,0.6542456563584951,10,9.857004755195707,14.357775396210695,0.39079066571793986,12.48897624719254,-0.07384629794183513
99.65152697563171,2.666440663583934,0.30217924118041994,0.012708707568664698,True,poisson,,0.85,2,0.7,"{'bootstrap': True, 'criterion': 'poisson', 'max_depth': None, 'max_features': 0.85, 'max_samples': 0.7, 'min_samples_leaf': 2}",-9.655116845983965,-9.838492409959757,-10.225183466384811,-10.034315182967969,-9.724979916833089,-9.895617564425919,0.20884051270915222,88,-13.982182050596501,-14.733761537419465,-14.915471680545666,-14.060075674069173,-14.191061316230478,-14.376510451772257,0.3763309136130257,21,-0.39867109634551495,-0.36663639115955193,-0.41268882175226584,-0.37360650798433265,-0.4050632911392405,-0.39133322167618123,0.018014386931632348,67,0.5623256617161363,-1.1246065629671933,1.1343545505810746,-1.3101935945886822,0.19780898164153296,-0.10806219272342635,0.9555164863837425,194,-12.814375811740543,-11.883552829321404,-13.762837055694392,-11.67554820638341,-12.248442546554614,-12.476951289938873,0.7501922942398411,7,9.895617564425919,14.376510451772257,0.39133322167618123,12.476951289938873,-0.10806219272342635
87.65562415122986,1.4207549384283702,0.25416088104248047,0.005188188321099738,True,poisson,,0.85,4,0.7,"{'bootstrap': True, 'criterion': 'poisson', 'max_depth': None, 'max_features': 0.85, 'max_samples': 0.7, 'min_samples_leaf': 4}",-9.626591684885275,-9.827002724762343,-10.239089386765807,-9.991467437264596,-9.699240791319363,-9.876678404999478,0.21955108251438527,69,-13.967497835846332,-14.757461140952632,-14.986135997799353,-14.027273215984268,-14.179377335824068,-14.383549105281329,0.41100813933317176,25,-0.39957716701902746,-0.3678474114441417,-0.413595166163142,-0.37360650798433265,-0.40717299578059074,-0.3923598496782469,0.018303033006199277,81,0.6309035215020052,-1.0830247321361166,1.186190156901895,-1.2688056551842666,0.20764736914365084,-0.0654178679545664,0.9601683858047326,183,-12.835437123336465,-11.885333049236392,-13.812153137158544,-11.673594538195406,-12.165453336941628,-12.474394236973685,0.775070133728741,6,9.876678404999478,14.383549105281329,0.3923598496782469,12.474394236973685,-0.0654178679545664
116.83065943717956,3.4712276785820717,0.3224909782409668,0.011317469888796746,True,poisson,,0.85,2,0.85,"{'bootstrap': True, 'criterion': 'poisson', 'max_depth': None, 'max_features': 0.85, 'max_samples': 0.85, 'min_samples_leaf': 2}",-9.626086007215754,-9.837038923945176,-10.229173306663197,-10.017879798255953,-9.732602862657384,-9.888556179747493,0.21382735170135786,80,-13.971682331762707,-14.75991885208851,-14.934352337183658,-14.05422237196992,-14.202597239212317,-14.384554626443423,0.38881029962123587,26,-0.40048323769254,-0.36179231002119283,-0.416012084592145,-0.37451039469719793,-0.4074743821579265,-0.3920544818322005,0.02052499947640117,78,0.6037064043504845,-1.1312330439704228,1.1094418254980303,-1.2994153276219715,0.13517220990523576,-0.11646558636772877,0.9501517081538577,197,-12.77181096330913,-12.031496578057158,-13.627747308443595,-11.639816403070874,-12.108460684453688,-12.43586638746689,0.6982612552061916,3,9.888556179747493,14.384554626443423,0.3920544818322005,12.43586638746689,-0.11646558636772877
101.13730626106262,3.996847940587219,0.2633500576019287,0.007442984753213605,True,poisson,,0.85,4,0.85,"{'bootstrap': True, 'criterion': 'poisson', 'max_depth': None, 'max_features': 0.85, 'max_samples': 0.85, 'min_samples_leaf': 4}",-9.60480838135161,-9.838345407404718,-10.207567141264441,-9.96432402830874,-9.70813874642758,-9.864636740951417,0.20987255546235,58,-13.980238343916312,-14.814723081790358,-14.91955700576546,-14.036588898280641,-14.208618923015797,-14.391945250553713,0.3966117787623264,31,-0.39957716701902746,-0.36300333030578263,-0.4148036253776435,-0.3733052124133775,-0.4038577456298975,-0.3909094161491457,0.0195057939720856,59,0.6269463181595979,-1.1184457982464957,1.1639553966473437,-1.2231929217052302,0.19172950281255438,-0.07180150046644598,0.9493111927567223,185,-12.803227441451856,-12.010770812781324,-13.707115659318283,-11.707753891370881,-12.256627929469687,-12.497099146878407,0.7035996134813503,16,9.864636740951417,14.391945250553713,0.3909094161491457,12.497099146878407,-0.07180150046644598
129.50171213150026,2.5416983581762205,0.3180692195892334,0.013777539204246425,True,poisson,,0.85,2,1.0,"{'bootstrap': True, 'criterion': 'poisson', 'max_depth': None, 'max_features': 0.85, 'max_samples': 1.0, 'min_samples_leaf': 2}",-9.634711907133207,-9.86053145128291,-10.200264254402667,-9.981165632004235,-9.750307315227058,-9.885396112010017,0.19494796895468333,76,-14.014868851594553,-14.796506928276184,-14.93245312498212,-14.052863027166094,-14.232236851714704,-14.40578575674673,0.38406542486184786,36,-0.3968589549984899,-0.3642143505903724,-0.4132930513595166,-0.37481169026815303,-0.4026522001205545,-0.3903660494674173,0.018136174790306315,48,0.5418819450771217,-1.095202794696928,1.1094864880480542,-1.2954529128286272,0.10990045633765105,-0.12587736361254565,0.9311408354682879,200,-12.821423989599847,-12.033200562220907,-13.682483537102295,-11.586768695716978,-12.244075369031329,-12.473590430734271,0.723254300621023,5,9.885396112010017,14.40578575674673,0.3903660494674173,12.473590430734271,-0.12587736361254565
116.62160243988038,2.6772053153334405,0.2811546802520752,0.012241775252456184,True,poisson,,0.85,4,1.0,"{'bootstrap': True, 'criterion': 'poisson', 'max_depth': None, 'max_features': 0.85, 'max_samples': 1.0, 'min_samples_leaf': 4}",-9.594138762884116,-9.827204075362468,-10.176498343840517,-9.939285372007129,-9.74858725790076,-9.857142762398997,0.19523684181539452,51,-13.990494073542271,-14.819077543979104,-14.902273085178523,-13.991989978515168,-14.266531021782864,-14.394073140599588,0.39489488506004494,33,-0.39867109634551495,-0.3651226158038147,-0.4148036253776435,-0.3757155769810184,-0.3999397227245329,-0.3908505274465049,0.017936096745344614,58,0.6621349510047162,-1.0597310206665103,1.16549464864518,-1.2141723807824654,0.21661302751498027,-0.045932154856819826,0.9413200587707312,170,-12.863076616168911,-12.006203772662,-13.671521050665572,-11.611327192411652,-12.45837774943837,-12.5221012762693,0.7123412600881105,24,9.857142762398997,14.394073140599588,0.3908505274465049,12.5221012762693,-0.045932154856819826
118.53730087280273,2.9475080093274535,0.3061394691467285,0.008760375340857118,True,poisson,,1.0,2,0.7,"{'bootstrap': True, 'criterion': 'poisson', 'max_depth': None, 'max_features': 1.0, 'max_samples': 0.7, 'min_samples_leaf': 2}",-9.687873612478441,-9.799287797543421,-10.297994112182597,-10.031739172748864,-9.744868578850335,-9.912352654760731,0.22547633685373528,101,-14.063940805710665,-14.757866698657589,-15.0456062549413,-14.0732693628503,-14.242510312068443,-14.43663868684566,0.3956401740677922,44,-0.40169133192389006,-0.3620950650923403,-0.41117824773413897,-0.37451039469719793,-0.40415913200723325,-0.3907268342909601,0.018982403760568006,54,0.5777871491979668,-1.099516279969242,1.0811150053605414,-1.3026534256096969,0.17166983700233807,-0.11431954280361852,0.935159385919468,196,-12.778046158613,-12.013104231834244,-13.8371973471961,-11.65399661896818,-12.26811128404145,-12.510091128130593,0.7578204066527754,18,9.912352654760731,14.43663868684566,0.3907268342909601,12.510091128130593,-0.11431954280361852
103.64414358139038,1.8843790833277763,0.25867676734924316,0.009587331881982436,True,poisson,,1.0,4,0.7,"{'bootstrap': True, 'criterion': 'poisson', 'max_depth': None, 'max_features': 1.0, 'max_samples': 0.7, 'min_samples_leaf': 4}",-9.66605273677292,-9.795338422285674,-10.286724800530456,-9.99713471813302,-9.73424289159434,-9.895898713863282,0.2245296901883241,89,-14.043639927820763,-14.765147458589265,-15.05763532169453,-14.050194173916944,-14.258453703448374,-14.435014117093976,0.4072048408228553,43,-0.40078526125037756,-0.3636088404480775,-0.41117824773413897,-0.3733052124133775,-0.4023508137432188,-0.3902456751178381,0.018397228547729634,44,0.6192440843884459,-1.071373301364045,1.1142022220057541,-1.294423272977892,0.21631048225901445,-0.08320795713774448,0.9445056476437903,190,-12.831430962647055,-11.99636003097591,-13.863728304406633,-11.656295111569762,-12.365519136496417,-12.542666709219155,0.7673428686931704,30,9.895898713863282,14.435014117093976,0.3902456751178381,12.542666709219155,-0.08320795713774448
137.17932372093202,2.953774217784212,0.29344587326049804,0.011458982973156413,True,poisson,,1.0,2,0.85,"{'bootstrap': True, 'criterion': 'poisson', 'max_depth': None, 'max_features': 1.0, 'max_samples': 0.85, 'min_samples_leaf': 2}",-9.671202839107972,-9.8227104832891,-10.288923966205058,-10.032972415284675,-9.78410162213935,-9.91998226520523,0.2184954481530631,105,-14.073680545683022,-14.762528957284063,-15.012974855103094,-14.09527828416855,-14.320173801652155,-14.452927288778179,0.3738638417067767,55,-0.39806704922983993,-0.36330608537693004,-0.41299093655589125,-0.37481169026815303,-0.40054249547920434,-0.3899436513820037,0.018155101831183632,42,0.6269878115645082,-1.0827476336496467,1.1002761904148024,-1.2720096309217335,0.17373690540775494,-0.09075127143686292,0.9362775118883655,191,-12.93524629908065,-12.028373871816298,-13.788680511489298,-11.687152524638506,-12.430439516328551,-12.573978544670661,0.7363102009443421,45,9.91998226520523,14.452927288778179,0.3899436513820037,12.573978544670661,-0.09075127143686292
122.5145390510559,1.2501467470367207,0.2610456466674805,0.015593388518279804,True,poisson,,1.0,4,0.85,"{'bootstrap': True, 'criterion': 'poisson', 'max_depth': None, 'max_features': 1.0, 'max_samples': 0.85, 'min_samples_leaf': 4}",-9.650373538494238,-9.8257378076214,-10.261270906387775,-10.012859131856422,-9.770017851172453,-9.904051847106457,0.2134925603553201,98,-14.081576874217774,-14.790793917326358,-14.991966617124023,-14.083842277230879,-14.322661763048647,-14.454168289789536,0.3730425013612115,58,-0.40078526125037756,-0.3620950650923403,-0.41178247734138973,-0.37420909912624284,-0.4008438818565401,-0.3899431569333781,0.018635502354485033,40,0.6460656980569242,-1.0803878985386646,1.1476027723713385,-1.2502381020511821,0.2151921559794327,-0.06435307483643028,0.9476631685657153,182,-12.845331692622795,-12.076041283319512,-13.85303443752482,-11.708188082899996,-12.455235640499984,-12.58756622737342,0.7376080123708203,50,9.904051847106457,14.454168289789536,0.3899431569333781,12.58756622737342,-0.06435307483643028
146.5443145751953,2.9964658545766625,0.26360650062561036,0.011741609507682799,True,poisson,,1.0,2,1.0,"{'bootstrap': True, 'criterion': 'poisson', 'max_depth': None, 'max_features': 1.0, 'max_samples': 1.0, 'min_samples_leaf': 2}",-9.636792895911348,-9.861114605922957,-10.267937604486812,-10.015621291391238,-9.809925232317278,-9.918278326005925,0.21259322430356728,103,-14.07208728242547,-14.855715377762733,-15.02723137954419,-14.109202819819222,-14.36924560139864,-14.486696492190053,0.388985831003027,87,-0.39565086076713984,-0.3651226158038147,-0.4114803625377644,-0.37872853269056944,-0.3987341772151899,-0.38994330980289565,0.01622059311276666,41,0.5676332143469291,-1.056979223422624,1.0557183523357259,-1.2135560568979789,0.156966136580131,-0.09804351541156338,0.8947902325048878,192,-12.895746126360745,-12.0564092737971,-13.759655366036199,-11.620546743549376,-12.498165367347546,-12.566104575418192,0.733718160029997,42,9.918278326005925,14.486696492190053,0.38994330980289565,12.566104575418192,-0.09804351541156338
114.53952670097351,6.347707538213975,0.20822410583496093,0.007823525590319316,True,poisson,,1.0,4,1.0,"{'bootstrap': True, 'criterion': 'poisson', 'max_depth': None, 'max_features': 1.0, 'max_samples': 1.0, 'min_samples_leaf': 4}",-9.618206931200634,-9.828636577822538,-10.256413487351445,-10.01012712962139,-9.798191775619838,-9.902315180323168,0.21633157168786318,97,-14.064115798973535,-14.84534822863146,-15.02019622068932,-14.10213846268403,-14.370992356482542,-14.480558213492179,0.3880493276353133,85,-0.39595288432497733,-0.3642143505903724,-0.41027190332326285,-0.3766194636938837,-0.39843279083785416,-0.3890982785540701,0.01647647909557469,37,0.6249962634050954,-1.0316476729212394,1.1325388392030507,-1.200021915854834,0.21641223560752648,-0.05154445011208016,0.9177324419658819,174,-12.934876345285879,-12.076664319571483,-13.879761487811257,-11.69629568179648,-12.567494746313312,-12.631018516155683,0.753224961251406,72,9.902315180323168,14.480558213492179,0.3890982785540701,12.631018516155683,-0.05154445011208016
