mean_fit_time,std_fit_time,mean_score_time,std_score_time,param_max_depth,param_max_features,param_min_samples_leaf,param_min_samples_split,params,split0_test_MAE,split1_test_MAE,split2_test_MAE,split3_test_MAE,split4_test_MAE,mean_test_MAE,std_test_MAE,rank_test_MAE,split0_test_RMSE,split1_test_RMSE,split2_test_RMSE,split3_test_RMSE,split4_test_RMSE,mean_test_RMSE,std_test_RMSE,rank_test_RMSE,split0_test_overestimation_rate,split1_test_overestimation_rate,split2_test_overestimation_rate,split3_test_overestimation_rate,split4_test_overestimation_rate,mean_test_overestimation_rate,std_test_overestimation_rate,rank_test_overestimation_rate,split0_test_mean_signed_error,split1_test_mean_signed_error,split2_test_mean_signed_error,split3_test_mean_signed_error,split4_test_mean_signed_error,mean_test_mean_signed_error,std_test_mean_signed_error,rank_test_mean_signed_error,split0_test_mean_overestimation,split1_test_mean_overestimation,split2_test_mean_overestimation,split3_test_mean_overestimation,split4_test_mean_overestimation,mean_test_mean_overestimation,std_test_mean_overestimation,rank_test_mean_overestimation,MAE,RMSE,overestimation_rate,mean_overestimation,mean_signed_error
18.48292212486267,0.41851194673440756,0.23115172386169433,0.004845502777292608,10,0.25,1,2,"{'max_depth': 10, 'max_features': 0.25, 'min_samples_leaf': 1, 'min_samples_split': 2}",-10.495960310175992,-10.791191490580914,-10.912089923215495,-10.595057143433849,-10.24575085484677,-10.608009944450604,0.23236809416277437,240,-14.644762337947663,-14.978803007708523,-15.438866198117488,-14.322510398578288,-14.253354791760362,-14.727659346822463,0.43928822406903717,238,-0.41920869827846574,-0.38207689978807147,-0.4299093655589124,-0.3841518529677614,-0.4358047016274864,-0.4102303036441395,0.02277993247851685,235,1.138389770533151,-1.3443031628777509,1.5893004218523223,-1.1776236310641484,0.6836016055976322,0.17787300080824126,1.2103613215739621,38,-13.876560921191633,-12.362548393979218,-14.539565018332564,-12.257436010805897,-12.539277822875007,-13.115077633436863,0.9211314714206277,240,10.608009944450604,14.727659346822463,0.4102303036441395,13.115077633436863,0.17787300080824126
18.423825597763063,0.2938742213210421,0.2366110324859619,0.017642985411331524,10,0.25,1,4,"{'max_depth': 10, 'max_features': 0.25, 'min_samples_leaf': 1, 'min_samples_split': 4}",-10.483802862115425,-10.773556100309948,-10.903879165527252,-10.611145729865639,-10.263337950435844,-10.607144361650821,0.22323816673807836,238,-14.619701660149788,-14.998244818677119,-15.445206980672468,-14.291462027524982,-14.280123147563875,-14.726947726917647,0.4450393657933979,237,-0.4213228631833283,-0.3832879200726612,-0.429607250755287,-0.3850557396806267,-0.43731163351416513,-0.4113170814412136,0.02274051299936918,240,1.1210956646186754,-1.375005031550181,1.5775858235564209,-1.1869476846298894,0.6768297547976249,0.16271170535853013,1.2141531356814557,46,-13.771978144091976,-12.260432140645149,-14.526599547773193,-12.237446522745481,-12.508434336996777,-13.060978138450514,0.9249810800962399,234,10.607144361650821,14.726947726917647,0.4113170814412136,13.060978138450514,0.16271170535853013
18.330556631088257,0.22967976402503287,0.23156514167785644,0.013578394161766587,10,0.25,1,8,"{'max_depth': 10, 'max_features': 0.25, 'min_samples_leaf': 1, 'min_samples_split': 8}",-10.484360328618457,-10.786719965581902,-10.905810710579052,-10.642474693062134,-10.220403018718828,-10.607953743312075,0.2397243114221549,239,-14.631335542823171,-15.019442263602473,-15.449240567704432,-14.365761994139515,-14.243573236949711,-14.741870721043862,0.44258202492541765,239,-0.4210208396254908,-0.38207689978807147,-0.429607250755287,-0.38294667068394095,-0.43640747438215793,-0.4104118270469897,0.02329803440816929,237,1.126254709749713,-1.3601486728129164,1.5559072344063885,-1.1761449412112508,0.6294347191683944,0.15506060986006576,1.1998822800797433,52,-13.788646482079272,-12.335960768627556,-14.503616876899372,-12.359853834143617,-12.43085691101858,-13.08378697455368,0.8969263928401242,239,10.607953743312075,14.741870721043862,0.4104118270469897,13.08378697455368,0.15506060986006576
18.30405330657959,0.6934732822040065,0.2191178798675537,0.007142029333467603,10,0.25,2,2,"{'max_depth': 10, 'max_features': 0.25, 'min_samples_leaf': 2, 'min_samples_split': 2}",-10.478576987698942,-10.745365203918507,-10.876372225223621,-10.588841659634626,-10.198095135851302,-10.5774502424654,0.23296599230932155,232,-14.632744272779888,-14.985901384115305,-15.425328099027494,-14.291243689861126,-14.229029355190324,-14.712849360194827,0.4473104793285082,231,-0.4195107218363032,-0.3823796548592189,-0.43051359516616317,-0.38354926182585114,-0.44002411091018684,-0.4111954689195446,0.02395031498081488,238,1.1496505685481815,-1.3747388919234034,1.5914494457237085,-1.1668111152763057,0.6835103215621414,0.17661206572686447,1.2179482927150076,39,-13.859273376074233,-12.253039868772692,-14.480171835380933,-12.282686322358707,-12.36478318756774,-13.047990918030862,0.9374147966176702,232,10.5774502424654,14.712849360194827,0.4111954689195446,13.047990918030862,0.17661206572686447
17.938906621932983,0.27112946900286344,0.22431788444519044,0.01024536349962325,10,0.25,2,4,"{'max_depth': 10, 'max_features': 0.25, 'min_samples_leaf': 2, 'min_samples_split': 4}",-10.478576987698942,-10.745365203918507,-10.876372225223621,-10.588841659634626,-10.198095135851302,-10.5774502424654,0.23296599230932155,232,-14.632744272779888,-14.985901384115305,-15.425328099027494,-14.291243689861126,-14.229029355190324,-14.712849360194827,0.4473104793285082,231,-0.4195107218363032,-0.3823796548592189,-0.43051359516616317,-0.38354926182585114,-0.44002411091018684,-0.4111954689195446,0.02395031498081488,238,1.1496505685481815,-1.3747388919234034,1.5914494457237085,-1.1668111152763057,0.6835103215621414,0.17661206572686447,1.2179482927150076,39,-13.859273376074233,-12.253039868772692,-14.480171835380933,-12.282686322358707,-12.36478318756774,-13.047990918030862,0.9374147966176702,232,10.5774502424654,14.712849360194827,0.4111954689195446,13.047990918030862,0.17661206572686447
17.886139106750488,0.31154033929001107,0.21676692962646485,0.007502838573484387,10,0.25,2,8,"{'max_depth': 10, 'max_features': 0.25, 'min_samples_leaf': 2, 'min_samples_split': 8}",-10.490553675365103,-10.780886631981021,-10.914814869092627,-10.592948673095524,-10.207672469080169,-10.597375263722887,0.24402583467062472,237,-14.63922425983189,-15.066248706489684,-15.442932502637268,-14.32575349523486,-14.241585551877389,-14.74314890321422,0.45402106171558926,240,-0.4210208396254908,-0.3814713896457766,-0.42900302114803623,-0.3820427839710756,-0.4382157926461724,-0.41035076540731036,0.02397322268044711,236,1.1419743809148089,-1.3851962828587239,1.5713822439194953,-1.1901634164819455,0.6465410969982401,0.156907604498375,1.2168418756362247,51,-13.814670155790097,-12.315065564742438,-14.552574804250042,-12.305932281821953,-12.384553167898266,-13.074559194900559,0.9355234469502682,235,10.597375263722887,14.74314890321422,0.41035076540731036,13.074559194900559,0.156907604498375
17.88675413131714,0.3255446218983276,0.22044172286987304,0.013685877259991614,10,0.25,4,2,"{'max_depth': 10, 'max_features': 0.25, 'min_samples_leaf': 4, 'min_samples_split': 2}",-10.478859147592773,-10.740228497174364,-10.854941397459934,-10.596881960197381,-10.178510680930398,-10.56988433667097,0.23343626798498313,229,-14.628494340557577,-14.973913903983458,-15.400664074054282,-14.321408800239992,-14.21937978157789,-14.708772180082638,0.4347446068608389,226,-0.42071881606765327,-0.38268240993036634,-0.42749244712990936,-0.38354926182585114,-0.4361060880048222,-0.4101098045917205,0.022575378390310475,232,1.1019248609972536,-1.4013561723937853,1.552080468941355,-1.2171723883271603,0.6384491029703284,0.13478517443759827,1.2153420890439024,60,-13.763092552922316,-12.201857313587913,-14.511393066356277,-12.227516130808036,-12.401752786103183,-13.021122369955545,0.9440393294522033,229,10.56988433667097,14.708772180082638,0.4101098045917205,13.021122369955545,0.13478517443759827
18.242738485336304,0.2235326716302388,0.23053603172302245,0.014735596976036956,10,0.25,4,4,"{'max_depth': 10, 'max_features': 0.25, 'min_samples_leaf': 4, 'min_samples_split': 4}",-10.478859147592773,-10.740228497174364,-10.854941397459934,-10.596881960197381,-10.178510680930398,-10.56988433667097,0.23343626798498313,229,-14.628494340557577,-14.973913903983458,-15.400664074054282,-14.321408800239992,-14.21937978157789,-14.708772180082638,0.4347446068608389,226,-0.42071881606765327,-0.38268240993036634,-0.42749244712990936,-0.38354926182585114,-0.4361060880048222,-0.4101098045917205,0.022575378390310475,232,1.1019248609972536,-1.4013561723937853,1.552080468941355,-1.2171723883271603,0.6384491029703284,0.13478517443759827,1.2153420890439024,60,-13.763092552922316,-12.201857313587913,-14.511393066356277,-12.227516130808036,-12.401752786103183,-13.021122369955545,0.9440393294522033,229,10.56988433667097,14.708772180082638,0.4101098045917205,13.021122369955545,0.13478517443759827
17.86352186203003,0.21644732045408224,0.22958707809448242,0.009633498264197274,10,0.25,4,8,"{'max_depth': 10, 'max_features': 0.25, 'min_samples_leaf': 4, 'min_samples_split': 8}",-10.478859147592773,-10.740228497174364,-10.854941397459934,-10.596881960197381,-10.178510680930398,-10.56988433667097,0.23343626798498313,229,-14.628494340557577,-14.973913903983458,-15.400664074054282,-14.321408800239992,-14.21937978157789,-14.708772180082638,0.4347446068608389,226,-0.42071881606765327,-0.38268240993036634,-0.42749244712990936,-0.38354926182585114,-0.4361060880048222,-0.4101098045917205,0.022575378390310475,232,1.1019248609972536,-1.4013561723937853,1.552080468941355,-1.2171723883271603,0.6384491029703284,0.13478517443759827,1.2153420890439024,60,-13.763092552922316,-12.201857313587913,-14.511393066356277,-12.227516130808036,-12.401752786103183,-13.021122369955545,0.9440393294522033,229,10.56988433667097,14.708772180082638,0.4101098045917205,13.021122369955545,0.13478517443759827
17.496153116226196,0.23333741455949594,0.2152843952178955,0.0028073785943843197,10,0.25,6,2,"{'max_depth': 10, 'max_features': 0.25, 'min_samples_leaf': 6, 'min_samples_split': 2}",-10.484912195194049,-10.759319146905478,-10.891926232775061,-10.609602609196266,-10.183612963651186,-10.585874629544408,0.24344258561647242,234,-14.633860231812465,-14.947473291899357,-15.443971246709078,-14.347402958356723,-14.205710471459282,-14.715683640047379,0.4441908697945471,233,-0.41769858048927816,-0.3796548592188919,-0.4283987915407855,-0.38234407954203076,-0.4336949969861362,-0.4083582615554245,0.022940956970819604,225,1.0937242406004564,-1.4145651242721329,1.5535080148062543,-1.2466189664330252,0.6238596272274518,0.1219815583858009,1.223067989637136,69,-13.860038047330299,-12.306906912582912,-14.525524456803296,-12.244185465063513,-12.459761659671756,-13.079283308290353,0.9358367592374872,236,10.585874629544408,14.715683640047379,0.4083582615554245,13.079283308290353,0.1219815583858009
17.49889807701111,0.1673311291215527,0.21377959251403808,0.010307624343046063,10,0.25,6,4,"{'max_depth': 10, 'max_features': 0.25, 'min_samples_leaf': 6, 'min_samples_split': 4}",-10.484912195194049,-10.759319146905478,-10.891926232775061,-10.609602609196266,-10.183612963651186,-10.585874629544408,0.24344258561647242,234,-14.633860231812465,-14.947473291899357,-15.443971246709078,-14.347402958356723,-14.205710471459282,-14.715683640047379,0.4441908697945471,233,-0.41769858048927816,-0.3796548592188919,-0.4283987915407855,-0.38234407954203076,-0.4336949969861362,-0.4083582615554245,0.022940956970819604,225,1.0937242406004564,-1.4145651242721329,1.5535080148062543,-1.2466189664330252,0.6238596272274518,0.1219815583858009,1.223067989637136,69,-13.860038047330299,-12.306906912582912,-14.525524456803296,-12.244185465063513,-12.459761659671756,-13.079283308290353,0.9358367592374872,236,10.585874629544408,14.715683640047379,0.4083582615554245,13.079283308290353,0.1219815583858009
17.590659856796265,0.1489655786083547,0.21387462615966796,0.00444913165450796,10,0.25,6,8,"{'max_depth': 10, 'max_features': 0.25, 'min_samples_leaf': 6, 'min_samples_split': 8}",-10.484912195194049,-10.759319146905478,-10.891926232775061,-10.609602609196266,-10.183612963651186,-10.585874629544408,0.24344258561647242,234,-14.633860231812465,-14.947473291899357,-15.443971246709078,-14.347402958356723,-14.205710471459282,-14.715683640047379,0.4441908697945471,233,-0.41769858048927816,-0.3796548592188919,-0.4283987915407855,-0.38234407954203076,-0.4336949969861362,-0.4083582615554245,0.022940956970819604,225,1.0937242406004564,-1.4145651242721329,1.5535080148062543,-1.2466189664330252,0.6238596272274518,0.1219815583858009,1.223067989637136,69,-13.860038047330299,-12.306906912582912,-14.525524456803296,-12.244185465063513,-12.459761659671756,-13.079283308290353,0.9358367592374872,236,10.585874629544408,14.715683640047379,0.4083582615554245,13.079283308290353,0.1219815583858009
29.866280555725098,0.21085127776978127,0.21811766624450685,0.008236678533182924,10,0.4,1,2,"{'max_depth': 10, 'max_features': 0.4, 'min_samples_leaf': 1, 'min_samples_split': 2}",-10.118849349488144,-10.483493423110366,-10.60107008570002,-10.196930374953848,-9.950202822317616,-10.270109211113999,0.23901577681384284,178,-14.41734799806372,-15.300152093052306,-15.303773088183574,-14.116113671471556,-14.254040069705313,-14.678285384095293,0.5180854200534509,210,-0.40863787375415284,-0.37904934907659704,-0.42084592145015104,-0.3811388972582103,-0.42495479204339964,-0.40292536671650214,0.019410250223263016,169,1.0117246386732779,-0.99401863909946,1.491612462335521,-0.9411753874718913,0.5527943541017296,0.22418748570783542,1.0175126634435527,10,-13.61911695299426,-12.51746613881311,-14.367113867192261,-12.14223351915123,-12.357781784169996,-13.000742452464172,0.8524493968300353,226,10.270109211113999,14.678285384095293,0.40292536671650214,13.000742452464172,0.22418748570783542
29.60042519569397,0.32099124419321506,0.21424498558044433,0.005193184463228227,10,0.4,1,4,"{'max_depth': 10, 'max_features': 0.4, 'min_samples_leaf': 1, 'min_samples_split': 4}",-10.11822885386849,-10.485676225864061,-10.633330232199855,-10.223899731787483,-9.951777541878926,-10.282582517119764,0.24664092998850667,180,-14.395436398902127,-15.289753623773064,-15.352281715307033,-14.146834458106747,-14.23484693137887,-14.68383062549357,0.5267052326713896,219,-0.41165810933252794,-0.37844383893430217,-0.4205438066465257,-0.3814401928291654,-0.42706449668474983,-0.40383008888545424,0.02013073820451855,180,0.9933653009074117,-0.9739890062538165,1.4588726424649618,-0.9903022981906539,0.5805730081558486,0.21370392941675037,1.0152000201578892,18,-13.496143890852172,-12.566841154549056,-14.376864768369447,-12.103597899726651,-12.331100608685738,-12.974909664436614,0.8458554761401057,223,10.282582517119764,14.68383062549357,0.40383008888545424,12.974909664436614,0.21370392941675037
29.74924807548523,0.5256620641838585,0.20521016120910646,0.0039070079980026385,10,0.4,1,8,"{'max_depth': 10, 'max_features': 0.4, 'min_samples_leaf': 1, 'min_samples_split': 8}",-10.162070240670328,-10.43955736768757,-10.60292187690717,-10.22320694274787,-9.952016331230327,-10.275954551848653,0.22554885518757206,179,-14.421894057791443,-15.2671149000096,-15.317249370330885,-14.127037118614721,-14.247249332378585,-14.676108955825047,0.5119325601281075,206,-0.41256418000604045,-0.37481077808053287,-0.4202416918429003,-0.38294667068394095,-0.4273658830620856,-0.4035858407351,0.020868626866363177,176,1.0189722625414253,-0.9456554341634037,1.4633361695311446,-0.9751437202461082,0.5469475886088645,0.2216913732543845,1.0077939305228076,15,-13.550670471498577,-12.664926529252961,-14.356331464310145,-12.07487090302256,-12.283343542322438,-12.986028582081337,0.8513085882179962,224,10.275954551848653,14.676108955825047,0.4035858407351,12.986028582081337,0.2216913732543845
29.900005340576172,0.5138712616928668,0.21008620262145997,0.005515845137911859,10,0.4,2,2,"{'max_depth': 10, 'max_features': 0.4, 'min_samples_leaf': 2, 'min_samples_split': 2}",-10.113427187717871,-10.454940174298471,-10.595534881076167,-10.22239865231651,-9.934813122933525,-10.26422280366851,0.23627954769059298,176,-14.396534456322476,-15.28833779179264,-15.312170066106223,-14.164875940303062,-14.214611463756606,-14.675305943656202,0.5161193062804211,204,-0.4104500151011779,-0.37723281864971236,-0.4214501510574018,-0.38234407954203076,-0.4243520192887282,-0.40316581672781016,0.019709372062668047,171,0.9804342051279608,-0.9861792969227982,1.4511753688933036,-1.0375812609507902,0.5731093810748327,0.19619167944450172,1.024917962364071,26,-13.514266030799318,-12.550287792123534,-14.29197524279532,-12.01119342866148,-12.381138802663259,-12.949772259408581,0.8347483615808957,215,10.26422280366851,14.675305943656202,0.40316581672781016,12.949772259408581,0.19619167944450172
29.689720964431764,0.518940429675192,0.21959409713745118,0.004000150773824894,10,0.4,2,4,"{'max_depth': 10, 'max_features': 0.4, 'min_samples_leaf': 2, 'min_samples_split': 4}",-10.113427187717871,-10.454940174298471,-10.595534881076167,-10.22239865231651,-9.934813122933525,-10.26422280366851,0.23627954769059298,176,-14.396534456322476,-15.28833779179264,-15.312170066106223,-14.164875940303062,-14.214611463756606,-14.675305943656202,0.5161193062804211,204,-0.4104500151011779,-0.37723281864971236,-0.4214501510574018,-0.38234407954203076,-0.4243520192887282,-0.40316581672781016,0.019709372062668047,171,0.9804342051279608,-0.9861792969227982,1.4511753688933036,-1.0375812609507902,0.5731093810748327,0.19619167944450172,1.024917962364071,26,-13.514266030799318,-12.550287792123534,-14.29197524279532,-12.01119342866148,-12.381138802663259,-12.949772259408581,0.8347483615808957,215,10.26422280366851,14.675305943656202,0.40316581672781016,12.949772259408581,0.19619167944450172
29.705487298965455,0.29776599136501797,0.20606417655944825,0.008313780161478256,10,0.4,2,8,"{'max_depth': 10, 'max_features': 0.4, 'min_samples_leaf': 2, 'min_samples_split': 8}",-10.138154124057156,-10.45733408634082,-10.59088008574894,-10.182544401287723,-9.929436706522118,-10.259669880791352,0.23602529785378246,172,-14.416223111867284,-15.287132462613563,-15.292900476159746,-14.110022409237935,-14.228300916597743,-14.666915875295254,0.5180512738851152,203,-0.41316822712171547,-0.3760217983651226,-0.4217522658610272,-0.3808376016872552,-0.4234478601567209,-0.4030455506383682,0.02045551363731464,170,1.0007276053128482,-1.0052357788972222,1.4424736295186924,-0.9842738168706853,0.5690722777645215,0.20455278336563093,1.0174589801118548,22,-13.479838233166697,-12.568551010260146,-14.26590286444694,-12.076368698449425,-12.396460074684368,-12.957424176201517,0.8033921510401324,217,10.259669880791352,14.666915875295254,0.4030455506383682,12.957424176201517,0.20455278336563093
29.119776487350464,0.46556216755333235,0.2165663242340088,0.023396338988107633,10,0.4,4,2,"{'max_depth': 10, 'max_features': 0.4, 'min_samples_leaf': 4, 'min_samples_split': 2}",-10.1112736256377,-10.436079150338504,-10.577192746825556,-10.20397660987159,-9.9222849291086,-10.25016141235639,0.2325685879770458,169,-14.412218856854516,-15.264051335044122,-15.30205897099227,-14.136913424262456,-14.212161429328237,-14.665480803296319,0.5123557333675529,200,-0.41165810933252794,-0.3781410838631547,-0.41963746223564957,-0.3820427839710756,-0.4258589511754069,-0.40346767811556294,0.01964879974338962,173,0.9930399489076797,-1.0261726093314187,1.3989222802343027,-0.9909123045823077,0.5308250124003565,0.1811404655257225,1.009531094945831,33,-13.487300897035862,-12.442322379882466,-14.26959709847665,-12.057634238665273,-12.272971969542363,-12.905965316720522,0.8405657215949237,204,10.25016141235639,14.665480803296319,0.40346767811556294,12.905965316720522,0.1811404655257225
29.25648431777954,0.39199766247670004,0.20615239143371583,0.0014684587921944858,10,0.4,4,4,"{'max_depth': 10, 'max_features': 0.4, 'min_samples_leaf': 4, 'min_samples_split': 4}",-10.1112736256377,-10.436079150338504,-10.577192746825556,-10.20397660987159,-9.9222849291086,-10.25016141235639,0.2325685879770458,169,-14.412218856854516,-15.264051335044122,-15.30205897099227,-14.136913424262456,-14.212161429328237,-14.665480803296319,0.5123557333675529,200,-0.41165810933252794,-0.3781410838631547,-0.41963746223564957,-0.3820427839710756,-0.4258589511754069,-0.40346767811556294,0.01964879974338962,173,0.9930399489076797,-1.0261726093314187,1.3989222802343027,-0.9909123045823077,0.5308250124003565,0.1811404655257225,1.009531094945831,33,-13.487300897035862,-12.442322379882466,-14.26959709847665,-12.057634238665273,-12.272971969542363,-12.905965316720522,0.8405657215949237,204,10.25016141235639,14.665480803296319,0.40346767811556294,12.905965316720522,0.1811404655257225
29.427573442459106,0.2043946274764128,0.21848998069763184,0.007942399031680557,10,0.4,4,8,"{'max_depth': 10, 'max_features': 0.4, 'min_samples_leaf': 4, 'min_samples_split': 8}",-10.1112736256377,-10.436079150338504,-10.577192746825556,-10.20397660987159,-9.9222849291086,-10.25016141235639,0.2325685879770458,169,-14.412218856854516,-15.264051335044122,-15.30205897099227,-14.136913424262456,-14.212161429328237,-14.665480803296319,0.5123557333675529,200,-0.41165810933252794,-0.3781410838631547,-0.41963746223564957,-0.3820427839710756,-0.4258589511754069,-0.40346767811556294,0.01964879974338962,173,0.9930399489076797,-1.0261726093314187,1.3989222802343027,-0.9909123045823077,0.5308250124003565,0.1811404655257225,1.009531094945831,33,-13.487300897035862,-12.442322379882466,-14.26959709847665,-12.057634238665273,-12.272971969542363,-12.905965316720522,0.8405657215949237,204,10.25016141235639,14.665480803296319,0.40346767811556294,12.905965316720522,0.1811404655257225
28.545131349563597,0.23880948136311458,0.20750350952148439,0.006558435154924055,10,0.4,6,2,"{'max_depth': 10, 'max_features': 0.4, 'min_samples_leaf': 6, 'min_samples_split': 2}",-10.143873741982393,-10.460691655150063,-10.56092063263043,-10.234076886132305,-9.913494706865892,-10.262611524552216,0.2302257592411669,173,-14.408130842999947,-15.288249088915936,-15.291177186530161,-14.175710625876357,-14.219757704743092,-14.6766050898131,0.5066538191213772,207,-0.41226215644820297,-0.3799576142900394,-0.41933534743202416,-0.3811388972582103,-0.4252561784207354,-0.40359003876984245,0.019261813098644838,177,0.931744055342599,-0.9932047950835213,1.4228067868358079,-1.0745215970530972,0.4835203576244021,0.15406896153323807,1.0147595061432362,53,-13.432736456755691,-12.458609202709077,-14.288954523931281,-12.016033203341458,-12.224413885180295,-12.88414945438356,0.8537430919180723,193,10.262611524552216,14.6766050898131,0.40359003876984245,12.88414945438356,0.15406896153323807
28.709275865554808,0.32741725051466214,0.2076672077178955,0.007576977455737663,10,0.4,6,4,"{'max_depth': 10, 'max_features': 0.4, 'min_samples_leaf': 6, 'min_samples_split': 4}",-10.143873741982393,-10.460691655150063,-10.56092063263043,-10.234076886132305,-9.913494706865892,-10.262611524552216,0.2302257592411669,173,-14.408130842999947,-15.288249088915936,-15.291177186530161,-14.175710625876357,-14.219757704743092,-14.6766050898131,0.5066538191213772,207,-0.41226215644820297,-0.3799576142900394,-0.41933534743202416,-0.3811388972582103,-0.4252561784207354,-0.40359003876984245,0.019261813098644838,177,0.931744055342599,-0.9932047950835213,1.4228067868358079,-1.0745215970530972,0.4835203576244021,0.15406896153323807,1.0147595061432362,53,-13.432736456755691,-12.458609202709077,-14.288954523931281,-12.016033203341458,-12.224413885180295,-12.88414945438356,0.8537430919180723,193,10.262611524552216,14.6766050898131,0.40359003876984245,12.88414945438356,0.15406896153323807
29.562654113769533,0.5435467419303568,0.20775856971740722,0.004399063131180946,10,0.4,6,8,"{'max_depth': 10, 'max_features': 0.4, 'min_samples_leaf': 6, 'min_samples_split': 8}",-10.143873741982393,-10.460691655150063,-10.56092063263043,-10.234076886132305,-9.913494706865892,-10.262611524552216,0.2302257592411669,173,-14.408130842999947,-15.288249088915936,-15.291177186530161,-14.175710625876357,-14.219757704743092,-14.6766050898131,0.5066538191213772,207,-0.41226215644820297,-0.3799576142900394,-0.41933534743202416,-0.3811388972582103,-0.4252561784207354,-0.40359003876984245,0.019261813098644838,177,0.931744055342599,-0.9932047950835213,1.4228067868358079,-1.0745215970530972,0.4835203576244021,0.15406896153323807,1.0147595061432362,53,-13.432736456755691,-12.458609202709077,-14.288954523931281,-12.016033203341458,-12.224413885180295,-12.88414945438356,0.8537430919180723,193,10.262611524552216,14.6766050898131,0.40359003876984245,12.88414945438356,0.15406896153323807
40.09394507408142,0.6601659285847207,0.21139984130859374,0.006912636474309561,10,0.55,1,2,"{'max_depth': 10, 'max_features': 0.55, 'min_samples_leaf': 1, 'min_samples_split': 2}",-9.982721640894342,-10.33848020777061,-10.514987381008092,-10.141859749139611,-9.90322343903916,-10.176254483570364,0.22549548626412794,167,-14.28769355225263,-15.378542086736996,-15.295530987503684,-14.144540712793203,-14.304955366483464,-14.682252541153995,0.5381623450487051,217,-0.4104500151011779,-0.3745080230093854,-0.4202416918429003,-0.3847544441096716,-0.42103676913803495,-0.40219818864023404,0.019076594344115218,166,0.9531183264732892,-0.9076856236133707,1.405146181577199,-0.8776089770740513,0.5142696630277019,0.21744791407815364,0.9492119208523994,17,-13.32176826046881,-12.59091128192052,-14.182473793011257,-12.039173184215194,-12.371239124072241,-12.901113128737602,0.7666508992170749,200,10.176254483570364,14.682252541153995,0.40219818864023404,12.901113128737602,0.21744791407815364
39.613632154464725,0.6424362018271599,0.20294427871704102,0.0047738913512460944,10,0.55,1,4,"{'max_depth': 10, 'max_features': 0.55, 'min_samples_leaf': 1, 'min_samples_split': 4}",-9.97648341656252,-10.346565472789178,-10.555159280582801,-10.108412393701348,-9.909081246720687,-10.179140362071307,0.240177269379972,168,-14.2626104122252,-15.390542279756344,-15.31949128258416,-14.117260822861319,-14.304154008803767,-14.678811761246157,0.5560507226564161,211,-0.4083358501963153,-0.3760217983651226,-0.4214501510574018,-0.38354926182585114,-0.4192284508740205,-0.4017171024637422,0.018601975366383385,163,0.9575858000716395,-0.8410742213311589,1.4069442529075733,-0.9101344584830862,0.5480738595088035,0.23227904653475423,0.9447571594622621,6,-13.388573659865273,-12.639548149583671,-14.191599532563853,-11.990999397874868,-12.471905335179528,-12.936525215013438,0.771705309048903,210,10.179140362071307,14.678811761246157,0.4017171024637422,12.936525215013438,0.23227904653475423
39.56381978988647,0.4385437417707039,0.19994645118713378,0.008633831219841306,10,0.55,1,8,"{'max_depth': 10, 'max_features': 0.55, 'min_samples_leaf': 1, 'min_samples_split': 8}",-9.965792107925978,-10.34120134824711,-10.548140397850743,-10.108952707664852,-9.904164870111188,-10.173650286359976,0.24013720684040898,165,-14.250454076104926,-15.384052904762779,-15.306808609672135,-14.111463304143221,-14.273069293968655,-14.665169637730344,0.5587156884177426,199,-0.4089398973119903,-0.37420526793823794,-0.4232628398791541,-0.3856583308225369,-0.41983122362869196,-0.4023795119161223,0.019272260925705293,167,0.9674795347157195,-0.8796834767557987,1.4160549103166906,-0.9054988449388683,0.4939226499079176,0.21845495464913212,0.952926658733697,16,-13.367822159817818,-12.642149486058173,-14.13329281585803,-11.932134129057633,-12.383651971078029,-12.891810112373935,0.7758092407562178,196,10.173650286359976,14.665169637730344,0.4023795119161223,12.891810112373935,0.21845495464913212
39.720819520950315,0.618244973034573,0.212272310256958,0.01139622983294315,10,0.55,2,2,"{'max_depth': 10, 'max_features': 0.55, 'min_samples_leaf': 2, 'min_samples_split': 2}",-9.979106402301733,-10.298330664120197,-10.526123053173196,-10.147380978676077,-9.901033713003871,-10.170394962255013,0.22476052041554764,163,-14.296783594712274,-15.329881948021246,-15.296752794477321,-14.173291709616935,-14.308030533764823,-14.68094811611852,0.5185933763314878,212,-0.40682573240712777,-0.37481077808053287,-0.4214501510574018,-0.3808376016872552,-0.41892706449668476,-0.40057026554580044,0.019313217079407287,146,0.9591055874559998,-0.8612532345990263,1.408693011072052,-0.910659516780765,0.5577171986998615,0.23072060916962442,0.9508150075793748,7,-13.443362991123927,-12.589122273710997,-14.159226226756909,-12.126850685138663,-12.482782562961503,-12.960268947938399,0.7390815264082469,218,10.170394962255013,14.68094811611852,0.40057026554580044,12.960268947938399,0.23072060916962442
39.95399699211121,0.41153324845196443,0.2341604232788086,0.021163304237233508,10,0.55,2,4,"{'max_depth': 10, 'max_features': 0.55, 'min_samples_leaf': 2, 'min_samples_split': 4}",-9.979106402301733,-10.298330664120197,-10.526123053173196,-10.147380978676077,-9.901033713003871,-10.170394962255013,0.22476052041554764,163,-14.296783594712274,-15.329881948021246,-15.296752794477321,-14.173291709616935,-14.308030533764823,-14.68094811611852,0.5185933763314878,212,-0.40682573240712777,-0.37481077808053287,-0.4214501510574018,-0.3808376016872552,-0.41892706449668476,-0.40057026554580044,0.019313217079407287,146,0.9591055874559998,-0.8612532345990263,1.408693011072052,-0.910659516780765,0.5577171986998615,0.23072060916962442,0.9508150075793748,7,-13.443362991123927,-12.589122273710997,-14.159226226756909,-12.126850685138663,-12.482782562961503,-12.960268947938399,0.7390815264082469,218,10.170394962255013,14.68094811611852,0.40057026554580044,12.960268947938399,0.23072060916962442
39.36221742630005,0.5816306381862135,0.20141282081604003,0.003659766633734119,10,0.55,2,8,"{'max_depth': 10, 'max_features': 0.55, 'min_samples_leaf': 2, 'min_samples_split': 8}",-9.964711336609763,-10.356606464534934,-10.519092289876887,-10.123552457860919,-9.90972235570528,-10.174736980917558,0.2317845836649064,166,-14.272063608224126,-15.392496091643736,-15.300495450261042,-14.121867996532652,-14.324755741421356,-14.682335777616583,0.5471306829998783,218,-0.40712775596496525,-0.37390251286709053,-0.4187311178247734,-0.3853570352515818,-0.42163954189270647,-0.4013515927602235,0.01874188192106753,158,0.9664886584187189,-0.8665772308059452,1.4128984850790518,-0.9098808466706851,0.5247232065186181,0.22553045450795173,0.951865139816195,9,-13.424778628909236,-12.690512776925848,-14.24779562233195,-11.95472090599702,-12.37365631717616,-12.938292850268041,0.8122917051980464,211,10.174736980917558,14.682335777616583,0.4013515927602235,12.938292850268041,0.22553045450795173
39.61308059692383,0.2637198199274845,0.2189502239227295,0.02720883589858295,10,0.55,4,2,"{'max_depth': 10, 'max_features': 0.55, 'min_samples_leaf': 4, 'min_samples_split': 2}",-9.957597948403212,-10.334957534494672,-10.516173439048373,-10.11468442718866,-9.878419801182103,-10.160366630063404,0.23654872033816526,157,-14.240285590817106,-15.378261859370252,-15.283344105064524,-14.13629567374236,-14.274210668314371,-14.662479579461722,0.5483953036692285,196,-0.40682573240712777,-0.3781410838631547,-0.42114803625377645,-0.38053630611630007,-0.41983122362869196,-0.4012964764538102,0.01862981926479986,155,0.8926359812807385,-0.8602902030656544,1.4089670153956964,-0.9257635319955609,0.5256407894358427,0.20823801021021246,0.9421897145746092,19,-13.335235538672443,-12.52795284055646,-14.157896307105407,-12.073645467595368,-12.390765628022379,-12.89709915639041,0.7552869079712426,197,10.160366630063404,14.662479579461722,0.4012964764538102,12.89709915639041,0.20823801021021246
39.516943740844724,0.6431630216813797,0.22156224250793458,0.029255803958129028,10,0.55,4,4,"{'max_depth': 10, 'max_features': 0.55, 'min_samples_leaf': 4, 'min_samples_split': 4}",-9.957597948403212,-10.334957534494672,-10.516173439048373,-10.11468442718866,-9.878419801182103,-10.160366630063404,0.23654872033816526,157,-14.240285590817106,-15.378261859370252,-15.283344105064524,-14.13629567374236,-14.274210668314371,-14.662479579461722,0.5483953036692285,196,-0.40682573240712777,-0.3781410838631547,-0.42114803625377645,-0.38053630611630007,-0.41983122362869196,-0.4012964764538102,0.01862981926479986,155,0.8926359812807385,-0.8602902030656544,1.4089670153956964,-0.9257635319955609,0.5256407894358427,0.20823801021021246,0.9421897145746092,19,-13.335235538672443,-12.52795284055646,-14.157896307105407,-12.073645467595368,-12.390765628022379,-12.89709915639041,0.7552869079712426,197,10.160366630063404,14.662479579461722,0.4012964764538102,12.89709915639041,0.20823801021021246
39.504003047943115,0.8030606179327384,0.20703325271606446,0.014121406718687413,10,0.55,4,8,"{'max_depth': 10, 'max_features': 0.55, 'min_samples_leaf': 4, 'min_samples_split': 8}",-9.957597948403212,-10.334957534494672,-10.516173439048373,-10.11468442718866,-9.878419801182103,-10.160366630063404,0.23654872033816526,157,-14.240285590817106,-15.378261859370252,-15.283344105064524,-14.13629567374236,-14.274210668314371,-14.662479579461722,0.5483953036692285,196,-0.40682573240712777,-0.3781410838631547,-0.42114803625377645,-0.38053630611630007,-0.41983122362869196,-0.4012964764538102,0.01862981926479986,155,0.8926359812807385,-0.8602902030656544,1.4089670153956964,-0.9257635319955609,0.5256407894358427,0.20823801021021246,0.9421897145746092,19,-13.335235538672443,-12.52795284055646,-14.157896307105407,-12.073645467595368,-12.390765628022379,-12.89709915639041,0.7552869079712426,197,10.160366630063404,14.662479579461722,0.4012964764538102,12.89709915639041,0.20823801021021246
39.41946401596069,0.4932824650972492,0.2006716251373291,0.003498633193910477,10,0.55,6,2,"{'max_depth': 10, 'max_features': 0.55, 'min_samples_leaf': 6, 'min_samples_split': 2}",-9.969858810923588,-10.357354473019294,-10.505459753665326,-10.12262323416672,-9.87793745396641,-10.166646745148267,0.2345976588120176,160,-14.274154674766908,-15.37731911748173,-15.283706703201622,-14.107588418805078,-14.26949004724023,-14.662451792299114,0.5495561672373361,193,-0.4050135910601027,-0.37329700272479566,-0.4202416918429003,-0.3808376016872552,-0.41983122362869196,-0.39984422218874915,0.019535945605654883,126,0.8884647963983802,-0.9445508803171887,1.3783401200603616,-0.9871273787712788,0.5195967033642628,0.1709446721469074,0.9674356141785354,42,-13.404887943267347,-12.607660286575447,-14.139244278228624,-11.993952034832862,-12.382992941142561,-12.905747496809369,0.7699551636190677,201,10.166646745148267,14.662451792299114,0.39984422218874915,12.905747496809369,0.1709446721469074
38.93618116378784,0.5318334790719811,0.2000795364379883,0.008633722132431625,10,0.55,6,4,"{'max_depth': 10, 'max_features': 0.55, 'min_samples_leaf': 6, 'min_samples_split': 4}",-9.969858810923588,-10.357354473019294,-10.505459753665326,-10.12262323416672,-9.87793745396641,-10.166646745148267,0.2345976588120176,160,-14.274154674766908,-15.37731911748173,-15.283706703201622,-14.107588418805078,-14.26949004724023,-14.662451792299114,0.5495561672373361,193,-0.4050135910601027,-0.37329700272479566,-0.4202416918429003,-0.3808376016872552,-0.41983122362869196,-0.39984422218874915,0.019535945605654883,126,0.8884647963983802,-0.9445508803171887,1.3783401200603616,-0.9871273787712788,0.5195967033642628,0.1709446721469074,0.9674356141785354,42,-13.404887943267347,-12.607660286575447,-14.139244278228624,-11.993952034832862,-12.382992941142561,-12.905747496809369,0.7699551636190677,201,10.166646745148267,14.662451792299114,0.39984422218874915,12.905747496809369,0.1709446721469074
38.58459501266479,0.39236219483397067,0.2067723751068115,0.010223111403543204,10,0.55,6,8,"{'max_depth': 10, 'max_features': 0.55, 'min_samples_leaf': 6, 'min_samples_split': 8}",-9.969858810923588,-10.357354473019294,-10.505459753665326,-10.12262323416672,-9.87793745396641,-10.166646745148267,0.2345976588120176,160,-14.274154674766908,-15.37731911748173,-15.283706703201622,-14.107588418805078,-14.26949004724023,-14.662451792299114,0.5495561672373361,193,-0.4050135910601027,-0.37329700272479566,-0.4202416918429003,-0.3808376016872552,-0.41983122362869196,-0.39984422218874915,0.019535945605654883,126,0.8884647963983802,-0.9445508803171887,1.3783401200603616,-0.9871273787712788,0.5195967033642628,0.1709446721469074,0.9674356141785354,42,-13.404887943267347,-12.607660286575447,-14.139244278228624,-11.993952034832862,-12.382992941142561,-12.905747496809369,0.7699551636190677,201,10.166646745148267,14.662451792299114,0.39984422218874915,12.905747496809369,0.1709446721469074
51.42258176803589,0.6094822875384005,0.2103729724884033,0.010675860775279496,10,0.7,1,2,"{'max_depth': 10, 'max_features': 0.7, 'min_samples_leaf': 1, 'min_samples_split': 2}",-9.961563883432499,-10.296539878780532,-10.525329239201865,-10.083178068600688,-9.913368699391915,-10.1559959538815,0.2272152853698744,156,-14.27143744400567,-15.461936101311876,-15.323903656495576,-14.14844358149918,-14.396313458898952,-14.720406848442252,0.5563858481647298,236,-0.40924192086982786,-0.37390251286709053,-0.41933534743202416,-0.38324796625489604,-0.4128993369499699,-0.3997254168747617,0.017815690529509376,122,0.9677251225976026,-0.7720880328037181,1.378453765776464,-0.8098572233553758,0.5251570785559844,0.25787814215419136,0.8979865952298424,1,-13.353090737625706,-12.736544310632151,-14.19363175305413,-12.09833014361996,-12.640521361763186,-13.004423661339027,0.7156779036006649,227,10.1559959538815,14.720406848442252,0.3997254168747617,13.004423661339027,0.25787814215419136
51.43264865875244,0.5112986292314063,0.19967803955078126,0.003038495084038644,10,0.7,1,4,"{'max_depth': 10, 'max_features': 0.7, 'min_samples_leaf': 1, 'min_samples_split': 4}",-9.94976412167796,-10.270403191367325,-10.527950535897963,-10.089838815099457,-9.915290071283557,-10.150649347065253,0.22633778013979555,154,-14.259476576201537,-15.414977659962716,-15.336362563822291,-14.16119523739013,-14.376474042256747,-14.709697215926685,0.5485837568423776,229,-0.4080338266384778,-0.3729942476536482,-0.4199395770392749,-0.380235010545345,-0.41470765521398434,-0.39918206341814605,0.018947636219492775,110,0.9334180194595144,-0.8016962461245272,1.3732792163180663,-0.8385540552351125,0.5167276499844634,0.23663491688048088,0.9044425713606807,4,-13.336127338751362,-12.692832402652988,-14.17016923735074,-12.165219539615594,-12.577556249697416,-12.98838095361362,0.7001816468278342,225,10.150649347065253,14.709697215926685,0.39918206341814605,12.98838095361362,0.23663491688048088
51.00650520324707,0.6028199414803848,0.1994790554046631,0.007260334404658007,10,0.7,1,8,"{'max_depth': 10, 'max_features': 0.7, 'min_samples_leaf': 1, 'min_samples_split': 8}",-9.945625755733314,-10.272077655928872,-10.5077671301547,-10.082284906292069,-9.936496446474676,-10.148850378916727,0.21671714207991805,153,-14.244205919572828,-15.40992519572689,-15.3040445061571,-14.15773495109023,-14.412593222188297,-14.705700758947069,0.5390924482196437,225,-0.40471156750226517,-0.37329700272479566,-0.4190332326283988,-0.38234407954203076,-0.4132007233273056,-0.3985173211449592,0.017734214483539998,87,0.945339846707692,-0.7847686581528681,1.3438003333265442,-0.8313217795618357,0.4932288215872752,0.23325571278136153,0.8919257864120121,5,-13.45521907077693,-12.707454022568589,-14.1415603115079,-12.097693702765032,-12.620652239033387,-13.004515869330367,0.7146925084988011,228,10.148850378916727,14.705700758947069,0.3985173211449592,13.004515869330367,0.23325571278136153
51.34573917388916,0.5954627816607382,0.20821905136108398,0.006922615762591971,10,0.7,2,2,"{'max_depth': 10, 'max_features': 0.7, 'min_samples_leaf': 2, 'min_samples_split': 2}",-9.927533159894104,-10.280847612431138,-10.5013628407036,-10.041450672296968,-9.902916737577598,-10.130822204580682,0.22850058834991496,148,-14.238714012086767,-15.432888415399749,-15.334540044775029,-14.106505857087345,-14.380023922303895,-14.698534450330556,0.5669498230506081,220,-0.40954394442766534,-0.3726914925825008,-0.4178247734138973,-0.3817414884001205,-0.4168173598553345,-0.39972381173590366,0.018816904306646096,120,0.9484703826925066,-0.7860407671364953,1.3882066768652273,-0.8567895550573249,0.5411815154482703,0.2470056505624368,0.9128505627328001,2,-13.278188690820155,-12.738158818037451,-14.227937492101523,-12.029948795626826,-12.528386841482224,-12.960524127613638,0.7495874631649052,220,10.130822204580682,14.698534450330556,0.39972381173590366,12.960524127613638,0.2470056505624368
51.431562185287476,0.5296087119481148,0.2029346466064453,0.010606781793044421,10,0.7,2,4,"{'max_depth': 10, 'max_features': 0.7, 'min_samples_leaf': 2, 'min_samples_split': 4}",-9.927533159894104,-10.280847612431138,-10.5013628407036,-10.041450672296968,-9.902916737577598,-10.130822204580682,0.22850058834991496,148,-14.238714012086767,-15.432888415399749,-15.334540044775029,-14.106505857087345,-14.380023922303895,-14.698534450330556,0.5669498230506081,220,-0.40954394442766534,-0.3726914925825008,-0.4178247734138973,-0.3817414884001205,-0.4168173598553345,-0.39972381173590366,0.018816904306646096,120,0.9484703826925066,-0.7860407671364953,1.3882066768652273,-0.8567895550573249,0.5411815154482703,0.2470056505624368,0.9128505627328001,2,-13.278188690820155,-12.738158818037451,-14.227937492101523,-12.029948795626826,-12.528386841482224,-12.960524127613638,0.7495874631649052,220,10.130822204580682,14.698534450330556,0.39972381173590366,12.960524127613638,0.2470056505624368
51.359141159057614,0.5762530737312026,0.2015167236328125,0.009446090221492056,10,0.7,2,8,"{'max_depth': 10, 'max_features': 0.7, 'min_samples_leaf': 2, 'min_samples_split': 8}",-9.940273323704586,-10.281858276146648,-10.524558606717486,-10.106137823721165,-9.916083468448571,-10.153782299747691,0.22725991238601265,155,-14.24890789150606,-15.40475422353952,-15.350857737122038,-14.17208200453265,-14.382841114750372,-14.711888594290127,0.5481530580000437,230,-0.40954394442766534,-0.37329700272479566,-0.41842900302114805,-0.3799337149743899,-0.41561181434599154,-0.39936309589879804,0.018910956606176813,116,0.9256325400299,-0.8230293524676934,1.343991706603343,-0.8485718638982134,0.5183839132605071,0.22328138870556868,0.9033282701897124,11,-13.265860735554897,-12.669307353978745,-14.182274923137886,-12.183132997879607,-12.553140961751529,-12.970743394460532,0.6986398936651228,222,10.153782299747691,14.711888594290127,0.39936309589879804,12.970743394460532,0.22328138870556868
50.65513067245483,0.27053791925369824,0.20800414085388183,0.009565015430555738,10,0.7,4,2,"{'max_depth': 10, 'max_features': 0.7, 'min_samples_leaf': 4, 'min_samples_split': 2}",-9.891976481454465,-10.263413603747841,-10.478433117314978,-10.069095606229338,-9.90687078610753,-10.121957918970832,0.223173761102895,145,-14.205172258541381,-15.403647341488863,-15.293997049154116,-14.13389419797494,-14.369916277634719,-14.681325424958803,0.5514515234174788,214,-0.41014799154334036,-0.36996669694217377,-0.41933534743202416,-0.38053630611630007,-0.41470765521398434,-0.39893879944956456,0.019841151446902582,99,0.9171186650139174,-0.7990960096226141,1.336528929825218,-0.8697680137291487,0.5237769244483546,0.22171209918714546,0.9001142203334541,12,-13.177067021339031,-12.790769645415557,-14.087724919320625,-12.087319192204328,-12.57590447079376,-12.94375704981466,0.6716103779752061,212,10.121957918970832,14.681325424958803,0.39893879944956456,12.94375704981466,0.22171209918714546
53.45050473213196,2.4902033855570385,0.2152379035949707,0.010155800692962505,10,0.7,4,4,"{'max_depth': 10, 'max_features': 0.7, 'min_samples_leaf': 4, 'min_samples_split': 4}",-9.891976481454465,-10.263413603747841,-10.478433117314978,-10.069095606229338,-9.90687078610753,-10.121957918970832,0.223173761102895,145,-14.205172258541381,-15.403647341488863,-15.293997049154116,-14.13389419797494,-14.369916277634719,-14.681325424958803,0.5514515234174788,214,-0.41014799154334036,-0.36996669694217377,-0.41933534743202416,-0.38053630611630007,-0.41470765521398434,-0.39893879944956456,0.019841151446902582,99,0.9171186650139174,-0.7990960096226141,1.336528929825218,-0.8697680137291487,0.5237769244483546,0.22171209918714546,0.9001142203334541,12,-13.177067021339031,-12.790769645415557,-14.087724919320625,-12.087319192204328,-12.57590447079376,-12.94375704981466,0.6716103779752061,212,10.121957918970832,14.681325424958803,0.39893879944956456,12.94375704981466,0.22171209918714546
52.10337910652161,1.301896500259626,0.20081515312194825,0.005701622171978259,10,0.7,4,8,"{'max_depth': 10, 'max_features': 0.7, 'min_samples_leaf': 4, 'min_samples_split': 8}",-9.891976481454465,-10.263413603747841,-10.478433117314978,-10.069095606229338,-9.90687078610753,-10.121957918970832,0.223173761102895,145,-14.205172258541381,-15.403647341488863,-15.293997049154116,-14.13389419797494,-14.369916277634719,-14.681325424958803,0.5514515234174788,214,-0.41014799154334036,-0.36996669694217377,-0.41933534743202416,-0.38053630611630007,-0.41470765521398434,-0.39893879944956456,0.019841151446902582,99,0.9171186650139174,-0.7990960096226141,1.336528929825218,-0.8697680137291487,0.5237769244483546,0.22171209918714546,0.9001142203334541,12,-13.177067021339031,-12.790769645415557,-14.087724919320625,-12.087319192204328,-12.57590447079376,-12.94375704981466,0.6716103779752061,212,10.121957918970832,14.681325424958803,0.39893879944956456,12.94375704981466,0.22171209918714546
52.48960485458374,3.657919344139441,0.22630462646484376,0.04751300199309206,10,0.7,6,2,"{'max_depth': 10, 'max_features': 0.7, 'min_samples_leaf': 6, 'min_samples_split': 2}",-9.920730782317511,-10.288951670588173,-10.493946938916478,-10.073916586889364,-9.910331624092201,-10.137575520560747,0.22477954330417318,150,-14.22433863987713,-15.444962055869565,-15.315760061063372,-14.141786492576014,-14.387775016787485,-14.702924453234715,0.5602547000925829,222,-0.40682573240712777,-0.37208598244020585,-0.4205438066465257,-0.3808376016872552,-0.41350210970464135,-0.3987590465771512,0.018918962124472347,96,0.8829720403723471,-0.8242603340918951,1.342834841155087,-0.9145152808885111,0.44124950727395157,0.18565615476419586,0.9078489324436703,29,-13.278047530039391,-12.718419643794633,-14.07318523420865,-12.025337395022483,-12.516962898641728,-12.922390540341377,0.7016409860566678,207,10.137575520560747,14.702924453234715,0.3987590465771512,12.922390540341377,0.18565615476419586
52.59257507324219,4.219173191021736,0.20264463424682616,0.010054424342307527,10,0.7,6,4,"{'max_depth': 10, 'max_features': 0.7, 'min_samples_leaf': 6, 'min_samples_split': 4}",-9.920730782317511,-10.288951670588173,-10.493946938916478,-10.073916586889364,-9.910331624092201,-10.137575520560747,0.22477954330417318,150,-14.22433863987713,-15.444962055869565,-15.315760061063372,-14.141786492576014,-14.387775016787485,-14.702924453234715,0.5602547000925829,222,-0.40682573240712777,-0.37208598244020585,-0.4205438066465257,-0.3808376016872552,-0.41350210970464135,-0.3987590465771512,0.018918962124472347,96,0.8829720403723471,-0.8242603340918951,1.342834841155087,-0.9145152808885111,0.44124950727395157,0.18565615476419586,0.9078489324436703,29,-13.278047530039391,-12.718419643794633,-14.07318523420865,-12.025337395022483,-12.516962898641728,-12.922390540341377,0.7016409860566678,207,10.137575520560747,14.702924453234715,0.3987590465771512,12.922390540341377,0.18565615476419586
51.52396502494812,2.4250078460806477,0.21508002281188965,0.02768147301903143,10,0.7,6,8,"{'max_depth': 10, 'max_features': 0.7, 'min_samples_leaf': 6, 'min_samples_split': 8}",-9.920730782317511,-10.288951670588173,-10.493946938916478,-10.073916586889364,-9.910331624092201,-10.137575520560747,0.22477954330417318,150,-14.22433863987713,-15.444962055869565,-15.315760061063372,-14.141786492576014,-14.387775016787485,-14.702924453234715,0.5602547000925829,222,-0.40682573240712777,-0.37208598244020585,-0.4205438066465257,-0.3808376016872552,-0.41350210970464135,-0.3987590465771512,0.018918962124472347,96,0.8829720403723471,-0.8242603340918951,1.342834841155087,-0.9145152808885111,0.44124950727395157,0.18565615476419586,0.9078489324436703,29,-13.278047530039391,-12.718419643794633,-14.07318523420865,-12.025337395022483,-12.516962898641728,-12.922390540341377,0.7016409860566678,207,10.137575520560747,14.702924453234715,0.3987590465771512,12.922390540341377,0.18565615476419586
23.5187668800354,1.0965279173102596,0.3502063274383545,0.06839810304357002,14,0.25,1,2,"{'max_depth': 14, 'max_features': 0.25, 'min_samples_leaf': 1, 'min_samples_split': 2}",-10.170219497980424,-10.524875893611016,-10.545756994555266,-10.411324093165113,-10.01113842768673,-10.33266298139971,0.20895375398081925,211,-14.305608526172161,-14.823389076854236,-15.041696246072537,-14.106839116798081,-14.015497812349539,-14.458606155649312,0.4041173001251548,151,-0.4186046511627907,-0.37935210414774445,-0.4299093655589124,-0.3865622175354022,-0.43248945147679324,-0.4093835579763286,0.02219424001629491,230,0.9810583241814024,-1.2621452271725004,1.4849552085038282,-1.2381120035196613,0.5909450978873194,0.11134027997607765,1.1472342510083422,75,-13.319581843137735,-12.208619070728819,-13.992149470177655,-11.86511727417508,-12.257042905175853,-12.728502112679028,0.7980182244633028,189,10.33266298139971,14.458606155649312,0.4093835579763286,12.728502112679028,0.11134027997607765
22.289670038223267,0.05155541894336531,0.2944771766662598,0.004584069689987057,14,0.25,1,4,"{'max_depth': 14, 'max_features': 0.25, 'min_samples_leaf': 1, 'min_samples_split': 4}",-10.146471599159907,-10.571901267502287,-10.542056334037209,-10.426061584539507,-10.016923107792985,-10.340682778606379,0.22083529862950543,216,-14.27644428572042,-14.878118984528335,-15.039059981970277,-14.13819854614109,-14.023844522351697,-14.471133264142363,0.4091441498355123,168,-0.41498036846874053,-0.3854072055706933,-0.4287009063444109,-0.38354926182585114,-0.4349005424954792,-0.40950765694103497,0.02143735088165969,231,0.9500022207238723,-1.2624591908961231,1.4458433853946142,-1.2745406936700139,0.5973803083109297,0.09124520597265584,1.1424937021849424,88,-13.369878026795924,-12.077410518079402,-13.981658939858821,-11.930046283109132,-12.203138854689115,-12.71242652450648,0.8146080656634028,181,10.340682778606379,14.471133264142363,0.40950765694103497,12.71242652450648,0.09124520597265584
23.99772529602051,2.231468630270903,0.3315676212310791,0.07625122055164436,14,0.25,1,8,"{'max_depth': 14, 'max_features': 0.25, 'min_samples_leaf': 1, 'min_samples_split': 8}",-10.165661405148633,-10.527086210913494,-10.564565697267943,-10.441730014159615,-10.05624452948171,-10.35105757139428,0.20301712329871524,222,-14.262152309644037,-14.847503242613113,-15.023015991490443,-14.151509860335693,-14.059637945996336,-14.468763870015925,0.3902208071737561,160,-0.4143763213530655,-0.38116863457462913,-0.4287009063444109,-0.3799337149743899,-0.43037974683544306,-0.4069118648163877,0.022234011787060172,206,0.9445154156124617,-1.2613085121828398,1.4760647904401845,-1.321615880885452,0.504868649483738,0.0685048924936185,1.1523777234200638,114,-13.405902133214283,-12.154433573831353,-14.043159589257895,-12.002243778087609,-12.269528546151033,-12.775053524108435,0.8054840146949117,192,10.35105757139428,14.468763870015925,0.4069118648163877,12.775053524108435,0.0685048924936185
23.729540634155274,1.982208746580488,0.3401301860809326,0.055655656532745505,14,0.25,2,2,"{'max_depth': 14, 'max_features': 0.25, 'min_samples_leaf': 2, 'min_samples_split': 2}",-10.1021092594431,-10.488892020414038,-10.497428663135354,-10.359130752407085,-9.998330492872075,-10.28917823765433,0.20383051896679807,181,-14.253065905970614,-14.804338864099712,-14.99755017995235,-14.070036433470499,-14.048077117694522,-14.43461370023754,0.392143058507265,92,-0.4186046511627907,-0.3832879200726612,-0.4280966767371601,-0.3814401928291654,-0.4318866787221218,-0.4086632239047798,0.02191264194059674,228,0.9633763662663445,-1.252391504522288,1.4774809853350108,-1.3243221106602203,0.5858603235990152,0.09000081200357242,1.1606971359016298,90,-13.217107830708505,-12.049036810422768,-13.986221219631934,-11.843021280394094,-12.253435146214612,-12.669764457474383,0.8092935639099982,150,10.28917823765433,14.43461370023754,0.4086632239047798,12.669764457474383,0.09000081200357242
22.841398096084596,0.5425461233699466,0.3197906970977783,0.027195521624173505,14,0.25,2,4,"{'max_depth': 14, 'max_features': 0.25, 'min_samples_leaf': 2, 'min_samples_split': 4}",-10.1021092594431,-10.488892020414038,-10.497428663135354,-10.359130752407085,-9.998330492872075,-10.28917823765433,0.20383051896679807,181,-14.253065905970614,-14.804338864099712,-14.99755017995235,-14.070036433470499,-14.048077117694522,-14.43461370023754,0.392143058507265,92,-0.4186046511627907,-0.3832879200726612,-0.4280966767371601,-0.3814401928291654,-0.4318866787221218,-0.4086632239047798,0.02191264194059674,228,0.9633763662663445,-1.252391504522288,1.4774809853350108,-1.3243221106602203,0.5858603235990152,0.09000081200357242,1.1606971359016298,90,-13.217107830708505,-12.049036810422768,-13.986221219631934,-11.843021280394094,-12.253435146214612,-12.669764457474383,0.8092935639099982,150,10.28917823765433,14.43461370023754,0.4086632239047798,12.669764457474383,0.09000081200357242
22.137624740600586,0.12105953808977665,0.28782243728637696,0.01290260085412205,14,0.25,2,8,"{'max_depth': 14, 'max_features': 0.25, 'min_samples_leaf': 2, 'min_samples_split': 8}",-10.128116674670505,-10.512880472677923,-10.515300207914509,-10.405782260824079,-9.956659929165685,-10.30374790905054,0.22370436273628722,201,-14.255426262760217,-14.772690004305607,-15.00370294136725,-14.091392206198728,-13.976488028765607,-14.419939888679483,0.3992166856721396,58,-0.4143763213530655,-0.38449894035725096,-0.42477341389728096,-0.3817414884001205,-0.43248945147679324,-0.4075759230969022,0.020797346710941838,213,0.9307739040066849,-1.265967379491912,1.449124820429737,-1.3097130404596213,0.5721124864122837,0.07526615817943445,1.1474591220715755,104,-13.344018478863038,-12.024627538107637,-14.083302576038212,-11.91391228981438,-12.172288109716966,-12.707629798508048,0.8579669502257257,180,10.30374790905054,14.419939888679483,0.4075759230969022,12.707629798508048,0.07526615817943445
21.932441329956056,0.44990309884127955,0.27268528938293457,0.008202282346223772,14,0.25,4,2,"{'max_depth': 14, 'max_features': 0.25, 'min_samples_leaf': 4, 'min_samples_split': 2}",-10.131919086204606,-10.485398692909973,-10.504858157452203,-10.396504805172397,-9.968394862279956,-10.297415120803828,0.2115809397706373,193,-14.299201468068809,-14.780894333150263,-14.998703556738462,-14.129892693218093,-14.019553176671904,-14.445649045569507,0.3797276265080361,120,-0.4173965569314407,-0.381774144716924,-0.4259818731117825,-0.380235010545345,-0.43309222423146476,-0.4076959619073913,0.02235840194912563,214,0.9746507248213234,-1.285231331866053,1.4572249746732435,-1.3149333275720048,0.5748472141318595,0.08131165083767371,1.1620421069274007,99,-13.30457765712983,-12.0492279117875,-14.04060112316852,-11.942050607827142,-12.172051917026584,-12.701701843387916,0.8293891491686725,176,10.297415120803828,14.445649045569507,0.4076959619073913,12.701701843387916,0.08131165083767371
22.92302746772766,0.9500239709050775,0.3452542781829834,0.065622069239983,14,0.25,4,4,"{'max_depth': 14, 'max_features': 0.25, 'min_samples_leaf': 4, 'min_samples_split': 4}",-10.131919086204606,-10.485398692909973,-10.504858157452203,-10.396504805172397,-9.968394862279956,-10.297415120803828,0.2115809397706373,193,-14.299201468068809,-14.780894333150263,-14.998703556738462,-14.129892693218093,-14.019553176671904,-14.445649045569507,0.3797276265080361,120,-0.4173965569314407,-0.381774144716924,-0.4259818731117825,-0.380235010545345,-0.43309222423146476,-0.4076959619073913,0.02235840194912563,214,0.9746507248213234,-1.285231331866053,1.4572249746732435,-1.3149333275720048,0.5748472141318595,0.08131165083767371,1.1620421069274007,99,-13.30457765712983,-12.0492279117875,-14.04060112316852,-11.942050607827142,-12.172051917026584,-12.701701843387916,0.8293891491686725,176,10.297415120803828,14.445649045569507,0.4076959619073913,12.701701843387916,0.08131165083767371
22.374887895584106,0.9361812264947755,0.2724937438964844,0.00539439713014548,14,0.25,4,8,"{'max_depth': 14, 'max_features': 0.25, 'min_samples_leaf': 4, 'min_samples_split': 8}",-10.131919086204606,-10.485398692909973,-10.504858157452203,-10.396504805172397,-9.968394862279956,-10.297415120803828,0.2115809397706373,193,-14.299201468068809,-14.780894333150263,-14.998703556738462,-14.129892693218093,-14.019553176671904,-14.445649045569507,0.3797276265080361,120,-0.4173965569314407,-0.381774144716924,-0.4259818731117825,-0.380235010545345,-0.43309222423146476,-0.4076959619073913,0.02235840194912563,214,0.9746507248213234,-1.285231331866053,1.4572249746732435,-1.3149333275720048,0.5748472141318595,0.08131165083767371,1.1620421069274007,99,-13.30457765712983,-12.0492279117875,-14.04060112316852,-11.942050607827142,-12.172051917026584,-12.701701843387916,0.8293891491686725,176,10.297415120803828,14.445649045569507,0.4076959619073913,12.701701843387916,0.08131165083767371
21.61364140510559,1.095145205474061,0.26552019119262693,0.0118235645171177,14,0.25,6,2,"{'max_depth': 14, 'max_features': 0.25, 'min_samples_leaf': 6, 'min_samples_split': 2}",-10.158613631455271,-10.52527149726021,-10.544798180472887,-10.411384164149881,-10.019268630516114,-10.331867220770873,0.2082318116370919,208,-14.294543970969363,-14.79323244705713,-15.05484112453513,-14.138082245035832,-14.071740380398175,-14.470488033599128,0.38628541356958596,165,-0.41981274539414076,-0.3799576142900394,-0.42900302114803623,-0.37782464597770415,-0.4318866787221218,-0.4076969411064084,0.02386507672176095,217,0.997493264700854,-1.3586933890971782,1.4981319844585785,-1.3757004906264707,0.5412330539857735,0.060492884684311445,1.2043776894900764,141,-13.287003573083787,-12.062632466638442,-14.035950297860262,-11.957509614204227,-12.226009975288648,-12.713821185415073,0.8137047568305211,182,10.331867220770873,14.470488033599128,0.4076969411064084,12.713821185415073,0.060492884684311445
21.13551812171936,0.7345685236859689,0.2747012138366699,0.02638666930626568,14,0.25,6,4,"{'max_depth': 14, 'max_features': 0.25, 'min_samples_leaf': 6, 'min_samples_split': 4}",-10.158613631455271,-10.52527149726021,-10.544798180472887,-10.411384164149881,-10.019268630516114,-10.331867220770873,0.2082318116370919,208,-14.294543970969363,-14.79323244705713,-15.05484112453513,-14.138082245035832,-14.071740380398175,-14.470488033599128,0.38628541356958596,165,-0.41981274539414076,-0.3799576142900394,-0.42900302114803623,-0.37782464597770415,-0.4318866787221218,-0.4076969411064084,0.02386507672176095,217,0.997493264700854,-1.3586933890971782,1.4981319844585785,-1.3757004906264707,0.5412330539857735,0.060492884684311445,1.2043776894900764,141,-13.287003573083787,-12.062632466638442,-14.035950297860262,-11.957509614204227,-12.226009975288648,-12.713821185415073,0.8137047568305211,182,10.331867220770873,14.470488033599128,0.4076969411064084,12.713821185415073,0.060492884684311445
20.88242902755737,0.385184063430238,0.30669870376586916,0.07075091343051992,14,0.25,6,8,"{'max_depth': 14, 'max_features': 0.25, 'min_samples_leaf': 6, 'min_samples_split': 8}",-10.158613631455271,-10.52527149726021,-10.544798180472887,-10.411384164149881,-10.019268630516114,-10.331867220770873,0.2082318116370919,208,-14.294543970969363,-14.79323244705713,-15.05484112453513,-14.138082245035832,-14.071740380398175,-14.470488033599128,0.38628541356958596,165,-0.41981274539414076,-0.3799576142900394,-0.42900302114803623,-0.37782464597770415,-0.4318866787221218,-0.4076969411064084,0.02386507672176095,217,0.997493264700854,-1.3586933890971782,1.4981319844585785,-1.3757004906264707,0.5412330539857735,0.060492884684311445,1.2043776894900764,141,-13.287003573083787,-12.062632466638442,-14.035950297860262,-11.957509614204227,-12.226009975288648,-12.713821185415073,0.8137047568305211,182,10.331867220770873,14.470488033599128,0.4076969411064084,12.713821185415073,0.060492884684311445
39.76891617774963,1.0397683619498737,0.3281888008117676,0.018619578602668354,14,0.4,1,2,"{'max_depth': 14, 'max_features': 0.4, 'min_samples_leaf': 1, 'min_samples_split': 2}",-9.853398376714324,-10.228955796173048,-10.327930122313914,-10.08930813062977,-9.820807944952046,-10.06408007415662,0.20050207626922545,131,-14.113191119229484,-15.03402670127222,-14.978070889956046,-13.968025974140339,-14.064672441503959,-14.431597425220408,0.47169254603630645,86,-0.40863787375415284,-0.3760217983651226,-0.41933534743202416,-0.3838505573968063,-0.4252561784207354,-0.4026203510737682,0.019430751519266966,168,0.8564821027318772,-0.9105802583459406,1.385664436250819,-1.0767606609756075,0.5591412436533163,0.1627893726628929,0.982072755064368,45,-13.104365952493117,-12.390738486893293,-13.96685806514743,-11.739656613729265,-12.204348479019346,-12.68119351945649,0.7784915279572436,163,10.06408007415662,14.431597425220408,0.4026203510737682,12.68119351945649,0.1627893726628929
39.260706949234006,1.6310895011261553,0.31693344116210936,0.022857562479377064,14,0.4,1,4,"{'max_depth': 14, 'max_features': 0.4, 'min_samples_leaf': 1, 'min_samples_split': 4}",-9.843278825390385,-10.294829438184989,-10.31457728074467,-10.093274065300875,-9.774960338872004,-10.064183989698586,0.22324415666369382,135,-14.049949888754584,-15.093509116857145,-14.94110076557375,-13.969305543418038,-14.02101985095299,-14.414977033111303,0.4948296928741129,44,-0.4050135910601027,-0.3766273085074175,-0.4217522658610272,-0.3817414884001205,-0.4234478601567209,-0.4017165027970778,0.019560283001656114,162,0.8601945798452116,-0.969024091895514,1.3883956547972196,-1.099437364094879,0.5234992637072546,0.1407256084718586,0.9990375781120413,59,-13.21372126947616,-12.380681293727546,-13.87422651025919,-11.780009475652212,-12.16024518197793,-12.681776746218608,0.7590440395469866,164,10.064183989698586,14.414977033111303,0.4017165027970778,12.681776746218608,0.1407256084718586
37.761306571960446,0.9127695073967015,0.2637200355529785,0.005425645849468546,14,0.4,1,8,"{'max_depth': 14, 'max_features': 0.4, 'min_samples_leaf': 1, 'min_samples_split': 8}",-9.853272028373397,-10.267476127144405,-10.314598310913665,-10.063064358191939,-9.815079055478765,-10.062697976020434,0.20521323616718798,130,-14.056397110846044,-15.069421093292982,-14.927831018368272,-13.933311042426947,-14.048159770147779,-14.407024007016403,0.4870598683165056,31,-0.40652370884929023,-0.37753557372085983,-0.4217522658610272,-0.3796324194034348,-0.4231464737793852,-0.4017180883227994,0.019779831878166648,164,0.8132941715910159,-0.9904788995744406,1.3336933993185272,-1.1247504248509086,0.48258970222296466,0.1028695897414317,0.9865373302473674,81,-13.119242454711058,-12.286255750867518,-13.809400272517394,-11.772326962205907,-12.167971844036446,-12.631039456867665,0.7345162959971124,110,10.062697976020434,14.407024007016403,0.4017180883227994,12.631039456867665,0.1028695897414317
39.25346384048462,1.009268441553145,0.2916740894317627,0.0038064832509648767,14,0.4,2,2,"{'max_depth': 14, 'max_features': 0.4, 'min_samples_leaf': 2, 'min_samples_split': 2}",-9.776707806944085,-10.215557742187531,-10.269522616903735,-10.054437034740216,-9.784456804596344,-10.020136401074383,0.20802012946555357,98,-14.017022247257625,-15.028850566568785,-14.917554002137884,-13.917848324998953,-14.067952356388078,-14.389845499470265,0.4800411326600931,6,-0.4028994261552401,-0.37571904329397515,-0.4217522658610272,-0.3793311238324797,-0.4240506329113924,-0.4007504984108229,0.020366402464951708,150,0.8224678483368404,-0.9590694012896809,1.3487099203698258,-1.1095295748242717,0.551146764946487,0.13074511150784013,0.986370431465449,63,-13.15362466065785,-12.318364621267369,-13.773764218615863,-11.790368490651712,-12.186756447669906,-12.64457568777254,0.7183146451403184,120,10.020136401074383,14.389845499470265,0.4007504984108229,12.64457568777254,0.13074511150784013
37.82931513786316,0.8077523834894057,0.29562039375305177,0.009086335678891794,14,0.4,2,4,"{'max_depth': 14, 'max_features': 0.4, 'min_samples_leaf': 2, 'min_samples_split': 4}",-9.776707806944085,-10.215557742187531,-10.269522616903735,-10.054437034740216,-9.784456804596344,-10.020136401074383,0.20802012946555357,98,-14.017022247257625,-15.028850566568785,-14.917554002137884,-13.917848324998953,-14.067952356388078,-14.389845499470265,0.4800411326600931,6,-0.4028994261552401,-0.37571904329397515,-0.4217522658610272,-0.3793311238324797,-0.4240506329113924,-0.4007504984108229,0.020366402464951708,150,0.8224678483368404,-0.9590694012896809,1.3487099203698258,-1.1095295748242717,0.551146764946487,0.13074511150784013,0.986370431465449,63,-13.15362466065785,-12.318364621267369,-13.773764218615863,-11.790368490651712,-12.186756447669906,-12.64457568777254,0.7183146451403184,120,10.020136401074383,14.389845499470265,0.4007504984108229,12.64457568777254,0.13074511150784013
37.990606498718265,1.0461377496122142,0.28290505409240724,0.019312032676438943,14,0.4,2,8,"{'max_depth': 14, 'max_features': 0.4, 'min_samples_leaf': 2, 'min_samples_split': 8}",-9.82821337798412,-10.21352269869131,-10.30275503446853,-10.041982186150669,-9.78710369008061,-10.034715397475049,0.20387483703395948,114,-14.082374843468594,-15.045822842939542,-14.935998188624321,-13.934544602593485,-14.052733010457723,-14.410294697616731,0.47790796765448,38,-0.4059196617336152,-0.37753557372085983,-0.4205438066465257,-0.3793311238324797,-0.4243520192887282,-0.40153643704444175,0.019850243958855512,160,0.8811897017233646,-0.940332637403408,1.335502675129408,-1.144833097836898,0.4985173912014626,0.12600880656278587,0.9923768910291512,68,-13.191530355993857,-12.281213621665573,-13.837152664787777,-11.727417722046626,-12.119208362107214,-12.631304545320209,0.7706802438291379,111,10.034715397475049,14.410294697616731,0.40153643704444175,12.631304545320209,0.12600880656278587
36.064971351623534,1.3070294399349052,0.26566429138183595,0.0056372372459838225,14,0.4,4,2,"{'max_depth': 14, 'max_features': 0.4, 'min_samples_leaf': 4, 'min_samples_split': 2}",-9.853284059154449,-10.206453375323832,-10.292193245642732,-10.072368555947504,-9.779866805177845,-10.040833208249271,0.19742569901252785,115,-14.11693842306162,-15.050242406818288,-14.93732130695832,-13.963925892815954,-14.06491838121159,-14.426669282173156,0.46701976318420335,75,-0.4059196617336152,-0.37359975779594307,-0.42235649546827797,-0.377523350406749,-0.42103676913803495,-0.400087206908524,0.02087838825473235,135,0.831829269984907,-0.9838440663751759,1.345473173699138,-1.1447251760631474,0.5130092517160315,0.11234849059235066,0.9980631690285384,72,-13.161610949695094,-12.342900545971396,-13.777065753941915,-11.823961842711963,-12.223250807721504,-12.665757980008376,0.7056267275206748,144,10.040833208249271,14.426669282173156,0.400087206908524,12.665757980008376,0.11234849059235066
35.94062514305115,0.7216902786958452,0.2731950283050537,0.01131590818794988,14,0.4,4,4,"{'max_depth': 14, 'max_features': 0.4, 'min_samples_leaf': 4, 'min_samples_split': 4}",-9.853284059154449,-10.206453375323832,-10.292193245642732,-10.072368555947504,-9.779866805177845,-10.040833208249271,0.19742569901252785,115,-14.11693842306162,-15.050242406818288,-14.93732130695832,-13.963925892815954,-14.06491838121159,-14.426669282173156,0.46701976318420335,75,-0.4059196617336152,-0.37359975779594307,-0.42235649546827797,-0.377523350406749,-0.42103676913803495,-0.400087206908524,0.02087838825473235,135,0.831829269984907,-0.9838440663751759,1.345473173699138,-1.1447251760631474,0.5130092517160315,0.11234849059235066,0.9980631690285384,72,-13.161610949695094,-12.342900545971396,-13.777065753941915,-11.823961842711963,-12.223250807721504,-12.665757980008376,0.7056267275206748,144,10.040833208249271,14.426669282173156,0.400087206908524,12.665757980008376,0.11234849059235066
36.311274480819705,1.1828427872844516,0.2688581943511963,0.008507545637007518,14,0.4,4,8,"{'max_depth': 14, 'max_features': 0.4, 'min_samples_leaf': 4, 'min_samples_split': 8}",-9.853284059154449,-10.206453375323832,-10.292193245642732,-10.072368555947504,-9.779866805177845,-10.040833208249271,0.19742569901252785,115,-14.11693842306162,-15.050242406818288,-14.93732130695832,-13.963925892815954,-14.06491838121159,-14.426669282173156,0.46701976318420335,75,-0.4059196617336152,-0.37359975779594307,-0.42235649546827797,-0.377523350406749,-0.42103676913803495,-0.400087206908524,0.02087838825473235,135,0.831829269984907,-0.9838440663751759,1.345473173699138,-1.1447251760631474,0.5130092517160315,0.11234849059235066,0.9980631690285384,72,-13.161610949695094,-12.342900545971396,-13.777065753941915,-11.823961842711963,-12.223250807721504,-12.665757980008376,0.7056267275206748,144,10.040833208249271,14.426669282173156,0.400087206908524,12.665757980008376,0.11234849059235066
34.49315414428711,0.9952798399613288,0.24960737228393554,0.004320661946982862,14,0.4,6,2,"{'max_depth': 14, 'max_features': 0.4, 'min_samples_leaf': 6, 'min_samples_split': 2}",-9.852334958985024,-10.287294209032186,-10.331385292938226,-10.0743267033005,-9.775161514891439,-10.064100535829473,0.22346881169346305,132,-14.116723457704538,-15.140087675206182,-14.99610294013728,-13.989495177884153,-14.04376244218411,-14.457234338623255,0.5024648526291287,147,-0.40863787375415284,-0.3726914925825008,-0.4202416918429003,-0.37601687255197347,-0.4228450874020494,-0.4000866036267154,0.02157380100344854,132,0.8471927139721773,-1.0137561921932383,1.3365128788702043,-1.165533602404811,0.45414194476539665,0.09171154860194577,1.005421526604518,82,-13.09169849414682,-12.441306283354606,-13.882366264804423,-11.846267749147751,-12.095805017512966,-12.671488761793313,0.7359600550279369,156,10.064100535829473,14.457234338623255,0.4000866036267154,12.671488761793313,0.09171154860194577
35.11085424423218,0.8314720239704891,0.2664627552032471,0.02197213382480692,14,0.4,6,4,"{'max_depth': 14, 'max_features': 0.4, 'min_samples_leaf': 6, 'min_samples_split': 4}",-9.852334958985024,-10.287294209032186,-10.331385292938226,-10.0743267033005,-9.775161514891439,-10.064100535829473,0.22346881169346305,132,-14.116723457704538,-15.140087675206182,-14.99610294013728,-13.989495177884153,-14.04376244218411,-14.457234338623255,0.5024648526291287,147,-0.40863787375415284,-0.3726914925825008,-0.4202416918429003,-0.37601687255197347,-0.4228450874020494,-0.4000866036267154,0.02157380100344854,132,0.8471927139721773,-1.0137561921932383,1.3365128788702043,-1.165533602404811,0.45414194476539665,0.09171154860194577,1.005421526604518,82,-13.09169849414682,-12.441306283354606,-13.882366264804423,-11.846267749147751,-12.095805017512966,-12.671488761793313,0.7359600550279369,156,10.064100535829473,14.457234338623255,0.4000866036267154,12.671488761793313,0.09171154860194577
34.683345317840576,1.124884427514411,0.2549731254577637,0.006614486283054016,14,0.4,6,8,"{'max_depth': 14, 'max_features': 0.4, 'min_samples_leaf': 6, 'min_samples_split': 8}",-9.852334958985024,-10.287294209032186,-10.331385292938226,-10.0743267033005,-9.775161514891439,-10.064100535829473,0.22346881169346305,132,-14.116723457704538,-15.140087675206182,-14.99610294013728,-13.989495177884153,-14.04376244218411,-14.457234338623255,0.5024648526291287,147,-0.40863787375415284,-0.3726914925825008,-0.4202416918429003,-0.37601687255197347,-0.4228450874020494,-0.4000866036267154,0.02157380100344854,132,0.8471927139721773,-1.0137561921932383,1.3365128788702043,-1.165533602404811,0.45414194476539665,0.09171154860194577,1.005421526604518,82,-13.09169849414682,-12.441306283354606,-13.882366264804423,-11.846267749147751,-12.095805017512966,-12.671488761793313,0.7359600550279369,156,10.064100535829473,14.457234338623255,0.4000866036267154,12.671488761793313,0.09171154860194577
53.03560156822205,0.9622167944653615,0.31563491821289064,0.013661248109378837,14,0.55,1,2,"{'max_depth': 14, 'max_features': 0.55, 'min_samples_leaf': 1, 'min_samples_split': 2}",-9.698614281283843,-10.138997032406914,-10.26682562165833,-9.987348897694432,-9.754721302276794,-9.969301427064062,0.21769663152293348,66,-13.950528190346555,-15.153229026475003,-14.964800522395782,-13.940334386944789,-14.082086283728884,-14.418195681978204,0.5289772578668477,52,-0.4022953790395651,-0.37208598244020585,-0.42084592145015104,-0.3808376016872552,-0.4192284508740205,-0.39905866709823956,0.01975608198161193,105,0.8389613551554788,-0.8133511305944535,1.397655642736599,-0.995160982883075,0.4977929169555229,0.18517956027401442,0.9365386628500243,32,-13.096814163757731,-12.531573805405433,-13.858375084403164,-11.80580367454861,-12.227836872542351,-12.704080720131458,0.7141573392114363,179,9.969301427064062,14.418195681978204,0.39905866709823956,12.704080720131458,0.18517956027401442
52.182522201538085,1.3075873683958446,0.291646146774292,0.025761717204219835,14,0.55,1,4,"{'max_depth': 14, 'max_features': 0.55, 'min_samples_leaf': 1, 'min_samples_split': 4}",-9.716682113861378,-10.162778860901287,-10.294603626593082,-10.014899189890277,-9.779619333810263,-9.993716625011256,0.22006794352996847,86,-13.974974424438836,-15.17718741103551,-14.992149293000875,-13.995137785310417,-14.126597510805404,-14.453209284918211,0.5215005255852064,135,-0.40078526125037756,-0.37057220708446864,-0.4217522658610272,-0.3799337149743899,-0.41983122362869196,-0.39857493455979104,0.020618204912141978,88,0.7977029077779864,-0.8134339413194089,1.331542010048254,-1.0322849551828774,0.5136282457053387,0.15943085340585852,0.9244829959372843,50,-13.117230145684978,-12.614741123112319,-13.783145435989551,-11.82129129460502,-12.258792343443202,-12.719040068567015,0.6811071384367561,188,9.993716625011256,14.453209284918211,0.39857493455979104,12.719040068567015,0.15943085340585852
50.87622509002686,0.9456278145950888,0.25887560844421387,0.005220361732599167,14,0.55,1,8,"{'max_depth': 14, 'max_features': 0.55, 'min_samples_leaf': 1, 'min_samples_split': 8}",-9.752770492615545,-10.140825497516136,-10.28935358631725,-9.994213326621026,-9.777336358219127,-9.990899852257817,0.20682275866168567,85,-13.975171441435737,-15.14753715148126,-14.986407322824101,-13.94774422232468,-14.125837177142559,-14.436539463041669,0.52080505476795,97,-0.40561763817577773,-0.3726914925825008,-0.4205438066465257,-0.37812594154865925,-0.4192284508740205,-0.3992414659654968,0.02022222200607634,111,0.8341829352634703,-0.8372734687980985,1.3081082887036757,-1.0787197615765676,0.479609279237273,0.1411814545659506,0.9383001327073074,58,-13.050410573234332,-12.481572847626188,-13.788648996522724,-11.789053044773928,-12.233122079468131,-12.66856150832506,0.6926055273357725,148,9.990899852257817,14.436539463041669,0.3992414659654968,12.66856150832506,0.1411814545659506
52.330242776870726,1.4366850507289732,0.29003105163574217,0.011308216518399786,14,0.55,2,2,"{'max_depth': 14, 'max_features': 0.55, 'min_samples_leaf': 2, 'min_samples_split': 2}",-9.69106814439149,-10.135827121483146,-10.243635758935902,-9.953681965609794,-9.790442722620044,-9.962931142608074,0.2061239400183031,58,-13.947905691749195,-15.218423746709066,-14.930016286244271,-13.923732158563578,-14.182257512687311,-14.440467079190686,0.5331376710551878,108,-0.4053156146179402,-0.37178322736905844,-0.41963746223564957,-0.3811388972582103,-0.4192284508740205,-0.3994207304709758,0.019666563976678597,118,0.8510484698928656,-0.7779713512443278,1.3832988263610333,-1.0144981545892828,0.542070414255792,0.19678964093521606,0.9351421913543604,24,-13.004824184014717,-12.585096746375742,-13.853546968082384,-11.726937181334812,-12.323248953326395,-12.69873080662681,0.710714526994481,174,9.962931142608074,14.440467079190686,0.3994207304709758,12.69873080662681,0.19678964093521606
49.28741989135742,0.679585278200699,0.2791262626647949,0.001999371031874081,14,0.55,2,4,"{'max_depth': 14, 'max_features': 0.55, 'min_samples_leaf': 2, 'min_samples_split': 4}",-9.69106814439149,-10.135827121483146,-10.243635758935902,-9.953681965609794,-9.790442722620044,-9.962931142608074,0.2061239400183031,58,-13.947905691749195,-15.218423746709066,-14.930016286244271,-13.923732158563578,-14.182257512687311,-14.440467079190686,0.5331376710551878,108,-0.4053156146179402,-0.37178322736905844,-0.41963746223564957,-0.3811388972582103,-0.4192284508740205,-0.3994207304709758,0.019666563976678597,118,0.8510484698928656,-0.7779713512443278,1.3832988263610333,-1.0144981545892828,0.542070414255792,0.19678964093521606,0.9351421913543604,24,-13.004824184014717,-12.585096746375742,-13.853546968082384,-11.726937181334812,-12.323248953326395,-12.69873080662681,0.710714526994481,174,9.962931142608074,14.440467079190686,0.3994207304709758,12.69873080662681,0.19678964093521606
49.12518043518067,1.287139759461161,0.2874932765960693,0.04393432853621032,14,0.55,2,8,"{'max_depth': 14, 'max_features': 0.55, 'min_samples_leaf': 2, 'min_samples_split': 8}",-9.712488759285037,-10.112463812339746,-10.25522032786856,-9.973126712939925,-9.724735116643233,-9.955606945815301,0.21311379666665492,51,-13.967193546224957,-15.122654671985332,-14.960167139815054,-13.943801737234535,-14.077896381742212,-14.414342695400418,0.5165612175121891,43,-0.40561763817577773,-0.3729942476536482,-0.4172205438066465,-0.37782464597770415,-0.4168173598553345,-0.39809488709382224,0.019046460511363352,81,0.8158708030712752,-0.8264256514597177,1.301880842127131,-1.0447888517300896,0.4865886514110449,0.1466251586839288,0.9235124066712365,56,-12.978182617632818,-12.447964304134226,-13.850110381131698,-11.815451898467082,-12.249158446277693,-12.668173529528705,0.6991824195309008,147,9.955606945815301,14.414342695400418,0.39809488709382224,12.668173529528705,0.1466251586839288
47.59437823295593,1.0385474613130208,0.26793794631958007,0.025139728892107818,14,0.55,4,2,"{'max_depth': 14, 'max_features': 0.55, 'min_samples_leaf': 4, 'min_samples_split': 2}",-9.698366714696572,-10.108760813443798,-10.236962123211049,-9.961023653622057,-9.733337324384555,-9.947690125871606,0.20876260425052331,38,-13.989880444443761,-15.139837139961246,-14.962698952708502,-13.91991054826097,-14.108281471185684,-14.424121711312035,0.5186257710211658,64,-0.4028994261552401,-0.3726914925825008,-0.41963746223564957,-0.3757155769810184,-0.4177215189873418,-0.3977330953883501,0.020089212659782495,65,0.7711292056074651,-0.8523401903029049,1.3472054659297554,-1.102093209090563,0.486030044467806,0.12998626332231172,0.9489403692080792,65,-12.992691526284355,-12.418341721459937,-13.80258989202882,-11.789410643704901,-12.23227306271722,-12.647061369239047,0.6949292274694701,128,9.947690125871606,14.424121711312035,0.3977330953883501,12.647061369239047,0.12998626332231172
47.095913887023926,1.3154283924710974,0.25400266647338865,0.0062963307757636176,14,0.55,4,4,"{'max_depth': 14, 'max_features': 0.55, 'min_samples_leaf': 4, 'min_samples_split': 4}",-9.698366714696572,-10.108760813443798,-10.236962123211049,-9.961023653622057,-9.733337324384555,-9.947690125871606,0.20876260425052331,38,-13.989880444443761,-15.139837139961246,-14.962698952708502,-13.91991054826097,-14.108281471185684,-14.424121711312035,0.5186257710211658,64,-0.4028994261552401,-0.3726914925825008,-0.41963746223564957,-0.3757155769810184,-0.4177215189873418,-0.3977330953883501,0.020089212659782495,65,0.7711292056074651,-0.8523401903029049,1.3472054659297554,-1.102093209090563,0.486030044467806,0.12998626332231172,0.9489403692080792,65,-12.992691526284355,-12.418341721459937,-13.80258989202882,-11.789410643704901,-12.23227306271722,-12.647061369239047,0.6949292274694701,128,9.947690125871606,14.424121711312035,0.3977330953883501,12.647061369239047,0.12998626332231172
47.268210077285765,0.7441357884029861,0.2544272422790527,0.007496792989150733,14,0.55,4,8,"{'max_depth': 14, 'max_features': 0.55, 'min_samples_leaf': 4, 'min_samples_split': 8}",-9.698366714696572,-10.108760813443798,-10.236962123211049,-9.961023653622057,-9.733337324384555,-9.947690125871606,0.20876260425052331,38,-13.989880444443761,-15.139837139961246,-14.962698952708502,-13.91991054826097,-14.108281471185684,-14.424121711312035,0.5186257710211658,64,-0.4028994261552401,-0.3726914925825008,-0.41963746223564957,-0.3757155769810184,-0.4177215189873418,-0.3977330953883501,0.020089212659782495,65,0.7711292056074651,-0.8523401903029049,1.3472054659297554,-1.102093209090563,0.486030044467806,0.12998626332231172,0.9489403692080792,65,-12.992691526284355,-12.418341721459937,-13.80258989202882,-11.789410643704901,-12.23227306271722,-12.647061369239047,0.6949292274694701,128,9.947690125871606,14.424121711312035,0.3977330953883501,12.647061369239047,0.12998626332231172
46.62305283546448,0.9213487085648554,0.2381124973297119,0.004397209317139315,14,0.55,6,2,"{'max_depth': 14, 'max_features': 0.55, 'min_samples_leaf': 6, 'min_samples_split': 2}",-9.737017983300236,-10.183959631232401,-10.273132671564749,-9.978450127860347,-9.724172230762056,-9.979346528943958,0.2245059773126031,77,-14.011040700736896,-15.20944738769156,-14.990301813768912,-13.940140878340902,-14.08554221979484,-14.447294600066622,0.5392811609151813,126,-0.40320144971307764,-0.37057220708446864,-0.4202416918429003,-0.37782464597770415,-0.41711874623267026,-0.39779174817016416,0.020230601981555303,68,0.7857086775617182,-0.9124534847161482,1.2877491821555298,-1.1313581691302015,0.42857265196924577,0.09164377156802883,0.9518256525694389,85,-13.048969278694356,-12.509716013865681,-13.755039157373872,-11.707933895943125,-12.17008942229135,-12.638349553633676,0.7095197902728384,113,9.979346528943958,14.447294600066622,0.39779174817016416,12.638349553633676,0.09164377156802883
46.41582703590393,0.8948586695325154,0.2573866844177246,0.021375582416317467,14,0.55,6,4,"{'max_depth': 14, 'max_features': 0.55, 'min_samples_leaf': 6, 'min_samples_split': 4}",-9.737017983300236,-10.183959631232401,-10.273132671564749,-9.978450127860347,-9.724172230762056,-9.979346528943958,0.2245059773126031,77,-14.011040700736896,-15.20944738769156,-14.990301813768912,-13.940140878340902,-14.08554221979484,-14.447294600066622,0.5392811609151813,126,-0.40320144971307764,-0.37057220708446864,-0.4202416918429003,-0.37782464597770415,-0.41711874623267026,-0.39779174817016416,0.020230601981555303,68,0.7857086775617182,-0.9124534847161482,1.2877491821555298,-1.1313581691302015,0.42857265196924577,0.09164377156802883,0.9518256525694389,85,-13.048969278694356,-12.509716013865681,-13.755039157373872,-11.707933895943125,-12.17008942229135,-12.638349553633676,0.7095197902728384,113,9.979346528943958,14.447294600066622,0.39779174817016416,12.638349553633676,0.09164377156802883
46.260256099700925,1.6165332211277046,0.24731192588806153,0.019198173117817567,14,0.55,6,8,"{'max_depth': 14, 'max_features': 0.55, 'min_samples_leaf': 6, 'min_samples_split': 8}",-9.737017983300236,-10.183959631232401,-10.273132671564749,-9.978450127860347,-9.724172230762056,-9.979346528943958,0.2245059773126031,77,-14.011040700736896,-15.20944738769156,-14.990301813768912,-13.940140878340902,-14.08554221979484,-14.447294600066622,0.5392811609151813,126,-0.40320144971307764,-0.37057220708446864,-0.4202416918429003,-0.37782464597770415,-0.41711874623267026,-0.39779174817016416,0.020230601981555303,68,0.7857086775617182,-0.9124534847161482,1.2877491821555298,-1.1313581691302015,0.42857265196924577,0.09164377156802883,0.9518256525694389,85,-13.048969278694356,-12.509716013865681,-13.755039157373872,-11.707933895943125,-12.17008942229135,-12.638349553633676,0.7095197902728384,113,9.979346528943958,14.447294600066622,0.39779174817016416,12.638349553633676,0.09164377156802883
66.88829226493836,1.787845206389373,0.30009870529174804,0.006321278410055357,14,0.7,1,2,"{'max_depth': 14, 'max_features': 0.7, 'min_samples_leaf': 1, 'min_samples_split': 2}",-9.696722889179394,-10.06950784718703,-10.258695340578614,-9.929738500531583,-9.780256365076601,-9.946984188510644,0.20144586769793918,34,-13.9856513678822,-15.20469050820528,-15.000639149168324,-13.939945276302122,-14.190396624133902,-14.464264585138363,0.5319611320206347,153,-0.4083358501963153,-0.3672419013018468,-0.4214501510574018,-0.377523350406749,-0.41500904159132007,-0.3979120589107266,0.02150052104329147,75,0.8696876107680586,-0.7494425363551528,1.3244113308017558,-0.9402125040239736,0.5132859465748725,0.2035459695531121,0.895811725291167,23,-12.938382087768495,-12.689272762439279,-13.741965262462017,-11.905920503754492,-12.40158801381975,-12.735425726048806,0.6092568836041536,191,9.946984188510644,14.464264585138363,0.3979120589107266,12.735425726048806,0.2035459695531121
65.35788168907166,0.7388527651349001,0.27675395011901854,0.007172600964615003,14,0.7,1,4,"{'max_depth': 14, 'max_features': 0.7, 'min_samples_leaf': 1, 'min_samples_split': 4}",-9.69983601693456,-10.089927419305809,-10.283597525413935,-9.922497974576682,-9.801995701015805,-9.95957092744936,0.2076789015369803,57,-13.959620774318628,-15.211683197144515,-15.008459855995028,-13.95448022442273,-14.237047512739874,-14.474258312924155,0.5330022081828424,178,-0.4050135910601027,-0.3723887375113533,-0.41933534743202416,-0.37902982826152454,-0.4144062688366486,-0.3980347546203306,0.018917459181271475,80,0.8337271328008949,-0.7427490380201474,1.2924728548838647,-0.9343793555934108,0.5143729248044341,0.1926889037751271,0.8796888499691954,28,-13.003962561064165,-12.550296826579894,-13.802879307919923,-11.856743122577695,-12.447167672898747,-12.732209898208087,0.6482231106236864,190,9.95957092744936,14.474258312924155,0.3980347546203306,12.732209898208087,0.1926889037751271
64.40778760910034,0.7932361749265568,0.25255308151245115,0.006677513415775563,14,0.7,1,8,"{'max_depth': 14, 'max_features': 0.7, 'min_samples_leaf': 1, 'min_samples_split': 8}",-9.693577502613406,-10.100861396607304,-10.253617865093188,-9.942843652176526,-9.766762477439787,-9.951532578786043,0.20703184545162479,44,-13.964357552732396,-15.21872562400034,-14.98652917429798,-13.953859351022208,-14.164790211573298,-14.457652382725247,0.5370025323276031,150,-0.40682573240712777,-0.36845292158643655,-0.4226586102719033,-0.3817414884001205,-0.4138034960819771,-0.39869644974951307,0.020350110232770755,92,0.7952991717741131,-0.8210466332913847,1.297585041460316,-0.9962537589624774,0.45163618925674814,0.14544400204746305,0.9034458807831922,57,-12.891117545990005,-12.592945013653443,-13.664932673585453,-11.718126225563308,-12.346921622760053,-12.642808616310452,0.64054163464977,117,9.951532578786043,14.457652382725247,0.39869644974951307,12.642808616310452,0.14544400204746305
63.88112525939941,1.128086950056259,0.28710074424743653,0.011239098274869724,14,0.7,2,2,"{'max_depth': 14, 'max_features': 0.7, 'min_samples_leaf': 2, 'min_samples_split': 2}",-9.665047091039478,-10.057900262350092,-10.237598949034256,-9.941299602537757,-9.74791249372329,-9.929951679736977,0.20710343493442462,7,-13.951612502277284,-15.197159967339543,-14.985822483764368,-13.965767730197825,-14.179786943143604,-14.456029925344524,0.5293501744599116,145,-0.4053156146179402,-0.37329700272479566,-0.4199395770392749,-0.3766194636938837,-0.4125979505726341,-0.3975539217297057,0.019049062427433712,62,0.8139850324971619,-0.7405559149163435,1.3328870917498723,-0.9861315398323797,0.47679872881203755,0.1793966796620697,0.8973805540438794,36,-12.927002742559543,-12.479800640540825,-13.776370070142253,-11.888881120047657,-12.390647127966474,-12.69254034025135,0.634338290688262,169,9.929951679736977,14.456029925344524,0.3975539217297057,12.69254034025135,0.1793966796620697
63.966740894317624,0.8795644830380859,0.2724358558654785,0.0076310339260063096,14,0.7,2,4,"{'max_depth': 14, 'max_features': 0.7, 'min_samples_leaf': 2, 'min_samples_split': 4}",-9.665047091039478,-10.057900262350092,-10.237598949034256,-9.941299602537757,-9.74791249372329,-9.929951679736977,0.20710343493442462,7,-13.951612502277284,-15.197159967339543,-14.985822483764368,-13.965767730197825,-14.179786943143604,-14.456029925344524,0.5293501744599116,145,-0.4053156146179402,-0.37329700272479566,-0.4199395770392749,-0.3766194636938837,-0.4125979505726341,-0.3975539217297057,0.019049062427433712,62,0.8139850324971619,-0.7405559149163435,1.3328870917498723,-0.9861315398323797,0.47679872881203755,0.1793966796620697,0.8973805540438794,36,-12.927002742559543,-12.479800640540825,-13.776370070142253,-11.888881120047657,-12.390647127966474,-12.69254034025135,0.634338290688262,169,9.929951679736977,14.456029925344524,0.3975539217297057,12.69254034025135,0.1793966796620697
61.70682344436646,0.7232158677091048,0.2617811679840088,0.021874749599603824,14,0.7,2,8,"{'max_depth': 14, 'max_features': 0.7, 'min_samples_leaf': 2, 'min_samples_split': 8}",-9.651563183706173,-10.05866250316513,-10.25118219826731,-9.963428489867463,-9.758320225258963,-9.936631320053007,0.2133591534638748,17,-13.927856078209876,-15.197817419458955,-15.006358449980723,-13.981629952767143,-14.155207678735243,-14.453773915830388,0.5380709422356262,139,-0.40320144971307764,-0.37329700272479566,-0.4202416918429003,-0.37812594154865925,-0.4144062688366486,-0.3978544709332163,0.018952698870885205,74,0.8214435195348212,-0.7226623600648864,1.3140701290405248,-0.988543441611229,0.45606189514394896,0.1760739484086359,0.8892683574816677,41,-12.98731280690297,-12.504788512838651,-13.76023910977316,-11.867587041897384,-12.324116318362496,-12.688808757954934,0.6447226999367632,168,9.936631320053007,14.453773915830388,0.3978544709332163,12.688808757954934,0.1760739484086359
61.36678380966187,1.3654865214479648,0.24349403381347656,0.002172064738138948,14,0.7,4,2,"{'max_depth': 14, 'max_features': 0.7, 'min_samples_leaf': 4, 'min_samples_split': 2}",-9.661168871293711,-10.06251535836404,-10.229435945700246,-9.941538029781642,-9.757038687766055,-9.930339378581138,0.20471470260490393,9,-13.95320939851342,-15.242399630939582,-14.997289914630368,-13.975471359712621,-14.21777175665486,-14.47722841209017,0.5384468001260841,185,-0.4050135910601027,-0.37117771722676357,-0.4205438066465257,-0.3772220548357939,-0.41350210970464135,-0.39749185589476543,0.01973624021552642,53,0.8028381971307187,-0.7594024427576858,1.302161734819352,-1.0390249337123572,0.49501200129582007,0.1603169113551696,0.9069695208149766,47,-12.918093737342762,-12.531884975631236,-13.71034063308903,-11.800096232369786,-12.396612312794206,-12.671405578245404,0.6315692217838238,153,9.930339378581138,14.47722841209017,0.39749185589476543,12.671405578245404,0.1603169113551696
59.96568593978882,0.6944207134499206,0.24709653854370117,0.003110796387285508,14,0.7,4,4,"{'max_depth': 14, 'max_features': 0.7, 'min_samples_leaf': 4, 'min_samples_split': 4}",-9.661168871293711,-10.06251535836404,-10.229435945700246,-9.941538029781642,-9.757038687766055,-9.930339378581138,0.20471470260490393,9,-13.95320939851342,-15.242399630939582,-14.997289914630368,-13.975471359712621,-14.21777175665486,-14.47722841209017,0.5384468001260841,185,-0.4050135910601027,-0.37117771722676357,-0.4205438066465257,-0.3772220548357939,-0.41350210970464135,-0.39749185589476543,0.01973624021552642,53,0.8028381971307187,-0.7594024427576858,1.302161734819352,-1.0390249337123572,0.49501200129582007,0.1603169113551696,0.9069695208149766,47,-12.918093737342762,-12.531884975631236,-13.71034063308903,-11.800096232369786,-12.396612312794206,-12.671405578245404,0.6315692217838238,153,9.930339378581138,14.47722841209017,0.39749185589476543,12.671405578245404,0.1603169113551696
59.77493782043457,0.8705174905419879,0.24647936820983887,0.0019017499089308645,14,0.7,4,8,"{'max_depth': 14, 'max_features': 0.7, 'min_samples_leaf': 4, 'min_samples_split': 8}",-9.661168871293711,-10.06251535836404,-10.229435945700246,-9.941538029781642,-9.757038687766055,-9.930339378581138,0.20471470260490393,9,-13.95320939851342,-15.242399630939582,-14.997289914630368,-13.975471359712621,-14.21777175665486,-14.47722841209017,0.5384468001260841,185,-0.4050135910601027,-0.37117771722676357,-0.4205438066465257,-0.3772220548357939,-0.41350210970464135,-0.39749185589476543,0.01973624021552642,53,0.8028381971307187,-0.7594024427576858,1.302161734819352,-1.0390249337123572,0.49501200129582007,0.1603169113551696,0.9069695208149766,47,-12.918093737342762,-12.531884975631236,-13.71034063308903,-11.800096232369786,-12.396612312794206,-12.671405578245404,0.6315692217838238,153,9.930339378581138,14.47722841209017,0.39749185589476543,12.671405578245404,0.1603169113551696
57.51936388015747,0.5688671065583664,0.23826842308044432,0.002404103870557775,14,0.7,6,2,"{'max_depth': 14, 'max_features': 0.7, 'min_samples_leaf': 6, 'min_samples_split': 2}",-9.655883866070521,-10.116913058650754,-10.26278821925084,-9.945200827985085,-9.74590271800785,-9.945337737993011,0.22528683433409402,31,-13.944574881843172,-15.262361059258728,-15.003832835061663,-13.9786111117006,-14.172746055965156,-14.472425188765863,0.5511222437708976,172,-0.4050135910601027,-0.36754465637299427,-0.4199395770392749,-0.3724013257005122,-0.4110910186859554,-0.3951980337717679,0.02119186295758895,3,0.7892525082344183,-0.8509031148191765,1.250574606092459,-1.0863496781811568,0.4259329210987416,0.10570144848505711,0.9183248851542051,78,-12.894797365892488,-12.605284532321123,-13.708356457513068,-11.894226119012638,-12.371756103576125,-12.694884115663088,0.6034210007022963,171,9.945337737993011,14.472425188765863,0.3951980337717679,12.694884115663088,0.10570144848505711
58.12049641609192,0.7157111313354492,0.23933725357055663,0.006077762631367704,14,0.7,6,4,"{'max_depth': 14, 'max_features': 0.7, 'min_samples_leaf': 6, 'min_samples_split': 4}",-9.655883866070521,-10.116913058650754,-10.26278821925084,-9.945200827985085,-9.74590271800785,-9.945337737993011,0.22528683433409402,31,-13.944574881843172,-15.262361059258728,-15.003832835061663,-13.9786111117006,-14.172746055965156,-14.472425188765863,0.5511222437708976,172,-0.4050135910601027,-0.36754465637299427,-0.4199395770392749,-0.3724013257005122,-0.4110910186859554,-0.3951980337717679,0.02119186295758895,3,0.7892525082344183,-0.8509031148191765,1.250574606092459,-1.0863496781811568,0.4259329210987416,0.10570144848505711,0.9183248851542051,78,-12.894797365892488,-12.605284532321123,-13.708356457513068,-11.894226119012638,-12.371756103576125,-12.694884115663088,0.6034210007022963,171,9.945337737993011,14.472425188765863,0.3951980337717679,12.694884115663088,0.10570144848505711
58.14105043411255,0.5450956481738695,0.23821020126342773,0.004965672231687739,14,0.7,6,8,"{'max_depth': 14, 'max_features': 0.7, 'min_samples_leaf': 6, 'min_samples_split': 8}",-9.655883866070521,-10.116913058650754,-10.26278821925084,-9.945200827985085,-9.74590271800785,-9.945337737993011,0.22528683433409402,31,-13.944574881843172,-15.262361059258728,-15.003832835061663,-13.9786111117006,-14.172746055965156,-14.472425188765863,0.5511222437708976,172,-0.4050135910601027,-0.36754465637299427,-0.4199395770392749,-0.3724013257005122,-0.4110910186859554,-0.3951980337717679,0.02119186295758895,3,0.7892525082344183,-0.8509031148191765,1.250574606092459,-1.0863496781811568,0.4259329210987416,0.10570144848505711,0.9183248851542051,78,-12.894797365892488,-12.605284532321123,-13.708356457513068,-11.894226119012638,-12.371756103576125,-12.694884115663088,0.6034210007022963,171,9.945337737993011,14.472425188765863,0.3951980337717679,12.694884115663088,0.10570144848505711
25.628884315490723,0.3734557919508771,0.38300676345825196,0.011856114125376474,18,0.25,1,2,"{'max_depth': 18, 'max_features': 0.25, 'min_samples_leaf': 1, 'min_samples_split': 2}",-10.142044158144365,-10.54276061023878,-10.545547111083637,-10.422158342097537,-10.064729078810956,-10.343447860075056,0.20249080462924718,220,-14.231623114133859,-14.793435568709535,-14.978898019453066,-14.108310271803717,-14.07187834029722,-14.436829062879479,0.37529456726280563,98,-0.4098459679855029,-0.3799576142900394,-0.4283987915407855,-0.3757155769810184,-0.43309222423146476,-0.40540203500576216,0.02384973906116525,186,0.7918460799042093,-1.402798841225416,1.3693575900286792,-1.4589636641977053,0.43821682470936785,-0.05246840215617299,1.1642035307759233,233,-13.339023794465298,-12.027607060976553,-13.90632389304717,-11.928164850019868,-12.12553044811428,-12.665330009324634,0.8044147851449999,143,10.343447860075056,14.436829062879479,0.40540203500576216,12.665330009324634,-0.05246840215617299
24.741996240615844,0.3226511954814378,0.3415693283081055,0.012600716253251322,18,0.25,1,4,"{'max_depth': 18, 'max_features': 0.25, 'min_samples_leaf': 1, 'min_samples_split': 4}",-10.104882616585646,-10.542750277260303,-10.550336888020222,-10.438617695504984,-10.03992869732846,-10.335303234939923,0.21922016509360392,212,-14.175696854542752,-14.833460434849625,-15.007313319367416,-14.098612090965343,-14.01663250006632,-14.426343039958292,0.4102108849042338,74,-0.4155844155844156,-0.38661822585528305,-0.4268882175226586,-0.3808376016872552,-0.4294755877034358,-0.4078808096706097,0.020348926773425386,221,0.8367953728075641,-1.3351629283067934,1.3490216253796348,-1.407237343556936,0.37063062310775335,-0.03719053011375545,1.1325647185970917,226,-13.164206330988707,-11.907854742988818,-13.937323665730194,-11.857259251627996,-12.12008274568679,-12.597345347404499,0.8207042807285189,55,10.335303234939923,14.426343039958292,0.4078808096706097,12.597345347404499,-0.03719053011375545
23.671322536468505,0.40308299760029376,0.29510960578918455,0.003024154848774561,18,0.25,1,8,"{'max_depth': 18, 'max_features': 0.25, 'min_samples_leaf': 1, 'min_samples_split': 8}",-10.153539017882387,-10.551199485339291,-10.558498469843032,-10.445805237898004,-10.068917057469262,-10.355591853686395,0.2052216764255078,223,-14.213637681582675,-14.809155370419997,-14.987635875999278,-14.130790115800693,-14.049910889033807,-14.43822598656729,0.38345408349718607,99,-0.41618846270009063,-0.3838934302149561,-0.4256797583081571,-0.37842723711961435,-0.43520192887281495,-0.4078781634431266,0.02269436273648177,220,0.8205199658851744,-1.359409616770649,1.3649087661000752,-1.4635665915902536,0.4333630832973657,-0.040836878615657476,1.1580773667653057,231,-13.184001921355007,-11.97179887061602,-14.005137668904077,-11.867854326073017,-12.065985286379387,-12.6189556146655,0.8401808373505547,87,10.355591853686395,14.43822598656729,0.4078781634431266,12.6189556146655,-0.040836878615657476
23.861475276947022,0.07860980664461299,0.33098745346069336,0.009528417579505809,18,0.25,2,2,"{'max_depth': 18, 'max_features': 0.25, 'min_samples_leaf': 2, 'min_samples_split': 2}",-10.101333701059717,-10.465715899047174,-10.488689212553506,-10.394959884150524,-10.024905403076705,-10.295120819977523,0.1934471821100104,191,-14.217374256670807,-14.731784273901216,-14.993010497412799,-14.097006721959328,-14.057490620133962,-14.419333274015623,0.37479144627104466,56,-0.41226215644820297,-0.3823796548592189,-0.42477341389728096,-0.37782464597770415,-0.4342977697408077,-0.40630752818464294,0.022555344625936172,197,0.8416570022794673,-1.342700383947473,1.4011238690764178,-1.395197683618756,0.4956345781111247,0.00010347638015616445,1.1546955516405308,204,-13.271883596613936,-11.929263755492602,-13.995476991534515,-11.909972385791441,-12.112127570291886,-12.643744859944878,0.8430018105767811,118,10.295120819977523,14.419333274015623,0.40630752818464294,12.643744859944878,0.00010347638015616445
24.56499037742615,0.4058947690905224,0.34279909133911135,0.01591680195074295,18,0.25,2,4,"{'max_depth': 18, 'max_features': 0.25, 'min_samples_leaf': 2, 'min_samples_split': 4}",-10.101333701059717,-10.465715899047174,-10.488689212553506,-10.394959884150524,-10.024905403076705,-10.295120819977523,0.1934471821100104,191,-14.217374256670807,-14.731784273901216,-14.993010497412799,-14.097006721959328,-14.057490620133962,-14.419333274015623,0.37479144627104466,56,-0.41226215644820297,-0.3823796548592189,-0.42477341389728096,-0.37782464597770415,-0.4342977697408077,-0.40630752818464294,0.022555344625936172,197,0.8416570022794673,-1.342700383947473,1.4011238690764178,-1.395197683618756,0.4956345781111247,0.00010347638015616445,1.1546955516405308,204,-13.271883596613936,-11.929263755492602,-13.995476991534515,-11.909972385791441,-12.112127570291886,-12.643744859944878,0.8430018105767811,118,10.295120819977523,14.419333274015623,0.40630752818464294,12.643744859944878,0.00010347638015616445
23.403625631332396,0.31003724041274067,0.29487433433532717,0.008990336135318638,18,0.25,2,8,"{'max_depth': 18, 'max_features': 0.25, 'min_samples_leaf': 2, 'min_samples_split': 8}",-10.130593779617989,-10.538952530430679,-10.478501596114606,-10.402517276911427,-10.009812766639238,-10.312075589942786,0.20574203373515146,202,-14.220538267263821,-14.857496797356012,-14.926333530115917,-14.086134535195264,-14.012903917381676,-14.420681409462537,0.39108902355364616,59,-0.412866203563878,-0.38116863457462913,-0.4232628398791541,-0.37902982826152454,-0.43037974683544306,-0.40534145062292576,0.021360434845363794,185,0.8530905837008695,-1.3500126103902081,1.3800395066538016,-1.411369597074255,0.4399519158526276,-0.017660040251432883,1.152282003229806,220,-13.301747961575986,-12.053641205676595,-14.008483601057614,-11.860738930596016,-12.140167792894959,-12.672955898360232,0.8373916598651402,159,10.312075589942786,14.420681409462537,0.40534145062292576,12.672955898360232,-0.017660040251432883
22.27063317298889,0.2799833748380784,0.27936639785766604,0.0019793274751003023,18,0.25,4,2,"{'max_depth': 18, 'max_features': 0.25, 'min_samples_leaf': 4, 'min_samples_split': 2}",-10.103022350378094,-10.5037537030748,-10.488818920381364,-10.41291867195965,-9.960057198684565,-10.293714168895695,0.22094457537636236,185,-14.244225336594088,-14.820125315715622,-14.982650928242963,-14.112102913757825,-14.000734063629444,-14.431967711587987,0.3943200421329074,87,-0.4180006040471157,-0.3781410838631547,-0.42658610271903324,-0.37902982826152454,-0.43128390596745025,-0.4066083049716557,0.02327546872075851,201,0.9172256739604591,-1.3275114039381293,1.4338321364983622,-1.4169404365789682,0.522999165389958,0.025921027066336345,1.1779094099126453,186,-13.182095812350056,-12.133358012028996,-13.974495395988628,-11.86711119365202,-12.153312723968996,-12.66207462759774,0.7953888484720051,140,10.293714168895695,14.431967711587987,0.4066083049716557,12.66207462759774,0.025921027066336345
22.070042657852174,0.0776356777391136,0.28740620613098145,0.012769736550954942,18,0.25,4,4,"{'max_depth': 18, 'max_features': 0.25, 'min_samples_leaf': 4, 'min_samples_split': 4}",-10.103022350378094,-10.5037537030748,-10.488818920381364,-10.41291867195965,-9.960057198684565,-10.293714168895695,0.22094457537636236,185,-14.244225336594088,-14.820125315715622,-14.982650928242963,-14.112102913757825,-14.000734063629444,-14.431967711587987,0.3943200421329074,87,-0.4180006040471157,-0.3781410838631547,-0.42658610271903324,-0.37902982826152454,-0.43128390596745025,-0.4066083049716557,0.02327546872075851,201,0.9172256739604591,-1.3275114039381293,1.4338321364983622,-1.4169404365789682,0.522999165389958,0.025921027066336345,1.1779094099126453,186,-13.182095812350056,-12.133358012028996,-13.974495395988628,-11.86711119365202,-12.153312723968996,-12.66207462759774,0.7953888484720051,140,10.293714168895695,14.431967711587987,0.4066083049716557,12.66207462759774,0.025921027066336345
22.209582376480103,0.4907235219844473,0.2790733814239502,0.002847692286900412,18,0.25,4,8,"{'max_depth': 18, 'max_features': 0.25, 'min_samples_leaf': 4, 'min_samples_split': 8}",-10.103022350378094,-10.5037537030748,-10.488818920381364,-10.41291867195965,-9.960057198684565,-10.293714168895695,0.22094457537636236,185,-14.244225336594088,-14.820125315715622,-14.982650928242963,-14.112102913757825,-14.000734063629444,-14.431967711587987,0.3943200421329074,87,-0.4180006040471157,-0.3781410838631547,-0.42658610271903324,-0.37902982826152454,-0.43128390596745025,-0.4066083049716557,0.02327546872075851,201,0.9172256739604591,-1.3275114039381293,1.4338321364983622,-1.4169404365789682,0.522999165389958,0.025921027066336345,1.1779094099126453,186,-13.182095812350056,-12.133358012028996,-13.974495395988628,-11.86711119365202,-12.153312723968996,-12.66207462759774,0.7953888484720051,140,10.293714168895695,14.431967711587987,0.4066083049716557,12.66207462759774,0.025921027066336345
21.209526014328002,0.31892198388084186,0.27036237716674805,0.010050473820437028,18,0.25,6,2,"{'max_depth': 18, 'max_features': 0.25, 'min_samples_leaf': 6, 'min_samples_split': 2}",-10.190344901601858,-10.546153325901534,-10.520366695917746,-10.475295469918658,-9.979496864862663,-10.34233145164049,0.2216610852376692,217,-14.311934984716771,-14.849299603624283,-15.014872943559514,-14.195709051671763,-14.01381218460536,-14.477125753635539,0.3869956662326338,182,-0.4180006040471157,-0.38086587950348166,-0.4259818731117825,-0.3757155769810184,-0.4345991561181435,-0.40703261795230833,0.024102864032184843,207,0.9601559680389301,-1.3436270365997445,1.4418924113901437,-1.4162596164622654,0.5153083464969276,0.03149401457279832,1.1893411159872302,181,-13.337900426076821,-12.081058956106444,-14.040807675598977,-12.05570970233431,-12.07412055870011,-12.717919463763334,0.8237717789716207,185,10.34233145164049,14.477125753635539,0.40703261795230833,12.717919463763334,0.03149401457279832
21.369360303878786,0.6870726163201429,0.26648173332214353,0.016325556350847075,18,0.25,6,4,"{'max_depth': 18, 'max_features': 0.25, 'min_samples_leaf': 6, 'min_samples_split': 4}",-10.190344901601858,-10.546153325901534,-10.520366695917746,-10.475295469918658,-9.979496864862663,-10.34233145164049,0.2216610852376692,217,-14.311934984716771,-14.849299603624283,-15.014872943559514,-14.195709051671763,-14.01381218460536,-14.477125753635539,0.3869956662326338,182,-0.4180006040471157,-0.38086587950348166,-0.4259818731117825,-0.3757155769810184,-0.4345991561181435,-0.40703261795230833,0.024102864032184843,207,0.9601559680389301,-1.3436270365997445,1.4418924113901437,-1.4162596164622654,0.5153083464969276,0.03149401457279832,1.1893411159872302,181,-13.337900426076821,-12.081058956106444,-14.040807675598977,-12.05570970233431,-12.07412055870011,-12.717919463763334,0.8237717789716207,185,10.34233145164049,14.477125753635539,0.40703261795230833,12.717919463763334,0.03149401457279832
20.938650178909302,0.11029783441657177,0.2596184730529785,0.00552296220810961,18,0.25,6,8,"{'max_depth': 18, 'max_features': 0.25, 'min_samples_leaf': 6, 'min_samples_split': 8}",-10.190344901601858,-10.546153325901534,-10.520366695917746,-10.475295469918658,-9.979496864862663,-10.34233145164049,0.2216610852376692,217,-14.311934984716771,-14.849299603624283,-15.014872943559514,-14.195709051671763,-14.01381218460536,-14.477125753635539,0.3869956662326338,182,-0.4180006040471157,-0.38086587950348166,-0.4259818731117825,-0.3757155769810184,-0.4345991561181435,-0.40703261795230833,0.024102864032184843,207,0.9601559680389301,-1.3436270365997445,1.4418924113901437,-1.4162596164622654,0.5153083464969276,0.03149401457279832,1.1893411159872302,181,-13.337900426076821,-12.081058956106444,-14.040807675598977,-12.05570970233431,-12.07412055870011,-12.717919463763334,0.8237717789716207,185,10.34233145164049,14.477125753635539,0.40703261795230833,12.717919463763334,0.03149401457279832
42.57465443611145,0.49161121702341254,0.3725750923156738,0.006748805843665962,18,0.4,1,2,"{'max_depth': 18, 'max_features': 0.4, 'min_samples_leaf': 1, 'min_samples_split': 2}",-9.851301428301406,-10.259187225477612,-10.254415755970706,-10.133799408215355,-9.824074275274002,-10.064555618647816,0.1908044353395726,136,-14.064454849611234,-15.048233951729241,-14.846570288742088,-13.986435057527759,-14.034359731747697,-14.396010775871602,0.455383799618535,19,-0.4053156146179402,-0.3760217983651226,-0.42386706948640485,-0.3799337149743899,-0.4240506329113924,-0.40183776607105,0.020673890469799033,165,0.7901904158869415,-1.0035734474771851,1.2675121384581514,-1.219126964349873,0.3890810669933083,0.044816641902268604,0.9864846226799668,173,-13.127414119265133,-12.307283538138247,-13.591440246101039,-11.73187860475398,-12.042377194613694,-12.560078740574419,0.6933125928517574,15,10.064555618647816,14.396010775871602,0.40183776607105,12.560078740574419,0.044816641902268604
41.38913640975952,0.42122259416972996,0.3263706207275391,0.010249753531593866,18,0.4,1,4,"{'max_depth': 18, 'max_features': 0.4, 'min_samples_leaf': 1, 'min_samples_split': 4}",-9.83909021334327,-10.263647715720024,-10.334200224893529,-10.090188823316316,-9.831956107866231,-10.071816617027874,0.20865114851981603,137,-14.031275720648537,-15.075099233031438,-14.918379673717258,-13.938968642026817,-14.04152902275985,-14.40105045843678,0.49019993716637095,23,-0.4025974025974026,-0.37329700272479566,-0.4214501510574018,-0.3811388972582103,-0.4213381555153707,-0.39996432183063624,0.019954735061601617,131,0.7271538875790707,-0.9857417618215154,1.286480617927833,-1.2430022406649315,0.3526574128941794,0.027509583182927268,0.9819480549252169,185,-13.122593480177745,-12.426976222922454,-13.78654250528269,-11.606249908229225,-12.086032783219972,-12.605678979966417,0.769735614422605,62,10.071816617027874,14.40105045843678,0.39996432183063624,12.605678979966417,0.027509583182927268
39.68415007591248,1.179932855982409,0.28537731170654296,0.00782663862144969,18,0.4,1,8,"{'max_depth': 18, 'max_features': 0.4, 'min_samples_leaf': 1, 'min_samples_split': 8}",-9.848974883440334,-10.254476222435573,-10.353109545295942,-10.138122481333514,-9.821104052168302,-10.083157436934734,0.2138966423339107,139,-14.050883159678595,-15.06478022525049,-14.969265640296744,-13.964554589835206,-14.030878594418512,-14.41607244189591,0.49243281483916285,48,-0.4083358501963153,-0.37753557372085983,-0.41963746223564957,-0.37902982826152454,-0.4234478601567209,-0.401597314914214,0.019680243614332314,161,0.7519284050121436,-1.0178091261277449,1.243142275945409,-1.2734310116988385,0.36914245661485195,0.014594599949164223,0.9903092592548406,200,-12.980617894994879,-12.232843391782176,-13.816988311126305,-11.693923286056236,-12.032469009303382,-12.551368378652594,0.7605229477595313,10,10.083157436934734,14.41607244189591,0.401597314914214,12.551368378652594,0.014594599949164223
39.33411726951599,0.6009538436789811,0.31014218330383303,0.0019450989288417183,18,0.4,2,2,"{'max_depth': 18, 'max_features': 0.4, 'min_samples_leaf': 2, 'min_samples_split': 2}",-9.75644851879417,-10.20138620290471,-10.299487804099977,-10.112600843614247,-9.774857478427498,-10.02895616956812,0.22304370770991652,107,-13.965403966835018,-15.017251204383784,-14.948612375832745,-13.989297511661364,-14.036447549157725,-14.391402521574127,0.4840094287381963,9,-0.40712775596496525,-0.37208598244020585,-0.42084592145015104,-0.3769207592648388,-0.42224231464737794,-0.3998445467535078,0.021409347527450353,129,0.781086787232251,-0.9465594400277881,1.2955987980148926,-1.18835250987809,0.4077413713171938,0.06990300133169183,0.9735142683857739,112,-12.941312833180074,-12.436408786730052,-13.775928446877321,-11.838361398749123,-12.057766946271553,-12.609955682361624,0.6927739476542826,72,10.02895616956812,14.391402521574127,0.3998445467535078,12.609955682361624,0.06990300133169183
40.41675519943237,0.44642419619589246,0.3882574558258057,0.04181585241120594,18,0.4,2,4,"{'max_depth': 18, 'max_features': 0.4, 'min_samples_leaf': 2, 'min_samples_split': 4}",-9.75644851879417,-10.20138620290471,-10.299487804099977,-10.112600843614247,-9.774857478427498,-10.02895616956812,0.22304370770991652,107,-13.965403966835018,-15.017251204383784,-14.948612375832745,-13.989297511661364,-14.036447549157725,-14.391402521574127,0.4840094287381963,9,-0.40712775596496525,-0.37208598244020585,-0.42084592145015104,-0.3769207592648388,-0.42224231464737794,-0.3998445467535078,0.021409347527450353,129,0.781086787232251,-0.9465594400277881,1.2955987980148926,-1.18835250987809,0.4077413713171938,0.06990300133169183,0.9735142683857739,112,-12.941312833180074,-12.436408786730052,-13.775928446877321,-11.838361398749123,-12.057766946271553,-12.609955682361624,0.6927739476542826,72,10.02895616956812,14.391402521574127,0.3998445467535078,12.609955682361624,0.06990300133169183
38.50278010368347,0.8349957997242394,0.30633206367492677,0.03028650436394396,18,0.4,2,8,"{'max_depth': 18, 'max_features': 0.4, 'min_samples_leaf': 2, 'min_samples_split': 8}",-9.8089960238883,-10.227859649178447,-10.313109561531087,-10.110062906095283,-9.806836658050473,-10.053372959748717,0.21053393643113738,123,-14.042381209558132,-15.069512483749783,-14.904920796399203,-13.95828911055508,-14.051309110525521,-14.405282542157542,0.4790902828922349,30,-0.40410752038659015,-0.37026945201332123,-0.4202416918429003,-0.37872853269056944,-0.42374924653405666,-0.39941928869348753,0.02156533885799811,117,0.7339686292066593,-1.0127503073885153,1.2769047047730286,-1.2451459645299356,0.4267697769401536,0.03594936780027811,0.9920602692493097,179,-13.044751855903367,-12.443788289424427,-13.78970065473279,-11.703523997237625,-12.075073311272723,-12.611367621714187,0.7370434312402321,74,10.053372959748717,14.405282542157542,0.39941928869348753,12.611367621714187,0.03594936780027811
36.663707399368285,0.970425813926007,0.2659644603729248,0.004032819884532818,18,0.4,4,2,"{'max_depth': 18, 'max_features': 0.4, 'min_samples_leaf': 4, 'min_samples_split': 2}",-9.77668419432458,-10.193556980943676,-10.26823662548072,-10.063730724393105,-9.78924198353577,-10.01829010173557,0.2030236679867126,95,-14.041133072893526,-15.073897049575331,-14.888761247688333,-13.969828755289898,-14.044327295106418,-14.4035894841107,0.47608743164252626,24,-0.4053156146179402,-0.3751135331516803,-0.4178247734138973,-0.3763181681229286,-0.4204339963833635,-0.39900121713796194,0.01969113542402996,102,0.7952543776357586,-0.9605743875795499,1.3094682376321005,-1.2161163441562897,0.4063062299001635,0.06686762268643658,0.9890912055772257,122,-13.041612746557634,-12.30691747614274,-13.85473720061585,-11.755497249001598,-12.125028305441015,-12.616758595551769,0.7473504373148891,78,10.01829010173557,14.4035894841107,0.39900121713796194,12.616758595551769,0.06686762268643658
35.43139905929566,0.15595581917720186,0.2642237186431885,0.0021719245062289325,18,0.4,4,4,"{'max_depth': 18, 'max_features': 0.4, 'min_samples_leaf': 4, 'min_samples_split': 4}",-9.77668419432458,-10.193556980943676,-10.26823662548072,-10.063730724393105,-9.78924198353577,-10.01829010173557,0.2030236679867126,95,-14.041133072893526,-15.073897049575331,-14.888761247688333,-13.969828755289898,-14.044327295106418,-14.4035894841107,0.47608743164252626,24,-0.4053156146179402,-0.3751135331516803,-0.4178247734138973,-0.3763181681229286,-0.4204339963833635,-0.39900121713796194,0.01969113542402996,102,0.7952543776357586,-0.9605743875795499,1.3094682376321005,-1.2161163441562897,0.4063062299001635,0.06686762268643658,0.9890912055772257,122,-13.041612746557634,-12.30691747614274,-13.85473720061585,-11.755497249001598,-12.125028305441015,-12.616758595551769,0.7473504373148891,78,10.01829010173557,14.4035894841107,0.39900121713796194,12.616758595551769,0.06686762268643658
35.264839553833006,0.2763931493014517,0.26732683181762695,0.0029099674228472783,18,0.4,4,8,"{'max_depth': 18, 'max_features': 0.4, 'min_samples_leaf': 4, 'min_samples_split': 8}",-9.77668419432458,-10.193556980943676,-10.26823662548072,-10.063730724393105,-9.78924198353577,-10.01829010173557,0.2030236679867126,95,-14.041133072893526,-15.073897049575331,-14.888761247688333,-13.969828755289898,-14.044327295106418,-14.4035894841107,0.47608743164252626,24,-0.4053156146179402,-0.3751135331516803,-0.4178247734138973,-0.3763181681229286,-0.4204339963833635,-0.39900121713796194,0.01969113542402996,102,0.7952543776357586,-0.9605743875795499,1.3094682376321005,-1.2161163441562897,0.4063062299001635,0.06686762268643658,0.9890912055772257,122,-13.041612746557634,-12.30691747614274,-13.85473720061585,-11.755497249001598,-12.125028305441015,-12.616758595551769,0.7473504373148891,78,10.01829010173557,14.4035894841107,0.39900121713796194,12.616758595551769,0.06686762268643658
33.38262963294983,0.26166612004931583,0.24683036804199218,0.001928462141615704,18,0.4,6,2,"{'max_depth': 18, 'max_features': 0.4, 'min_samples_leaf': 6, 'min_samples_split': 2}",-9.816562369731933,-10.254307873317742,-10.286062098028916,-10.081107490074693,-9.77122198258767,-10.041852362748191,0.2146220340122438,118,-14.054346526970074,-15.073566040368362,-14.932970379821912,-13.973613829901534,-14.055858263804154,-14.418071008173206,0.4807974321653196,49,-0.40682573240712777,-0.37208598244020585,-0.4190332326283988,-0.3772220548357939,-0.42374924653405666,-0.3997832497691166,0.021310436584148138,123,0.8010587766272007,-1.0174797295106168,1.321656074068123,-1.2100779269024429,0.43130279184883136,0.06529199722621903,1.0052592108129919,131,-13.049348038454008,-12.41222268470095,-13.85059378141355,-11.75836546332616,-12.038398720334394,-12.621785737645812,0.7513361943542988,91,10.041852362748191,14.418071008173206,0.3997832497691166,12.621785737645812,0.06529199722621903
33.43751769065857,0.35428525317099807,0.2489065170288086,0.005615925804213959,18,0.4,6,4,"{'max_depth': 18, 'max_features': 0.4, 'min_samples_leaf': 6, 'min_samples_split': 4}",-9.816562369731933,-10.254307873317742,-10.286062098028916,-10.081107490074693,-9.77122198258767,-10.041852362748191,0.2146220340122438,118,-14.054346526970074,-15.073566040368362,-14.932970379821912,-13.973613829901534,-14.055858263804154,-14.418071008173206,0.4807974321653196,49,-0.40682573240712777,-0.37208598244020585,-0.4190332326283988,-0.3772220548357939,-0.42374924653405666,-0.3997832497691166,0.021310436584148138,123,0.8010587766272007,-1.0174797295106168,1.321656074068123,-1.2100779269024429,0.43130279184883136,0.06529199722621903,1.0052592108129919,131,-13.049348038454008,-12.41222268470095,-13.85059378141355,-11.75836546332616,-12.038398720334394,-12.621785737645812,0.7513361943542988,91,10.041852362748191,14.418071008173206,0.3997832497691166,12.621785737645812,0.06529199722621903
33.49646496772766,0.26373109925361443,0.2536567211151123,0.008692151081508653,18,0.4,6,8,"{'max_depth': 18, 'max_features': 0.4, 'min_samples_leaf': 6, 'min_samples_split': 8}",-9.816562369731933,-10.254307873317742,-10.286062098028916,-10.081107490074693,-9.77122198258767,-10.041852362748191,0.2146220340122438,118,-14.054346526970074,-15.073566040368362,-14.932970379821912,-13.973613829901534,-14.055858263804154,-14.418071008173206,0.4807974321653196,49,-0.40682573240712777,-0.37208598244020585,-0.4190332326283988,-0.3772220548357939,-0.42374924653405666,-0.3997832497691166,0.021310436584148138,123,0.8010587766272007,-1.0174797295106168,1.321656074068123,-1.2100779269024429,0.43130279184883136,0.06529199722621903,1.0052592108129919,131,-13.049348038454008,-12.41222268470095,-13.85059378141355,-11.75836546332616,-12.038398720334394,-12.621785737645812,0.7513361943542988,91,10.041852362748191,14.418071008173206,0.3997832497691166,12.621785737645812,0.06529199722621903
54.830282831192015,0.4071115930961799,0.3784837245941162,0.043104941415700974,18,0.55,1,2,"{'max_depth': 18, 'max_features': 0.55, 'min_samples_leaf': 1, 'min_samples_split': 2}",-9.699403963833008,-10.130235500534559,-10.220199569326933,-10.02205578922303,-9.808469495043088,-9.976072863592123,0.19499485417541462,74,-13.915628932948945,-15.142592449622887,-14.903018325028919,-13.97121869837215,-14.159130012247942,-14.418317683644167,0.50582217826088,53,-0.40320144971307764,-0.3693611867998789,-0.4175226586102719,-0.37842723711961435,-0.4168173598553345,-0.3970659784196354,0.01980502459971385,48,0.7268748091215436,-0.8653056291597674,1.2544471436497409,-1.1485089431717077,0.3700503148438281,0.0675115390567275,0.9256305358764289,121,-12.929366673128284,-12.541829248012679,-13.7413460998382,-11.724244419603636,-12.209807928128992,-12.629318873742358,0.6825594287868266,104,9.976072863592123,14.418317683644167,0.3970659784196354,12.629318873742358,0.0675115390567275
53.54030728340149,0.8870330971622119,0.306194543838501,0.00597333529907616,18,0.55,1,4,"{'max_depth': 18, 'max_features': 0.55, 'min_samples_leaf': 1, 'min_samples_split': 4}",-9.71709642277372,-10.192440120893936,-10.261204296464024,-10.02030600174559,-9.797958029422505,-9.997800974259954,0.21284004869341058,87,-13.946272867855333,-15.209928202887832,-14.919200838762285,-13.93917417388176,-14.11313344637105,-14.425541905951652,0.5334439861989433,72,-0.4013893083660526,-0.36693914623069934,-0.41842900302114805,-0.37872853269056944,-0.41711874623267026,-0.39652094730822796,0.020589250292124054,38,0.7104169205368045,-0.9403090967103797,1.232958168069679,-1.1304625340298389,0.3875930923757695,0.05203931004840688,0.9299131937661742,164,-12.989276403198323,-12.60717358617091,-13.73490171754749,-11.736432167600867,-12.209414242097788,-12.655439623323074,0.681546530059009,135,9.997800974259954,14.425541905951652,0.39652094730822796,12.655439623323074,0.05203931004840688
51.67038922309875,0.6301662385252168,0.27257428169250486,0.006925899923322811,18,0.55,1,8,"{'max_depth': 18, 'max_features': 0.55, 'min_samples_leaf': 1, 'min_samples_split': 8}",-9.731710666129732,-10.154013968496479,-10.30377461113182,-10.03965791413813,-9.835666219335854,-10.012964675846403,0.20770961029813803,93,-13.922317517744531,-15.131955503508687,-14.971137304863671,-13.964389538338095,-14.144367841044216,-14.426833541099839,0.5180041147209641,78,-0.40410752038659015,-0.37208598244020585,-0.4199395770392749,-0.3799337149743899,-0.4207353827606992,-0.39936043552023204,0.020120723207194876,115,0.691719921628751,-0.8914589645004614,1.2215155311405508,-1.1802613859173274,0.35698678315814747,0.039700377101932104,0.9249704461128276,177,-12.896853017962755,-12.446793807241189,-13.722557687381851,-11.659134447725949,-12.112902099668728,-12.567648211996095,0.7055478402349732,19,10.012964675846403,14.426833541099839,0.39936043552023204,12.567648211996095,0.039700377101932104
156.17012672424318,51.73898193652842,0.43207435607910155,0.10687460944758785,18,0.55,2,2,"{'max_depth': 18, 'max_features': 0.55, 'min_samples_leaf': 2, 'min_samples_split': 2}",-9.661054344376957,-10.075952914782942,-10.238913365125487,-9.984822479846683,-9.74292732900282,-9.940734086626978,0.21283189216716542,23,-13.90433542161865,-15.113943103248102,-14.901877195674734,-13.95476135077917,-14.07208824653634,-14.389401063571402,0.5123437779515507,4,-0.4025974025974026,-0.36754465637299427,-0.41933534743202416,-0.3754142814100633,-0.41892706449668476,-0.3967637504618339,0.02165306566838017,44,0.7095291412022529,-0.8912385773252404,1.2927467209739034,-1.1274901300106652,0.4190197054647958,0.08051337206100927,0.9363045850526209,102,-12.879595619187084,-12.49469170371614,-13.749926111307271,-11.796744008469398,-12.128539662001277,-12.609899420936234,0.675070167399271,70,9.940734086626978,14.389401063571402,0.3967637504618339,12.609899420936234,0.08051337206100927
184.9959640979767,1.5709325470013893,0.31893000602722166,0.009435248034399513,18,0.55,2,4,"{'max_depth': 18, 'max_features': 0.55, 'min_samples_leaf': 2, 'min_samples_split': 4}",-9.661054344376957,-10.075952914782942,-10.238913365125487,-9.984822479846683,-9.74292732900282,-9.940734086626978,0.21283189216716542,23,-13.90433542161865,-15.113943103248102,-14.901877195674734,-13.95476135077917,-14.07208824653634,-14.389401063571402,0.5123437779515507,4,-0.4025974025974026,-0.36754465637299427,-0.41933534743202416,-0.3754142814100633,-0.41892706449668476,-0.3967637504618339,0.02165306566838017,44,0.7095291412022529,-0.8912385773252404,1.2927467209739034,-1.1274901300106652,0.4190197054647958,0.08051337206100927,0.9363045850526209,102,-12.879595619187084,-12.49469170371614,-13.749926111307271,-11.796744008469398,-12.128539662001277,-12.609899420936234,0.675070167399271,70,9.940734086626978,14.389401063571402,0.3967637504618339,12.609899420936234,0.08051337206100927
182.14642601013185,0.5192461263783243,0.2871055603027344,0.01749174142242334,18,0.55,2,8,"{'max_depth': 18, 'max_features': 0.55, 'min_samples_leaf': 2, 'min_samples_split': 8}",-9.722358034261458,-10.13042630487396,-10.240525084642593,-10.028382699905443,-9.765796596691391,-9.97749774407497,0.2025208397430957,76,-13.977898562299284,-15.152278455904233,-14.932678565121009,-13.960936700910612,-14.097430136150722,-14.424244484077173,0.5117079402827811,67,-0.40410752038659015,-0.3693611867998789,-0.4199395770392749,-0.37842723711961435,-0.4165159734779988,-0.3976702989646714,0.02031855936917083,64,0.7131775106271063,-0.9189552551608552,1.254183055298824,-1.1752020763398032,0.40512311273282076,0.05566526943161856,0.9440135173237683,157,-12.911830414471611,-12.469462654591144,-13.686145303311541,-11.697335385992977,-12.209519390690858,-12.594858629811627,0.6724784262757377,51,9.97749774407497,14.424244484077173,0.3976702989646714,12.594858629811627,0.05566526943161856
102.77049608230591,62.67747523177459,0.30298876762390137,0.05083006450505414,18,0.55,4,2,"{'max_depth': 18, 'max_features': 0.55, 'min_samples_leaf': 4, 'min_samples_split': 2}",-9.672318150151956,-10.113209477701806,-10.22220066369279,-9.932746980059843,-9.742707858978102,-9.936636626116897,0.20986307168262078,18,-13.940715311608086,-15.180772221006006,-14.924704300437677,-13.880558618330856,-14.096139933355033,-14.40457807694753,0.539982922717533,27,-0.4019933554817276,-0.3708749621556161,-0.4178247734138973,-0.3796324194034348,-0.41742013261000604,-0.39754912861293634,0.019278118940904202,56,0.7444961519810501,-0.8985423912904187,1.2725705450980875,-1.1143587964425372,0.41182444871003754,0.08319799161124389,0.9335817174982811,96,-12.956450846867915,-12.422875667925231,-13.755492661279032,-11.614377135486444,-12.163443392386009,-12.582527940788925,0.7285741230586567,32,9.936636626116897,14.40457807694753,0.39754912861293634,12.582527940788925,0.08319799161124389
50.70002183914185,1.4754241573747917,0.29942798614501953,0.02944914045089401,18,0.55,4,4,"{'max_depth': 18, 'max_features': 0.55, 'min_samples_leaf': 4, 'min_samples_split': 4}",-9.672318150151956,-10.113209477701806,-10.22220066369279,-9.932746980059843,-9.742707858978102,-9.936636626116897,0.20986307168262078,18,-13.940715311608086,-15.180772221006006,-14.924704300437677,-13.880558618330856,-14.096139933355033,-14.40457807694753,0.539982922717533,27,-0.4019933554817276,-0.3708749621556161,-0.4178247734138973,-0.3796324194034348,-0.41742013261000604,-0.39754912861293634,0.019278118940904202,56,0.7444961519810501,-0.8985423912904187,1.2725705450980875,-1.1143587964425372,0.41182444871003754,0.08319799161124389,0.9335817174982811,96,-12.956450846867915,-12.422875667925231,-13.755492661279032,-11.614377135486444,-12.163443392386009,-12.582527940788925,0.7285741230586567,32,9.936636626116897,14.40457807694753,0.39754912861293634,12.582527940788925,0.08319799161124389
50.67655425071716,0.7155803739376488,0.2917471885681152,0.019752378187892904,18,0.55,4,8,"{'max_depth': 18, 'max_features': 0.55, 'min_samples_leaf': 4, 'min_samples_split': 8}",-9.672318150151956,-10.113209477701806,-10.22220066369279,-9.932746980059843,-9.742707858978102,-9.936636626116897,0.20986307168262078,18,-13.940715311608086,-15.180772221006006,-14.924704300437677,-13.880558618330856,-14.096139933355033,-14.40457807694753,0.539982922717533,27,-0.4019933554817276,-0.3708749621556161,-0.4178247734138973,-0.3796324194034348,-0.41742013261000604,-0.39754912861293634,0.019278118940904202,56,0.7444961519810501,-0.8985423912904187,1.2725705450980875,-1.1143587964425372,0.41182444871003754,0.08319799161124389,0.9335817174982811,96,-12.956450846867915,-12.422875667925231,-13.755492661279032,-11.614377135486444,-12.163443392386009,-12.582527940788925,0.7285741230586567,32,9.936636626116897,14.40457807694753,0.39754912861293634,12.582527940788925,0.08319799161124389
47.67400894165039,0.9807341708674996,0.2570614814758301,0.010715324620109592,18,0.55,6,2,"{'max_depth': 18, 'max_features': 0.55, 'min_samples_leaf': 6, 'min_samples_split': 2}",-9.703600423260232,-10.144894333978382,-10.252799895785246,-9.995825696579734,-9.755999394753898,-9.970623948871498,0.21353867223038112,67,-13.975823154631673,-15.18312028103466,-14.958856662590355,-13.97112972189904,-14.119302591255547,-14.441646482282255,0.5214542632518934,112,-0.4050135910601027,-0.37208598244020585,-0.42205438066465256,-0.3766194636938837,-0.4153104279686558,-0.39821676916550014,0.020277491460470656,82,0.7383941159957131,-0.9187673381773085,1.2939765278863467,-1.1710193916158023,0.39776447318691577,0.06806967745517294,0.9560408080918894,115,-12.89091868735139,-12.397842744967837,-13.679251955029697,-11.715812850470117,-12.224306427368512,-12.581626533037511,0.6650610010092456,28,9.970623948871498,14.441646482282255,0.39821676916550014,12.581626533037511,0.06806967745517294
47.824948406219484,0.6422514877006632,0.2649041175842285,0.029204738783420156,18,0.55,6,4,"{'max_depth': 18, 'max_features': 0.55, 'min_samples_leaf': 6, 'min_samples_split': 4}",-9.703600423260232,-10.144894333978382,-10.252799895785246,-9.995825696579734,-9.755999394753898,-9.970623948871498,0.21353867223038112,67,-13.975823154631673,-15.18312028103466,-14.958856662590355,-13.97112972189904,-14.119302591255547,-14.441646482282255,0.5214542632518934,112,-0.4050135910601027,-0.37208598244020585,-0.42205438066465256,-0.3766194636938837,-0.4153104279686558,-0.39821676916550014,0.020277491460470656,82,0.7383941159957131,-0.9187673381773085,1.2939765278863467,-1.1710193916158023,0.39776447318691577,0.06806967745517294,0.9560408080918894,115,-12.89091868735139,-12.397842744967837,-13.679251955029697,-11.715812850470117,-12.224306427368512,-12.581626533037511,0.6650610010092456,28,9.970623948871498,14.441646482282255,0.39821676916550014,12.581626533037511,0.06806967745517294
46.84360151290893,0.39272631223908416,0.2537688255310059,0.010108593959960126,18,0.55,6,8,"{'max_depth': 18, 'max_features': 0.55, 'min_samples_leaf': 6, 'min_samples_split': 8}",-9.703600423260232,-10.144894333978382,-10.252799895785246,-9.995825696579734,-9.755999394753898,-9.970623948871498,0.21353867223038112,67,-13.975823154631673,-15.18312028103466,-14.958856662590355,-13.97112972189904,-14.119302591255547,-14.441646482282255,0.5214542632518934,112,-0.4050135910601027,-0.37208598244020585,-0.42205438066465256,-0.3766194636938837,-0.4153104279686558,-0.39821676916550014,0.020277491460470656,82,0.7383941159957131,-0.9187673381773085,1.2939765278863467,-1.1710193916158023,0.39776447318691577,0.06806967745517294,0.9560408080918894,115,-12.89091868735139,-12.397842744967837,-13.679251955029697,-11.715812850470117,-12.224306427368512,-12.581626533037511,0.6650610010092456,28,9.970623948871498,14.441646482282255,0.39821676916550014,12.581626533037511,0.06806967745517294
72.95492086410522,1.0486454687132472,0.36191720962524415,0.015602059465806662,18,0.7,1,2,"{'max_depth': 18, 'max_features': 0.7, 'min_samples_leaf': 1, 'min_samples_split': 2}",-9.689622070243052,-10.054208458458092,-10.260545615040376,-9.975555043883032,-9.800346651701208,-9.956055567865153,0.1989776286689474,52,-13.952102118227637,-15.19044798420719,-14.959748927080941,-13.967828177715273,-14.17752031703261,-14.449529504852729,0.5220619165687214,131,-0.4025974025974026,-0.3672419013018468,-0.4175226586102719,-0.37842723711961435,-0.41350210970464135,-0.3958582618667554,0.019742361491426136,21,0.7296940865422475,-0.8227725120067563,1.223073877709531,-1.0631347275457665,0.3863009100099865,0.09063232694184843,0.8881137906077065,89,-12.940118452781746,-12.568603846302047,-13.75209136070991,-11.77560630172109,-12.317527919007924,-12.670789576104543,0.6600515752104154,152,9.956055567865153,14.449529504852729,0.3958582618667554,12.670789576104543,0.09063232694184843
70.14498648643493,1.3805021133089967,0.3089272975921631,0.0011487821733784575,18,0.7,1,4,"{'max_depth': 18, 'max_features': 0.7, 'min_samples_leaf': 1, 'min_samples_split': 4}",-9.64100922128341,-10.072064944058216,-10.229802278499228,-10.0078080492756,-9.836584909916551,-9.957453880606602,0.20228268264603352,54,-13.905720310928883,-15.188669637947664,-14.914312586880142,-14.017911873930153,-14.211852573501398,-14.44769339663765,0.5100680612701635,130,-0.4013893083660526,-0.37026945201332123,-0.4202416918429003,-0.377523350406749,-0.4138034960819771,-0.39664545974220006,0.019672484994550495,41,0.7401050825804809,-0.8458692273632513,1.1976908942804927,-1.1311620667511006,0.39887299712018387,0.0719275359733611,0.9066943474221327,111,-12.93147835217959,-12.45875897475203,-13.59633443634108,-11.756419798882206,-12.367534353804766,-12.622105183191934,0.6141227680154925,94,9.957453880606602,14.44769339663765,0.39664545974220006,12.622105183191934,0.0719275359733611
67.97135887145996,0.6394809483252104,0.2809706211090088,0.00927687807506477,18,0.7,1,8,"{'max_depth': 18, 'max_features': 0.7, 'min_samples_leaf': 1, 'min_samples_split': 8}",-9.71591551699705,-10.077277999262188,-10.28978394853864,-10.012611933805843,-9.846416092398771,-9.988401098200498,0.1968375088326807,83,-13.95075018303811,-15.215816238071001,-15.011940213202353,-14.00608267470963,-14.237077815167217,-14.484333424837661,0.5268787757397545,192,-0.40410752038659015,-0.36905843172873143,-0.4202416918429003,-0.3793311238324797,-0.4128993369499699,-0.3971276209481343,0.019679029387466882,49,0.6980965888903227,-0.7919544339592669,1.1714230713828742,-1.1128158121261797,0.3479064605474352,0.06253117494703707,0.8748268266192506,137,-12.885199582433888,-12.579747225674959,-13.636446885672253,-11.730906802166324,-12.344803733823177,-12.63542084595412,0.6277174623441454,112,9.988401098200498,14.484333424837661,0.3971276209481343,12.63542084595412,0.06253117494703707
68.28830723762512,1.3827029882186275,0.3093584060668945,0.007441972499811925,18,0.7,2,2,"{'max_depth': 18, 'max_features': 0.7, 'min_samples_leaf': 2, 'min_samples_split': 2}",-9.649294564823759,-10.06372436381551,-10.222119504035769,-9.947960887821022,-9.773382694369074,-9.931296402973027,0.203398486751754,12,-13.928438180215824,-15.200326377094056,-14.962826445206794,-13.975435026236328,-14.196553514117957,-14.452715908574191,0.5267670304139135,133,-0.40380549682875266,-0.36845292158643655,-0.4163141993957704,-0.3796324194034348,-0.4138034960819771,-0.3964017066592743,0.019060374251747024,35,0.7476928004495619,-0.7969194633754703,1.2274122603539592,-1.059305198320032,0.4238744729844343,0.10855097441849067,0.8880930709804717,76,-12.873756606738956,-12.575290298337489,-13.75107044271771,-11.7069239021642,-12.321376285971938,-12.645683507186058,0.6730969602647361,122,9.931296402973027,14.452715908574191,0.3964017066592743,12.645683507186058,0.10855097441849067
68.48049364089965,1.281951157207771,0.3025151252746582,0.006938441319591313,18,0.7,2,4,"{'max_depth': 18, 'max_features': 0.7, 'min_samples_leaf': 2, 'min_samples_split': 4}",-9.649294564823759,-10.06372436381551,-10.222119504035769,-9.947960887821022,-9.773382694369074,-9.931296402973027,0.203398486751754,12,-13.928438180215824,-15.200326377094056,-14.962826445206794,-13.975435026236328,-14.196553514117957,-14.452715908574191,0.5267670304139135,133,-0.40380549682875266,-0.36845292158643655,-0.4163141993957704,-0.3796324194034348,-0.4138034960819771,-0.3964017066592743,0.019060374251747024,35,0.7476928004495619,-0.7969194633754703,1.2274122603539592,-1.059305198320032,0.4238744729844343,0.10855097441849067,0.8880930709804717,76,-12.873756606738956,-12.575290298337489,-13.75107044271771,-11.7069239021642,-12.321376285971938,-12.645683507186058,0.6730969602647361,122,9.931296402973027,14.452715908574191,0.3964017066592743,12.645683507186058,0.10855097441849067
66.25020861625671,0.8178604202164803,0.2839791297912598,0.009988603633753356,18,0.7,2,8,"{'max_depth': 18, 'max_features': 0.7, 'min_samples_leaf': 2, 'min_samples_split': 8}",-9.654291043402717,-10.06573032325614,-10.288984941618768,-9.97003012442078,-9.78238346625626,-9.952283979790934,0.22100611341193968,45,-13.916983730240462,-15.192461302699654,-15.017353238239968,-13.965207250318723,-14.183390592498519,-14.455079222799464,0.5409658807294242,142,-0.40622168529145275,-0.36693914623069934,-0.4163141993957704,-0.3769207592648388,-0.41621458710066306,-0.3965220754566849,0.02065413718293485,39,0.7398417418399431,-0.839394249499894,1.2256670045970788,-1.0928560908865348,0.4037250735881968,0.08739669592775795,0.9025902252247555,92,-12.793670502579348,-12.57202477376934,-13.82928082074545,-11.775915514508457,-12.236606855613287,-12.641499693443176,0.6858543441490088,116,9.952283979790934,14.455079222799464,0.3965220754566849,12.641499693443176,0.08739669592775795
62.7910017490387,0.6900679169444668,0.26815037727355956,0.0067796038266680235,18,0.7,4,2,"{'max_depth': 18, 'max_features': 0.7, 'min_samples_leaf': 4, 'min_samples_split': 2}",-9.654283284048677,-10.060644846457567,-10.207222148433164,-9.94653388123412,-9.77173850088537,-9.92808453221178,0.1976064923980174,1,-13.946576146101302,-15.201126138094693,-14.937324319473785,-13.997776968738908,-14.184568233739503,-14.453474361229635,0.5157538911083892,136,-0.40682573240712777,-0.37026945201332123,-0.41842900302114805,-0.3757155769810184,-0.41470765521398434,-0.39718948392731995,0.020182554739773297,50,0.7548271910285199,-0.8073128658418018,1.196614175828058,-1.1097755446944235,0.3949117073472004,0.0858529327335106,0.8948862523661131,93,-12.79308269598389,-12.495402915770185,-13.626966871229111,-11.75990413752015,-12.257610970536218,-12.586593518207911,0.6204796642924892,36,9.92808453221178,14.453474361229635,0.39718948392731995,12.586593518207911,0.0858529327335106
63.24590530395508,0.9025131333204578,0.26419963836669924,0.005445607056955681,18,0.7,4,4,"{'max_depth': 18, 'max_features': 0.7, 'min_samples_leaf': 4, 'min_samples_split': 4}",-9.654283284048677,-10.060644846457567,-10.207222148433164,-9.94653388123412,-9.77173850088537,-9.92808453221178,0.1976064923980174,1,-13.946576146101302,-15.201126138094693,-14.937324319473785,-13.997776968738908,-14.184568233739503,-14.453474361229635,0.5157538911083892,136,-0.40682573240712777,-0.37026945201332123,-0.41842900302114805,-0.3757155769810184,-0.41470765521398434,-0.39718948392731995,0.020182554739773297,50,0.7548271910285199,-0.8073128658418018,1.196614175828058,-1.1097755446944235,0.3949117073472004,0.0858529327335106,0.8948862523661131,93,-12.79308269598389,-12.495402915770185,-13.626966871229111,-11.75990413752015,-12.257610970536218,-12.586593518207911,0.6204796642924892,36,9.92808453221178,14.453474361229635,0.39718948392731995,12.586593518207911,0.0858529327335106
63.17101697921753,0.7569752559440285,0.27147641181945803,0.011675084438437944,18,0.7,4,8,"{'max_depth': 18, 'max_features': 0.7, 'min_samples_leaf': 4, 'min_samples_split': 8}",-9.654283284048677,-10.060644846457567,-10.207222148433164,-9.94653388123412,-9.77173850088537,-9.92808453221178,0.1976064923980174,1,-13.946576146101302,-15.201126138094693,-14.937324319473785,-13.997776968738908,-14.184568233739503,-14.453474361229635,0.5157538911083892,136,-0.40682573240712777,-0.37026945201332123,-0.41842900302114805,-0.3757155769810184,-0.41470765521398434,-0.39718948392731995,0.020182554739773297,50,0.7548271910285199,-0.8073128658418018,1.196614175828058,-1.1097755446944235,0.3949117073472004,0.0858529327335106,0.8948862523661131,93,-12.79308269598389,-12.495402915770185,-13.626966871229111,-11.75990413752015,-12.257610970536218,-12.586593518207911,0.6204796642924892,36,9.92808453221178,14.453474361229635,0.39718948392731995,12.586593518207911,0.0858529327335106
59.94815707206726,1.6174049431113533,0.25119338035583494,0.00499016919980047,18,0.7,6,2,"{'max_depth': 18, 'max_features': 0.7, 'min_samples_leaf': 6, 'min_samples_split': 2}",-9.655606190294392,-10.09024205555909,-10.235982060801232,-9.96797919085205,-9.758790086534535,-9.941719916808259,0.21197309822871124,28,-13.934980890320794,-15.227474891101705,-14.988366760042526,-13.995414513835758,-14.211845505417523,-14.471616512143664,0.5330252934864886,169,-0.40652370884929023,-0.36815016651528915,-0.41812688821752264,-0.37119614341669177,-0.4125979505726341,-0.3953189715142856,0.02128081352245092,6,0.7514124103491836,-0.852249013125014,1.241703281216813,-1.1612881229991707,0.39192119001844633,0.0742999490920516,0.9281557995307613,105,-12.800014333852484,-12.54650124143082,-13.72512228398834,-11.86258427524501,-12.300971517751202,-12.647038730453572,0.6214345948433448,125,9.941719916808259,14.471616512143664,0.3953189715142856,12.647038730453572,0.0742999490920516
60.292589044570924,1.4140208205543823,0.26399664878845214,0.03003873073853166,18,0.7,6,4,"{'max_depth': 18, 'max_features': 0.7, 'min_samples_leaf': 6, 'min_samples_split': 4}",-9.655606190294392,-10.09024205555909,-10.235982060801232,-9.96797919085205,-9.758790086534535,-9.941719916808259,0.21197309822871124,28,-13.934980890320794,-15.227474891101705,-14.988366760042526,-13.995414513835758,-14.211845505417523,-14.471616512143664,0.5330252934864886,169,-0.40652370884929023,-0.36815016651528915,-0.41812688821752264,-0.37119614341669177,-0.4125979505726341,-0.3953189715142856,0.02128081352245092,6,0.7514124103491836,-0.852249013125014,1.241703281216813,-1.1612881229991707,0.39192119001844633,0.0742999490920516,0.9281557995307613,105,-12.800014333852484,-12.54650124143082,-13.72512228398834,-11.86258427524501,-12.300971517751202,-12.647038730453572,0.6214345948433448,125,9.941719916808259,14.471616512143664,0.3953189715142856,12.647038730453572,0.0742999490920516
60.6360915184021,1.4323637093191202,0.2509242057800293,0.00558895374068349,18,0.7,6,8,"{'max_depth': 18, 'max_features': 0.7, 'min_samples_leaf': 6, 'min_samples_split': 8}",-9.655606190294392,-10.09024205555909,-10.235982060801232,-9.96797919085205,-9.758790086534535,-9.941719916808259,0.21197309822871124,28,-13.934980890320794,-15.227474891101705,-14.988366760042526,-13.995414513835758,-14.211845505417523,-14.471616512143664,0.5330252934864886,169,-0.40652370884929023,-0.36815016651528915,-0.41812688821752264,-0.37119614341669177,-0.4125979505726341,-0.3953189715142856,0.02128081352245092,6,0.7514124103491836,-0.852249013125014,1.241703281216813,-1.1612881229991707,0.39192119001844633,0.0742999490920516,0.9281557995307613,105,-12.800014333852484,-12.54650124143082,-13.72512228398834,-11.86258427524501,-12.300971517751202,-12.647038730453572,0.6214345948433448,125,9.941719916808259,14.471616512143664,0.3953189715142856,12.647038730453572,0.0742999490920516
26.520675277709962,0.29392840911486934,0.4209597110748291,0.023376563020505774,22,0.25,1,2,"{'max_depth': 22, 'max_features': 0.25, 'min_samples_leaf': 1, 'min_samples_split': 2}",-10.13624389544036,-10.599391959145306,-10.552316117933428,-10.450626423692196,-10.074258980137245,-10.362567475269708,0.2164203840238985,225,-14.189408276745107,-14.849581422270052,-14.994759551722122,-14.122708600565563,-14.037357364632268,-14.438763043187024,0.40027455255604155,106,-0.4113560857746904,-0.3802603693611868,-0.4232628398791541,-0.3772220548357939,-0.4306811332127788,-0.4045564966127208,0.02198241040166996,181,0.7711170909521062,-1.3986011849538265,1.297689784353953,-1.5128073143081346,0.3857539279109577,-0.09136953920898884,1.1515516244247066,236,-13.257809187204648,-12.098014302211165,-13.998400976649258,-11.84689361982656,-12.143569919140635,-12.668937601006453,0.8236459838374233,149,10.362567475269708,14.438763043187024,0.4045564966127208,12.668937601006453,-0.09136953920898884
25.456370973587035,0.19274565318665662,0.36571521759033204,0.045474731472673065,22,0.25,1,4,"{'max_depth': 22, 'max_features': 0.25, 'min_samples_leaf': 1, 'min_samples_split': 4}",-10.107602945837332,-10.544853855315091,-10.530391996680088,-10.481511840037149,-10.066038033226851,-10.346079734219304,0.21312838829625563,221,-14.158157662950527,-14.80382134807394,-14.948576091035436,-14.152003586073217,-14.066192368597825,-14.42575021134619,0.3720509411321336,73,-0.41226215644820297,-0.38268240993036634,-0.42779456193353477,-0.37902982826152454,-0.4294755877034358,-0.40624890885541287,0.021615323932085696,194,0.7671945166183219,-1.3565253541307805,1.3279867025578618,-1.5226116165996197,0.3506352834756747,-0.08666409361570836,1.148567373410056,235,-13.18917743523468,-12.005161803564786,-13.859898832795768,-11.81819946009108,-12.12720072449789,-12.599927651236841,0.7903238338749038,58,10.346079734219304,14.42575021134619,0.40624890885541287,12.599927651236841,-0.08666409361570836
24.34646248817444,0.36810233305460865,0.3128964900970459,0.0065666818710722035,22,0.25,1,8,"{'max_depth': 22, 'max_features': 0.25, 'min_samples_leaf': 1, 'min_samples_split': 8}",-10.161759858226858,-10.553674017174677,-10.582269560728395,-10.490672580610553,-10.081754516595415,-10.37402610666718,0.20963050845832676,228,-14.244254932835753,-14.818324276250936,-15.009056812476551,-14.129593590971231,-14.07151183899391,-14.454548290305675,0.38375733086407526,141,-0.41226215644820297,-0.3799576142900394,-0.4253776435045317,-0.3799337149743899,-0.4321880650994575,-0.4059438388633243,0.022172792891109856,192,0.7910901560071412,-1.4055528300637672,1.298908591537021,-1.5804812196310676,0.3809693457267232,-0.10301319128478985,1.1729079982928692,238,-13.28384117110944,-12.038344335070649,-13.965447330965384,-11.725981414389734,-12.104364635699046,-12.623595777446852,0.854906000173511,98,10.37402610666718,14.454548290305675,0.4059438388633243,12.623595777446852,-0.10301319128478985
24.849792814254762,0.22914706215412206,0.34809174537658694,0.007102637488854696,22,0.25,2,2,"{'max_depth': 22, 'max_features': 0.25, 'min_samples_leaf': 2, 'min_samples_split': 2}",-10.087014922728148,-10.477931343940174,-10.48462216447272,-10.429252092282464,-9.987995626593289,-10.29336323000336,0.21210381831349132,183,-14.193746925400951,-14.808759336838786,-14.924464494187427,-14.104934954069474,-14.003829520365576,-14.407147046172444,0.3816926933585491,32,-0.4143763213530655,-0.38056312443233425,-0.4253776435045317,-0.3763181681229286,-0.4321880650994575,-0.40576466450246357,0.0230618275472418,190,0.82982511071454,-1.394313321370058,1.3543231817475152,-1.4495813235038149,0.4670458014514651,-0.03854011019207051,1.1643798114685382,228,-13.172615652597937,-11.934443249223982,-13.915805786927907,-11.930955677172275,-12.095476798553866,-12.609859432895194,0.8004845117348681,68,10.29336323000336,14.407147046172444,0.40576466450246357,12.609859432895194,-0.03854011019207051
24.72093653678894,0.29440003892903566,0.33950328826904297,0.011377500430327023,22,0.25,2,4,"{'max_depth': 22, 'max_features': 0.25, 'min_samples_leaf': 2, 'min_samples_split': 4}",-10.087014922728148,-10.477931343940174,-10.48462216447272,-10.429252092282464,-9.987995626593289,-10.29336323000336,0.21210381831349132,183,-14.193746925400951,-14.808759336838786,-14.924464494187427,-14.104934954069474,-14.003829520365576,-14.407147046172444,0.3816926933585491,32,-0.4143763213530655,-0.38056312443233425,-0.4253776435045317,-0.3763181681229286,-0.4321880650994575,-0.40576466450246357,0.0230618275472418,190,0.82982511071454,-1.394313321370058,1.3543231817475152,-1.4495813235038149,0.4670458014514651,-0.03854011019207051,1.1643798114685382,228,-13.172615652597937,-11.934443249223982,-13.915805786927907,-11.930955677172275,-12.095476798553866,-12.609859432895194,0.8004845117348681,68,10.29336323000336,14.407147046172444,0.40576466450246357,12.609859432895194,-0.03854011019207051
23.87840509414673,0.3484422329555875,0.2989445686340332,0.008768215792745957,22,0.25,2,8,"{'max_depth': 22, 'max_features': 0.25, 'min_samples_leaf': 2, 'min_samples_split': 8}",-10.120570413310901,-10.517919687892379,-10.493488156458016,-10.430712290388598,-10.016071807829587,-10.315752471175895,0.20667939087732454,203,-14.212238248628818,-14.813565029456077,-14.961571606517067,-14.12817422002451,-14.003924380448115,-14.42389469701492,0.3871856263986715,63,-0.4137722742373905,-0.381774144716924,-0.42386706948640485,-0.3793311238324797,-0.43309222423146476,-0.4063673673009328,0.021959395525502474,199,0.8551794937258126,-1.3675444429116508,1.3678984181800065,-1.446550250175354,0.4314132252856508,-0.031920711179106984,1.1615667170257493,224,-13.263032095692905,-11.984016429092526,-13.991870834658537,-11.842110330209595,-12.061501510047444,-12.6285062399402,0.850489986607538,100,10.315752471175895,14.42389469701492,0.4063673673009328,12.6285062399402,-0.031920711179106984
22.533957481384277,0.5570339519117679,0.2963710784912109,0.00514694154435711,22,0.25,4,2,"{'max_depth': 22, 'max_features': 0.25, 'min_samples_leaf': 4, 'min_samples_split': 2}",-10.123365064137172,-10.477549144820173,-10.479691258103118,-10.415224738429057,-9.976520980004508,-10.294470237098807,0.20628866811674015,188,-14.244123369235863,-14.768579890790148,-14.967316562061391,-14.142698658398258,-14.033289141329757,-14.431201524363084,0.3681874251373168,83,-0.41316822712171547,-0.38116863457462913,-0.4256797583081571,-0.37812594154865925,-0.42977697408077153,-0.4055839071267865,0.021893903446462103,187,0.896058906840744,-1.3400126733085265,1.394587657893795,-1.4367148964148704,0.47766722535914463,-0.0016827559259426472,1.169250339160178,207,-13.335275134469255,-11.986212456474572,-13.947431941784878,-11.872380145675335,-12.162340976646774,-12.660728131010163,0.8289118232173956,137,10.294470237098807,14.431201524363084,0.4055839071267865,12.660728131010163,-0.0016827559259426472
22.734674978256226,0.5040665147662994,0.3054823875427246,0.016163074713650194,22,0.25,4,4,"{'max_depth': 22, 'max_features': 0.25, 'min_samples_leaf': 4, 'min_samples_split': 4}",-10.123365064137172,-10.477549144820173,-10.479691258103118,-10.415224738429057,-9.976520980004508,-10.294470237098807,0.20628866811674015,188,-14.244123369235863,-14.768579890790148,-14.967316562061391,-14.142698658398258,-14.033289141329757,-14.431201524363084,0.3681874251373168,83,-0.41316822712171547,-0.38116863457462913,-0.4256797583081571,-0.37812594154865925,-0.42977697408077153,-0.4055839071267865,0.021893903446462103,187,0.896058906840744,-1.3400126733085265,1.394587657893795,-1.4367148964148704,0.47766722535914463,-0.0016827559259426472,1.169250339160178,207,-13.335275134469255,-11.986212456474572,-13.947431941784878,-11.872380145675335,-12.162340976646774,-12.660728131010163,0.8289118232173956,137,10.294470237098807,14.431201524363084,0.4055839071267865,12.660728131010163,-0.0016827559259426472
22.427390909194948,0.21851673888983794,0.29450650215148927,0.01862330555030975,22,0.25,4,8,"{'max_depth': 22, 'max_features': 0.25, 'min_samples_leaf': 4, 'min_samples_split': 8}",-10.123365064137172,-10.477549144820173,-10.479691258103118,-10.415224738429057,-9.976520980004508,-10.294470237098807,0.20628866811674015,188,-14.244123369235863,-14.768579890790148,-14.967316562061391,-14.142698658398258,-14.033289141329757,-14.431201524363084,0.3681874251373168,83,-0.41316822712171547,-0.38116863457462913,-0.4256797583081571,-0.37812594154865925,-0.42977697408077153,-0.4055839071267865,0.021893903446462103,187,0.896058906840744,-1.3400126733085265,1.394587657893795,-1.4367148964148704,0.47766722535914463,-0.0016827559259426472,1.169250339160178,207,-13.335275134469255,-11.986212456474572,-13.947431941784878,-11.872380145675335,-12.162340976646774,-12.660728131010163,0.8289118232173956,137,10.294470237098807,14.431201524363084,0.4055839071267865,12.660728131010163,-0.0016827559259426472
21.38660545349121,0.6000792912357387,0.2654121398925781,0.003253450542521948,22,0.25,6,2,"{'max_depth': 22, 'max_features': 0.25, 'min_samples_leaf': 6, 'min_samples_split': 2}",-10.135832676762556,-10.54046902800595,-10.54365740837785,-10.43127404608071,-9.999933245941175,-10.330233281033648,0.22219265143653408,205,-14.2398473856969,-14.8414995506162,-15.027154335708055,-14.169865531008158,-14.067595490952694,-14.469192458796403,0.3881777746191852,161,-0.4186046511627907,-0.3832879200726612,-0.4280966767371601,-0.37872853269056944,-0.432790837854129,-0.4083017237034621,0.02279460984745382,222,0.945367726244052,-1.3445673694707667,1.4806474023469138,-1.4265513074033935,0.47360862125558306,0.0257010145944777,1.1958218368111586,189,-13.23587825914678,-11.996075504795304,-14.043912817042685,-11.888096567092285,-12.100004148801828,-12.652793459375776,0.8481529085985373,132,10.330233281033648,14.469192458796403,0.4083017237034621,12.652793459375776,0.0257010145944777
21.10839409828186,0.13425374688483666,0.27360005378723146,0.009511054411127692,22,0.25,6,4,"{'max_depth': 22, 'max_features': 0.25, 'min_samples_leaf': 6, 'min_samples_split': 4}",-10.135832676762556,-10.54046902800595,-10.54365740837785,-10.43127404608071,-9.999933245941175,-10.330233281033648,0.22219265143653408,205,-14.2398473856969,-14.8414995506162,-15.027154335708055,-14.169865531008158,-14.067595490952694,-14.469192458796403,0.3881777746191852,161,-0.4186046511627907,-0.3832879200726612,-0.4280966767371601,-0.37872853269056944,-0.432790837854129,-0.4083017237034621,0.02279460984745382,222,0.945367726244052,-1.3445673694707667,1.4806474023469138,-1.4265513074033935,0.47360862125558306,0.0257010145944777,1.1958218368111586,189,-13.23587825914678,-11.996075504795304,-14.043912817042685,-11.888096567092285,-12.100004148801828,-12.652793459375776,0.8481529085985373,132,10.330233281033648,14.469192458796403,0.4083017237034621,12.652793459375776,0.0257010145944777
21.2175208568573,0.18884484765766893,0.27382426261901854,0.005914383979298838,22,0.25,6,8,"{'max_depth': 22, 'max_features': 0.25, 'min_samples_leaf': 6, 'min_samples_split': 8}",-10.135832676762556,-10.54046902800595,-10.54365740837785,-10.43127404608071,-9.999933245941175,-10.330233281033648,0.22219265143653408,205,-14.2398473856969,-14.8414995506162,-15.027154335708055,-14.169865531008158,-14.067595490952694,-14.469192458796403,0.3881777746191852,161,-0.4186046511627907,-0.3832879200726612,-0.4280966767371601,-0.37872853269056944,-0.432790837854129,-0.4083017237034621,0.02279460984745382,222,0.945367726244052,-1.3445673694707667,1.4806474023469138,-1.4265513074033935,0.47360862125558306,0.0257010145944777,1.1958218368111586,189,-13.23587825914678,-11.996075504795304,-14.043912817042685,-11.888096567092285,-12.100004148801828,-12.652793459375776,0.8481529085985373,132,10.330233281033648,14.469192458796403,0.4083017237034621,12.652793459375776,0.0257010145944777
43.807815361022946,0.6300650662693476,0.4015843391418457,0.011798262297200766,22,0.4,1,2,"{'max_depth': 22, 'max_features': 0.4, 'min_samples_leaf': 1, 'min_samples_split': 2}",-9.810050545645378,-10.274136828040682,-10.346280986883443,-10.171704746360774,-9.85488571786519,-10.091411764959094,0.219044487952759,140,-14.008587011253036,-15.10771484981158,-14.943567979366172,-14.027376867700658,-14.073505592001808,-14.432150460026651,0.4878132678341003,90,-0.40652370884929023,-0.3766273085074175,-0.4217522658610272,-0.3769207592648388,-0.4252561784207354,-0.40141604418066185,0.021083180739965058,159,0.680806711458414,-1.0100992391820869,1.2324904605851095,-1.3078136423109137,0.334432304929128,-0.01403668090406982,0.9822491877662287,218,-12.903130898317478,-12.298680127009618,-13.726981909427261,-11.75829519358173,-11.980211622831876,-12.533459950233592,0.7103853818957355,5,10.091411764959094,14.432150460026651,0.40141604418066185,12.533459950233592,-0.01403668090406982
41.99688882827759,0.2098945280003015,0.33676676750183104,0.004420785937783774,22,0.4,1,4,"{'max_depth': 22, 'max_features': 0.4, 'min_samples_leaf': 1, 'min_samples_split': 4}",-9.823293537414155,-10.241005624170677,-10.35825433416547,-10.14579290946032,-9.84584496691581,-10.082838274425288,0.2137117221282641,138,-14.000475494069677,-15.095672967343837,-14.966904406179262,-13.992701624295913,-14.023325770144496,-14.415816052406637,0.5042788948185494,45,-0.40682573240712777,-0.37178322736905844,-0.42386706948640485,-0.3763181681229286,-0.4243520192887282,-0.4006292433348496,0.022646342552779003,149,0.6688868947906377,-1.0103039974877448,1.2330001910929849,-1.288954163535801,0.3323839076464578,-0.0129974334986931,0.9756485584439263,216,-12.895177955096534,-12.414090990608194,-13.673218987386132,-11.76775332174679,-11.992671663990626,-12.548582583765656,0.6814330000163578,9,10.082838274425288,14.415816052406637,0.4006292433348496,12.548582583765656,-0.0129974334986931
40.11691656112671,0.7848760194210569,0.29628572463989256,0.012756243838403689,22,0.4,1,8,"{'max_depth': 22, 'max_features': 0.4, 'min_samples_leaf': 1, 'min_samples_split': 8}",-9.858658825929997,-10.284969034865847,-10.361519784657046,-10.178992890866258,-9.791362792206899,-10.095100665705209,0.229010257144447,142,-14.046584073058147,-15.104023646993793,-14.967621894277833,-14.028205615975429,-13.946735364728047,-14.41863411900665,0.5068906133340453,55,-0.40561763817577773,-0.3745080230093854,-0.42114803625377645,-0.37872853269056944,-0.42495479204339964,-0.4009914044345817,0.020971126534432886,154,0.7004862997600796,-1.0534071256057076,1.1960801945578834,-1.340349721203134,0.3042077238886815,-0.0385965257204394,0.9912201284938155,230,-13.016131612494357,-12.324918749509393,-13.721540864849862,-11.668837183815397,-11.878405309363522,-12.521966744006507,0.7568363452440258,3,10.095100665705209,14.41863411900665,0.4009914044345817,12.521966744006507,-0.0385965257204394
40.1974856376648,0.35237422359051795,0.336120080947876,0.013311188733827682,22,0.4,2,2,"{'max_depth': 22, 'max_features': 0.4, 'min_samples_leaf': 2, 'min_samples_split': 2}",-9.776833194269326,-10.213180695272559,-10.282646752464023,-10.104817463768184,-9.786802594795018,-10.032856140113823,0.21268795136369104,110,-14.001252961546479,-15.087343034270939,-14.88756620039142,-13.957038299002303,-14.031554323359734,-14.392950963714174,0.4900773995652613,11,-0.40712775596496525,-0.3729942476536482,-0.4190332326283988,-0.37451039469719793,-0.42224231464737794,-0.3991815891183176,0.021370405081254998,108,0.7566475894689495,-1.014335969230271,1.2987910559068019,-1.240921196667931,0.432047944436971,0.04644588478290409,1.0004015175510919,171,-12.936333410592523,-12.331081221638668,-13.819235452670307,-11.833978966414218,-12.100694535750087,-12.60426471741316,0.7082338304454115,59,10.032856140113823,14.392950963714174,0.3991815891183176,12.60426471741316,0.04644588478290409
40.43558459281921,0.42540056245498564,0.32824387550354006,0.008810312645508857,22,0.4,2,4,"{'max_depth': 22, 'max_features': 0.4, 'min_samples_leaf': 2, 'min_samples_split': 4}",-9.776833194269326,-10.213180695272559,-10.282646752464023,-10.104817463768184,-9.786802594795018,-10.032856140113823,0.21268795136369104,110,-14.001252961546479,-15.087343034270939,-14.88756620039142,-13.957038299002303,-14.031554323359734,-14.392950963714174,0.4900773995652613,11,-0.40712775596496525,-0.3729942476536482,-0.4190332326283988,-0.37451039469719793,-0.42224231464737794,-0.3991815891183176,0.021370405081254998,108,0.7566475894689495,-1.014335969230271,1.2987910559068019,-1.240921196667931,0.432047944436971,0.04644588478290409,1.0004015175510919,171,-12.936333410592523,-12.331081221638668,-13.819235452670307,-11.833978966414218,-12.100694535750087,-12.60426471741316,0.7082338304454115,59,10.032856140113823,14.392950963714174,0.3991815891183176,12.60426471741316,0.04644588478290409
38.4660804271698,0.5518347766251556,0.2913257598876953,0.007443419526734944,22,0.4,2,8,"{'max_depth': 22, 'max_features': 0.4, 'min_samples_leaf': 2, 'min_samples_split': 8}",-9.83003070673774,-10.188198098683172,-10.294339214232101,-10.11652415444535,-9.808057556967498,-10.047429946213173,0.19499509688829172,121,-14.042947755982853,-14.999107401060861,-14.905971977288782,-13.968058664933384,-14.030417925097172,-14.389300744872608,0.46152258481948755,3,-0.4044095439444277,-0.37481077808053287,-0.4217522658610272,-0.3811388972582103,-0.4207353827606992,-0.40056937358097944,0.01955084863779715,145,0.7542067156306886,-1.0191319747960987,1.2724331996776852,-1.2760484684205462,0.3839443784492732,0.02308077010820042,0.9999593361085742,195,-13.086038127506297,-12.231593460096528,-13.712756694140902,-11.597446166765344,-12.112128374538987,-12.547992564609611,0.7536302734329229,8,10.047429946213173,14.389300744872608,0.40056937358097944,12.547992564609611,0.02308077010820042
36.761145782470706,0.15675402789811432,0.2824092388153076,0.007355942962584386,22,0.4,4,2,"{'max_depth': 22, 'max_features': 0.4, 'min_samples_leaf': 4, 'min_samples_split': 2}",-9.796116825342905,-10.201347724076637,-10.28648863795125,-10.091699084472005,-9.748951197786747,-10.024920693925909,0.21564508472544794,104,-14.03344362967639,-15.028461116511172,-14.918186371211227,-13.994907820588688,-14.012518954250906,-14.397503578447674,0.47160452434906364,20,-0.40410752038659015,-0.37359975779594307,-0.4199395770392749,-0.37390780355528774,-0.4219409282700422,-0.3986991174094276,0.021284627390455408,93,0.7785211390219431,-0.9714742669561828,1.258231611493044,-1.252939335965525,0.43437705557015877,0.049343240632687614,0.9878634351424608,165,-13.08394106876383,-12.352622377985762,-13.74569209556137,-11.819437391334816,-12.067243980227936,-12.613787382774742,0.7071296241527693,75,10.024920693925909,14.397503578447674,0.3986991174094276,12.613787382774742,0.049343240632687614
36.68766613006592,0.7013079153350672,0.27693996429443357,0.004182226295643458,22,0.4,4,4,"{'max_depth': 22, 'max_features': 0.4, 'min_samples_leaf': 4, 'min_samples_split': 4}",-9.796116825342905,-10.201347724076637,-10.28648863795125,-10.091699084472005,-9.748951197786747,-10.024920693925909,0.21564508472544794,104,-14.03344362967639,-15.028461116511172,-14.918186371211227,-13.994907820588688,-14.012518954250906,-14.397503578447674,0.47160452434906364,20,-0.40410752038659015,-0.37359975779594307,-0.4199395770392749,-0.37390780355528774,-0.4219409282700422,-0.3986991174094276,0.021284627390455408,93,0.7785211390219431,-0.9714742669561828,1.258231611493044,-1.252939335965525,0.43437705557015877,0.049343240632687614,0.9878634351424608,165,-13.08394106876383,-12.352622377985762,-13.74569209556137,-11.819437391334816,-12.067243980227936,-12.613787382774742,0.7071296241527693,75,10.024920693925909,14.397503578447674,0.3986991174094276,12.613787382774742,0.049343240632687614
36.84757928848266,0.45728359235864585,0.2835442066192627,0.00926326495659662,22,0.4,4,8,"{'max_depth': 22, 'max_features': 0.4, 'min_samples_leaf': 4, 'min_samples_split': 8}",-9.796116825342905,-10.201347724076637,-10.28648863795125,-10.091699084472005,-9.748951197786747,-10.024920693925909,0.21564508472544794,104,-14.03344362967639,-15.028461116511172,-14.918186371211227,-13.994907820588688,-14.012518954250906,-14.397503578447674,0.47160452434906364,20,-0.40410752038659015,-0.37359975779594307,-0.4199395770392749,-0.37390780355528774,-0.4219409282700422,-0.3986991174094276,0.021284627390455408,93,0.7785211390219431,-0.9714742669561828,1.258231611493044,-1.252939335965525,0.43437705557015877,0.049343240632687614,0.9878634351424608,165,-13.08394106876383,-12.352622377985762,-13.74569209556137,-11.819437391334816,-12.067243980227936,-12.613787382774742,0.7071296241527693,75,10.024920693925909,14.397503578447674,0.3986991174094276,12.613787382774742,0.049343240632687614
34.76544723510742,0.23462920705007362,0.2610001087188721,0.012456452128109837,22,0.4,6,2,"{'max_depth': 22, 'max_features': 0.4, 'min_samples_leaf': 6, 'min_samples_split': 2}",-9.826484308040312,-10.264021757953218,-10.298999148540641,-10.11655012690635,-9.780671691429784,-10.057345406574061,0.21654654723796526,127,-14.077227791375458,-15.108227769605305,-14.97196782300169,-14.008522115852937,-14.064899380309756,-14.446168976029028,0.48740232871929595,123,-0.40471156750226517,-0.3760217983651226,-0.4205438066465257,-0.37842723711961435,-0.42224231464737794,-0.40038934485618116,0.0198924494498903,142,0.8124126516836075,-1.011894563034655,1.3473429910092238,-1.2255277071057489,0.4153508999221198,0.06753685449490945,1.0149784683539866,118,-13.143801430464887,-12.302647393243163,-13.846764540915967,-11.74733416055661,-12.073662725947758,-12.622842050225676,0.7668143911696008,95,10.057345406574061,14.446168976029028,0.40038934485618116,12.622842050225676,0.06753685449490945
34.697581100463864,0.30470793745638,0.2639890193939209,0.017462761645455543,22,0.4,6,4,"{'max_depth': 22, 'max_features': 0.4, 'min_samples_leaf': 6, 'min_samples_split': 4}",-9.826484308040312,-10.264021757953218,-10.298999148540641,-10.11655012690635,-9.780671691429784,-10.057345406574061,0.21654654723796526,127,-14.077227791375458,-15.108227769605305,-14.97196782300169,-14.008522115852937,-14.064899380309756,-14.446168976029028,0.48740232871929595,123,-0.40471156750226517,-0.3760217983651226,-0.4205438066465257,-0.37842723711961435,-0.42224231464737794,-0.40038934485618116,0.0198924494498903,142,0.8124126516836075,-1.011894563034655,1.3473429910092238,-1.2255277071057489,0.4153508999221198,0.06753685449490945,1.0149784683539866,118,-13.143801430464887,-12.302647393243163,-13.846764540915967,-11.74733416055661,-12.073662725947758,-12.622842050225676,0.7668143911696008,95,10.057345406574061,14.446168976029028,0.40038934485618116,12.622842050225676,0.06753685449490945
35.04917306900025,0.43590796389356373,0.27919301986694334,0.0267886529254204,22,0.4,6,8,"{'max_depth': 22, 'max_features': 0.4, 'min_samples_leaf': 6, 'min_samples_split': 8}",-9.826484308040312,-10.264021757953218,-10.298999148540641,-10.11655012690635,-9.780671691429784,-10.057345406574061,0.21654654723796526,127,-14.077227791375458,-15.108227769605305,-14.97196782300169,-14.008522115852937,-14.064899380309756,-14.446168976029028,0.48740232871929595,123,-0.40471156750226517,-0.3760217983651226,-0.4205438066465257,-0.37842723711961435,-0.42224231464737794,-0.40038934485618116,0.0198924494498903,142,0.8124126516836075,-1.011894563034655,1.3473429910092238,-1.2255277071057489,0.4153508999221198,0.06753685449490945,1.0149784683539866,118,-13.143801430464887,-12.302647393243163,-13.846764540915967,-11.74733416055661,-12.073662725947758,-12.622842050225676,0.7668143911696008,95,10.057345406574061,14.446168976029028,0.40038934485618116,12.622842050225676,0.06753685449490945
58.58243856430054,0.7738196358251,0.39090547561645506,0.010358600776542501,22,0.55,1,2,"{'max_depth': 22, 'max_features': 0.55, 'min_samples_leaf': 1, 'min_samples_split': 2}",-9.747704803900431,-10.15500416964743,-10.285063869742562,-10.042033557424013,-9.83870690125867,-10.013702660394621,0.19788079116349827,94,-13.976957761098726,-15.149880784528671,-14.961030729104193,-13.955239525002145,-14.152291771446395,-14.439080114236026,0.5113856423227188,107,-0.40320144971307764,-0.3723887375113533,-0.4178247734138973,-0.37842723711961435,-0.4180229053646775,-0.39797302062452405,0.019287403313424715,79,0.6694563981975502,-0.9167486392199046,1.226117137660581,-1.2121022163245967,0.3377398258040785,0.020892501223541703,0.9352048611486631,197,-12.918060202302026,-12.404047974391107,-13.775129838938685,-11.666617086428728,-12.172116164525665,-12.587194253317241,0.7174897812873999,39,10.013702660394621,14.439080114236026,0.39797302062452405,12.587194253317241,0.020892501223541703
56.249034786224364,1.2437815215057895,0.32835946083068845,0.009727789123085837,22,0.55,1,4,"{'max_depth': 22, 'max_features': 0.55, 'min_samples_leaf': 1, 'min_samples_split': 4}",-9.7125410188227,-10.151011063733785,-10.279251648983895,-10.06714475679994,-9.81950322043004,-10.005890341754071,0.2099202304975279,91,-13.926731805641507,-15.117686198158207,-14.942333448060763,-13.971576010964322,-14.13446643110266,-14.418558778785492,0.5070532281617312,54,-0.4019933554817276,-0.37057220708446864,-0.41540785498489424,-0.3769207592648388,-0.4165159734779988,-0.3962820300587856,0.01920251383340252,31,0.6750247521671822,-0.9349754810762708,1.1949083688313797,-1.2537597259338964,0.2918447881173774,-0.005391459578845581,0.939636639100307,214,-12.920071475487413,-12.43487153983569,-13.810716239624929,-11.691296929434213,-12.138007486382174,-12.598992734152883,0.7259091197719765,57,10.005890341754071,14.418558778785492,0.3962820300587856,12.598992734152883,-0.005391459578845581
54.42148861885071,0.8160738838927549,0.3350006103515625,0.051839459154612064,22,0.55,1,8,"{'max_depth': 22, 'max_features': 0.55, 'min_samples_leaf': 1, 'min_samples_split': 8}",-9.757974436408814,-10.16372669562499,-10.324031046038423,-10.063453335653055,-9.802049755187165,-10.02224705378249,0.21499529823027264,100,-13.926196145595924,-15.17547811240545,-15.005562279099719,-13.967549441720557,-14.093440796062076,-14.433645354976743,0.5418291336674735,91,-0.4022953790395651,-0.37117771722676357,-0.4190332326283988,-0.37902982826152454,-0.4177215189873418,-0.39785153522871874,0.01964167776476902,73,0.6075061049076759,-0.9513924391382671,1.2264299081332188,-1.199821047146639,0.315915960052194,-0.00027230263836348635,0.9292701037439369,206,-12.8829226998119,-12.409600346319595,-13.782273164494644,-11.692526059440699,-12.110898356119836,-12.575644125237332,0.7174720127416656,27,10.02224705378249,14.433645354976743,0.39785153522871874,12.575644125237332,-0.00027230263836348635
54.90733451843262,1.155454865425265,0.33904523849487306,0.03609851876397078,22,0.55,2,2,"{'max_depth': 22, 'max_features': 0.55, 'min_samples_leaf': 2, 'min_samples_split': 2}",-9.703928306997351,-10.104421151313382,-10.213150981821812,-9.998815985206177,-9.768723560312116,-9.957807997130168,0.19420861628957906,55,-13.949786335218253,-15.129797107380263,-14.898214038935494,-13.940508661551055,-14.119406668092095,-14.407542562235431,0.5045976312438722,34,-0.4044095439444277,-0.37026945201332123,-0.4178247734138973,-0.37782464597770415,-0.41892706449668476,-0.39785109596920704,0.020238395501871453,71,0.7263779903011778,-0.8780859577406789,1.249360427513611,-1.1848435634212784,0.3684602505106358,0.05625382943269348,0.9363072328216114,152,-12.89572223687656,-12.458947319857169,-13.716888201337763,-11.664104652274354,-12.098984131046725,-12.566929308278514,0.7037379347213112,17,9.957807997130168,14.407542562235431,0.39785109596920704,12.566929308278514,0.05625382943269348
54.37090139389038,0.695591314435173,0.3273124694824219,0.01637759272757189,22,0.55,2,4,"{'max_depth': 22, 'max_features': 0.55, 'min_samples_leaf': 2, 'min_samples_split': 4}",-9.703928306997351,-10.104421151313382,-10.213150981821812,-9.998815985206177,-9.768723560312116,-9.957807997130168,0.19420861628957906,55,-13.949786335218253,-15.129797107380263,-14.898214038935494,-13.940508661551055,-14.119406668092095,-14.407542562235431,0.5045976312438722,34,-0.4044095439444277,-0.37026945201332123,-0.4178247734138973,-0.37782464597770415,-0.41892706449668476,-0.39785109596920704,0.020238395501871453,71,0.7263779903011778,-0.8780859577406789,1.249360427513611,-1.1848435634212784,0.3684602505106358,0.05625382943269348,0.9363072328216114,152,-12.89572223687656,-12.458947319857169,-13.716888201337763,-11.664104652274354,-12.098984131046725,-12.566929308278514,0.7037379347213112,17,9.957807997130168,14.407542562235431,0.39785109596920704,12.566929308278514,0.05625382943269348
52.98061637878418,0.777047217977209,0.2972309112548828,0.03393276634256615,22,0.55,2,8,"{'max_depth': 22, 'max_features': 0.55, 'min_samples_leaf': 2, 'min_samples_split': 8}",-9.696521104289971,-10.126830872099342,-10.271667350045108,-10.048085704425837,-9.788048114212087,-9.986230629014468,0.21367101736636412,81,-13.914047631818663,-15.1458064057059,-14.937560992193836,-14.010763337334126,-14.114576289362745,-14.424550931283054,0.5121146067599135,70,-0.40380549682875266,-0.37057220708446864,-0.4202416918429003,-0.38053630611630007,-0.41711874623267026,-0.3984548896210184,0.01974919194507328,86,0.6959097566621621,-0.9075752669637642,1.2309548899052383,-1.1828377660509113,0.3726446313838994,0.041819248987324864,0.933001409406201,176,-12.868114652435493,-12.439216202517487,-13.685722363132873,-11.648360216732534,-12.179616520913106,-12.564205991146299,0.6859248409888345,16,9.986230629014468,14.424550931283054,0.3984548896210184,12.564205991146299,0.041819248987324864
49.38268384933472,0.699205314931357,0.27260613441467285,0.004140161512296793,22,0.55,4,2,"{'max_depth': 22, 'max_features': 0.55, 'min_samples_leaf': 4, 'min_samples_split': 2}",-9.673216007411533,-10.100772774882772,-10.232466317895735,-10.00055592650888,-9.73080053336043,-9.94756231201187,0.21433787589282685,35,-13.935865037272695,-15.15897518764797,-14.929338646695753,-13.944034149705121,-14.0907754587927,-14.41179769602285,0.524307685875307,39,-0.40380549682875266,-0.36905843172873143,-0.41963746223564957,-0.37872853269056944,-0.4165159734779988,-0.39754917939234036,0.020261848234666403,59,0.73624029564578,-0.9088325868048761,1.2603911173894853,-1.2021696077390538,0.44584556290200134,0.06629495627866736,0.9569354354559418,125,-12.8891958935762,-12.453231518138347,-13.693793416412557,-11.615689813841309,-12.216393541027044,-12.57366083659909,0.6948540839938978,24,9.94756231201187,14.41179769602285,0.39754917939234036,12.57366083659909,0.06629495627866736
49.08856887817383,0.3469454944120893,0.2815706729888916,0.010424047688224101,22,0.55,4,4,"{'max_depth': 22, 'max_features': 0.55, 'min_samples_leaf': 4, 'min_samples_split': 4}",-9.673216007411533,-10.100772774882772,-10.232466317895735,-10.00055592650888,-9.73080053336043,-9.94756231201187,0.21433787589282685,35,-13.935865037272695,-15.15897518764797,-14.929338646695753,-13.944034149705121,-14.0907754587927,-14.41179769602285,0.524307685875307,39,-0.40380549682875266,-0.36905843172873143,-0.41963746223564957,-0.37872853269056944,-0.4165159734779988,-0.39754917939234036,0.020261848234666403,59,0.73624029564578,-0.9088325868048761,1.2603911173894853,-1.2021696077390538,0.44584556290200134,0.06629495627866736,0.9569354354559418,125,-12.8891958935762,-12.453231518138347,-13.693793416412557,-11.615689813841309,-12.216393541027044,-12.57366083659909,0.6948540839938978,24,9.94756231201187,14.41179769602285,0.39754917939234036,12.57366083659909,0.06629495627866736
49.08647980690002,0.7060777716743162,0.27930774688720705,0.014276398288227117,22,0.55,4,8,"{'max_depth': 22, 'max_features': 0.55, 'min_samples_leaf': 4, 'min_samples_split': 8}",-9.673216007411533,-10.100772774882772,-10.232466317895735,-10.00055592650888,-9.73080053336043,-9.94756231201187,0.21433787589282685,35,-13.935865037272695,-15.15897518764797,-14.929338646695753,-13.944034149705121,-14.0907754587927,-14.41179769602285,0.524307685875307,39,-0.40380549682875266,-0.36905843172873143,-0.41963746223564957,-0.37872853269056944,-0.4165159734779988,-0.39754917939234036,0.020261848234666403,59,0.73624029564578,-0.9088325868048761,1.2603911173894853,-1.2021696077390538,0.44584556290200134,0.06629495627866736,0.9569354354559418,125,-12.8891958935762,-12.453231518138347,-13.693793416412557,-11.615689813841309,-12.216393541027044,-12.57366083659909,0.6948540839938978,24,9.94756231201187,14.41179769602285,0.39754917939234036,12.57366083659909,0.06629495627866736
46.566264295578,0.5843443968450607,0.25945162773132324,0.0045459543481816194,22,0.55,6,2,"{'max_depth': 22, 'max_features': 0.55, 'min_samples_leaf': 6, 'min_samples_split': 2}",-9.72060816722532,-10.162948307322978,-10.240927617849865,-10.00103013071698,-9.739492905131545,-9.973001425649338,0.2130157067845861,71,-13.983140043774053,-15.210238870832201,-14.94590287669013,-13.978037344869199,-14.103234782107668,-14.44411078365465,0.5262437595626728,116,-0.4044095439444277,-0.3729942476536482,-0.4172205438066465,-0.3808376016872552,-0.4177215189873418,-0.39863669121586387,0.018532450224929477,89,0.7357646650910081,-0.9129244490502179,1.2440190728001963,-1.1717895552564948,0.38089244390636734,0.055192435498171856,0.9407765873482256,158,-12.927950129872803,-12.399687014559628,-13.76363995150315,-11.591870834633445,-12.11379458445447,-12.5593885030047,0.7411083818553597,12,9.973001425649338,14.44411078365465,0.39863669121586387,12.5593885030047,0.055192435498171856
46.10521330833435,0.7469636985286756,0.24719996452331544,0.003352892748564693,22,0.55,6,4,"{'max_depth': 22, 'max_features': 0.55, 'min_samples_leaf': 6, 'min_samples_split': 4}",-9.72060816722532,-10.162948307322978,-10.240927617849865,-10.00103013071698,-9.739492905131545,-9.973001425649338,0.2130157067845861,71,-13.983140043774053,-15.210238870832201,-14.94590287669013,-13.978037344869199,-14.103234782107668,-14.44411078365465,0.5262437595626728,116,-0.4044095439444277,-0.3729942476536482,-0.4172205438066465,-0.3808376016872552,-0.4177215189873418,-0.39863669121586387,0.018532450224929477,89,0.7357646650910081,-0.9129244490502179,1.2440190728001963,-1.1717895552564948,0.38089244390636734,0.055192435498171856,0.9407765873482256,158,-12.927950129872803,-12.399687014559628,-13.76363995150315,-11.591870834633445,-12.11379458445447,-12.5593885030047,0.7411083818553597,12,9.973001425649338,14.44411078365465,0.39863669121586387,12.5593885030047,0.055192435498171856
46.31227855682373,0.30797368831332467,0.2618757724761963,0.0192294955104579,22,0.55,6,8,"{'max_depth': 22, 'max_features': 0.55, 'min_samples_leaf': 6, 'min_samples_split': 8}",-9.72060816722532,-10.162948307322978,-10.240927617849865,-10.00103013071698,-9.739492905131545,-9.973001425649338,0.2130157067845861,71,-13.983140043774053,-15.210238870832201,-14.94590287669013,-13.978037344869199,-14.103234782107668,-14.44411078365465,0.5262437595626728,116,-0.4044095439444277,-0.3729942476536482,-0.4172205438066465,-0.3808376016872552,-0.4177215189873418,-0.39863669121586387,0.018532450224929477,89,0.7357646650910081,-0.9129244490502179,1.2440190728001963,-1.1717895552564948,0.38089244390636734,0.055192435498171856,0.9407765873482256,158,-12.927950129872803,-12.399687014559628,-13.76363995150315,-11.591870834633445,-12.11379458445447,-12.5593885030047,0.7411083818553597,12,9.973001425649338,14.44411078365465,0.39863669121586387,12.5593885030047,0.055192435498171856
75.98221907615661,1.4942955145300667,0.3901662349700928,0.03688087455117694,22,0.7,1,2,"{'max_depth': 22, 'max_features': 0.7, 'min_samples_leaf': 1, 'min_samples_split': 2}",-9.684733401581534,-10.091964740245094,-10.296969754667995,-10.010069178638616,-9.830524113588117,-9.982852237744272,0.21137398723396492,80,-13.923568591659775,-15.186895538810273,-15.01283290763357,-13.985229922741576,-14.188535587696167,-14.459412509708272,0.5330774487149053,152,-0.4022953790395651,-0.37026945201332123,-0.41963746223564957,-0.37451039469719793,-0.4159132007233273,-0.39652517774181223,0.02057854299363102,40,0.6506983928992761,-0.8704884365236811,1.190618503369209,-1.1802758204210673,0.32003422307409995,0.02211737247956732,0.9046278751608912,196,-12.845576077900132,-12.452386030740728,-13.687515167063768,-11.788448976638797,-12.202736435161317,-12.595332537500948,0.6451528826545038,54,9.982852237744272,14.459412509708272,0.39652517774181223,12.595332537500948,0.02211737247956732
72.99326548576354,1.0650587743778108,0.3230219841003418,0.008280979593521877,22,0.7,1,4,"{'max_depth': 22, 'max_features': 0.7, 'min_samples_leaf': 1, 'min_samples_split': 4}",-9.679461106611933,-10.079888342787765,-10.23959645906853,-9.998282355234288,-9.830727021302785,-9.96559105700106,0.19456115106312813,65,-13.94198196370852,-15.176806791040748,-14.943643206272048,-13.990722675117562,-14.216265823300569,-14.45388409188789,0.5090198321202254,140,-0.4013893083660526,-0.36542537087496213,-0.41963746223564957,-0.3766194636938837,-0.41711874623267026,-0.39603807028064364,0.021652628454582837,22,0.6605408405283167,-0.8341681049752662,1.1450899208790148,-1.1598939823493601,0.345865045359147,0.03148674388837046,0.8835611083508229,184,-12.880265781407589,-12.650627152234748,-13.564907097777672,-11.733844403842031,-12.198675027884496,-12.605663892629307,0.6202071550238406,61,9.96559105700106,14.45388409188789,0.39603807028064364,12.605663892629307,0.03148674388837046
70.74694080352783,1.5296501988899522,0.2917454242706299,0.015533948058061202,22,0.7,1,8,"{'max_depth': 22, 'max_features': 0.7, 'min_samples_leaf': 1, 'min_samples_split': 8}",-9.72027227430073,-10.11131404614577,-10.275028192289232,-10.034634890373205,-9.79742068626217,-9.98773401787422,0.2038453366384508,82,-13.965772319366344,-15.22417415861577,-14.969359171499917,-14.03161920428571,-14.152748760217715,-14.468734722797091,0.5225326524083592,159,-0.4022953790395651,-0.36603088101725706,-0.4163141993957704,-0.37601687255197347,-0.41350210970464135,-0.39483188834184146,0.020244867939467823,2,0.6470500501411975,-0.8339303399038384,1.1320648236315238,-1.1576247630776686,0.2651650193025851,0.010544958018759909,0.8724145738074316,201,-12.885211792878083,-12.67295218433296,-13.70010082826477,-11.804005053082486,-12.167514348055342,-12.645956841322729,0.6491504076373845,124,9.98773401787422,14.468734722797091,0.39483188834184146,12.645956841322729,0.010544958018759909
70.68595156669616,1.136230528973977,0.32598047256469725,0.020091197387101113,22,0.7,2,2,"{'max_depth': 22, 'max_features': 0.7, 'min_samples_leaf': 2, 'min_samples_split': 2}",-9.674316855715382,-10.078744338618863,-10.245262482487261,-9.979468915810147,-9.784394900728705,-9.952437498672072,0.20397058279977598,49,-13.923443841763532,-15.222508955868234,-14.956087845622687,-13.97363780927434,-14.20067509157315,-14.455270708820388,0.532747844109772,143,-0.4019933554817276,-0.36905843172873143,-0.41570996978851965,-0.3769207592648388,-0.41470765521398434,-0.39567803429556037,0.019306614415642687,18,0.7142187807656061,-0.8356241131695876,1.1766758922608573,-1.1168980622773308,0.3441107514167072,0.05649664979925042,0.8880153618382269,147,-12.921277795788335,-12.522570182386774,-13.737869193465215,-11.756543830086098,-12.211621276823577,-12.629976455709999,0.6725659081245076,105,9.952437498672072,14.455270708820388,0.39567803429556037,12.629976455709999,0.05649664979925042
70.29981188774109,1.6170158296268107,0.3065605163574219,0.008409814839250447,22,0.7,2,4,"{'max_depth': 22, 'max_features': 0.7, 'min_samples_leaf': 2, 'min_samples_split': 4}",-9.674316855715382,-10.078744338618863,-10.245262482487261,-9.979468915810147,-9.784394900728705,-9.952437498672072,0.20397058279977598,49,-13.923443841763532,-15.222508955868234,-14.956087845622687,-13.97363780927434,-14.20067509157315,-14.455270708820388,0.532747844109772,143,-0.4019933554817276,-0.36905843172873143,-0.41570996978851965,-0.3769207592648388,-0.41470765521398434,-0.39567803429556037,0.019306614415642687,18,0.7142187807656061,-0.8356241131695876,1.1766758922608573,-1.1168980622773308,0.3441107514167072,0.05649664979925042,0.8880153618382269,147,-12.921277795788335,-12.522570182386774,-13.737869193465215,-11.756543830086098,-12.211621276823577,-12.629976455709999,0.6725659081245076,105,9.952437498672072,14.455270708820388,0.39567803429556037,12.629976455709999,0.05649664979925042
68.3845465183258,0.8817522444046564,0.28359522819519045,0.0060757208681802375,22,0.7,2,8,"{'max_depth': 22, 'max_features': 0.7, 'min_samples_leaf': 2, 'min_samples_split': 8}",-9.695356538768182,-10.071494093335394,-10.245244513802211,-10.00956984254397,-9.833545064808739,-9.971042010651699,0.1906147512673648,70,-13.935784683016719,-15.206053630653312,-14.983307503246774,-14.032225335411157,-14.261121759181128,-14.483698582301816,0.5147784116772903,191,-0.4013893083660526,-0.36481986073266726,-0.4199395770392749,-0.3772220548357939,-0.41350210970464135,-0.395374582135686,0.021125001346235534,9,0.7135914253459206,-0.8483368743462909,1.184001416467317,-1.148068402252345,0.3605018563426742,0.05233788431145514,0.9016733225404021,163,-12.966150003454402,-12.640700537062656,-13.60820288819861,-11.745736134316255,-12.32647510363717,-12.657452933333818,0.6229404218573069,136,9.971042010651699,14.483698582301816,0.395374582135686,12.657452933333818,0.05233788431145514
64.49394435882569,1.547614564826832,0.2712216377258301,0.005094481498424956,22,0.7,4,2,"{'max_depth': 22, 'max_features': 0.7, 'min_samples_leaf': 4, 'min_samples_split': 2}",-9.632710653981494,-10.075487321178032,-10.201398543377577,-9.976270364408109,-9.754673960201272,-9.928108168629297,0.20787830909040503,4,-13.896729042638443,-15.215515763098423,-14.92682187735016,-13.980465347079194,-14.158865772905408,-14.435679560614327,0.5336063702937027,94,-0.40471156750226517,-0.36603088101725706,-0.4169184290030212,-0.3733052124133775,-0.4159132007233273,-0.39537585813184967,0.021546514122680313,10,0.7263069864070045,-0.8648178298185412,1.2395673337309077,-1.1693536038028918,0.39140238480322426,0.06462105426394073,0.9286186694670718,134,-12.798025151987433,-12.581820235715634,-13.72086849754677,-11.795866314951056,-12.197348301711925,-12.618785700382563,0.6485191615229549,84,9.928108168629297,14.435679560614327,0.39537585813184967,12.618785700382563,0.06462105426394073
64.06989841461181,1.659528989054938,0.2702817916870117,0.005561583118897831,22,0.7,4,4,"{'max_depth': 22, 'max_features': 0.7, 'min_samples_leaf': 4, 'min_samples_split': 4}",-9.632710653981494,-10.075487321178032,-10.201398543377577,-9.976270364408109,-9.754673960201272,-9.928108168629297,0.20787830909040503,4,-13.896729042638443,-15.215515763098423,-14.92682187735016,-13.980465347079194,-14.158865772905408,-14.435679560614327,0.5336063702937027,94,-0.40471156750226517,-0.36603088101725706,-0.4169184290030212,-0.3733052124133775,-0.4159132007233273,-0.39537585813184967,0.021546514122680313,10,0.7263069864070045,-0.8648178298185412,1.2395673337309077,-1.1693536038028918,0.39140238480322426,0.06462105426394073,0.9286186694670718,134,-12.798025151987433,-12.581820235715634,-13.72086849754677,-11.795866314951056,-12.197348301711925,-12.618785700382563,0.6485191615229549,84,9.928108168629297,14.435679560614327,0.39537585813184967,12.618785700382563,0.06462105426394073
63.82910814285278,1.1511311669594926,0.2829695701599121,0.02906729114529854,22,0.7,4,8,"{'max_depth': 22, 'max_features': 0.7, 'min_samples_leaf': 4, 'min_samples_split': 8}",-9.632710653981494,-10.075487321178032,-10.201398543377577,-9.976270364408109,-9.754673960201272,-9.928108168629297,0.20787830909040503,4,-13.896729042638443,-15.215515763098423,-14.92682187735016,-13.980465347079194,-14.158865772905408,-14.435679560614327,0.5336063702937027,94,-0.40471156750226517,-0.36603088101725706,-0.4169184290030212,-0.3733052124133775,-0.4159132007233273,-0.39537585813184967,0.021546514122680313,10,0.7263069864070045,-0.8648178298185412,1.2395673337309077,-1.1693536038028918,0.39140238480322426,0.06462105426394073,0.9286186694670718,134,-12.798025151987433,-12.581820235715634,-13.72086849754677,-11.795866314951056,-12.197348301711925,-12.618785700382563,0.6485191615229549,84,9.928108168629297,14.435679560614327,0.39537585813184967,12.618785700382563,0.06462105426394073
60.28690266609192,0.8014937913804475,0.2498551845550537,0.00475198035302974,22,0.7,6,2,"{'max_depth': 22, 'max_features': 0.7, 'min_samples_leaf': 6, 'min_samples_split': 2}",-9.679370449778357,-10.094154543218293,-10.23558837733629,-9.952283529115146,-9.781422167655723,-9.948563813420762,0.20198762039139007,41,-13.95371848173041,-15.240745950225701,-14.97987002233006,-13.963705568698247,-14.226495773895545,-14.472907159375993,0.5359383298452604,175,-0.40380549682875266,-0.36693914623069934,-0.41842900302114805,-0.3769207592648388,-0.4141048824593128,-0.3960398575609503,0.020495440623889766,28,0.7486495893290412,-0.8728051343781463,1.2455077351335238,-1.1635197243723174,0.35212276364982387,0.06199104587238504,0.930817776937989,138,-12.912181880884294,-12.565229825659653,-13.71928813439534,-11.658635918441826,-12.23548110701303,-12.61816337327883,0.6883114464139464,81,9.948563813420762,14.472907159375993,0.3960398575609503,12.61816337327883,0.06199104587238504
60.648693799972534,1.1477509860821378,0.2567419528961182,0.0145687955082748,22,0.7,6,4,"{'max_depth': 22, 'max_features': 0.7, 'min_samples_leaf': 6, 'min_samples_split': 4}",-9.679370449778357,-10.094154543218293,-10.23558837733629,-9.952283529115146,-9.781422167655723,-9.948563813420762,0.20198762039139007,41,-13.95371848173041,-15.240745950225701,-14.97987002233006,-13.963705568698247,-14.226495773895545,-14.472907159375993,0.5359383298452604,175,-0.40380549682875266,-0.36693914623069934,-0.41842900302114805,-0.3769207592648388,-0.4141048824593128,-0.3960398575609503,0.020495440623889766,28,0.7486495893290412,-0.8728051343781463,1.2455077351335238,-1.1635197243723174,0.35212276364982387,0.06199104587238504,0.930817776937989,138,-12.912181880884294,-12.565229825659653,-13.71928813439534,-11.658635918441826,-12.23548110701303,-12.61816337327883,0.6883114464139464,81,9.948563813420762,14.472907159375993,0.3960398575609503,12.61816337327883,0.06199104587238504
61.08935914039612,1.1109993134475187,0.2725527763366699,0.026668836599387905,22,0.7,6,8,"{'max_depth': 22, 'max_features': 0.7, 'min_samples_leaf': 6, 'min_samples_split': 8}",-9.679370449778357,-10.094154543218293,-10.23558837733629,-9.952283529115146,-9.781422167655723,-9.948563813420762,0.20198762039139007,41,-13.95371848173041,-15.240745950225701,-14.97987002233006,-13.963705568698247,-14.226495773895545,-14.472907159375993,0.5359383298452604,175,-0.40380549682875266,-0.36693914623069934,-0.41842900302114805,-0.3769207592648388,-0.4141048824593128,-0.3960398575609503,0.020495440623889766,28,0.7486495893290412,-0.8728051343781463,1.2455077351335238,-1.1635197243723174,0.35212276364982387,0.06199104587238504,0.930817776937989,138,-12.912181880884294,-12.565229825659653,-13.71928813439534,-11.658635918441826,-12.23548110701303,-12.61816337327883,0.6883114464139464,81,9.948563813420762,14.472907159375993,0.3960398575609503,12.61816337327883,0.06199104587238504
26.67421531677246,0.45564046738013225,0.40529327392578124,0.005304229602195125,,0.25,1,2,"{'max_depth': None, 'max_features': 0.25, 'min_samples_leaf': 1, 'min_samples_split': 2}",-10.13441457767039,-10.600463215258856,-10.54009869083585,-10.488545746710855,-10.059566003616636,-10.364617646818518,0.22263192087868713,227,-14.201220631755321,-14.883773436188873,-14.97277361843161,-14.137439300437435,-14.007528241085964,-14.440547045579843,0.40407214225842764,110,-0.41407429779522803,-0.38207689978807147,-0.42507552870090637,-0.38324796625489604,-0.42977697408077153,-0.4068503333239747,0.020399848068168663,205,0.7719279170441962,-1.3637995761429005,1.3258851963746225,-1.5623109370292254,0.3652923447860162,-0.0926010109934582,1.1614794679115483,237,-13.169547775346462,-12.087440570522979,-13.95750059227671,-11.645508385744234,-12.128218793828893,-12.597643223543857,0.844217231686733,56,10.364617646818518,14.440547045579843,0.4068503333239747,12.597643223543857,-0.0926010109934582
25.42092604637146,0.23454179533295574,0.34225029945373536,0.00801697041389787,,0.25,1,4,"{'max_depth': None, 'max_features': 0.25, 'min_samples_leaf': 1, 'min_samples_split': 4}",-10.150450363637392,-10.568592721728658,-10.506195733577155,-10.487229641206216,-10.085010908847032,-10.359495873799291,0.200299913785553,224,-14.210583558363442,-14.86940190814448,-14.929603557756725,-14.148369520550208,-14.049424208244867,-14.441476550611943,0.3779725997529608,111,-0.412866203563878,-0.3814713896457766,-0.42477341389728096,-0.3808376016872552,-0.4321880650994575,-0.40642733477872967,0.021537346698633213,200,0.7646073990860308,-1.3822932932946554,1.2707949844828998,-1.5201482349321318,0.32457067804106476,-0.10849369332335837,1.1373320965987006,239,-13.218637985507407,-12.040613893697426,-13.862673996009521,-11.772841450721394,-12.042884137132043,-12.587530292613557,0.8104027733822173,40,10.359495873799291,14.441476550611943,0.40642733477872967,12.587530292613557,-0.10849369332335837
25.030506229400636,0.7818192745017611,0.31788105964660646,0.009419013194981868,,0.25,1,8,"{'max_depth': None, 'max_features': 0.25, 'min_samples_leaf': 1, 'min_samples_split': 8}",-10.167378011080975,-10.555448475376217,-10.536778439201107,-10.483431708763147,-10.069900472600839,-10.36258742140446,0.20293526183794366,226,-14.204385548812544,-14.843803011500775,-14.967971128805567,-14.151974971130713,-14.047937672600547,-14.44321446657003,0.3831303110958637,115,-0.4155844155844156,-0.3799576142900394,-0.42628398791540784,-0.37812594154865925,-0.43128390596745025,-0.40624717306119446,0.022792282045562207,193,0.747812074351439,-1.386976140313946,1.2747315326009272,-1.5414826749470294,0.34697346997205575,-0.11178834766731068,1.1438481057560432,240,-13.132338071535873,-12.06512514849031,-13.854038981808905,-11.824035395711432,-12.076585514135871,-12.59042462233648,0.7768801772364243,45,10.36258742140446,14.44321446657003,0.40624717306119446,12.59042462233648,-0.11178834766731068
25.49068832397461,0.23315381499713334,0.34062395095825193,0.013745854815715027,,0.25,2,2,"{'max_depth': None, 'max_features': 0.25, 'min_samples_leaf': 2, 'min_samples_split': 2}",-10.036738220159314,-10.498044421809789,-10.500251215660809,-10.439027905084549,-10.02798185814197,-10.300408724171287,0.2199775896419194,199,-14.125522622530555,-14.86416738744611,-14.971654699057005,-14.113079822230317,-14.039643757373506,-14.422813657727499,0.40673229141088396,61,-0.41498036846874053,-0.3796548592188919,-0.42628398791540784,-0.37812594154865925,-0.43248945147679324,-0.4063069217256986,0.02308391992589118,195,0.8464914331979418,-1.3201641174447722,1.346956873609215,-1.425647130368432,0.4329844942663654,-0.02387568934793638,1.1393655192889593,222,-13.112945190053088,-12.087136620940049,-13.89591026771218,-11.918490355092745,-12.093897685467198,-12.621676023853052,0.7646921909327865,89,10.300408724171287,14.422813657727499,0.4063069217256986,12.621676023853052,-0.02387568934793638
25.49131283760071,0.6381714129419493,0.34175934791564944,0.0076410387670497555,,0.25,2,4,"{'max_depth': None, 'max_features': 0.25, 'min_samples_leaf': 2, 'min_samples_split': 4}",-10.036738220159314,-10.498044421809789,-10.500251215660809,-10.439027905084549,-10.02798185814197,-10.300408724171287,0.2199775896419194,199,-14.125522622530555,-14.86416738744611,-14.971654699057005,-14.113079822230317,-14.039643757373506,-14.422813657727499,0.40673229141088396,61,-0.41498036846874053,-0.3796548592188919,-0.42628398791540784,-0.37812594154865925,-0.43248945147679324,-0.4063069217256986,0.02308391992589118,195,0.8464914331979418,-1.3201641174447722,1.346956873609215,-1.425647130368432,0.4329844942663654,-0.02387568934793638,1.1393655192889593,222,-13.112945190053088,-12.087136620940049,-13.89591026771218,-11.918490355092745,-12.093897685467198,-12.621676023853052,0.7646921909327865,89,10.300408724171287,14.422813657727499,0.4063069217256986,12.621676023853052,-0.02387568934793638
24.51523013114929,0.7177170607415088,0.29540019035339354,0.007091752023446399,,0.25,2,8,"{'max_depth': None, 'max_features': 0.25, 'min_samples_leaf': 2, 'min_samples_split': 8}",-10.119171975031158,-10.553316994069238,-10.528476367272967,-10.42423941732514,-10.016340780535717,-10.328309106846845,0.21952707461846457,204,-14.23518575711458,-14.867967428145926,-14.994255461885336,-14.1146649527333,-14.011728981153013,-14.44476051620643,0.4053269684251956,119,-0.4173965569314407,-0.3802603693611868,-0.42658610271903324,-0.377523350406749,-0.4318866787221218,-0.40673061162810625,0.02321451468816965,204,0.8608901762815538,-1.3632141172615444,1.3507874533734794,-1.4315131448862033,0.4077398088089799,-0.03506196473674691,1.1518199770905202,225,-13.153033930172354,-12.083960908477632,-13.923641376182626,-11.910159017647578,-12.06807375975077,-12.62777379844619,0.7847469084031787,99,10.328309106846845,14.44476051620643,0.40673061162810625,12.62777379844619,-0.03506196473674691
22.517181205749512,0.3151251974365617,0.3121938705444336,0.045491530153134674,,0.25,4,2,"{'max_depth': None, 'max_features': 0.25, 'min_samples_leaf': 4, 'min_samples_split': 2}",-10.112757797174222,-10.48484090546391,-10.494835593272253,-10.420228235230235,-9.988245993992127,-10.30018170502655,0.20920417538016256,196,-14.221230644649511,-14.810459501293884,-14.987034240068859,-14.13199393125944,-14.04271781542954,-14.438687226540248,0.3839372314413916,103,-0.4143763213530655,-0.3799576142900394,-0.42114803625377645,-0.37872853269056944,-0.4318866787221218,-0.4052194366619145,0.021856981877971093,182,0.9006130900200984,-1.336240021482694,1.3743949102201007,-1.4335022312235677,0.47561552207699404,-0.0038237460778136946,1.1633287040866582,210,-13.289092932762534,-12.038975585573688,-14.091518280688554,-11.864337154852082,-12.114128580013027,-12.679610506777976,0.8671569569273895,160,10.30018170502655,14.438687226540248,0.4052194366619145,12.679610506777976,-0.0038237460778136946
22.411108589172365,0.2189873382404773,0.29314508438110354,0.00703558432799348,,0.25,4,4,"{'max_depth': None, 'max_features': 0.25, 'min_samples_leaf': 4, 'min_samples_split': 4}",-10.112757797174222,-10.48484090546391,-10.494835593272253,-10.420228235230235,-9.988245993992127,-10.30018170502655,0.20920417538016256,196,-14.221230644649511,-14.810459501293884,-14.987034240068859,-14.13199393125944,-14.04271781542954,-14.438687226540248,0.3839372314413916,103,-0.4143763213530655,-0.3799576142900394,-0.42114803625377645,-0.37872853269056944,-0.4318866787221218,-0.4052194366619145,0.021856981877971093,182,0.9006130900200984,-1.336240021482694,1.3743949102201007,-1.4335022312235677,0.47561552207699404,-0.0038237460778136946,1.1633287040866582,210,-13.289092932762534,-12.038975585573688,-14.091518280688554,-11.864337154852082,-12.114128580013027,-12.679610506777976,0.8671569569273895,160,10.30018170502655,14.438687226540248,0.4052194366619145,12.679610506777976,-0.0038237460778136946
22.473170661926268,0.20656758649450688,0.29412164688110354,0.01085444188915233,,0.25,4,8,"{'max_depth': None, 'max_features': 0.25, 'min_samples_leaf': 4, 'min_samples_split': 8}",-10.112757797174222,-10.48484090546391,-10.494835593272253,-10.420228235230235,-9.988245993992127,-10.30018170502655,0.20920417538016256,196,-14.221230644649511,-14.810459501293884,-14.987034240068859,-14.13199393125944,-14.04271781542954,-14.438687226540248,0.3839372314413916,103,-0.4143763213530655,-0.3799576142900394,-0.42114803625377645,-0.37872853269056944,-0.4318866787221218,-0.4052194366619145,0.021856981877971093,182,0.9006130900200984,-1.336240021482694,1.3743949102201007,-1.4335022312235677,0.47561552207699404,-0.0038237460778136946,1.1633287040866582,210,-13.289092932762534,-12.038975585573688,-14.091518280688554,-11.864337154852082,-12.114128580013027,-12.679610506777976,0.8671569569273895,160,10.30018170502655,14.438687226540248,0.4052194366619145,12.679610506777976,-0.0038237460778136946
21.358324813842774,0.36211811846224173,0.2722598075866699,0.021538613803708126,,0.25,6,2,"{'max_depth': None, 'max_features': 0.25, 'min_samples_leaf': 6, 'min_samples_split': 2}",-10.147912178690026,-10.536351546514975,-10.55092984013423,-10.44108464963198,-10.001032333393002,-10.335462109672843,0.2213401371313361,213,-14.258512635813673,-14.848752276325019,-15.039540752294478,-14.16590267440844,-14.079181519978206,-14.478377971763965,0.38920950046475467,188,-0.4195107218363032,-0.38116863457462913,-0.42658610271903324,-0.3772220548357939,-0.432790837854129,-0.4074556703639777,0.023487222817277997,210,0.9532775502888038,-1.3485208497604066,1.4814081354848458,-1.4455625244961468,0.47663060083951747,0.023446582471322742,1.2029875863648993,192,-13.231115620103994,-12.052186176084328,-14.103059029496864,-11.923377768900092,-12.104765186554145,-12.682900756227886,0.8516226681947827,165,10.335462109672843,14.478377971763965,0.4074556703639777,12.682900756227886,0.023446582471322742
21.075862836837768,0.36693157357631223,0.2816930294036865,0.018720662118550068,,0.25,6,4,"{'max_depth': None, 'max_features': 0.25, 'min_samples_leaf': 6, 'min_samples_split': 4}",-10.147912178690026,-10.536351546514975,-10.55092984013423,-10.44108464963198,-10.001032333393002,-10.335462109672843,0.2213401371313361,213,-14.258512635813673,-14.848752276325019,-15.039540752294478,-14.16590267440844,-14.079181519978206,-14.478377971763965,0.38920950046475467,188,-0.4195107218363032,-0.38116863457462913,-0.42658610271903324,-0.3772220548357939,-0.432790837854129,-0.4074556703639777,0.023487222817277997,210,0.9532775502888038,-1.3485208497604066,1.4814081354848458,-1.4455625244961468,0.47663060083951747,0.023446582471322742,1.2029875863648993,192,-13.231115620103994,-12.052186176084328,-14.103059029496864,-11.923377768900092,-12.104765186554145,-12.682900756227886,0.8516226681947827,165,10.335462109672843,14.478377971763965,0.4074556703639777,12.682900756227886,0.023446582471322742
21.125284671783447,0.06933471644681354,0.26196932792663574,0.00818497782894808,,0.25,6,8,"{'max_depth': None, 'max_features': 0.25, 'min_samples_leaf': 6, 'min_samples_split': 8}",-10.147912178690026,-10.536351546514975,-10.55092984013423,-10.44108464963198,-10.001032333393002,-10.335462109672843,0.2213401371313361,213,-14.258512635813673,-14.848752276325019,-15.039540752294478,-14.16590267440844,-14.079181519978206,-14.478377971763965,0.38920950046475467,188,-0.4195107218363032,-0.38116863457462913,-0.42658610271903324,-0.3772220548357939,-0.432790837854129,-0.4074556703639777,0.023487222817277997,210,0.9532775502888038,-1.3485208497604066,1.4814081354848458,-1.4455625244961468,0.47663060083951747,0.023446582471322742,1.2029875863648993,192,-13.231115620103994,-12.052186176084328,-14.103059029496864,-11.923377768900092,-12.104765186554145,-12.682900756227886,0.8516226681947827,165,10.335462109672843,14.478377971763965,0.4074556703639777,12.682900756227886,0.023446582471322742
44.438761138916014,0.40629649459677486,0.3852549076080322,0.009201920330364988,,0.4,1,2,"{'max_depth': None, 'max_features': 0.4, 'min_samples_leaf': 1, 'min_samples_split': 2}",-9.846062619550992,-10.28343526087395,-10.352531722054382,-10.192280807472129,-9.832020293349407,-10.101266140660172,0.22010261870697467,144,-14.039095546791419,-15.09981500393385,-14.93446812782971,-14.017411870940114,-14.033092534409445,-14.424776616780909,0.48653357640569966,71,-0.40652370884929023,-0.3763245534362701,-0.42235649546827797,-0.37812594154865925,-0.41952983725135623,-0.40057210731077075,0.019804801837369736,148,0.6943219571126544,-1.0882672318094662,1.2063665659617322,-1.3216008838003415,0.3215220012055459,-0.03753151826597502,0.9964628501287546,227,-12.964046557701833,-12.21707160096541,-13.683817358130664,-11.729795484727754,-12.101096743295018,-12.539165548964135,0.6987818438588609,6,10.101266140660172,14.424776616780909,0.40057210731077075,12.539165548964135,-0.03753151826597502
42.49027500152588,0.25063000660198415,0.34424700736999514,0.011114350492959207,,0.4,1,4,"{'max_depth': None, 'max_features': 0.4, 'min_samples_leaf': 1, 'min_samples_split': 4}",-9.818056517668266,-10.298088691204455,-10.356527682882744,-10.156919866793624,-9.839560900036942,-10.093830731717206,0.22601584261607635,141,-13.99618214188402,-15.090246062820224,-14.944872308220155,-13.98773106506557,-14.047785724358288,-14.413363460469654,0.49588748367679597,42,-0.4013893083660526,-0.3726914925825008,-0.42235649546827797,-0.3763181681229286,-0.4228450874020494,-0.3991201103883618,0.0215701358157455,107,0.6611764861423585,-1.076739046086116,1.2038550016085523,-1.3121191627606212,0.29741622878271523,-0.04528209846262223,0.9844438990935944,232,-13.053702210540624,-12.371290770847228,-13.685574637219666,-11.751758821731599,-11.98663225710036,-12.569791739487895,0.711026903829643,20,10.093830731717206,14.413363460469654,0.3991201103883618,12.569791739487895,-0.04528209846262223
40.98300123214722,0.5581319201584435,0.29733901023864745,0.003728330329717334,,0.4,1,8,"{'max_depth': None, 'max_features': 0.4, 'min_samples_leaf': 1, 'min_samples_split': 8}",-9.85019996326627,-10.266972374492882,-10.359599017574231,-10.159014171144845,-9.842027598929226,-10.095562625081492,0.2133567260485435,143,-14.0320192872954,-15.051443793414887,-14.927505129713625,-14.007145406879735,-14.021005648375771,-14.407823853135884,0.4765953984848889,36,-0.4050135910601027,-0.37481077808053287,-0.42205438066465256,-0.37872853269056944,-0.4204339963833635,-0.4002082557758442,0.02007902079324651,138,0.6793927592150103,-1.086811427221078,1.2029087631614488,-1.349429242998116,0.2830443005840754,-0.054178969451731916,0.9976091064540306,234,-12.999060963510633,-12.246394026186902,-13.69788860208844,-11.63047429455807,-12.041214538560979,-12.523006484981005,0.7365089949978133,4,10.095562625081492,14.407823853135884,0.4002082557758442,12.523006484981005,-0.054178969451731916
40.72116594314575,0.5969330810001859,0.33052568435668944,0.012187675696490917,,0.4,2,2,"{'max_depth': None, 'max_features': 0.4, 'min_samples_leaf': 2, 'min_samples_split': 2}",-9.782190741012851,-10.228913950423715,-10.259966842388897,-10.110013378102488,-9.786996456496531,-10.033616273684896,0.20940315793466024,112,-13.998215245349561,-15.093420717238233,-14.873894820840423,-13.960519630813238,-14.020284968366568,-14.389267076521605,0.4906302280335002,1,-0.4077318030806403,-0.3745080230093854,-0.4199395770392749,-0.3796324194034348,-0.42254370102471367,-0.4008711047114898,0.02013192032782943,152,0.7136331527796345,-0.9805800020473805,1.2773445928805442,-1.2831484475011907,0.36451590111995497,0.018353039446312492,0.9879348395852859,198,-12.870989967535893,-12.347310845386835,-13.736870809619372,-11.625541549470517,-12.01238159863463,-12.518618954129447,0.7336910648802285,1,10.033616273684896,14.389267076521605,0.4008711047114898,12.518618954129447,0.018353039446312492
40.853274297714236,0.4070709598073041,0.3344903469085693,0.010273377789814771,,0.4,2,4,"{'max_depth': None, 'max_features': 0.4, 'min_samples_leaf': 2, 'min_samples_split': 4}",-9.782190741012851,-10.228913950423715,-10.259966842388897,-10.110013378102488,-9.786996456496531,-10.033616273684896,0.20940315793466024,112,-13.998215245349561,-15.093420717238233,-14.873894820840423,-13.960519630813238,-14.020284968366568,-14.389267076521605,0.4906302280335002,1,-0.4077318030806403,-0.3745080230093854,-0.4199395770392749,-0.3796324194034348,-0.42254370102471367,-0.4008711047114898,0.02013192032782943,152,0.7136331527796345,-0.9805800020473805,1.2773445928805442,-1.2831484475011907,0.36451590111995497,0.018353039446312492,0.9879348395852859,198,-12.870989967535893,-12.347310845386835,-13.736870809619372,-11.625541549470517,-12.01238159863463,-12.518618954129447,0.7336910648802285,1,10.033616273684896,14.389267076521605,0.4008711047114898,12.518618954129447,0.018353039446312492
39.1713134765625,0.5619066569598724,0.29057989120483396,0.006180192902017099,,0.4,2,8,"{'max_depth': None, 'max_features': 0.4, 'min_samples_leaf': 2, 'min_samples_split': 8}",-9.80662211077939,-10.238584007108363,-10.26987052352932,-10.122871096037398,-9.821006207497827,-10.05179078899046,0.2004355711104005,122,-14.022627864777,-15.040923996200217,-14.866202016689526,-13.98716878012752,-14.03834507361784,-14.391053546282421,0.4628955226442968,8,-0.40561763817577773,-0.37178322736905844,-0.41842900302114805,-0.3772220548357939,-0.42224231464737794,-0.39905884760983124,0.020863838459893386,106,0.6809111674757464,-1.0594742421201038,1.2431684217333177,-1.3353313432650096,0.3844133119885954,-0.017262536837490773,1.0060801983295078,219,-12.92785654665032,-12.34470665869553,-13.757458089826473,-11.647701453455097,-12.084790137635956,-12.552502577252676,0.7312191919241648,11,10.05179078899046,14.391053546282421,0.39905884760983124,12.552502577252676,-0.017262536837490773
37.79444351196289,1.1088764229143937,0.28523430824279783,0.01526025785484813,,0.4,4,2,"{'max_depth': None, 'max_features': 0.4, 'min_samples_leaf': 4, 'min_samples_split': 2}",-9.79099690888292,-10.204484417318492,-10.280174264341369,-10.0932067794673,-9.744403846910382,-10.022653243384093,0.21699992509472768,101,-14.03222326012745,-15.046269505496078,-14.916688750339933,-13.977144809274618,-14.006465579999658,-14.395758381047548,0.48030764396269676,16,-0.40380549682875266,-0.37390251286709053,-0.4217522658610272,-0.3754142814100633,-0.42163954189270647,-0.39930281977192805,0.021161373969629277,112,0.7916109854432999,-0.9855300248472432,1.3025592531283703,-1.2717473225787894,0.4000441999008605,0.04738741820929959,1.0060543491678948,168,-13.10359563878613,-12.328018768555681,-13.731679062616346,-11.74896626701965,-12.02976362377402,-12.588404672150364,0.7289767540503186,41,10.022653243384093,14.395758381047548,0.39930281977192805,12.588404672150364,0.04738741820929959
37.69799890518188,0.946182262847659,0.2971648693084717,0.01567045882080552,,0.4,4,4,"{'max_depth': None, 'max_features': 0.4, 'min_samples_leaf': 4, 'min_samples_split': 4}",-9.79099690888292,-10.204484417318492,-10.280174264341369,-10.0932067794673,-9.744403846910382,-10.022653243384093,0.21699992509472768,101,-14.03222326012745,-15.046269505496078,-14.916688750339933,-13.977144809274618,-14.006465579999658,-14.395758381047548,0.48030764396269676,16,-0.40380549682875266,-0.37390251286709053,-0.4217522658610272,-0.3754142814100633,-0.42163954189270647,-0.39930281977192805,0.021161373969629277,112,0.7916109854432999,-0.9855300248472432,1.3025592531283703,-1.2717473225787894,0.4000441999008605,0.04738741820929959,1.0060543491678948,168,-13.10359563878613,-12.328018768555681,-13.731679062616346,-11.74896626701965,-12.02976362377402,-12.588404672150364,0.7289767540503186,41,10.022653243384093,14.395758381047548,0.39930281977192805,12.588404672150364,0.04738741820929959
37.40171241760254,0.45142321391306,0.29022579193115233,0.020012272421363293,,0.4,4,8,"{'max_depth': None, 'max_features': 0.4, 'min_samples_leaf': 4, 'min_samples_split': 8}",-9.79099690888292,-10.204484417318492,-10.280174264341369,-10.0932067794673,-9.744403846910382,-10.022653243384093,0.21699992509472768,101,-14.03222326012745,-15.046269505496078,-14.916688750339933,-13.977144809274618,-14.006465579999658,-14.395758381047548,0.48030764396269676,16,-0.40380549682875266,-0.37390251286709053,-0.4217522658610272,-0.3754142814100633,-0.42163954189270647,-0.39930281977192805,0.021161373969629277,112,0.7916109854432999,-0.9855300248472432,1.3025592531283703,-1.2717473225787894,0.4000441999008605,0.04738741820929959,1.0060543491678948,168,-13.10359563878613,-12.328018768555681,-13.731679062616346,-11.74896626701965,-12.02976362377402,-12.588404672150364,0.7289767540503186,41,10.022653243384093,14.395758381047548,0.39930281977192805,12.588404672150364,0.04738741820929959
35.56936025619507,0.8571410783836055,0.26634864807128905,0.015340294227842282,,0.4,6,2,"{'max_depth': None, 'max_features': 0.4, 'min_samples_leaf': 6, 'min_samples_split': 2}",-9.824751673179044,-10.266950599559305,-10.304123015094758,-10.105389071259893,-9.76763049806648,-10.053768971431897,0.2214101792125098,124,-14.079175768812195,-15.109269391820572,-14.97264848483195,-13.992718348424592,-14.039532684536951,-14.438668935685252,0.49442009282857347,100,-0.40622168529145275,-0.37541628822282774,-0.4199395770392749,-0.377523350406749,-0.42224231464737794,-0.4002686431215364,0.020200071669631007,139,0.8161548573946232,-1.0001547018096184,1.3606226469983698,-1.2227789449865576,0.4156859627192931,0.073905964063222,1.0157150069393783,108,-13.097413205475618,-12.34202695575291,-13.888600050909446,-11.76431883842825,-12.058616708382297,-12.630195151789705,0.7695921278228068,107,10.053768971431897,14.438668935685252,0.4002686431215364,12.630195151789705,0.073905964063222
35.09848875999451,0.5777981063309182,0.2597818851470947,0.002693464907707893,,0.4,6,4,"{'max_depth': None, 'max_features': 0.4, 'min_samples_leaf': 6, 'min_samples_split': 4}",-9.824751673179044,-10.266950599559305,-10.304123015094758,-10.105389071259893,-9.76763049806648,-10.053768971431897,0.2214101792125098,124,-14.079175768812195,-15.109269391820572,-14.97264848483195,-13.992718348424592,-14.039532684536951,-14.438668935685252,0.49442009282857347,100,-0.40622168529145275,-0.37541628822282774,-0.4199395770392749,-0.377523350406749,-0.42224231464737794,-0.4002686431215364,0.020200071669631007,139,0.8161548573946232,-1.0001547018096184,1.3606226469983698,-1.2227789449865576,0.4156859627192931,0.073905964063222,1.0157150069393783,108,-13.097413205475618,-12.34202695575291,-13.888600050909446,-11.76431883842825,-12.058616708382297,-12.630195151789705,0.7695921278228068,107,10.053768971431897,14.438668935685252,0.4002686431215364,12.630195151789705,0.073905964063222
35.190459680557254,0.8119488225328793,0.25964837074279784,0.00964760884374879,,0.4,6,8,"{'max_depth': None, 'max_features': 0.4, 'min_samples_leaf': 6, 'min_samples_split': 8}",-9.824751673179044,-10.266950599559305,-10.304123015094758,-10.105389071259893,-9.76763049806648,-10.053768971431897,0.2214101792125098,124,-14.079175768812195,-15.109269391820572,-14.97264848483195,-13.992718348424592,-14.039532684536951,-14.438668935685252,0.49442009282857347,100,-0.40622168529145275,-0.37541628822282774,-0.4199395770392749,-0.377523350406749,-0.42224231464737794,-0.4002686431215364,0.020200071669631007,139,0.8161548573946232,-1.0001547018096184,1.3606226469983698,-1.2227789449865576,0.4156859627192931,0.073905964063222,1.0157150069393783,108,-13.097413205475618,-12.34202695575291,-13.888600050909446,-11.76431883842825,-12.058616708382297,-12.630195151789705,0.7695921278228068,107,10.053768971431897,14.438668935685252,0.4002686431215364,12.630195151789705,0.073905964063222
60.46755728721619,1.3153574022271863,0.4156832218170166,0.05534402625358915,,0.55,1,2,"{'max_depth': None, 'max_features': 0.55, 'min_samples_leaf': 1, 'min_samples_split': 2}",-9.700885935769657,-10.187229791099,-10.285304128902318,-10.047905995781862,-9.804520795660036,-10.005169329442575,0.2219442083005941,90,-13.898565687825414,-15.190635970208724,-14.939552802170324,-13.964887694012585,-14.116370145614798,-14.422002459966368,0.5357250983557029,60,-0.40078526125037756,-0.3693611867998789,-0.41842900302114805,-0.37451039469719793,-0.4192284508740205,-0.39646285932852454,0.02114652757667306,37,0.626698882512836,-0.9497144010495512,1.2069133937562944,-1.2658230390679925,0.31516375326501905,-0.01335228211667886,0.9436200096808977,217,-12.884187390102989,-12.504718579234973,-13.73257761732852,-11.724751944220973,-12.06941528876108,-12.583130163929706,0.6955184281110545,35,10.005169329442575,14.422002459966368,0.39646285932852454,12.583130163929706,-0.01335228211667886
58.69583711624146,0.8241755341866354,0.35144519805908203,0.01789683835833729,,0.55,1,4,"{'max_depth': None, 'max_features': 0.55, 'min_samples_leaf': 1, 'min_samples_split': 4}",-9.714141463973009,-10.180925149838107,-10.285025733086986,-10.096321046904732,-9.787350511637582,-10.012752781088084,0.22332624692831266,92,-13.92224953158366,-15.187702459650431,-14.938973851367205,-14.009485668809509,-14.09365383546266,-14.43041306937469,0.5255355609122785,82,-0.4050135910601027,-0.3708749621556161,-0.4178247734138973,-0.3799337149743899,-0.4180229053646775,-0.39833398939373665,0.019517835063468245,85,0.631468033568835,-0.942752843936768,1.1788152078172485,-1.2166910129724988,0.3285714315042222,-0.0041178368037922295,0.9236180509388546,213,-12.771928801775184,-12.454564541384542,-13.718479217061827,-11.685762126336671,-12.099722064651951,-12.546091350242033,0.6889535447538814,7,10.012752781088084,14.43041306937469,0.39833398939373665,12.546091350242033,-0.0041178368037922295
55.35881657600403,0.6457753281431537,0.29723644256591797,0.012307661857435205,,0.55,1,8,"{'max_depth': None, 'max_features': 0.55, 'min_samples_leaf': 1, 'min_samples_split': 8}",-9.764819492227057,-10.155819154529901,-10.322774747241876,-10.081181749859484,-9.82449366956548,-10.029817762684761,0.20819244524575092,109,-13.975951161391107,-15.136026671650885,-14.991009486278628,-14.025750490748207,-14.10824161427006,-14.447395884867777,0.506911963379305,129,-0.40169133192389006,-0.36966394187102636,-0.42084592145015104,-0.37601687255197347,-0.4168173598553345,-0.39700708553047515,0.020837062063399185,47,0.626456471531369,-0.9583674333749093,1.2252792208062102,-1.286319580343698,0.27856543524726823,-0.022877177226751966,0.9530818385970204,221,-12.93440402857299,-12.44028789311013,-13.720049761033438,-11.694770649288017,-12.119287819872994,-12.581760030375515,0.6986710776406155,31,10.029817762684761,14.447395884867777,0.39700708553047515,12.581760030375515,-0.022877177226751966
54.42202610969544,0.646424425207933,0.3153327465057373,0.001662558864475394,,0.55,2,2,"{'max_depth': None, 'max_features': 0.55, 'min_samples_leaf': 2, 'min_samples_split': 2}",-9.675662551419686,-10.135354745556077,-10.255666704882339,-9.986312497649873,-9.763195202736117,-9.963238340448816,0.21835196969320866,60,-13.912347924547554,-15.198732020285842,-14.936742441771324,-13.951279694405883,-14.081082888667492,-14.41603699393562,0.5414133257322575,46,-0.40380549682875266,-0.36996669694217377,-0.416012084592145,-0.3766194636938837,-0.41711874623267026,-0.3967044976579251,0.019790236096469217,42,0.6855014745858514,-0.8958822409523288,1.2361429975278164,-1.1960135989823395,0.38836432810430704,0.043622592056661316,0.9351286007021802,174,-12.829399435341935,-12.486897578848684,-13.811870049011482,-11.670000817871019,-12.168668541664928,-12.59336728454761,0.7189952177080529,46,9.963238340448816,14.41603699393562,0.3967044976579251,12.59336728454761,0.043622592056661316
55.71290607452393,0.7131700634971089,0.31487431526184084,0.00556910792689189,,0.55,2,4,"{'max_depth': None, 'max_features': 0.55, 'min_samples_leaf': 2, 'min_samples_split': 4}",-9.675662551419686,-10.135354745556077,-10.255666704882339,-9.986312497649873,-9.763195202736117,-9.963238340448816,0.21835196969320866,60,-13.912347924547554,-15.198732020285842,-14.936742441771324,-13.951279694405883,-14.081082888667492,-14.41603699393562,0.5414133257322575,46,-0.40380549682875266,-0.36996669694217377,-0.416012084592145,-0.3766194636938837,-0.41711874623267026,-0.3967044976579251,0.019790236096469217,42,0.6855014745858514,-0.8958822409523288,1.2361429975278164,-1.1960135989823395,0.38836432810430704,0.043622592056661316,0.9351286007021802,174,-12.829399435341935,-12.486897578848684,-13.811870049011482,-11.670000817871019,-12.168668541664928,-12.59336728454761,0.7189952177080529,46,9.963238340448816,14.41603699393562,0.3967044976579251,12.59336728454761,0.043622592056661316
53.19528374671936,0.44127681983192457,0.27703351974487306,0.002546667243659365,,0.55,2,8,"{'max_depth': None, 'max_features': 0.55, 'min_samples_leaf': 2, 'min_samples_split': 8}",-9.692965519769581,-10.122400470350238,-10.217720517354456,-10.061998192041463,-9.785887998860492,-9.976194539675244,0.2017466212908769,75,-13.924941720267205,-15.132756076085883,-14.887504813917062,-13.986973055567413,-14.118401668998159,-14.410115466967145,0.49993000375378494,37,-0.40078526125037756,-0.371480472297911,-0.41661631419939577,-0.3793311238324797,-0.4165159734779988,-0.39694582901163256,0.018673093010949902,46,0.7171129171307432,-0.9409859686251784,1.2294504466714093,-1.2084276412760089,0.37460864161294766,0.0343516791027826,0.9493137246633329,180,-12.987102375499994,-12.357869641074927,-13.738265370168822,-11.669976432879483,-12.197007182739105,-12.590044200472466,0.7114738040432366,44,9.976194539675244,14.410115466967145,0.39694582901163256,12.590044200472466,0.0343516791027826
49.95179109573364,0.5323220738845887,0.27085309028625487,0.006341097644614229,,0.55,4,2,"{'max_depth': None, 'max_features': 0.55, 'min_samples_leaf': 4, 'min_samples_split': 2}",-9.652483720295196,-10.083336522613092,-10.223677253879352,-9.970347410863628,-9.749912465000014,-9.935951474530258,0.2100742905234886,14,-13.902648475003467,-15.129348568825826,-14.912371632460129,-13.928836735387064,-14.102984314371428,-14.395237945209583,0.5199869839939286,13,-0.40169133192389006,-0.36663639115955193,-0.41842900302114805,-0.3763181681229286,-0.41711874623267026,-0.3960387280920378,0.021123642720312523,23,0.7310275923975401,-0.9320424453374235,1.2733402122332957,-1.1736148318360804,0.42820580151687776,0.06538326579484194,0.9553906930230994,128,-12.924739081325434,-12.480067851875116,-13.738313289831355,-11.687892485905696,-12.200504482768443,-12.606303438341211,0.6938205035571394,63,9.935951474530258,14.395237945209583,0.3960387280920378,12.606303438341211,0.06538326579484194
48.60490970611572,0.3329208874000682,0.2671006202697754,0.0037206375512952258,,0.55,4,4,"{'max_depth': None, 'max_features': 0.55, 'min_samples_leaf': 4, 'min_samples_split': 4}",-9.652483720295196,-10.083336522613092,-10.223677253879352,-9.970347410863628,-9.749912465000014,-9.935951474530258,0.2100742905234886,14,-13.902648475003467,-15.129348568825826,-14.912371632460129,-13.928836735387064,-14.102984314371428,-14.395237945209583,0.5199869839939286,13,-0.40169133192389006,-0.36663639115955193,-0.41842900302114805,-0.3763181681229286,-0.41711874623267026,-0.3960387280920378,0.021123642720312523,23,0.7310275923975401,-0.9320424453374235,1.2733402122332957,-1.1736148318360804,0.42820580151687776,0.06538326579484194,0.9553906930230994,128,-12.924739081325434,-12.480067851875116,-13.738313289831355,-11.687892485905696,-12.200504482768443,-12.606303438341211,0.6938205035571394,63,9.935951474530258,14.395237945209583,0.3960387280920378,12.606303438341211,0.06538326579484194
48.91488604545593,1.1098166143234305,0.2679255485534668,0.010556713414862405,,0.55,4,8,"{'max_depth': None, 'max_features': 0.55, 'min_samples_leaf': 4, 'min_samples_split': 8}",-9.652483720295196,-10.083336522613092,-10.223677253879352,-9.970347410863628,-9.749912465000014,-9.935951474530258,0.2100742905234886,14,-13.902648475003467,-15.129348568825826,-14.912371632460129,-13.928836735387064,-14.102984314371428,-14.395237945209583,0.5199869839939286,13,-0.40169133192389006,-0.36663639115955193,-0.41842900302114805,-0.3763181681229286,-0.41711874623267026,-0.3960387280920378,0.021123642720312523,23,0.7310275923975401,-0.9320424453374235,1.2733402122332957,-1.1736148318360804,0.42820580151687776,0.06538326579484194,0.9553906930230994,128,-12.924739081325434,-12.480067851875116,-13.738313289831355,-11.687892485905696,-12.200504482768443,-12.606303438341211,0.6938205035571394,63,9.935951474530258,14.395237945209583,0.3960387280920378,12.606303438341211,0.06538326579484194
46.054979181289674,1.3162801046096062,0.24960474967956542,0.006355912275264178,,0.55,6,2,"{'max_depth': None, 'max_features': 0.55, 'min_samples_leaf': 6, 'min_samples_split': 2}",-9.720569413139012,-10.155298688508667,-10.23121563663851,-9.980190163816543,-9.731947061914644,-9.963844192803474,0.21041311813087374,62,-13.991043923627151,-15.194677268969349,-14.928110545767645,-13.94537885088219,-14.079695510816832,-14.427781220012633,0.5259418517020669,79,-0.40380549682875266,-0.3729942476536482,-0.4178247734138973,-0.3769207592648388,-0.4180229053646775,-0.3979136365051629,0.019479357898532553,76,0.7227351501181611,-0.913012198188462,1.2795738550820783,-1.1752359808270376,0.36786104320042734,0.056384373877033434,0.9480350195551143,149,-12.931107482776552,-12.389315047697904,-13.774661322340977,-11.680113082870568,-12.08044819494297,-12.571129026125794,0.7274349303219769,21,9.963844192803474,14.427781220012633,0.3979136365051629,12.571129026125794,0.056384373877033434
46.33640627861023,1.4643031954470602,0.2482933521270752,0.006544025176851356,,0.55,6,4,"{'max_depth': None, 'max_features': 0.55, 'min_samples_leaf': 6, 'min_samples_split': 4}",-9.720569413139012,-10.155298688508667,-10.23121563663851,-9.980190163816543,-9.731947061914644,-9.963844192803474,0.21041311813087374,62,-13.991043923627151,-15.194677268969349,-14.928110545767645,-13.94537885088219,-14.079695510816832,-14.427781220012633,0.5259418517020669,79,-0.40380549682875266,-0.3729942476536482,-0.4178247734138973,-0.3769207592648388,-0.4180229053646775,-0.3979136365051629,0.019479357898532553,76,0.7227351501181611,-0.913012198188462,1.2795738550820783,-1.1752359808270376,0.36786104320042734,0.056384373877033434,0.9480350195551143,149,-12.931107482776552,-12.389315047697904,-13.774661322340977,-11.680113082870568,-12.08044819494297,-12.571129026125794,0.7274349303219769,21,9.963844192803474,14.427781220012633,0.3979136365051629,12.571129026125794,0.056384373877033434
45.60650429725647,1.1455838611224443,0.24495086669921876,0.00655748856902388,,0.55,6,8,"{'max_depth': None, 'max_features': 0.55, 'min_samples_leaf': 6, 'min_samples_split': 8}",-9.720569413139012,-10.155298688508667,-10.23121563663851,-9.980190163816543,-9.731947061914644,-9.963844192803474,0.21041311813087374,62,-13.991043923627151,-15.194677268969349,-14.928110545767645,-13.94537885088219,-14.079695510816832,-14.427781220012633,0.5259418517020669,79,-0.40380549682875266,-0.3729942476536482,-0.4178247734138973,-0.3769207592648388,-0.4180229053646775,-0.3979136365051629,0.019479357898532553,76,0.7227351501181611,-0.913012198188462,1.2795738550820783,-1.1752359808270376,0.36786104320042734,0.056384373877033434,0.9480350195551143,149,-12.931107482776552,-12.389315047697904,-13.774661322340977,-11.680113082870568,-12.08044819494297,-12.571129026125794,0.7274349303219769,21,9.963844192803474,14.427781220012633,0.3979136365051629,12.571129026125794,0.056384373877033434
77.42504878044129,2.299030057981239,0.3924890041351318,0.040501626780505944,,0.7,1,2,"{'max_depth': None, 'max_features': 0.7, 'min_samples_leaf': 1, 'min_samples_split': 2}",-9.719243934360213,-10.101899283479662,-10.283740181268882,-10.035760771316662,-9.84908780389793,-9.99794639486467,0.19684926215810522,88,-13.947495356118603,-15.204383929594378,-14.955032308651257,-14.01570222517535,-14.226099869388126,-14.469742737785541,0.5125349959492634,164,-0.40320144971307764,-0.3678474114441417,-0.41661631419939577,-0.377523350406749,-0.4132007233273056,-0.3956778498181339,0.01952533785115922,17,0.6727906976744189,-0.8509698254112414,1.1329486404833837,-1.2114060459977904,0.2743480008036973,0.0035422935104936102,0.8947712873376337,203,-12.886901373283395,-12.574411522633746,-13.701682378535173,-11.687164139398776,-12.250021881838073,-12.620036259137832,0.6708826968302709,88,9.99794639486467,14.469742737785541,0.3956778498181339,12.620036259137832,0.0035422935104936102
75.0443163394928,1.051665033119743,0.3340016841888428,0.015642193108101533,,0.7,1,4,"{'max_depth': None, 'max_features': 0.7, 'min_samples_leaf': 1, 'min_samples_split': 4}",-9.6720095962602,-10.117326421428452,-10.277412713813545,-10.043899962069668,-9.842550590756664,-9.990639856865705,0.2119341735725134,84,-13.897053861747814,-15.238863493431277,-14.974155927778593,-14.00585544233229,-14.205908980948156,-14.464367541247626,0.5401124257378538,154,-0.40048323769254,-0.3651226158038147,-0.4148036253776435,-0.37812594154865925,-0.4153104279686558,-0.3947691696782627,0.020059354325598078,1,0.6449287856259316,-0.8858273329534302,1.1553607833114639,-1.1392900629522358,0.26634042553399073,0.008302519713144042,0.8836352361237986,202,-12.880611984323146,-12.641642408471387,-13.78094693207712,-11.774661456243328,-12.170283161122057,-12.649629188447408,0.6824423527313244,131,9.990639856865705,14.464367541247626,0.3947691696782627,12.649629188447408,0.008302519713144042
71.87816534042358,2.410537512615451,0.3092803478240967,0.040726766688168284,,0.7,1,8,"{'max_depth': None, 'max_features': 0.7, 'min_samples_leaf': 1, 'min_samples_split': 8}",-9.716934040378428,-10.103488006571444,-10.295922320323363,-10.069941767121602,-9.816454308658692,-10.000548088610705,0.20831970346493936,89,-13.939159416948911,-15.193196919199814,-15.010653304668924,-14.029324833014492,-14.169195431568502,-14.46830598108013,0.5256948063449003,158,-0.40018121413470253,-0.36966394187102636,-0.41812688821752264,-0.3766194636938837,-0.4128993369499699,-0.39549816897342105,0.0192904292153844,13,0.6143368221476502,-0.8972952811060751,1.1597784236991318,-1.2093360282746206,0.2689071393753266,-0.012721784831717441,0.9012912963590939,215,-12.90824068899013,-12.452110799431656,-13.6988328983795,-11.763340178893253,-12.212857403130247,-12.607076393764956,0.6593854633485321,66,10.000548088610705,14.46830598108013,0.39549816897342105,12.607076393764956,-0.012721784831717441
73.29532170295715,1.0945170970810751,0.3164865493774414,0.005360097088837893,,0.7,2,2,"{'max_depth': None, 'max_features': 0.7, 'min_samples_leaf': 2, 'min_samples_split': 2}",-9.647088199366213,-10.051919296242943,-10.20478578254608,-9.987284150844635,-9.7923431768263,-9.936684121165234,0.19617243208422372,21,-13.914141018581413,-15.173658491336443,-14.891662307370451,-13.972445069258502,-14.170627554544314,-14.424506888218223,0.511615135666628,68,-0.40410752038659015,-0.3651226158038147,-0.41963746223564957,-0.3769207592648388,-0.4144062688366486,-0.3960389253055084,0.021357316995258266,26,0.6950050618196197,-0.8406894163236889,1.1844163801346843,-1.1421036733818442,0.3701184490837899,0.05334936026651218,0.8966371159064483,161,-12.79621479364211,-12.613885693770023,-13.570287674036477,-11.733474822021986,-12.261471881734426,-12.595066973041003,0.6075354681455192,52,9.936684121165234,14.424506888218223,0.3960389253055084,12.595066973041003,0.05334936026651218
71.83531827926636,2.207132122562493,0.3165146350860596,0.00932346626351681,,0.7,2,4,"{'max_depth': None, 'max_features': 0.7, 'min_samples_leaf': 2, 'min_samples_split': 4}",-9.647088199366213,-10.051919296242943,-10.20478578254608,-9.987284150844635,-9.7923431768263,-9.936684121165234,0.19617243208422372,21,-13.914141018581413,-15.173658491336443,-14.891662307370451,-13.972445069258502,-14.170627554544314,-14.424506888218223,0.511615135666628,68,-0.40410752038659015,-0.3651226158038147,-0.41963746223564957,-0.3769207592648388,-0.4144062688366486,-0.3960389253055084,0.021357316995258266,26,0.6950050618196197,-0.8406894163236889,1.1844163801346843,-1.1421036733818442,0.3701184490837899,0.05334936026651218,0.8966371159064483,161,-12.79621479364211,-12.613885693770023,-13.570287674036477,-11.733474822021986,-12.261471881734426,-12.595066973041003,0.6075354681455192,52,9.936684121165234,14.424506888218223,0.3960389253055084,12.595066973041003,0.05334936026651218
69.22004175186157,2.1561059708307204,0.2753129482269287,0.005705064903594632,,0.7,2,8,"{'max_depth': None, 'max_features': 0.7, 'min_samples_leaf': 2, 'min_samples_split': 8}",-9.66394548764856,-10.080396814068402,-10.244419435038646,-9.996263442380501,-9.796404259659225,-9.956285887759067,0.20544961061603986,53,-13.910926289381646,-15.183253394652027,-14.960302815901983,-13.998180295423241,-14.205133077042342,-14.451559174480249,0.52014587770035,132,-0.40048323769254,-0.3678474114441417,-0.4163141993957704,-0.37872853269056944,-0.41561181434599154,-0.3957970391138026,0.01953486748892919,20,0.6583842817091905,-0.8317615909762518,1.160539726114221,-1.1563282309346787,0.35798810944221676,0.03776445907093954,0.886596791650892,178,-12.887343086856529,-12.57129306249933,-13.697538034621186,-11.670542946216662,-12.216197926279397,-12.608583011294622,0.678056927030535,67,9.956285887759067,14.451559174480249,0.3957970391138026,12.608583011294622,0.03776445907093954
64.0084981918335,1.3489595880617142,0.26656532287597656,0.0038471911700300983,,0.7,4,2,"{'max_depth': None, 'max_features': 0.7, 'min_samples_leaf': 4, 'min_samples_split': 2}",-9.655826226890374,-10.090953451021011,-10.209672676097863,-9.96416503490996,-9.785636983868073,-9.941250874557458,0.2003342687400484,25,-13.920863261196299,-15.247974656483814,-14.96244838043418,-13.9936439780249,-14.207848908365253,-14.46655583690089,0.5375648936914099,155,-0.4053156146179402,-0.36633363608840447,-0.4190332326283988,-0.3772220548357939,-0.4138034960819771,-0.3963416068505029,0.02081535899228493,32,0.7065762931106003,-0.8798233917068471,1.282879143116231,-1.174582441245216,0.3567030217713943,0.05835052500923249,0.9390394233046067,144,-12.783127698853658,-12.572050655336646,-13.71317466532035,-11.650409196634703,-12.255019715481339,-12.59475638632534,0.6773583052692721,48,9.941250874557458,14.46655583690089,0.3963416068505029,12.59475638632534,0.05835052500923249
62.93362979888916,1.5092195391753829,0.262967586517334,0.0051365953006823895,,0.7,4,4,"{'max_depth': None, 'max_features': 0.7, 'min_samples_leaf': 4, 'min_samples_split': 4}",-9.655826226890374,-10.090953451021011,-10.209672676097863,-9.96416503490996,-9.785636983868073,-9.941250874557458,0.2003342687400484,25,-13.920863261196299,-15.247974656483814,-14.96244838043418,-13.9936439780249,-14.207848908365253,-14.46655583690089,0.5375648936914099,155,-0.4053156146179402,-0.36633363608840447,-0.4190332326283988,-0.3772220548357939,-0.4138034960819771,-0.3963416068505029,0.02081535899228493,32,0.7065762931106003,-0.8798233917068471,1.282879143116231,-1.174582441245216,0.3567030217713943,0.05835052500923249,0.9390394233046067,144,-12.783127698853658,-12.572050655336646,-13.71317466532035,-11.650409196634703,-12.255019715481339,-12.59475638632534,0.6773583052692721,48,9.941250874557458,14.46655583690089,0.3963416068505029,12.59475638632534,0.05835052500923249
63.66403951644897,2.0269492988411892,0.2633122444152832,0.009452592590926382,,0.7,4,8,"{'max_depth': None, 'max_features': 0.7, 'min_samples_leaf': 4, 'min_samples_split': 8}",-9.655826226890374,-10.090953451021011,-10.209672676097863,-9.96416503490996,-9.785636983868073,-9.941250874557458,0.2003342687400484,25,-13.920863261196299,-15.247974656483814,-14.96244838043418,-13.9936439780249,-14.207848908365253,-14.46655583690089,0.5375648936914099,155,-0.4053156146179402,-0.36633363608840447,-0.4190332326283988,-0.3772220548357939,-0.4138034960819771,-0.3963416068505029,0.02081535899228493,32,0.7065762931106003,-0.8798233917068471,1.282879143116231,-1.174582441245216,0.3567030217713943,0.05835052500923249,0.9390394233046067,144,-12.783127698853658,-12.572050655336646,-13.71317466532035,-11.650409196634703,-12.255019715481339,-12.59475638632534,0.6773583052692721,48,9.941250874557458,14.46655583690089,0.3963416068505029,12.59475638632534,0.05835052500923249
59.01684250831604,0.6954470864492694,0.23706960678100586,0.015444404985106672,,0.7,6,2,"{'max_depth': None, 'max_features': 0.7, 'min_samples_leaf': 6, 'min_samples_split': 2}",-9.678158004643013,-10.108020397308302,-10.229935306273664,-9.960176497767849,-9.78579508874852,-9.952417058948269,0.20212367264613018,46,-13.950694274839735,-15.252126261838557,-14.974932472703625,-13.970158131106581,-14.237189288150761,-14.477020085727853,0.5366848313609883,179,-0.40320144971307764,-0.36693914623069934,-0.4199395770392749,-0.37481169026815303,-0.4128993369499699,-0.395558240040235,0.020990730086974496,14,0.7484800882105446,-0.8808350362020522,1.243158417988005,-1.1986237747718622,0.36719404952821477,0.055874748950570007,0.9420675284998423,154,-12.929812256718401,-12.57318203289354,-13.660410153707238,-11.687939504671897,-12.294751080584748,-12.629219005715164,0.6564643966879278,101,9.952417058948269,14.477020085727853,0.395558240040235,12.629219005715164,0.055874748950570007
55.443968057632446,0.9574775835728393,0.20620737075805665,0.007788227347184907,,0.7,6,4,"{'max_depth': None, 'max_features': 0.7, 'min_samples_leaf': 6, 'min_samples_split': 4}",-9.678158004643013,-10.108020397308302,-10.229935306273664,-9.960176497767849,-9.78579508874852,-9.952417058948269,0.20212367264613018,46,-13.950694274839735,-15.252126261838557,-14.974932472703625,-13.970158131106581,-14.237189288150761,-14.477020085727853,0.5366848313609883,179,-0.40320144971307764,-0.36693914623069934,-0.4199395770392749,-0.37481169026815303,-0.4128993369499699,-0.395558240040235,0.020990730086974496,14,0.7484800882105446,-0.8808350362020522,1.243158417988005,-1.1986237747718622,0.36719404952821477,0.055874748950570007,0.9420675284998423,154,-12.929812256718401,-12.57318203289354,-13.660410153707238,-11.687939504671897,-12.294751080584748,-12.629219005715164,0.6564643966879278,101,9.952417058948269,14.477020085727853,0.395558240040235,12.629219005715164,0.055874748950570007
51.23770999908447,1.4599689045963513,0.18966150283813477,0.005617927375295414,,0.7,6,8,"{'max_depth': None, 'max_features': 0.7, 'min_samples_leaf': 6, 'min_samples_split': 8}",-9.678158004643013,-10.108020397308302,-10.229935306273664,-9.960176497767849,-9.78579508874852,-9.952417058948269,0.20212367264613018,46,-13.950694274839735,-15.252126261838557,-14.974932472703625,-13.970158131106581,-14.237189288150761,-14.477020085727853,0.5366848313609883,179,-0.40320144971307764,-0.36693914623069934,-0.4199395770392749,-0.37481169026815303,-0.4128993369499699,-0.395558240040235,0.020990730086974496,14,0.7484800882105446,-0.8808350362020522,1.243158417988005,-1.1986237747718622,0.36719404952821477,0.055874748950570007,0.9420675284998423,154,-12.929812256718401,-12.57318203289354,-13.660410153707238,-11.687939504671897,-12.294751080584748,-12.629219005715164,0.6564643966879278,101,9.952417058948269,14.477020085727853,0.395558240040235,12.629219005715164,0.055874748950570007
