mean_fit_time,std_fit_time,mean_score_time,std_score_time,param_learning_rate,param_loss,param_max_depth,param_max_features,param_min_samples_leaf,param_n_estimators,param_subsample,params,split0_test_MAE,split1_test_MAE,split2_test_MAE,split3_test_MAE,split4_test_MAE,mean_test_MAE,std_test_MAE,rank_test_MAE,split0_test_RMSE,split1_test_RMSE,split2_test_RMSE,split3_test_RMSE,split4_test_RMSE,mean_test_RMSE,std_test_RMSE,rank_test_RMSE,split0_test_overestimation_rate,split1_test_overestimation_rate,split2_test_overestimation_rate,split3_test_overestimation_rate,split4_test_overestimation_rate,mean_test_overestimation_rate,std_test_overestimation_rate,rank_test_overestimation_rate,split0_test_mean_signed_error,split1_test_mean_signed_error,split2_test_mean_signed_error,split3_test_mean_signed_error,split4_test_mean_signed_error,mean_test_mean_signed_error,std_test_mean_signed_error,rank_test_mean_signed_error,split0_test_mean_overestimation,split1_test_mean_overestimation,split2_test_mean_overestimation,split3_test_mean_overestimation,split4_test_mean_overestimation,mean_test_mean_overestimation,std_test_mean_overestimation,rank_test_mean_overestimation,profile,mean_MAE,mean_RMSE,overestimation_rate,mean_overestimation,mean_signed_error,param_alpha
274.4186073303223,6.7245332139808935,0.2542245388031006,0.0355544592512297,0.015,absolute_error,8,1.0,15,800,0.6,"{'learning_rate': 0.015, 'loss': 'absolute_error', 'max_depth': 8, 'max_features': 1.0, 'min_samples_leaf': 15, 'n_estimators': 800, 'subsample': 0.6}",-8.802945286371608,-9.162737619993475,-9.386305752802537,-9.109481196313784,-9.344702234205265,-9.161234417937331,0.2075424307206052,13,-13.462760411841456,-14.468261964693648,-14.460154835182744,-13.470372234809984,-14.20862905273842,-14.014035699853247,0.4566584636159554,13,-0.4832376925400181,-0.4114441416893733,-0.475226586102719,-0.4383850557396806,-0.5030138637733574,-0.4622614679690297,0.0329282181735499,14,1.4559890270351643,-0.2075391592917057,1.830684206950936,-0.2863634580126862,1.6521370577178225,0.8889815348799062,0.935361027181292,5,-10.614791097403073,-10.88264183800513,-11.801728152188174,-10.063205420419706,-10.93095050047957,-10.858663401699127,0.5634533901675527,8,absolute_error,9.161234417937331,14.014035699853247,0.4622614679690297,10.858663401699127,0.8889815348799062,
273.34909529685973,4.955556129493759,0.2395443439483642,0.0101946127807157,0.015,absolute_error,8,1.0,20,800,0.6,"{'learning_rate': 0.015, 'loss': 'absolute_error', 'max_depth': 8, 'max_features': 1.0, 'min_samples_leaf': 20, 'n_estimators': 800, 'subsample': 0.6}",-8.776613921241204,-9.134579581911671,-9.267973392440576,-9.15315708710634,-9.225465723676985,-9.111557941275354,0.1742921442193939,11,-13.517002270749726,-14.520524753495534,-14.370933863244153,-13.55384606604365,-14.123053655605055,-14.017072121827624,0.4134157724586103,14,-0.4880700694654183,-0.4241598546775658,-0.4858006042296072,-0.4356733956010846,-0.5018083182640145,-0.4671024484475382,0.0310664168614155,16,1.4109067866140133,-0.1766446618825215,1.8902661549353388,-0.3361760366367816,1.679707237317076,0.893611896069425,0.9525426038030336,4,-10.436534982583115,-10.55962135647976,-11.48438212121091,-10.118796717326578,-10.8658750404139,-10.693042043602851,0.4624813531529547,1,absolute_error,9.111557941275354,14.017072121827624,0.4671024484475382,10.693042043602851,0.893611896069425,
264.9848026752472,4.5259361194633945,0.2929717063903808,0.0727356814969757,0.015,absolute_error,8,1.0,25,800,0.6,"{'learning_rate': 0.015, 'loss': 'absolute_error', 'max_depth': 8, 'max_features': 1.0, 'min_samples_leaf': 25, 'n_estimators': 800, 'subsample': 0.6}",-8.694958968390342,-9.136273049281934,-9.25311245327398,-9.137925601937072,-9.216905523622785,-9.08783511930122,0.2015850817213077,8,-13.46791918546164,-14.57862851870968,-14.393990444512951,-13.555250124772003,-14.159473901788528,-14.03105243504896,0.4453229242889033,15,-0.4593778314708547,-0.4075083257644565,-0.486404833836858,-0.428442301898162,-0.4981916817359855,-0.4559849949412634,0.0341375738531088,9,1.4161739496238683,-0.118600268056465,1.93505823852022,-0.2986578414888245,1.6715834640011378,0.9211115085199874,0.9386395254203056,2,-11.005246907148276,-11.064403119014756,-11.50088353721702,-10.315587094559683,-10.928011633677004,-10.962826458323349,0.3799351520045669,12,absolute_error,9.08783511930122,14.03105243504896,0.4559849949412634,10.962826458323349,0.9211115085199874,
265.8328544139862,3.949975149372871,0.2593748092651367,0.0297576256417337,0.015,absolute_error,8,1.0,30,800,0.6,"{'learning_rate': 0.015, 'loss': 'absolute_error', 'max_depth': 8, 'max_features': 1.0, 'min_samples_leaf': 30, 'n_estimators': 800, 'subsample': 0.6}",-8.74190891752147,-9.113235869708324,-9.263506818581742,-9.103699724104027,-9.155937497528178,-9.07565776548875,0.17624917645394,7,-13.532275270527922,-14.532618744685632,-14.449934743614286,-13.60366673199755,-14.122692308693368,-14.04823755990375,0.4160263391354332,16,-0.4551495016611295,-0.4075083257644565,-0.4906344410876133,-0.4124736366375414,-0.4969861362266425,-0.4525504082754766,0.0375942005688697,8,1.466593448589539,-0.1861201295415279,1.9779357478683728,-0.2936108101186627,1.7598406870678007,0.9449277887731048,0.9814856891938462,1,-11.214449679559904,-10.95329245533838,-11.456026753371264,-10.67957819777846,-10.98197453501803,-11.05706432421321,0.2618564579379948,14,absolute_error,9.07565776548875,14.04823755990375,0.4525504082754766,11.05706432421321,0.9449277887731048,
309.760376739502,4.485392666721349,0.3487363815307617,0.0380971600231353,0.015,absolute_error,9,1.0,15,800,0.6,"{'learning_rate': 0.015, 'loss': 'absolute_error', 'max_depth': 9, 'max_features': 1.0, 'min_samples_leaf': 15, 'n_estimators': 800, 'subsample': 0.6}",-8.809181465412292,-9.160650337052113,-9.343277113925602,-9.214271215603716,-9.288919077392023,-9.16325984187715,0.1877109097260155,14,-13.45454012238764,-14.477488097462608,-14.368140966161484,-13.52726254679376,-14.121498825447947,-13.989786111650687,0.4239740980160825,9,-0.4726668680157052,-0.4120496518316682,-0.4891238670694864,-0.4329617354624887,-0.4960819770946353,-0.4605768198947967,0.0326778159679489,12,1.35793116962221,-0.2422347157063531,1.7656738036075408,-0.4348434782862782,1.6314063510749657,0.815586626062417,0.9534072067639576,9,-10.75505109731605,-10.822015722742483,-11.355968973759945,-10.138803291634158,-11.00657344217906,-10.81568250552634,0.3975501389645495,6,absolute_error,9.16325984187715,13.989786111650687,0.4605768198947967,10.81568250552634,0.815586626062417,
300.2008482456207,3.6569327892184886,0.2915586471557617,0.0205738991931751,0.015,absolute_error,9,1.0,20,800,0.6,"{'learning_rate': 0.015, 'loss': 'absolute_error', 'max_depth': 9, 'max_features': 1.0, 'min_samples_leaf': 20, 'n_estimators': 800, 'subsample': 0.6}",-8.754424054887384,-9.122518930914184,-9.236969229261335,-9.13203299437075,-9.225327849829377,-9.094254611852609,0.1762149489123041,9,-13.508785132408503,-14.48603482430862,-14.31762627316446,-13.45279841387998,-14.08365504213186,-13.969779937178686,0.4195878518093001,4,-0.4732709151313802,-0.4202240387526491,-0.4909365558912387,-0.4356733956010846,-0.5033152501506932,-0.4646840311054092,0.0318546970232116,15,1.3859265779788603,-0.2186449558757858,1.866372558718781,-0.3355108497035621,1.6355733373793544,0.8667433336995296,0.9469310707616244,7,-10.713050716471008,-10.59419875344086,-11.308326559450515,-10.095317080964868,-10.789362317113344,-10.70005108548812,0.3886006873773788,2,absolute_error,9.094254611852609,13.969779937178686,0.4646840311054092,10.70005108548812,0.8667433336995296,
308.0232676029205,13.483695091983057,0.4055728435516357,0.1652037366768276,0.015,absolute_error,9,1.0,25,800,0.6,"{'learning_rate': 0.015, 'loss': 'absolute_error', 'max_depth': 9, 'max_features': 1.0, 'min_samples_leaf': 25, 'n_estimators': 800, 'subsample': 0.6}",-8.709627461855108,-9.110830950322942,-9.248284427870688,-9.079485216961638,-9.175923512566488,-9.06483031391537,0.1868138118869207,5,-13.465482891924538,-14.51898039354984,-14.350486994252542,-13.466546527719345,-14.109743147077728,-13.9822479909048,0.4411192167972085,8,-0.4497130776200543,-0.4190130184680593,-0.4803625377643504,-0.4426031937330521,-0.5147679324894515,-0.4612919520149935,0.0331488038057751,13,1.3965311682269177,-0.121344050151822,1.88633653032508,-0.4058213442523153,1.6528260984326886,0.88170568051611,0.9521333654288612,6,-11.236229423842037,-10.726978045977315,-11.58980986529182,-9.798465076079731,-10.518088761503298,-10.77391423453884,0.6162096645998635,5,absolute_error,9.06483031391537,13.9822479909048,0.4612919520149935,10.77391423453884,0.88170568051611,
309.294748544693,4.0594391849943,0.2856481075286865,0.022190699863446,0.015,absolute_error,9,1.0,30,800,0.6,"{'learning_rate': 0.015, 'loss': 'absolute_error', 'max_depth': 9, 'max_features': 1.0, 'min_samples_leaf': 30, 'n_estimators': 800, 'subsample': 0.6}",-8.71768058842064,-9.083253300234956,-9.246442502717212,-9.130105216630325,-9.131231761691676,-9.061742673938962,0.1802540557355147,4,-13.508436568582864,-14.498351334754688,-14.394988240693367,-13.564402336893473,-14.094231254584466,-14.012081947101771,0.4108282746988064,12,-0.4488070069465418,-0.4044807750529821,-0.4858006042296072,-0.4070503163603495,-0.4879445449065702,-0.4468166494992102,0.0363012439077951,2,1.4304249342705104,-0.1857317992117683,1.9606333146963992,-0.3939015660364389,1.6680574266978057,0.8958964620833015,0.9847960659080036,3,-11.305645149942936,-10.998695178847154,-11.534645819539508,-10.731110257705812,-11.066103004038387,-11.12723988201476,0.2738569609746069,15,absolute_error,9.061742673938962,14.012081947101771,0.4468166494992102,11.12723988201476,0.8958964620833015,
355.451767873764,3.3686330408407765,0.309934663772583,0.0215975272087856,0.015,absolute_error,10,1.0,15,800,0.6,"{'learning_rate': 0.015, 'loss': 'absolute_error', 'max_depth': 10, 'max_features': 1.0, 'min_samples_leaf': 15, 'n_estimators': 800, 'subsample': 0.6}",-8.804745832911186,-9.182369856361166,-9.350367478926955,-9.209290756725332,-9.315807894284744,-9.172516363841876,0.194354363234522,15,-13.417027493600555,-14.506506227598484,-14.331438376100955,-13.527354798435086,-14.11262734919875,-13.978990848986763,0.4336192761362265,7,-0.4620960434913923,-0.4066000605510142,-0.4749244712990936,-0.4272371196143417,-0.4912597950572634,-0.452423498002621,0.031119932456984,7,1.166519207803691,-0.2851229627473455,1.6952350202026625,-0.4816275977397717,1.4615920081346103,0.7113191351307692,0.9115070730294872,14,-10.789169460721228,-10.941029966346408,-11.628799068740154,-10.214074056654823,-10.96914505405749,-10.90844352130402,0.4516711020568513,10,absolute_error,9.172516363841876,13.978990848986763,0.452423498002621,10.90844352130402,0.7113191351307692,
337.4133649349213,9.5303315484959,0.2969560146331787,0.0074245335340517,0.015,absolute_error,10,1.0,20,800,0.6,"{'learning_rate': 0.015, 'loss': 'absolute_error', 'max_depth': 10, 'max_features': 1.0, 'min_samples_leaf': 20, 'n_estimators': 800, 'subsample': 0.6}",-8.724399883801182,-9.162406204502586,-9.278135428487762,-9.124836129327702,-9.260825443458687,-9.110120617915584,0.2013314354889484,10,-13.399739363124,-14.543203365297222,-14.32478796015318,-13.444369955698903,-14.103808626704264,-13.963181854195517,0.4633773937341643,2,-0.4711567502265176,-0.4199212836815016,-0.4749244712990936,-0.4326604398915336,-0.4924653405666064,-0.4582256571330506,0.0273467542604081,11,1.2037008415091193,-0.1902404394635336,1.7410618298866696,-0.4404403349061941,1.494363497682082,0.7616890789416286,0.8991820864616391,12,-10.53587868637898,-10.683151954550825,-11.600999658148654,-10.03604096158948,-10.919742015515627,-10.755162655236711,0.5124321636295304,4,absolute_error,9.110120617915584,13.963181854195517,0.4582256571330506,10.755162655236711,0.7616890789416286,
316.2069428443909,2.5385347769541355,0.3041220188140869,0.0083196845763085,0.015,absolute_error,10,1.0,25,800,0.6,"{'learning_rate': 0.015, 'loss': 'absolute_error', 'max_depth': 10, 'max_features': 1.0, 'min_samples_leaf': 25, 'n_estimators': 800, 'subsample': 0.6}",-8.716268478522029,-9.115328203932084,-9.204773412187736,-9.117670971286335,-9.17607867185287,-9.06602394755621,0.1782081194288451,6,-13.45942369323102,-14.521105776487888,-14.295485984254473,-13.51647846609199,-14.037782113861851,-13.966055206785445,0.4196534898147753,3,-0.4572636665659921,-0.4069028156221617,-0.4785498489425981,-0.4184995480566436,-0.4900542495479204,-0.4502540257470632,0.0326236747225275,4,1.326068055267568,-0.2278790190779586,1.853157489674416,-0.4904847773102767,1.6048986065129045,0.8131520710133305,0.9751688486685016,10,-10.980903653691332,-10.920849947013831,-11.553583107690567,-10.3072825694048,-10.999779400251429,-10.952479735610392,0.3953859552707384,11,absolute_error,9.06602394755621,13.966055206785445,0.4502540257470632,10.952479735610392,0.8131520710133305,
306.75433015823364,3.4661099481181488,0.2944691658020019,0.0095073013367661,0.015,absolute_error,10,1.0,30,800,0.6,"{'learning_rate': 0.015, 'loss': 'absolute_error', 'max_depth': 10, 'max_features': 1.0, 'min_samples_leaf': 30, 'n_estimators': 800, 'subsample': 0.6}",-8.725678291202184,-9.120203644805509,-9.148837789594204,-9.077793881934657,-9.14611295485506,-9.043725312478324,0.1610561222927438,1,-13.518191154060345,-14.49511261906879,-14.29182525016838,-13.489211389754386,-14.080708784638224,-13.975009839538028,0.4066287294074402,6,-0.4515252189670794,-0.4026642446260975,-0.4845921450151057,-0.4175956613437782,-0.487040385774563,-0.4486835311453247,0.034213980818696,3,1.366744357390093,-0.2260028330647767,1.828163794047244,-0.3781202666773025,1.5608664002909671,0.8303302903972452,0.9373672894601888,8,-11.175923541635123,-11.044189955330692,-11.32602096067743,-10.416384101384976,-10.99188041471984,-10.990879794749612,0.3096608033048119,13,absolute_error,9.043725312478324,13.975009839538028,0.4486835311453247,10.990879794749612,0.8303302903972452,
343.3093259334564,4.7876852070891305,0.3721876144409179,0.027807194807264,0.015,absolute_error,11,1.0,15,800,0.6,"{'learning_rate': 0.015, 'loss': 'absolute_error', 'max_depth': 11, 'max_features': 1.0, 'min_samples_leaf': 15, 'n_estimators': 800, 'subsample': 0.6}",-8.83195432068199,-9.235955864861142,-9.380946109764771,-9.245830225328849,-9.322299843987793,-9.203397272924908,0.193127882501762,16,-13.472014571879772,-14.56331602783285,-14.36885706097121,-13.512115807001637,-14.077568753151146,-13.99877444416732,0.4418573249945258,10,-0.4563575958924796,-0.4081138359067514,-0.477643504531722,-0.4302500753238927,-0.4894514767932489,-0.4523632976896189,0.0299251926537001,6,1.0965088804111072,-0.3157225188566083,1.606287093248566,-0.5959222062767852,1.33640789671879,0.6255118290490138,0.901881894775078,16,-10.87794230933794,-10.92860932561312,-11.501499652743243,-10.052186524941805,-10.888421269601118,-10.849731816447443,0.46247036047279,7,absolute_error,9.203397272924908,13.99877444416732,0.4523632976896189,10.849731816447443,0.6255118290490138,
323.68213539123536,1.7973421685303268,0.3064096927642822,0.0245564503407013,0.015,absolute_error,11,1.0,20,800,0.6,"{'learning_rate': 0.015, 'loss': 'absolute_error', 'max_depth': 11, 'max_features': 1.0, 'min_samples_leaf': 20, 'n_estimators': 800, 'subsample': 0.6}",-8.740333345455937,-9.200796272803093,-9.265569872122796,-9.19300168036965,-9.283521772935387,-9.136644588737372,0.2012703643515073,12,-13.445103503807069,-14.594574953637578,-14.31410532253211,-13.52295562672697,-14.129580535150083,-14.00126398837076,0.4482066736342852,11,-0.4720628209000302,-0.4165909778988798,-0.4746223564954683,-0.4251280506176559,-0.4981916817359855,-0.457319177529604,0.0312486528326614,10,1.1589193303031389,-0.2960135861114247,1.7648744247341213,-0.5355422639254048,1.4054115505297782,0.6995298911060418,0.9338925626057988,15,-10.485100962712188,-10.68768067374367,-11.620232534244558,-10.18217852699449,-10.727731629539448,-10.740584865446872,0.4803818780459161,3,absolute_error,9.136644588737372,14.00126398837076,0.457319177529604,10.740584865446872,0.6995298911060418,
307.7866054058075,2.155976299693804,0.2656288623809814,0.01946448936432,0.015,absolute_error,11,1.0,25,800,0.6,"{'learning_rate': 0.015, 'loss': 'absolute_error', 'max_depth': 11, 'max_features': 1.0, 'min_samples_leaf': 25, 'n_estimators': 800, 'subsample': 0.6}",-8.704027904152174,-9.13295578021008,-9.197068574416411,-9.05933212356506,-9.212894432539104,-9.061255762976566,0.1866524802074823,3,-13.448239474428927,-14.53806505295611,-14.265052408538784,-13.448035111159989,-14.081826054300764,-13.956243620276917,0.439543876286676,1,-0.4482029598308668,-0.3999394489857705,-0.4779456193353474,-0.4332630310334438,-0.4933694996986136,-0.4505441117768084,0.0330145577205604,5,1.2105000288890355,-0.2935324303218342,1.8429858159044468,-0.5043338136768885,1.4864957427320735,0.7484230687053668,0.9603546287848715,13,-11.060310642284175,-11.050952053247867,-11.549487999988004,-9.872753612836872,-10.843181613179524,-10.87533718430729,0.5524025494453927,9,absolute_error,9.061255762976566,13.956243620276917,0.4505441117768084,10.87533718430729,0.7484230687053668,
291.9547947406769,4.279138674827888,0.2254762649536132,0.01600119613805,0.015,absolute_error,11,1.0,30,800,0.6,"{'learning_rate': 0.015, 'loss': 'absolute_error', 'max_depth': 11, 'max_features': 1.0, 'min_samples_leaf': 30, 'n_estimators': 800, 'subsample': 0.6}",-8.692550408145767,-9.11168309243589,-9.203568365051291,-9.07301178313625,-9.170251805321104,-9.05021309081806,0.1844711734452564,2,-13.481223526457756,-14.536122769911788,-14.303949062342676,-13.479057894573735,-14.062056990701263,-13.972482048797442,0.429042479371617,5,-0.4430685593476291,-0.4011504692703603,-0.4706948640483384,-0.4061464296474842,-0.4819168173598553,-0.4405954279347334,0.0327480927823102,1,1.2523213865417882,-0.2105823062733933,1.892012925042223,-0.5078832534933065,1.523451541489686,0.7898640586613995,0.9645507258877732,11,-11.222723419294647,-11.09446637611122,-11.786384489797667,-10.544384862716964,-11.094968012732394,-11.14858543213058,0.3957640981870007,16,absolute_error,9.05021309081806,13.972482048797442,0.4405954279347334,11.14858543213058,0.7898640586613995,
565.0909168243409,2.730104148107869,0.5291940212249756,0.0179648464342091,0.0075,huber,8,1.0,15,1600,0.6,"{'alpha': 0.8, 'learning_rate': 0.0075, 'loss': 'huber', 'max_depth': 8, 'max_features': 1.0, 'min_samples_leaf': 15, 'n_estimators': 1600, 'subsample': 0.6}",-8.924850177662558,-9.309166879015942,-9.217022326721938,-9.212874376419336,-9.28650603072574,-9.190083958109105,0.1378927085089239,5,-13.57678621635058,-14.812505542926097,-14.060856443525422,-13.400298747760624,-14.071887814385438,-13.984466952989631,0.4912396040065396,1,-0.4587737843551797,-0.4159854677565849,-0.4900302114803625,-0.4067490207893944,-0.4831223628691983,-0.4509321694501439,0.0340581237067112,10,0.9898167642957604,-0.3741820778933962,1.607552211134942,-1.0686857912741023,1.4283341238928808,0.516567046031217,1.0537545910261366,8,-10.80561627545227,-10.739539591742275,-11.0448032430044,-10.011319227443344,-11.0891577146053,-10.738087210449518,0.3873187856711392,21,huber_0.80,9.190083958109105,13.984466952989631,0.4509321694501439,10.738087210449518,0.516567046031217,0.8
554.4285891532897,2.324335097284924,0.5879204750061036,0.1088016776556182,0.0075,huber,8,1.0,20,1600,0.6,"{'alpha': 0.8, 'learning_rate': 0.0075, 'loss': 'huber', 'max_depth': 8, 'max_features': 1.0, 'min_samples_leaf': 20, 'n_estimators': 1600, 'subsample': 0.6}",-8.934075112934373,-9.32336121659826,-9.187129520827067,-9.238877547894615,-9.303256593652174,-9.1973399983813,0.1401696788720736,8,-13.61148965407353,-14.816924801470826,-14.051786544364225,-13.43316666000545,-14.110518839355777,-14.00477729985396,0.4804973678470453,8,-0.4602839021443672,-0.4187102633969119,-0.4891238670694864,-0.4064477252184393,-0.4936708860759494,-0.4536473287810308,0.0356452384691106,19,0.9527072773272868,-0.3837720561926268,1.6257054991131,-1.0511902174993697,1.4911752313425954,0.5269251468181972,1.061904365696119,5,-10.73987417787282,-10.67514931193775,-11.053268658431731,-10.072251389763462,-10.932821976597266,-10.694673102920609,0.339157415683764,10,huber_0.80,9.1973399983813,14.00477729985396,0.4536473287810308,10.694673102920609,0.5269251468181972,0.8
546.3374677181243,4.5147725250311455,0.5387757301330567,0.0166582859464222,0.0075,huber,8,1.0,25,1600,0.6,"{'alpha': 0.8, 'learning_rate': 0.0075, 'loss': 'huber', 'max_depth': 8, 'max_features': 1.0, 'min_samples_leaf': 25, 'n_estimators': 1600, 'subsample': 0.6}",-8.910434958973624,-9.353016993482802,-9.17302178869758,-9.222396828568836,-9.283019151059705,-9.18837794415651,0.1514650940822141,4,-13.567338477076442,-14.852396395629142,-14.051313156120251,-13.420739800937175,-14.088932299090317,-13.996144025770668,0.5019533121804481,4,-0.4620960434913923,-0.4226460793218286,-0.4933534743202417,-0.4079542030732148,-0.498794454490657,-0.4569688509394669,0.0365513293641036,25,0.9808094514719908,-0.3792425561341508,1.665125867089506,-1.0603549723050087,1.4745170379486734,0.5361709656142022,1.071411488680711,2,-10.702585046727265,-10.616180861949353,-10.98416066768379,-10.003625155442998,-10.783536276474258,-10.618017601655533,0.3304815519377898,2,huber_0.80,9.18837794415651,13.996144025770668,0.4569688509394669,10.618017601655533,0.5361709656142022,0.8
613.3292646408081,8.439921915031613,0.5662817001342774,0.0197847142110836,0.0075,huber,9,1.0,15,1600,0.6,"{'alpha': 0.8, 'learning_rate': 0.0075, 'loss': 'huber', 'max_depth': 9, 'max_features': 1.0, 'min_samples_leaf': 15, 'n_estimators': 1600, 'subsample': 0.6}",-8.925903651660544,-9.301761808180087,-9.234237446619444,-9.241882468063633,-9.314027642827211,-9.203562603470184,0.1423723711051602,14,-13.597682589324618,-14.797869775444632,-14.076663206537065,-13.45108855708578,-14.091585599619366,-14.002977945602291,0.4720127282514568,7,-0.4572636665659921,-0.4141689373297003,-0.4803625377643504,-0.3980114492316963,-0.4852320675105485,-0.4470077316804575,0.0350937294887053,4,0.937054852944076,-0.3999613307323926,1.5958344514974876,-1.0962981868370487,1.383953004588801,0.4841165582921847,1.0516729418790594,15,-10.78476076907064,-10.74658149744508,-11.27281068640473,-10.232851714379647,-11.02357136277215,-10.81211520601445,0.3457002044555599,25,huber_0.80,9.203562603470184,14.002977945602291,0.4470077316804575,10.81211520601445,0.4841165582921847,0.8
591.6226713180542,2.3722751712815,0.5801795482635498,0.0256641851999781,0.0075,huber,9,1.0,20,1600,0.6,"{'alpha': 0.8, 'learning_rate': 0.0075, 'loss': 'huber', 'max_depth': 9, 'max_features': 1.0, 'min_samples_leaf': 20, 'n_estimators': 1600, 'subsample': 0.6}",-8.907490919209286,-9.32415211361636,-9.2056645573049,-9.19945663699853,-9.365891726292933,-9.2005311906844,0.1603286288521064,11,-13.606105434488256,-14.858481122758466,-14.069284229698363,-13.3814400726602,-14.157981266091856,-14.014658425139428,0.5105767696176519,11,-0.4623980670492298,-0.4193157735392068,-0.4821752265861027,-0.4082554986441699,-0.487040385774563,-0.4518369903186545,0.0323363570321169,15,0.9275018933995476,-0.3999073706271834,1.5948937819071582,-1.076269932119735,1.423490937405528,0.493941861993063,1.0515381536989163,13,-10.634768518141032,-10.641436962488536,-11.199827099872152,-9.948655599074806,-11.076476385566677,-10.70023291302864,0.4390363337591283,11,huber_0.80,9.2005311906844,14.014658425139428,0.4518369903186545,10.70023291302864,0.493941861993063,0.8
580.6624527931214,1.2852453413634717,0.5464691162109375,0.0064838789223919,0.0075,huber,9,1.0,25,1600,0.6,"{'alpha': 0.8, 'learning_rate': 0.0075, 'loss': 'huber', 'max_depth': 9, 'max_features': 1.0, 'min_samples_leaf': 25, 'n_estimators': 1600, 'subsample': 0.6}",-8.90414909352664,-9.32876215070434,-9.158953084297346,-9.20820034055034,-9.308520903070924,-9.18171711442992,0.1522924896824816,3,-13.599575058270045,-14.874761730561112,-14.04314541788245,-13.422318498159893,-14.114197496281884,-14.01079964023108,0.5046946742095957,10,-0.4627000906070673,-0.4202240387526491,-0.4806646525679758,-0.4055438385055739,-0.4918625678119349,-0.4521990376490403,0.0337427536886484,16,0.9483274482861213,-0.3928484281924793,1.6027538102182497,-1.0768921905328137,1.4545854910240468,0.5071852261606249,1.0594155072893252,11,-10.646719918388396,-10.632320974588142,-11.19461025168027,-10.025190100263062,-10.94117249252669,-10.688002747489312,0.3911192708726955,9,huber_0.80,9.18171711442992,14.01079964023108,0.4521990376490403,10.688002747489312,0.5071852261606249,0.8
678.8550854682923,17.269809410409376,0.6751853466033936,0.0134025505049559,0.0075,huber,10,1.0,15,1600,0.6,"{'alpha': 0.8, 'learning_rate': 0.0075, 'loss': 'huber', 'max_depth': 10, 'max_features': 1.0, 'min_samples_leaf': 15, 'n_estimators': 1600, 'subsample': 0.6}",-8.919883429990122,-9.288856786316364,-9.252479118210106,-9.281266858573016,-9.395886010947866,-9.227674440807494,0.1614070242176822,18,-13.61087344348311,-14.802068118742769,-14.082985341317332,-13.4824568532295,-14.173601665874676,-14.030397084529476,0.4679717607693707,16,-0.4575656901238296,-0.4156827126854375,-0.4848942598187311,-0.3925881289545043,-0.4798071127185051,-0.4461075808602016,0.0362252881720383,3,0.8720940527478389,-0.402503816790857,1.5441262252965755,-1.141092958336024,1.3001335407901935,0.4345514087415454,1.0349056853910317,25,-10.700078364800458,-10.68886520697114,-11.132948189098787,-10.367320481537446,-11.146166103224523,-10.807075669126473,0.2966418659856978,24,huber_0.80,9.227674440807494,14.030397084529476,0.4461075808602016,10.807075669126473,0.4345514087415454,0.8
670.3301447868347,4.140081380819887,0.6662091732025146,0.0417547363862214,0.0075,huber,10,1.0,20,1600,0.6,"{'alpha': 0.8, 'learning_rate': 0.0075, 'loss': 'huber', 'max_depth': 10, 'max_features': 1.0, 'min_samples_leaf': 20, 'n_estimators': 1600, 'subsample': 0.6}",-8.928167835475069,-9.310471654144344,-9.197680222505412,-9.221803904595488,-9.380947691137962,-9.207814261571656,0.1542817274803068,15,-13.60863550076401,-14.860572657974805,-14.048392531822296,-13.423958986412485,-14.165329145370636,-14.021377764468848,0.5005926966362407,14,-0.4563575958924796,-0.4059945504087193,-0.4833836858006042,-0.4040373606507984,-0.488245931283906,-0.4476038248073015,0.0364361806309162,5,0.8996481424704329,-0.4032750821841107,1.543192426429578,-1.0825197618988274,1.3663372773674205,0.4646766004368986,1.030780802363728,20,-10.767669987749024,-10.969601147347,-11.110090146242133,-10.072439996126104,-11.00601590293236,-10.785163436079326,0.3732696534740511,23,huber_0.80,9.207814261571656,14.021377764468848,0.4476038248073015,10.785163436079326,0.4646766004368986,0.8
654.9127143383026,4.612838802709491,0.6596663951873779,0.026822995162361,0.0075,huber,10,1.0,25,1600,0.6,"{'alpha': 0.8, 'learning_rate': 0.0075, 'loss': 'huber', 'max_depth': 10, 'max_features': 1.0, 'min_samples_leaf': 25, 'n_estimators': 1600, 'subsample': 0.6}",-8.889787987039519,-9.30931639713562,-9.1467934100981,-9.182644892981438,-9.336660102664842,-9.173040557983905,0.1589689496144387,1,-13.599999333879472,-14.882219304748606,-14.018505060463989,-13.391644989377884,-14.13186655167832,-14.004847048029651,0.5149798071494285,9,-0.452431289640592,-0.4187102633969119,-0.4812688821752265,-0.3986140403736065,-0.4906570223025919,-0.4483362995777858,0.0353337589063482,6,0.9177461557936948,-0.4323228126225529,1.5824874252491643,-1.0954801177386289,1.3924249495126926,0.4729711200388739,1.05393007341964,19,-10.838700115794648,-10.600401232699442,-11.1468674089766,-10.14410426645158,-10.933385811770597,-10.732691767138574,0.3426348970244103,18,huber_0.80,9.173040557983905,14.004847048029651,0.4483362995777858,10.732691767138574,0.4729711200388739,0.8
422.764196062088,8.988344030092424,0.3843984603881836,0.0209591215070544,0.01,huber,8,1.0,15,1200,0.6,"{'alpha': 0.8, 'learning_rate': 0.01, 'loss': 'huber', 'max_depth': 8, 'max_features': 1.0, 'min_samples_leaf': 15, 'n_estimators': 1200, 'subsample': 0.6}",-8.955244155277882,-9.325432113627151,-9.216895556724316,-9.19957775510358,-9.31556840514566,-9.202543597175715,0.1336023829258593,13,-13.57026943880846,-14.820666500157856,-14.087111101721382,-13.391305331189038,-14.106674194141467,-13.99520531320364,0.4995045229372196,3,-0.4651162790697674,-0.420829548894944,-0.4951661631419939,-0.4061464296474842,-0.4843279083785413,-0.4543172658265462,0.0350078460028035,21,0.9734904229285712,-0.3074643743979509,1.5944223205750554,-1.0042423372123852,1.4708114777113712,0.5454035019209323,1.02653442774071,1,-10.673389671571938,-10.714513468587787,-10.916858503313277,-10.089138817500324,-11.135410221319114,-10.705862136458489,0.3494303886909505,12,huber_0.80,9.202543597175715,13.99520531320364,0.4543172658265462,10.705862136458489,0.5454035019209323,0.8
406.8892813205719,3.313204149695197,0.374724006652832,0.0204567130037683,0.01,huber,8,1.0,20,1200,0.6,"{'alpha': 0.8, 'learning_rate': 0.01, 'loss': 'huber', 'max_depth': 8, 'max_features': 1.0, 'min_samples_leaf': 20, 'n_estimators': 1200, 'subsample': 0.6}",-8.926821134375018,-9.336291071631088,-9.159290850165291,-9.236661720002202,-9.33210282348912,-9.198233519932543,0.1507573010762268,9,-13.560297552963425,-14.836354146649086,-14.039481257377096,-13.429367644435173,-14.141482584759352,-14.001396637236828,0.4979988201313222,5,-0.4608879492600423,-0.4211323039660914,-0.4966767371601208,-0.4055438385055739,-0.4912597950572634,-0.4551001247898184,0.0365493467080813,23,0.9519426595366592,-0.3535217176773434,1.6480496829556512,-1.070066430198512,1.4391927484175535,0.5231193886068016,1.0578552498200475,7,-10.717099253486753,-10.665020552160032,-10.879652422332825,-10.068696050096008,-10.962932118891516,-10.658680079393427,0.3139847882320234,5,huber_0.80,9.198233519932543,14.001396637236828,0.4551001247898184,10.658680079393427,0.5231193886068016,0.8
402.76863646507263,1.1102421218214649,0.3834945201873779,0.0241080278767247,0.01,huber,8,1.0,25,1200,0.6,"{'alpha': 0.8, 'learning_rate': 0.01, 'loss': 'huber', 'max_depth': 8, 'max_features': 1.0, 'min_samples_leaf': 25, 'n_estimators': 1200, 'subsample': 0.6}",-8.951938662702224,-9.353294453305931,-9.168673383631818,-9.24302754351265,-9.27653412355163,-9.198693633340849,0.1369052825633208,10,-13.605238216232893,-14.859810354900532,-14.07040709290918,-13.442745228300788,-14.102445835579507,-14.01612934558458,0.4939220833113826,12,-0.466626396858955,-0.4235543445352709,-0.4984894259818731,-0.4082554986441699,-0.4930681133212778,-0.4579987558683093,0.0363444617481658,26,0.9298817049277672,-0.3356647164305808,1.6498414837663649,-1.0919791062461015,1.477681212418136,0.5259521156871172,1.0669732613898988,6,-10.58857839392327,-10.645186211901104,-10.85129824578424,-9.982778510438257,-10.905405404873983,-10.59464935338417,0.3284553962329137,1,huber_0.80,9.198693633340849,14.01612934558458,0.4579987558683093,10.59464935338417,0.5259521156871172,0.8
462.08210787773135,1.7280633878374292,0.4493221282958984,0.0112309510529784,0.01,huber,9,1.0,15,1200,0.6,"{'alpha': 0.8, 'learning_rate': 0.01, 'loss': 'huber', 'max_depth': 9, 'max_features': 1.0, 'min_samples_leaf': 15, 'n_estimators': 1200, 'subsample': 0.6}",-8.921739398512695,-9.329428324310024,-9.225122224296976,-9.234132481247856,-9.3022636556021,-9.20253721679393,0.145878356047323,12,-13.58788036997528,-14.816045457166028,-14.087603127108183,-13.41896953711966,-14.049294585988662,-13.99195861547156,0.4864463220478128,2,-0.4515252189670794,-0.4135634271874054,-0.4794561933534743,-0.4019282916541127,-0.4831223628691983,-0.4459190988062539,0.0332335034285211,2,0.8868542761804917,-0.3901802956936707,1.5983540722937783,-1.0869254224041918,1.358091916759313,0.4732389094271442,1.0391854610224185,18,-10.86162329662513,-10.8075901312298,-11.28724213664631,-10.135150010607994,-11.032769740828188,-10.824875063187484,0.3832423142868128,26,huber_0.80,9.20253721679393,13.99195861547156,0.4459190988062539,10.824875063187484,0.4732389094271442,0.8
453.865489912033,1.7262915883632397,0.4387204647064209,0.003215169086629,0.01,huber,9,1.0,20,1200,0.6,"{'alpha': 0.8, 'learning_rate': 0.01, 'loss': 'huber', 'max_depth': 9, 'max_features': 1.0, 'min_samples_leaf': 20, 'n_estimators': 1200, 'subsample': 0.6}",-8.933782565381627,-9.28668943402485,-9.22624127735989,-9.208848749223266,-9.325295877833328,-9.196171580764592,0.1376803969339465,7,-13.644714716805058,-14.815867294661391,-14.116900956124564,-13.40267651869543,-14.108646563057558,-14.0177612098688,0.4842633627682072,13,-0.4645122319540924,-0.4202240387526491,-0.4876132930513595,-0.405845134076529,-0.4864376130198915,-0.4529264621709042,0.0339013376779706,18,0.9019811638963672,-0.3430297433113222,1.6208246110843858,-1.071204724192614,1.3740312524778209,0.4965205119909275,1.0354796178096994,12,-10.587195613666918,-10.641537449001005,-11.122610932698436,-10.025553273599384,-10.997635507550305,-10.67490655530321,0.3834213288681307,8,huber_0.80,9.196171580764592,14.0177612098688,0.4529264621709042,10.67490655530321,0.4965205119909275,0.8
447.1420787811279,2.5879290424383874,0.4703687191009521,0.0377184394161507,0.01,huber,9,1.0,25,1200,0.6,"{'alpha': 0.8, 'learning_rate': 0.01, 'loss': 'huber', 'max_depth': 9, 'max_features': 1.0, 'min_samples_leaf': 25, 'n_estimators': 1200, 'subsample': 0.6}",-8.930590136364051,-9.322517608694517,-9.202948228795323,-9.13732140333098,-9.312151016430242,-9.181105678723023,0.143054123465029,2,-13.611398699512469,-14.852087058827808,-14.096305668901715,-13.341968234699689,-14.107989839591076,-14.00194990030655,0.5159431572311349,6,-0.4599818785865297,-0.4229488343929761,-0.4936555891238671,-0.4049412473636637,-0.4894514767932489,-0.4541958052520572,0.0353154363538427,20,0.9044145906255592,-0.3679860774366,1.6103711317952984,-1.0386118115709455,1.433838010839571,0.5084051688505766,1.0381619859093654,9,-10.690643680585229,-10.585833087954509,-10.952291029239584,-9.999857565123344,-10.977583618374767,-10.641241796255484,0.3540513662513943,3,huber_0.80,9.181105678723023,14.00194990030655,0.4541958052520572,10.641241796255484,0.5084051688505766,0.8
509.794304561615,2.764998016044883,0.5027106761932373,0.034068259892597,0.01,huber,10,1.0,15,1200,0.6,"{'alpha': 0.8, 'learning_rate': 0.01, 'loss': 'huber', 'max_depth': 10, 'max_features': 1.0, 'min_samples_leaf': 15, 'n_estimators': 1200, 'subsample': 0.6}",-8.962755718947797,-9.328428514060937,-9.275598741227771,-9.256148941972883,-9.35845148425203,-9.236276680092285,0.1415439795574903,21,-13.662822015352994,-14.832076447111248,-14.133606892429873,-13.44508859619786,-14.114896017960518,-14.0376979938105,0.4770561971505709,17,-0.4563575958924796,-0.4123524069028156,-0.4782477341389728,-0.3956010846640554,-0.4801084990958408,-0.4445334641388328,0.0345602182037489,1,0.8679498685338848,-0.417386164535224,1.5631133827685375,-1.152596161958841,1.295410407066909,0.4312982663750533,1.0437764793702131,26,-10.770835936516166,-10.805129544964544,-11.33169208162596,-10.242076038410744,-11.09526483220221,-10.848999686743923,0.3660680117246011,27,huber_0.80,9.236276680092285,14.0376979938105,0.4445334641388328,10.848999686743923,0.4312982663750533,0.8
499.7121789932251,3.373114840206544,0.4905762672424316,0.0313991393484735,0.01,huber,10,1.0,20,1200,0.6,"{'alpha': 0.8, 'learning_rate': 0.01, 'loss': 'huber', 'max_depth': 10, 'max_features': 1.0, 'min_samples_leaf': 20, 'n_estimators': 1200, 'subsample': 0.6}",-8.935743221346213,-9.325033004551315,-9.246051258189835,-9.225435026193054,-9.354283837511309,-9.217309269558346,0.1486862499923329,16,-13.659315539969302,-14.886597021304093,-14.127322537890144,-13.449831260654063,-14.136512526652304,-14.05191577729398,0.4952123342916222,19,-0.4533373603141045,-0.4159854677565849,-0.4858006042296072,-0.400120518228382,-0.4888487040385774,-0.4488185309134512,0.0358887581342103,7,0.862161191628932,-0.4593164430103736,1.6033494465048816,-1.1098183412520524,1.3207544169958634,0.4434260541734501,1.050521643353681,24,-10.8064162263027,-10.65628158761635,-11.16651627255582,-10.141465277605116,-10.9185502245545,-10.737845917726895,0.3415953204280845,20,huber_0.80,9.217309269558346,14.05191577729398,0.4488185309134512,10.737845917726895,0.4434260541734501,0.8
483.3799455165863,0.5534780590534659,0.4878339767456054,0.0233658264853261,0.01,huber,10,1.0,25,1200,0.6,"{'alpha': 0.8, 'learning_rate': 0.01, 'loss': 'huber', 'max_depth': 10, 'max_features': 1.0, 'min_samples_leaf': 25, 'n_estimators': 1200, 'subsample': 0.6}",-8.95522387770789,-9.312643675838798,-9.165582610461277,-9.186554124177189,-9.357311536451125,-9.195463164927256,0.1404373890161503,6,-13.676324112580447,-14.866281085954872,-14.050067634620255,-13.412375616527337,-14.1457894207589,-14.03016757408836,0.4939073448818951,15,-0.4572636665659921,-0.420829548894944,-0.4879154078549849,-0.4067490207893944,-0.4831223628691983,-0.4511760013949027,0.032564021406378,12,0.8498926133765541,-0.3870677272007252,1.577378495490841,-1.094790939033673,1.3408634001471336,0.4572551685560261,1.0306631079007027,21,-10.721512781367434,-10.604740056960994,-11.009040637988084,-9.946874819070858,-11.071910305562389,-10.670815720189951,0.4015718055419091,6,huber_0.80,9.195463164927256,14.03016757408836,0.4511760013949027,10.670815720189951,0.4572551685560261,0.8
279.55680174827575,0.9908989092029372,0.2799502372741699,0.0331256704664433,0.015,huber,8,1.0,15,800,0.6,"{'alpha': 0.8, 'learning_rate': 0.015, 'loss': 'huber', 'max_depth': 8, 'max_features': 1.0, 'min_samples_leaf': 15, 'n_estimators': 800, 'subsample': 0.6}",-8.956579753475701,-9.3668273061813,-9.251255387535608,-9.27925963545192,-9.420815663954068,-9.25494754931972,0.1610325200916368,26,-13.58342028869993,-14.863998999291812,-14.113731804401093,-13.478563584783547,-14.240720522312133,-14.0560870398977,0.4994159338126906,20,-0.46602234974328,-0.4178019981834696,-0.4885196374622356,-0.4082554986441699,-0.4990958408679927,-0.4559390649802296,0.0367527740511667,24,0.9785103930103982,-0.3699124444742782,1.5970181813799385,-1.0561265774269868,1.5138948958181602,0.5326768896614464,1.0614464316864365,3,-10.659456732020567,-10.766960068195033,-11.10321135222958,-10.071062221248988,-10.954519818032686,-10.711042038345372,0.354525100983128,14,huber_0.80,9.25494754931972,14.0560870398977,0.4559390649802296,10.711042038345372,0.5326768896614464,0.8
277.66173028945923,1.4744128744314855,0.2851114273071289,0.0506387254873365,0.015,huber,8,1.0,20,800,0.6,"{'alpha': 0.8, 'learning_rate': 0.015, 'loss': 'huber', 'max_depth': 8, 'max_features': 1.0, 'min_samples_leaf': 20, 'n_estimators': 800, 'subsample': 0.6}",-8.97264240376308,-9.387688699724563,-9.226829912059593,-9.280487779663328,-9.356023687161397,-9.244734496474392,0.1472780815386563,24,-13.63388790526206,-14.908513969197443,-14.135607024644088,-13.488208732130513,-14.206933940471265,-14.074630314341071,0.5009448076916868,25,-0.4648142555119299,-0.4202240387526491,-0.4930513595166163,-0.4121723410665863,-0.5,-0.4580523989695564,0.036238696790485,27,0.9188496029166028,-0.3604426385078023,1.6478463884766297,-1.0137652418579013,1.4616805780503028,0.5308337378155663,1.0435429076259763,4,-10.640263168978697,-10.740991981339684,-11.027934606242306,-10.028235417754464,-10.817704265211695,-10.65102588790537,0.3364281698125693,4,huber_0.80,9.244734496474392,14.074630314341071,0.4580523989695564,10.65102588790537,0.5308337378155663,0.8
271.2251754283905,2.82950725852097,0.2795868396759033,0.0352104460482516,0.015,huber,8,1.0,25,800,0.6,"{'alpha': 0.8, 'learning_rate': 0.015, 'loss': 'huber', 'max_depth': 8, 'max_features': 1.0, 'min_samples_leaf': 25, 'n_estimators': 800, 'subsample': 0.6}",-8.917875668790295,-9.379342663268517,-9.250864105487128,-9.246826730729127,-9.32057079219024,-9.22309599209306,0.160254810063299,17,-13.57884646470654,-14.93350227251852,-14.15689710019196,-13.451225216995477,-14.17330011422756,-14.058754233728012,0.5267522919331594,22,-0.4645122319540924,-0.4271874053890402,-0.4882175226586103,-0.4049412473636637,-0.4885473176612417,-0.4546811450053297,0.0334610809226162,22,0.9648551478797384,-0.4115980480570711,1.6124563827913656,-1.0735292543541923,1.4443199792882933,0.5073008415096268,1.0632147985710851,10,-10.637750888814852,-10.49626522467874,-11.125492207983235,-10.091954733663842,-11.017244780927138,-10.67374156721356,0.3723821155883596,7,huber_0.80,9.22309599209306,14.058754233728012,0.4546811450053297,10.67374156721356,0.5073008415096268,0.8
310.9785199642181,1.7515841961547758,0.2978540897369385,0.0106146502363478,0.015,huber,9,1.0,15,800,0.6,"{'alpha': 0.8, 'learning_rate': 0.015, 'loss': 'huber', 'max_depth': 9, 'max_features': 1.0, 'min_samples_leaf': 15, 'n_estimators': 800, 'subsample': 0.6}",-8.91750431104154,-9.384544416573036,-9.242837702499395,-9.272017355712698,-9.377367605055095,-9.238854278176351,0.1701722755960131,23,-13.583889000567044,-14.920532947081504,-14.11538431642993,-13.459620636422152,-14.15925642643277,-14.04773666538668,0.5176526501080408,18,-0.4584717607973422,-0.41537995761429,-0.488821752265861,-0.4013257005122024,-0.4891500904159132,-0.4506298523211217,0.0365441649384891,8,0.928193048812865,-0.4226999104423615,1.6085094126955886,-1.0686403764453305,1.354355264856359,0.479943487895424,1.0442281130701316,16,-10.737517772884695,-10.787526386206132,-11.09949287740896,-10.220348421241887,-10.969764781998215,-10.76293004794798,0.3005663755655454,22,huber_0.80,9.238854278176351,14.04773666538668,0.4506298523211217,10.76293004794798,0.479943487895424,0.8
304.2575769901276,1.1243571849353158,0.2970449924468994,0.0171323827676453,0.015,huber,9,1.0,20,800,0.6,"{'alpha': 0.8, 'learning_rate': 0.015, 'loss': 'huber', 'max_depth': 9, 'max_features': 1.0, 'min_samples_leaf': 20, 'n_estimators': 800, 'subsample': 0.6}",-8.931387112517392,-9.401448439479491,-9.23139026326247,-9.274263147979331,-9.337892563454298,-9.235276305338598,0.1624973792590158,20,-13.617856170302202,-14.972180935539598,-14.104391418076707,-13.495582945331128,-14.167062888871,-14.071414871624128,0.521327804860647,24,-0.4581697372395046,-0.4174992431123221,-0.4897280966767371,-0.4088580897860801,-0.4873417721518987,-0.4523193877933085,0.0339456400593846,17,0.8561349655308389,-0.3859546398622963,1.627000896707607,-1.0534198976850335,1.395594279367583,0.4878711208117398,1.0388787900380716,14,-10.681109294798183,-10.797018136379837,-11.086142732727009,-10.053418845883115,-11.012278708869204,-10.725993543731468,0.3663556869658383,16,huber_0.80,9.235276305338598,14.071414871624128,0.4523193877933085,10.725993543731468,0.4878711208117398,0.8
300.04990277290347,1.4815444881069508,0.3214812278747558,0.0334557919714363,0.015,huber,9,1.0,25,800,0.6,"{'alpha': 0.8, 'learning_rate': 0.015, 'loss': 'huber', 'max_depth': 9, 'max_features': 1.0, 'min_samples_leaf': 25, 'n_estimators': 800, 'subsample': 0.6}",-8.940889609490329,-9.3665198983146,-9.244051975015976,-9.238792205130254,-9.369611248046414,-9.231972987199516,0.1561852096698119,19,-13.634149347760358,-14.92605855474239,-14.151537387363264,-13.462211074041056,-14.180495830277502,-14.070890438836916,0.5120670128730824,23,-0.4584717607973422,-0.4202240387526491,-0.4876132930513595,-0.4052425429346188,-0.484629294755877,-0.4512361860583693,0.0333703930206789,13,0.925552506520844,-0.4047417854777458,1.5924419696971883,-1.1354434862724494,1.4215541315073277,0.4798726671950329,1.069111215712519,17,-10.76014158304117,-10.663095499531746,-11.11177043277589,-9.998146616315632,-11.133422490472425,-10.733315324427377,0.4121741172616158,19,huber_0.80,9.231972987199516,14.070890438836916,0.4512361860583693,10.733315324427377,0.4798726671950329,0.8
334.336976146698,3.417756739382894,0.2787681102752685,0.0277445009036907,0.015,huber,10,1.0,15,800,0.6,"{'alpha': 0.8, 'learning_rate': 0.015, 'loss': 'huber', 'max_depth': 10, 'max_features': 1.0, 'min_samples_leaf': 15, 'n_estimators': 800, 'subsample': 0.6}",-8.955877022862358,-9.387001903225034,-9.243777627400773,-9.278107168132578,-9.440004269642593,-9.260953598252668,0.1682904001408269,27,-13.644342578386174,-14.90562094405215,-14.111055796554226,-13.499566447304703,-14.219176001032178,-14.075952353465889,0.4957021173870152,26,-0.4602839021443672,-0.4141689373297003,-0.4906344410876133,-0.4082554986441699,-0.4840265220012055,-0.4514738602414113,0.0344393024632902,14,0.8386991974107331,-0.4617286519166216,1.5820807736359206,-1.0951625675670835,1.28389429682565,0.4295566096777197,1.033901395325401,27,-10.639711898072244,-10.774918694836144,-11.032509638987516,-10.021842483127998,-11.077800573954429,-10.709356657795665,0.3800008637449081,13,huber_0.80,9.260953598252668,14.075952353465889,0.4514738602414113,10.709356657795665,0.4295566096777197,0.8
316.9739563941956,9.408031566260371,0.2702846527099609,0.0239077148474374,0.015,huber,10,1.0,20,800,0.6,"{'alpha': 0.8, 'learning_rate': 0.015, 'loss': 'huber', 'max_depth': 10, 'max_features': 1.0, 'min_samples_leaf': 20, 'n_estimators': 800, 'subsample': 0.6}",-8.958349869959457,-9.379183325250514,-9.2586214712691,-9.232189744382012,-9.363350367372467,-9.23833895564671,0.1512005759604732,22,-13.665132921284332,-14.920508528386096,-14.114672081297645,-13.422217394803022,-14.158904545012788,-14.056287094156778,0.5130036658580709,21,-0.4596798550286922,-0.4202240387526491,-0.4867069486404833,-0.4052425429346188,-0.4819168173598553,-0.4507540405432598,0.0327010025770242,9,0.8914571076000704,-0.4291248953711928,1.57527782356711,-1.088342996952531,1.3344451264818422,0.4567424330650597,1.0375461624174758,22,-10.713768364881602,-10.649150934398918,-11.12979722715948,-10.048114258259645,-11.099213711259726,-10.728008899191874,0.3918941099813642,17,huber_0.80,9.23833895564671,14.056287094156778,0.4507540405432598,10.728008899191874,0.4567424330650597,0.8
277.93611083030703,5.228332113852541,0.2232065677642822,0.0177544465297087,0.015,huber,10,1.0,25,800,0.6,"{'alpha': 0.8, 'learning_rate': 0.015, 'loss': 'huber', 'max_depth': 10, 'max_features': 1.0, 'min_samples_leaf': 25, 'n_estimators': 800, 'subsample': 0.6}",-8.95472733486601,-9.380504026118151,-9.23227054001113,-9.25919397396391,-9.424103445564672,-9.250159864104774,0.164272939032546,25,-13.709222813305844,-14.955248420509095,-14.138860835519894,-13.48611406142943,-14.27050991528716,-14.111991209210284,0.5081097256017622,27,-0.4545454545454545,-0.4190130184680593,-0.4858006042296072,-0.4052425429346188,-0.4903556359252561,-0.4509914512205992,0.0343203434742944,11,0.8684569557454331,-0.4300829581419224,1.5831293814836007,-1.1392830576094648,1.348263626701428,0.4460967896358149,1.0551072397826238,23,-10.805502719672589,-10.680361556186954,-11.131521685369265,-10.018581535829147,-10.984239073687435,-10.724041314149078,0.3846974155544129,15,huber_0.80,9.250159864104774,14.111991209210284,0.4509914512205992,10.724041314149078,0.4460967896358149,0.8
384.94263048172,1.317370060961066,0.4918433666229248,0.0123301845145516,0.0075,squared_error,8,0.75,10,1600,0.6,"{'learning_rate': 0.0075, 'loss': 'squared_error', 'max_depth': 8, 'max_features': 0.75, 'min_samples_leaf': 10, 'n_estimators': 1600, 'subsample': 0.6}",-9.030054367466422,-9.657013045963842,-9.26940424544896,-9.430056775213007,-9.405235716158648,-9.358352830050176,0.2060238416148908,14,-13.41011229996847,-14.932892229559371,-13.945954830169509,-13.43299598965734,-13.829109060682608,-13.91021288200746,0.5534554939832402,3,-0.4442766535789791,-0.4129579170451105,-0.4839879154078549,-0.3949984935221452,-0.4656419529837251,-0.4403725865075629,0.0327611109484101,10,0.57194886231782,-0.5925035843893268,1.2529966231649248,-1.4858901559622892,0.7796977318198657,0.1052498953901988,1.0008593250278477,9,-10.806333342561391,-10.975100715388791,-10.870520248162284,-10.05594546502408,-10.936443100450717,-10.728868574317454,0.3413528817043195,18,squared_error,9.358352830050176,13.91021288200746,0.4403725865075629,10.728868574317454,0.1052498953901988,
382.13881316185,1.2403573606371758,0.5135426044464111,0.0354233401505523,0.0075,squared_error,8,0.75,15,1600,0.6,"{'learning_rate': 0.0075, 'loss': 'squared_error', 'max_depth': 8, 'max_features': 0.75, 'min_samples_leaf': 15, 'n_estimators': 1600, 'subsample': 0.6}",-9.01996192041114,-9.644861837707806,-9.24548898684402,-9.435070248483038,-9.400243100857844,-9.349125218860769,0.2081099129482237,8,-13.372783356334914,-14.938883709431751,-13.930869283865263,-13.444298198312856,-13.863825644930651,-13.910132038575089,0.5597587138694075,2,-0.4503171247357294,-0.4150772025431426,-0.4827794561933535,-0.4004218137993371,-0.4722724532851115,-0.4441736101113348,0.0318701105277469,20,0.5705424107847096,-0.5951286326807022,1.2078737971012383,-1.478186792475334,0.8100414260047238,0.103028441746927,0.9926514844508598,14,-10.648611616562528,-10.901265053320396,-10.826229917039676,-9.935626858724444,-10.809739649052323,-10.624294618939874,0.3540437672566814,7,squared_error,9.349125218860769,13.910132038575089,0.4441736101113348,10.624294618939874,0.103028441746927,
377.3327926158905,3.2941157296108394,0.4975716114044189,0.0265075216949906,0.0075,squared_error,8,0.75,20,1600,0.6,"{'learning_rate': 0.0075, 'loss': 'squared_error', 'max_depth': 8, 'max_features': 0.75, 'min_samples_leaf': 20, 'n_estimators': 1600, 'subsample': 0.6}",-9.02379053513292,-9.651649863528146,-9.233574068867794,-9.457540667924288,-9.391316910462509,-9.351574409183131,0.2117639917936034,10,-13.382517890299264,-14.87726869143788,-13.917027024066362,-13.496069246005964,-13.87693079608987,-13.909962729579869,0.5265601031148136,1,-0.4503171247357294,-0.410535876475931,-0.4867069486404833,-0.4043386562217535,-0.4776974080771549,-0.4459192028302104,0.0336860739601364,25,0.5606555880574952,-0.6051130016499641,1.2582006861945052,-1.53461684252308,0.836260213826521,0.1030773287810954,1.0261404114416024,13,-10.641885014716117,-11.017961377132607,-10.778328503803914,-9.797386056820644,-10.705079147757411,-10.588128020046138,0.4153969600371463,3,squared_error,9.351574409183131,13.909962729579869,0.4459192028302104,10.588128020046138,0.1030773287810954,
426.82726483345033,3.8136012246300175,0.6331907749176026,0.0479902271379523,0.0075,squared_error,9,0.75,10,1600,0.6,"{'learning_rate': 0.0075, 'loss': 'squared_error', 'max_depth': 9, 'max_features': 0.75, 'min_samples_leaf': 10, 'n_estimators': 1600, 'subsample': 0.6}",-8.996838389760578,-9.628869150451996,-9.29791707719863,-9.47241875050886,-9.401204282281787,-9.35944953004037,0.2108864707744321,15,-13.39393075843239,-14.944843049417033,-13.994188542529644,-13.523254786525294,-13.86510066902652,-13.944263561186176,0.5458998372694099,20,-0.4469948655995168,-0.4087193460490463,-0.4700906344410876,-0.3949984935221452,-0.4611211573236889,-0.436384899387097,0.0294575893351209,2,0.5870917432344432,-0.6255794153586688,1.2470992736889466,-1.4370974215397383,0.7527704522609096,0.1048569264571784,0.9867340468427224,12,-10.72040292917112,-11.014024442597504,-11.215939627711398,-10.171331613595925,-11.01009417294532,-10.826358557204252,0.3636035102950571,25,squared_error,9.35944953004037,13.944263561186176,0.436384899387097,10.826358557204252,0.1048569264571784,
418.37000465393066,2.57386004824493,0.5877335548400879,0.0272567420146611,0.0075,squared_error,9,0.75,15,1600,0.6,"{'learning_rate': 0.0075, 'loss': 'squared_error', 'max_depth': 9, 'max_features': 0.75, 'min_samples_leaf': 15, 'n_estimators': 1600, 'subsample': 0.6}",-8.97227148361434,-9.615099061630358,-9.243437681287132,-9.424032254787344,-9.42442604824481,-9.335853305912796,0.2164861376513163,7,-13.382147857597303,-14.935556864579882,-13.919002317658988,-13.48630413864888,-13.904140629534842,-13.92543036160398,0.5493337497917695,8,-0.4506191482935669,-0.4093248561913412,-0.4743202416918429,-0.3986140403736065,-0.4692585895117541,-0.4404273752124223,0.0309824441079234,11,0.5605610987670586,-0.6625705943245899,1.2306538771776658,-1.4536476061238106,0.8617477784042197,0.1073489107801087,1.006560396247807,8,-10.577482801697323,-10.935725416978904,-11.041160209719262,-9.997621560436231,-10.9600272179902,-10.702403441364384,0.3867526260009883,15,squared_error,9.335853305912796,13.92543036160398,0.4404273752124223,10.702403441364384,0.1073489107801087,
412.5397886276245,2.413142310504191,0.5909658908843994,0.008162827229144,0.0075,squared_error,9,0.75,20,1600,0.6,"{'learning_rate': 0.0075, 'loss': 'squared_error', 'max_depth': 9, 'max_features': 0.75, 'min_samples_leaf': 20, 'n_estimators': 1600, 'subsample': 0.6}",-8.950347176919587,-9.62783150289243,-9.270233339705245,-9.422962501120866,-9.398646246501189,-9.334004153427864,0.2234663694701549,5,-13.362755849981175,-14.918842238214266,-13.997152770620206,-13.47683720611704,-13.88128969180272,-13.92737555134708,0.5498689235881535,9,-0.453639383871942,-0.4093248561913412,-0.4848942598187311,-0.3925881289545043,-0.4779987944544906,-0.4436890846582019,0.0367865164774058,18,0.5617757640542884,-0.6248015706344868,1.2353142630260288,-1.5281586913869818,0.8476685345650464,0.098359659924779,1.0234655008579698,19,-10.484234040467545,-10.99741415171893,-10.832823228984584,-10.054817284922011,-10.717929521934982,-10.617443645605611,0.3271564098199223,6,squared_error,9.334004153427864,13.92737555134708,0.4436890846582019,10.617443645605611,0.098359659924779,
448.3396088123321,5.611408295348434,0.6395621776580811,0.0159223827361418,0.0075,squared_error,10,0.75,10,1600,0.6,"{'learning_rate': 0.0075, 'loss': 'squared_error', 'max_depth': 10, 'max_features': 0.75, 'min_samples_leaf': 10, 'n_estimators': 1600, 'subsample': 0.6}",-9.009482738734928,-9.599910258114688,-9.323338033709511,-9.413134998371536,-9.406195750540077,-9.350412355894148,0.1930083640613068,9,-13.42425482052898,-14.939444434709024,-14.029247556954962,-13.467358104290122,-13.852974985293995,-13.942655980355417,0.5484114948188861,18,-0.4385382059800664,-0.4066000605510142,-0.4643504531722054,-0.3971075625188309,-0.4656419529837251,-0.4344476470411684,0.0284737254171024,1,0.5968204027819665,-0.6495403153921091,1.2027820674876455,-1.382985564314852,0.7230760133155635,0.0980305207756429,0.9604394820585254,20,-10.952641081805249,-11.00635589010152,-11.334241228029471,-10.110798927023572,-10.876674340606156,-10.856142293513193,0.4040824249717729,26,squared_error,9.350412355894148,13.942655980355417,0.4344476470411684,10.856142293513193,0.0980305207756429,
433.3006031036377,1.8471037420001772,0.6332289695739746,0.0151032196778873,0.0075,squared_error,10,0.75,15,1600,0.6,"{'learning_rate': 0.0075, 'loss': 'squared_error', 'max_depth': 10, 'max_features': 0.75, 'min_samples_leaf': 15, 'n_estimators': 1600, 'subsample': 0.6}",-8.98310524803849,-9.583544572349563,-9.285427337712548,-9.416183058192985,-9.385876419432586,-9.330827327145233,0.198571807035555,4,-13.39096445586762,-14.888212628379614,-13.998580566606831,-13.454048442705846,-13.829898075700376,-13.91234083385206,0.53822395014239,5,-0.4439746300211416,-0.412655161973963,-0.4673716012084592,-0.3907803555287737,-0.4695599758890898,-0.4368683449242855,0.0308547294982838,4,0.5924152275617823,-0.6251014265931631,1.232772048914344,-1.4436668163182358,0.7398443819429376,0.0992526831015329,0.9842482035012354,18,-10.783859964187926,-10.8546359906212,-11.2525016062492,-10.200763842244523,-10.782137875148903,-10.774779855690351,0.3359244098769915,21,squared_error,9.330827327145233,13.91234083385206,0.4368683449242855,10.774779855690351,0.0992526831015329,
427.6625249385834,1.9355542300458832,0.6290238857269287,0.0103174267909039,0.0075,squared_error,10,0.75,20,1600,0.6,"{'learning_rate': 0.0075, 'loss': 'squared_error', 'max_depth': 10, 'max_features': 0.75, 'min_samples_leaf': 20, 'n_estimators': 1600, 'subsample': 0.6}",-9.03188848119212,-9.574471077838458,-9.27220893538446,-9.368319735080222,-9.427858919355794,-9.33494942977021,0.1804985754036233,6,-13.479457698611965,-14.893529327722716,-13.974776677898438,-13.430885162110467,-13.905562937273972,-13.936842360723512,0.525901280382593,16,-0.4445786771368166,-0.4132606721162579,-0.4731117824773413,-0.4007231093702922,-0.4695599758890898,-0.4402468433979596,0.0291496405899292,9,0.5416944595312658,-0.6890350813693307,1.2020422106019926,-1.467527672531354,0.7985654436079305,0.0771478719681008,0.9974660869961872,26,-10.767028911934483,-10.750401134189572,-11.06953106424494,-9.858168742706653,-10.889369716403603,-10.66689991389585,0.4201545033796705,13,squared_error,9.33494942977021,13.936842360723512,0.4402468433979596,10.66689991389585,0.0771478719681008,
274.21515345573425,3.5878298668317035,0.3645991325378418,0.0109046976863475,0.01,squared_error,8,0.75,10,1200,0.6,"{'learning_rate': 0.01, 'loss': 'squared_error', 'max_depth': 8, 'max_features': 0.75, 'min_samples_leaf': 10, 'n_estimators': 1200, 'subsample': 0.6}",-9.075574848672478,-9.652303205483694,-9.281844860667436,-9.492323880532412,-9.417204793134172,-9.383850317698036,0.1951332190545791,24,-13.424771855254116,-14.91634180843518,-13.974737145957402,-13.536011241021678,-13.86528075873924,-13.943428561881523,0.52699926841668,19,-0.4491090305043793,-0.4141689373297003,-0.4818731117824773,-0.3919855378125941,-0.4665461121157324,-0.4407365459089766,0.0331992405755951,13,0.6094374677656831,-0.5979117452140407,1.2286099921331055,-1.4603016886974416,0.7703757755375141,0.110041960304964,0.990334154450879,6,-10.7824733623829,-10.930794953680795,-10.905832464818117,-10.245304248539687,-10.91808537689039,-10.756498081262375,0.2610687502548681,20,squared_error,9.383850317698036,13.943428561881523,0.4407365459089766,10.756498081262375,0.110041960304964,
271.7951636314392,1.5859852140566688,0.3772967338562011,0.0121379556725283,0.01,squared_error,8,0.75,15,1200,0.6,"{'learning_rate': 0.01, 'loss': 'squared_error', 'max_depth': 8, 'max_features': 0.75, 'min_samples_leaf': 15, 'n_estimators': 1200, 'subsample': 0.6}",-9.024233808322018,-9.654514828885814,-9.282787406381525,-9.44249605717556,-9.3963849515277,-9.360083410458524,0.2066732367199639,16,-13.366958327133013,-14.934957229761062,-13.98711253966363,-13.503311592972358,-13.853652531545332,-13.929198444215078,0.5510182431450988,12,-0.4533373603141045,-0.410535876475931,-0.4924471299093655,-0.3968062669478758,-0.4731766124171187,-0.4452606492128791,0.0363998220508528,24,0.5457471392247663,-0.6129500039209731,1.2820465050590868,-1.470356736948172,0.8369844973541111,0.1162942801537638,1.0111440128023836,4,-10.555032284252963,-11.011905832175104,-10.72687124137068,-10.045379804037472,-10.813477653308867,-10.63053336302902,0.3275056215910727,8,squared_error,9.360083410458524,13.929198444215078,0.4452606492128791,10.63053336302902,0.1162942801537638,
270.573361825943,1.2682098360997651,0.3833544731140136,0.0163626515261823,0.01,squared_error,8,0.75,20,1200,0.6,"{'learning_rate': 0.01, 'loss': 'squared_error', 'max_depth': 8, 'max_features': 0.75, 'min_samples_leaf': 20, 'n_estimators': 1200, 'subsample': 0.6}",-8.997738290903055,-9.64542505921932,-9.254911909036275,-9.457116030980716,-9.403392545838136,-9.3517167671955,0.2166637459059016,11,-13.329536890720837,-14.898335951586615,-13.950583456197927,-13.494522230742591,-13.8977255325601,-13.914140812361612,0.5455417672392464,6,-0.4500151011778919,-0.418104753254617,-0.4839879154078549,-0.4004218137993371,-0.4719710669077758,-0.4449001301094953,0.0315694990466403,22,0.5293822065701639,-0.6167528272077575,1.252189496585599,-1.4747216318854914,0.7873022109511463,0.095479891002732,0.9977649744154438,22,-10.585334217159003,-10.797141340454084,-10.854714623161176,-9.967481945296106,-10.795889272997076,-10.600112279813487,0.3293663511418404,5,squared_error,9.3517167671955,13.914140812361612,0.4449001301094953,10.600112279813487,0.095479891002732,
305.12353286743166,0.8048063661925332,0.4391141414642334,0.0308801580557475,0.01,squared_error,9,0.75,10,1200,0.6,"{'learning_rate': 0.01, 'loss': 'squared_error', 'max_depth': 9, 'max_features': 0.75, 'min_samples_leaf': 10, 'n_estimators': 1200, 'subsample': 0.6}",-8.961022805158686,-9.61475980394689,-9.289544159497112,-9.461107299757614,-9.450147375336677,-9.355316288739395,0.2223910676083795,13,-13.335650348345215,-14.906269557274324,-13.984594000132658,-13.487051525193769,-13.903541392125,-13.923421364614194,0.5488207865559404,7,-0.4433705829054666,-0.4087193460490463,-0.4746223564954683,-0.3922868333835492,-0.4629294755877034,-0.4363857188842468,0.0313864291992544,3,0.5957845989199481,-0.6631990323848619,1.224343208505282,-1.4326674294503832,0.7785427027376725,0.1005608096655314,0.9901425006806384,16,-10.777448676738542,-10.95074267721088,-11.076055756870762,-10.23286940458898,-11.047784400732644,-10.816980183228363,0.310171335297247,24,squared_error,9.355316288739395,13.923421364614194,0.4363857188842468,10.816980183228363,0.1005608096655314,
307.6815707206726,2.194568142114549,0.4733532428741455,0.06367695962558,0.01,squared_error,9,0.75,15,1200,0.6,"{'learning_rate': 0.01, 'loss': 'squared_error', 'max_depth': 9, 'max_features': 0.75, 'min_samples_leaf': 15, 'n_estimators': 1200, 'subsample': 0.6}",-9.022518092003756,-9.615756119168063,-9.270758283967492,-9.431178446746744,-9.435360561348269,-9.355114300646864,0.1989449922939906,12,-13.43123022423262,-14.90520491327898,-13.965441110225976,-13.487146664105971,-13.905226180908896,-13.938849818550487,0.5286573951397066,17,-0.4451827242524916,-0.4120496518316682,-0.4806646525679758,-0.3962036758059656,-0.4620253164556962,-0.4392252041827594,0.0311830966934747,7,0.5436382096169676,-0.6949260613572588,1.2979964680936789,-1.4420328510866094,0.7947454332889122,0.0998842397111381,1.0123689352727014,17,-10.74407853279044,-10.824945511002603,-10.99389636370914,-10.082119479846384,-11.070936624333385,-10.74319530233639,0.350419895585739,19,squared_error,9.355114300646864,13.938849818550487,0.4392252041827594,10.74319530233639,0.0998842397111381,
305.1269443511963,1.611083789475878,0.4305068969726562,0.0123615334562212,0.01,squared_error,9,0.75,20,1200,0.6,"{'learning_rate': 0.01, 'loss': 'squared_error', 'max_depth': 9, 'max_features': 0.75, 'min_samples_leaf': 20, 'n_estimators': 1200, 'subsample': 0.6}",-8.982154387012162,-9.579515223114573,-9.29150811695815,-9.402493154670696,-9.383177988010114,-9.32776977395314,0.1963641150733606,3,-13.36454191420145,-14.8921908396962,-14.021405426896848,-13.427499230547063,-13.845791319389166,-13.910285746146148,0.549829769478222,4,-0.4512231954092419,-0.4171964880411747,-0.4830815709969788,-0.4007231093702922,-0.4725738396624472,-0.4449596406960269,0.0315680883841339,23,0.5209413149869565,-0.6418701526905559,1.2313223737407353,-1.5238362684640276,0.8199957281960075,0.0813105991538231,1.015967010716604,25,-10.530371442208526,-10.711553580410207,-10.891359888747129,-9.830549701248096,-10.795322190807374,-10.551831360684266,0.3796804850230618,2,squared_error,9.32776977395314,13.910285746146148,0.4449596406960269,10.551831360684266,0.0813105991538231,
336.94942059516904,0.8844943728053657,0.5019693374633789,0.0254077971760151,0.01,squared_error,10,0.75,10,1200,0.6,"{'learning_rate': 0.01, 'loss': 'squared_error', 'max_depth': 10, 'max_features': 0.75, 'min_samples_leaf': 10, 'n_estimators': 1200, 'subsample': 0.6}",-8.989736341943471,-9.583590119302608,-9.308085294319422,-9.490033168653133,-9.44478925085748,-9.363246835015223,0.2067984462784591,18,-13.375393090386387,-14.932225573868005,-14.026590428050618,-13.549502859834556,-13.89673664056708,-13.95608971854133,0.5410833195699588,22,-0.4448807006946542,-0.4047835301241296,-0.4758308157099697,-0.3928894245254595,-0.4671488848704038,-0.4371066711849233,0.0330529268214443,5,0.5559580466717661,-0.6300417656441799,1.238759066814494,-1.423507976200182,0.741759546273371,0.0965853835830538,0.9767808866797124,21,-10.728375465276663,-11.05967472405901,-11.082557090588338,-10.265643065088703,-10.902893196412958,-10.807828708285134,0.2994052257793788,23,squared_error,9.363246835015223,13.95608971854133,0.4371066711849233,10.807828708285134,0.0965853835830538,
331.85661177635194,1.9037494902949332,0.4810952663421631,0.0099934349452137,0.01,squared_error,10,0.75,15,1200,0.6,"{'learning_rate': 0.01, 'loss': 'squared_error', 'max_depth': 10, 'max_features': 0.75, 'min_samples_leaf': 15, 'n_estimators': 1200, 'subsample': 0.6}",-8.9559376070702,-9.568719421293238,-9.251748457571814,-9.432690255502278,-9.419601576339158,-9.325739463555337,0.2104832107332743,2,-13.36607241471745,-14.907442220286194,-14.009037457783808,-13.50499397958044,-13.877778525881968,-13.93306491964997,0.5409186198058201,14,-0.4479009362730293,-0.4084165909778989,-0.4773413897280967,-0.3971075625188309,-0.4674502712477396,-0.4396433501491191,0.0317709253731874,8,0.590558075848489,-0.6410861337733785,1.286385062856039,-1.4264707948661193,0.7930035460893762,0.1204779512308812,1.0005634083712889,3,-10.656927581302693,-10.929567364224644,-11.038361377410189,-10.080668584920868,-10.923734299232068,-10.725851841418091,0.3462171802570352,17,squared_error,9.325739463555337,13.93306491964997,0.4396433501491191,10.725851841418091,0.1204779512308812,
325.9106756687164,2.9518995325054447,0.5052802562713623,0.0436849391056735,0.01,squared_error,10,0.75,20,1200,0.6,"{'learning_rate': 0.01, 'loss': 'squared_error', 'max_depth': 10, 'max_features': 0.75, 'min_samples_leaf': 20, 'n_estimators': 1200, 'subsample': 0.6}",-8.959147412911156,-9.595274300181885,-9.264203424193967,-9.384028943300676,-9.411808496505452,-9.322892515418626,0.210518626351482,1,-13.396984011128556,-14.907394858328292,-14.005988804555551,-13.468837596678236,-13.902786907509729,-13.936398435640072,0.5400717853478658,15,-0.4491090305043793,-0.4174992431123221,-0.4758308157099697,-0.3965049713769207,-0.4689572031344183,-0.441580252767602,0.0303016731747037,14,0.5713730389798098,-0.6543875302004983,1.2576064365078563,-1.4599085076437663,0.7954205632351887,0.102020800175718,1.0048133800130736,15,-10.610475190387016,-10.707668238306203,-11.056250996483506,-9.992460382198056,-10.882900392101366,-10.649951039895232,0.3623613219047427,11,squared_error,9.322892515418626,13.936398435640072,0.441580252767602,10.649951039895232,0.102020800175718,
188.7765573501587,1.145565630826282,0.2702254772186279,0.0334791165178754,0.015,squared_error,8,0.75,10,800,0.6,"{'learning_rate': 0.015, 'loss': 'squared_error', 'max_depth': 8, 'max_features': 0.75, 'min_samples_leaf': 10, 'n_estimators': 800, 'subsample': 0.6}",-9.022069417232398,-9.689688270459586,-9.341843727025449,-9.522521458117197,-9.4652737275005,-9.408279320067027,0.2231870977526829,26,-13.356961730323896,-14.97301401480746,-14.021664234942662,-13.535712904856249,-13.917520993807589,-13.96097477574757,0.5613331062560212,24,-0.4515252189670794,-0.4165909778988798,-0.488821752265861,-0.3925881289545043,-0.4695599758890898,-0.4438172107950828,0.0349662656902528,19,0.6232013949219634,-0.5980633588450444,1.2562488455095304,-1.497117475057824,0.8250200109112199,0.121857883487969,1.0170538781555627,1,-10.680766441151537,-10.91193207960132,-10.840446976233244,-10.221149585485056,-10.957379532750352,-10.722334923044302,0.2676035084621005,16,squared_error,9.408279320067027,13.96097477574757,0.4438172107950828,10.722334923044302,0.121857883487969,
189.2074767112732,1.2629626567326986,0.2524951457977294,0.0114106891114139,0.015,squared_error,8,0.75,15,800,0.6,"{'learning_rate': 0.015, 'loss': 'squared_error', 'max_depth': 8, 'max_features': 0.75, 'min_samples_leaf': 15, 'n_estimators': 800, 'subsample': 0.6}",-9.0214950605867,-9.726363735673354,-9.274884947721398,-9.41629635722848,-9.422203215589947,-9.372248663359976,0.229059347787652,20,-13.375033891451814,-15.021470635630694,-13.959955614787704,-13.389433507264975,-13.89162898397234,-13.927504526621505,0.5989734885519428,10,-0.4466928420416792,-0.4117468967605207,-0.4861027190332326,-0.402832178366978,-0.4701627486437613,-0.4435074769692343,0.032243508111727,16,0.5592303828416996,-0.6779626889030609,1.2232333385032657,-1.4904664203620874,0.8264661937679744,0.0881001611695582,1.013350892508767,23,-10.724064213384528,-10.987819359368489,-10.798250940771794,-9.837632595534611,-10.899065737259482,-10.649366569263782,0.4155859246533927,10,squared_error,9.372248663359976,13.927504526621505,0.4435074769692343,10.649366569263782,0.0881001611695582,
194.2021459579468,3.897636144010266,0.2765530109405517,0.0333462295166732,0.015,squared_error,8,0.75,20,800,0.6,"{'learning_rate': 0.015, 'loss': 'squared_error', 'max_depth': 8, 'max_features': 0.75, 'min_samples_leaf': 20, 'n_estimators': 800, 'subsample': 0.6}",-9.010697283887875,-9.725415315982524,-9.258500301169748,-9.457139653167944,-9.433545593421533,-9.377059629525922,0.2363187852169402,22,-13.37793612887302,-14.97573105015424,-13.938774358832958,-13.477314962762854,-13.890104642670927,-13.9319722286588,0.5665511222261806,13,-0.4500151011778919,-0.4178019981834696,-0.4906344410876133,-0.3965049713769207,-0.4786015672091621,-0.4467116158070115,0.0355346865266218,26,0.5650964765508307,-0.6533477856466879,1.253946211524504,-1.4935798765462662,0.8525370699408589,0.1049304191646479,1.0218734556815938,11,-10.639413805641794,-10.856898207499734,-10.713115134549868,-10.042194110413124,-10.745976787479975,-10.5995196091169,0.2873327860929752,4,squared_error,9.377059629525922,13.9319722286588,0.4467116158070115,10.5995196091169,0.1049304191646479,
212.66415886878968,1.1183949453189508,0.2990962028503418,0.0261588283500263,0.015,squared_error,9,0.75,10,800,0.6,"{'learning_rate': 0.015, 'loss': 'squared_error', 'max_depth': 9, 'max_features': 0.75, 'min_samples_leaf': 10, 'n_estimators': 800, 'subsample': 0.6}",-8.998563984205953,-9.698129713978703,-9.331329793545075,-9.504008119723864,-9.473756145245986,-9.401157551339915,0.2328084004896309,25,-13.382421336197927,-15.047310532267716,-14.017281631230608,-13.570964589042337,-13.973147143509818,-13.99822504644968,0.5767734597252546,26,-0.4460887949260042,-0.4072055706933091,-0.4836858006042296,-0.3977101536607412,-0.4677516576250753,-0.4404883955018719,0.0334017668548873,12,0.6055065974425493,-0.6316459076942514,1.2742334890975724,-1.4017382854841838,0.7622079205277883,0.1217127627778949,0.9860067879059876,2,-10.764752097440146,-11.132563573292767,-10.963277472063448,-10.186149083273298,-10.941665196597096,-10.797681484533353,0.32721722941276,22,squared_error,9.401157551339915,13.99822504644968,0.4404883955018719,10.797681484533353,0.1217127627778949,
206.72562403678893,3.448573284872672,0.2831082820892334,0.0125564287149325,0.015,squared_error,9,0.75,15,800,0.6,"{'learning_rate': 0.015, 'loss': 'squared_error', 'max_depth': 9, 'max_features': 0.75, 'min_samples_leaf': 15, 'n_estimators': 800, 'subsample': 0.6}",-9.033331630993054,-9.694747226505894,-9.25776707724144,-9.438959515070492,-9.399468849232305,-9.364854859808636,0.2176667389473581,19,-13.381643149533796,-14.986324487416711,-13.945215966860353,-13.493114785872786,-13.836043453462215,-13.928468368629172,0.5685829714833004,11,-0.4482029598308668,-0.4099303663336361,-0.4818731117824773,-0.3931907200964146,-0.4813140446051838,-0.4429022405297157,0.0362785690881922,15,0.5683387685221143,-0.6748808346704859,1.263991809746605,-1.4164847620812937,0.8401494025293654,0.116222876809261,1.0020867932696356,5,-10.711297403232724,-11.001705573202493,-10.917561729131798,-10.20176004029546,-10.637148828849472,-10.693894714942388,0.2794616055336638,14,squared_error,9.364854859808636,13.928468368629172,0.4429022405297157,10.693894714942388,0.116222876809261,
193.00409636497497,1.762641080480948,0.2863563060760498,0.0148448090398888,0.015,squared_error,9,0.75,20,800,0.6,"{'learning_rate': 0.015, 'loss': 'squared_error', 'max_depth': 9, 'max_features': 0.75, 'min_samples_leaf': 20, 'n_estimators': 800, 'subsample': 0.6}",-9.00562409301037,-9.67661751698062,-9.289587718858709,-9.427730386922873,-9.400860051157297,-9.360083953385972,0.2177354994949883,17,-13.41294412335599,-14.960228340854428,-13.995837911040535,-13.506580728692734,-13.9047847422198,-13.9560751692327,0.5494673713131079,21,-0.4494110540622169,-0.4190130184680593,-0.4948640483383685,-0.4091593853570353,-0.4734779987944545,-0.4491851010040268,0.0322154455037495,27,0.5097011783574042,-0.7433384419323857,1.2690234624572645,-1.489884505626252,0.8082829490983727,0.0707569284708807,1.026724143089622,27,-10.586438835181012,-10.659906352920636,-10.668193837043916,-9.70018795288052,-10.78101097226235,-10.479147590057687,0.3944168462423125,1,squared_error,9.360083953385972,13.9560751692327,0.4491851010040268,10.479147590057687,0.0707569284708807,
208.60259857177732,2.624401413468311,0.29328932762146,0.037824610614788,0.015,squared_error,10,0.75,10,800,0.6,"{'learning_rate': 0.015, 'loss': 'squared_error', 'max_depth': 10, 'max_features': 0.75, 'min_samples_leaf': 10, 'n_estimators': 800, 'subsample': 0.6}",-9.095931595832818,-9.672689405850356,-9.384453050151508,-9.501655735058153,-9.49608704151123,-9.430163365680812,0.1908278171525369,27,-13.518488485280528,-15.009965459946914,-14.086970237106906,-13.577485344646814,-13.973718450691493,-14.03332559553453,0.5353697355042166,27,-0.4466928420416792,-0.4120496518316682,-0.4749244712990936,-0.3949984935221452,-0.4638336347197107,-0.4384998186828593,0.0304225567701157,6,0.5973151951462548,-0.6023329295711886,1.227905295406649,-1.3684758527313727,0.6850748338455032,0.1078973084191691,0.949861711676274,7,-10.850013564885636,-11.006387744728173,-11.172680064821089,-10.295203672556283,-10.975014653162326,-10.8598599400307,0.3005066014188028,27,squared_error,9.430163365680812,14.03332559553453,0.4384998186828593,10.8598599400307,0.1078973084191691,
201.3235845565796,3.3360573588655877,0.2807271480560303,0.0097119649986689,0.015,squared_error,10,0.75,15,800,0.6,"{'learning_rate': 0.015, 'loss': 'squared_error', 'max_depth': 10, 'max_features': 0.75, 'min_samples_leaf': 15, 'n_estimators': 800, 'subsample': 0.6}",-9.010505848892164,-9.646107697767569,-9.352644247849376,-9.43499643348948,-9.44409976503096,-9.37767079860591,0.2074578672249855,23,-13.417989202671528,-15.03920380505692,-14.015065636658752,-13.528380062055684,-13.944398678053172,-13.989007476899213,0.5733795924355645,25,-0.4491090305043793,-0.4135634271874054,-0.4827794561933535,-0.402832178366978,-0.4737793851717902,-0.4444126954847813,0.0317398270673475,21,0.5735328900935868,-0.7028000811408088,1.265322376881312,-1.3830603573346147,0.7731649013245477,0.1052319459648045,0.9878440921441252,10,-10.67005792359846,-10.812498190965664,-10.996705108841857,-9.99415700701496,-10.782723970409531,-10.651228440166092,0.344891447648641,12,squared_error,9.37767079860591,13.989007476899213,0.4444126954847813,10.651228440166092,0.1052319459648045,
183.50600275993347,3.1432357178235626,0.2177358150482177,0.0223072220513924,0.015,squared_error,10,0.75,20,800,0.6,"{'learning_rate': 0.015, 'loss': 'squared_error', 'max_depth': 10, 'max_features': 0.75, 'min_samples_leaf': 20, 'n_estimators': 800, 'subsample': 0.6}",-9.0665351768898,-9.662244452531649,-9.297448362570854,-9.437231203103927,-9.41069235413054,-9.374830309845354,0.1943299780702679,21,-13.502127626281409,-14.930904774235549,-13.997808277713032,-13.498235748343014,-13.871961259003692,-13.960207537115338,0.5243490222700874,23,-0.4509211718514044,-0.4147744474719951,-0.4719033232628399,-0.4025308827960229,-0.4776974080771549,-0.4435654466918834,0.0301160747753816,17,0.6077407167999584,-0.7158459431148336,1.250035366357236,-1.483867430317565,0.7783198455849415,0.0872765110619474,1.02116903558101,24,-10.727236263900467,-10.784654845475815,-11.175470916373872,-9.879196991720784,-10.664713715664345,-10.646254546627056,0.4229658805914045,9,squared_error,9.374830309845354,13.960207537115338,0.4435654466918834,10.646254546627056,0.0872765110619474,
372.3681439876556,1.5452206895282272,0.4802098751068115,0.0279690739731908,0.0075,quantile,8,0.75,15,1600,0.6,"{'alpha': 0.4, 'learning_rate': 0.0075, 'loss': 'quantile', 'max_depth': 8, 'max_features': 0.75, 'min_samples_leaf': 15, 'n_estimators': 1600, 'subsample': 0.6}",-9.170262085804932,-10.091860694029434,-9.527596901889854,-9.891308405730816,-9.321986558473212,-9.60060292918565,0.3446720380723604,34,-13.717777668216067,-15.586091407713496,-14.650800876400483,-14.47985637126414,-14.131811247872363,-14.51326751429331,0.6243870297929114,27,-0.4074297795228028,-0.3511958825310324,-0.4241691842900302,-0.3654715275685447,-0.4333936106088005,-0.3963319969042421,0.0324384659912185,3,-1.5189097809936831,-3.0577792599145117,-1.0390847008766262,-3.3763977257709774,-0.9363860127368062,-1.9857114960585207,1.0294102758670325,35,-9.38978038592663,-10.014470248655856,-10.00604536515448,-8.913020835443815,-9.674347222097843,-9.599532811455726,0.4143229422486137,29,quantile_0.40,9.60060292918565,14.51326751429331,0.3963319969042421,9.599532811455726,-1.9857114960585207,0.4
366.6161497116089,1.4743894297414504,0.4597111225128173,0.0023478521553666,0.0075,quantile,8,0.75,20,1600,0.6,"{'alpha': 0.4, 'learning_rate': 0.0075, 'loss': 'quantile', 'max_depth': 8, 'max_features': 0.75, 'min_samples_leaf': 20, 'n_estimators': 1600, 'subsample': 0.6}",-9.18834744859192,-10.063356720235854,-9.500611362446172,-9.8420740846582,-9.284391620034098,-9.57575624719325,0.3314528891895036,30,-13.814283726822884,-15.591471283033462,-14.620725938136015,-14.477299605361097,-14.168020234186562,-14.534360157508004,0.5968105045710704,33,-0.4044095439444277,-0.3587647593097184,-0.4265861027190332,-0.3615546851461284,-0.4349005424954792,-0.3972431267229574,0.0318894915598665,7,-1.525300322602684,-3.0325919655506133,-0.9551368662129482,-3.3455723553556043,-0.9057279081497428,-1.952865883574319,1.037324748497934,28,-9.47436483724808,-9.798572145453734,-10.016119186448998,-8.984120516481381,-9.632850379775569,-9.581205413081552,0.3484223791848512,27,quantile_0.40,9.57575624719325,14.534360157508004,0.3972431267229574,9.581205413081552,-1.952865883574319,0.4
362.6544148921967,1.391431650056581,0.4590526103973388,0.0023418526372356,0.0075,quantile,8,0.75,25,1600,0.6,"{'alpha': 0.4, 'learning_rate': 0.0075, 'loss': 'quantile', 'max_depth': 8, 'max_features': 0.75, 'min_samples_leaf': 25, 'n_estimators': 1600, 'subsample': 0.6}",-9.10155072525334,-10.059053821523111,-9.43186076366164,-9.810568708137488,-9.258492129026775,-9.532305229520473,0.3536967035127311,16,-13.722501622340756,-15.649552651417483,-14.56616445061318,-14.472918409649584,-14.163471832694675,-14.514921793343138,0.6392533270170095,28,-0.4038054968287526,-0.3617923100211928,-0.4350453172205438,-0.3666767098523651,-0.4288728149487643,-0.3992385297743238,0.0304751228497111,15,-1.5106289003559048,-3.106831574470033,-0.9221192715740008,-3.3646087410608856,-0.9480849540361772,-1.9704546882994003,1.0574218387200318,34,-9.399230427163582,-9.60802932301938,-9.780293173197949,-8.789704655187853,-9.688661632684047,-9.453183842250562,0.3548360268517702,15,quantile_0.40,9.532305229520473,14.514921793343138,0.3992385297743238,9.453183842250562,-1.9704546882994003,0.4
358.3235824108124,1.1023100491054647,0.4614077091217041,0.005858498333641,0.0075,quantile,8,0.75,30,1600,0.6,"{'alpha': 0.4, 'learning_rate': 0.0075, 'loss': 'quantile', 'max_depth': 8, 'max_features': 0.75, 'min_samples_leaf': 30, 'n_estimators': 1600, 'subsample': 0.6}",-9.07575963079862,-10.007289073860669,-9.433689355030094,-9.798271531565703,-9.203002389495866,-9.503602396150187,0.3518032967021381,10,-13.719691260457518,-15.577206951702715,-14.605248731980202,-14.48403626170488,-14.11933639966724,-14.501103921102509,0.6205622234290654,25,-0.4098459679855029,-0.3675446563729942,-0.4329305135951661,-0.3699909611328713,-0.4279686558167571,-0.4016561509806584,0.0279420295709934,26,-1.475306154530316,-3.017985456427727,-0.974564858192379,-3.406580212553198,-0.9496579509615366,-1.964818926533032,1.0429394062647384,31,-9.27232920409888,-9.508101255511122,-9.769609938776286,-8.63763171327464,-9.642463678541164,-9.36602715804042,0.3997050138473462,3,quantile_0.40,9.503602396150187,14.501103921102509,0.4016561509806584,9.36602715804042,-1.964818926533032,0.4
414.6439089775085,1.830642401340796,0.5339776515960694,0.0064552045772471,0.0075,quantile,9,0.75,15,1600,0.6,"{'alpha': 0.4, 'learning_rate': 0.0075, 'loss': 'quantile', 'max_depth': 9, 'max_features': 0.75, 'min_samples_leaf': 15, 'n_estimators': 1600, 'subsample': 0.6}",-9.119109685537945,-10.028997364318318,-9.483856373615286,-9.840290934115265,-9.3660577145521,-9.56766241442778,0.3274213505013506,26,-13.623409112502667,-15.495445693774023,-14.543345782676685,-14.36583860606338,-14.132685395101438,-14.43214491802364,0.6149959850303371,11,-0.4092419208698278,-0.3548289433848017,-0.4247734138972809,-0.3624585718589936,-0.4288728149487643,-0.3960351329919337,0.0313175890234138,2,-1.3659014494366566,-2.908124669957406,-0.9428702238000112,-3.317650243157646,-0.8624488025826876,-1.8793990777868812,1.029737513115465,8,-9.472646667797552,-10.034233152506014,-10.05357900280532,-8.997774086986006,-9.913905259984016,-9.69442763401578,0.406728628440715,34,quantile_0.40,9.56766241442778,14.43214491802364,0.3960351329919337,9.69442763401578,-1.8793990777868812,0.4
406.6714334487915,0.6623090088964487,0.5356466770172119,0.0262634201947949,0.0075,quantile,9,0.75,20,1600,0.6,"{'alpha': 0.4, 'learning_rate': 0.0075, 'loss': 'quantile', 'max_depth': 9, 'max_features': 0.75, 'min_samples_leaf': 20, 'n_estimators': 1600, 'subsample': 0.6}",-9.150875596824298,-9.99478347442064,-9.478731891115295,-9.805213451637036,-9.286414511137233,-9.5432037850269,0.3151482333181545,19,-13.698057571294486,-15.52281459101656,-14.541457071940878,-14.380162836505049,-14.10472059294312,-14.44944253274002,0.6080800117233615,16,-0.40048323769254,-0.3669391462306993,-0.4211480362537764,-0.3654715275685447,-0.4355033152501507,-0.3979090525991422,0.0281827376422135,11,-1.5431235099290628,-2.908703166037492,-0.9281750593254424,-3.366868794429987,-0.8060060241537185,-1.9105753107751409,1.0428091210693358,18,-9.498215369423123,-9.655661410309213,-10.1514860520891,-8.80827119425812,-9.73633057432917,-9.569992920081743,0.4378386854494208,25,quantile_0.40,9.5432037850269,14.44944253274002,0.3979090525991422,9.569992920081743,-1.9105753107751409,0.4
398.0874903202057,1.0769074161504908,0.5429228782653809,0.0233116012915009,0.0075,quantile,9,0.75,25,1600,0.6,"{'alpha': 0.4, 'learning_rate': 0.0075, 'loss': 'quantile', 'max_depth': 9, 'max_features': 0.75, 'min_samples_leaf': 25, 'n_estimators': 1600, 'subsample': 0.6}",-9.136363651466008,-10.032968248356084,-9.402211613190971,-9.813895789163215,-9.224178274441782,-9.521923515323612,0.3458479736673863,13,-13.732022003629728,-15.58259433114296,-14.472059570938232,-14.446366779420568,-14.083595271744764,-14.463327591375252,0.6216311524689312,20,-0.3989731199033524,-0.3617923100211928,-0.429607250755287,-0.3684844832780958,-0.4285714285714285,-0.3974857185058713,0.0286894322747531,8,-1.5425277211688244,-2.97310460233588,-0.8509784616245616,-3.3567860157976352,-0.875017165131559,-1.919682793211692,1.053628430853894,20,-9.516726254812252,-9.756790637156792,-9.952384575135309,-8.761711912428602,-9.740687960861928,-9.545660268078976,0.4155595497880597,24,quantile_0.40,9.521923515323612,14.463327591375252,0.3974857185058713,9.545660268078976,-1.919682793211692,0.4
392.2729557991028,0.7896652381082736,0.5207101345062256,0.0042503929732403,0.0075,quantile,9,0.75,30,1600,0.6,"{'alpha': 0.4, 'learning_rate': 0.0075, 'loss': 'quantile', 'max_depth': 9, 'max_features': 0.75, 'min_samples_leaf': 30, 'n_estimators': 1600, 'subsample': 0.6}",-9.10591795455049,-9.96191942212085,-9.367568472247529,-9.775151996760156,-9.235114972531845,-9.489134563642171,0.326033964851106,5,-13.737828713300358,-15.560642603255635,-14.458593746989148,-14.41598610326554,-14.122659073895951,-14.459142048141326,0.6080591958199172,19,-0.4062216852914527,-0.3696639418710263,-0.4329305135951661,-0.3687857788490509,-0.4330922242314647,-0.4021388287676322,0.0286005401364079,28,-1.538423285836794,-2.9349217036354847,-0.8856575506796731,-3.4179137924816976,-0.911618984950641,-1.9377070635168585,1.04924176970752,24,-9.31448879111935,-9.504575538147892,-9.795926430701186,-8.619147712418384,-9.609380545161596,-9.368703803509682,0.4058766306873902,4,quantile_0.40,9.489134563642171,14.459142048141326,0.4021388287676322,9.368703803509682,-1.9377070635168585,0.4
452.23367352485656,0.9550624337679976,0.5945066928863525,0.008050720817188,0.0075,quantile,10,0.75,15,1600,0.6,"{'alpha': 0.4, 'learning_rate': 0.0075, 'loss': 'quantile', 'max_depth': 10, 'max_features': 0.75, 'min_samples_leaf': 15, 'n_estimators': 1600, 'subsample': 0.6}",-9.159408931211749,-9.94871374510433,-9.445268091742054,-9.840223766337036,-9.341868257723318,-9.547096558423698,0.300003104312161,20,-13.62759257220129,-15.40090883585979,-14.44376114353006,-14.323071381421284,-14.083904175688062,-14.375847621740098,0.5836548064617822,2,-0.4022953790395651,-0.3593702694520133,-0.4244712990936556,-0.3687857788490509,-0.4294755877034358,-0.3968796628275441,0.028458192496512,5,-1.3763500352365134,-2.835511991483583,-0.8841054706672,-3.2859609459295087,-0.879191056350693,-1.8522238999335,1.0132087179770122,2,-9.67331381553078,-9.89675880042516,-10.084501165750096,-8.886273815740434,-9.852337878650657,-9.678637095219424,0.417215193435606,32,quantile_0.40,9.547096558423698,14.375847621740098,0.3968796628275441,9.678637095219424,-1.8522238999335,0.4
439.6763728141785,2.180224796779991,0.6075640201568604,0.0378231913259428,0.0075,quantile,10,0.75,20,1600,0.6,"{'alpha': 0.4, 'learning_rate': 0.0075, 'loss': 'quantile', 'max_depth': 10, 'max_features': 0.75, 'min_samples_leaf': 20, 'n_estimators': 1600, 'subsample': 0.6}",-9.12604580375324,-9.923462431222791,-9.379615552112377,-9.77895315501866,-9.244832489548209,-9.490581886331055,0.308589177905029,6,-13.646838420122831,-15.39956214538123,-14.39434356609572,-14.316717933567006,-14.041737725368137,-14.359839958106985,0.5820021406002239,1,-0.4056176381757777,-0.3623978201634877,-0.4287009063444109,-0.3666767098523651,-0.432790837854129,-0.3992367824780341,0.0298395443015876,14,-1.4147914180163803,-2.79702820201725,-0.8206129598967397,-3.287353370273939,-0.8660502300473825,-1.8371672360503384,1.0177647139939063,1,-9.505570838114204,-9.832335947813664,-9.982487167101391,-8.851939065557817,-9.67994412849016,-9.570455429415446,0.3926359915549287,26,quantile_0.40,9.490581886331055,14.359839958106985,0.3992367824780341,9.570455429415446,-1.8371672360503384,0.4
432.0440124034882,1.224544293541136,0.583372688293457,0.0030379161997586,0.0075,quantile,10,0.75,25,1600,0.6,"{'alpha': 0.4, 'learning_rate': 0.0075, 'loss': 'quantile', 'max_depth': 10, 'max_features': 0.75, 'min_samples_leaf': 25, 'n_estimators': 1600, 'subsample': 0.6}",-9.133243662106068,-9.976884175430412,-9.33939090461918,-9.774867290811638,-9.236026187335783,-9.492082444060618,0.3263877364579441,7,-13.68983646186099,-15.486701516217634,-14.378904996826256,-14.381070156376945,-14.056766464068351,-14.398655919070034,0.6006423231525941,5,-0.4007852612503775,-0.366030881017257,-0.4280966767371601,-0.3669780054233202,-0.4349005424954792,-0.3993582733847188,0.0291560691809605,17,-1.4396049249398697,-2.9003140265420706,-0.8232056937158256,-3.34509299886753,-0.8775348465829411,-1.877150498129648,1.0491135326104564,7,-9.598205673985412,-9.666629942836304,-9.94656776573398,-8.760435498753077,-9.609658443734558,-9.516299465008668,0.3986188466779387,20,quantile_0.40,9.492082444060618,14.398655919070034,0.3993582733847188,9.516299465008668,-1.877150498129648,0.4
422.75781736373904,0.6292818702274228,0.575361967086792,0.0038682295146788,0.0075,quantile,10,0.75,30,1600,0.6,"{'alpha': 0.4, 'learning_rate': 0.0075, 'loss': 'quantile', 'max_depth': 10, 'max_features': 0.75, 'min_samples_leaf': 30, 'n_estimators': 1600, 'subsample': 0.6}",-9.062214260911592,-9.941031239911352,-9.339430364993762,-9.756750326489954,-9.212798194845265,-9.462444877430382,0.3326563351249174,1,-13.650533834527344,-15.458013665499022,-14.41468155913295,-14.396752882570992,-14.083548731371538,-14.40070613462037,0.5969015754388977,6,-0.4044095439444277,-0.3636088404480775,-0.4341389728096677,-0.3618559807170834,-0.4321880650994575,-0.3992402806037427,0.0316144963898769,16,-1.4390123759338302,-2.8696554278373885,-0.7867661470101416,-3.353539007222017,-0.8524074450885434,-1.860276080618384,1.0577680943842107,3,-9.425101359656972,-9.723877729925183,-9.850145637274103,-8.847734541486378,-9.672167541036542,-9.503805361875838,0.355907993235696,17,quantile_0.40,9.462444877430382,14.40070613462037,0.3992402806037427,9.503805361875838,-1.860276080618384,0.4
279.6694808959961,0.6570738097948814,0.3529119491577148,0.00710765673226,0.01,quantile,8,0.75,15,1200,0.6,"{'alpha': 0.4, 'learning_rate': 0.01, 'loss': 'quantile', 'max_depth': 8, 'max_features': 0.75, 'min_samples_leaf': 15, 'n_estimators': 1200, 'subsample': 0.6}",-9.139592760944153,-10.053759809949735,-9.52162470032292,-9.898918026166369,-9.33027953435244,-9.588834966347122,0.342196816050093,32,-13.685117618265895,-15.58406186347174,-14.645671499323443,-14.515394943399938,-14.171672391843448,-14.520383663260892,0.6271207474689435,30,-0.4044095439444277,-0.3605812897366031,-0.4259818731117825,-0.3681831877071407,-0.4300783604581072,-0.3978468509916122,0.0287825418825006,10,-1.4632603285177634,-2.995310311861334,-0.9894859575961272,-3.371714906322192,-0.9350218834064764,-1.9509586775407783,1.0299151070105363,26,-9.490790397223217,-9.787598107550792,-10.014673488803435,-8.864070030590353,-9.760148873804733,-9.583456179594505,0.3962186217985914,28,quantile_0.40,9.588834966347122,14.520383663260892,0.3978468509916122,9.583456179594505,-1.9509586775407783,0.4
274.85882210731506,0.8246791809084448,0.3488949298858642,0.0036338287758428,0.01,quantile,8,0.75,20,1200,0.6,"{'alpha': 0.4, 'learning_rate': 0.01, 'loss': 'quantile', 'max_depth': 8, 'max_features': 0.75, 'min_samples_leaf': 20, 'n_estimators': 1200, 'subsample': 0.6}",-9.165521845195324,-10.024258620605751,-9.466223621409592,-9.859289817322113,-9.25532291178514,-9.554123363263583,0.3353126717395331,24,-13.769456039971624,-15.562034415033748,-14.581105792163848,-14.495668284030073,-14.105371657172393,-14.50272723767434,0.6039706664022666,26,-0.4092419208698278,-0.3569482288828338,-0.4280966767371601,-0.3708948478457367,-0.4285714285714285,-0.3987506205813974,0.0296105488271947,13,-1.5153586118780005,-3.0177501093088948,-0.9510428835462696,-3.3436220109629926,-0.9044902021100102,-1.9464527635612332,1.0355799230580005,25,-9.346749249267033,-9.814460395595214,-9.945394580920109,-8.783713017589731,-9.742638161287651,-9.526591080931947,0.421699503501944,22,quantile_0.40,9.554123363263583,14.50272723767434,0.3987506205813974,9.526591080931947,-1.9464527635612332,0.4
271.77204179763794,0.8781751044515866,0.3462807178497314,0.0045615544954553,0.01,quantile,8,0.75,25,1200,0.6,"{'alpha': 0.4, 'learning_rate': 0.01, 'loss': 'quantile', 'max_depth': 8, 'max_features': 0.75, 'min_samples_leaf': 25, 'n_estimators': 1200, 'subsample': 0.6}",-9.164497530376853,-10.037392063007845,-9.424635192025876,-9.842757718304917,-9.242147135739708,-9.54228592789104,0.3411927447542908,18,-13.77079022318096,-15.597809735781986,-14.580586395767336,-14.537848571086233,-14.17532029987266,-14.532471045137834,0.6074545019859992,31,-0.3986710963455149,-0.3690584317287314,-0.4317220543806646,-0.3642663452847243,-0.4349005424954792,-0.3997236940470229,0.0298663542704139,18,-1.5348298837526868,-3.0465729511173656,-0.942785035781651,-3.440986658639624,-0.9664976819473556,-1.986334442247737,1.0557497349354563,36,-9.56887484014114,-9.471154850932836,-9.823276423082008,-8.787211806050085,-9.514416107998274,-9.43298680564087,0.3452258462117223,11,quantile_0.40,9.54228592789104,14.532471045137834,0.3997236940470229,9.43298680564087,-1.986334442247737,0.4
268.3088294506073,0.4574426015444711,0.3464565277099609,0.0037107235727146,0.01,quantile,8,0.75,30,1200,0.6,"{'alpha': 0.4, 'learning_rate': 0.01, 'loss': 'quantile', 'max_depth': 8, 'max_features': 0.75, 'min_samples_leaf': 30, 'n_estimators': 1200, 'subsample': 0.6}",-9.130994382896183,-10.034153604261697,-9.395970378312638,-9.784139833388783,-9.246156621820068,-9.518282964135874,0.33935466764563,12,-13.7770724199968,-15.63274354878162,-14.540535824800704,-14.467080546818918,-14.16952004243792,-14.517390476567192,0.6190579836654624,29,-0.4047115675022651,-0.3745080230093854,-0.440785498489426,-0.3684844832780958,-0.4282700421940928,-0.403351922894653,0.0285367930598212,35,-1.510018795773397,-2.998151452188448,-0.9450599678485804,-3.372628545044063,-0.9542267798529328,-1.956017108141484,1.0312482388059876,29,-9.415317227225206,-9.39366010844702,-9.586193782945864,-8.699838906793184,-9.680725973134042,-9.355147199709062,0.3446495891323207,2,quantile_0.40,9.518282964135874,14.517390476567192,0.403351922894653,9.355147199709062,-1.956017108141484,0.4
310.2709020614624,0.907773430645929,0.4057072162628173,0.0104990436142201,0.01,quantile,9,0.75,15,1200,0.6,"{'alpha': 0.4, 'learning_rate': 0.01, 'loss': 'quantile', 'max_depth': 9, 'max_features': 0.75, 'min_samples_leaf': 15, 'n_estimators': 1200, 'subsample': 0.6}",-9.161988463526331,-9.990863759485842,-9.499611401442609,-9.887588203237678,-9.319136990007204,-9.571837763539932,0.3201037027262489,29,-13.689356550554788,-15.4990751710774,-14.552874242131557,-14.424696512969453,-14.060231092744452,-14.445246713895529,0.6069872124393173,14,-0.4125641800060404,-0.3539206781713593,-0.4247734138972809,-0.3648689364266345,-0.4318866787221218,-0.3976027774446874,0.0319909458546094,9,-1.4851710094518582,-2.9137359775171454,-0.92072047744998,-3.33021658713842,-0.9006454635843342,-1.910097903028348,1.0200442386632276,17,-9.303785721244722,-9.998183517469032,-10.098196642395306,-8.985927495389529,-9.746181048384884,-9.626454884976695,0.4217694967980276,30,quantile_0.40,9.571837763539932,14.445246713895529,0.3976027774446874,9.626454884976695,-1.910097903028348,0.4
304.2895040512085,1.3755353639371937,0.4041772842407226,0.0145018978940168,0.01,quantile,9,0.75,20,1200,0.6,"{'alpha': 0.4, 'learning_rate': 0.01, 'loss': 'quantile', 'max_depth': 9, 'max_features': 0.75, 'min_samples_leaf': 20, 'n_estimators': 1200, 'subsample': 0.6}",-9.14734382319752,-9.989310072044349,-9.47230186698316,-9.836025333779771,-9.308690304971332,-9.550734280195226,0.3166071700491749,22,-13.70127469885076,-15.48008350572166,-14.536506781676216,-14.423776412500894,-14.117638648813578,-14.45185600951262,0.5899626342513654,17,-0.4059196617336152,-0.3623978201634877,-0.4308157099697885,-0.3669780054233202,-0.4376130198915009,-0.4007448434363425,0.0313081195120286,19,-1.4467521630124385,-3.00530008691294,-0.8519116089013059,-3.3574252159283406,-0.8834480455658014,-1.9089674240641648,1.066083976245355,15,-9.485364206425894,-9.635833325350475,-10.00473062912024,-8.826959684379682,-9.6263615071307,-9.5158498704814,0.3849967043143824,19,quantile_0.40,9.550734280195226,14.45185600951262,0.4007448434363425,9.5158498704814,-1.9089674240641648,0.4
299.0420796394348,0.9452864154891044,0.3999148845672607,0.0061180422933069,0.01,quantile,9,0.75,25,1200,0.6,"{'alpha': 0.4, 'learning_rate': 0.01, 'loss': 'quantile', 'max_depth': 9, 'max_features': 0.75, 'min_samples_leaf': 25, 'n_estimators': 1200, 'subsample': 0.6}",-9.108415723607134,-9.979243529596417,-9.393350961991604,-9.775437426281057,-9.217126165242089,-9.494714761343658,0.3317017747721518,8,-13.67453881543446,-15.533839923483548,-14.475790085746924,-14.417613459669218,-14.091761271840456,-14.43870871123492,0.6173265854254988,12,-0.4068257324071277,-0.3690584317287314,-0.4374622356495468,-0.3663754142814101,-0.4282700421940928,-0.4015983712521818,0.0294089254035064,25,-1.451147188635684,-2.889798615773571,-0.8885830046883909,-3.3480682660908148,-0.8745871410438337,-1.890436843246459,1.034606248695468,13,-9.41099336276558,-9.604772990302235,-9.720573873851391,-8.77156177741423,-9.739811570123088,-9.449542714891304,0.3585957445315207,14,quantile_0.40,9.494714761343658,14.43870871123492,0.4015983712521818,9.449542714891304,-1.890436843246459,0.4
294.7077239990234,1.030809610220982,0.3891087055206298,0.0031116179781525,0.01,quantile,9,0.75,30,1200,0.6,"{'alpha': 0.4, 'learning_rate': 0.01, 'loss': 'quantile', 'max_depth': 9, 'max_features': 0.75, 'min_samples_leaf': 30, 'n_estimators': 1200, 'subsample': 0.6}",-9.122612933677969,-10.000503202869972,-9.33032036023902,-9.724828797367046,-9.194441689835992,-9.474541396798,0.3353770417635884,3,-13.726263290296451,-15.538701396688827,-14.442534017400131,-14.403303831893952,-14.083654082510128,-14.438891323757897,0.6074362759926227,13,-0.3974630021141649,-0.3642143505903724,-0.4374622356495468,-0.3714974389876468,-0.4330922242314647,-0.4007458503146391,0.0303155999023371,20,-1.5865779118122778,-2.9818005923360014,-0.8644931583262487,-3.322412003142534,-0.8886473613146433,-1.928786205386341,1.0375690034356937,21,-9.48017171633636,-9.635400965334044,-9.676066311578476,-8.617040283873138,-9.588944183031956,-9.399524692030797,0.3966808336080292,5,quantile_0.40,9.474541396798,14.438891323757897,0.4007458503146391,9.399524692030797,-1.928786205386341,0.4
338.71430983543394,1.2943719043240185,0.4495985984802246,0.0096484169076912,0.01,quantile,10,0.75,15,1200,0.6,"{'alpha': 0.4, 'learning_rate': 0.01, 'loss': 'quantile', 'max_depth': 10, 'max_features': 0.75, 'min_samples_leaf': 15, 'n_estimators': 1200, 'subsample': 0.6}",-9.165431845182736,-10.03984060220786,-9.395819198374651,-9.851657158791433,-9.347473627992368,-9.56004448650981,0.329580859615122,25,-13.657305532912773,-15.49612798232078,-14.357043972873074,-14.328309587678804,-14.068979067462426,-14.38155322864957,0.6112200588111757,3,-0.4025974025974026,-0.3514986376021798,-0.4214501510574018,-0.3639650497137692,-0.4270644966847498,-0.3933151475311006,0.0304197501480805,1,-1.4822356795847371,-2.8623620377541457,-0.9169605659351002,-3.263542409247219,-0.917860220486842,-1.8885921826016088,0.9889620826783873,11,-9.542033947597517,-10.209824159513618,-10.059147696550149,-9.050477174560118,-9.869250983099272,-9.746146792264136,0.4132164515453855,36,quantile_0.40,9.56004448650981,14.38155322864957,0.3933151475311006,9.746146792264136,-1.8885921826016088,0.4
330.7360332965851,1.306994737010982,0.4404013633728027,0.0067092684746026,0.01,quantile,10,0.75,20,1200,0.6,"{'alpha': 0.4, 'learning_rate': 0.01, 'loss': 'quantile', 'max_depth': 10, 'max_features': 0.75, 'min_samples_leaf': 20, 'n_estimators': 1200, 'subsample': 0.6}",-9.159223476280172,-9.946468987729595,-9.402273975206104,-9.841966561983009,-9.273991660271546,-9.524784932294086,0.3130376995960887,14,-13.72252284820699,-15.428868235452706,-14.45144957319394,-14.393019845310596,-14.065537326932995,-14.412279565819446,0.5712008857237555,9,-0.4044095439444277,-0.3620950650923403,-0.4335347432024169,-0.3618559807170834,-0.4421338155515371,-0.400805829701561,0.0340816225618754,21,-1.4320251116102407,-2.8888214083146053,-0.8243437375466763,-3.331268468657877,-0.8680257179589785,-1.868896888817676,1.0452241864023228,5,-9.55367953152433,-9.74557272358182,-9.893013619042756,-8.996256024873485,-9.506133264005827,-9.538931032605642,0.304586487661573,23,quantile_0.40,9.524784932294086,14.412279565819446,0.400805829701561,9.538931032605642,-1.868896888817676,0.4
322.9778795719147,0.6784070810398084,0.4382106304168701,0.0043195546549426,0.01,quantile,10,0.75,25,1200,0.6,"{'alpha': 0.4, 'learning_rate': 0.01, 'loss': 'quantile', 'max_depth': 10, 'max_features': 0.75, 'min_samples_leaf': 25, 'n_estimators': 1200, 'subsample': 0.6}",-9.097853540943117,-9.974539637301524,-9.333708061416289,-9.739885837434636,-9.278365318646436,-9.4848704791484,0.3225167548251095,4,-13.66358596273336,-15.474527888037647,-14.377987184259297,-14.346862639592956,-14.102770756179066,-14.393146886160466,0.5980525657695555,4,-0.4113560857746904,-0.3611867998788979,-0.4380664652567976,-0.3645676408556794,-0.4370102471368294,-0.4024374477805789,0.033704556588556,32,-1.4959643638011026,-2.8999218524939385,-0.8033409873209596,-3.35148717033756,-0.8775748579538124,-1.8856578463814744,1.0504179345759803,10,-9.24003489923539,-9.793571895733216,-9.736384488019151,-8.76160957689884,-9.611663016751075,-9.428652775327537,0.3851962750731553,9,quantile_0.40,9.4848704791484,14.393146886160466,0.4024374477805789,9.428652775327537,-1.8856578463814744,0.4
316.0659630775452,0.7487761042097688,0.4546163558959961,0.0440949668425685,0.01,quantile,10,0.75,30,1200,0.6,"{'alpha': 0.4, 'learning_rate': 0.01, 'loss': 'quantile', 'max_depth': 10, 'max_features': 0.75, 'min_samples_leaf': 30, 'n_estimators': 1200, 'subsample': 0.6}",-9.102204073144383,-9.941157706905534,-9.3169855715765,-9.75615545192227,-9.238403429969336,-9.470981246703603,0.3213079344128224,2,-13.708644044181248,-15.474288186718194,-14.340679043800266,-14.37247470946746,-14.122430247966053,-14.403703246426645,0.5853752950552977,7,-0.4071277559649652,-0.3696639418710263,-0.4380664652567976,-0.3627598674299487,-0.4318866787221218,-0.4019009418489719,0.031002119150937,27,-1.4891017350755946,-2.890044941557409,-0.7700051313434311,-3.341820618966433,-0.8237315642744977,-1.8629407982434727,1.0636022089534312,4,-9.34977071266534,-9.53719306467848,-9.75534664040395,-8.84102047781579,-9.7417589847786,-9.445017976068431,0.3366720577060387,13,quantile_0.40,9.470981246703603,14.403703246426645,0.4019009418489719,9.445017976068431,-1.8629407982434727,0.4
185.77516527175905,0.9278743410874384,0.2411652565002441,0.0123937504194149,0.015,quantile,8,0.75,15,800,0.6,"{'alpha': 0.4, 'learning_rate': 0.015, 'loss': 'quantile', 'max_depth': 8, 'max_features': 0.75, 'min_samples_leaf': 15, 'n_estimators': 800, 'subsample': 0.6}",-9.233226747395893,-10.134812990528156,-9.59198473962337,-9.992133589757756,-9.375334354428054,-9.665498484346646,0.3473916940055989,36,-13.7806165425484,-15.701476744306984,-14.698148927245578,-14.564432617876596,-14.208083152502232,-14.590551596895958,0.6401079554155729,36,-0.40169133192389,-0.3608840448077505,-0.4229607250755287,-0.3705935522747816,-0.4276672694394213,-0.3967593847042744,0.0269734034887996,4,-1.5042380205721622,-3.020443899602297,-1.0019164177242732,-3.356821655135432,-0.9633677487662768,-1.969357548360088,1.0192284492320578,33,-9.620557020493749,-9.856862880590656,-10.154687909102147,-8.952276549191666,-9.834709371947069,-9.683818746265056,0.4033822142585456,33,quantile_0.40,9.665498484346646,14.590551596895958,0.3967593847042744,9.683818746265056,-1.969357548360088,0.4
183.58257884979247,0.7581192180134758,0.2541323184967041,0.0285935721438173,0.015,quantile,8,0.75,20,800,0.6,"{'alpha': 0.4, 'learning_rate': 0.015, 'loss': 'quantile', 'max_depth': 8, 'max_features': 0.75, 'min_samples_leaf': 20, 'n_estimators': 800, 'subsample': 0.6}",-9.149838391394145,-10.059855798957791,-9.499108313523196,-9.89290867951364,-9.29806040282524,-9.579954317242803,0.3461923829284299,31,-13.728393683250651,-15.616567369161803,-14.660763220864046,-14.505489408871508,-14.155477025233656,-14.533338141476332,0.6294621301513093,32,-0.4077318030806403,-0.3681501665152891,-0.4283987915407855,-0.3630611630009039,-0.4376130198915009,-0.4009909888058239,0.0305122620695237,22,-1.457049315278257,-3.005396418921805,-0.9858426740575718,-3.373566347808964,-0.9360205426284776,-1.9515750597390151,1.033551586552771,27,-9.433638752229518,-9.58095367280381,-9.93614572166122,-8.97829759291611,-9.5541488485306,-9.496636917628251,0.3086192964182849,16,quantile_0.40,9.579954317242803,14.533338141476332,0.4009909888058239,9.496636917628251,-1.9515750597390151,0.4
181.316121339798,0.6369453714308131,0.2350554943084716,0.0016500518275353,0.015,quantile,8,0.75,25,800,0.6,"{'alpha': 0.4, 'learning_rate': 0.015, 'loss': 'quantile', 'max_depth': 8, 'max_features': 0.75, 'min_samples_leaf': 25, 'n_estimators': 800, 'subsample': 0.6}",-9.141475859848573,-10.04033822618266,-9.493223914673438,-9.88408713538241,-9.282172343829323,-9.56825949598328,0.3441586536693551,27,-13.76309837039166,-15.56784998161216,-14.632924726769948,-14.537747189959322,-14.187748614024446,-14.537873776551509,0.5987904878298408,34,-0.4080338266384778,-0.3654253708749621,-0.4293051359516616,-0.3672793009942753,-0.4421338155515371,-0.4024354900021828,0.0314165015281362,31,-1.4437151865070628,-3.0483081498943374,-0.9798176861089938,-3.432910928596824,-0.9286878928785216,-1.966687968797148,1.0625036119916718,32,-9.432748182617962,-9.566974043902372,-9.915332377392089,-8.782384671993997,-9.44678302939835,-9.428844461060953,0.3671505316756706,10,quantile_0.40,9.56825949598328,14.537873776551509,0.4024354900021828,9.428844461060953,-1.966687968797148,0.4
178.44222569465637,0.6325490831927139,0.2328110218048095,0.0027266161982793,0.015,quantile,8,0.75,30,800,0.6,"{'alpha': 0.4, 'learning_rate': 0.015, 'loss': 'quantile', 'max_depth': 8, 'max_features': 0.75, 'min_samples_leaf': 30, 'n_estimators': 800, 'subsample': 0.6}",-9.133482550294936,-10.044851844652063,-9.420207542482151,-9.858272696386274,-9.289105754208794,-9.549184077604844,0.345920727991352,21,-13.764997526615977,-15.644698853195369,-14.6085589161594,-14.561453980473877,-14.265311405138895,-14.569004136316703,0.6160189303576666,35,-0.4059196617336152,-0.3623978201634877,-0.4329305135951661,-0.3739078035552877,-0.4361060880048222,-0.4022523774104758,0.0299748939463163,29,-1.526473108101244,-2.9513612996290326,-0.9517584097711348,-3.3963078051143816,-0.957391023880395,-1.956658329299238,1.0252261148528674,30,-9.37009235978546,-9.78688357151674,-9.780379144896534,-8.641120658392994,-9.552394428206505,-9.426174032559649,0.4221275105200018,8,quantile_0.40,9.549184077604844,14.569004136316703,0.4022523774104758,9.426174032559649,-1.956658329299238,0.4
206.82436752319336,0.6242165312533103,0.2696842193603516,0.0025246924897897,0.015,quantile,9,0.75,15,800,0.6,"{'alpha': 0.4, 'learning_rate': 0.015, 'loss': 'quantile', 'max_depth': 9, 'max_features': 0.75, 'min_samples_leaf': 15, 'n_estimators': 800, 'subsample': 0.6}",-9.2266298199251,-10.018036992460052,-9.495533043555984,-9.943524917849048,-9.320708549586492,-9.600886664675336,0.3228258713328056,35,-13.745664977115656,-15.487181537259245,-14.544582658007416,-14.49443157536068,-14.136978615922969,-14.481767872733192,0.5789110135378758,22,-0.4025974025974026,-0.3587647593097184,-0.4253776435045317,-0.3666767098523651,-0.4367088607594936,-0.3980250752047023,0.0309502725340811,12,-1.4997142369924188,-2.9469368910224767,-0.9216663397837248,-3.32941440442726,-0.8521989704659436,-1.9099861685383648,1.0348000981666872,16,-9.59633064331962,-9.854786343902244,-10.077947013311856,-9.01899457438246,-9.6958298079786,-9.648777676578955,0.3544621956664127,31,quantile_0.40,9.600886664675336,14.481767872733192,0.3980250752047023,9.648777676578955,-1.9099861685383648,0.4
202.3435950279236,1.163671128608216,0.274661111831665,0.0132364823165781,0.015,quantile,9,0.75,20,800,0.6,"{'alpha': 0.4, 'learning_rate': 0.015, 'loss': 'quantile', 'max_depth': 9, 'max_features': 0.75, 'min_samples_leaf': 20, 'n_estimators': 800, 'subsample': 0.6}",-9.193607844558109,-9.995880687701543,-9.511308495463926,-9.829453632600938,-9.314406055853572,-9.568931343235615,0.3030276717257983,28,-13.713540655433851,-15.50911100611305,-14.58531266882918,-14.38179225709288,-14.126905497673247,-14.463332417028443,0.5984231938555572,21,-0.4028994261552401,-0.3645171056615198,-0.4256797583081571,-0.3727026212714673,-0.4397227245328511,-0.4011043271858471,0.0291336111271003,23,-1.524942324687541,-2.9336715293132585,-0.9430496268642318,-3.338090241427194,-0.908483347906914,-1.929647414039828,1.017026359052512,22,-9.51684840190834,-9.687075103885595,-10.064207542606454,-8.70850246374521,-9.558208205951685,-9.506968343619455,0.4434466981156147,18,quantile_0.40,9.568931343235615,14.463332417028443,0.4011043271858471,9.506968343619455,-1.929647414039828,0.4
198.5381988048553,0.8037565768671813,0.2750809669494629,0.020900206373907,0.015,quantile,9,0.75,25,800,0.6,"{'alpha': 0.4, 'learning_rate': 0.015, 'loss': 'quantile', 'max_depth': 9, 'max_features': 0.75, 'min_samples_leaf': 25, 'n_estimators': 800, 'subsample': 0.6}",-9.185664319685417,-9.987527311660171,-9.42265108248266,-9.840501507837484,-9.25467646948925,-9.538204138230997,0.3197811079931167,17,-13.779846827239238,-15.552642155645726,-14.509152428409529,-14.458126415043738,-14.125033939353584,-14.484960353138362,0.5946396986227594,24,-0.4047115675022651,-0.3693611867998789,-0.4353474320241692,-0.3711961434166917,-0.4349005424954792,-0.4031033744476968,0.0290170020818175,33,-1.5160419651916994,-2.9213016390602955,-0.8503946813645145,-3.400532885915939,-0.8788848487843769,-1.9134312040633648,1.0569319034728168,19,-9.475417767062943,-9.565468605162868,-9.845304888168306,-8.674616824739289,-9.629548370581691,-9.438071291143022,0.4007468606617979,12,quantile_0.40,9.538204138230997,14.484960353138362,0.4031033744476968,9.438071291143022,-1.9134312040633648,0.4
195.60947399139403,1.2487963494901475,0.2671624660491943,0.0044562696258572,0.015,quantile,9,0.75,30,800,0.6,"{'alpha': 0.4, 'learning_rate': 0.015, 'loss': 'quantile', 'max_depth': 9, 'max_features': 0.75, 'min_samples_leaf': 30, 'n_estimators': 800, 'subsample': 0.6}",-9.17899859354721,-9.98249076627637,-9.409876730662154,-9.823606501806724,-9.229947911623952,-9.524984100783282,0.322021650871762,15,-13.781139525451245,-15.499270566150203,-14.518741700669064,-14.473523031566929,-14.138710021885595,-14.482276969144609,0.5736399997588016,23,-0.4019933554817276,-0.3669391462306993,-0.4350453172205438,-0.3736065079843326,-0.4342977697408077,-0.4023764193316221,0.0288786577350685,30,-1.544165549474618,-2.9390459635752237,-0.9326646956586336,-3.380269081530148,-0.8560571174399928,-1.9304404815357237,1.0409949512681642,23,-9.496217959776242,-9.597565257145993,-9.74290688745196,-8.623160039474982,-9.640725071166685,-9.420115043003172,0.4062710596284886,7,quantile_0.40,9.524984100783282,14.482276969144609,0.4023764193316221,9.420115043003172,-1.9304404815357237,0.4
226.0020025730133,1.0475416803486748,0.2918141841888427,0.011853091275851,0.015,quantile,10,0.75,15,800,0.6,"{'alpha': 0.4, 'learning_rate': 0.015, 'loss': 'quantile', 'max_depth': 10, 'max_features': 0.75, 'min_samples_leaf': 15, 'n_estimators': 800, 'subsample': 0.6}",-9.238630519948757,-10.000028518007507,-9.493836325100022,-9.92680354241288,-9.33553017727258,-9.598965816548349,0.3093932568722462,33,-13.7221075331304,-15.460033069567949,-14.446152632041375,-14.414982161907544,-14.08342452668117,-14.425339984665689,0.5800986626477819,10,-0.4032014497130776,-0.3623978201634877,-0.4238670694864048,-0.3612533895751732,-0.4336949969861362,-0.396882945184856,0.0302717118851828,6,-1.4330671501315326,-2.8245370296843078,-0.8186793846937717,-3.354568167732772,-0.9210122856287606,-1.8703728035742289,1.030712949783891,6,-9.679483264968098,-9.90002021133314,-10.233346212667389,-9.096434198733643,-9.700962600581724,-9.7220492976568,0.3706073257093439,35,quantile_0.40,9.598965816548349,14.425339984665689,0.396882945184856,9.7220492976568,-1.8703728035742289,0.4
220.36969933509823,0.7716916059299831,0.2758733749389648,0.021403956252955,0.015,quantile,10,0.75,20,800,0.6,"{'alpha': 0.4, 'learning_rate': 0.015, 'loss': 'quantile', 'max_depth': 10, 'max_features': 0.75, 'min_samples_leaf': 20, 'n_estimators': 800, 'subsample': 0.6}",-9.166215156946748,-10.009898420598333,-9.384550396391088,-9.850745388064077,-9.343727270789936,-9.551027326558035,0.3222303165808245,23,-13.724223168221032,-15.49307274788963,-14.41366189982775,-14.422871194254707,-14.183757328440851,-14.447517267726797,0.5809756512838875,15,-0.4041075203865901,-0.3711777172267635,-0.4314199395770393,-0.3745103946971979,-0.4267631103074141,-0.401595736439001,0.0252509821152252,24,-1.4539936286589663,-2.9071570335126387,-0.83518577092476,-3.337751903878506,-0.8915328306108514,-1.8851242335171443,1.0421272899767706,9,-9.542289043408388,-9.567844535703118,-9.908402279514547,-8.695344076432788,-9.902676960633547,-9.523311379138478,0.4427383999835642,21,quantile_0.40,9.551027326558035,14.447517267726797,0.401595736439001,9.523311379138478,-1.8851242335171443,0.4
207.1039659023285,6.305522122128211,0.2442061424255371,0.0332533605129679,0.015,quantile,10,0.75,25,800,0.6,"{'alpha': 0.4, 'learning_rate': 0.015, 'loss': 'quantile', 'max_depth': 10, 'max_features': 0.75, 'min_samples_leaf': 25, 'n_estimators': 800, 'subsample': 0.6}",-9.1573576546731,-10.041200947178272,-9.303190628980987,-9.748014754583016,-9.292128093821646,-9.508378415847403,0.3326882111428699,11,-13.72098983796622,-15.549133746673506,-14.31968636859885,-14.32591387533439,-14.127115476337613,-14.408567860982114,0.6111630098740016,8,-0.3986710963455149,-0.373599757795943,-0.4365558912386706,-0.3763181681229286,-0.4312839059674502,-0.4032857638941015,0.0265352696214096,34,-1.5383934632543672,-2.9354022802690696,-0.8348788582494285,-3.3092819449269864,-0.867845256919077,-1.8971603607237857,1.0381405407952375,14,-9.55545092340433,-9.509908021394288,-9.699000678588742,-8.554905602581412,-9.766516580308428,-9.41715636125544,0.4410653940363558,6,quantile_0.40,9.508378415847403,14.408567860982114,0.4032857638941015,9.41715636125544,-1.8971603607237857,0.4
178.57396864891052,9.59192448623945,0.2057446956634521,0.014231815914098,0.015,quantile,10,0.75,30,800,0.6,"{'alpha': 0.4, 'learning_rate': 0.015, 'loss': 'quantile', 'max_depth': 10, 'max_features': 0.75, 'min_samples_leaf': 30, 'n_estimators': 800, 'subsample': 0.6}",-9.11287599257,-9.970871097482904,-9.316862482322788,-9.82566760921194,-9.263402538370634,-9.497935943991653,0.336790851080501,9,-13.722515420819745,-15.52621783110626,-14.384565180749624,-14.479762340376183,-14.152506480427876,-14.453113450695938,0.5968416995690508,18,-0.4080338266384778,-0.3781410838631547,-0.4377643504531722,-0.374811690268153,-0.431585292344786,-0.4060672487135487,0.0261401027357488,36,-1.50383820191691,-2.8457299943858367,-0.8039092879664159,-3.400796192861602,-0.8925099468502128,-1.889356724796196,1.0506781871454334,12,-9.3240281735205,-9.42127344416718,-9.72321431101435,-8.570799128161887,-9.69784274394719,-9.347431560162224,0.4178896864805432,1,quantile_0.40,9.497935943991653,14.453113450695938,0.4060672487135487,9.347431560162224,-1.889356724796196,0.4
229.42827310562132,0.7027883613667953,0.1806704044342041,0.0055170904617129,0.02,quantile,8,0.75,10,600,1.0,"{'alpha': 0.3, 'learning_rate': 0.02, 'loss': 'quantile', 'max_depth': 8, 'max_features': 0.75, 'min_samples_leaf': 10, 'n_estimators': 600, 'subsample': 1.0}",-10.29598840343662,-11.461854978863167,-10.51787184730814,-11.072961618230106,-10.04152958094029,-10.678041285755665,0.5190552530843721,15,-15.21725832440631,-17.325483577034706,-16.143841892147694,-16.31064220719329,-15.23755725545522,-16.046956651247445,0.7819302549145406,13,-0.3298097251585624,-0.3121404783530124,-0.356797583081571,-0.321181078638144,-0.3707052441229656,-0.3381268218708511,0.0220978427973515,1,-4.468861071107209,-5.67363264284297,-3.8804148560000673,-6.15837792206944,-3.823787515699697,-4.801014801543877,0.9504420094348762,13,-8.834074449332727,-9.271822684711308,-9.301432108903349,-7.650798915364564,-8.38636917580012,-8.688899466822413,0.617292284584635,10,quantile_0.30,10.678041285755665,16.046956651247445,0.3381268218708511,8.688899466822413,-4.801014801543877,0.3
227.7576813697815,0.5878943720746894,0.1827638626098632,0.0104010157226068,0.02,quantile,8,0.75,15,600,1.0,"{'alpha': 0.3, 'learning_rate': 0.02, 'loss': 'quantile', 'max_depth': 8, 'max_features': 0.75, 'min_samples_leaf': 15, 'n_estimators': 600, 'subsample': 1.0}",-10.187692506508348,-11.512377837985738,-10.45294130710104,-11.177020007393567,-10.076746792273513,-10.68135569025244,0.5652803400509038,16,-15.128321909010156,-17.40210451409747,-16.10698762967816,-16.38119038270798,-15.327377347521754,-16.069196356603108,0.8137509173363257,15,-0.3412866203563878,-0.3133514986376022,-0.3516616314199395,-0.3130460982223561,-0.3803496081977094,-0.339939091366799,0.0253076147339778,4,-4.46878877751981,-5.720449125298655,-3.920575894447332,-6.259440551465957,-3.877405573734325,-4.849331984493216,0.9694630677603496,14,-8.378447011805774,-9.241903641548522,-9.287856321255918,-7.854401450540779,-8.149530175559834,-8.582427720142164,0.581647430131451,8,quantile_0.30,10.68135569025244,16.069196356603108,0.339939091366799,8.582427720142164,-4.849331984493216,0.3
225.47698040008544,0.55777778100908,0.179095983505249,0.0014305982166058,0.02,quantile,8,0.75,20,600,1.0,"{'alpha': 0.3, 'learning_rate': 0.02, 'loss': 'quantile', 'max_depth': 8, 'max_features': 0.75, 'min_samples_leaf': 20, 'n_estimators': 600, 'subsample': 1.0}",-10.20250781052298,-11.437233479340824,-10.482591926521714,-11.17800476278282,-10.047103674647854,-10.669488330763238,0.545597893538544,14,-15.106107636778075,-17.257827858867604,-16.101525728900246,-16.450255728901322,-15.339214527910972,-16.050986296271642,0.7768978829541943,14,-0.3379643612201751,-0.3075991522858008,-0.3658610271903323,-0.3097318469418499,-0.373719107896323,-0.3389750991068962,0.0274613863555786,2,-4.4992616989752285,-5.736050362361801,-3.955938153837321,-6.348984145027224,-3.990010276469561,-4.906048927334227,0.9672928786624464,16,-8.437644269586512,-9.267228265443755,-8.919580506847787,-7.795486104246508,-8.1038047964337,-8.504748788511652,0.5332490907287033,4,quantile_0.30,10.669488330763238,16.050986296271642,0.3389750991068962,8.504748788511652,-4.906048927334227,0.3
224.76101174354557,1.0224968369367813,0.1807846069335937,0.00421504397711,0.02,quantile,8,0.75,25,600,1.0,"{'alpha': 0.3, 'learning_rate': 0.02, 'loss': 'quantile', 'max_depth': 8, 'max_features': 0.75, 'min_samples_leaf': 25, 'n_estimators': 600, 'subsample': 1.0}",-10.207039579103649,-11.433741433890098,-10.506324860627902,-11.118173166656518,-10.02214757025374,-10.657485322106384,0.5374405553418282,13,-15.123882302314955,-17.321221181877082,-16.180820390690176,-16.408066366801137,-15.34842055129575,-16.07648215859582,0.7883818846342926,16,-0.3403805496828753,-0.3163790493490766,-0.3558912386706949,-0.3184694184995481,-0.3746232670283303,-0.341148704646105,0.0222097480483063,5,-4.482380870632782,-5.744949534606704,-4.030312375968197,-6.2988241218472965,-3.9523798219259847,-4.901769344996192,0.9486178671610516,15,-8.409203630766209,-8.990468728867489,-9.098302769195088,-7.566423594948823,-8.101162264260456,-8.433112197607613,0.5683372786054331,1,quantile_0.30,10.657485322106384,16.07648215859582,0.341148704646105,8.433112197607613,-4.901769344996192,0.3
257.0660211086273,0.988590857378158,0.2051861763000488,0.0017819213802366,0.02,quantile,9,0.75,10,600,1.0,"{'alpha': 0.3, 'learning_rate': 0.02, 'loss': 'quantile', 'max_depth': 9, 'max_features': 0.75, 'min_samples_leaf': 10, 'n_estimators': 600, 'subsample': 1.0}",-10.178706179448923,-11.43101215358377,-10.50787520034588,-11.025206301739098,-9.998665554328053,-10.628293077889143,0.531969488722388,12,-15.033045253161385,-17.24869413817032,-16.07998763617686,-16.142867634873145,-15.182245724208618,-15.937368077318064,0.796260759180177,12,-0.3385684083358502,-0.3121404783530124,-0.3601208459214501,-0.312744802651401,-0.3728149487643158,-0.339277896805206,0.0244953478092582,3,-4.2700366738126645,-5.574358966910159,-3.7803491418845527,-6.048307435032914,-3.795280206297772,-4.693666484787612,0.9414223327626838,10,-8.72596107634329,-9.38143815498688,-9.34065069358515,-7.956805076395869,-8.319657471610538,-8.744902494584347,0.5589961021368773,13,quantile_0.30,10.628293077889143,15.937368077318064,0.339277896805206,8.744902494584347,-4.693666484787612,0.3
253.66689920425412,0.9677080201883846,0.2033763408660888,0.0017580828331016,0.02,quantile,9,0.75,15,600,1.0,"{'alpha': 0.3, 'learning_rate': 0.02, 'loss': 'quantile', 'max_depth': 9, 'max_features': 0.75, 'min_samples_leaf': 15, 'n_estimators': 600, 'subsample': 1.0}",-10.154437414188957,-11.309613001571892,-10.405530213730476,-11.060718590995664,-10.011651214941011,-10.5883900870856,0.5094383358614122,10,-15.004166639722092,-17.096971411381745,-15.94086690329816,-16.197457039612477,-15.210918669589946,-15.890076132720884,0.7482979924419197,9,-0.347327091513138,-0.311837723281865,-0.3622356495468278,-0.3175655317866827,-0.3815551537070524,-0.3441042299671132,0.0264088502448569,8,-4.233278009157408,-5.457840549588583,-3.695156674666444,-6.016425494114579,-3.6295019138455578,-4.606440528274514,0.96301995660231,9,-8.523895126112805,-9.382720586845084,-9.262442207798982,-7.9421294063322145,-8.363337828212764,-8.694905031060369,0.5479125887473465,11,quantile_0.30,10.5883900870856,15.890076132720884,0.3441042299671132,8.694905031060369,-4.606440528274514,0.3
251.3289704322815,1.1999406674062023,0.2035142421722412,0.0021296359171433,0.02,quantile,9,0.75,20,600,1.0,"{'alpha': 0.3, 'learning_rate': 0.02, 'loss': 'quantile', 'max_depth': 9, 'max_features': 0.75, 'min_samples_leaf': 20, 'n_estimators': 600, 'subsample': 1.0}",-10.158995213262608,-11.361793182774228,-10.34394553192585,-10.984496006259224,-9.98957128964419,-10.56776024477322,0.5206997879849491,8,-15.034519457823592,-17.18782742839496,-15.932127248628294,-16.15783143143908,-15.241510683378328,-15.91076324993285,0.7626393910248787,10,-0.3440048323769254,-0.3172873145625189,-0.3691842900302114,-0.3196746007833685,-0.3746232670283303,-0.3449548609562708,0.0239698426539155,9,-4.334006448185388,-5.545727963398036,-3.780421754046143,-6.111534595741346,-3.765299379164277,-4.707398028107038,0.955055258081002,11,-8.466434504464736,-9.165297433015056,-8.889224101792893,-7.621752554905203,-8.307374979473993,-8.490016714730377,0.5297484991404403,3,quantile_0.30,10.56776024477322,15.91076324993285,0.3449548609562708,8.490016714730377,-4.707398028107038,0.3
248.4670494556427,1.1895179710137262,0.201983642578125,0.0028027298125865,0.02,quantile,9,0.75,25,600,1.0,"{'alpha': 0.3, 'learning_rate': 0.02, 'loss': 'quantile', 'max_depth': 9, 'max_features': 0.75, 'min_samples_leaf': 25, 'n_estimators': 600, 'subsample': 1.0}",-10.098450471099724,-11.38098301900295,-10.316666296102255,-11.100537209339556,-10.002400690251678,-10.579807537159232,0.5563071361833654,9,-14.966528307463784,-17.225719983709237,-15.858591247194411,-16.28887111894707,-15.2706387349782,-15.92206987845854,0.7969314289405931,11,-0.3406825732407127,-0.3197093551316984,-0.3622356495468278,-0.312744802651401,-0.3776371308016877,-0.3426019022744656,0.0246258003176948,7,-4.29435525542723,-5.638292640224489,-3.762066824005672,-6.248268682984779,-3.747648963946893,-4.738126473317813,1.0219099423016038,12,-8.518333004916503,-8.98111094749302,-9.047424625788029,-7.757552619928464,-8.281431056615833,-8.51717045094837,0.4751850033501417,6,quantile_0.30,10.579807537159232,15.92206987845854,0.3426019022744656,8.51717045094837,-4.738126473317813,0.3
284.8596574783325,0.8613752685184263,0.2319631576538086,0.003526980024082,0.02,quantile,10,0.75,10,600,1.0,"{'alpha': 0.3, 'learning_rate': 0.02, 'loss': 'quantile', 'max_depth': 10, 'max_features': 0.75, 'min_samples_leaf': 10, 'n_estimators': 600, 'subsample': 1.0}",-10.17897960989209,-11.320689829593174,-10.409935990323286,-11.09488393649447,-10.08361628471502,-10.617621130203608,0.4985551239338668,11,-15.022723020404923,-17.0588453229394,-15.89533972495777,-16.14745335980968,-15.216971971884384,-15.868266679999232,0.7259868503038751,8,-0.3415886439142253,-0.3181955797759612,-0.3655589123867069,-0.3124435070804459,-0.3701024713682941,-0.3415778229051266,0.0235978218998649,6,-4.173167179721849,-5.380697787788304,-3.5762991800684483,-5.989494856655061,-3.6347365242089062,-4.550879105688514,0.9685044020684732,6,-8.791001306937961,-9.333869511932203,-9.34683381898492,-8.170099496618612,-8.71228951358277,-8.870818729611292,0.4389797647049516,16,quantile_0.30,10.617621130203608,15.868266679999232,0.3415778229051266,8.870818729611292,-4.550879105688514,0.3
278.88171153068544,0.9515218035910984,0.2290875911712646,0.0040329178607969,0.02,quantile,10,0.75,15,600,1.0,"{'alpha': 0.3, 'learning_rate': 0.02, 'loss': 'quantile', 'max_depth': 10, 'max_features': 0.75, 'min_samples_leaf': 15, 'n_estimators': 600, 'subsample': 1.0}",-10.069682104371006,-11.246788862110368,-10.409970374467605,-11.002061739400792,-10.04280115402858,-10.554260846875671,0.4893563132838052,7,-14.876936178850398,-16.99254837282406,-15.89379082208422,-16.071054462020037,-15.215788207681465,-15.810023608692036,0.7344776012591271,7,-0.3461189972817879,-0.3209203754162882,-0.3649546827794562,-0.3220849653510093,-0.3734177215189873,-0.3454993484695058,0.0214973896306646,10,-4.066123626868357,-5.4074674272196255,-3.634533991997993,-5.952064197542547,-3.525600627697678,-4.51715797426524,0.9815548726135498,5,-8.672679807596541,-9.097772971435909,-9.282572196181462,-7.839542488974517,-8.726421043731209,-8.723797701583926,0.4973155216379703,12,quantile_0.30,10.554260846875671,15.810023608692036,0.3454993484695058,8.723797701583926,-4.51715797426524,0.3
274.0598732471466,0.744427250378017,0.2280545234680175,0.0030385405375546,0.02,quantile,10,0.75,20,600,1.0,"{'alpha': 0.3, 'learning_rate': 0.02, 'loss': 'quantile', 'max_depth': 10, 'max_features': 0.75, 'min_samples_leaf': 20, 'n_estimators': 600, 'subsample': 1.0}",-10.024680450605729,-11.263697625651092,-10.311992918755347,-11.035907414997492,-9.9359368425253,-10.514443050506992,0.538299246625798,6,-14.840451320341892,-17.016890698355798,-15.805134966893386,-16.1547464795582,-15.073526905459522,-15.77815007412176,0.7813839176498586,5,-0.3491392328601631,-0.319406600060551,-0.375226586102719,-0.3205784874962338,-0.3842676311030741,-0.3497237075245482,0.0268797021489736,14,-4.090051413371923,-5.485485490853027,-3.646874735308135,-6.08224571692987,-3.600660848551576,-4.581063641002906,1.014546012975597,8,-8.498943227630246,-9.045229706747872,-8.881457804835055,-7.7261293119767105,-8.2433120580411,-8.479014421846196,0.4701806409528742,2,quantile_0.30,10.514443050506992,15.77815007412176,0.3497237075245482,8.479014421846196,-4.581063641002906,0.3
270.1304780006409,1.603187783180595,0.2391427993774414,0.024366818091693,0.02,quantile,10,0.75,25,600,1.0,"{'alpha': 0.3, 'learning_rate': 0.02, 'loss': 'quantile', 'max_depth': 10, 'max_features': 0.75, 'min_samples_leaf': 25, 'n_estimators': 600, 'subsample': 1.0}",-10.074755592960694,-11.250029231538688,-10.265570311181644,-10.993518980954988,-9.92426684996096,-10.501628193319394,0.5240897485029625,5,-14.911330949780304,-17.00533574662213,-15.802084759326595,-16.135147413312573,-15.144206151070112,-15.799621004022343,0.746318957534858,6,-0.3503473270915131,-0.316681804420224,-0.366465256797583,-0.3266043989153359,-0.3848704038577456,-0.3489938382164803,0.0250581918016962,12,-4.121200770444983,-5.453561682139225,-3.649702257081592,-6.109056407388967,-3.458595914452693,-4.558423406301492,1.042333296897165,7,-8.496646559202377,-9.151879692001158,-9.026596561859511,-7.47764358010407,-8.399802726709645,-8.510513823975353,0.5927835621498438,5,quantile_0.30,10.501628193319394,15.799621004022343,0.3489938382164803,8.510513823975353,-4.558423406301492,0.3
309.0694342136383,1.0117712360199491,0.2580669403076172,0.0048484774000705,0.02,quantile,11,0.75,10,600,1.0,"{'alpha': 0.3, 'learning_rate': 0.02, 'loss': 'quantile', 'max_depth': 11, 'max_features': 0.75, 'min_samples_leaf': 10, 'n_estimators': 600, 'subsample': 1.0}",-9.970133154430192,-11.16728968482816,-10.327319430911388,-11.006371126407345,-10.012671825866333,-10.496757044488684,0.49994016834301,4,-14.657097010191013,-16.80560143078132,-15.71428433901216,-16.025496315087107,-15.074382507868338,-15.655372320587986,0.748009647128582,2,-0.3548776804590758,-0.3178928247048138,-0.375226586102719,-0.3187707140705031,-0.3740204942736588,-0.3481576599221541,0.0254020647920578,11,-3.74001315603262,-5.183222017106569,-3.247476303455324,-5.842368054716257,-3.5757853702186315,-4.317772980305881,1.0102751289386689,2,-8.777841410508236,-9.412083574516382,-9.434090479822697,-8.099870602524915,-8.604991643770777,-8.8657755422286,0.5067120216283622,15,quantile_0.30,10.496757044488684,15.655372320587986,0.3481576599221541,8.8657755422286,-4.317772980305881,0.3
301.07034454345705,1.1339751302361896,0.2379241943359375,0.0198418838475761,0.02,quantile,11,0.75,15,600,1.0,"{'alpha': 0.3, 'learning_rate': 0.02, 'loss': 'quantile', 'max_depth': 11, 'max_features': 0.75, 'min_samples_leaf': 15, 'n_estimators': 600, 'subsample': 1.0}",-9.994438968648058,-11.218888497936728,-10.235285517153097,-10.947281970600422,-9.921482738260051,-10.46347553851967,0.5235531660183924,3,-14.759199667761786,-16.96953282451114,-15.63950488231992,-15.97716165811643,-15.028368789979922,-15.674753564537838,0.7778430010482905,3,-0.3500453035336756,-0.3197093551316984,-0.3731117824773414,-0.321181078638144,-0.3833634719710669,-0.3494821983503852,0.0260537544546307,13,-3.866350374888009,-5.2160471370428745,-3.2298914530335128,-5.755748579435884,-3.349692412987757,-4.283545991477608,1.019142916515176,1,-8.753279263994617,-9.387966389693371,-9.387795284306002,-8.081941522174057,-8.571226532725422,-8.836441798578694,0.5009382900762546,14,quantile_0.30,10.46347553851967,15.674753564537838,0.3494821983503852,8.836441798578694,-4.283545991477608,0.3
291.14758214950564,2.6600656573878205,0.2029535770416259,0.0265040120787867,0.02,quantile,11,0.75,20,600,1.0,"{'alpha': 0.3, 'learning_rate': 0.02, 'loss': 'quantile', 'max_depth': 11, 'max_features': 0.75, 'min_samples_leaf': 20, 'n_estimators': 600, 'subsample': 1.0}",-9.879610083953764,-11.208710683262176,-10.253024255638742,-10.968315291203057,-9.92884616558346,-10.44770129592824,0.5440609600237796,1,-14.57965218394694,-16.945089578469464,-15.633769049863108,-16.015561330068444,-15.0658156827345,-15.64797756501649,0.812163882316392,1,-0.3575958924796134,-0.3133514986376022,-0.3697885196374622,-0.3241940343476951,-0.3842676311030741,-0.3498395152410894,0.0269536096728762,15,-3.730610346639482,-5.394650702126028,-3.4194070443357654,-5.9498952147784,-3.40007881731049,-4.3789284250380325,1.0769189908244274,3,-8.597693467165369,-9.277217448160725,-9.23989908881244,-7.739840257273896,-8.495078455517534,-8.669945743385991,0.5647160196885079,9,quantile_0.30,10.44770129592824,15.64797756501649,0.3498395152410894,8.669945743385991,-4.3789284250380325,0.3
277.9174023151398,3.1469682347778427,0.1708676338195801,0.0127925412613524,0.02,quantile,11,0.75,25,600,1.0,"{'alpha': 0.3, 'learning_rate': 0.02, 'loss': 'quantile', 'max_depth': 11, 'max_features': 0.75, 'min_samples_leaf': 25, 'n_estimators': 600, 'subsample': 1.0}",-10.027639841595327,-11.1778742283927,-10.26546269342984,-10.917909273595711,-9.893547818161707,-10.456486771035056,0.5041052948103633,2,-14.824190002174095,-16.930475047010994,-15.696637146744305,-16.002109758215727,-15.107568235116556,-15.712196037852337,0.7379194112836623,4,-0.3545756569012383,-0.3224341507720254,-0.3764350453172205,-0.3263031033443808,-0.3884870403857746,-0.3536469993441279,0.0262903650349087,16,-3.908322891275144,-5.288398547673123,-3.420322069314053,-5.88938506503575,-3.480271822925696,-4.397340079244754,1.0054749745656222,4,-8.629070878411467,-9.13283482320036,-9.092060780827952,-7.705296328813722,-8.25416980302292,-8.562686522855284,0.5366588456939567,7,quantile_0.30,10.456486771035056,15.712196037852337,0.3536469993441279,8.562686522855284,-4.397340079244754,0.3
